<?xml version="1.0" ?>
<CommonRoadSolution benchmark_id="KS2:SM1:HRV_Pula-31_1_T-1:2020a" computation_time="1.682546380000531" date="2023-01-12T15:00:04">
  <ksTrajectory planningProblem="1">
    <ksState>
      <x>-728.42315</x>
      <y>-445.61521</y>
      <steeringAngle>0.0</steeringAngle>
      <velocity>0.0</velocity>
      <orientation>0.26113259</orientation>
      <time>0</time>
    </ksState>
    <ksState>
      <x>-728.384369646792</x>
      <y>-445.60539388408415</y>
      <steeringAngle>-0.03553333333333333</steeringAngle>
      <velocity>0.8</velocity>
      <orientation>0.26076505822175805</orientation>
      <time>1</time>
    </ksState>
    <ksState>
      <x>-728.2674510336049</x>
      <y>-445.57812978995264</y>
      <steeringAngle>-0.0710666666666667</steeringAngle>
      <velocity>1.6</velocity>
      <orientation>0.2581902116297724</orientation>
      <time>2</time>
    </ksState>
    <ksState>
      <x>-728.0714053350039</x>
      <y>-445.537335104177</y>
      <steeringAngle>-0.10660000000000003</steeringAngle>
      <velocity>2.4000000000000004</velocity>
      <orientation>0.25118950739293516</orientation>
      <time>3</time>
    </ksState>
    <ksState>
      <x>-727.7950429899989</x>
      <y>-445.4883739290025</y>
      <steeringAngle>-0.14213333333333342</steeringAngle>
      <velocity>3.2000000000000015</velocity>
      <orientation>0.237521866452115</orientation>
      <time>4</time>
    </ksState>
    <ksState>
      <x>-727.4370420243898</x>
      <y>-445.4388292193486</y>
      <steeringAngle>-0.17766666666666683</steeringAngle>
      <velocity>4.0000000000000036</velocity>
      <orientation>0.21491195057889487</orientation>
      <time>5</time>
    </ksState>
    <ksState>
      <x>-727.0765136908674</x>
      <y>-445.40514946976015</y>
      <steeringAngle>-0.21319999999999997</steeringAngle>
      <velocity>3.2</velocity>
      <orientation>0.18737040501546023</orientation>
      <time>6</time>
    </ksState>
    <ksState>
      <x>-726.7945084957851</x>
      <y>-445.39204338684215</y>
      <steeringAngle>-0.24873333333333342</steeringAngle>
      <velocity>2.4000000000000004</velocity>
      <orientation>0.16193217462881074</orientation>
      <time>7</time>
    </ksState>
    <ksState>
      <x>-726.5922852453959</x>
      <y>-445.39147225138913</y>
      <steeringAngle>-0.2842666666666668</steeringAngle>
      <velocity>1.600000000000001</velocity>
      <orientation>0.14085727483823104</orientation>
      <time>8</time>
    </ksState>
    <ksState>
      <x>-726.4706291045976</x>
      <y>-445.3957655936622</y>
      <steeringAngle>-0.3197999999999999</steeringAngle>
      <velocity>0.8000000000000007</velocity>
      <orientation>0.12645884753752662</orientation>
      <time>9</time>
    </ksState>
    <ksState>
      <x>-726.429997089091</x>
      <y>-445.39836658151955</y>
      <steeringAngle>-0.3553333333333332</steeringAngle>
      <velocity>5.551115123125783e-16</velocity>
      <orientation>0.1211172059017973</orientation>
      <time>10</time>
    </ksState>
    <ksState>
      <x>-726.429997089091</x>
      <y>-445.39836658151955</y>
      <steeringAngle>-0.3198</steeringAngle>
      <velocity>0.0</velocity>
      <orientation>0.1211172059017973</orientation>
      <time>11</time>
    </ksState>
    <ksState>
      <x>-726.429997089091</x>
      <y>-445.39836658151955</y>
      <steeringAngle>-0.2842666666666666</steeringAngle>
      <velocity>0.0</velocity>
      <orientation>0.1211172059017973</orientation>
      <time>12</time>
    </ksState>
    <ksState>
      <x>-726.429997089091</x>
      <y>-445.39836658151955</y>
      <steeringAngle>-0.24873333333333333</steeringAngle>
      <velocity>0.0</velocity>
      <orientation>0.1211172059017973</orientation>
      <time>13</time>
    </ksState>
    <ksState>
      <x>-726.429997089091</x>
      <y>-445.39836658151955</y>
      <steeringAngle>-0.21320000000000003</steeringAngle>
      <velocity>0.0</velocity>
      <orientation>0.1211172059017973</orientation>
      <time>14</time>
    </ksState>
    <ksState>
      <x>-726.429997089091</x>
      <y>-445.39836658151955</y>
      <steeringAngle>-0.1776666666666667</steeringAngle>
      <velocity>0.0</velocity>
      <orientation>0.1211172059017973</orientation>
      <time>15</time>
    </ksState>
    <ksState>
      <x>-726.3898744161515</x>
      <y>-445.3969836140625</y>
      <steeringAngle>-0.14213333333333333</steeringAngle>
      <velocity>0.8</velocity>
      <orientation>0.11870970869099481</orientation>
      <time>16</time>
    </ksState>
    <ksState>
      <x>-726.269735664161</x>
      <y>-445.3912187372787</y>
      <steeringAngle>-0.10660000000000001</steeringAngle>
      <velocity>1.6</velocity>
      <orientation>0.11298542207066013</orientation>
      <time>17</time>
    </ksState>
    <ksState>
      <x>-726.0698701579867</x>
      <y>-445.37903109276544</y>
      <steeringAngle>-0.07106666666666664</steeringAngle>
      <velocity>2.4000000000000004</velocity>
      <orientation>0.10616990830768146</orientation>
      <time>18</time>
    </ksState>
    <ksState>
      <x>-725.7905179239355</x>
      <y>-445.358310075702</y>
      <steeringAngle>-0.03553333333333332</steeringAngle>
      <velocity>3.1999999999999993</velocity>
      <orientation>0.1004689875947517</orientation>
      <time>19</time>
    </ksState>
    <ksState>
      <x>-725.431939018746</x>
      <y>-445.3261594361916</y>
      <steeringAngle>2.6020852139652106e-18</steeringAngle>
      <velocity>3.999999999999999</velocity>
      <orientation>0.09808023600642483</orientation>
      <time>20</time>
    </ksState>
    <ksState>
      <x>-725.07366918401</x>
      <y>-445.2909071344465</y>
      <steeringAngle>0.0</steeringAngle>
      <velocity>3.2</velocity>
      <orientation>0.09808023600642483</orientation>
      <time>21</time>
    </ksState>
    <ksState>
      <x>-724.7950148684329</x>
      <y>-445.263488677566</y>
      <steeringAngle>0.0</steeringAngle>
      <velocity>2.4000000000000004</velocity>
      <orientation>0.09808023600642483</orientation>
      <time>22</time>
    </ksState>
    <ksState>
      <x>-724.5959760719134</x>
      <y>-445.2439040655401</y>
      <steeringAngle>0.0</steeringAngle>
      <velocity>1.6</velocity>
      <orientation>0.09808023600642483</orientation>
      <time>23</time>
    </ksState>
    <ksState>
      <x>-724.4765527944108</x>
      <y>-445.23215329836484</y>
      <steeringAngle>0.0</steeringAngle>
      <velocity>0.7999999999999998</velocity>
      <orientation>0.09808023600642483</orientation>
      <time>24</time>
    </ksState>
    <ksState>
      <x>-724.4367450358727</x>
      <y>-445.228236376035</y>
      <steeringAngle>0.0</steeringAngle>
      <velocity>-3.3306690738754696e-16</velocity>
      <orientation>0.09808023600642483</orientation>
      <time>25</time>
    </ksState>
    <ksState>
      <x>-724.3969891519241</x>
      <y>-445.2237932219671</y>
      <steeringAngle>0.03553333333333333</steeringAngle>
      <velocity>0.8</velocity>
      <orientation>0.09844776778466681</orientation>
      <time>26</time>
    </ksState>
    <ksState>
      <x>-724.2779486564042</x>
      <y>-445.20821588699556</y>
      <steeringAngle>0.0710666666666667</steeringAngle>
      <velocity>1.6</velocity>
      <orientation>0.10102261437665246</orientation>
      <time>27</time>
    </ksState>
    <ksState>
      <x>-724.0800749447458</x>
      <y>-445.17748940717837</y>
      <steeringAngle>0.10660000000000003</steeringAngle>
      <velocity>2.4000000000000004</velocity>
      <orientation>0.10802331861348967</orientation>
      <time>28</time>
    </ksState>
    <ksState>
      <x>-723.804140063688</x>
      <y>-445.1261738751562</y>
      <steeringAngle>0.14213333333333342</steeringAngle>
      <velocity>3.2000000000000015</velocity>
      <orientation>0.12169095955430982</orientation>
      <time>29</time>
    </ksState>
    <ksState>
      <x>-723.4515721079113</x>
      <y>-445.0467056035558</y>
      <steeringAngle>0.17766666666666683</steeringAngle>
      <velocity>4.0000000000000036</velocity>
      <orientation>0.14430087542752998</orientation>
      <time>30</time>
    </ksState>
    <ksState>
      <x>-723.0620779658533</x>
      <y>-444.94889890411326</y>
      <steeringAngle>0.1421333333333333</steeringAngle>
      <velocity>4.0</velocity>
      <orientation>0.1693182817720533</orientation>
      <time>31</time>
    </ksState>
    <ksState>
      <x>-722.6734219822874</x>
      <y>-444.85034465396967</y>
      <steeringAngle>0.10659999999999999</steeringAngle>
      <velocity>4.0</velocity>
      <orientation>0.18871020806280386</orientation>
      <time>32</time>
    </ksState>
    <ksState>
      <x>-722.2849107632458</x>
      <y>-444.7531328560561</y>
      <steeringAngle>0.07106666666666664</steeringAngle>
      <velocity>4.0</velocity>
      <orientation>0.20252644779775678</orientation>
      <time>33</time>
    </ksState>
  </ksTrajectory>
</CommonRoadSolution>
