<?xml version="1.0" ?>
<CommonRoadSolution benchmark_id="KS2:SM1:DEU_Guetersloh-55_1_T-1:2020a" computation_time="0.7254936400004226" date="2023-01-12T15:00:04">
  <ksTrajectory planningProblem="1">
    <ksState>
      <x>-597.87006</x>
      <y>-729.73629</y>
      <steeringAngle>0.0</steeringAngle>
      <velocity>8.0</velocity>
      <orientation>1.9725512</orientation>
      <time>0</time>
    </ksState>
    <ksState>
      <x>-598.1593115997887</x>
      <y>-729.0334557161779</y>
      <steeringAngle>-0.03553333333333333</steeringAngle>
      <velocity>7.199999999999999</velocity>
      <orientation>1.9674061870175077</orientation>
      <time>1</time>
    </ksState>
    <ksState>
      <x>-598.3996973050157</x>
      <y>-728.3970742366115</y>
      <steeringAngle>-0.07106666666666664</steeringAngle>
      <velocity>6.400000000000001</velocity>
      <orientation>1.9534295148965446</orientation>
      <time>2</time>
    </ksState>
    <ksState>
      <x>-598.5910044858397</x>
      <y>-727.8276658397194</y>
      <steeringAngle>-0.10659999999999997</steeringAngle>
      <velocity>5.600000000000004</velocity>
      <orientation>1.9327977470306632</orientation>
      <time>3</time>
    </ksState>
    <ksState>
      <x>-598.7357578130933</x>
      <y>-727.3269797565404</y>
      <steeringAngle>-0.1421333333333333</steeringAngle>
      <velocity>4.800000000000003</velocity>
      <orientation>1.907681539522015</orientation>
      <time>4</time>
    </ksState>
    <ksState>
      <x>-598.8387061904826</x>
      <y>-726.8974520656355</y>
      <steeringAngle>-0.17766666666666653</steeringAngle>
      <velocity>4.000000000000006</velocity>
      <orientation>1.8802566429368652</orientation>
      <time>5</time>
    </ksState>
    <ksState>
      <x>-598.9062721145566</x>
      <y>-726.5417136073423</y>
      <steeringAngle>-0.21319999999999997</steeringAngle>
      <velocity>3.2</velocity>
      <orientation>1.8527150973734305</orientation>
      <time>6</time>
    </ksState>
    <ksState>
      <x>-598.9459430835442</x>
      <y>-726.2622052645645</y>
      <steeringAngle>-0.24873333333333342</steeringAngle>
      <velocity>2.4000000000000004</velocity>
      <orientation>1.8272768669867812</orientation>
      <time>7</time>
    </ksState>
    <ksState>
      <x>-598.9656030719441</x>
      <y>-726.0609391371366</y>
      <steeringAngle>-0.2842666666666668</steeringAngle>
      <velocity>1.600000000000001</velocity>
      <orientation>1.8062019671962015</orientation>
      <time>8</time>
    </ksState>
    <ksState>
      <x>-598.972814164852</x>
      <y>-725.9394210334613</y>
      <steeringAngle>-0.3197999999999999</steeringAngle>
      <velocity>0.8000000000000007</velocity>
      <orientation>1.791803539895497</orientation>
      <time>9</time>
    </ksState>
    <ksState>
      <x>-598.9740607634463</x>
      <y>-725.898724942569</y>
      <steeringAngle>-0.3553333333333332</steeringAngle>
      <velocity>5.551115123125783e-16</velocity>
      <orientation>1.7864618982597678</orientation>
      <time>10</time>
    </ksState>
    <ksState>
      <x>-598.9740607634463</x>
      <y>-725.898724942569</y>
      <steeringAngle>-0.3198</steeringAngle>
      <velocity>0.0</velocity>
      <orientation>1.7864618982597678</orientation>
      <time>11</time>
    </ksState>
    <ksState>
      <x>-598.9740607634463</x>
      <y>-725.898724942569</y>
      <steeringAngle>-0.2842666666666666</steeringAngle>
      <velocity>0.0</velocity>
      <orientation>1.7864618982597678</orientation>
      <time>12</time>
    </ksState>
    <ksState>
      <x>-598.9740607634463</x>
      <y>-725.898724942569</y>
      <steeringAngle>-0.24873333333333333</steeringAngle>
      <velocity>0.0</velocity>
      <orientation>1.7864618982597678</orientation>
      <time>13</time>
    </ksState>
    <ksState>
      <x>-598.9740607634463</x>
      <y>-725.898724942569</y>
      <steeringAngle>-0.21320000000000003</steeringAngle>
      <velocity>0.0</velocity>
      <orientation>1.7864618982597678</orientation>
      <time>14</time>
    </ksState>
    <ksState>
      <x>-598.9740607634463</x>
      <y>-725.898724942569</y>
      <steeringAngle>-0.1776666666666667</steeringAngle>
      <velocity>0.0</velocity>
      <orientation>1.7864618982597678</orientation>
      <time>15</time>
    </ksState>
    <ksState>
      <x>-598.9740607634463</x>
      <y>-725.898724942569</y>
      <steeringAngle>-0.14213333333333336</steeringAngle>
      <velocity>0.0</velocity>
      <orientation>1.7864618982597678</orientation>
      <time>16</time>
    </ksState>
    <ksState>
      <x>-598.9740607634463</x>
      <y>-725.898724942569</y>
      <steeringAngle>-0.10660000000000001</steeringAngle>
      <velocity>0.0</velocity>
      <orientation>1.7864618982597678</orientation>
      <time>17</time>
    </ksState>
    <ksState>
      <x>-598.9740607634463</x>
      <y>-725.898724942569</y>
      <steeringAngle>-0.07106666666666668</steeringAngle>
      <velocity>0.0</velocity>
      <orientation>1.7864618982597678</orientation>
      <time>18</time>
    </ksState>
    <ksState>
      <x>-598.9740607634463</x>
      <y>-725.898724942569</y>
      <steeringAngle>-0.03553333333333333</steeringAngle>
      <velocity>0.0</velocity>
      <orientation>1.7864618982597678</orientation>
      <time>19</time>
    </ksState>
    <ksState>
      <x>-598.9740607634463</x>
      <y>-725.898724942569</y>
      <steeringAngle>-0.0</steeringAngle>
      <velocity>0.0</velocity>
      <orientation>1.7864618982597678</orientation>
      <time>20</time>
    </ksState>
    <ksState>
      <x>-598.9740607634463</x>
      <y>-725.898724942569</y>
      <steeringAngle>0.0</steeringAngle>
      <velocity>0.0</velocity>
      <orientation>1.7864618982597678</orientation>
      <time>21</time>
    </ksState>
    <ksState>
      <x>-598.9740607634463</x>
      <y>-725.898724942569</y>
      <steeringAngle>0.0</steeringAngle>
      <velocity>0.0</velocity>
      <orientation>1.7864618982597678</orientation>
      <time>22</time>
    </ksState>
    <ksState>
      <x>-598.9740607634463</x>
      <y>-725.898724942569</y>
      <steeringAngle>0.0</steeringAngle>
      <velocity>0.0</velocity>
      <orientation>1.7864618982597678</orientation>
      <time>23</time>
    </ksState>
    <ksState>
      <x>-598.9740607634463</x>
      <y>-725.898724942569</y>
      <steeringAngle>0.0</steeringAngle>
      <velocity>0.0</velocity>
      <orientation>1.7864618982597678</orientation>
      <time>24</time>
    </ksState>
    <ksState>
      <x>-598.9740607634463</x>
      <y>-725.898724942569</y>
      <steeringAngle>0.0</steeringAngle>
      <velocity>0.0</velocity>
      <orientation>1.7864618982597678</orientation>
      <time>25</time>
    </ksState>
    <ksState>
      <x>-598.9740607634463</x>
      <y>-725.898724942569</y>
      <steeringAngle>0.0</steeringAngle>
      <velocity>0.0</velocity>
      <orientation>1.7864618982597678</orientation>
      <time>26</time>
    </ksState>
    <ksState>
      <x>-598.9740607634463</x>
      <y>-725.898724942569</y>
      <steeringAngle>0.0</steeringAngle>
      <velocity>0.0</velocity>
      <orientation>1.7864618982597678</orientation>
      <time>27</time>
    </ksState>
    <ksState>
      <x>-598.9740607634463</x>
      <y>-725.898724942569</y>
      <steeringAngle>0.0</steeringAngle>
      <velocity>0.0</velocity>
      <orientation>1.7864618982597678</orientation>
      <time>28</time>
    </ksState>
    <ksState>
      <x>-598.9740607634463</x>
      <y>-725.898724942569</y>
      <steeringAngle>0.0</steeringAngle>
      <velocity>0.0</velocity>
      <orientation>1.7864618982597678</orientation>
      <time>29</time>
    </ksState>
    <ksState>
      <x>-598.9740607634463</x>
      <y>-725.898724942569</y>
      <steeringAngle>0.0</steeringAngle>
      <velocity>0.0</velocity>
      <orientation>1.7864618982597678</orientation>
      <time>30</time>
    </ksState>
    <ksState>
      <x>-598.9740607634463</x>
      <y>-725.898724942569</y>
      <steeringAngle>0.0</steeringAngle>
      <velocity>0.0</velocity>
      <orientation>1.7864618982597678</orientation>
      <time>31</time>
    </ksState>
    <ksState>
      <x>-598.9740607634463</x>
      <y>-725.898724942569</y>
      <steeringAngle>0.0</steeringAngle>
      <velocity>0.0</velocity>
      <orientation>1.7864618982597678</orientation>
      <time>32</time>
    </ksState>
    <ksState>
      <x>-598.9740607634463</x>
      <y>-725.898724942569</y>
      <steeringAngle>0.0</steeringAngle>
      <velocity>0.0</velocity>
      <orientation>1.7864618982597678</orientation>
      <time>33</time>
    </ksState>
  </ksTrajectory>
</CommonRoadSolution>
