<?xml version="1.0" ?>
<CommonRoadSolution benchmark_id="KS2:SM1:DEU_Lohmar-20_1_T-1:2020a" computation_time="1.366690015000131" date="2023-01-12T15:00:04">
  <ksTrajectory planningProblem="123">
    <ksState>
      <x>-635.41588</x>
      <y>-51.114431</y>
      <steeringAngle>0.0</steeringAngle>
      <velocity>8.0</velocity>
      <orientation>1.5210058</orientation>
      <time>0</time>
    </ksState>
    <ksState>
      <x>-635.3667641367892</x>
      <y>-50.315909987657776</y>
      <steeringAngle>-0.03553333333333333</steeringAngle>
      <velocity>8.0</velocity>
      <orientation>1.515493264997161</orientation>
      <time>1</time>
    </ksState>
    <ksState>
      <x>-635.2931711388042</x>
      <y>-49.51898518274384</y>
      <steeringAngle>-0.07106666666666667</steeringAngle>
      <velocity>8.0</velocity>
      <orientation>1.4989417441168915</orientation>
      <time>2</time>
    </ksState>
    <ksState>
      <x>-635.186290708562</x>
      <y>-48.72524534107398</y>
      <steeringAngle>-0.10659999999999997</steeringAngle>
      <velocity>8.0</velocity>
      <orientation>1.4713092648261967</orientation>
      <time>3</time>
    </ksState>
    <ksState>
      <x>-635.0373728528768</x>
      <y>-47.93739696339475</y>
      <steeringAngle>-0.1421333333333333</steeringAngle>
      <velocity>8.0</velocity>
      <orientation>1.4325254125534617</orientation>
      <time>4</time>
    </ksState>
    <ksState>
      <x>-634.8378483295564</x>
      <y>-47.15956965516425</y>
      <steeringAngle>-0.17766666666666667</steeringAngle>
      <velocity>8.0</velocity>
      <orientation>1.382490600304307</orientation>
      <time>5</time>
    </ksState>
    <ksState>
      <x>-634.5936863139468</x>
      <y>-46.43529526621928</y>
      <steeringAngle>-0.21320000000000014</steeringAngle>
      <velocity>7.200000000000003</velocity>
      <orientation>1.3242412732328142</orientation>
      <time>6</time>
    </ksState>
    <ksState>
      <x>-634.323251586287</x>
      <y>-45.805393493268156</y>
      <steeringAngle>-0.24873333333333347</steeringAngle>
      <velocity>6.400000000000004</velocity>
      <orientation>1.2623241857470346</orientation>
      <time>7</time>
    </ksState>
    <ksState>
      <x>-634.0384608948575</x>
      <y>-45.269825898660436</y>
      <steeringAngle>-0.2842666666666668</steeringAngle>
      <velocity>5.600000000000001</velocity>
      <orientation>1.1989020429831136</orientation>
      <time>8</time>
    </ksState>
    <ksState>
      <x>-633.7526763342436</x>
      <y>-44.82649752019642</y>
      <steeringAngle>-0.3198</steeringAngle>
      <velocity>4.800000000000002</velocity>
      <orientation>1.136172943241161</orientation>
      <time>9</time>
    </ksState>
    <ksState>
      <x>-633.4797728586883</x>
      <y>-44.4711703556717</y>
      <steeringAngle>-0.3553333333333332</steeringAngle>
      <velocity>4.000000000000001</velocity>
      <orientation>1.076383109192946</orientation>
      <time>10</time>
    </ksState>
    <ksState>
      <x>-633.2048284253555</x>
      <y>-44.168217588049295</y>
      <steeringAngle>-0.39086666666666653</steeringAngle>
      <velocity>4.0</velocity>
      <orientation>1.015662742886959</orientation>
      <time>11</time>
    </ksState>
    <ksState>
      <x>-632.9034727850657</x>
      <y>-43.8885537498128</y>
      <steeringAngle>-0.42639999999999995</steeringAngle>
      <velocity>4.0</velocity>
      <orientation>0.9484931294305553</orientation>
      <time>12</time>
    </ksState>
    <ksState>
      <x>-632.5757070894647</x>
      <y>-43.63661110390328</y>
      <steeringAngle>-0.4619333333333333</steeringAngle>
      <velocity>4.0</velocity>
      <orientation>0.8746725457982113</orientation>
      <time>13</time>
    </ksState>
    <ksState>
      <x>-632.2222450800534</x>
      <y>-43.41729553500146</y>
      <steeringAngle>-0.49746666666666667</steeringAngle>
      <velocity>4.0</velocity>
      <orientation>0.7939720039849909</orientation>
      <time>14</time>
    </ksState>
    <ksState>
      <x>-631.844680602084</x>
      <y>-43.23594123944006</y>
      <steeringAngle>-0.533</steeringAngle>
      <velocity>4.0</velocity>
      <orientation>0.7061321373851823</orientation>
      <time>15</time>
    </ksState>
    <ksState>
      <x>-631.4456766631465</x>
      <y>-43.09822724723911</y>
      <steeringAngle>-0.5685333333333333</steeringAngle>
      <velocity>4.0</velocity>
      <orientation>0.6108594977359525</orientation>
      <time>16</time>
    </ksState>
    <ksState>
      <x>-631.0291732501043</x>
      <y>-43.01004375215128</y>
      <steeringAngle>-0.6040666666666665</steeringAngle>
      <velocity>4.0</velocity>
      <orientation>0.5078221445174897</orientation>
      <time>17</time>
    </ksState>
    <ksState>
      <x>-630.6006079203163</x>
      <y>-42.977294083140265</y>
      <steeringAngle>-0.6396</steeringAngle>
      <velocity>4.0</velocity>
      <orientation>0.3966443617419992</orientation>
      <time>18</time>
    </ksState>
    <ksState>
      <x>-630.1671387428684</x>
      <y>-43.00561538692754</y>
      <steeringAngle>-0.6751333333333333</steeringAngle>
      <velocity>4.0</velocity>
      <orientation>0.27690031286206873</orientation>
      <time>19</time>
    </ksState>
    <ksState>
      <x>-629.7378526264271</x>
      <y>-43.099999187354406</y>
      <steeringAngle>-0.7106666666666664</steeringAngle>
      <velocity>4.0</velocity>
      <orientation>0.14810637517775804</orientation>
      <time>20</time>
    </ksState>
    <ksState>
      <x>-629.3646453326584</x>
      <y>-43.23225803587583</y>
      <steeringAngle>-0.6751333333333334</steeringAngle>
      <velocity>3.1999999999999984</velocity>
      <orientation>0.03203663263454384</orientation>
      <time>21</time>
    </ksState>
    <ksState>
      <x>-629.0859308741212</x>
      <y>-43.35460645767463</y>
      <steeringAngle>-0.6395999999999997</steeringAngle>
      <velocity>2.3999999999999986</velocity>
      <orientation>-0.05193081168607533</orientation>
      <time>22</time>
    </ksState>
    <ksState>
      <x>-628.8929176107046</x>
      <y>-43.44963784126973</y>
      <steeringAngle>-0.6040666666666666</steeringAngle>
      <velocity>1.5999999999999988</velocity>
      <orientation>-0.10765875996354357</orientation>
      <time>23</time>
    </ksState>
    <ksState>
      <x>-628.7792609918521</x>
      <y>-43.5082345840262</y>
      <steeringAngle>-0.5685333333333333</steeringAngle>
      <velocity>0.7999999999999987</velocity>
      <orientation>-0.13870236173728956</orientation>
      <time>24</time>
    </ksState>
    <ksState>
      <x>-628.7416372936527</x>
      <y>-43.527551379762215</y>
      <steeringAngle>-0.5330000000000004</steeringAngle>
      <velocity>-1.2212453270876722e-15</velocity>
      <orientation>-0.14835614350762516</orientation>
      <time>25</time>
    </ksState>
    <ksState>
      <x>-628.7416372936527</x>
      <y>-43.527551379762215</y>
      <steeringAngle>-0.49746666666666667</steeringAngle>
      <velocity>0.0</velocity>
      <orientation>-0.14835614350762516</orientation>
      <time>26</time>
    </ksState>
    <ksState>
      <x>-628.7416372936527</x>
      <y>-43.527551379762215</y>
      <steeringAngle>-0.4619333333333333</steeringAngle>
      <velocity>0.0</velocity>
      <orientation>-0.14835614350762516</orientation>
      <time>27</time>
    </ksState>
    <ksState>
      <x>-628.7416372936527</x>
      <y>-43.527551379762215</y>
      <steeringAngle>-0.42639999999999995</steeringAngle>
      <velocity>0.0</velocity>
      <orientation>-0.14835614350762516</orientation>
      <time>28</time>
    </ksState>
    <ksState>
      <x>-628.7416372936527</x>
      <y>-43.527551379762215</y>
      <steeringAngle>-0.3908666666666666</steeringAngle>
      <velocity>0.0</velocity>
      <orientation>-0.14835614350762516</orientation>
      <time>29</time>
    </ksState>
    <ksState>
      <x>-628.7416372936527</x>
      <y>-43.527551379762215</y>
      <steeringAngle>-0.3553333333333333</steeringAngle>
      <velocity>0.0</velocity>
      <orientation>-0.14835614350762516</orientation>
      <time>30</time>
    </ksState>
    <ksState>
      <x>-628.7032362958577</x>
      <y>-43.54108426862146</y>
      <steeringAngle>-0.3198</steeringAngle>
      <velocity>0.8</velocity>
      <orientation>-0.15369778365839984</orientation>
      <time>31</time>
    </ksState>
    <ksState>
      <x>-628.5880718052251</x>
      <y>-43.580546162714136</y>
      <steeringAngle>-0.28426666666666656</steeringAngle>
      <velocity>1.6000000000000003</velocity>
      <orientation>-0.1680962113866729</orientation>
      <time>32</time>
    </ksState>
    <ksState>
      <x>-628.3965942120734</x>
      <y>-43.645636658807135</y>
      <steeringAngle>-0.24873333333333336</steeringAngle>
      <velocity>2.4000000000000012</velocity>
      <orientation>-0.189171122109738</orientation>
      <time>33</time>
    </ksState>
    <ksState>
      <x>-628.1295645433505</x>
      <y>-43.73732923582075</y>
      <steeringAngle>-0.2131999999999999</steeringAngle>
      <velocity>3.200000000000001</velocity>
      <orientation>-0.21460936002697767</orientation>
      <time>34</time>
    </ksState>
    <ksState>
      <x>-627.7878291142787</x>
      <y>-43.85714607304312</y>
      <steeringAngle>-0.17766666666666672</steeringAngle>
      <velocity>4.000000000000001</velocity>
      <orientation>-0.2421508943467973</orientation>
      <time>35</time>
    </ksState>
    <ksState>
      <x>-627.4474420548348</x>
      <y>-43.97870107294013</y>
      <steeringAngle>-0.1421333333333333</steeringAngle>
      <velocity>3.1999999999999993</velocity>
      <orientation>-0.2647608093202396</orientation>
      <time>36</time>
    </ksState>
    <ksState>
      <x>-627.1829486793299</x>
      <y>-44.07263551870787</y>
      <steeringAngle>-0.10659999999999997</steeringAngle>
      <velocity>2.3999999999999977</velocity>
      <orientation>-0.278428450190947</orientation>
      <time>37</time>
    </ksState>
    <ksState>
      <x>-626.9936286993143</x>
      <y>-44.13788808082479</y>
      <steeringAngle>-0.07106666666666664</steeringAngle>
      <velocity>1.5999999999999976</velocity>
      <orientation>-0.2854291560441661</orientation>
      <time>38</time>
    </ksState>
    <ksState>
      <x>-626.8795679967662</x>
      <y>-44.17535388022689</y>
      <steeringAngle>-0.0355333333333333</steeringAngle>
      <velocity>0.7999999999999972</velocity>
      <orientation>-0.28800400051813335</orientation>
      <time>39</time>
    </ksState>
    <ksState>
      <x>-626.8413665998013</x>
      <y>-44.18722519398241</y>
      <steeringAngle>2.5153490401663703e-17</steeringAngle>
      <velocity>-2.914335439641036e-15</velocity>
      <orientation>-0.28837151209666456</orientation>
      <time>40</time>
    </ksState>
    <ksState>
      <x>-626.8413665998013</x>
      <y>-44.18722519398241</y>
      <steeringAngle>0.0</steeringAngle>
      <velocity>0.0</velocity>
      <orientation>-0.28837151209666456</orientation>
      <time>41</time>
    </ksState>
    <ksState>
      <x>-626.8413665998013</x>
      <y>-44.18722519398241</y>
      <steeringAngle>0.0</steeringAngle>
      <velocity>0.0</velocity>
      <orientation>-0.28837151209666456</orientation>
      <time>42</time>
    </ksState>
    <ksState>
      <x>-626.8413665998013</x>
      <y>-44.18722519398241</y>
      <steeringAngle>0.0</steeringAngle>
      <velocity>0.0</velocity>
      <orientation>-0.28837151209666456</orientation>
      <time>43</time>
    </ksState>
    <ksState>
      <x>-626.8413665998013</x>
      <y>-44.18722519398241</y>
      <steeringAngle>0.0</steeringAngle>
      <velocity>0.0</velocity>
      <orientation>-0.28837151209666456</orientation>
      <time>44</time>
    </ksState>
    <ksState>
      <x>-626.8413665998013</x>
      <y>-44.18722519398241</y>
      <steeringAngle>0.0</steeringAngle>
      <velocity>0.0</velocity>
      <orientation>-0.28837151209666456</orientation>
      <time>45</time>
    </ksState>
    <ksState>
      <x>-626.8413665998013</x>
      <y>-44.18722519398241</y>
      <steeringAngle>0.0</steeringAngle>
      <velocity>0.0</velocity>
      <orientation>-0.28837151209666456</orientation>
      <time>46</time>
    </ksState>
    <ksState>
      <x>-626.8413665998013</x>
      <y>-44.18722519398241</y>
      <steeringAngle>0.0</steeringAngle>
      <velocity>0.0</velocity>
      <orientation>-0.28837151209666456</orientation>
      <time>47</time>
    </ksState>
    <ksState>
      <x>-626.8413665998013</x>
      <y>-44.18722519398241</y>
      <steeringAngle>0.0</steeringAngle>
      <velocity>0.0</velocity>
      <orientation>-0.28837151209666456</orientation>
      <time>48</time>
    </ksState>
    <ksState>
      <x>-626.8413665998013</x>
      <y>-44.18722519398241</y>
      <steeringAngle>0.0</steeringAngle>
      <velocity>0.0</velocity>
      <orientation>-0.28837151209666456</orientation>
      <time>49</time>
    </ksState>
    <ksState>
      <x>-626.8413665998013</x>
      <y>-44.18722519398241</y>
      <steeringAngle>0.0</steeringAngle>
      <velocity>0.0</velocity>
      <orientation>-0.28837151209666456</orientation>
      <time>50</time>
    </ksState>
    <ksState>
      <x>-626.8413665998013</x>
      <y>-44.18722519398241</y>
      <steeringAngle>0.0</steeringAngle>
      <velocity>0.0</velocity>
      <orientation>-0.28837151209666456</orientation>
      <time>51</time>
    </ksState>
    <ksState>
      <x>-626.8413665998013</x>
      <y>-44.18722519398241</y>
      <steeringAngle>0.0</steeringAngle>
      <velocity>0.0</velocity>
      <orientation>-0.28837151209666456</orientation>
      <time>52</time>
    </ksState>
    <ksState>
      <x>-626.8413665998013</x>
      <y>-44.18722519398241</y>
      <steeringAngle>0.0</steeringAngle>
      <velocity>0.0</velocity>
      <orientation>-0.28837151209666456</orientation>
      <time>53</time>
    </ksState>
    <ksState>
      <x>-626.8413665998013</x>
      <y>-44.18722519398241</y>
      <steeringAngle>0.0</steeringAngle>
      <velocity>0.0</velocity>
      <orientation>-0.28837151209666456</orientation>
      <time>54</time>
    </ksState>
    <ksState>
      <x>-626.8413665998013</x>
      <y>-44.18722519398241</y>
      <steeringAngle>0.0</steeringAngle>
      <velocity>0.0</velocity>
      <orientation>-0.28837151209666456</orientation>
      <time>55</time>
    </ksState>
    <ksState>
      <x>-626.8413665998013</x>
      <y>-44.18722519398241</y>
      <steeringAngle>0.0</steeringAngle>
      <velocity>0.0</velocity>
      <orientation>-0.28837151209666456</orientation>
      <time>56</time>
    </ksState>
    <ksState>
      <x>-626.8413665998013</x>
      <y>-44.18722519398241</y>
      <steeringAngle>0.0</steeringAngle>
      <velocity>0.0</velocity>
      <orientation>-0.28837151209666456</orientation>
      <time>57</time>
    </ksState>
    <ksState>
      <x>-626.8413665998013</x>
      <y>-44.18722519398241</y>
      <steeringAngle>0.0</steeringAngle>
      <velocity>0.0</velocity>
      <orientation>-0.28837151209666456</orientation>
      <time>58</time>
    </ksState>
    <ksState>
      <x>-626.8413665998013</x>
      <y>-44.18722519398241</y>
      <steeringAngle>0.0</steeringAngle>
      <velocity>0.0</velocity>
      <orientation>-0.28837151209666456</orientation>
      <time>59</time>
    </ksState>
    <ksState>
      <x>-626.8413665998013</x>
      <y>-44.18722519398241</y>
      <steeringAngle>0.0</steeringAngle>
      <velocity>0.0</velocity>
      <orientation>-0.28837151209666456</orientation>
      <time>60</time>
    </ksState>
    <ksState>
      <x>-626.8413665998013</x>
      <y>-44.18722519398241</y>
      <steeringAngle>0.0</steeringAngle>
      <velocity>0.0</velocity>
      <orientation>-0.28837151209666456</orientation>
      <time>61</time>
    </ksState>
    <ksState>
      <x>-626.8413665998013</x>
      <y>-44.18722519398241</y>
      <steeringAngle>0.0</steeringAngle>
      <velocity>0.0</velocity>
      <orientation>-0.28837151209666456</orientation>
      <time>62</time>
    </ksState>
    <ksState>
      <x>-626.8413665998013</x>
      <y>-44.18722519398241</y>
      <steeringAngle>0.0</steeringAngle>
      <velocity>0.0</velocity>
      <orientation>-0.28837151209666456</orientation>
      <time>63</time>
    </ksState>
    <ksState>
      <x>-626.8413665998013</x>
      <y>-44.18722519398241</y>
      <steeringAngle>0.0</steeringAngle>
      <velocity>0.0</velocity>
      <orientation>-0.28837151209666456</orientation>
      <time>64</time>
    </ksState>
    <ksState>
      <x>-626.8413665998013</x>
      <y>-44.18722519398241</y>
      <steeringAngle>0.0</steeringAngle>
      <velocity>0.0</velocity>
      <orientation>-0.28837151209666456</orientation>
      <time>65</time>
    </ksState>
    <ksState>
      <x>-626.8413665998013</x>
      <y>-44.18722519398241</y>
      <steeringAngle>0.0</steeringAngle>
      <velocity>0.0</velocity>
      <orientation>-0.28837151209666456</orientation>
      <time>66</time>
    </ksState>
    <ksState>
      <x>-626.8413665998013</x>
      <y>-44.18722519398241</y>
      <steeringAngle>0.0</steeringAngle>
      <velocity>0.0</velocity>
      <orientation>-0.28837151209666456</orientation>
      <time>67</time>
    </ksState>
    <ksState>
      <x>-626.8413665998013</x>
      <y>-44.18722519398241</y>
      <steeringAngle>0.0</steeringAngle>
      <velocity>0.0</velocity>
      <orientation>-0.28837151209666456</orientation>
      <time>68</time>
    </ksState>
    <ksState>
      <x>-626.8413665998013</x>
      <y>-44.18722519398241</y>
      <steeringAngle>0.0</steeringAngle>
      <velocity>0.0</velocity>
      <orientation>-0.28837151209666456</orientation>
      <time>69</time>
    </ksState>
    <ksState>
      <x>-626.8413665998013</x>
      <y>-44.18722519398241</y>
      <steeringAngle>0.0</steeringAngle>
      <velocity>0.0</velocity>
      <orientation>-0.28837151209666456</orientation>
      <time>70</time>
    </ksState>
    <ksState>
      <x>-626.8413665998013</x>
      <y>-44.18722519398241</y>
      <steeringAngle>0.0</steeringAngle>
      <velocity>0.0</velocity>
      <orientation>-0.28837151209666456</orientation>
      <time>71</time>
    </ksState>
    <ksState>
      <x>-626.8413665998013</x>
      <y>-44.18722519398241</y>
      <steeringAngle>0.0</steeringAngle>
      <velocity>0.0</velocity>
      <orientation>-0.28837151209666456</orientation>
      <time>72</time>
    </ksState>
    <ksState>
      <x>-626.8413665998013</x>
      <y>-44.18722519398241</y>
      <steeringAngle>0.0</steeringAngle>
      <velocity>0.0</velocity>
      <orientation>-0.28837151209666456</orientation>
      <time>73</time>
    </ksState>
    <ksState>
      <x>-626.8413665998013</x>
      <y>-44.18722519398241</y>
      <steeringAngle>0.0</steeringAngle>
      <velocity>0.0</velocity>
      <orientation>-0.28837151209666456</orientation>
      <time>74</time>
    </ksState>
    <ksState>
      <x>-626.8413665998013</x>
      <y>-44.18722519398241</y>
      <steeringAngle>0.0</steeringAngle>
      <velocity>0.0</velocity>
      <orientation>-0.28837151209666456</orientation>
      <time>75</time>
    </ksState>
    <ksState>
      <x>-626.8413665998013</x>
      <y>-44.18722519398241</y>
      <steeringAngle>0.0</steeringAngle>
      <velocity>0.0</velocity>
      <orientation>-0.28837151209666456</orientation>
      <time>76</time>
    </ksState>
    <ksState>
      <x>-626.8413665998013</x>
      <y>-44.18722519398241</y>
      <steeringAngle>0.0</steeringAngle>
      <velocity>0.0</velocity>
      <orientation>-0.28837151209666456</orientation>
      <time>77</time>
    </ksState>
    <ksState>
      <x>-626.8413665998013</x>
      <y>-44.18722519398241</y>
      <steeringAngle>0.0</steeringAngle>
      <velocity>0.0</velocity>
      <orientation>-0.28837151209666456</orientation>
      <time>78</time>
    </ksState>
    <ksState>
      <x>-626.8413665998013</x>
      <y>-44.18722519398241</y>
      <steeringAngle>0.0</steeringAngle>
      <velocity>0.0</velocity>
      <orientation>-0.28837151209666456</orientation>
      <time>79</time>
    </ksState>
    <ksState>
      <x>-626.8413665998013</x>
      <y>-44.18722519398241</y>
      <steeringAngle>0.0</steeringAngle>
      <velocity>0.0</velocity>
      <orientation>-0.28837151209666456</orientation>
      <time>80</time>
    </ksState>
    <ksState>
      <x>-626.8413665998013</x>
      <y>-44.18722519398241</y>
      <steeringAngle>0.03553333333333333</steeringAngle>
      <velocity>0.0</velocity>
      <orientation>-0.28837151209666456</orientation>
      <time>81</time>
    </ksState>
    <ksState>
      <x>-626.8413665998013</x>
      <y>-44.18722519398241</y>
      <steeringAngle>0.07106666666666667</steeringAngle>
      <velocity>0.0</velocity>
      <orientation>-0.28837151209666456</orientation>
      <time>82</time>
    </ksState>
    <ksState>
      <x>-626.8413665998013</x>
      <y>-44.18722519398241</y>
      <steeringAngle>0.10660000000000001</steeringAngle>
      <velocity>0.0</velocity>
      <orientation>-0.28837151209666456</orientation>
      <time>83</time>
    </ksState>
    <ksState>
      <x>-626.8413665998013</x>
      <y>-44.18722519398241</y>
      <steeringAngle>0.14213333333333336</steeringAngle>
      <velocity>0.0</velocity>
      <orientation>-0.28837151209666456</orientation>
      <time>84</time>
    </ksState>
    <ksState>
      <x>-626.8413665998013</x>
      <y>-44.18722519398241</y>
      <steeringAngle>0.1776666666666667</steeringAngle>
      <velocity>0.0</velocity>
      <orientation>-0.28837151209666456</orientation>
      <time>85</time>
    </ksState>
    <ksState>
      <x>-626.8017265067738</x>
      <y>-44.19422090304417</y>
      <steeringAngle>0.21319999999999997</steeringAngle>
      <velocity>0.8</velocity>
      <orientation>-0.2852052786155109</orientation>
      <time>86</time>
    </ksState>
    <ksState>
      <x>-626.6820585949796</x>
      <y>-44.212266277047455</y>
      <steeringAngle>0.24873333333333328</steeringAngle>
      <velocity>1.6000000000000005</velocity>
      <orientation>-0.27416468630511104</orientation>
      <time>87</time>
    </ksState>
    <ksState>
      <x>-626.481096222349</x>
      <y>-44.23519123281524</y>
      <steeringAngle>0.2842666666666665</steeringAngle>
      <velocity>2.400000000000001</velocity>
      <orientation>-0.25289236490415107</orientation>
      <time>88</time>
    </ksState>
    <ksState>
      <x>-626.1976051406181</x>
      <y>-44.25379555079837</y>
      <steeringAngle>0.31979999999999986</steeringAngle>
      <velocity>3.200000000000001</velocity>
      <orientation>-0.21896010862445497</orientation>
      <time>89</time>
    </ksState>
    <ksState>
      <x>-625.8309590240181</x>
      <y>-44.2549568517421</y>
      <steeringAngle>0.3553333333333332</steeringAngle>
      <velocity>4.0</velocity>
      <orientation>-0.16985354783647816</orientation>
      <time>90</time>
    </ksState>
    <ksState>
      <x>-625.3834267585928</x>
      <y>-44.23186216594403</y>
      <steeringAngle>0.31979999999999975</steeringAngle>
      <velocity>4.800000000000001</velocity>
      <orientation>-0.1100637128047296</orientation>
      <time>91</time>
    </ksState>
    <ksState>
      <x>-624.8580793996418</x>
      <y>-44.183442751088876</y>
      <steeringAngle>0.28426666666666645</steeringAngle>
      <velocity>5.600000000000004</velocity>
      <orientation>-0.04733461267340605</orientation>
      <time>92</time>
    </ksState>
    <ksState>
      <x>-624.256836915122</x>
      <y>-44.102165640348964</y>
      <steeringAngle>0.2487333333333331</steeringAngle>
      <velocity>6.400000000000004</velocity>
      <orientation>0.016087524019269828</orientation>
      <time>93</time>
    </ksState>
    <ksState>
      <x>-623.5818664474613</x>
      <y>-43.981653056749316</y>
      <steeringAngle>0.21319999999999992</steeringAngle>
      <velocity>7.200000000000004</velocity>
      <orientation>0.07800461269706882</orientation>
      <time>94</time>
    </ksState>
    <ksState>
      <x>-622.8352639925045</x>
      <y>-43.81733162478766</y>
      <steeringAngle>0.17766666666666656</steeringAngle>
      <velocity>8.000000000000004</velocity>
      <orientation>0.13625394229803406</orientation>
      <time>95</time>
    </ksState>
    <ksState>
      <x>-622.0572779582623</x>
      <y>-43.61788799845554</y>
      <steeringAngle>0.14213333333333336</steeringAngle>
      <velocity>8.0</velocity>
      <orientation>0.1862887538467825</orientation>
      <time>96</time>
    </ksState>
    <ksState>
      <x>-621.2856107039744</x>
      <y>-43.3997688608563</y>
      <steeringAngle>0.1066000000000001</steeringAngle>
      <velocity>8.0</velocity>
      <orientation>0.22507260585377983</orientation>
      <time>97</time>
    </ksState>
    <ksState>
      <x>-620.5178320169559</x>
      <y>-43.17156123160851</y>
      <steeringAngle>0.07106666666666674</steeringAngle>
      <velocity>8.0</velocity>
      <orientation>0.25270508488346677</orientation>
      <time>98</time>
    </ksState>
    <ksState>
      <x>-619.7511975211672</x>
      <y>-42.94167856850735</y>
      <steeringAngle>0.035533333333333354</steeringAngle>
      <velocity>8.0</velocity>
      <orientation>0.2692566055124961</orientation>
      <time>99</time>
    </ksState>
    <ksState>
      <x>-618.9829178732302</x>
      <y>-42.7184798053813</y>
      <steeringAngle>2.0816681711721685e-17</steeringAngle>
      <velocity>8.0</velocity>
      <orientation>0.2747691319709009</orientation>
      <time>100</time>
    </ksState>
  </ksTrajectory>
</CommonRoadSolution>
