<?xml version="1.0" ?>
<CommonRoadSolution benchmark_id="KS2:SM1:DEU_Guetersloh-40_5_T-1:2020a" computation_time="1.0211384710000857" date="2023-01-12T15:00:04">
  <ksTrajectory planningProblem="1">
    <ksState>
      <x>-641.24573</x>
      <y>523.82438</y>
      <steeringAngle>0.0</steeringAngle>
      <velocity>0.0</velocity>
      <orientation>-1.6841643</orientation>
      <time>0</time>
    </ksState>
    <ksState>
      <x>-641.2497296127254</x>
      <y>523.7845770475385</y>
      <steeringAngle>0.03553333333333333</steeringAngle>
      <velocity>0.8</velocity>
      <orientation>-1.683796768221758</orientation>
      <time>1</time>
    </ksState>
    <ksState>
      <x>-641.2594829680878</x>
      <y>523.6649185125416</y>
      <steeringAngle>0.0710666666666667</steeringAngle>
      <velocity>1.6</velocity>
      <orientation>-1.6812219216297724</orientation>
      <time>2</time>
    </ksState>
    <ksState>
      <x>-641.2709697863385</x>
      <y>523.4650030920909</y>
      <steeringAngle>0.10660000000000003</steeringAngle>
      <velocity>2.4000000000000004</velocity>
      <orientation>-1.6742212173929352</orientation>
      <time>3</time>
    </ksState>
    <ksState>
      <x>-641.2787092836194</x>
      <y>523.1844439314975</y>
      <steeringAngle>0.14213333333333342</steeringAngle>
      <velocity>3.2000000000000015</velocity>
      <orientation>-1.6605535764521149</orientation>
      <time>4</time>
    </ksState>
    <ksState>
      <x>-641.2750065081303</x>
      <y>522.8230498818987</y>
      <steeringAngle>0.17766666666666683</steeringAngle>
      <velocity>4.0000000000000036</velocity>
      <orientation>-1.6379436605788948</orientation>
      <time>5</time>
    </ksState>
    <ksState>
      <x>-641.2522762691389</x>
      <y>522.421350231537</y>
      <steeringAngle>0.21319999999999995</steeringAngle>
      <velocity>4.0</velocity>
      <orientation>-1.6072358779413947</orientation>
      <time>6</time>
    </ksState>
    <ksState>
      <x>-641.2078617489682</x>
      <y>522.0204977741881</y>
      <steeringAngle>0.24873333333333336</steeringAngle>
      <velocity>4.0</velocity>
      <orientation>-1.5707570368187005</orientation>
      <time>7</time>
    </ksState>
    <ksState>
      <x>-641.1393451300576</x>
      <y>521.6218913697475</y>
      <steeringAngle>0.2842666666666667</steeringAngle>
      <velocity>4.0</velocity>
      <orientation>-1.5284098029732525</orientation>
      <time>8</time>
    </ksState>
    <ksState>
      <x>-641.044345723272</x>
      <y>521.2273747209927</y>
      <steeringAngle>0.31980000000000003</steeringAngle>
      <velocity>4.0</velocity>
      <orientation>-1.4800791216061173</orientation>
      <time>9</time>
    </ksState>
    <ksState>
      <x>-640.920572478582</x>
      <y>520.8392923410976</y>
      <steeringAngle>0.35533333333333333</steeringAngle>
      <velocity>4.0</velocity>
      <orientation>-1.4256309204278388</orientation>
      <time>10</time>
    </ksState>
    <ksState>
      <x>-640.7599533381247</x>
      <y>520.4209384420748</y>
      <steeringAngle>0.31979999999999975</steeringAngle>
      <velocity>4.800000000000001</velocity>
      <orientation>-1.3658410853960903</orientation>
      <time>11</time>
    </ksState>
    <ksState>
      <x>-640.5511458856706</x>
      <y>519.9364451654535</y>
      <steeringAngle>0.28426666666666645</steeringAngle>
      <velocity>5.600000000000004</velocity>
      <orientation>-1.3031119852647666</orientation>
      <time>12</time>
    </ksState>
    <ksState>
      <x>-640.287582720173</x>
      <y>519.3899719714955</y>
      <steeringAngle>0.2487333333333331</steeringAngle>
      <velocity>6.400000000000004</velocity>
      <orientation>-1.2396898485720909</orientation>
      <time>13</time>
    </ksState>
    <ksState>
      <x>-639.9638713673069</x>
      <y>518.7855554139414</y>
      <steeringAngle>0.21319999999999992</steeringAngle>
      <velocity>7.200000000000004</velocity>
      <orientation>-1.1777727598942918</orientation>
      <time>14</time>
    </ksState>
    <ksState>
      <x>-639.5763129168715</x>
      <y>518.1266053352209</y>
      <steeringAngle>0.17766666666666656</steeringAngle>
      <velocity>8.000000000000004</velocity>
      <orientation>-1.1195234302933266</orientation>
      <time>15</time>
    </ksState>
    <ksState>
      <x>-639.1522716248356</x>
      <y>517.4906985315172</y>
      <steeringAngle>0.21320000000000014</steeringAngle>
      <velocity>7.200000000000003</velocity>
      <orientation>-1.0612741032218338</orientation>
      <time>16</time>
    </ksState>
    <ksState>
      <x>-638.7273926649206</x>
      <y>516.952749598148</y>
      <steeringAngle>0.24873333333333347</steeringAngle>
      <velocity>6.400000000000004</velocity>
      <orientation>-0.9993570157360544</orientation>
      <time>17</time>
    </ksState>
    <ksState>
      <x>-638.3131731306923</x>
      <y>516.509623697548</y>
      <steeringAngle>0.2842666666666668</steeringAngle>
      <velocity>5.600000000000001</velocity>
      <orientation>-0.9359348729721333</orientation>
      <time>18</time>
    </ksState>
    <ksState>
      <x>-637.9219711881437</x>
      <y>516.155824451671</y>
      <steeringAngle>0.3198</steeringAngle>
      <velocity>4.800000000000002</velocity>
      <orientation>-0.8732057732301806</orientation>
      <time>19</time>
    </ksState>
    <ksState>
      <x>-637.5660831557909</x>
      <y>515.8836527976598</y>
      <steeringAngle>0.3553333333333332</steeringAngle>
      <velocity>4.000000000000001</velocity>
      <orientation>-0.8134159391819659</orientation>
      <time>20</time>
    </ksState>
    <ksState>
      <x>-637.2218388878081</x>
      <y>515.662585602464</y>
      <steeringAngle>0.39086666666666653</steeringAngle>
      <velocity>4.0</velocity>
      <orientation>-0.7526955728759787</orientation>
      <time>21</time>
    </ksState>
    <ksState>
      <x>-636.8581452370033</x>
      <y>515.4708722416465</y>
      <steeringAngle>0.42639999999999995</steeringAngle>
      <velocity>4.0</velocity>
      <orientation>-0.6855259594195751</orientation>
      <time>22</time>
    </ksState>
    <ksState>
      <x>-636.4761554682635</x>
      <y>515.3127923105394</y>
      <steeringAngle>0.4619333333333333</steeringAngle>
      <velocity>4.0</velocity>
      <orientation>-0.611705375787231</orientation>
      <time>23</time>
    </ksState>
    <ksState>
      <x>-636.0778340560586</x>
      <y>515.1928975089886</y>
      <steeringAngle>0.49746666666666667</steeringAngle>
      <velocity>4.0</velocity>
      <orientation>-0.5310048339740108</orientation>
      <time>24</time>
    </ksState>
    <ksState>
      <x>-635.6661066614846</x>
      <y>515.1159243441836</y>
      <steeringAngle>0.533</steeringAngle>
      <velocity>4.0</velocity>
      <orientation>-0.4431649673742021</orientation>
      <time>25</time>
    </ksState>
    <ksState>
      <x>-635.2470408217769</x>
      <y>515.0811616818161</y>
      <steeringAngle>0.533</steeringAngle>
      <velocity>4.0</velocity>
      <orientation>-0.35166066881938224</orientation>
      <time>26</time>
    </ksState>
    <ksState>
      <x>-634.8265516597701</x>
      <y>515.0848372759048</y>
      <steeringAngle>0.533</steeringAngle>
      <velocity>4.0</velocity>
      <orientation>-0.26015637026456234</orientation>
      <time>27</time>
    </ksState>
    <ksState>
      <x>-634.408157517516</x>
      <y>515.1269203861431</y>
      <steeringAngle>0.533</steeringAngle>
      <velocity>4.0</velocity>
      <orientation>-0.1686520717097425</orientation>
      <time>28</time>
    </ksState>
    <ksState>
      <x>-633.9953591803966</x>
      <y>515.2070588950444</y>
      <steeringAngle>0.533</steeringAngle>
      <velocity>4.0</velocity>
      <orientation>-0.0771477731549226</orientation>
      <time>29</time>
    </ksState>
    <ksState>
      <x>-633.5916106123298</x>
      <y>515.3245822681334</y>
      <steeringAngle>0.533</steeringAngle>
      <velocity>4.0</velocity>
      <orientation>0.01435652539989718</orientation>
      <time>30</time>
    </ksState>
    <ksState>
      <x>-633.2392172749064</x>
      <y>515.4665175450949</y>
      <steeringAngle>0.5685333333333333</steeringAngle>
      <velocity>3.199999999999999</velocity>
      <orientation>0.09997537859675014</orientation>
      <time>31</time>
    </ksState>
    <ksState>
      <x>-632.9756967634161</x>
      <y>515.6057994731326</y>
      <steeringAngle>0.6040666666666664</steeringAngle>
      <velocity>2.3999999999999995</velocity>
      <orientation>0.17196912340996842</orientation>
      <time>32</time>
    </ksState>
    <ksState>
      <x>-632.7953097650902</x>
      <y>515.7227164518788</y>
      <steeringAngle>0.6395999999999996</steeringAngle>
      <velocity>1.5999999999999983</velocity>
      <orientation>0.22741895818598123</orientation>
      <time>33</time>
    </ksState>
  </ksTrajectory>
</CommonRoadSolution>
