<?xml version="1.0" ?>
<CommonRoadSolution benchmark_id="KS2:SM1:DEU_Backnang-4_1_T-1:2020a" computation_time="1.4610276200000953" date="2023-01-12T15:00:04">
  <ksTrajectory planningProblem="1">
    <ksState>
      <x>-260.53013</x>
      <y>-94.975411</y>
      <steeringAngle>0.0</steeringAngle>
      <velocity>8.0</velocity>
      <orientation>-2.6038324</orientation>
      <time>0</time>
    </ksState>
    <ksState>
      <x>-261.178433126574</x>
      <y>-95.37207909119275</y>
      <steeringAngle>0.03553333333333333</steeringAngle>
      <velocity>7.199999999999999</velocity>
      <orientation>-2.598687387017508</orientation>
      <time>1</time>
    </ksState>
    <ksState>
      <x>-261.7480690990472</x>
      <y>-95.74394134213671</y>
      <steeringAngle>0.07106666666666664</steeringAngle>
      <velocity>6.400000000000001</velocity>
      <orientation>-2.5847107148965445</orientation>
      <time>2</time>
    </ksState>
    <ksState>
      <x>-262.2385592096285</x>
      <y>-96.09070323639277</y>
      <steeringAngle>0.10659999999999997</steeringAngle>
      <velocity>5.600000000000004</velocity>
      <orientation>-2.564078947030663</orientation>
      <time>3</time>
    </ksState>
    <ksState>
      <x>-262.65090919414075</x>
      <y>-96.40946265964627</y>
      <steeringAngle>0.1421333333333333</steeringAngle>
      <velocity>4.800000000000003</velocity>
      <orientation>-2.538962739522015</orientation>
      <time>4</time>
    </ksState>
    <ksState>
      <x>-262.9875149860604</x>
      <y>-96.69545032809943</y>
      <steeringAngle>0.17766666666666653</steeringAngle>
      <velocity>4.000000000000006</velocity>
      <orientation>-2.511537842936865</orientation>
      <time>5</time>
    </ksState>
    <ksState>
      <x>-263.2520086191489</x>
      <y>-96.94275201200065</y>
      <steeringAngle>0.21319999999999997</steeringAngle>
      <velocity>3.2</velocity>
      <orientation>-2.48399629737343</orientation>
      <time>6</time>
    </ksState>
    <ksState>
      <x>-263.44899398222645</x>
      <y>-97.14497828674283</y>
      <steeringAngle>0.24873333333333342</steeringAngle>
      <velocity>2.4000000000000004</velocity>
      <orientation>-2.4585580669867806</orientation>
      <time>7</time>
    </ksState>
    <ksState>
      <x>-263.5836480873026</x>
      <y>-97.29585188012412</y>
      <steeringAngle>0.2842666666666668</steeringAngle>
      <velocity>1.600000000000001</velocity>
      <orientation>-2.437483167196201</orientation>
      <time>8</time>
    </ksState>
    <ksState>
      <x>-263.66118689690836</x>
      <y>-97.38969420739033</y>
      <steeringAngle>0.3197999999999999</steeringAngle>
      <velocity>0.8000000000000007</velocity>
      <orientation>-2.4230847398954967</orientation>
      <time>9</time>
    </ksState>
    <ksState>
      <x>-263.68621124043676</x>
      <y>-97.42181130646438</y>
      <steeringAngle>0.3553333333333332</steeringAngle>
      <velocity>5.551115123125783e-16</velocity>
      <orientation>-2.417743098259767</orientation>
      <time>10</time>
    </ksState>
    <ksState>
      <x>-263.68621124043676</x>
      <y>-97.42181130646438</y>
      <steeringAngle>0.3198</steeringAngle>
      <velocity>0.0</velocity>
      <orientation>-2.417743098259767</orientation>
      <time>11</time>
    </ksState>
    <ksState>
      <x>-263.68621124043676</x>
      <y>-97.42181130646438</y>
      <steeringAngle>0.2842666666666666</steeringAngle>
      <velocity>0.0</velocity>
      <orientation>-2.417743098259767</orientation>
      <time>12</time>
    </ksState>
    <ksState>
      <x>-263.68621124043676</x>
      <y>-97.42181130646438</y>
      <steeringAngle>0.24873333333333333</steeringAngle>
      <velocity>0.0</velocity>
      <orientation>-2.417743098259767</orientation>
      <time>13</time>
    </ksState>
    <ksState>
      <x>-263.68621124043676</x>
      <y>-97.42181130646438</y>
      <steeringAngle>0.21320000000000003</steeringAngle>
      <velocity>0.0</velocity>
      <orientation>-2.417743098259767</orientation>
      <time>14</time>
    </ksState>
    <ksState>
      <x>-263.68621124043676</x>
      <y>-97.42181130646438</y>
      <steeringAngle>0.1776666666666667</steeringAngle>
      <velocity>0.0</velocity>
      <orientation>-2.417743098259767</orientation>
      <time>15</time>
    </ksState>
    <ksState>
      <x>-263.7138773003002</x>
      <y>-97.4509030684328</y>
      <steeringAngle>0.14213333333333333</steeringAngle>
      <velocity>0.8</velocity>
      <orientation>-2.4153356010489646</orientation>
      <time>16</time>
    </ksState>
    <ksState>
      <x>-263.7979319691522</x>
      <y>-97.53693426148723</y>
      <steeringAngle>0.10660000000000001</steeringAngle>
      <velocity>1.6</velocity>
      <orientation>-2.40961131442863</orientation>
      <time>17</time>
    </ksState>
    <ksState>
      <x>-263.9397096639381</x>
      <y>-97.67833385306479</y>
      <steeringAngle>0.07106666666666664</steeringAngle>
      <velocity>2.4000000000000004</velocity>
      <orientation>-2.4027958006656513</orientation>
      <time>18</time>
    </ksState>
    <ksState>
      <x>-264.14062969059313</x>
      <y>-97.87352138880033</y>
      <steeringAngle>0.03553333333333332</steeringAngle>
      <velocity>3.1999999999999993</velocity>
      <orientation>-2.3970948799527214</orientation>
      <time>19</time>
    </ksState>
    <ksState>
      <x>-264.4026856822184</x>
      <y>-98.12037995584035</y>
      <steeringAngle>-2.6020852139652106e-18</steeringAngle>
      <velocity>3.999999999999999</velocity>
      <orientation>-2.394706128364395</orientation>
      <time>20</time>
    </ksState>
    <ksState>
      <x>-264.669353312946</x>
      <y>-98.36224530979386</y>
      <steeringAngle>-0.03553333333333333</steeringAngle>
      <velocity>3.2</velocity>
      <orientation>-2.3970948767441875</orientation>
      <time>21</time>
    </ksState>
    <ksState>
      <x>-264.88123105196036</x>
      <y>-98.54547177353179</y>
      <steeringAngle>-0.07106666666666668</steeringAngle>
      <velocity>2.4</velocity>
      <orientation>-2.402795791749984</orientation>
      <time>22</time>
    </ksState>
    <ksState>
      <x>-265.0360191010462</x>
      <y>-98.67249003180015</y>
      <steeringAngle>-0.10660000000000003</steeringAngle>
      <velocity>1.5999999999999994</velocity>
      <orientation>-2.4096113254947156</orientation>
      <time>23</time>
    </ksState>
    <ksState>
      <x>-265.1309250796757</x>
      <y>-98.74637422507949</y>
      <steeringAngle>-0.14213333333333342</steeringAngle>
      <velocity>0.7999999999999988</velocity>
      <orientation>-2.4153355869811954</orientation>
      <time>24</time>
    </ksState>
    <ksState>
      <x>-265.16313414120464</x>
      <y>-98.77033872287576</y>
      <steeringAngle>-0.17766666666666675</steeringAngle>
      <velocity>-1.5265566588595902e-15</velocity>
      <orientation>-2.4177430814557512</orientation>
      <time>25</time>
    </ksState>
    <ksState>
      <x>-265.16313414120464</x>
      <y>-98.77033872287576</y>
      <steeringAngle>-0.14213333333333336</steeringAngle>
      <velocity>0.0</velocity>
      <orientation>-2.4177430814557512</orientation>
      <time>26</time>
    </ksState>
    <ksState>
      <x>-265.16313414120464</x>
      <y>-98.77033872287576</y>
      <steeringAngle>-0.10660000000000001</steeringAngle>
      <velocity>0.0</velocity>
      <orientation>-2.4177430814557512</orientation>
      <time>27</time>
    </ksState>
    <ksState>
      <x>-265.16313414120464</x>
      <y>-98.77033872287576</y>
      <steeringAngle>-0.07106666666666668</steeringAngle>
      <velocity>0.0</velocity>
      <orientation>-2.4177430814557512</orientation>
      <time>28</time>
    </ksState>
    <ksState>
      <x>-265.16313414120464</x>
      <y>-98.77033872287576</y>
      <steeringAngle>-0.03553333333333333</steeringAngle>
      <velocity>0.0</velocity>
      <orientation>-2.4177430814557512</orientation>
      <time>29</time>
    </ksState>
    <ksState>
      <x>-265.16313414120464</x>
      <y>-98.77033872287576</y>
      <steeringAngle>-0.0</steeringAngle>
      <velocity>0.0</velocity>
      <orientation>-2.4177430814557512</orientation>
      <time>30</time>
    </ksState>
    <ksState>
      <x>-265.16313414120464</x>
      <y>-98.77033872287576</y>
      <steeringAngle>0.0</steeringAngle>
      <velocity>0.0</velocity>
      <orientation>-2.4177430814557512</orientation>
      <time>31</time>
    </ksState>
    <ksState>
      <x>-265.16313414120464</x>
      <y>-98.77033872287576</y>
      <steeringAngle>0.0</steeringAngle>
      <velocity>0.0</velocity>
      <orientation>-2.4177430814557512</orientation>
      <time>32</time>
    </ksState>
    <ksState>
      <x>-265.16313414120464</x>
      <y>-98.77033872287576</y>
      <steeringAngle>0.0</steeringAngle>
      <velocity>0.0</velocity>
      <orientation>-2.4177430814557512</orientation>
      <time>33</time>
    </ksState>
  </ksTrajectory>
</CommonRoadSolution>
