<?xml version="1.0" ?>
<CommonRoadSolution benchmark_id="KS2:SM1:FRA_Miramas-1_1_T-1:2020a" computation_time="0.7332026039994162" date="2023-01-12T15:00:04">
  <ksTrajectory planningProblem="1">
    <ksState>
      <x>216.2105</x>
      <y>252.65811</y>
      <steeringAngle>0.0</steeringAngle>
      <velocity>12.0</velocity>
      <orientation>2.3429747</orientation>
      <time>0</time>
    </ksState>
    <ksState>
      <x>215.40117094318106</x>
      <y>253.48912532877262</y>
      <steeringAngle>0.0</steeringAngle>
      <velocity>11.200000000000001</velocity>
      <orientation>2.3429747</orientation>
      <time>1</time>
    </ksState>
    <ksState>
      <x>214.64765768372223</x>
      <y>254.26282925521375</y>
      <steeringAngle>0.0</steeringAngle>
      <velocity>10.4</velocity>
      <orientation>2.3429747</orientation>
      <time>2</time>
    </ksState>
    <ksState>
      <x>213.94996022140745</x>
      <y>254.97922177954524</y>
      <steeringAngle>0.0</steeringAngle>
      <velocity>9.599999999999998</velocity>
      <orientation>2.3429747</orientation>
      <time>3</time>
    </ksState>
    <ksState>
      <x>213.3080785561753</x>
      <y>255.63830290183012</y>
      <steeringAngle>0.0</steeringAngle>
      <velocity>8.799999999999999</velocity>
      <orientation>2.3429747</orientation>
      <time>4</time>
    </ksState>
    <ksState>
      <x>212.72201268800572</x>
      <y>256.2400726220891</y>
      <steeringAngle>0.0</steeringAngle>
      <velocity>7.999999999999997</velocity>
      <orientation>2.3429747</orientation>
      <time>5</time>
    </ksState>
    <ksState>
      <x>212.17054303226422</x>
      <y>256.81966678524753</y>
      <steeringAngle>-0.03553333333333333</steeringAngle>
      <velocity>8.0</velocity>
      <orientation>2.337462164997161</orientation>
      <time>6</time>
    </ksState>
    <ksState>
      <x>211.63690613068908</x>
      <y>257.41610348039364</y>
      <steeringAngle>-0.07106666666666667</steeringAngle>
      <velocity>8.0</velocity>
      <orientation>2.320910644116892</orientation>
      <time>7</time>
    </ksState>
    <ksState>
      <x>211.12826360452658</x>
      <y>258.0347545477991</y>
      <steeringAngle>-0.10659999999999997</steeringAngle>
      <velocity>8.0</velocity>
      <orientation>2.2932781648261966</orientation>
      <time>8</time>
    </ksState>
    <ksState>
      <x>210.65255475538657</x>
      <y>258.6801867168173</y>
      <steeringAngle>-0.1421333333333333</steeringAngle>
      <velocity>8.0</velocity>
      <orientation>2.254494312553462</orientation>
      <time>9</time>
    </ksState>
    <ksState>
      <x>210.21863823976503</x>
      <y>259.3558654972346</y>
      <steeringAngle>-0.17766666666666667</steeringAngle>
      <velocity>8.0</velocity>
      <orientation>2.2044595003043073</orientation>
      <time>10</time>
    </ksState>
    <ksState>
      <x>209.84687199872909</x>
      <y>260.0228898644751</y>
      <steeringAngle>-0.17766666666666667</steeringAngle>
      <velocity>7.2</velocity>
      <orientation>2.15154357285993</orientation>
      <time>11</time>
    </ksState>
    <ksState>
      <x>209.54455603682325</x>
      <y>260.63563382907034</y>
      <steeringAngle>-0.17766666666666667</steeringAngle>
      <velocity>6.4</velocity>
      <orientation>2.1041977430671186</orientation>
      <time>12</time>
    </ksState>
    <ksState>
      <x>209.30215053657324</x>
      <y>261.1876476204445</y>
      <steeringAngle>-0.17766666666666667</steeringAngle>
      <velocity>5.599999999999999</velocity>
      <orientation>2.062422010911934</orientation>
      <time>13</time>
    </ksState>
    <ksState>
      <x>209.11087088926715</x>
      <y>261.67389404854595</y>
      <steeringAngle>-0.17766666666666667</steeringAngle>
      <velocity>4.799999999999999</velocity>
      <orientation>2.0262163763904195</orientation>
      <time>14</time>
    </ksState>
    <ksState>
      <x>208.9628549480143</x>
      <y>262.09051822647</y>
      <steeringAngle>-0.17766666666666667</steeringAngle>
      <velocity>4.0</velocity>
      <orientation>1.9955808395010894</orientation>
      <time>15</time>
    </ksState>
    <ksState>
      <x>208.82301485151623</x>
      <y>262.50953217322086</y>
      <steeringAngle>-0.14213333333333333</steeringAngle>
      <velocity>4.8000000000000025</velocity>
      <orientation>1.968155939782737</orientation>
      <time>16</time>
    </ksState>
    <ksState>
      <x>208.66123615520894</x>
      <y>263.00502460483176</y>
      <steeringAngle>-0.10660000000000003</steeringAngle>
      <velocity>5.600000000000005</velocity>
      <orientation>1.9430397275038191</orientation>
      <time>17</time>
    </ksState>
    <ksState>
      <x>208.47663381401276</x>
      <y>263.57668465421784</y>
      <steeringAngle>-0.07106666666666671</steeringAngle>
      <velocity>6.400000000000004</velocity>
      <orientation>1.9224079579043596</orientation>
      <time>18</time>
    </ksState>
    <ksState>
      <x>208.26611941385917</x>
      <y>264.2235947616184</y>
      <steeringAngle>-0.035533333333333375</steeringAngle>
      <velocity>7.200000000000006</velocity>
      <orientation>1.9084312898115674</orientation>
      <time>19</time>
    </ksState>
    <ksState>
      <x>208.02374943683373</x>
      <y>264.94395490117387</y>
      <steeringAngle>-2.6346112791397758e-17</steeringAngle>
      <velocity>8.000000000000007</velocity>
      <orientation>1.903286277031999</orientation>
      <time>20</time>
    </ksState>
    <ksState>
      <x>207.7714418139688</x>
      <y>265.7031577980435</y>
      <steeringAngle>-0.03553333333333333</steeringAngle>
      <velocity>8.0</velocity>
      <orientation>1.89777374202916</orientation>
      <time>21</time>
    </ksState>
    <ksState>
      <x>207.54243992176006</x>
      <y>266.4700105918732</y>
      <steeringAngle>-0.07106666666666667</steeringAngle>
      <velocity>8.0</velocity>
      <orientation>1.8812222211488905</orientation>
      <time>22</time>
    </ksState>
    <ksState>
      <x>207.34551076340645</x>
      <y>267.24632577864526</y>
      <steeringAngle>-0.10659999999999997</steeringAngle>
      <velocity>8.0</velocity>
      <orientation>1.8535897418581957</orientation>
      <time>23</time>
    </ksState>
    <ksState>
      <x>207.18978235134713</x>
      <y>268.0328562965727</y>
      <steeringAngle>-0.1421333333333333</steeringAngle>
      <velocity>8.0</velocity>
      <orientation>1.8148058895854606</orientation>
      <time>24</time>
    </ksState>
    <ksState>
      <x>207.0847458654364</x>
      <y>268.8289672771921</y>
      <steeringAngle>-0.17766666666666667</steeringAngle>
      <velocity>8.0</velocity>
      <orientation>1.764771077336306</orientation>
      <time>25</time>
    </ksState>
    <ksState>
      <x>207.04110201100684</x>
      <y>269.5920424335946</y>
      <steeringAngle>-0.21320000000000014</steeringAngle>
      <velocity>7.200000000000003</velocity>
      <orientation>1.7065217502648131</orientation>
      <time>26</time>
    </ksState>
    <ksState>
      <x>207.05703891426967</x>
      <y>270.2773578358772</y>
      <steeringAngle>-0.24873333333333347</steeringAngle>
      <velocity>6.400000000000004</velocity>
      <orientation>1.6446046627790336</orientation>
      <time>27</time>
    </ksState>
    <ksState>
      <x>207.12148568270308</x>
      <y>270.8805037554998</y>
      <steeringAngle>-0.2842666666666668</steeringAngle>
      <velocity>5.600000000000001</velocity>
      <orientation>1.5811825200151126</orientation>
      <time>28</time>
    </ksState>
    <ksState>
      <x>207.22126324748947</x>
      <y>271.3984393729293</y>
      <steeringAngle>-0.3198</steeringAngle>
      <velocity>4.800000000000002</velocity>
      <orientation>1.5184534202731599</orientation>
      <time>29</time>
    </ksState>
    <ksState>
      <x>207.34191726637755</x>
      <y>271.8299209003965</y>
      <steeringAngle>-0.3553333333333332</steeringAngle>
      <velocity>4.000000000000001</velocity>
      <orientation>1.458663586224945</orientation>
      <time>30</time>
    </ksState>
    <ksState>
      <x>207.46033760206373</x>
      <y>272.1769856718712</y>
      <steeringAngle>-0.31979999999999975</steeringAngle>
      <velocity>3.2</velocity>
      <orientation>1.4095570261671568</orientation>
      <time>31</time>
    </ksState>
    <ksState>
      <x>207.55757507818055</x>
      <y>272.443963546484</y>
      <steeringAngle>-0.2842666666666663</steeringAngle>
      <velocity>2.4000000000000004</velocity>
      <orientation>1.3756247708009424</orientation>
      <time>32</time>
    </ksState>
    <ksState>
      <x>207.62811908471653</x>
      <y>272.63354440436893</y>
      <steeringAngle>-0.24873333333333292</steeringAngle>
      <velocity>1.6000000000000008</velocity>
      <orientation>1.3543524498540036</orientation>
      <time>33</time>
    </ksState>
  </ksTrajectory>
</CommonRoadSolution>
