<?xml version="1.0" ?>
<CommonRoadSolution benchmark_id="KS2:SM1:USA_US101-18_2_T-1:2020a" computation_time="9.16497885499939" date="2023-01-12T15:00:04">
  <ksTrajectory planningProblem="373">
    <ksState>
      <x>0.0</x>
      <y>0.0</y>
      <steeringAngle>0.0</steeringAngle>
      <velocity>16.0</velocity>
      <orientation>-0.77413</orientation>
      <time>0</time>
    </ksState>
    <ksState>
      <x>1.1154460456441886</x>
      <y>-1.09058705210175</y>
      <steeringAngle>0.0</steeringAngle>
      <velocity>15.2</velocity>
      <orientation>-0.77413</orientation>
      <time>1</time>
    </ksState>
    <ksState>
      <x>2.1736897295702358</x>
      <y>-2.1252465626760046</y>
      <steeringAngle>0.0</steeringAngle>
      <velocity>14.400000000000002</velocity>
      <orientation>-0.77413</orientation>
      <time>2</time>
    </ksState>
    <ksState>
      <x>3.1747310520428282</x>
      <y>-3.103978531981552</y>
      <steeringAngle>0.0</steeringAngle>
      <velocity>13.600000000000001</velocity>
      <orientation>-0.77413</orientation>
      <time>3</time>
    </ksState>
    <ksState>
      <x>4.1185700131421115</x>
      <y>-4.02678296009675</y>
      <steeringAngle>0.0</steeringAngle>
      <velocity>12.800000000000004</velocity>
      <orientation>-0.77413</orientation>
      <time>4</time>
    </ksState>
    <ksState>
      <x>5.005206612893391</x>
      <y>-4.893659847046344</y>
      <steeringAngle>0.0</steeringAngle>
      <velocity>12.000000000000002</velocity>
      <orientation>-0.77413</orientation>
      <time>5</time>
    </ksState>
    <ksState>
      <x>5.844586078722715</x>
      <y>-5.694363463911359</y>
      <steeringAngle>0.03553333333333333</steeringAngle>
      <velocity>11.200000000000001</velocity>
      <orientation>-0.7662287262276559</orientation>
      <time>6</time>
    </ksState>
    <ksState>
      <x>6.651803681425854</x>
      <y>-6.412464127049737</y>
      <steeringAngle>0.07106666666666667</steeringAngle>
      <velocity>10.400000000000007</velocity>
      <orientation>-0.743976295429166</orientation>
      <time>7</time>
    </ksState>
    <ksState>
      <x>7.430896446167534</x>
      <y>-7.041116458927849</y>
      <steeringAngle>0.10660000000000001</steeringAngle>
      <velocity>9.60000000000001</velocity>
      <orientation>-0.7095282845444942</orientation>
      <time>8</time>
    </ksState>
    <ksState>
      <x>8.181521830803232</x>
      <y>-7.576565686643429</y>
      <steeringAngle>0.14213333333333344</steeringAngle>
      <velocity>8.800000000000008</velocity>
      <orientation>-0.6650201524236494</orientation>
      <time>9</time>
    </ksState>
    <ksState>
      <x>8.89979136479968</x>
      <y>-8.01811825451476</y>
      <steeringAngle>0.17766666666666675</steeringAngle>
      <velocity>8.000000000000009</velocity>
      <orientation>-0.612577854608668</orientation>
      <time>10</time>
    </ksState>
    <ksState>
      <x>9.574505690045447</x>
      <y>-8.37573847734158</y>
      <steeringAngle>0.17766666666666667</steeringAngle>
      <velocity>7.2</velocity>
      <orientation>-0.5596619271642906</orientation>
      <time>11</time>
    </ksState>
    <ksState>
      <x>10.1934874057021</x>
      <y>-8.665068293734063</y>
      <steeringAngle>0.17766666666666667</steeringAngle>
      <velocity>6.4</velocity>
      <orientation>-0.5123160973714794</orientation>
      <time>12</time>
    </ksState>
    <ksState>
      <x>10.750489310083719</x>
      <y>-8.895781385980785</y>
      <steeringAngle>0.17766666666666667</steeringAngle>
      <velocity>5.599999999999999</velocity>
      <orientation>-0.47054036521629466</orientation>
      <time>13</time>
    </ksState>
    <ksState>
      <x>11.240660545392398</x>
      <y>-9.076766612977108</y>
      <steeringAngle>0.17766666666666667</steeringAngle>
      <velocity>4.799999999999999</velocity>
      <orientation>-0.4343347306947802</orientation>
      <time>14</time>
    </ksState>
    <ksState>
      <x>11.660312845206118</x>
      <y>-9.21596564945693</y>
      <steeringAngle>0.17766666666666667</steeringAngle>
      <velocity>4.0</velocity>
      <orientation>-0.40369919380545016</orientation>
      <time>15</time>
    </ksState>
    <ksState>
      <x>12.08403199270161</x>
      <y>-9.342245128528589</y>
      <steeringAngle>0.17766666666666667</steeringAngle>
      <velocity>4.800000000000002</velocity>
      <orientation>-0.373063656763116</orientation>
      <time>16</time>
    </ksState>
    <ksState>
      <x>12.589490251057926</x>
      <y>-9.474666577851396</y>
      <steeringAngle>0.17766666666666667</steeringAngle>
      <velocity>5.600000000000001</velocity>
      <orientation>-0.336858022086576</orientation>
      <time>17</time>
    </ksState>
    <ksState>
      <x>13.178213432245721</x>
      <y>-9.604607623104084</y>
      <steeringAngle>0.17766666666666667</steeringAngle>
      <velocity>6.3999999999999995</velocity>
      <orientation>-0.29508228977693607</orientation>
      <time>18</time>
    </ksState>
    <ksState>
      <x>13.851316926233332</x>
      <y>-9.722003538936024</y>
      <steeringAngle>0.17766666666666667</steeringAngle>
      <velocity>7.200000000000002</velocity>
      <orientation>-0.24773645983483913</orientation>
      <time>19</time>
    </ksState>
    <ksState>
      <x>14.609221109871847</x>
      <y>-9.81534646099826</y>
      <steeringAngle>0.17766666666666667</steeringAngle>
      <velocity>8.0</velocity>
      <orientation>-0.19482053226068904</orientation>
      <time>20</time>
    </ksState>
    <ksState>
      <x>15.409788553532398</x>
      <y>-9.879625522216115</y>
      <steeringAngle>0.14213333333333336</steeringAngle>
      <velocity>8.0</velocity>
      <orientation>-0.14478572071194062</orientation>
      <time>21</time>
    </ksState>
    <ksState>
      <x>16.21045101665331</x>
      <y>-9.92418929311149</y>
      <steeringAngle>0.1066000000000001</steeringAngle>
      <velocity>8.0</velocity>
      <orientation>-0.10600186870494327</orientation>
      <time>22</time>
    </ksState>
    <ksState>
      <x>17.01071544494337</x>
      <y>-9.957948426695753</y>
      <steeringAngle>0.07106666666666674</steeringAngle>
      <velocity>8.0</velocity>
      <orientation>-0.07836938967525636</orientation>
      <time>23</time>
    </ksState>
    <ksState>
      <x>17.810442304283786</x>
      <y>-9.989751561403581</y>
      <steeringAngle>0.035533333333333354</steeringAngle>
      <velocity>8.0</velocity>
      <orientation>-0.06181786904622702</orientation>
      <time>24</time>
    </ksState>
    <ksState>
      <x>18.609552309405473</x>
      <y>-10.028410389755432</y>
      <steeringAngle>2.0816681711721685e-17</steeringAngle>
      <velocity>8.0</velocity>
      <orientation>-0.05630534258782219</orientation>
      <time>25</time>
    </ksState>
    <ksState>
      <x>19.40828452775346</x>
      <y>-10.073430867017496</y>
      <steeringAngle>0.0</steeringAngle>
      <velocity>8.0</velocity>
      <orientation>-0.05630534258782219</orientation>
      <time>26</time>
    </ksState>
    <ksState>
      <x>20.207016746101445</x>
      <y>-10.11845134427956</y>
      <steeringAngle>0.0</steeringAngle>
      <velocity>8.0</velocity>
      <orientation>-0.05630534258782219</orientation>
      <time>27</time>
    </ksState>
    <ksState>
      <x>21.005748964449435</x>
      <y>-10.163471821541624</y>
      <steeringAngle>0.0</steeringAngle>
      <velocity>8.0</velocity>
      <orientation>-0.05630534258782219</orientation>
      <time>28</time>
    </ksState>
    <ksState>
      <x>21.80448118279742</x>
      <y>-10.208492298803687</y>
      <steeringAngle>0.0</steeringAngle>
      <velocity>8.0</velocity>
      <orientation>-0.05630534258782219</orientation>
      <time>29</time>
    </ksState>
    <ksState>
      <x>22.603213401145407</x>
      <y>-10.253512776065751</y>
      <steeringAngle>0.0</steeringAngle>
      <velocity>8.0</velocity>
      <orientation>-0.05630534258782219</orientation>
      <time>30</time>
    </ksState>
    <ksState>
      <x>23.401397489266003</x>
      <y>-10.307829777474982</y>
      <steeringAngle>-0.03553333333333333</steeringAngle>
      <velocity>8.0</velocity>
      <orientation>-0.061817877590660965</orientation>
      <time>31</time>
    </ksState>
    <ksState>
      <x>24.19782594093577</x>
      <y>-10.386612995297229</y>
      <steeringAngle>-0.07106666666666667</steeringAngle>
      <velocity>8.0</velocity>
      <orientation>-0.0783693984709306</orientation>
      <time>32</time>
    </ksState>
    <ksState>
      <x>24.99085263699531</x>
      <y>-10.498662189670725</y>
      <steeringAngle>-0.10659999999999997</steeringAngle>
      <velocity>8.0</velocity>
      <orientation>-0.10600187776162551</orientation>
      <time>33</time>
    </ksState>
    <ksState>
      <x>25.77771412994307</x>
      <y>-10.65270953586556</y>
      <steeringAngle>-0.1421333333333333</steeringAngle>
      <velocity>8.0</velocity>
      <orientation>-0.14478573003436043</orientation>
      <time>34</time>
    </ksState>
    <ksState>
      <x>26.554225075317238</x>
      <y>-10.857297190794835</y>
      <steeringAngle>-0.17766666666666667</steeringAngle>
      <velocity>8.0</velocity>
      <orientation>-0.1948205422835151</orientation>
      <time>35</time>
    </ksState>
    <ksState>
      <x>27.28121935749715</x>
      <y>-11.088927727633067</y>
      <steeringAngle>-0.1421333333333334</steeringAngle>
      <velocity>7.2</velocity>
      <orientation>-0.24244786402915203</orientation>
      <time>36</time>
    </ksState>
    <ksState>
      <x>27.926330080126903</x>
      <y>-11.309047360331585</y>
      <steeringAngle>-0.10660000000000011</steeringAngle>
      <velocity>6.4</velocity>
      <orientation>-0.27550743447712</orientation>
      <time>37</time>
    </ksState>
    <ksState>
      <x>28.493491512153874</x>
      <y>-11.507079218036644</y>
      <steeringAngle>-0.07106666666666674</steeringAngle>
      <velocity>5.600000000000001</velocity>
      <orientation>-0.2963243827710085</orientation>
      <time>38</time>
    </ksState>
    <ksState>
      <x>28.985314042679168</x>
      <y>-11.67665464937085</y>
      <steeringAngle>-0.03553333333333339</steeringAngle>
      <velocity>4.800000000000001</velocity>
      <orientation>-0.30717499242867136</orientation>
      <time>39</time>
    </ksState>
    <ksState>
      <x>29.40309191266604</x>
      <y>-11.814796626767565</y>
      <steeringAngle>-5.5294310796760726e-17</steeringAngle>
      <velocity>4.0</velocity>
      <orientation>-0.3102987682658369</orientation>
      <time>40</time>
    </ksState>
    <ksState>
      <x>29.820572460870768</x>
      <y>-11.95382037047779</y>
      <steeringAngle>-0.035533333333333326</steeringAngle>
      <velocity>4.799999999999999</velocity>
      <orientation>-0.31342254693502775</orientation>
      <time>41</time>
    </ksState>
    <ksState>
      <x>30.3096188058923</x>
      <y>-12.131189188965898</y>
      <steeringAngle>-0.07106666666666667</steeringAngle>
      <velocity>5.599999999999998</velocity>
      <orientation>-0.3242731579962005</orientation>
      <time>42</time>
    </ksState>
    <ksState>
      <x>30.86672613160144</x>
      <y>-12.355846300791592</y>
      <steeringAngle>-0.10659999999999999</steeringAngle>
      <velocity>6.3999999999999995</velocity>
      <orientation>-0.3450901069965285</orientation>
      <time>43</time>
    </ksState>
    <ksState>
      <x>31.48626896458884</x>
      <y>-12.639898732959113</y>
      <steeringAngle>-0.14213333333333333</steeringAngle>
      <velocity>7.199999999999999</velocity>
      <orientation>-0.37814967797769367</orientation>
      <time>44</time>
    </ksState>
    <ksState>
      <x>32.1593854336273</x>
      <y>-12.998929725246507</y>
      <steeringAngle>-0.17766666666666664</steeringAngle>
      <velocity>7.9999999999999964</velocity>
      <orientation>-0.4257770000592403</orientation>
      <time>45</time>
    </ksState>
    <ksState>
      <x>32.81001124811508</x>
      <y>-13.398701777782282</y>
      <steeringAngle>-0.17766666666666667</steeringAngle>
      <velocity>7.2</velocity>
      <orientation>-0.4786929275036177</orientation>
      <time>46</time>
    </ksState>
    <ksState>
      <x>33.373508069663814</x>
      <y>-13.7851231010493</y>
      <steeringAngle>-0.17766666666666667</steeringAngle>
      <velocity>6.4</velocity>
      <orientation>-0.5260387572964289</orientation>
      <time>47</time>
    </ksState>
    <ksState>
      <x>33.8550391360191</x>
      <y>-14.147900559766821</y>
      <steeringAngle>-0.17766666666666667</steeringAngle>
      <velocity>5.599999999999999</velocity>
      <orientation>-0.5678144894516136</orientation>
      <time>48</time>
    </ksState>
    <ksState>
      <x>34.25980034214563</x>
      <y>-14.478342473467148</y>
      <steeringAngle>-0.17766666666666667</steeringAngle>
      <velocity>4.799999999999999</velocity>
      <orientation>-0.6040201239731281</orientation>
      <time>49</time>
    </ksState>
    <ksState>
      <x>34.592761693278874</x>
      <y>-14.769239642836991</y>
      <steeringAngle>-0.17766666666666667</steeringAngle>
      <velocity>4.0</velocity>
      <orientation>-0.6346556608624581</orientation>
      <time>50</time>
    </ksState>
    <ksState>
      <x>34.858454657437164</x>
      <y>-15.014743423212193</y>
      <steeringAngle>-0.17766666666666667</steeringAngle>
      <velocity>3.2000000000000006</velocity>
      <orientation>-0.6597211001306357</orientation>
      <time>51</time>
    </ksState>
    <ksState>
      <x>35.06080151179709</x>
      <y>-15.210249301384659</y>
      <steeringAngle>-0.17766666666666667</steeringAngle>
      <velocity>2.4000000000000012</velocity>
      <orientation>-0.6792164417606654</orientation>
      <time>52</time>
    </ksState>
    <ksState>
      <x>35.20298246724233</x>
      <y>-15.35229304734328</y>
      <steeringAngle>-0.17766666666666667</steeringAngle>
      <velocity>1.6000000000000005</velocity>
      <orientation>-0.6931416857596464</orientation>
      <time>53</time>
    </ksState>
    <ksState>
      <x>35.287336760021375</x>
      <y>-15.438464793158419</y>
      <steeringAngle>-0.17766666666666667</steeringAngle>
      <velocity>0.8000000000000004</velocity>
      <orientation>-0.7014968321304005</orientation>
      <time>54</time>
    </ksState>
    <ksState>
      <x>35.31529449220507</x>
      <y>-15.46734496504382</y>
      <steeringAngle>-0.17766666666666667</steeringAngle>
      <velocity>2.7755575615628914e-16</velocity>
      <orientation>-0.7042818808766159</orientation>
      <time>55</time>
    </ksState>
    <ksState>
      <x>35.34352447745557</x>
      <y>-15.495889831754868</y>
      <steeringAngle>-0.14213333333333333</steeringAngle>
      <velocity>0.8</velocity>
      <orientation>-0.7066893780874184</orientation>
      <time>56</time>
    </ksState>
    <ksState>
      <x>35.4292463777631</x>
      <y>-15.580259905488697</y>
      <steeringAngle>-0.10660000000000001</steeringAngle>
      <velocity>1.6</velocity>
      <orientation>-0.712413664707753</orientation>
      <time>57</time>
    </ksState>
    <ksState>
      <x>35.57376361511914</x>
      <y>-15.7188583446721</y>
      <steeringAngle>-0.07106666666666664</steeringAngle>
      <velocity>2.4000000000000004</velocity>
      <orientation>-0.7192291784707318</orientation>
      <time>58</time>
    </ksState>
    <ksState>
      <x>35.7784642999028</x>
      <y>-15.910077226759228</y>
      <steeringAngle>-0.03553333333333332</steeringAngle>
      <velocity>3.1999999999999993</velocity>
      <orientation>-0.7249300991836615</orientation>
      <time>59</time>
    </ksState>
    <ksState>
      <x>36.04530026313435</x>
      <y>-16.151761035886118</y>
      <steeringAngle>2.6020852139652106e-18</steeringAngle>
      <velocity>3.999999999999999</velocity>
      <orientation>-0.7273188507719884</orientation>
      <time>60</time>
    </ksState>
    <ksState>
      <x>36.31664928327898</x>
      <y>-16.388362354537264</y>
      <steeringAngle>0.03553333333333333</steeringAngle>
      <velocity>3.2</velocity>
      <orientation>-0.7249301023921959</orientation>
      <time>61</time>
    </ksState>
    <ksState>
      <x>36.53207154724125</x>
      <y>-16.567408051199056</y>
      <steeringAngle>0.07106666666666668</steeringAngle>
      <velocity>2.4</velocity>
      <orientation>-0.7192291873863993</orientation>
      <time>62</time>
    </ksState>
    <ksState>
      <x>36.689315256893785</x>
      <y>-16.691373344116258</y>
      <steeringAngle>0.10660000000000003</steeringAngle>
      <velocity>1.5999999999999994</velocity>
      <orientation>-0.7124136536416678</orientation>
      <time>63</time>
    </ksState>
    <ksState>
      <x>36.785648716225765</x>
      <y>-16.763386422159666</y>
      <steeringAngle>0.14213333333333342</steeringAngle>
      <velocity>0.7999999999999988</velocity>
      <orientation>-0.7066893921551881</orientation>
      <time>64</time>
    </ksState>
    <ksState>
      <x>36.818320511192034</x>
      <y>-16.786716115961514</y>
      <steeringAngle>0.17766666666666675</steeringAngle>
      <velocity>-1.5265566588595902e-15</velocity>
      <orientation>-0.7042818976806322</orientation>
      <time>65</time>
    </ksState>
    <ksState>
      <x>36.85105031835992</x>
      <y>-16.80996479776389</y>
      <steeringAngle>0.14213333333333333</steeringAngle>
      <velocity>0.8</velocity>
      <orientation>-0.7018744004698297</orientation>
      <time>66</time>
    </ksState>
    <ksState>
      <x>36.94815849936992</x>
      <y>-16.880933486036362</y>
      <steeringAngle>0.10660000000000001</steeringAngle>
      <velocity>1.6</velocity>
      <orientation>-0.6961501138494951</orientation>
      <time>67</time>
    </ksState>
    <ksState>
      <x>37.108279711674214</x>
      <y>-17.001166412505366</y>
      <steeringAngle>0.07106666666666664</steeringAngle>
      <velocity>2.4000000000000004</velocity>
      <orientation>-0.6893346000865164</orientation>
      <time>68</time>
    </ksState>
    <ksState>
      <x>37.33005135627929</x>
      <y>-17.172293175072493</y>
      <steeringAngle>0.03553333333333332</steeringAngle>
      <velocity>3.1999999999999993</velocity>
      <orientation>-0.6836336793735867</orientation>
      <time>69</time>
    </ksState>
    <ksState>
      <x>37.6116614844413</x>
      <y>-17.396588138422924</y>
      <steeringAngle>-2.6020852139652106e-18</steeringAngle>
      <velocity>3.999999999999999</velocity>
      <orientation>-0.6812449277852597</orientation>
      <time>70</time>
    </ksState>
    <ksState>
      <x>37.89130563685861</x>
      <y>-17.62330193879441</y>
      <steeringAngle>0.0</steeringAngle>
      <velocity>3.2</velocity>
      <orientation>-0.6812449277852597</orientation>
      <time>71</time>
    </ksState>
    <ksState>
      <x>38.108806644037756</x>
      <y>-17.799634894430913</y>
      <steeringAngle>0.0</steeringAngle>
      <velocity>2.4000000000000004</velocity>
      <orientation>-0.6812449277852597</orientation>
      <time>72</time>
    </ksState>
    <ksState>
      <x>38.264164506057874</x>
      <y>-17.925587005396597</y>
      <steeringAngle>0.0</steeringAngle>
      <velocity>1.6</velocity>
      <orientation>-0.6812449277852597</orientation>
      <time>73</time>
    </ksState>
    <ksState>
      <x>38.35737922295049</x>
      <y>-18.001158271717014</y>
      <steeringAngle>0.0</steeringAngle>
      <velocity>0.7999999999999998</velocity>
      <orientation>-0.6812449277852597</orientation>
      <time>74</time>
    </ksState>
    <ksState>
      <x>38.388450794756736</x>
      <y>-18.026348693425522</y>
      <steeringAngle>0.0</steeringAngle>
      <velocity>-3.3306690738754696e-16</velocity>
      <orientation>-0.6812449277852597</orientation>
      <time>75</time>
    </ksState>
    <ksState>
      <x>38.388450794756736</x>
      <y>-18.026348693425522</y>
      <steeringAngle>0.0</steeringAngle>
      <velocity>0.0</velocity>
      <orientation>-0.6812449277852597</orientation>
      <time>76</time>
    </ksState>
    <ksState>
      <x>38.388450794756736</x>
      <y>-18.026348693425522</y>
      <steeringAngle>0.0</steeringAngle>
      <velocity>0.0</velocity>
      <orientation>-0.6812449277852597</orientation>
      <time>77</time>
    </ksState>
    <ksState>
      <x>38.388450794756736</x>
      <y>-18.026348693425522</y>
      <steeringAngle>0.0</steeringAngle>
      <velocity>0.0</velocity>
      <orientation>-0.6812449277852597</orientation>
      <time>78</time>
    </ksState>
    <ksState>
      <x>38.388450794756736</x>
      <y>-18.026348693425522</y>
      <steeringAngle>0.0</steeringAngle>
      <velocity>0.0</velocity>
      <orientation>-0.6812449277852597</orientation>
      <time>79</time>
    </ksState>
    <ksState>
      <x>38.388450794756736</x>
      <y>-18.026348693425522</y>
      <steeringAngle>0.0</steeringAngle>
      <velocity>0.0</velocity>
      <orientation>-0.6812449277852597</orientation>
      <time>80</time>
    </ksState>
  </ksTrajectory>
</CommonRoadSolution>
