<?xml version="1.0" ?>
<CommonRoadSolution benchmark_id="KS2:SM1:FRA_Miramas-5_1_T-1:2020a" computation_time="1.2913131249997605" date="2023-01-12T15:00:04">
  <ksTrajectory planningProblem="1">
    <ksState>
      <x>238.8491</x>
      <y>-931.28184</y>
      <steeringAngle>0.0</steeringAngle>
      <velocity>4.0</velocity>
      <orientation>-1.351102</orientation>
      <time>0</time>
    </ksState>
    <ksState>
      <x>238.94977963917987</x>
      <y>-931.7101870785464</y>
      <steeringAngle>0.035533333333333326</steeringAngle>
      <velocity>4.799999999999999</velocity>
      <orientation>-1.3479782213308091</orientation>
      <time>1</time>
    </ksState>
    <ksState>
      <x>239.0821717591853</x>
      <y>-932.2132758897033</y>
      <steeringAngle>0.07106666666666667</steeringAngle>
      <velocity>5.599999999999998</velocity>
      <orientation>-1.3371276102696363</orientation>
      <time>2</time>
    </ksState>
    <ksState>
      <x>239.2555000131169</x>
      <y>-932.7884251804458</y>
      <steeringAngle>0.10659999999999999</steeringAngle>
      <velocity>6.3999999999999995</velocity>
      <orientation>-1.3163106612693085</orientation>
      <time>3</time>
    </ksState>
    <ksState>
      <x>239.48233076347898</x>
      <y>-933.4311280019866</y>
      <steeringAngle>0.14213333333333333</steeringAngle>
      <velocity>7.199999999999999</velocity>
      <orientation>-1.2832510902881433</orientation>
      <time>4</time>
    </ksState>
    <ksState>
      <x>239.77898515788908</x>
      <y>-934.1339688122637</y>
      <steeringAngle>0.17766666666666664</steeringAngle>
      <velocity>7.9999999999999964</velocity>
      <orientation>-1.2356237682065967</orientation>
      <time>5</time>
    </ksState>
    <ksState>
      <x>240.13710238901243</x>
      <y>-934.8535971826886</y>
      <steeringAngle>0.17766666666666667</steeringAngle>
      <velocity>8.0</velocity>
      <orientation>-1.1799227918960848</orientation>
      <time>6</time>
    </ksState>
    <ksState>
      <x>240.53472750815305</x>
      <y>-935.5521723515775</y>
      <steeringAngle>0.17766666666666667</steeringAngle>
      <velocity>8.0</velocity>
      <orientation>-1.1242218155855732</orientation>
      <time>7</time>
    </ksState>
    <ksState>
      <x>240.9706271511723</x>
      <y>-936.2275274481095</y>
      <steeringAngle>0.17766666666666667</steeringAngle>
      <velocity>8.0</velocity>
      <orientation>-1.0685208392750614</orientation>
      <time>8</time>
    </ksState>
    <ksState>
      <x>241.44344924606472</x>
      <y>-936.8775676582023</y>
      <steeringAngle>0.17766666666666667</steeringAngle>
      <velocity>8.0</velocity>
      <orientation>-1.0128198629645497</orientation>
      <time>9</time>
    </ksState>
    <ksState>
      <x>241.95172719565264</x>
      <y>-937.5002766896256</y>
      <steeringAngle>0.17766666666666667</steeringAngle>
      <velocity>8.0</velocity>
      <orientation>-0.9571188866540379</orientation>
      <time>10</time>
    </ksState>
    <ksState>
      <x>242.48634797822262</x>
      <y>-938.0996268780834</y>
      <steeringAngle>0.14213333333333336</steeringAngle>
      <velocity>8.0</velocity>
      <orientation>-0.9070840751052894</orientation>
      <time>11</time>
    </ksState>
    <ksState>
      <x>243.0346525783762</x>
      <y>-938.6847835878439</y>
      <steeringAngle>0.1066000000000001</steeringAngle>
      <velocity>8.0</velocity>
      <orientation>-0.8683002230982921</orientation>
      <time>12</time>
    </ksState>
    <ksState>
      <x>243.59013082599915</x>
      <y>-939.2618509588713</y>
      <steeringAngle>0.07106666666666674</steeringAngle>
      <velocity>8.0</velocity>
      <orientation>-0.8406677440686052</orientation>
      <time>13</time>
    </ksState>
    <ksState>
      <x>244.14657106106435</x>
      <y>-939.8371324149676</y>
      <steeringAngle>0.035533333333333354</steeringAngle>
      <velocity>8.0</velocity>
      <orientation>-0.8241162234395758</orientation>
      <time>14</time>
    </ksState>
    <ksState>
      <x>244.69783071288285</x>
      <y>-940.4169462657612</y>
      <steeringAngle>2.0816681711721685e-17</steeringAngle>
      <velocity>8.0</velocity>
      <orientation>-0.818603696981171</orientation>
      <time>15</time>
    </ksState>
    <ksState>
      <x>245.21079165746144</x>
      <y>-940.9777613759653</y>
      <steeringAngle>-0.03553333333333333</steeringAngle>
      <velocity>7.199999999999999</velocity>
      <orientation>-0.8237487099636633</orientation>
      <time>16</time>
    </ksState>
    <ksState>
      <x>245.65504280835964</x>
      <y>-941.4929386170563</y>
      <steeringAngle>-0.07106666666666664</steeringAngle>
      <velocity>6.400000000000001</velocity>
      <orientation>-0.8377253820846264</orientation>
      <time>17</time>
    </ksState>
    <ksState>
      <x>246.03020584258368</x>
      <y>-941.962062329565</y>
      <steeringAngle>-0.10659999999999997</steeringAngle>
      <velocity>5.600000000000004</velocity>
      <orientation>-0.8583571499505078</orientation>
      <time>18</time>
    </ksState>
    <ksState>
      <x>246.33805146108458</x>
      <y>-942.3826228541152</y>
      <steeringAngle>-0.1421333333333333</steeringAngle>
      <velocity>4.800000000000003</velocity>
      <orientation>-0.883473357459156</orientation>
      <time>19</time>
    </ksState>
    <ksState>
      <x>246.5822036134811</x>
      <y>-942.7507018295285</y>
      <steeringAngle>-0.17766666666666653</steeringAngle>
      <velocity>4.000000000000006</velocity>
      <orientation>-0.9108982540443058</orientation>
      <time>20</time>
    </ksState>
    <ksState>
      <x>246.79489920582722</x>
      <y>-943.0913371508765</y>
      <steeringAngle>-0.1421333333333333</steeringAngle>
      <velocity>4.0</velocity>
      <orientation>-0.9359156603888291</orientation>
      <time>21</time>
    </ksState>
    <ksState>
      <x>247.00647252612688</x>
      <y>-943.4319294935976</y>
      <steeringAngle>-0.10659999999999999</steeringAngle>
      <velocity>4.0</velocity>
      <orientation>-0.9553075866795797</orientation>
      <time>22</time>
    </ksState>
    <ksState>
      <x>247.2188728197177</x>
      <y>-943.7714544798023</y>
      <steeringAngle>-0.07106666666666664</steeringAngle>
      <velocity>4.0</velocity>
      <orientation>-0.9691238264145327</orientation>
      <time>23</time>
    </ksState>
    <ksState>
      <x>247.43402834702488</x>
      <y>-944.1088713470054</y>
      <steeringAngle>-0.03553333333333332</steeringAngle>
      <velocity>4.0</velocity>
      <orientation>-0.977399586876798</orientation>
      <time>24</time>
    </ksState>
    <ksState>
      <x>247.65383662096397</x>
      <y>-944.4430883855081</y>
      <steeringAngle>2.2985086056692694e-17</steeringAngle>
      <velocity>4.0</velocity>
      <orientation>-0.9801558501716383</orientation>
      <time>25</time>
    </ksState>
    <ksState>
      <x>247.90294321149432</x>
      <y>-944.8058052392644</y>
      <steeringAngle>0.035533333333333326</steeringAngle>
      <velocity>4.799999999999999</velocity>
      <orientation>-0.9770320715024475</orientation>
      <time>26</time>
    </ksState>
    <ksState>
      <x>248.20869903477438</x>
      <y>-945.2266845591189</y>
      <steeringAngle>0.07106666666666667</steeringAngle>
      <velocity>5.599999999999998</velocity>
      <orientation>-0.9661814604412747</orientation>
      <time>27</time>
    </ksState>
    <ksState>
      <x>248.57872844793806</x>
      <y>-945.6998839078572</y>
      <steeringAngle>0.10659999999999999</steeringAngle>
      <velocity>6.3999999999999995</velocity>
      <orientation>-0.9453645114409467</orientation>
      <time>28</time>
    </ksState>
    <ksState>
      <x>249.02310935247593</x>
      <y>-946.2166476041522</y>
      <steeringAngle>0.14213333333333333</steeringAngle>
      <velocity>7.199999999999999</velocity>
      <orientation>-0.9123049404597816</orientation>
      <time>29</time>
    </ksState>
    <ksState>
      <x>249.5543646950043</x>
      <y>-946.7641481021873</y>
      <steeringAngle>0.17766666666666664</steeringAngle>
      <velocity>7.9999999999999964</velocity>
      <orientation>-0.864677618378235</orientation>
      <time>30</time>
    </ksState>
    <ksState>
      <x>250.11854780045098</x>
      <y>-947.2787635586158</y>
      <steeringAngle>0.17766666666666667</steeringAngle>
      <velocity>7.2</velocity>
      <orientation>-0.8117616909338576</orientation>
      <time>31</time>
    </ksState>
    <ksState>
      <x>250.64579417526127</x>
      <y>-947.7133453889082</y>
      <steeringAngle>0.17766666666666667</steeringAngle>
      <velocity>6.4</velocity>
      <orientation>-0.7644158611410464</orientation>
      <time>32</time>
    </ksState>
    <ksState>
      <x>251.12764110382915</x>
      <y>-948.0757032090922</y>
      <steeringAngle>0.17766666666666667</steeringAngle>
      <velocity>5.599999999999999</velocity>
      <orientation>-0.7226401289858617</orientation>
      <time>33</time>
    </ksState>
  </ksTrajectory>
</CommonRoadSolution>
