<?xml version="1.0" ?>
<CommonRoadSolution benchmark_id="KS2:SM1:DEU_Flensburg-43_1_T-1:2020a" computation_time="1.5704967990000114" date="2023-01-12T15:00:04">
  <ksTrajectory planningProblem="123">
    <ksState>
      <x>329.33194</x>
      <y>-179.28502</y>
      <steeringAngle>0.0</steeringAngle>
      <velocity>16.0</velocity>
      <orientation>0.93283202</orientation>
      <time>0</time>
    </ksState>
    <ksState>
      <x>330.28483821472554</x>
      <y>-177.9997243171422</y>
      <steeringAngle>0.0</steeringAngle>
      <velocity>16.0</velocity>
      <orientation>0.93283202</orientation>
      <time>1</time>
    </ksState>
    <ksState>
      <x>331.23773642945105</x>
      <y>-176.71442863428442</y>
      <steeringAngle>0.0</steeringAngle>
      <velocity>16.0</velocity>
      <orientation>0.93283202</orientation>
      <time>2</time>
    </ksState>
    <ksState>
      <x>332.1906346441766</x>
      <y>-175.42913295142662</y>
      <steeringAngle>0.0</steeringAngle>
      <velocity>16.0</velocity>
      <orientation>0.93283202</orientation>
      <time>3</time>
    </ksState>
    <ksState>
      <x>333.1435328589021</x>
      <y>-174.14383726856883</y>
      <steeringAngle>0.0</steeringAngle>
      <velocity>16.0</velocity>
      <orientation>0.93283202</orientation>
      <time>4</time>
    </ksState>
    <ksState>
      <x>334.0964310736277</x>
      <y>-172.85854158571104</y>
      <steeringAngle>0.0</steeringAngle>
      <velocity>16.0</velocity>
      <orientation>0.93283202</orientation>
      <time>5</time>
    </ksState>
    <ksState>
      <x>335.04932928835325</x>
      <y>-171.57324590285324</y>
      <steeringAngle>0.0</steeringAngle>
      <velocity>16.0</velocity>
      <orientation>0.93283202</orientation>
      <time>6</time>
    </ksState>
    <ksState>
      <x>336.00222750307876</x>
      <y>-170.28795021999545</y>
      <steeringAngle>0.0</steeringAngle>
      <velocity>16.0</velocity>
      <orientation>0.93283202</orientation>
      <time>7</time>
    </ksState>
    <ksState>
      <x>336.9551257178043</x>
      <y>-169.00265453713766</y>
      <steeringAngle>0.0</steeringAngle>
      <velocity>16.0</velocity>
      <orientation>0.93283202</orientation>
      <time>8</time>
    </ksState>
    <ksState>
      <x>337.90802393252983</x>
      <y>-167.71735885427987</y>
      <steeringAngle>0.0</steeringAngle>
      <velocity>16.0</velocity>
      <orientation>0.93283202</orientation>
      <time>9</time>
    </ksState>
    <ksState>
      <x>338.8609221472554</x>
      <y>-166.43206317142207</y>
      <steeringAngle>0.0</steeringAngle>
      <velocity>16.0</velocity>
      <orientation>0.93283202</orientation>
      <time>10</time>
    </ksState>
    <ksState>
      <x>339.81382036198096</x>
      <y>-165.14676748856428</y>
      <steeringAngle>0.0</steeringAngle>
      <velocity>16.0</velocity>
      <orientation>0.93283202</orientation>
      <time>11</time>
    </ksState>
    <ksState>
      <x>340.76671857670647</x>
      <y>-163.8614718057065</y>
      <steeringAngle>0.0</steeringAngle>
      <velocity>16.0</velocity>
      <orientation>0.93283202</orientation>
      <time>12</time>
    </ksState>
    <ksState>
      <x>341.71961679143203</x>
      <y>-162.5761761228487</y>
      <steeringAngle>0.0</steeringAngle>
      <velocity>16.0</velocity>
      <orientation>0.93283202</orientation>
      <time>13</time>
    </ksState>
    <ksState>
      <x>342.67251500615754</x>
      <y>-161.2908804399909</y>
      <steeringAngle>0.0</steeringAngle>
      <velocity>16.0</velocity>
      <orientation>0.93283202</orientation>
      <time>14</time>
    </ksState>
    <ksState>
      <x>343.6254132208831</x>
      <y>-160.0055847571331</y>
      <steeringAngle>0.0</steeringAngle>
      <velocity>16.0</velocity>
      <orientation>0.93283202</orientation>
      <time>15</time>
    </ksState>
    <ksState>
      <x>344.57831143560867</x>
      <y>-158.7202890742753</y>
      <steeringAngle>0.0</steeringAngle>
      <velocity>16.0</velocity>
      <orientation>0.93283202</orientation>
      <time>16</time>
    </ksState>
    <ksState>
      <x>345.5312096503342</x>
      <y>-157.43499339141752</y>
      <steeringAngle>0.0</steeringAngle>
      <velocity>16.0</velocity>
      <orientation>0.93283202</orientation>
      <time>17</time>
    </ksState>
    <ksState>
      <x>346.48410786505974</x>
      <y>-156.14969770855973</y>
      <steeringAngle>0.0</steeringAngle>
      <velocity>16.0</velocity>
      <orientation>0.93283202</orientation>
      <time>18</time>
    </ksState>
    <ksState>
      <x>347.43700607978525</x>
      <y>-154.86440202570193</y>
      <steeringAngle>0.0</steeringAngle>
      <velocity>16.0</velocity>
      <orientation>0.93283202</orientation>
      <time>19</time>
    </ksState>
    <ksState>
      <x>348.3899042945108</x>
      <y>-153.57910634284414</y>
      <steeringAngle>0.0</steeringAngle>
      <velocity>16.0</velocity>
      <orientation>0.93283202</orientation>
      <time>20</time>
    </ksState>
    <ksState>
      <x>349.3189800536688</x>
      <y>-152.32594305232678</y>
      <steeringAngle>0.0</steeringAngle>
      <velocity>15.2</velocity>
      <orientation>0.93283202</orientation>
      <time>21</time>
    </ksState>
    <ksState>
      <x>350.200410901765</x>
      <y>-151.13704454639134</y>
      <steeringAngle>0.0</steeringAngle>
      <velocity>14.400000000000002</velocity>
      <orientation>0.93283202</orientation>
      <time>22</time>
    </ksState>
    <ksState>
      <x>351.0341968390199</x>
      <y>-150.01241082474047</y>
      <steeringAngle>0.0</steeringAngle>
      <velocity>13.600000000000001</velocity>
      <orientation>0.93283202</orientation>
      <time>23</time>
    </ksState>
    <ksState>
      <x>351.8203378655003</x>
      <y>-148.95204188728408</y>
      <steeringAngle>0.0</steeringAngle>
      <velocity>12.800000000000004</velocity>
      <orientation>0.93283202</orientation>
      <time>24</time>
    </ksState>
    <ksState>
      <x>352.55883398122717</x>
      <y>-147.95593773399375</y>
      <steeringAngle>0.0</steeringAngle>
      <velocity>12.000000000000002</velocity>
      <orientation>0.93283202</orientation>
      <time>25</time>
    </ksState>
    <ksState>
      <x>353.2611246352712</x>
      <y>-147.03264362756877</y>
      <steeringAngle>-0.03553333333333333</steeringAngle>
      <velocity>11.200000000000001</velocity>
      <orientation>0.9249307462276559</orientation>
      <time>26</time>
    </ksState>
    <ksState>
      <x>353.94471189235287</x>
      <y>-146.1959971774663</y>
      <steeringAngle>-0.07106666666666667</steeringAngle>
      <velocity>10.400000000000007</velocity>
      <orientation>0.902678315429166</orientation>
      <time>27</time>
    </ksState>
    <ksState>
      <x>354.6146638660056</x>
      <y>-145.45211973900788</y>
      <steeringAngle>-0.10660000000000001</steeringAngle>
      <velocity>9.60000000000001</velocity>
      <orientation>0.8682303045444942</orientation>
      <time>28</time>
    </ksState>
    <ksState>
      <x>355.2712357105402</x>
      <y>-144.80477303399957</y>
      <steeringAngle>-0.14213333333333344</steeringAngle>
      <velocity>8.800000000000008</velocity>
      <orientation>0.8237221724236494</orientation>
      <time>29</time>
    </ksState>
    <ksState>
      <x>355.91069742811703</x>
      <y>-144.255256423318</y>
      <steeringAngle>-0.17766666666666675</steeringAngle>
      <velocity>8.000000000000009</velocity>
      <orientation>0.771279874608668</orientation>
      <time>30</time>
    </ksState>
    <ksState>
      <x>356.5531713062785</x>
      <y>-143.77220336347034</y>
      <steeringAngle>-0.17766666666666667</steeringAngle>
      <velocity>8.0</velocity>
      <orientation>0.7155788982981562</orientation>
      <time>31</time>
    </ksState>
    <ksState>
      <x>357.22154141579847</x>
      <y>-143.32566736418252</y>
      <steeringAngle>-0.17766666666666667</steeringAngle>
      <velocity>8.0</velocity>
      <orientation>0.6598779219876445</orientation>
      <time>32</time>
    </ksState>
    <ksState>
      <x>357.9137345832465</x>
      <y>-142.9170335132421</y>
      <steeringAngle>-0.17766666666666667</steeringAngle>
      <velocity>8.0</velocity>
      <orientation>0.6041769456771328</orientation>
      <time>33</time>
    </ksState>
    <ksState>
      <x>358.6276037662585</x>
      <y>-142.54756930969648</y>
      <steeringAngle>-0.17766666666666667</steeringAngle>
      <velocity>8.0</velocity>
      <orientation>0.5484759693666209</orientation>
      <time>34</time>
    </ksState>
    <ksState>
      <x>359.36093468866187</x>
      <y>-142.2184207564559</y>
      <steeringAngle>-0.17766666666666667</steeringAngle>
      <velocity>8.0</velocity>
      <orientation>0.4927749930561091</orientation>
      <time>35</time>
    </ksState>
    <ksState>
      <x>360.1114526709828</x>
      <y>-141.9306088370347</y>
      <steeringAngle>-0.17766666666666667</steeringAngle>
      <velocity>8.0</velocity>
      <orientation>0.4370740167455973</orientation>
      <time>36</time>
    </ksState>
    <ksState>
      <x>360.8768298257484</x>
      <y>-141.68502623805279</y>
      <steeringAngle>-0.17766666666666667</steeringAngle>
      <velocity>8.0</velocity>
      <orientation>0.3813730404350856</orientation>
      <time>37</time>
    </ksState>
    <ksState>
      <x>361.6546920777973</x>
      <y>-141.48243472284668</y>
      <steeringAngle>-0.17766666666666667</steeringAngle>
      <velocity>8.0</velocity>
      <orientation>0.3256720641245739</orientation>
      <time>38</time>
    </ksState>
    <ksState>
      <x>362.4426266566999</x>
      <y>-141.32346268906247</y>
      <steeringAngle>-0.17766666666666667</steeringAngle>
      <velocity>8.0</velocity>
      <orientation>0.2699710878140621</orientation>
      <time>39</time>
    </ksState>
    <ksState>
      <x>363.2381895504307</x>
      <y>-141.20860323593885</y>
      <steeringAngle>-0.17766666666666667</steeringAngle>
      <velocity>8.0</velocity>
      <orientation>0.21427011150355024</orientation>
      <time>40</time>
    </ksState>
    <ksState>
      <x>364.0373554552095</x>
      <y>-141.1287666140198</y>
      <steeringAngle>-0.14213333333333336</steeringAngle>
      <velocity>8.0</velocity>
      <orientation>0.1642352999548018</orientation>
      <time>41</time>
    </ksState>
    <ksState>
      <x>364.83699979140283</x>
      <y>-141.06863970555835</y>
      <steeringAngle>-0.1066000000000001</steeringAngle>
      <velocity>8.0</velocity>
      <orientation>0.12545144794780447</orientation>
      <time>42</time>
    </ksState>
    <ksState>
      <x>365.63645630044914</x>
      <y>-141.01932313197207</y>
      <steeringAngle>-0.07106666666666674</steeringAngle>
      <velocity>8.0</velocity>
      <orientation>0.09781896891811756</orientation>
      <time>43</time>
    </ksState>
    <ksState>
      <x>366.43541338317664</x>
      <y>-140.97197264214097</y>
      <steeringAngle>-0.035533333333333354</steeringAngle>
      <velocity>8.0</velocity>
      <orientation>0.08126744828908822</orientation>
      <time>44</time>
    </ksState>
    <ksState>
      <x>367.23362039640534</x>
      <y>-140.9177797521305</y>
      <steeringAngle>-2.0816681711721685e-17</steeringAngle>
      <velocity>8.0</velocity>
      <orientation>0.07575492183068339</orientation>
      <time>45</time>
    </ksState>
    <ksState>
      <x>368.030597142081</x>
      <y>-140.84794965816488</y>
      <steeringAngle>0.03553333333333333</steeringAngle>
      <velocity>8.0</velocity>
      <orientation>0.08126745683352217</orientation>
      <time>46</time>
    </ksState>
    <ksState>
      <x>368.82534275574807</x>
      <y>-140.753692119493</y>
      <steeringAngle>0.07106666666666667</steeringAngle>
      <velocity>8.0</velocity>
      <orientation>0.0978189777137918</orientation>
      <time>47</time>
    </ksState>
    <ksState>
      <x>369.61604028874774</x>
      <y>-140.6262410546443</y>
      <steeringAngle>0.10659999999999997</steeringAngle>
      <velocity>8.0</velocity>
      <orientation>0.1254514570044867</orientation>
      <time>48</time>
    </ksState>
    <ksState>
      <x>370.3997569898217</x>
      <y>-140.45691968442964</y>
      <steeringAngle>0.1421333333333333</steeringAngle>
      <velocity>8.0</velocity>
      <orientation>0.16423530927722163</orientation>
      <time>49</time>
    </ksState>
    <ksState>
      <x>371.17214217522894</x>
      <y>-140.2372688656312</y>
      <steeringAngle>0.17766666666666667</steeringAngle>
      <velocity>8.0</velocity>
      <orientation>0.2142701215263763</orientation>
      <time>50</time>
    </ksState>
    <ksState>
      <x>371.9297092425357</x>
      <y>-139.96855883366308</y>
      <steeringAngle>0.17766666666666667</steeringAngle>
      <velocity>8.0</velocity>
      <orientation>0.2699710978368881</orientation>
      <time>51</time>
    </ksState>
    <ksState>
      <x>372.6711417640258</x>
      <y>-139.65809012664656</y>
      <steeringAngle>0.17766666666666667</steeringAngle>
      <velocity>8.0</velocity>
      <orientation>0.32567207414739985</orientation>
      <time>52</time>
    </ksState>
    <ksState>
      <x>373.39413993289224</x>
      <y>-139.30682576322232</y>
      <steeringAngle>0.17766666666666667</steeringAngle>
      <velocity>8.0</velocity>
      <orientation>0.38137305045791153</orientation>
      <time>53</time>
    </ksState>
    <ksState>
      <x>374.0964611559354</x>
      <y>-138.91585529398063</y>
      <steeringAngle>0.17766666666666667</steeringAngle>
      <velocity>8.0</velocity>
      <orientation>0.43707402676842333</orientation>
      <time>54</time>
    </ksState>
    <ksState>
      <x>374.77592697594986</x>
      <y>-138.486391429045</y>
      <steeringAngle>0.17766666666666667</steeringAngle>
      <velocity>8.0</velocity>
      <orientation>0.4927750030789352</orientation>
      <time>55</time>
    </ksState>
    <ksState>
      <x>375.4353816270928</x>
      <y>-138.0279597627673</y>
      <steeringAngle>0.14213333333333336</steeringAngle>
      <velocity>8.0</velocity>
      <orientation>0.5428098146276836</orientation>
      <time>56</time>
    </ksState>
    <ksState>
      <x>376.0823967884281</x>
      <y>-137.55423231947364</y>
      <steeringAngle>0.1066000000000001</steeringAngle>
      <velocity>8.0</velocity>
      <orientation>0.5815936666346809</orientation>
      <time>57</time>
    </ksState>
    <ksState>
      <x>376.72224686162684</x>
      <y>-137.0724079550894</y>
      <steeringAngle>0.07106666666666674</steeringAngle>
      <velocity>8.0</velocity>
      <orientation>0.6092261456643678</orientation>
      <time>58</time>
    </ksState>
    <ksState>
      <x>377.3604400802015</x>
      <y>-136.58941322976304</y>
      <steeringAngle>0.035533333333333354</steeringAngle>
      <velocity>8.0</velocity>
      <orientation>0.6257776662933972</orientation>
      <time>59</time>
    </ksState>
    <ksState>
      <x>378.0025077875615</x>
      <y>-136.11210791399483</y>
      <steeringAngle>2.0816681711721685e-17</steeringAngle>
      <velocity>8.0</velocity>
      <orientation>0.631290192751802</orientation>
      <time>60</time>
    </ksState>
    <ksState>
      <x>378.6537979135727</x>
      <y>-135.64749049403366</y>
      <steeringAngle>-0.03553333333333333</steeringAngle>
      <velocity>8.0</velocity>
      <orientation>0.6257776577489632</orientation>
      <time>61</time>
    </ksState>
    <ksState>
      <x>379.3192595693291</x>
      <y>-135.2028942066477</y>
      <steeringAngle>-0.07106666666666667</steeringAngle>
      <velocity>8.0</velocity>
      <orientation>0.6092261368686935</orientation>
      <time>62</time>
    </ksState>
    <ksState>
      <x>380.00320571599855</x>
      <y>-134.7861640408582</y>
      <steeringAngle>-0.10659999999999997</steeringAngle>
      <velocity>8.0</velocity>
      <orientation>0.5815936575779986</orientation>
      <time>63</time>
    </ksState>
    <ksState>
      <x>380.70904297727844</x>
      <y>-134.40580190480543</y>
      <steeringAngle>-0.1421333333333333</steeringAngle>
      <velocity>8.0</velocity>
      <orientation>0.5428098053052637</orientation>
      <time>64</time>
    </ksState>
    <ksState>
      <x>381.43895857039263</x>
      <y>-134.0710653161808</y>
      <steeringAngle>-0.17766666666666667</steeringAngle>
      <velocity>8.0</velocity>
      <orientation>0.49277499305610906</orientation>
      <time>65</time>
    </ksState>
    <ksState>
      <x>382.1853820934121</x>
      <y>-133.77459954439018</y>
      <steeringAngle>-0.14213333333333336</steeringAngle>
      <velocity>8.0</velocity>
      <orientation>0.4427401815073606</orientation>
      <time>66</time>
    </ksState>
    <ksState>
      <x>382.93768417655514</x>
      <y>-133.49695249285546</y>
      <steeringAngle>-0.1066000000000001</steeringAngle>
      <velocity>8.0</velocity>
      <orientation>0.4039563295003633</orientation>
      <time>67</time>
    </ksState>
    <ksState>
      <x>383.69277763048325</x>
      <y>-133.22975086463873</y>
      <steeringAngle>-0.07106666666666674</steeringAngle>
      <velocity>8.0</velocity>
      <orientation>0.3763238504706764</orientation>
      <time>68</time>
    </ksState>
    <ksState>
      <x>384.4479314149087</x>
      <y>-132.96457686365875</y>
      <steeringAngle>-0.035533333333333354</steeringAngle>
      <velocity>8.0</velocity>
      <orientation>0.35977232984164703</orientation>
      <time>69</time>
    </ksState>
    <ksState>
      <x>385.2004829298105</x>
      <y>-132.6930303248959</y>
      <steeringAngle>-2.0816681711721685e-17</steeringAngle>
      <velocity>8.0</velocity>
      <orientation>0.3542598033832422</orientation>
      <time>70</time>
    </ksState>
    <ksState>
      <x>385.95080574352585</x>
      <y>-132.4155133430402</y>
      <steeringAngle>0.0</steeringAngle>
      <velocity>8.0</velocity>
      <orientation>0.3542598033832422</orientation>
      <time>71</time>
    </ksState>
    <ksState>
      <x>386.7011285572412</x>
      <y>-132.13799636118452</y>
      <steeringAngle>0.0</steeringAngle>
      <velocity>8.0</velocity>
      <orientation>0.3542598033832422</orientation>
      <time>72</time>
    </ksState>
    <ksState>
      <x>387.45145137095653</x>
      <y>-131.86047937932884</y>
      <steeringAngle>0.0</steeringAngle>
      <velocity>8.0</velocity>
      <orientation>0.3542598033832422</orientation>
      <time>73</time>
    </ksState>
    <ksState>
      <x>388.2017741846719</x>
      <y>-131.58296239747315</y>
      <steeringAngle>0.0</steeringAngle>
      <velocity>8.0</velocity>
      <orientation>0.3542598033832422</orientation>
      <time>74</time>
    </ksState>
    <ksState>
      <x>388.9520969983872</x>
      <y>-131.30544541561747</y>
      <steeringAngle>0.0</steeringAngle>
      <velocity>8.0</velocity>
      <orientation>0.3542598033832422</orientation>
      <time>75</time>
    </ksState>
    <ksState>
      <x>389.66490367073504</x>
      <y>-131.04180428310673</y>
      <steeringAngle>0.0</steeringAngle>
      <velocity>7.200000000000001</velocity>
      <orientation>0.3542598033832422</orientation>
      <time>76</time>
    </ksState>
    <ksState>
      <x>390.3026780614353</x>
      <y>-130.80591484888365</y>
      <steeringAngle>0.0</steeringAngle>
      <velocity>6.400000000000001</velocity>
      <orientation>0.3542598033832422</orientation>
      <time>77</time>
    </ksState>
    <ksState>
      <x>390.8654201706757</x>
      <y>-130.5977771128788</y>
      <steeringAngle>0.0</steeringAngle>
      <velocity>5.600000000000001</velocity>
      <orientation>0.3542598033832422</orientation>
      <time>78</time>
    </ksState>
    <ksState>
      <x>391.3531299985093</x>
      <y>-130.41739107507257</y>
      <steeringAngle>0.0</steeringAngle>
      <velocity>4.800000000000001</velocity>
      <orientation>0.3542598033832422</orientation>
      <time>79</time>
    </ksState>
    <ksState>
      <x>391.7658075449556</x>
      <y>-130.26475673545775</y>
      <steeringAngle>0.0</steeringAngle>
      <velocity>4.000000000000001</velocity>
      <orientation>0.3542598033832422</orientation>
      <time>80</time>
    </ksState>
    <ksState>
      <x>392.13947578315737</x>
      <y>-130.12197767325569</y>
      <steeringAngle>0.035533333333333326</steeringAngle>
      <velocity>4.0</velocity>
      <orientation>0.3570160779158426</orientation>
      <time>81</time>
    </ksState>
    <ksState>
      <x>392.5095752383966</x>
      <y>-129.96979436314112</y>
      <steeringAngle>0.07106666666666711</steeringAngle>
      <velocity>4.0</velocity>
      <orientation>0.36529183845912805</orientation>
      <time>82</time>
    </ksState>
    <ksState>
      <x>392.87510300984184</x>
      <y>-129.8061912140645</y>
      <steeringAngle>0.10660000000000043</steeringAngle>
      <velocity>4.0</velocity>
      <orientation>0.37910807827826487</orientation>
      <time>83</time>
    </ksState>
    <ksState>
      <x>393.23485470875374</x>
      <y>-129.6292038172274</y>
      <steeringAngle>0.14213333333333378</steeringAngle>
      <velocity>4.0</velocity>
      <orientation>0.3985000046638107</orientation>
      <time>84</time>
    </ksState>
    <ksState>
      <x>393.58738758379906</x>
      <y>-129.43693948229173</y>
      <steeringAngle>0.1776666666666672</steeringAngle>
      <velocity>4.0</velocity>
      <orientation>0.423517411115208</orientation>
      <time>85</time>
    </ksState>
    <ksState>
      <x>393.9002663153621</x>
      <y>-129.25598128940646</y>
      <steeringAngle>0.1421333333333333</steeringAngle>
      <velocity>3.1999999999999993</velocity>
      <orientation>0.44612732608865036</orientation>
      <time>86</time>
    </ksState>
    <ksState>
      <x>394.14347818706756</x>
      <y>-129.11587985740374</y>
      <steeringAngle>0.10659999999999997</steeringAngle>
      <velocity>2.3999999999999977</velocity>
      <orientation>0.4597949669593577</orientation>
      <time>87</time>
    </ksState>
    <ksState>
      <x>394.317923109372</x>
      <y>-129.0175491868165</y>
      <steeringAngle>0.07106666666666664</steeringAngle>
      <velocity>1.5999999999999976</velocity>
      <orientation>0.46679567281257683</orientation>
      <time>88</time>
    </ksState>
    <ksState>
      <x>394.4233551525177</x>
      <y>-128.96012432923095</y>
      <steeringAngle>0.0355333333333333</steeringAngle>
      <velocity>0.7999999999999972</velocity>
      <orientation>0.4693705172865441</orientation>
      <time>89</time>
    </ksState>
    <ksState>
      <x>394.4587887005302</x>
      <y>-128.94155719440627</y>
      <steeringAngle>-2.5153490401663703e-17</steeringAngle>
      <velocity>-2.914335439641036e-15</velocity>
      <orientation>0.46973802886507526</orientation>
      <time>90</time>
    </ksState>
    <ksState>
      <x>394.4587887005302</x>
      <y>-128.94155719440627</y>
      <steeringAngle>0.0</steeringAngle>
      <velocity>0.0</velocity>
      <orientation>0.46973802886507526</orientation>
      <time>91</time>
    </ksState>
    <ksState>
      <x>394.4587887005302</x>
      <y>-128.94155719440627</y>
      <steeringAngle>0.0</steeringAngle>
      <velocity>0.0</velocity>
      <orientation>0.46973802886507526</orientation>
      <time>92</time>
    </ksState>
    <ksState>
      <x>394.4587887005302</x>
      <y>-128.94155719440627</y>
      <steeringAngle>0.0</steeringAngle>
      <velocity>0.0</velocity>
      <orientation>0.46973802886507526</orientation>
      <time>93</time>
    </ksState>
    <ksState>
      <x>394.4587887005302</x>
      <y>-128.94155719440627</y>
      <steeringAngle>0.0</steeringAngle>
      <velocity>0.0</velocity>
      <orientation>0.46973802886507526</orientation>
      <time>94</time>
    </ksState>
    <ksState>
      <x>394.4587887005302</x>
      <y>-128.94155719440627</y>
      <steeringAngle>0.0</steeringAngle>
      <velocity>0.0</velocity>
      <orientation>0.46973802886507526</orientation>
      <time>95</time>
    </ksState>
    <ksState>
      <x>394.4587887005302</x>
      <y>-128.94155719440627</y>
      <steeringAngle>0.0</steeringAngle>
      <velocity>0.0</velocity>
      <orientation>0.46973802886507526</orientation>
      <time>96</time>
    </ksState>
    <ksState>
      <x>394.4587887005302</x>
      <y>-128.94155719440627</y>
      <steeringAngle>0.0</steeringAngle>
      <velocity>0.0</velocity>
      <orientation>0.46973802886507526</orientation>
      <time>97</time>
    </ksState>
    <ksState>
      <x>394.4587887005302</x>
      <y>-128.94155719440627</y>
      <steeringAngle>0.0</steeringAngle>
      <velocity>0.0</velocity>
      <orientation>0.46973802886507526</orientation>
      <time>98</time>
    </ksState>
    <ksState>
      <x>394.4587887005302</x>
      <y>-128.94155719440627</y>
      <steeringAngle>0.0</steeringAngle>
      <velocity>0.0</velocity>
      <orientation>0.46973802886507526</orientation>
      <time>99</time>
    </ksState>
  </ksTrajectory>
</CommonRoadSolution>
