<?xml version="1.0" ?>
<CommonRoadSolution benchmark_id="KS2:SM1:DEU_Guetersloh-16_2_T-1:2020a" computation_time="0.8180400749997716" date="2023-01-12T15:00:04">
  <ksTrajectory planningProblem="1">
    <ksState>
      <x>71.145059</x>
      <y>310.40833</y>
      <steeringAngle>0.0</steeringAngle>
      <velocity>8.0</velocity>
      <orientation>0.024698916</orientation>
      <time>0</time>
    </ksState>
    <ksState>
      <x>71.90525087139171</x>
      <y>310.418491019175</y>
      <steeringAngle>-0.03553333333333333</steeringAngle>
      <velocity>7.199999999999999</velocity>
      <orientation>0.019553903017507677</orientation>
      <time>1</time>
    </ksState>
    <ksState>
      <x>72.58564199426174</x>
      <y>310.40768359896344</y>
      <steeringAngle>-0.07106666666666664</steeringAngle>
      <velocity>6.400000000000001</velocity>
      <orientation>0.005577230896544567</orientation>
      <time>2</time>
    </ksState>
    <ksState>
      <x>73.18567030975547</x>
      <y>310.3759006592585</y>
      <steeringAngle>-0.10659999999999997</steeringAngle>
      <velocity>5.600000000000004</velocity>
      <orientation>-0.015054536969336799</orientation>
      <time>3</time>
    </ksState>
    <ksState>
      <x>73.7046389380235</x>
      <y>310.32613352691897</y>
      <steeringAngle>-0.1421333333333333</steeringAngle>
      <velocity>4.800000000000003</velocity>
      <orientation>-0.04017074447798506</orientation>
      <time>4</time>
    </ksState>
    <ksState>
      <x>74.14203133799649</x>
      <y>310.2636951030526</y>
      <steeringAngle>-0.17766666666666653</steeringAngle>
      <velocity>4.000000000000006</velocity>
      <orientation>-0.06759564106313487</orientation>
      <time>5</time>
    </ksState>
    <ksState>
      <x>74.49801253234929</x>
      <y>310.19933481522776</y>
      <steeringAngle>-0.17766666666666667</steeringAngle>
      <velocity>3.2000000000000006</velocity>
      <orientation>-0.09266108033131246</orientation>
      <time>6</time>
    </ksState>
    <ksState>
      <x>74.7737057060811</x>
      <y>310.14312029906847</y>
      <steeringAngle>-0.17766666666666667</steeringAngle>
      <velocity>2.4000000000000012</velocity>
      <orientation>-0.11215642196134223</orientation>
      <time>7</time>
    </ksState>
    <ksState>
      <x>74.96993248878067</x>
      <y>310.09968184135346</y>
      <steeringAngle>-0.17766666666666667</steeringAngle>
      <velocity>1.6000000000000005</velocity>
      <orientation>-0.12608166596032322</orientation>
      <time>8</time>
    </ksState>
    <ksState>
      <x>75.0873715169077</x>
      <y>310.07230865813233</y>
      <steeringAngle>-0.17766666666666667</steeringAngle>
      <velocity>0.8000000000000004</velocity>
      <orientation>-0.13443681233107732</orientation>
      <time>9</time>
    </ksState>
    <ksState>
      <x>75.12646652793583</x>
      <y>310.0629663227875</y>
      <steeringAngle>-0.17766666666666667</steeringAngle>
      <velocity>2.7755575615628914e-16</velocity>
      <orientation>-0.13722186107729267</orientation>
      <time>10</time>
    </ksState>
    <ksState>
      <x>75.12646652793583</x>
      <y>310.0629663227875</y>
      <steeringAngle>-0.14213333333333336</steeringAngle>
      <velocity>0.0</velocity>
      <orientation>-0.13722186107729267</orientation>
      <time>11</time>
    </ksState>
    <ksState>
      <x>75.12646652793583</x>
      <y>310.0629663227875</y>
      <steeringAngle>-0.10660000000000001</steeringAngle>
      <velocity>0.0</velocity>
      <orientation>-0.13722186107729267</orientation>
      <time>12</time>
    </ksState>
    <ksState>
      <x>75.12646652793583</x>
      <y>310.0629663227875</y>
      <steeringAngle>-0.07106666666666668</steeringAngle>
      <velocity>0.0</velocity>
      <orientation>-0.13722186107729267</orientation>
      <time>13</time>
    </ksState>
    <ksState>
      <x>75.12646652793583</x>
      <y>310.0629663227875</y>
      <steeringAngle>-0.03553333333333333</steeringAngle>
      <velocity>0.0</velocity>
      <orientation>-0.13722186107729267</orientation>
      <time>14</time>
    </ksState>
    <ksState>
      <x>75.12646652793583</x>
      <y>310.0629663227875</y>
      <steeringAngle>-0.0</steeringAngle>
      <velocity>0.0</velocity>
      <orientation>-0.13722186107729267</orientation>
      <time>15</time>
    </ksState>
    <ksState>
      <x>75.16616275956983</x>
      <y>310.0580184827875</y>
      <steeringAngle>0.03553333333333333</steeringAngle>
      <velocity>0.8</velocity>
      <orientation>-0.1368543292990507</orientation>
      <time>16</time>
    </ksState>
    <ksState>
      <x>75.28555461946908</x>
      <y>310.0454138515661</y>
      <steeringAngle>0.0710666666666667</steeringAngle>
      <velocity>1.6</velocity>
      <orientation>-0.13427948270706505</orientation>
      <time>17</time>
    </ksState>
    <ksState>
      <x>75.48513918659306</x>
      <y>310.0291619934136</y>
      <steeringAngle>0.10660000000000003</steeringAngle>
      <velocity>2.4000000000000004</velocity>
      <orientation>-0.12727877847022784</orientation>
      <time>18</time>
    </ksState>
    <ksState>
      <x>75.76543393117989</x>
      <y>310.01473290584374</y>
      <steeringAngle>0.14213333333333342</steeringAngle>
      <velocity>3.2000000000000015</velocity>
      <orientation>-0.11361113752940769</orientation>
      <time>19</time>
    </ksState>
    <ksState>
      <x>76.1268134848226</x>
      <y>310.009814792305</y>
      <steeringAngle>0.17766666666666683</steeringAngle>
      <velocity>4.0000000000000036</velocity>
      <orientation>-0.09100122165618754</orientation>
      <time>20</time>
    </ksState>
    <ksState>
      <x>76.56851628755476</x>
      <y>310.0149698111061</y>
      <steeringAngle>0.14213333333333333</steeringAngle>
      <velocity>4.8000000000000025</velocity>
      <orientation>-0.06357632193783512</orientation>
      <time>21</time>
    </ksState>
    <ksState>
      <x>77.08966421990583</x>
      <y>310.0244528996762</y>
      <steeringAngle>0.10660000000000003</steeringAngle>
      <velocity>5.600000000000005</velocity>
      <orientation>-0.03846010965891724</orientation>
      <time>22</time>
    </ksState>
    <ksState>
      <x>77.69025353000126</x>
      <y>310.03732601267495</y>
      <steeringAngle>0.07106666666666671</steeringAngle>
      <velocity>6.400000000000004</velocity>
      <orientation>-0.017828340059457742</orientation>
      <time>23</time>
    </ksState>
    <ksState>
      <x>78.37042912431326</x>
      <y>310.0503705759633</y>
      <steeringAngle>0.035533333333333375</steeringAngle>
      <velocity>7.200000000000006</velocity>
      <orientation>-0.003851671966665457</orientation>
      <time>24</time>
    </ksState>
    <ksState>
      <x>79.13043753555428</x>
      <y>310.0573813723884</y>
      <steeringAngle>2.6346112791397758e-17</steeringAngle>
      <velocity>8.000000000000007</velocity>
      <orientation>0.0012933408129029988</orientation>
      <time>25</time>
    </ksState>
    <ksState>
      <x>79.89043753482738</x>
      <y>310.0583643114053</y>
      <steeringAngle>0.0</steeringAngle>
      <velocity>7.200000000000001</velocity>
      <orientation>0.0012933408129029988</orientation>
      <time>26</time>
    </ksState>
    <ksState>
      <x>80.5704375338062</x>
      <y>310.0592437831567</y>
      <steeringAngle>0.0</steeringAngle>
      <velocity>6.400000000000001</velocity>
      <orientation>0.0012933408129029988</orientation>
      <time>27</time>
    </ksState>
    <ksState>
      <x>81.17043753269084</x>
      <y>310.06001978764306</y>
      <steeringAngle>0.0</steeringAngle>
      <velocity>5.600000000000001</velocity>
      <orientation>0.0012933408129029988</orientation>
      <time>28</time>
    </ksState>
    <ksState>
      <x>81.69043753153787</x>
      <y>310.06069232486425</y>
      <steeringAngle>0.0</steeringAngle>
      <velocity>4.800000000000001</velocity>
      <orientation>0.0012933408129029988</orientation>
      <time>29</time>
    </ksState>
    <ksState>
      <x>82.13043753036803</x>
      <y>310.0612613948204</y>
      <steeringAngle>0.0</steeringAngle>
      <velocity>4.000000000000001</velocity>
      <orientation>0.0012933408129029988</orientation>
      <time>30</time>
    </ksState>
    <ksState>
      <x>82.49043752934035</x>
      <y>310.0617269975117</y>
      <steeringAngle>0.0</steeringAngle>
      <velocity>3.2</velocity>
      <orientation>0.0012933408129029988</orientation>
      <time>31</time>
    </ksState>
    <ksState>
      <x>82.77043752821079</x>
      <y>310.0620891329379</y>
      <steeringAngle>0.0</steeringAngle>
      <velocity>2.4000000000000004</velocity>
      <orientation>0.0012933408129029988</orientation>
      <time>32</time>
    </ksState>
    <ksState>
      <x>82.97043752708124</x>
      <y>310.062347801099</y>
      <steeringAngle>0.0</steeringAngle>
      <velocity>1.6</velocity>
      <orientation>0.0012933408129029988</orientation>
      <time>33</time>
    </ksState>
  </ksTrajectory>
</CommonRoadSolution>
