<?xml version="1.0" ?>
<CommonRoadSolution benchmark_id="KS2:SM1:ITA_Foggia-11_1_T-1:2020a" computation_time="1.3664695560000837" date="2023-01-12T15:00:04">
  <ksTrajectory planningProblem="1">
    <ksState>
      <x>-6.9810402</x>
      <y>-932.33797</y>
      <steeringAngle>0.0</steeringAngle>
      <velocity>4.0</velocity>
      <orientation>-0.87238692</orientation>
      <time>0</time>
    </ksState>
    <ksState>
      <x>-6.694364803807932</x>
      <y>-932.6717885535028</y>
      <steeringAngle>0.035533333333333326</steeringAngle>
      <velocity>4.799999999999999</velocity>
      <orientation>-0.8692631413308092</orientation>
      <time>1</time>
    </ksState>
    <ksState>
      <x>-6.345112842049158</x>
      <y>-933.0573389296645</y>
      <steeringAngle>0.07106666666666667</steeringAngle>
      <velocity>5.599999999999998</velocity>
      <orientation>-0.8584125302696364</orientation>
      <time>2</time>
    </ksState>
    <ksState>
      <x>-5.926332605080028</x>
      <y>-933.4879925066573</y>
      <steeringAngle>0.10659999999999999</steeringAngle>
      <velocity>6.3999999999999995</velocity>
      <orientation>-0.8375955812693083</orientation>
      <time>3</time>
    </ksState>
    <ksState>
      <x>-5.42894642285266</x>
      <y>-933.9539604152686</y>
      <steeringAngle>0.14213333333333333</steeringAngle>
      <velocity>7.199999999999999</velocity>
      <orientation>-0.8045360102881433</orientation>
      <time>4</time>
    </ksState>
    <ksState>
      <x>-4.841883736560171</x>
      <y>-934.4411425543879</y>
      <steeringAngle>0.17766666666666664</steeringAngle>
      <velocity>7.9999999999999964</velocity>
      <orientation>-0.7569086882065966</orientation>
      <time>5</time>
    </ksState>
    <ksState>
      <x>-4.219847821495446</x>
      <y>-934.8852819477294</y>
      <steeringAngle>0.21320000000000014</steeringAngle>
      <velocity>7.200000000000003</velocity>
      <orientation>-0.6986593611351037</orientation>
      <time>6</time>
    </ksState>
    <ksState>
      <x>-3.631776340939303</x>
      <y>-935.2375362865924</y>
      <steeringAngle>0.24873333333333347</steeringAngle>
      <velocity>6.400000000000004</velocity>
      <orientation>-0.6367422736493245</orientation>
      <time>7</time>
    </ksState>
    <ksState>
      <x>-3.0873067713586924</x>
      <y>-935.5049148087658</y>
      <steeringAngle>0.2842666666666668</steeringAngle>
      <velocity>5.600000000000001</velocity>
      <orientation>-0.5733201308854032</orientation>
      <time>8</time>
    </ksState>
    <ksState>
      <x>-2.596043982271442</x>
      <y>-935.6969401672344</y>
      <steeringAngle>0.3198</steeringAngle>
      <velocity>4.800000000000002</velocity>
      <orientation>-0.5105910311434507</orientation>
      <time>9</time>
    </ksState>
    <ksState>
      <x>-2.16675368080603</x>
      <y>-935.8251725262045</y>
      <steeringAngle>0.3553333333333332</steeringAngle>
      <velocity>4.000000000000001</velocity>
      <orientation>-0.4508011970952359</orientation>
      <time>10</time>
    </ksState>
    <ksState>
      <x>-1.7702283604079727</x>
      <y>-935.918763985629</y>
      <steeringAngle>0.31979999999999986</steeringAngle>
      <velocity>4.0</velocity>
      <orientation>-0.3963529979018563</orientation>
      <time>11</time>
    </ksState>
    <ksState>
      <x>-1.3725750142047133</x>
      <y>-935.999976849494</y>
      <steeringAngle>0.28426666666666656</steeringAngle>
      <velocity>4.0</velocity>
      <orientation>-0.34802231842059905</orientation>
      <time>12</time>
    </ksState>
    <ksState>
      <x>-0.9743746520616952</x>
      <y>-936.0711500925197</y>
      <steeringAngle>0.2487333333333332</steeringAngle>
      <velocity>4.0</velocity>
      <orientation>-0.305675084697724</orientation>
      <time>13</time>
    </ksState>
    <ksState>
      <x>-0.5760391571245957</x>
      <y>-936.1345883885776</y>
      <steeringAngle>0.21319999999999986</steeringAngle>
      <velocity>4.0</velocity>
      <orientation>-0.2691962436240962</orientation>
      <time>14</time>
    </ksState>
    <ksState>
      <x>-0.1778537807055629</x>
      <y>-936.1925628379647</y>
      <steeringAngle>0.1776666666666665</steeringAngle>
      <velocity>4.0</velocity>
      <orientation>-0.2384884609752684</orientation>
      <time>15</time>
    </ksState>
    <ksState>
      <x>0.22183937234973983</x>
      <y>-936.2386568317819</y>
      <steeringAngle>0.21319999999999995</steeringAngle>
      <velocity>4.0</velocity>
      <orientation>-0.20778067833776825</orientation>
      <time>16</time>
    </ksState>
    <ksState>
      <x>0.624394994335831</x>
      <y>-936.2632396178719</y>
      <steeringAngle>0.24873333333333336</steeringAngle>
      <velocity>4.0</velocity>
      <orientation>-0.17130183721507397</orientation>
      <time>17</time>
    </ksState>
    <ksState>
      <x>1.0288469564268878</x>
      <y>-936.2636902716167</y>
      <steeringAngle>0.2842666666666667</steeringAngle>
      <velocity>4.0</velocity>
      <orientation>-0.12895460336962594</orientation>
      <time>18</time>
    </ksState>
    <ksState>
      <x>1.4337844702103524</x>
      <y>-936.2373486056641</y>
      <steeringAngle>0.31980000000000003</steeringAngle>
      <velocity>4.0</velocity>
      <orientation>-0.08062392200249091</orientation>
      <time>19</time>
    </ksState>
    <ksState>
      <x>1.8372879864264187</x>
      <y>-936.1815573690101</y>
      <steeringAngle>0.35533333333333333</steeringAngle>
      <velocity>4.0</velocity>
      <orientation>-0.02617572082421246</orientation>
      <time>20</time>
    </ksState>
    <ksState>
      <x>2.1974881706213587</x>
      <y>-936.1121149656315</y>
      <steeringAngle>0.31979999999999975</steeringAngle>
      <velocity>3.2</velocity>
      <orientation>0.02293083923357589</orientation>
      <time>21</time>
    </ksState>
    <ksState>
      <x>2.4754182593926295</x>
      <y>-936.0526082018733</y>
      <steeringAngle>0.2842666666666663</steeringAngle>
      <velocity>2.4000000000000004</velocity>
      <orientation>0.05686309459979026</orientation>
      <time>22</time>
    </ksState>
    <ksState>
      <x>2.672982759709649</x>
      <y>-936.0088691366444</y>
      <steeringAngle>0.24873333333333292</steeringAngle>
      <velocity>1.6000000000000008</velocity>
      <orientation>0.07813541554672901</orientation>
      <time>23</time>
    </ksState>
    <ksState>
      <x>2.7912894724096144</x>
      <y>-935.9831684040497</y>
      <steeringAngle>0.21319999999999967</steeringAngle>
      <velocity>0.8000000000000008</velocity>
      <orientation>0.08917600628778384</orientation>
      <time>24</time>
    </ksState>
    <ksState>
      <x>2.830730029763683</x>
      <y>-935.9750539030156</y>
      <steeringAngle>0.1776666666666663</steeringAngle>
      <velocity>6.661338147750939e-16</velocity>
      <orientation>0.09234224382966212</orientation>
      <time>25</time>
    </ksState>
    <ksState>
      <x>2.830730029763683</x>
      <y>-935.9750539030156</y>
      <steeringAngle>0.14213333333333336</steeringAngle>
      <velocity>0.0</velocity>
      <orientation>0.09234224382966212</orientation>
      <time>26</time>
    </ksState>
    <ksState>
      <x>2.830730029763683</x>
      <y>-935.9750539030156</y>
      <steeringAngle>0.10660000000000001</steeringAngle>
      <velocity>0.0</velocity>
      <orientation>0.09234224382966212</orientation>
      <time>27</time>
    </ksState>
    <ksState>
      <x>2.830730029763683</x>
      <y>-935.9750539030156</y>
      <steeringAngle>0.07106666666666668</steeringAngle>
      <velocity>0.0</velocity>
      <orientation>0.09234224382966212</orientation>
      <time>28</time>
    </ksState>
    <ksState>
      <x>2.830730029763683</x>
      <y>-935.9750539030156</y>
      <steeringAngle>0.03553333333333333</steeringAngle>
      <velocity>0.0</velocity>
      <orientation>0.09234224382966212</orientation>
      <time>29</time>
    </ksState>
    <ksState>
      <x>2.830730029763683</x>
      <y>-935.9750539030156</y>
      <steeringAngle>0.0</steeringAngle>
      <velocity>0.0</velocity>
      <orientation>0.09234224382966212</orientation>
      <time>30</time>
    </ksState>
    <ksState>
      <x>2.830730029763683</x>
      <y>-935.9750539030156</y>
      <steeringAngle>0.0</steeringAngle>
      <velocity>0.0</velocity>
      <orientation>0.09234224382966212</orientation>
      <time>31</time>
    </ksState>
    <ksState>
      <x>2.830730029763683</x>
      <y>-935.9750539030156</y>
      <steeringAngle>0.0</steeringAngle>
      <velocity>0.0</velocity>
      <orientation>0.09234224382966212</orientation>
      <time>32</time>
    </ksState>
    <ksState>
      <x>2.830730029763683</x>
      <y>-935.9750539030156</y>
      <steeringAngle>0.0</steeringAngle>
      <velocity>0.0</velocity>
      <orientation>0.09234224382966212</orientation>
      <time>33</time>
    </ksState>
  </ksTrajectory>
</CommonRoadSolution>
