<?xml version="1.0" ?>
<CommonRoadSolution benchmark_id="KS2:SM1:ITA_Foggia-7_2_T-1:2020a" computation_time="4.91541215899997" date="2023-01-12T15:00:04">
  <ksTrajectory planningProblem="1">
    <ksState>
      <x>408.4146</x>
      <y>341.04491</y>
      <steeringAngle>0.0</steeringAngle>
      <velocity>4.0</velocity>
      <orientation>-1.5610574</orientation>
      <time>0</time>
    </ksState>
    <ksState>
      <x>408.4227841324837</x>
      <y>340.64497646449735</y>
      <steeringAngle>0.035533333333333326</steeringAngle>
      <velocity>4.0</velocity>
      <orientation>-1.5583011254673995</orientation>
      <time>1</time>
    </ksState>
    <ksState>
      <x>408.4410252359253</x>
      <y>340.2452257561915</y>
      <steeringAngle>0.07106666666666711</steeringAngle>
      <velocity>4.0</velocity>
      <orientation>-1.550025364924114</orientation>
      <time>2</time>
    </ksState>
    <ksState>
      <x>408.4715591854593</x>
      <y>339.8459210855309</y>
      <steeringAngle>0.10660000000000043</steeringAngle>
      <velocity>4.0</velocity>
      <orientation>-1.5362091251049772</orientation>
      <time>3</time>
    </ksState>
    <ksState>
      <x>408.516641733256</x>
      <y>339.4475325975028</y>
      <steeringAngle>0.14213333333333378</steeringAngle>
      <velocity>4.0</velocity>
      <orientation>-1.5168171987194314</orientation>
      <time>4</time>
    </ksState>
    <ksState>
      <x>408.5785416333421</x>
      <y>339.05077901548333</y>
      <steeringAngle>0.1776666666666672</steeringAngle>
      <velocity>4.0</velocity>
      <orientation>-1.4917997922680342</orientation>
      <time>5</time>
    </ksState>
    <ksState>
      <x>408.6507494763686</x>
      <y>338.6959536609633</y>
      <steeringAngle>0.21319999999999997</steeringAngle>
      <velocity>3.2</velocity>
      <orientation>-1.4642582467045995</orientation>
      <time>6</time>
    </ksState>
    <ksState>
      <x>408.7199009798066</x>
      <y>338.42224438264935</y>
      <steeringAngle>0.24873333333333342</steeringAngle>
      <velocity>2.4000000000000004</velocity>
      <orientation>-1.43882001631795</orientation>
      <time>7</time>
    </ksState>
    <ksState>
      <x>408.77793746314677</x>
      <y>338.2285272285428</y>
      <steeringAngle>0.2842666666666668</steeringAngle>
      <velocity>1.600000000000001</velocity>
      <orientation>-1.4177451165273705</orientation>
      <time>8</time>
    </ksState>
    <ksState>
      <x>408.81728991609197</x>
      <y>338.11333159568716</y>
      <steeringAngle>0.3197999999999999</steeringAngle>
      <velocity>0.8000000000000007</velocity>
      <orientation>-1.403346689226666</orientation>
      <time>9</time>
    </ksState>
    <ksState>
      <x>408.83155027524293</x>
      <y>338.0751954189143</y>
      <steeringAngle>0.3553333333333332</steeringAngle>
      <velocity>5.551115123125783e-16</velocity>
      <orientation>-1.3980050475909367</orientation>
      <time>10</time>
    </ksState>
    <ksState>
      <x>408.83155027524293</x>
      <y>338.0751954189143</y>
      <steeringAngle>0.3198</steeringAngle>
      <velocity>0.0</velocity>
      <orientation>-1.3980050475909367</orientation>
      <time>11</time>
    </ksState>
    <ksState>
      <x>408.83155027524293</x>
      <y>338.0751954189143</y>
      <steeringAngle>0.2842666666666666</steeringAngle>
      <velocity>0.0</velocity>
      <orientation>-1.3980050475909367</orientation>
      <time>12</time>
    </ksState>
    <ksState>
      <x>408.83155027524293</x>
      <y>338.0751954189143</y>
      <steeringAngle>0.24873333333333333</steeringAngle>
      <velocity>0.0</velocity>
      <orientation>-1.3980050475909367</orientation>
      <time>13</time>
    </ksState>
    <ksState>
      <x>408.83155027524293</x>
      <y>338.0751954189143</y>
      <steeringAngle>0.21320000000000003</steeringAngle>
      <velocity>0.0</velocity>
      <orientation>-1.3980050475909367</orientation>
      <time>14</time>
    </ksState>
    <ksState>
      <x>408.83155027524293</x>
      <y>338.0751954189143</y>
      <steeringAngle>0.1776666666666667</steeringAngle>
      <velocity>0.0</velocity>
      <orientation>-1.3980050475909367</orientation>
      <time>15</time>
    </ksState>
    <ksState>
      <x>408.83155027524293</x>
      <y>338.0751954189143</y>
      <steeringAngle>0.14213333333333336</steeringAngle>
      <velocity>0.0</velocity>
      <orientation>-1.3980050475909367</orientation>
      <time>16</time>
    </ksState>
    <ksState>
      <x>408.83155027524293</x>
      <y>338.0751954189143</y>
      <steeringAngle>0.10660000000000001</steeringAngle>
      <velocity>0.0</velocity>
      <orientation>-1.3980050475909367</orientation>
      <time>17</time>
    </ksState>
    <ksState>
      <x>408.83155027524293</x>
      <y>338.0751954189143</y>
      <steeringAngle>0.07106666666666668</steeringAngle>
      <velocity>0.0</velocity>
      <orientation>-1.3980050475909367</orientation>
      <time>18</time>
    </ksState>
    <ksState>
      <x>408.83155027524293</x>
      <y>338.0751954189143</y>
      <steeringAngle>0.03553333333333333</steeringAngle>
      <velocity>0.0</velocity>
      <orientation>-1.3980050475909367</orientation>
      <time>19</time>
    </ksState>
    <ksState>
      <x>408.83155027524293</x>
      <y>338.0751954189143</y>
      <steeringAngle>0.0</steeringAngle>
      <velocity>0.0</velocity>
      <orientation>-1.3980050475909367</orientation>
      <time>20</time>
    </ksState>
    <ksState>
      <x>408.8379066597561</x>
      <y>338.0357002508234</y>
      <steeringAngle>-0.03553333333333333</steeringAngle>
      <velocity>0.8</velocity>
      <orientation>-1.3983725793691786</orientation>
      <time>21</time>
    </ksState>
    <ksState>
      <x>408.8547491217991</x>
      <y>337.9168321541332</y>
      <steeringAngle>-0.0710666666666667</steeringAngle>
      <velocity>1.6</velocity>
      <orientation>-1.4009474259611643</orientation>
      <time>22</time>
    </ksState>
    <ksState>
      <x>408.8780883103129</x>
      <y>337.7179517765013</y>
      <steeringAngle>-0.10660000000000003</steeringAngle>
      <velocity>2.4000000000000004</velocity>
      <orientation>-1.4079481301980015</orientation>
      <time>23</time>
    </ksState>
    <ksState>
      <x>408.90247608992854</x>
      <y>337.43834745139793</y>
      <steeringAngle>-0.14213333333333342</steeringAngle>
      <velocity>3.2000000000000015</velocity>
      <orientation>-1.4216157711388218</orientation>
      <time>24</time>
    </ksState>
    <ksState>
      <x>408.92024244279713</x>
      <y>337.077371376931</y>
      <steeringAngle>-0.17766666666666683</steeringAngle>
      <velocity>4.0000000000000036</velocity>
      <orientation>-1.4442256870120418</orientation>
      <time>25</time>
    </ksState>
    <ksState>
      <x>408.9258329473485</x>
      <y>336.67546553930435</y>
      <steeringAngle>-0.17766666666666667</steeringAngle>
      <velocity>4.0</velocity>
      <orientation>-1.4720761751672977</orientation>
      <time>26</time>
    </ksState>
    <ksState>
      <x>408.92022946366814</x>
      <y>336.2735598472266</y>
      <steeringAngle>-0.17766666666666667</steeringAngle>
      <velocity>4.0</velocity>
      <orientation>-1.4999266633225536</orientation>
      <time>27</time>
    </ksState>
    <ksState>
      <x>408.9034363307779</x>
      <y>335.8719660521728</y>
      <steeringAngle>-0.17766666666666667</steeringAngle>
      <velocity>4.0</velocity>
      <orientation>-1.5277771514778093</orientation>
      <time>28</time>
    </ksState>
    <ksState>
      <x>408.87546657367454</x>
      <y>335.4709956304037</y>
      <steeringAngle>-0.17766666666666667</steeringAngle>
      <velocity>4.0</velocity>
      <orientation>-1.5556276396330653</orientation>
      <time>29</time>
    </ksState>
    <ksState>
      <x>408.83634188462844</x>
      <y>335.0709595745054</y>
      <steeringAngle>-0.17766666666666667</steeringAngle>
      <velocity>4.0</velocity>
      <orientation>-1.5834781277883212</orientation>
      <time>30</time>
    </ksState>
    <ksState>
      <x>408.7904981154798</x>
      <y>334.67199819042975</y>
      <steeringAngle>-0.1421333333333333</steeringAngle>
      <velocity>4.0</velocity>
      <orientation>-1.6084955341328444</orientation>
      <time>31</time>
    </ksState>
    <ksState>
      <x>408.74380326201054</x>
      <y>334.27376960727383</y>
      <steeringAngle>-0.10659999999999999</steeringAngle>
      <velocity>4.0</velocity>
      <orientation>-1.6278874604235951</orientation>
      <time>32</time>
    </ksState>
    <ksState>
      <x>408.6984202507015</x>
      <y>333.87586071913574</y>
      <steeringAngle>-0.07106666666666664</steeringAngle>
      <velocity>4.0</velocity>
      <orientation>-1.641703700158548</orientation>
      <time>33</time>
    </ksState>
  </ksTrajectory>
</CommonRoadSolution>
