<?xml version="1.0" ?>
<CommonRoadSolution benchmark_id="KS2:SM1:DEU_Flensburg-65_1_T-1:2020a" computation_time="1.9679526330000954" date="2023-01-12T15:00:04">
  <ksTrajectory planningProblem="123">
    <ksState>
      <x>100.47934000000001</x>
      <y>-555.90263</y>
      <steeringAngle>0.0</steeringAngle>
      <velocity>4.0</velocity>
      <orientation>-1.9650583</orientation>
      <time>0</time>
    </ksState>
    <ksState>
      <x>100.32568924485014</x>
      <y>-556.2719421246885</y>
      <steeringAngle>0.0</steeringAngle>
      <velocity>4.0</velocity>
      <orientation>-1.9650583</orientation>
      <time>1</time>
    </ksState>
    <ksState>
      <x>100.17203848970027</x>
      <y>-556.6412542493769</y>
      <steeringAngle>0.0</steeringAngle>
      <velocity>4.0</velocity>
      <orientation>-1.9650583</orientation>
      <time>2</time>
    </ksState>
    <ksState>
      <x>100.01838773455043</x>
      <y>-557.0105663740653</y>
      <steeringAngle>0.0</steeringAngle>
      <velocity>4.0</velocity>
      <orientation>-1.9650583</orientation>
      <time>3</time>
    </ksState>
    <ksState>
      <x>99.86473697940056</x>
      <y>-557.3798784987538</y>
      <steeringAngle>0.0</steeringAngle>
      <velocity>4.0</velocity>
      <orientation>-1.9650583</orientation>
      <time>4</time>
    </ksState>
    <ksState>
      <x>99.71108622425072</x>
      <y>-557.7491906234421</y>
      <steeringAngle>0.0</steeringAngle>
      <velocity>4.0</velocity>
      <orientation>-1.9650583</orientation>
      <time>5</time>
    </ksState>
    <ksState>
      <x>99.54207039319112</x>
      <y>-558.1554339615482</y>
      <steeringAngle>0.0</steeringAngle>
      <velocity>4.8</velocity>
      <orientation>-1.9650583</orientation>
      <time>6</time>
    </ksState>
    <ksState>
      <x>99.34232441108418</x>
      <y>-558.6355397246338</y>
      <steeringAngle>0.0</steeringAngle>
      <velocity>5.6</velocity>
      <orientation>-1.9650583</orientation>
      <time>7</time>
    </ksState>
    <ksState>
      <x>99.11184827793602</x>
      <y>-559.189507912684</y>
      <steeringAngle>0.0</steeringAngle>
      <velocity>6.4</velocity>
      <orientation>-1.9650583</orientation>
      <time>8</time>
    </ksState>
    <ksState>
      <x>98.85064199375029</x>
      <y>-559.8173385256902</y>
      <steeringAngle>0.0</steeringAngle>
      <velocity>7.199999999999999</velocity>
      <orientation>-1.9650583</orientation>
      <time>9</time>
    </ksState>
    <ksState>
      <x>98.5587055585292</x>
      <y>-560.519031563647</y>
      <steeringAngle>0.0</steeringAngle>
      <velocity>7.999999999999998</velocity>
      <orientation>-1.9650583</orientation>
      <time>10</time>
    </ksState>
    <ksState>
      <x>98.25140404822946</x>
      <y>-561.2576558130238</y>
      <steeringAngle>0.0</steeringAngle>
      <velocity>8.0</velocity>
      <orientation>-1.9650583</orientation>
      <time>11</time>
    </ksState>
    <ksState>
      <x>97.94410253792975</x>
      <y>-561.9962800624007</y>
      <steeringAngle>0.0</steeringAngle>
      <velocity>8.0</velocity>
      <orientation>-1.9650583</orientation>
      <time>12</time>
    </ksState>
    <ksState>
      <x>97.63680102763004</x>
      <y>-562.7349043117775</y>
      <steeringAngle>0.0</steeringAngle>
      <velocity>8.0</velocity>
      <orientation>-1.9650583</orientation>
      <time>13</time>
    </ksState>
    <ksState>
      <x>97.32949951733033</x>
      <y>-563.4735285611544</y>
      <steeringAngle>0.0</steeringAngle>
      <velocity>8.0</velocity>
      <orientation>-1.9650583</orientation>
      <time>14</time>
    </ksState>
    <ksState>
      <x>97.0221980070306</x>
      <y>-564.2121528105313</y>
      <steeringAngle>0.0</steeringAngle>
      <velocity>8.0</velocity>
      <orientation>-1.9650583</orientation>
      <time>15</time>
    </ksState>
    <ksState>
      <x>96.71489649673089</x>
      <y>-564.9507770599081</y>
      <steeringAngle>0.0</steeringAngle>
      <velocity>8.0</velocity>
      <orientation>-1.9650583</orientation>
      <time>16</time>
    </ksState>
    <ksState>
      <x>96.40759498643118</x>
      <y>-565.689401309285</y>
      <steeringAngle>0.0</steeringAngle>
      <velocity>8.0</velocity>
      <orientation>-1.9650583</orientation>
      <time>17</time>
    </ksState>
    <ksState>
      <x>96.10029347613144</x>
      <y>-566.4280255586618</y>
      <steeringAngle>0.0</steeringAngle>
      <velocity>8.0</velocity>
      <orientation>-1.9650583</orientation>
      <time>18</time>
    </ksState>
    <ksState>
      <x>95.79299196583173</x>
      <y>-567.1666498080386</y>
      <steeringAngle>0.0</steeringAngle>
      <velocity>8.0</velocity>
      <orientation>-1.9650583</orientation>
      <time>19</time>
    </ksState>
    <ksState>
      <x>95.48569045553202</x>
      <y>-567.9052740574156</y>
      <steeringAngle>0.0</steeringAngle>
      <velocity>8.0</velocity>
      <orientation>-1.9650583</orientation>
      <time>20</time>
    </ksState>
    <ksState>
      <x>95.17838894523229</x>
      <y>-568.6438983067924</y>
      <steeringAngle>0.0</steeringAngle>
      <velocity>8.0</velocity>
      <orientation>-1.9650583</orientation>
      <time>21</time>
    </ksState>
    <ksState>
      <x>94.87108743493258</x>
      <y>-569.3825225561693</y>
      <steeringAngle>0.0</steeringAngle>
      <velocity>8.0</velocity>
      <orientation>-1.9650583</orientation>
      <time>22</time>
    </ksState>
    <ksState>
      <x>94.56378592463287</x>
      <y>-570.1211468055461</y>
      <steeringAngle>0.0</steeringAngle>
      <velocity>8.0</velocity>
      <orientation>-1.9650583</orientation>
      <time>23</time>
    </ksState>
    <ksState>
      <x>94.25648441433316</x>
      <y>-570.8597710549229</y>
      <steeringAngle>0.0</steeringAngle>
      <velocity>8.0</velocity>
      <orientation>-1.9650583</orientation>
      <time>24</time>
    </ksState>
    <ksState>
      <x>93.94918290403342</x>
      <y>-571.5983953042999</y>
      <steeringAngle>0.0</steeringAngle>
      <velocity>8.0</velocity>
      <orientation>-1.9650583</orientation>
      <time>25</time>
    </ksState>
    <ksState>
      <x>93.64188139373371</x>
      <y>-572.3370195536767</y>
      <steeringAngle>0.0</steeringAngle>
      <velocity>8.0</velocity>
      <orientation>-1.9650583</orientation>
      <time>26</time>
    </ksState>
    <ksState>
      <x>93.334579883434</x>
      <y>-573.0756438030536</y>
      <steeringAngle>0.0</steeringAngle>
      <velocity>8.0</velocity>
      <orientation>-1.9650583</orientation>
      <time>27</time>
    </ksState>
    <ksState>
      <x>93.02727837313427</x>
      <y>-573.8142680524304</y>
      <steeringAngle>0.0</steeringAngle>
      <velocity>8.0</velocity>
      <orientation>-1.9650583</orientation>
      <time>28</time>
    </ksState>
    <ksState>
      <x>92.71997686283456</x>
      <y>-574.5528923018072</y>
      <steeringAngle>0.0</steeringAngle>
      <velocity>8.0</velocity>
      <orientation>-1.9650583</orientation>
      <time>29</time>
    </ksState>
    <ksState>
      <x>92.41267535253485</x>
      <y>-575.2915165511841</y>
      <steeringAngle>0.0</steeringAngle>
      <velocity>8.0</velocity>
      <orientation>-1.9650583</orientation>
      <time>30</time>
    </ksState>
    <ksState>
      <x>92.10537384223511</x>
      <y>-576.030140800561</y>
      <steeringAngle>0.0</steeringAngle>
      <velocity>8.0</velocity>
      <orientation>-1.9650583</orientation>
      <time>31</time>
    </ksState>
    <ksState>
      <x>91.7980723319354</x>
      <y>-576.7687650499379</y>
      <steeringAngle>0.0</steeringAngle>
      <velocity>8.0</velocity>
      <orientation>-1.9650583</orientation>
      <time>32</time>
    </ksState>
    <ksState>
      <x>91.49077082163569</x>
      <y>-577.5073892993147</y>
      <steeringAngle>0.0</steeringAngle>
      <velocity>8.0</velocity>
      <orientation>-1.9650583</orientation>
      <time>33</time>
    </ksState>
    <ksState>
      <x>91.18346931133598</x>
      <y>-578.2460135486915</y>
      <steeringAngle>0.0</steeringAngle>
      <velocity>8.0</velocity>
      <orientation>-1.9650583</orientation>
      <time>34</time>
    </ksState>
    <ksState>
      <x>90.87616780103625</x>
      <y>-578.9846377980684</y>
      <steeringAngle>0.0</steeringAngle>
      <velocity>8.0</velocity>
      <orientation>-1.9650583</orientation>
      <time>35</time>
    </ksState>
    <ksState>
      <x>90.56886629073654</x>
      <y>-579.7232620474452</y>
      <steeringAngle>0.0</steeringAngle>
      <velocity>8.0</velocity>
      <orientation>-1.9650583</orientation>
      <time>36</time>
    </ksState>
    <ksState>
      <x>90.26156478043683</x>
      <y>-580.4618862968222</y>
      <steeringAngle>0.0</steeringAngle>
      <velocity>8.0</velocity>
      <orientation>-1.9650583</orientation>
      <time>37</time>
    </ksState>
    <ksState>
      <x>89.95426327013709</x>
      <y>-581.200510546199</y>
      <steeringAngle>0.0</steeringAngle>
      <velocity>8.0</velocity>
      <orientation>-1.9650583</orientation>
      <time>38</time>
    </ksState>
    <ksState>
      <x>89.64696175983738</x>
      <y>-581.9391347955758</y>
      <steeringAngle>0.0</steeringAngle>
      <velocity>8.0</velocity>
      <orientation>-1.9650583</orientation>
      <time>39</time>
    </ksState>
    <ksState>
      <x>89.33966024953767</x>
      <y>-582.6777590449527</y>
      <steeringAngle>0.0</steeringAngle>
      <velocity>8.0</velocity>
      <orientation>-1.9650583</orientation>
      <time>40</time>
    </ksState>
    <ksState>
      <x>89.04772381503216</x>
      <y>-583.3794520811896</y>
      <steeringAngle>0.0</steeringAngle>
      <velocity>7.200000000000001</velocity>
      <orientation>-1.9650583</orientation>
      <time>41</time>
    </ksState>
    <ksState>
      <x>88.78651753166966</x>
      <y>-584.0072826922171</y>
      <steeringAngle>0.0</steeringAngle>
      <velocity>6.400000000000001</velocity>
      <orientation>-1.9650583</orientation>
      <time>42</time>
    </ksState>
    <ksState>
      <x>88.5560413993733</x>
      <y>-584.5612508782199</y>
      <steeringAngle>0.0</steeringAngle>
      <velocity>5.600000000000001</velocity>
      <orientation>-1.9650583</orientation>
      <time>43</time>
    </ksState>
    <ksState>
      <x>88.35629541812139</x>
      <y>-585.0413566392504</y>
      <steeringAngle>0.0</steeringAngle>
      <velocity>4.800000000000001</velocity>
      <orientation>-1.9650583</orientation>
      <time>44</time>
    </ksState>
    <ksState>
      <x>88.18727958790589</x>
      <y>-585.4475999753275</y>
      <steeringAngle>0.0</steeringAngle>
      <velocity>4.000000000000001</velocity>
      <orientation>-1.9650583</orientation>
      <time>45</time>
    </ksState>
    <ksState>
      <x>88.03362883275605</x>
      <y>-585.816912100016</y>
      <steeringAngle>0.0</steeringAngle>
      <velocity>4.0</velocity>
      <orientation>-1.9650583</orientation>
      <time>46</time>
    </ksState>
    <ksState>
      <x>87.87997807760618</x>
      <y>-586.1862242247043</y>
      <steeringAngle>0.0</steeringAngle>
      <velocity>4.0</velocity>
      <orientation>-1.9650583</orientation>
      <time>47</time>
    </ksState>
    <ksState>
      <x>87.72632732245631</x>
      <y>-586.5555363493928</y>
      <steeringAngle>0.0</steeringAngle>
      <velocity>4.0</velocity>
      <orientation>-1.9650583</orientation>
      <time>48</time>
    </ksState>
    <ksState>
      <x>87.57267656730647</x>
      <y>-586.9248484740813</y>
      <steeringAngle>0.0</steeringAngle>
      <velocity>4.0</velocity>
      <orientation>-1.9650583</orientation>
      <time>49</time>
    </ksState>
    <ksState>
      <x>87.4190258121566</x>
      <y>-587.2941605987696</y>
      <steeringAngle>0.0</steeringAngle>
      <velocity>4.0</velocity>
      <orientation>-1.9650583</orientation>
      <time>50</time>
    </ksState>
    <ksState>
      <x>87.28413942948345</x>
      <y>-587.6279511595862</y>
      <steeringAngle>0.03553333333333333</steeringAngle>
      <velocity>3.2</velocity>
      <orientation>-1.9626695516202073</orientation>
      <time>51</time>
    </ksState>
    <ksState>
      <x>87.18536150862167</x>
      <y>-587.8900714290313</y>
      <steeringAngle>0.07106666666666668</steeringAngle>
      <velocity>2.4</velocity>
      <orientation>-1.9569686366144108</orientation>
      <time>52</time>
    </ksState>
    <ksState>
      <x>87.11961666297067</x>
      <y>-588.0792025828471</y>
      <steeringAngle>0.10660000000000003</steeringAngle>
      <velocity>1.5999999999999994</velocity>
      <orientation>-1.9501531028696792</orientation>
      <time>53</time>
    </ksState>
    <ksState>
      <x>87.08305552309189</x>
      <y>-588.1937857484819</y>
      <steeringAngle>0.14213333333333342</steeringAngle>
      <velocity>0.7999999999999988</velocity>
      <orientation>-1.9444288413831996</orientation>
      <time>54</time>
    </ksState>
    <ksState>
      <x>87.07168935993568</x>
      <y>-588.2322893994038</y>
      <steeringAngle>0.17766666666666675</steeringAngle>
      <velocity>-1.5265566588595902e-15</velocity>
      <orientation>-1.9420213469086438</orientation>
      <time>55</time>
    </ksState>
    <ksState>
      <x>87.07168935993568</x>
      <y>-588.2322893994038</y>
      <steeringAngle>0.14213333333333336</steeringAngle>
      <velocity>0.0</velocity>
      <orientation>-1.9420213469086438</orientation>
      <time>56</time>
    </ksState>
    <ksState>
      <x>87.07168935993568</x>
      <y>-588.2322893994038</y>
      <steeringAngle>0.10660000000000001</steeringAngle>
      <velocity>0.0</velocity>
      <orientation>-1.9420213469086438</orientation>
      <time>57</time>
    </ksState>
    <ksState>
      <x>87.07168935993568</x>
      <y>-588.2322893994038</y>
      <steeringAngle>0.07106666666666668</steeringAngle>
      <velocity>0.0</velocity>
      <orientation>-1.9420213469086438</orientation>
      <time>58</time>
    </ksState>
    <ksState>
      <x>87.07168935993568</x>
      <y>-588.2322893994038</y>
      <steeringAngle>0.03553333333333333</steeringAngle>
      <velocity>0.0</velocity>
      <orientation>-1.9420213469086438</orientation>
      <time>59</time>
    </ksState>
    <ksState>
      <x>87.07168935993568</x>
      <y>-588.2322893994038</y>
      <steeringAngle>0.0</steeringAngle>
      <velocity>0.0</velocity>
      <orientation>-1.9420213469086438</orientation>
      <time>60</time>
    </ksState>
    <ksState>
      <x>87.05668633991539</x>
      <y>-588.2693728366351</y>
      <steeringAngle>-0.03553333333333333</steeringAngle>
      <velocity>0.8</velocity>
      <orientation>-1.9423888786868857</orientation>
      <time>61</time>
    </ksState>
    <ksState>
      <x>87.00957401966535</x>
      <y>-588.3797980249713</y>
      <steeringAngle>-0.0710666666666667</steeringAngle>
      <velocity>1.6</velocity>
      <orientation>-1.9449637252788714</orientation>
      <time>62</time>
    </ksState>
    <ksState>
      <x>86.92660804958712</x>
      <y>-588.5620472228746</y>
      <steeringAngle>-0.10660000000000003</steeringAngle>
      <velocity>2.4000000000000004</velocity>
      <orientation>-1.9519644295157086</orientation>
      <time>63</time>
    </ksState>
    <ksState>
      <x>86.80275846234274</x>
      <y>-588.813909530794</y>
      <steeringAngle>-0.14213333333333342</steeringAngle>
      <velocity>3.2000000000000015</velocity>
      <orientation>-1.9656320704565289</orientation>
      <time>64</time>
    </ksState>
    <ksState>
      <x>86.63112722092389</x>
      <y>-589.131969409749</y>
      <steeringAngle>-0.17766666666666683</steeringAngle>
      <velocity>4.0000000000000036</velocity>
      <orientation>-1.988241986329749</orientation>
      <time>65</time>
    </ksState>
    <ksState>
      <x>86.45207207390614</x>
      <y>-589.4459411004526</y>
      <steeringAngle>-0.1421333333333333</steeringAngle>
      <velocity>3.1999999999999993</velocity>
      <orientation>-2.0108519013031914</orientation>
      <time>66</time>
    </ksState>
    <ksState>
      <x>86.31344993738979</x>
      <y>-589.6899991448914</y>
      <steeringAngle>-0.10659999999999997</steeringAngle>
      <velocity>2.3999999999999977</velocity>
      <orientation>-2.0245195421738984</orientation>
      <time>67</time>
    </ksState>
    <ksState>
      <x>86.21618025905913</x>
      <y>-589.865037887384</y>
      <steeringAngle>-0.07106666666666664</steeringAngle>
      <velocity>1.5999999999999976</velocity>
      <orientation>-2.0315202480271175</orientation>
      <time>68</time>
    </ksState>
    <ksState>
      <x>86.15939661322875</x>
      <y>-589.9708166544254</y>
      <steeringAngle>-0.0355333333333333</steeringAngle>
      <velocity>0.7999999999999972</velocity>
      <orientation>-2.034095092501085</orientation>
      <time>69</time>
    </ksState>
    <ksState>
      <x>86.14104496303182</x>
      <y>-590.0063622836279</y>
      <steeringAngle>2.5153490401663703e-17</steeringAngle>
      <velocity>-2.914335439641036e-15</velocity>
      <orientation>-2.034462604079616</orientation>
      <time>70</time>
    </ksState>
    <ksState>
      <x>86.14104496303182</x>
      <y>-590.0063622836279</y>
      <steeringAngle>0.0</steeringAngle>
      <velocity>0.0</velocity>
      <orientation>-2.034462604079616</orientation>
      <time>71</time>
    </ksState>
    <ksState>
      <x>86.14104496303182</x>
      <y>-590.0063622836279</y>
      <steeringAngle>0.0</steeringAngle>
      <velocity>0.0</velocity>
      <orientation>-2.034462604079616</orientation>
      <time>72</time>
    </ksState>
    <ksState>
      <x>86.14104496303182</x>
      <y>-590.0063622836279</y>
      <steeringAngle>0.0</steeringAngle>
      <velocity>0.0</velocity>
      <orientation>-2.034462604079616</orientation>
      <time>73</time>
    </ksState>
    <ksState>
      <x>86.14104496303182</x>
      <y>-590.0063622836279</y>
      <steeringAngle>0.0</steeringAngle>
      <velocity>0.0</velocity>
      <orientation>-2.034462604079616</orientation>
      <time>74</time>
    </ksState>
    <ksState>
      <x>86.14104496303182</x>
      <y>-590.0063622836279</y>
      <steeringAngle>0.0</steeringAngle>
      <velocity>0.0</velocity>
      <orientation>-2.034462604079616</orientation>
      <time>75</time>
    </ksState>
    <ksState>
      <x>86.14104496303182</x>
      <y>-590.0063622836279</y>
      <steeringAngle>0.0</steeringAngle>
      <velocity>0.0</velocity>
      <orientation>-2.034462604079616</orientation>
      <time>76</time>
    </ksState>
    <ksState>
      <x>86.14104496303182</x>
      <y>-590.0063622836279</y>
      <steeringAngle>0.0</steeringAngle>
      <velocity>0.0</velocity>
      <orientation>-2.034462604079616</orientation>
      <time>77</time>
    </ksState>
    <ksState>
      <x>86.14104496303182</x>
      <y>-590.0063622836279</y>
      <steeringAngle>0.0</steeringAngle>
      <velocity>0.0</velocity>
      <orientation>-2.034462604079616</orientation>
      <time>78</time>
    </ksState>
    <ksState>
      <x>86.14104496303182</x>
      <y>-590.0063622836279</y>
      <steeringAngle>0.0</steeringAngle>
      <velocity>0.0</velocity>
      <orientation>-2.034462604079616</orientation>
      <time>79</time>
    </ksState>
    <ksState>
      <x>86.14104496303182</x>
      <y>-590.0063622836279</y>
      <steeringAngle>0.0</steeringAngle>
      <velocity>0.0</velocity>
      <orientation>-2.034462604079616</orientation>
      <time>80</time>
    </ksState>
    <ksState>
      <x>86.14104496303182</x>
      <y>-590.0063622836279</y>
      <steeringAngle>0.0</steeringAngle>
      <velocity>0.0</velocity>
      <orientation>-2.034462604079616</orientation>
      <time>81</time>
    </ksState>
    <ksState>
      <x>86.14104496303182</x>
      <y>-590.0063622836279</y>
      <steeringAngle>0.0</steeringAngle>
      <velocity>0.0</velocity>
      <orientation>-2.034462604079616</orientation>
      <time>82</time>
    </ksState>
    <ksState>
      <x>86.14104496303182</x>
      <y>-590.0063622836279</y>
      <steeringAngle>0.0</steeringAngle>
      <velocity>0.0</velocity>
      <orientation>-2.034462604079616</orientation>
      <time>83</time>
    </ksState>
    <ksState>
      <x>86.14104496303182</x>
      <y>-590.0063622836279</y>
      <steeringAngle>0.0</steeringAngle>
      <velocity>0.0</velocity>
      <orientation>-2.034462604079616</orientation>
      <time>84</time>
    </ksState>
    <ksState>
      <x>86.14104496303182</x>
      <y>-590.0063622836279</y>
      <steeringAngle>0.0</steeringAngle>
      <velocity>0.0</velocity>
      <orientation>-2.034462604079616</orientation>
      <time>85</time>
    </ksState>
    <ksState>
      <x>86.12362874720041</x>
      <y>-590.042375438901</y>
      <steeringAngle>0.03553333333333333</steeringAngle>
      <velocity>0.8</velocity>
      <orientation>-2.034095072301374</orientation>
      <time>86</time>
    </ksState>
    <ksState>
      <x>86.07340353134293</x>
      <y>-590.1514200198324</y>
      <steeringAngle>0.0710666666666667</steeringAngle>
      <velocity>1.6</velocity>
      <orientation>-2.0315202257093885</orientation>
      <time>87</time>
    </ksState>
    <ksState>
      <x>85.99400772682253</x>
      <y>-590.3352526299755</y>
      <steeringAngle>0.10660000000000003</steeringAngle>
      <velocity>2.4000000000000004</velocity>
      <orientation>-2.024519521472551</orientation>
      <time>88</time>
    </ksState>
    <ksState>
      <x>85.8904565115711</x>
      <y>-590.5961175149849</y>
      <steeringAngle>0.14213333333333342</steeringAngle>
      <velocity>3.2000000000000015</velocity>
      <orientation>-2.0108518805317313</orientation>
      <time>89</time>
    </ksState>
    <ksState>
      <x>85.7699119278286</x>
      <y>-590.936834953579</y>
      <steeringAngle>0.17766666666666683</steeringAngle>
      <velocity>4.0000000000000036</velocity>
      <orientation>-1.988241964658511</orientation>
      <time>90</time>
    </ksState>
    <ksState>
      <x>85.65738096344047</x>
      <y>-591.2803109356952</y>
      <steeringAngle>0.1421333333333333</steeringAngle>
      <velocity>3.1999999999999993</velocity>
      <orientation>-1.9656320496850688</orientation>
      <time>91</time>
    </ksState>
    <ksState>
      <x>85.56953064777366</x>
      <y>-591.5468869057768</y>
      <steeringAngle>0.10659999999999997</steeringAngle>
      <velocity>2.3999999999999977</velocity>
      <orientation>-1.9519644088143613</orientation>
      <time>92</time>
    </ksState>
    <ksState>
      <x>85.50508088490655</x>
      <y>-591.7364816835591</y>
      <steeringAngle>0.07106666666666664</steeringAngle>
      <velocity>1.5999999999999976</velocity>
      <orientation>-1.9449637029611422</orientation>
      <time>93</time>
    </ksState>
    <ksState>
      <x>85.46479166310606</x>
      <y>-591.8495759300852</y>
      <steeringAngle>0.0355333333333333</steeringAngle>
      <velocity>0.7999999999999972</velocity>
      <orientation>-1.942388858487175</orientation>
      <time>94</time>
    </ksState>
    <ksState>
      <x>85.45076310246291</x>
      <y>-591.8870389025598</y>
      <steeringAngle>-2.5153490401663703e-17</steeringAngle>
      <velocity>-2.914335439641036e-15</velocity>
      <orientation>-1.9420213469086438</orientation>
      <time>95</time>
    </ksState>
    <ksState>
      <x>85.45076310246291</x>
      <y>-591.8870389025598</y>
      <steeringAngle>0.0</steeringAngle>
      <velocity>0.0</velocity>
      <orientation>-1.9420213469086438</orientation>
      <time>96</time>
    </ksState>
    <ksState>
      <x>85.45076310246291</x>
      <y>-591.8870389025598</y>
      <steeringAngle>0.0</steeringAngle>
      <velocity>0.0</velocity>
      <orientation>-1.9420213469086438</orientation>
      <time>97</time>
    </ksState>
    <ksState>
      <x>85.45076310246291</x>
      <y>-591.8870389025598</y>
      <steeringAngle>0.0</steeringAngle>
      <velocity>0.0</velocity>
      <orientation>-1.9420213469086438</orientation>
      <time>98</time>
    </ksState>
    <ksState>
      <x>85.45076310246291</x>
      <y>-591.8870389025598</y>
      <steeringAngle>0.0</steeringAngle>
      <velocity>0.0</velocity>
      <orientation>-1.9420213469086438</orientation>
      <time>99</time>
    </ksState>
  </ksTrajectory>
</CommonRoadSolution>
