<?xml version="1.0" ?>
<CommonRoadSolution benchmark_id="KS2:SM1:DEU_Guetersloh-39_3_T-1:2020a" computation_time="1.1751543059999676" date="2023-01-12T15:00:04">
  <ksTrajectory planningProblem="1">
    <ksState>
      <x>-990.93008</x>
      <y>-841.06132</y>
      <steeringAngle>0.0</steeringAngle>
      <velocity>8.0</velocity>
      <orientation>-0.46131112</orientation>
      <time>0</time>
    </ksState>
    <ksState>
      <x>-990.2095805836921</x>
      <y>-841.4090681362582</y>
      <steeringAngle>0.03553333333333333</steeringAngle>
      <velocity>8.0</velocity>
      <orientation>-0.45579858499716125</orientation>
      <time>1</time>
    </ksState>
    <ksState>
      <x>-989.4785006826638</x>
      <y>-841.7346863979573</y>
      <steeringAngle>0.07106666666666667</steeringAngle>
      <velocity>8.0</velocity>
      <orientation>-0.43924706411689163</orientation>
      <time>2</time>
    </ksState>
    <ksState>
      <x>-988.7339165646821</x>
      <y>-842.0297132677035</y>
      <steeringAngle>0.10659999999999997</steeringAngle>
      <velocity>8.0</velocity>
      <orientation>-0.4116145848261967</orientation>
      <time>3</time>
    </ksState>
    <ksState>
      <x>-987.9739088986973</x>
      <y>-842.2851930939089</y>
      <steeringAngle>0.1421333333333333</steeringAngle>
      <velocity>8.0</velocity>
      <orientation>-0.3728307325534618</orientation>
      <time>4</time>
    </ksState>
    <ksState>
      <x>-987.1978880066357</x>
      <y>-842.491631781948</y>
      <steeringAngle>0.17766666666666667</steeringAngle>
      <velocity>8.0</velocity>
      <orientation>-0.3227959203043071</orientation>
      <time>5</time>
    </ksState>
    <ksState>
      <x>-986.4515160515472</x>
      <y>-842.6500688248881</y>
      <steeringAngle>0.1421333333333334</steeringAngle>
      <velocity>7.2</velocity>
      <orientation>-0.27516859855867015</orientation>
      <time>6</time>
    </ksState>
    <ksState>
      <x>-985.7819967086842</x>
      <y>-842.7779920310844</y>
      <steeringAngle>0.10660000000000011</steeringAngle>
      <velocity>6.4</velocity>
      <orientation>-0.2421090281107022</orientation>
      <time>7</time>
    </ksState>
    <ksState>
      <x>-985.1911446383164</x>
      <y>-842.886539428967</y>
      <steeringAngle>0.07106666666666674</steeringAngle>
      <velocity>5.600000000000001</velocity>
      <orientation>-0.22129207981681373</orientation>
      <time>8</time>
    </ksState>
    <ksState>
      <x>-984.6798426835579</x>
      <y>-842.9825370305241</y>
      <steeringAngle>0.03553333333333339</steeringAngle>
      <velocity>4.800000000000001</velocity>
      <orientation>-0.21044147015915085</orientation>
      <time>9</time>
    </ksState>
    <ksState>
      <x>-984.2484392114095</x>
      <y>-843.0692122795176</y>
      <steeringAngle>5.5294310796760726e-17</steeringAngle>
      <velocity>4.0</velocity>
      <orientation>-0.2073176943219853</orientation>
      <time>10</time>
    </ksState>
    <ksState>
      <x>-983.8953947499873</x>
      <y>-843.1397110949686</y>
      <steeringAngle>0.03553333333333333</steeringAngle>
      <velocity>3.2</velocity>
      <orientation>-0.20492894594219274</orientation>
      <time>11</time>
    </ksState>
    <ksState>
      <x>-983.6194828712507</x>
      <y>-843.18805102128</y>
      <steeringAngle>0.07106666666666668</steeringAngle>
      <velocity>2.4</velocity>
      <orientation>-0.1992280309363961</orientation>
      <time>12</time>
    </ksState>
    <ksState>
      <x>-983.421427838243</x>
      <y>-843.21749897492</y>
      <steeringAngle>0.10660000000000003</steeringAngle>
      <velocity>1.5999999999999994</velocity>
      <orientation>-0.19241249719166464</orientation>
      <time>13</time>
    </ksState>
    <ksState>
      <x>-983.3020459295285</x>
      <y>-843.2321269846226</y>
      <steeringAngle>0.14213333333333342</steeringAngle>
      <velocity>0.7999999999999988</velocity>
      <orientation>-0.18668823570518492</orientation>
      <time>14</time>
    </ksState>
    <ksState>
      <x>-983.2621006531106</x>
      <y>-843.2361389281787</y>
      <steeringAngle>0.17766666666666675</steeringAngle>
      <velocity>-1.5265566588595902e-15</velocity>
      <orientation>-0.1842807412306291</orientation>
      <time>15</time>
    </ksState>
    <ksState>
      <x>-983.2621006531106</x>
      <y>-843.2361389281787</y>
      <steeringAngle>0.14213333333333336</steeringAngle>
      <velocity>0.0</velocity>
      <orientation>-0.1842807412306291</orientation>
      <time>16</time>
    </ksState>
    <ksState>
      <x>-983.2621006531106</x>
      <y>-843.2361389281787</y>
      <steeringAngle>0.10660000000000001</steeringAngle>
      <velocity>0.0</velocity>
      <orientation>-0.1842807412306291</orientation>
      <time>17</time>
    </ksState>
    <ksState>
      <x>-983.2621006531106</x>
      <y>-843.2361389281787</y>
      <steeringAngle>0.07106666666666668</steeringAngle>
      <velocity>0.0</velocity>
      <orientation>-0.1842807412306291</orientation>
      <time>18</time>
    </ksState>
    <ksState>
      <x>-983.2621006531106</x>
      <y>-843.2361389281787</y>
      <steeringAngle>0.03553333333333333</steeringAngle>
      <velocity>0.0</velocity>
      <orientation>-0.1842807412306291</orientation>
      <time>19</time>
    </ksState>
    <ksState>
      <x>-983.2621006531106</x>
      <y>-843.2361389281787</y>
      <steeringAngle>0.0</steeringAngle>
      <velocity>0.0</velocity>
      <orientation>-0.1842807412306291</orientation>
      <time>20</time>
    </ksState>
    <ksState>
      <x>-983.2621006531106</x>
      <y>-843.2361389281787</y>
      <steeringAngle>0.0</steeringAngle>
      <velocity>0.0</velocity>
      <orientation>-0.1842807412306291</orientation>
      <time>21</time>
    </ksState>
    <ksState>
      <x>-983.2621006531106</x>
      <y>-843.2361389281787</y>
      <steeringAngle>0.0</steeringAngle>
      <velocity>0.0</velocity>
      <orientation>-0.1842807412306291</orientation>
      <time>22</time>
    </ksState>
    <ksState>
      <x>-983.2621006531106</x>
      <y>-843.2361389281787</y>
      <steeringAngle>0.0</steeringAngle>
      <velocity>0.0</velocity>
      <orientation>-0.1842807412306291</orientation>
      <time>23</time>
    </ksState>
    <ksState>
      <x>-983.2621006531106</x>
      <y>-843.2361389281787</y>
      <steeringAngle>0.0</steeringAngle>
      <velocity>0.0</velocity>
      <orientation>-0.1842807412306291</orientation>
      <time>24</time>
    </ksState>
    <ksState>
      <x>-983.2621006531106</x>
      <y>-843.2361389281787</y>
      <steeringAngle>0.0</steeringAngle>
      <velocity>0.0</velocity>
      <orientation>-0.1842807412306291</orientation>
      <time>25</time>
    </ksState>
    <ksState>
      <x>-983.2621006531106</x>
      <y>-843.2361389281787</y>
      <steeringAngle>0.0</steeringAngle>
      <velocity>0.0</velocity>
      <orientation>-0.1842807412306291</orientation>
      <time>26</time>
    </ksState>
    <ksState>
      <x>-983.2621006531106</x>
      <y>-843.2361389281787</y>
      <steeringAngle>0.0</steeringAngle>
      <velocity>0.0</velocity>
      <orientation>-0.1842807412306291</orientation>
      <time>27</time>
    </ksState>
    <ksState>
      <x>-983.2621006531106</x>
      <y>-843.2361389281787</y>
      <steeringAngle>0.0</steeringAngle>
      <velocity>0.0</velocity>
      <orientation>-0.1842807412306291</orientation>
      <time>28</time>
    </ksState>
    <ksState>
      <x>-983.2621006531106</x>
      <y>-843.2361389281787</y>
      <steeringAngle>0.0</steeringAngle>
      <velocity>0.0</velocity>
      <orientation>-0.1842807412306291</orientation>
      <time>29</time>
    </ksState>
    <ksState>
      <x>-983.2621006531106</x>
      <y>-843.2361389281787</y>
      <steeringAngle>0.0</steeringAngle>
      <velocity>0.0</velocity>
      <orientation>-0.1842807412306291</orientation>
      <time>30</time>
    </ksState>
    <ksState>
      <x>-983.2621006531106</x>
      <y>-843.2361389281787</y>
      <steeringAngle>0.0</steeringAngle>
      <velocity>0.0</velocity>
      <orientation>-0.1842807412306291</orientation>
      <time>31</time>
    </ksState>
    <ksState>
      <x>-983.2621006531106</x>
      <y>-843.2361389281787</y>
      <steeringAngle>0.0</steeringAngle>
      <velocity>0.0</velocity>
      <orientation>-0.1842807412306291</orientation>
      <time>32</time>
    </ksState>
    <ksState>
      <x>-983.2621006531106</x>
      <y>-843.2361389281787</y>
      <steeringAngle>0.0</steeringAngle>
      <velocity>0.0</velocity>
      <orientation>-0.1842807412306291</orientation>
      <time>33</time>
    </ksState>
  </ksTrajectory>
</CommonRoadSolution>
