<?xml version="1.0" ?>
<CommonRoadSolution benchmark_id="KS2:SM1:ESP_Cambre-3_1_T-1:2020a" computation_time="1.058790453000256" date="2023-01-12T15:00:04">
  <ksTrajectory planningProblem="1">
    <ksState>
      <x>-479.87746</x>
      <y>594.66441</y>
      <steeringAngle>0.0</steeringAngle>
      <velocity>12.0</velocity>
      <orientation>0.33931227</orientation>
      <time>0</time>
    </ksState>
    <ksState>
      <x>-478.78359880215874</x>
      <y>595.0505028369238</y>
      <steeringAngle>0.0</steeringAngle>
      <velocity>11.200000000000001</velocity>
      <orientation>0.33931227</orientation>
      <time>1</time>
    </ksState>
    <ksState>
      <x>-477.7651763080739</x>
      <y>595.4099685814846</y>
      <steeringAngle>0.0</steeringAngle>
      <velocity>10.4</velocity>
      <orientation>0.33931227</orientation>
      <time>2</time>
    </ksState>
    <ksState>
      <x>-476.8221925174534</x>
      <y>595.7428072337856</y>
      <steeringAngle>0.0</steeringAngle>
      <velocity>9.599999999999998</velocity>
      <orientation>0.33931227</orientation>
      <time>3</time>
    </ksState>
    <ksState>
      <x>-475.95464743021427</x>
      <y>596.0490187938559</y>
      <steeringAngle>0.0</steeringAngle>
      <velocity>8.799999999999999</velocity>
      <orientation>0.33931227</orientation>
      <time>4</time>
    </ksState>
    <ksState>
      <x>-475.16254104632935</x>
      <y>596.3286032617053</y>
      <steeringAngle>0.0</steeringAngle>
      <velocity>7.999999999999997</velocity>
      <orientation>0.33931227</orientation>
      <time>5</time>
    </ksState>
    <ksState>
      <x>-474.4458733653687</x>
      <y>596.5815606374855</y>
      <steeringAngle>0.0</steeringAngle>
      <velocity>7.200000000000001</velocity>
      <orientation>0.33931227</orientation>
      <time>6</time>
    </ksState>
    <ksState>
      <x>-473.8046443880167</x>
      <y>596.8078909209548</y>
      <steeringAngle>0.0</steeringAngle>
      <velocity>6.400000000000001</velocity>
      <orientation>0.33931227</orientation>
      <time>7</time>
    </ksState>
    <ksState>
      <x>-473.23885411408475</x>
      <y>597.0075941121801</y>
      <steeringAngle>0.0</steeringAngle>
      <velocity>5.600000000000001</velocity>
      <orientation>0.33931227</orientation>
      <time>8</time>
    </ksState>
    <ksState>
      <x>-472.74850254351935</x>
      <y>597.1806702111799</y>
      <steeringAngle>0.0</steeringAngle>
      <velocity>4.800000000000001</velocity>
      <orientation>0.33931227</orientation>
      <time>9</time>
    </ksState>
    <ksState>
      <x>-472.3335896763011</x>
      <y>597.3271192179612</y>
      <steeringAngle>0.0</steeringAngle>
      <velocity>4.000000000000001</velocity>
      <orientation>0.33931227</orientation>
      <time>10</time>
    </ksState>
    <ksState>
      <x>-471.99289468674607</x>
      <y>597.4434695459069</y>
      <steeringAngle>-0.03553333333333333</steeringAngle>
      <velocity>3.2</velocity>
      <orientation>0.33692352162020744</orientation>
      <time>11</time>
    </ksState>
    <ksState>
      <x>-471.7257449635405</x>
      <y>597.5277021921604</y>
      <steeringAngle>-0.07106666666666668</steeringAngle>
      <velocity>2.4</velocity>
      <orientation>0.33122260661441083</orientation>
      <time>12</time>
    </ksState>
    <ksState>
      <x>-471.5332884338182</x>
      <y>597.5829603340095</y>
      <steeringAngle>-0.10660000000000003</steeringAngle>
      <velocity>1.5999999999999994</velocity>
      <orientation>0.32440707286967935</orientation>
      <time>13</time>
    </ksState>
    <ksState>
      <x>-471.4168702019616</x>
      <y>597.6131731473101</y>
      <steeringAngle>-0.14213333333333342</steeringAngle>
      <velocity>0.7999999999999988</velocity>
      <orientation>0.31868281138319965</orientation>
      <time>14</time>
    </ksState>
    <ksState>
      <x>-471.3778004136924</x>
      <y>597.6224074552865</y>
      <steeringAngle>-0.17766666666666675</steeringAngle>
      <velocity>-1.5265566588595902e-15</velocity>
      <orientation>0.31627531690864386</orientation>
      <time>15</time>
    </ksState>
    <ksState>
      <x>-471.3387075759511</x>
      <y>597.6315448247184</y>
      <steeringAngle>-0.14213333333333333</steeringAngle>
      <velocity>0.8</velocity>
      <orientation>0.3138678196978414</orientation>
      <time>16</time>
    </ksState>
    <ksState>
      <x>-471.22196734980747</x>
      <y>597.6604977716169</y>
      <steeringAngle>-0.10660000000000001</steeringAngle>
      <velocity>1.6</velocity>
      <orientation>0.3081435330775067</orientation>
      <time>17</time>
    </ksState>
    <ksState>
      <x>-471.0282593345034</x>
      <y>597.7112123064569</y>
      <steeringAngle>-0.07106666666666664</steeringAngle>
      <velocity>2.4000000000000004</velocity>
      <orientation>0.301328019314528</orientation>
      <time>18</time>
    </ksState>
    <ksState>
      <x>-470.7582282918942</x>
      <y>597.7857124221948</y>
      <steeringAngle>-0.03553333333333332</steeringAngle>
      <velocity>3.1999999999999993</velocity>
      <orientation>0.29562709860159825</orientation>
      <time>19</time>
    </ksState>
    <ksState>
      <x>-470.41269098761705</x>
      <y>597.8867889586445</y>
      <steeringAngle>2.6020852139652106e-18</steeringAngle>
      <velocity>3.999999999999999</velocity>
      <orientation>0.2932383470132714</orientation>
      <time>20</time>
    </ksState>
    <ksState>
      <x>-470.0680583661642</x>
      <y>597.9908483430874</y>
      <steeringAngle>0.0</steeringAngle>
      <velocity>3.2</velocity>
      <orientation>0.2932383470132714</orientation>
      <time>21</time>
    </ksState>
    <ksState>
      <x>-469.80001077201706</x>
      <y>598.0717834197808</y>
      <steeringAngle>0.0</steeringAngle>
      <velocity>2.4000000000000004</velocity>
      <orientation>0.2932383470132714</orientation>
      <time>22</time>
    </ksState>
    <ksState>
      <x>-469.6085482050781</x>
      <y>598.1295941887543</y>
      <steeringAngle>0.0</steeringAngle>
      <velocity>1.6</velocity>
      <orientation>0.2932383470132714</orientation>
      <time>23</time>
    </ksState>
    <ksState>
      <x>-469.49367066530834</x>
      <y>598.1642806500195</y>
      <steeringAngle>0.0</steeringAngle>
      <velocity>0.7999999999999998</velocity>
      <orientation>0.2932383470132714</orientation>
      <time>24</time>
    </ksState>
    <ksState>
      <x>-469.45537815265726</x>
      <y>598.1758428035916</y>
      <steeringAngle>0.0</steeringAngle>
      <velocity>-3.3306690738754696e-16</velocity>
      <orientation>0.2932383470132714</orientation>
      <time>25</time>
    </ksState>
    <ksState>
      <x>-469.45537815265726</x>
      <y>598.1758428035916</y>
      <steeringAngle>0.0</steeringAngle>
      <velocity>0.0</velocity>
      <orientation>0.2932383470132714</orientation>
      <time>26</time>
    </ksState>
    <ksState>
      <x>-469.45537815265726</x>
      <y>598.1758428035916</y>
      <steeringAngle>0.0</steeringAngle>
      <velocity>0.0</velocity>
      <orientation>0.2932383470132714</orientation>
      <time>27</time>
    </ksState>
    <ksState>
      <x>-469.45537815265726</x>
      <y>598.1758428035916</y>
      <steeringAngle>0.0</steeringAngle>
      <velocity>0.0</velocity>
      <orientation>0.2932383470132714</orientation>
      <time>28</time>
    </ksState>
    <ksState>
      <x>-469.45537815265726</x>
      <y>598.1758428035916</y>
      <steeringAngle>0.0</steeringAngle>
      <velocity>0.0</velocity>
      <orientation>0.2932383470132714</orientation>
      <time>29</time>
    </ksState>
    <ksState>
      <x>-469.45537815265726</x>
      <y>598.1758428035916</y>
      <steeringAngle>0.0</steeringAngle>
      <velocity>0.0</velocity>
      <orientation>0.2932383470132714</orientation>
      <time>30</time>
    </ksState>
    <ksState>
      <x>-469.45537815265726</x>
      <y>598.1758428035916</y>
      <steeringAngle>0.0</steeringAngle>
      <velocity>0.0</velocity>
      <orientation>0.2932383470132714</orientation>
      <time>31</time>
    </ksState>
    <ksState>
      <x>-469.45537815265726</x>
      <y>598.1758428035916</y>
      <steeringAngle>0.0</steeringAngle>
      <velocity>0.0</velocity>
      <orientation>0.2932383470132714</orientation>
      <time>32</time>
    </ksState>
    <ksState>
      <x>-469.45537815265726</x>
      <y>598.1758428035916</y>
      <steeringAngle>0.0</steeringAngle>
      <velocity>0.0</velocity>
      <orientation>0.2932383470132714</orientation>
      <time>33</time>
    </ksState>
  </ksTrajectory>
</CommonRoadSolution>
