<?xml version="1.0" ?>
<CommonRoadSolution benchmark_id="KS2:SM1:DEU_Moelln-9_1_T-1:2020a" computation_time="13.505507626000508" date="2023-01-12T15:00:04">
  <ksTrajectory planningProblem="1">
    <ksState>
      <x>612.07051</x>
      <y>402.62301</y>
      <steeringAngle>0.0</steeringAngle>
      <velocity>8.0</velocity>
      <orientation>-4.2175929</orientation>
      <time>0</time>
    </ksState>
    <ksState>
      <x>611.7020532006032</x>
      <y>403.2877521345713</y>
      <steeringAngle>0.03553333333333333</steeringAngle>
      <velocity>7.199999999999999</velocity>
      <orientation>-4.2124478870175075</orientation>
      <time>1</time>
    </ksState>
    <ksState>
      <x>611.355000520674</x>
      <y>403.87283427595537</y>
      <steeringAngle>0.07106666666666664</steeringAngle>
      <velocity>6.400000000000001</velocity>
      <orientation>-4.198471214896545</orientation>
      <time>2</time>
    </ksState>
    <ksState>
      <x>611.0296256439092</x>
      <y>404.3777655083587</y>
      <steeringAngle>0.10659999999999997</steeringAngle>
      <velocity>5.600000000000004</velocity>
      <orientation>-4.177839447030663</orientation>
      <time>3</time>
    </ksState>
    <ksState>
      <x>610.728871203815</x>
      <y>404.8034259909076</y>
      <steeringAngle>0.1421333333333333</steeringAngle>
      <velocity>4.800000000000003</velocity>
      <orientation>-4.152723239522015</orientation>
      <time>4</time>
    </ksState>
    <ksState>
      <x>610.4576049906418</x>
      <y>405.1520046007675</y>
      <steeringAngle>0.17766666666666653</steeringAngle>
      <velocity>4.000000000000006</velocity>
      <orientation>-4.125298342936865</orientation>
      <time>5</time>
    </ksState>
    <ksState>
      <x>610.2218917757065</x>
      <y>405.42687599816935</y>
      <steeringAngle>0.21319999999999997</steeringAngle>
      <velocity>3.2</velocity>
      <orientation>-4.09775679737343</orientation>
      <time>6</time>
    </ksState>
    <ksState>
      <x>610.0283128287672</x>
      <y>405.63236539148375</y>
      <steeringAngle>0.24873333333333342</steeringAngle>
      <velocity>2.4000000000000004</velocity>
      <orientation>-4.07231856698678</orientation>
      <time>7</time>
    </ksState>
    <ksState>
      <x>609.8833619868619</x>
      <y>405.77337540043555</y>
      <steeringAngle>0.2842666666666668</steeringAngle>
      <velocity>1.600000000000001</velocity>
      <orientation>-4.051243667196201</orientation>
      <time>8</time>
    </ksState>
    <ksState>
      <x>609.792936625023</x>
      <y>405.85487327352513</y>
      <steeringAngle>0.3197999999999999</steeringAngle>
      <velocity>0.8000000000000007</velocity>
      <orientation>-4.036845239895496</orientation>
      <time>9</time>
    </ksState>
    <ksState>
      <x>609.7619239836766</x>
      <y>405.8812539842563</y>
      <steeringAngle>0.3553333333333332</steeringAngle>
      <velocity>5.551115123125783e-16</velocity>
      <orientation>-4.031503598259767</orientation>
      <time>10</time>
    </ksState>
    <ksState>
      <x>609.7619239836766</x>
      <y>405.8812539842563</y>
      <steeringAngle>0.3198</steeringAngle>
      <velocity>0.0</velocity>
      <orientation>-4.031503598259767</orientation>
      <time>11</time>
    </ksState>
    <ksState>
      <x>609.7619239836766</x>
      <y>405.8812539842563</y>
      <steeringAngle>0.2842666666666666</steeringAngle>
      <velocity>0.0</velocity>
      <orientation>-4.031503598259767</orientation>
      <time>12</time>
    </ksState>
    <ksState>
      <x>609.7619239836766</x>
      <y>405.8812539842563</y>
      <steeringAngle>0.24873333333333333</steeringAngle>
      <velocity>0.0</velocity>
      <orientation>-4.031503598259767</orientation>
      <time>13</time>
    </ksState>
    <ksState>
      <x>609.7619239836766</x>
      <y>405.8812539842563</y>
      <steeringAngle>0.21320000000000003</steeringAngle>
      <velocity>0.0</velocity>
      <orientation>-4.031503598259767</orientation>
      <time>14</time>
    </ksState>
    <ksState>
      <x>609.7619239836766</x>
      <y>405.8812539842563</y>
      <steeringAngle>0.1776666666666667</steeringAngle>
      <velocity>0.0</velocity>
      <orientation>-4.031503598259767</orientation>
      <time>15</time>
    </ksState>
    <ksState>
      <x>609.7336261138454</x>
      <y>405.9098009668903</y>
      <steeringAngle>0.17766666666666667</steeringAngle>
      <velocity>0.7999999999999999</velocity>
      <orientation>-4.028718549393631</orientation>
      <time>16</time>
    </ksState>
    <ksState>
      <x>609.6482571611994</x>
      <y>405.9949676202661</y>
      <steeringAngle>0.17766666666666667</steeringAngle>
      <velocity>1.6000000000000005</velocity>
      <orientation>-4.020363402877744</orientation>
      <time>17</time>
    </ksState>
    <ksState>
      <x>609.5044039086016</x>
      <y>406.135317511215</y>
      <steeringAngle>0.17766666666666667</steeringAngle>
      <velocity>2.4000000000000017</velocity>
      <orientation>-4.006438158724293</orientation>
      <time>18</time>
    </ksState>
    <ksState>
      <x>609.2997558125554</x>
      <y>406.3284132249018</y>
      <steeringAngle>0.17766666666666667</steeringAngle>
      <velocity>3.2000000000000024</velocity>
      <orientation>-3.986942816936967</orientation>
      <time>19</time>
    </ksState>
    <ksState>
      <x>609.0311739125879</x>
      <y>406.5707531096121</y>
      <steeringAngle>0.17766666666666667</steeringAngle>
      <velocity>4.000000000000002</velocity>
      <orientation>-3.9618773775172746</orientation>
      <time>20</time>
    </ksState>
    <ksState>
      <x>608.694790738344</x>
      <y>406.85768652152944</y>
      <steeringAngle>0.17766666666666667</steeringAngle>
      <velocity>4.800000000000002</velocity>
      <orientation>-3.9312418404749403</orientation>
      <time>21</time>
    </ksState>
    <ksState>
      <x>608.2861444061706</x>
      <y>407.18331156108053</y>
      <steeringAngle>0.17766666666666667</steeringAngle>
      <velocity>5.600000000000001</velocity>
      <orientation>-3.8950362057984003</orientation>
      <time>22</time>
    </ksState>
    <ksState>
      <x>607.8003506370777</x>
      <y>407.540360679858</y>
      <steeringAngle>0.17766666666666667</steeringAngle>
      <velocity>6.3999999999999995</velocity>
      <orientation>-3.8532604734887603</orientation>
      <time>23</time>
    </ksState>
    <ksState>
      <x>607.2323168396549</x>
      <y>407.920081260888</y>
      <steeringAngle>0.17766666666666667</steeringAngle>
      <velocity>7.200000000000002</velocity>
      <orientation>-3.8059146435466635</orientation>
      <time>24</time>
    </ksState>
    <ksState>
      <x>606.5770020429435</x>
      <y>408.312119740998</y>
      <steeringAngle>0.17766666666666667</steeringAngle>
      <velocity>8.0</velocity>
      <orientation>-3.7529987159725136</orientation>
      <time>25</time>
    </ksState>
    <ksState>
      <x>605.897143419589</x>
      <y>408.6613771426358</y>
      <steeringAngle>0.21320000000000014</steeringAngle>
      <velocity>7.200000000000003</velocity>
      <orientation>-3.6947493889010206</orientation>
      <time>26</time>
    </ksState>
    <ksState>
      <x>605.2642127260777</x>
      <y>408.9246449201981</y>
      <steeringAngle>0.24873333333333347</steeringAngle>
      <velocity>6.400000000000004</velocity>
      <orientation>-3.6328323014152413</orientation>
      <time>27</time>
    </ksState>
    <ksState>
      <x>604.6867293334356</x>
      <y>409.11025558137175</y>
      <steeringAngle>0.2842666666666668</steeringAngle>
      <velocity>5.600000000000001</velocity>
      <orientation>-3.56941015865132</orientation>
      <time>28</time>
    </ksState>
    <ksState>
      <x>604.1728159308191</x>
      <y>409.229023762498</y>
      <steeringAngle>0.3198</steeringAngle>
      <velocity>4.800000000000002</velocity>
      <orientation>-3.5066810589093675</orientation>
      <time>29</time>
    </ksState>
    <ksState>
      <x>603.7294694940263</x>
      <y>409.2936584111186</y>
      <steeringAngle>0.3553333333333332</steeringAngle>
      <velocity>4.000000000000001</velocity>
      <orientation>-3.4468912248611527</orientation>
      <time>30</time>
    </ksState>
    <ksState>
      <x>603.3641967937284</x>
      <y>409.32611123718925</y>
      <steeringAngle>0.31979999999999975</steeringAngle>
      <velocity>3.2</velocity>
      <orientation>-3.3977846648033645</orientation>
      <time>31</time>
    </ksState>
    <ksState>
      <x>603.0807220164813</x>
      <y>409.34545969860136</y>
      <steeringAngle>0.2842666666666663</steeringAngle>
      <velocity>2.4000000000000004</velocity>
      <orientation>-3.36385240943715</orientation>
      <time>32</time>
    </ksState>
    <ksState>
      <x>602.8788203298104</x>
      <y>409.3578317418455</y>
      <steeringAngle>0.24873333333333292</steeringAngle>
      <velocity>1.6000000000000008</velocity>
      <orientation>-3.3425800884902115</orientation>
      <time>33</time>
    </ksState>
  </ksTrajectory>
</CommonRoadSolution>
