<?xml version="1.0" ?>
<CommonRoadSolution benchmark_id="KS2:SM1:ESP_Monzon-2_1_T-1:2020a" computation_time="1.004983263000213" date="2023-01-12T15:00:04">
  <ksTrajectory planningProblem="1">
    <ksState>
      <x>497.70011</x>
      <y>-635.26729</y>
      <steeringAngle>0.0</steeringAngle>
      <velocity>12.0</velocity>
      <orientation>-0.81651785</orientation>
      <time>0</time>
    </ksState>
    <ksState>
      <x>498.5048055674799</x>
      <y>-636.1028432379178</y>
      <steeringAngle>0.03553333333333333</steeringAngle>
      <velocity>11.200000000000001</velocity>
      <orientation>-0.8086165762276559</orientation>
      <time>1</time>
    </ksState>
    <ksState>
      <x>499.28086847380337</x>
      <y>-636.8545048545661</y>
      <steeringAngle>0.07106666666666667</steeringAngle>
      <velocity>10.400000000000007</velocity>
      <orientation>-0.786364145429166</orientation>
      <time>2</time>
    </ksState>
    <ksState>
      <x>500.0326221919101</x>
      <y>-637.5156066907165</y>
      <steeringAngle>0.10660000000000001</steeringAngle>
      <velocity>9.60000000000001</velocity>
      <orientation>-0.7519161345444942</orientation>
      <time>3</time>
    </ksState>
    <ksState>
      <x>500.75988359643196</x>
      <y>-638.0823828308402</y>
      <steeringAngle>0.14213333333333344</steeringAngle>
      <velocity>8.800000000000008</velocity>
      <orientation>-0.7074080024236493</orientation>
      <time>4</time>
    </ksState>
    <ksState>
      <x>501.45879709910963</x>
      <y>-638.5539755676757</y>
      <steeringAngle>0.17766666666666675</steeringAngle>
      <velocity>8.000000000000009</velocity>
      <orientation>-0.6549657046086679</orientation>
      <time>5</time>
    </ksState>
    <ksState>
      <x>502.1228021113607</x>
      <y>-638.932506707813</y>
      <steeringAngle>0.21320000000000014</steeringAngle>
      <velocity>7.200000000000003</velocity>
      <orientation>-0.596716377537175</orientation>
      <time>6</time>
    </ksState>
    <ksState>
      <x>502.74366820108975</x>
      <y>-639.2230862737085</y>
      <steeringAngle>0.24873333333333347</steeringAngle>
      <velocity>6.400000000000004</velocity>
      <orientation>-0.5347992900513957</orientation>
      <time>7</time>
    </ksState>
    <ksState>
      <x>503.3125212322192</x>
      <y>-639.4336678856639</y>
      <steeringAngle>0.2842666666666668</steeringAngle>
      <velocity>5.600000000000001</velocity>
      <orientation>-0.47137714728747454</orientation>
      <time>8</time>
    </ksState>
    <ksState>
      <x>503.82077528781264</x>
      <y>-639.5747022120161</y>
      <steeringAngle>0.3198</steeringAngle>
      <velocity>4.800000000000002</velocity>
      <orientation>-0.4086480475455219</orientation>
      <time>9</time>
    </ksState>
    <ksState>
      <x>504.2608866070473</x>
      <y>-639.6585814555795</y>
      <steeringAngle>0.3553333333333332</steeringAngle>
      <velocity>4.000000000000001</velocity>
      <orientation>-0.34885821349730717</orientation>
      <time>10</time>
    </ksState>
    <ksState>
      <x>504.66769197031795</x>
      <y>-639.7019890268662</y>
      <steeringAngle>0.39086666666666653</steeringAngle>
      <velocity>4.0</velocity>
      <orientation>-0.28813784719131996</orientation>
      <time>11</time>
    </ksState>
    <ksState>
      <x>505.0787341436414</x>
      <y>-639.7104398316343</y>
      <steeringAngle>0.42639999999999995</steeringAngle>
      <velocity>4.0</velocity>
      <orientation>-0.22096823373491636</orientation>
      <time>12</time>
    </ksState>
    <ksState>
      <x>505.49106470921436</x>
      <y>-639.6806245212222</y>
      <steeringAngle>0.4619333333333333</steeringAngle>
      <velocity>4.0</velocity>
      <orientation>-0.14714765010257236</orientation>
      <time>13</time>
    </ksState>
    <ksState>
      <x>505.9008881015117</x>
      <y>-639.6093539242996</y>
      <steeringAngle>0.49746666666666667</steeringAngle>
      <velocity>4.0</velocity>
      <orientation>-0.06644710828935202</orientation>
      <time>14</time>
    </ksState>
    <ksState>
      <x>506.30346663636743</x>
      <y>-639.4937042860978</y>
      <steeringAngle>0.533</steeringAngle>
      <velocity>4.0</velocity>
      <orientation>0.021392758310456617</orientation>
      <time>15</time>
    </ksState>
    <ksState>
      <x>506.6548977855886</x>
      <y>-639.3492909614091</y>
      <steeringAngle>0.5685333333333333</steeringAngle>
      <velocity>3.199999999999999</velocity>
      <orientation>0.10701161150730958</orientation>
      <time>16</time>
    </ksState>
    <ksState>
      <x>506.9174666975538</x>
      <y>-639.2081539347445</y>
      <steeringAngle>0.6040666666666664</steeringAngle>
      <velocity>2.3999999999999995</velocity>
      <orientation>0.17900535632052786</orientation>
      <time>17</time>
    </ksState>
    <ksState>
      <x>507.0970512885212</x>
      <y>-639.0899659082542</y>
      <steeringAngle>0.6395999999999996</steeringAngle>
      <velocity>1.5999999999999983</velocity>
      <orientation>0.23445519109654067</orientation>
      <time>18</time>
    </ksState>
    <ksState>
      <x>507.2005700741955</x>
      <y>-639.0107397282565</y>
      <steeringAngle>0.675133333333333</steeringAngle>
      <velocity>0.7999999999999986</velocity>
      <orientation>0.27023179601536984</orientation>
      <time>19</time>
    </ksState>
    <ksState>
      <x>507.23411544133546</x>
      <y>-638.9824018150014</y>
      <steeringAngle>0.7106666666666662</steeringAngle>
      <velocity>-1.27675647831893e-15</velocity>
      <orientation>0.282955993113978</orientation>
      <time>20</time>
    </ksState>
    <ksState>
      <x>507.23411544133546</x>
      <y>-638.9824018150014</y>
      <steeringAngle>0.6751333333333334</steeringAngle>
      <velocity>0.0</velocity>
      <orientation>0.282955993113978</orientation>
      <time>21</time>
    </ksState>
    <ksState>
      <x>507.23411544133546</x>
      <y>-638.9824018150014</y>
      <steeringAngle>0.6396</steeringAngle>
      <velocity>0.0</velocity>
      <orientation>0.282955993113978</orientation>
      <time>22</time>
    </ksState>
    <ksState>
      <x>507.23411544133546</x>
      <y>-638.9824018150014</y>
      <steeringAngle>0.6040666666666666</steeringAngle>
      <velocity>0.0</velocity>
      <orientation>0.282955993113978</orientation>
      <time>23</time>
    </ksState>
    <ksState>
      <x>507.23411544133546</x>
      <y>-638.9824018150014</y>
      <steeringAngle>0.5685333333333333</steeringAngle>
      <velocity>0.0</velocity>
      <orientation>0.282955993113978</orientation>
      <time>24</time>
    </ksState>
    <ksState>
      <x>507.23411544133546</x>
      <y>-638.9824018150014</y>
      <steeringAngle>0.5329999999999999</steeringAngle>
      <velocity>0.0</velocity>
      <orientation>0.282955993113978</orientation>
      <time>25</time>
    </ksState>
    <ksState>
      <x>507.23411544133546</x>
      <y>-638.9824018150014</y>
      <steeringAngle>0.49746666666666667</steeringAngle>
      <velocity>0.0</velocity>
      <orientation>0.282955993113978</orientation>
      <time>26</time>
    </ksState>
    <ksState>
      <x>507.23411544133546</x>
      <y>-638.9824018150014</y>
      <steeringAngle>0.4619333333333333</steeringAngle>
      <velocity>0.0</velocity>
      <orientation>0.282955993113978</orientation>
      <time>27</time>
    </ksState>
    <ksState>
      <x>507.23411544133546</x>
      <y>-638.9824018150014</y>
      <steeringAngle>0.42639999999999995</steeringAngle>
      <velocity>0.0</velocity>
      <orientation>0.282955993113978</orientation>
      <time>28</time>
    </ksState>
    <ksState>
      <x>507.23411544133546</x>
      <y>-638.9824018150014</y>
      <steeringAngle>0.3908666666666666</steeringAngle>
      <velocity>0.0</velocity>
      <orientation>0.282955993113978</orientation>
      <time>29</time>
    </ksState>
    <ksState>
      <x>507.23411544133546</x>
      <y>-638.9824018150014</y>
      <steeringAngle>0.3553333333333333</steeringAngle>
      <velocity>0.0</velocity>
      <orientation>0.282955993113978</orientation>
      <time>30</time>
    </ksState>
    <ksState>
      <x>507.23411544133546</x>
      <y>-638.9824018150014</y>
      <steeringAngle>0.3198</steeringAngle>
      <velocity>0.0</velocity>
      <orientation>0.282955993113978</orientation>
      <time>31</time>
    </ksState>
    <ksState>
      <x>507.23411544133546</x>
      <y>-638.9824018150014</y>
      <steeringAngle>0.2842666666666666</steeringAngle>
      <velocity>0.0</velocity>
      <orientation>0.282955993113978</orientation>
      <time>32</time>
    </ksState>
    <ksState>
      <x>507.23411544133546</x>
      <y>-638.9824018150014</y>
      <steeringAngle>0.24873333333333333</steeringAngle>
      <velocity>0.0</velocity>
      <orientation>0.282955993113978</orientation>
      <time>33</time>
    </ksState>
  </ksTrajectory>
</CommonRoadSolution>
