<?xml version="1.0" ?>
<CommonRoadSolution benchmark_id="KS2:SM1:ITA_Siderno-5_4_T-1:2020a" computation_time="1.844278022999788" date="2023-01-12T15:00:04">
  <ksTrajectory planningProblem="1">
    <ksState>
      <x>58.487692</x>
      <y>-884.38527</y>
      <steeringAngle>0.0</steeringAngle>
      <velocity>8.0</velocity>
      <orientation>-0.79440803</orientation>
      <time>0</time>
    </ksState>
    <ksState>
      <x>59.054884992053246</x>
      <y>-884.9494865230979</y>
      <steeringAngle>0.03553333333333333</steeringAngle>
      <velocity>8.0</velocity>
      <orientation>-0.7888954949971613</orientation>
      <time>1</time>
    </ksState>
    <ksState>
      <x>59.639312738189574</x>
      <y>-885.4962490708144</y>
      <steeringAngle>0.07106666666666667</steeringAngle>
      <velocity>8.0</velocity>
      <orientation>-0.7723439741168916</orientation>
      <time>2</time>
    </ksState>
    <ksState>
      <x>60.246504938738326</x>
      <y>-886.0185171956466</y>
      <steeringAngle>0.10659999999999997</steeringAngle>
      <velocity>8.0</velocity>
      <orientation>-0.7447114948261967</orientation>
      <time>3</time>
    </ksState>
    <ksState>
      <x>60.88120366817221</x>
      <y>-886.5084550660023</y>
      <steeringAngle>0.1421333333333333</steeringAngle>
      <velocity>8.0</velocity>
      <orientation>-0.7059276425534617</orientation>
      <time>4</time>
    </ksState>
    <ksState>
      <x>61.547070488734036</x>
      <y>-886.9572832448305</y>
      <steeringAngle>0.17766666666666667</steeringAngle>
      <velocity>8.0</velocity>
      <orientation>-0.6558928303043071</orientation>
      <time>5</time>
    </ksState>
    <ksState>
      <x>62.210724269712024</x>
      <y>-887.3364298383029</y>
      <steeringAngle>0.21320000000000014</steeringAngle>
      <velocity>7.200000000000003</velocity>
      <orientation>-0.5976435032328142</orientation>
      <time>6</time>
    </ksState>
    <ksState>
      <x>62.831320688861034</x>
      <y>-887.6275849001357</y>
      <steeringAngle>0.24873333333333347</steeringAngle>
      <velocity>6.400000000000004</velocity>
      <orientation>-0.535726415747035</orientation>
      <time>7</time>
    </ksState>
    <ksState>
      <x>63.39997823991275</x>
      <y>-887.8386938197737</y>
      <steeringAngle>0.2842666666666668</steeringAngle>
      <velocity>5.600000000000001</velocity>
      <orientation>-0.4723042729831138</orientation>
      <time>8</time>
    </ksState>
    <ksState>
      <x>63.90810132053903</x>
      <y>-887.9801993008394</y>
      <steeringAngle>0.3198</steeringAngle>
      <velocity>4.800000000000002</velocity>
      <orientation>-0.40957517324116116</orientation>
      <time>9</time>
    </ksState>
    <ksState>
      <x>64.34813468403138</x>
      <y>-888.0644865468075</y>
      <steeringAngle>0.3553333333333332</steeringAngle>
      <velocity>4.000000000000001</velocity>
      <orientation>-0.3497853391929464</orientation>
      <time>10</time>
    </ksState>
    <ksState>
      <x>64.71283073036057</x>
      <y>-888.1091858048192</y>
      <steeringAngle>0.35533333333333333</steeringAngle>
      <velocity>3.2000000000000015</velocity>
      <orientation>-0.2979843032597769</orientation>
      <time>11</time>
    </ksState>
    <ksState>
      <x>64.99779540930717</x>
      <y>-888.1308597348823</y>
      <steeringAngle>0.35533333333333333</steeringAngle>
      <velocity>2.4000000000000026</velocity>
      <orientation>-0.2576946086926322</orientation>
      <time>12</time>
    </ksState>
    <ksState>
      <x>65.20176153252119</x>
      <y>-888.1393042892236</y>
      <steeringAngle>0.35533333333333333</steeringAngle>
      <velocity>1.600000000000003</velocity>
      <orientation>-0.22891625547680952</orientation>
      <time>13</time>
    </ksState>
    <ksState>
      <x>65.32422812188878</x>
      <y>-888.1415524584751</y>
      <steeringAngle>0.35533333333333333</steeringAngle>
      <velocity>0.8000000000000022</velocity>
      <orientation>-0.21164924360649284</orientation>
      <time>14</time>
    </ksState>
    <ksState>
      <x>65.36505669288024</x>
      <y>-888.1418318816877</y>
      <steeringAngle>0.35533333333333333</steeringAngle>
      <velocity>1.8318679906315083e-15</velocity>
      <orientation>-0.20589357307406014</orientation>
      <time>15</time>
    </ksState>
    <ksState>
      <x>65.36505669288024</x>
      <y>-888.1418318816877</y>
      <steeringAngle>0.3198</steeringAngle>
      <velocity>0.0</velocity>
      <orientation>-0.20589357307406014</orientation>
      <time>16</time>
    </ksState>
    <ksState>
      <x>65.36505669288024</x>
      <y>-888.1418318816877</y>
      <steeringAngle>0.2842666666666666</steeringAngle>
      <velocity>0.0</velocity>
      <orientation>-0.20589357307406014</orientation>
      <time>17</time>
    </ksState>
    <ksState>
      <x>65.36505669288024</x>
      <y>-888.1418318816877</y>
      <steeringAngle>0.24873333333333333</steeringAngle>
      <velocity>0.0</velocity>
      <orientation>-0.20589357307406014</orientation>
      <time>18</time>
    </ksState>
    <ksState>
      <x>65.36505669288024</x>
      <y>-888.1418318816877</y>
      <steeringAngle>0.21320000000000003</steeringAngle>
      <velocity>0.0</velocity>
      <orientation>-0.20589357307406014</orientation>
      <time>19</time>
    </ksState>
    <ksState>
      <x>65.36505669288024</x>
      <y>-888.1418318816877</y>
      <steeringAngle>0.1776666666666667</steeringAngle>
      <velocity>0.0</velocity>
      <orientation>-0.20589357307406014</orientation>
      <time>20</time>
    </ksState>
    <ksState>
      <x>65.40491816810707</x>
      <y>-888.1466072639275</y>
      <steeringAngle>0.14213333333333333</steeringAngle>
      <velocity>0.8</velocity>
      <orientation>-0.20348607586325768</orientation>
      <time>21</time>
    </ksState>
    <ksState>
      <x>65.52413731794095</x>
      <y>-888.1625241683712</y>
      <steeringAngle>0.10660000000000001</steeringAngle>
      <velocity>1.6</velocity>
      <orientation>-0.19776178924292298</orientation>
      <time>22</time>
    </ksState>
    <ksState>
      <x>65.72225304719585</x>
      <y>-888.1915916254135</y>
      <steeringAngle>0.07106666666666664</steeringAngle>
      <velocity>2.4000000000000004</velocity>
      <orientation>-0.1909462754799443</orientation>
      <time>23</time>
    </ksState>
    <ksState>
      <x>65.99884747642912</x>
      <y>-888.2358923357313</y>
      <steeringAngle>0.03553333333333332</steeringAngle>
      <velocity>3.1999999999999993</velocity>
      <orientation>-0.18524535476701454</orientation>
      <time>24</time>
    </ksState>
    <ksState>
      <x>66.35341624331997</x>
      <y>-888.2982901274655</y>
      <steeringAngle>-2.6020852139652106e-18</steeringAngle>
      <velocity>3.999999999999999</velocity>
      <orientation>-0.18285660317868768</orientation>
      <time>25</time>
    </ksState>
    <ksState>
      <x>66.70807939480126</x>
      <y>-888.360132861091</y>
      <steeringAngle>0.03553333333333333</steeringAngle>
      <velocity>3.2</velocity>
      <orientation>-0.18046785479889513</orientation>
      <time>26</time>
    </ksState>
    <ksState>
      <x>66.98509106183818</x>
      <y>-888.4017098935628</y>
      <steeringAngle>0.07106666666666668</steeringAngle>
      <velocity>2.4</velocity>
      <orientation>-0.17476693979309849</orientation>
      <time>27</time>
    </ksState>
    <ksState>
      <x>67.183807102429</x>
      <y>-888.4263048785241</y>
      <steeringAngle>0.10660000000000003</steeringAngle>
      <velocity>1.5999999999999994</velocity>
      <orientation>-0.16795140604836703</orientation>
      <time>28</time>
    </ksState>
    <ksState>
      <x>67.30351107853797</x>
      <y>-888.4380085916039</y>
      <steeringAngle>0.14213333333333342</steeringAngle>
      <velocity>0.7999999999999988</velocity>
      <orientation>-0.1622271445618873</orientation>
      <time>29</time>
    </ksState>
    <ksState>
      <x>67.3435425317547</x>
      <y>-888.4410423273475</y>
      <steeringAngle>0.17766666666666675</steeringAngle>
      <velocity>-1.5265566588595902e-15</velocity>
      <orientation>-0.15981965008733148</orientation>
      <time>30</time>
    </ksState>
    <ksState>
      <x>67.3435425317547</x>
      <y>-888.4410423273475</y>
      <steeringAngle>0.14213333333333336</steeringAngle>
      <velocity>0.0</velocity>
      <orientation>-0.15981965008733148</orientation>
      <time>31</time>
    </ksState>
    <ksState>
      <x>67.3435425317547</x>
      <y>-888.4410423273475</y>
      <steeringAngle>0.10660000000000001</steeringAngle>
      <velocity>0.0</velocity>
      <orientation>-0.15981965008733148</orientation>
      <time>32</time>
    </ksState>
    <ksState>
      <x>67.3435425317547</x>
      <y>-888.4410423273475</y>
      <steeringAngle>0.07106666666666668</steeringAngle>
      <velocity>0.0</velocity>
      <orientation>-0.15981965008733148</orientation>
      <time>33</time>
    </ksState>
  </ksTrajectory>
</CommonRoadSolution>
