<?xml version="1.0" ?>
<CommonRoadSolution benchmark_id="KS2:SM1:DEU_Flensburg-98_1_T-1:2020a" computation_time="2.156432730999768" date="2023-01-12T15:00:04">
  <ksTrajectory planningProblem="123">
    <ksState>
      <x>-166.78646</x>
      <y>-153.82389</y>
      <steeringAngle>0.0</steeringAngle>
      <velocity>16.0</velocity>
      <orientation>-1.4586654</orientation>
      <time>0</time>
    </ksState>
    <ksState>
      <x>-166.61190208766752</x>
      <y>-155.37409306224617</y>
      <steeringAngle>0.0</steeringAngle>
      <velocity>15.2</velocity>
      <orientation>-1.4586654</orientation>
      <time>1</time>
    </ksState>
    <ksState>
      <x>-166.44629586321</x>
      <y>-156.84479853099646</y>
      <steeringAngle>0.0</steeringAngle>
      <velocity>14.400000000000002</velocity>
      <orientation>-1.4586654</orientation>
      <time>2</time>
    </ksState>
    <ksState>
      <x>-166.2896413265861</x>
      <y>-158.23600640661877</y>
      <steeringAngle>0.0</steeringAngle>
      <velocity>13.600000000000001</velocity>
      <orientation>-1.4586654</orientation>
      <time>3</time>
    </ksState>
    <ksState>
      <x>-166.14193847778319</x>
      <y>-159.54771668922447</y>
      <steeringAngle>0.0</steeringAngle>
      <velocity>12.800000000000004</velocity>
      <orientation>-1.4586654</orientation>
      <time>4</time>
    </ksState>
    <ksState>
      <x>-166.00318731679738</x>
      <y>-160.77992937884872</y>
      <steeringAngle>0.0</steeringAngle>
      <velocity>12.000000000000002</velocity>
      <orientation>-1.4586654</orientation>
      <time>5</time>
    </ksState>
    <ksState>
      <x>-165.8733878435513</x>
      <y>-161.93264447617833</y>
      <steeringAngle>0.0</steeringAngle>
      <velocity>11.200000000000001</velocity>
      <orientation>-1.4586654</orientation>
      <time>6</time>
    </ksState>
    <ksState>
      <x>-165.75254005816953</x>
      <y>-163.00586198010703</y>
      <steeringAngle>0.0</steeringAngle>
      <velocity>10.4</velocity>
      <orientation>-1.4586654</orientation>
      <time>7</time>
    </ksState>
    <ksState>
      <x>-165.6406439606174</x>
      <y>-163.99958189094264</y>
      <steeringAngle>0.0</steeringAngle>
      <velocity>9.599999999999998</velocity>
      <orientation>-1.4586654</orientation>
      <time>8</time>
    </ksState>
    <ksState>
      <x>-165.53769955088507</x>
      <y>-164.9138042087726</y>
      <steeringAngle>0.0</steeringAngle>
      <velocity>8.799999999999999</velocity>
      <orientation>-1.4586654</orientation>
      <time>9</time>
    </ksState>
    <ksState>
      <x>-165.44370682896934</x>
      <y>-165.7485289336255</y>
      <steeringAngle>0.0</steeringAngle>
      <velocity>7.999999999999997</velocity>
      <orientation>-1.4586654</orientation>
      <time>10</time>
    </ksState>
    <ksState>
      <x>-165.35866579481916</x>
      <y>-166.50375606595443</y>
      <steeringAngle>0.0</steeringAngle>
      <velocity>7.200000000000001</velocity>
      <orientation>-1.4586654</orientation>
      <time>11</time>
    </ksState>
    <ksState>
      <x>-165.28257644851575</x>
      <y>-167.17948560503817</y>
      <steeringAngle>0.0</steeringAngle>
      <velocity>6.400000000000001</velocity>
      <orientation>-1.4586654</orientation>
      <time>12</time>
    </ksState>
    <ksState>
      <x>-165.2154387900367</x>
      <y>-167.77571755107553</y>
      <steeringAngle>0.0</steeringAngle>
      <velocity>5.600000000000001</velocity>
      <orientation>-1.4586654</orientation>
      <time>13</time>
    </ksState>
    <ksState>
      <x>-165.15725281937574</x>
      <y>-168.29245190412277</y>
      <steeringAngle>0.0</steeringAngle>
      <velocity>4.800000000000001</velocity>
      <orientation>-1.4586654</orientation>
      <time>14</time>
    </ksState>
    <ksState>
      <x>-165.1080185365305</x>
      <y>-168.7296886642005</y>
      <steeringAngle>0.0</steeringAngle>
      <velocity>4.000000000000001</velocity>
      <orientation>-1.4586654</orientation>
      <time>15</time>
    </ksState>
    <ksState>
      <x>-165.0677359414832</x>
      <y>-169.08742783146673</y>
      <steeringAngle>0.0</steeringAngle>
      <velocity>3.2</velocity>
      <orientation>-1.4586654</orientation>
      <time>16</time>
    </ksState>
    <ksState>
      <x>-165.03640503426112</x>
      <y>-169.36566940567894</y>
      <steeringAngle>0.0</steeringAngle>
      <velocity>2.4000000000000004</velocity>
      <orientation>-1.4586654</orientation>
      <time>17</time>
    </ksState>
    <ksState>
      <x>-165.0140258148529</x>
      <y>-169.56441338693838</y>
      <steeringAngle>0.0</steeringAngle>
      <velocity>1.6</velocity>
      <orientation>-1.4586654</orientation>
      <time>18</time>
    </ksState>
    <ksState>
      <x>-165.000598283254</x>
      <y>-169.68365977528538</y>
      <steeringAngle>0.0</steeringAngle>
      <velocity>0.7999999999999998</velocity>
      <orientation>-1.4586654</orientation>
      <time>19</time>
    </ksState>
    <ksState>
      <x>-164.99612243945845</x>
      <y>-169.72340857077253</y>
      <steeringAngle>0.0</steeringAngle>
      <velocity>-3.3306690738754696e-16</velocity>
      <orientation>-1.4586654</orientation>
      <time>20</time>
    </ksState>
    <ksState>
      <x>-164.99612243945845</x>
      <y>-169.72340857077253</y>
      <steeringAngle>0.0</steeringAngle>
      <velocity>0.0</velocity>
      <orientation>-1.4586654</orientation>
      <time>21</time>
    </ksState>
    <ksState>
      <x>-164.99612243945845</x>
      <y>-169.72340857077253</y>
      <steeringAngle>0.0</steeringAngle>
      <velocity>0.0</velocity>
      <orientation>-1.4586654</orientation>
      <time>22</time>
    </ksState>
    <ksState>
      <x>-164.99612243945845</x>
      <y>-169.72340857077253</y>
      <steeringAngle>0.0</steeringAngle>
      <velocity>0.0</velocity>
      <orientation>-1.4586654</orientation>
      <time>23</time>
    </ksState>
    <ksState>
      <x>-164.99612243945845</x>
      <y>-169.72340857077253</y>
      <steeringAngle>0.0</steeringAngle>
      <velocity>0.0</velocity>
      <orientation>-1.4586654</orientation>
      <time>24</time>
    </ksState>
    <ksState>
      <x>-164.99612243945845</x>
      <y>-169.72340857077253</y>
      <steeringAngle>0.0</steeringAngle>
      <velocity>0.0</velocity>
      <orientation>-1.4586654</orientation>
      <time>25</time>
    </ksState>
    <ksState>
      <x>-164.99612243945845</x>
      <y>-169.72340857077253</y>
      <steeringAngle>0.0</steeringAngle>
      <velocity>0.0</velocity>
      <orientation>-1.4586654</orientation>
      <time>26</time>
    </ksState>
    <ksState>
      <x>-164.99612243945845</x>
      <y>-169.72340857077253</y>
      <steeringAngle>0.0</steeringAngle>
      <velocity>0.0</velocity>
      <orientation>-1.4586654</orientation>
      <time>27</time>
    </ksState>
    <ksState>
      <x>-164.99612243945845</x>
      <y>-169.72340857077253</y>
      <steeringAngle>0.0</steeringAngle>
      <velocity>0.0</velocity>
      <orientation>-1.4586654</orientation>
      <time>28</time>
    </ksState>
    <ksState>
      <x>-164.99612243945845</x>
      <y>-169.72340857077253</y>
      <steeringAngle>0.0</steeringAngle>
      <velocity>0.0</velocity>
      <orientation>-1.4586654</orientation>
      <time>29</time>
    </ksState>
    <ksState>
      <x>-164.99612243945845</x>
      <y>-169.72340857077253</y>
      <steeringAngle>0.0</steeringAngle>
      <velocity>0.0</velocity>
      <orientation>-1.4586654</orientation>
      <time>30</time>
    </ksState>
    <ksState>
      <x>-164.99612243945845</x>
      <y>-169.72340857077253</y>
      <steeringAngle>0.0</steeringAngle>
      <velocity>0.0</velocity>
      <orientation>-1.4586654</orientation>
      <time>31</time>
    </ksState>
    <ksState>
      <x>-164.99612243945845</x>
      <y>-169.72340857077253</y>
      <steeringAngle>0.0</steeringAngle>
      <velocity>0.0</velocity>
      <orientation>-1.4586654</orientation>
      <time>32</time>
    </ksState>
    <ksState>
      <x>-164.99612243945845</x>
      <y>-169.72340857077253</y>
      <steeringAngle>0.0</steeringAngle>
      <velocity>0.0</velocity>
      <orientation>-1.4586654</orientation>
      <time>33</time>
    </ksState>
    <ksState>
      <x>-164.99612243945845</x>
      <y>-169.72340857077253</y>
      <steeringAngle>0.0</steeringAngle>
      <velocity>0.0</velocity>
      <orientation>-1.4586654</orientation>
      <time>34</time>
    </ksState>
    <ksState>
      <x>-164.99612243945845</x>
      <y>-169.72340857077253</y>
      <steeringAngle>0.0</steeringAngle>
      <velocity>0.0</velocity>
      <orientation>-1.4586654</orientation>
      <time>35</time>
    </ksState>
    <ksState>
      <x>-164.99612243945845</x>
      <y>-169.72340857077253</y>
      <steeringAngle>0.0</steeringAngle>
      <velocity>0.0</velocity>
      <orientation>-1.4586654</orientation>
      <time>36</time>
    </ksState>
    <ksState>
      <x>-164.99612243945845</x>
      <y>-169.72340857077253</y>
      <steeringAngle>0.0</steeringAngle>
      <velocity>0.0</velocity>
      <orientation>-1.4586654</orientation>
      <time>37</time>
    </ksState>
    <ksState>
      <x>-164.99612243945845</x>
      <y>-169.72340857077253</y>
      <steeringAngle>0.0</steeringAngle>
      <velocity>0.0</velocity>
      <orientation>-1.4586654</orientation>
      <time>38</time>
    </ksState>
    <ksState>
      <x>-164.99612243945845</x>
      <y>-169.72340857077253</y>
      <steeringAngle>0.0</steeringAngle>
      <velocity>0.0</velocity>
      <orientation>-1.4586654</orientation>
      <time>39</time>
    </ksState>
    <ksState>
      <x>-164.99612243945845</x>
      <y>-169.72340857077253</y>
      <steeringAngle>0.0</steeringAngle>
      <velocity>0.0</velocity>
      <orientation>-1.4586654</orientation>
      <time>40</time>
    </ksState>
    <ksState>
      <x>-164.99612243945845</x>
      <y>-169.72340857077253</y>
      <steeringAngle>0.0</steeringAngle>
      <velocity>0.0</velocity>
      <orientation>-1.4586654</orientation>
      <time>41</time>
    </ksState>
    <ksState>
      <x>-164.99612243945845</x>
      <y>-169.72340857077253</y>
      <steeringAngle>0.0</steeringAngle>
      <velocity>0.0</velocity>
      <orientation>-1.4586654</orientation>
      <time>42</time>
    </ksState>
    <ksState>
      <x>-164.99612243945845</x>
      <y>-169.72340857077253</y>
      <steeringAngle>0.0</steeringAngle>
      <velocity>0.0</velocity>
      <orientation>-1.4586654</orientation>
      <time>43</time>
    </ksState>
    <ksState>
      <x>-164.99612243945845</x>
      <y>-169.72340857077253</y>
      <steeringAngle>0.0</steeringAngle>
      <velocity>0.0</velocity>
      <orientation>-1.4586654</orientation>
      <time>44</time>
    </ksState>
    <ksState>
      <x>-164.99612243945845</x>
      <y>-169.72340857077253</y>
      <steeringAngle>0.0</steeringAngle>
      <velocity>0.0</velocity>
      <orientation>-1.4586654</orientation>
      <time>45</time>
    </ksState>
    <ksState>
      <x>-164.99612243945845</x>
      <y>-169.72340857077253</y>
      <steeringAngle>0.0</steeringAngle>
      <velocity>0.0</velocity>
      <orientation>-1.4586654</orientation>
      <time>46</time>
    </ksState>
    <ksState>
      <x>-164.99612243945845</x>
      <y>-169.72340857077253</y>
      <steeringAngle>0.0</steeringAngle>
      <velocity>0.0</velocity>
      <orientation>-1.4586654</orientation>
      <time>47</time>
    </ksState>
    <ksState>
      <x>-164.99612243945845</x>
      <y>-169.72340857077253</y>
      <steeringAngle>0.0</steeringAngle>
      <velocity>0.0</velocity>
      <orientation>-1.4586654</orientation>
      <time>48</time>
    </ksState>
    <ksState>
      <x>-164.99612243945845</x>
      <y>-169.72340857077253</y>
      <steeringAngle>0.0</steeringAngle>
      <velocity>0.0</velocity>
      <orientation>-1.4586654</orientation>
      <time>49</time>
    </ksState>
    <ksState>
      <x>-164.99612243945845</x>
      <y>-169.72340857077253</y>
      <steeringAngle>0.0</steeringAngle>
      <velocity>0.0</velocity>
      <orientation>-1.4586654</orientation>
      <time>50</time>
    </ksState>
    <ksState>
      <x>-164.99612243945845</x>
      <y>-169.72340857077253</y>
      <steeringAngle>0.0</steeringAngle>
      <velocity>0.0</velocity>
      <orientation>-1.4586654</orientation>
      <time>51</time>
    </ksState>
    <ksState>
      <x>-164.99612243945845</x>
      <y>-169.72340857077253</y>
      <steeringAngle>0.0</steeringAngle>
      <velocity>0.0</velocity>
      <orientation>-1.4586654</orientation>
      <time>52</time>
    </ksState>
    <ksState>
      <x>-164.99612243945845</x>
      <y>-169.72340857077253</y>
      <steeringAngle>0.0</steeringAngle>
      <velocity>0.0</velocity>
      <orientation>-1.4586654</orientation>
      <time>53</time>
    </ksState>
    <ksState>
      <x>-164.99612243945845</x>
      <y>-169.72340857077253</y>
      <steeringAngle>0.0</steeringAngle>
      <velocity>0.0</velocity>
      <orientation>-1.4586654</orientation>
      <time>54</time>
    </ksState>
    <ksState>
      <x>-164.99612243945845</x>
      <y>-169.72340857077253</y>
      <steeringAngle>0.0</steeringAngle>
      <velocity>0.0</velocity>
      <orientation>-1.4586654</orientation>
      <time>55</time>
    </ksState>
    <ksState>
      <x>-164.99612243945845</x>
      <y>-169.72340857077253</y>
      <steeringAngle>0.0</steeringAngle>
      <velocity>0.0</velocity>
      <orientation>-1.4586654</orientation>
      <time>56</time>
    </ksState>
    <ksState>
      <x>-164.99612243945845</x>
      <y>-169.72340857077253</y>
      <steeringAngle>0.0</steeringAngle>
      <velocity>0.0</velocity>
      <orientation>-1.4586654</orientation>
      <time>57</time>
    </ksState>
    <ksState>
      <x>-164.99612243945845</x>
      <y>-169.72340857077253</y>
      <steeringAngle>0.0</steeringAngle>
      <velocity>0.0</velocity>
      <orientation>-1.4586654</orientation>
      <time>58</time>
    </ksState>
    <ksState>
      <x>-164.99612243945845</x>
      <y>-169.72340857077253</y>
      <steeringAngle>0.0</steeringAngle>
      <velocity>0.0</velocity>
      <orientation>-1.4586654</orientation>
      <time>59</time>
    </ksState>
    <ksState>
      <x>-164.99612243945845</x>
      <y>-169.72340857077253</y>
      <steeringAngle>0.0</steeringAngle>
      <velocity>0.0</velocity>
      <orientation>-1.4586654</orientation>
      <time>60</time>
    </ksState>
    <ksState>
      <x>-164.99612243945845</x>
      <y>-169.72340857077253</y>
      <steeringAngle>0.0</steeringAngle>
      <velocity>0.0</velocity>
      <orientation>-1.4586654</orientation>
      <time>61</time>
    </ksState>
    <ksState>
      <x>-164.99612243945845</x>
      <y>-169.72340857077253</y>
      <steeringAngle>0.0</steeringAngle>
      <velocity>0.0</velocity>
      <orientation>-1.4586654</orientation>
      <time>62</time>
    </ksState>
    <ksState>
      <x>-164.99612243945845</x>
      <y>-169.72340857077253</y>
      <steeringAngle>0.0</steeringAngle>
      <velocity>0.0</velocity>
      <orientation>-1.4586654</orientation>
      <time>63</time>
    </ksState>
    <ksState>
      <x>-164.99612243945845</x>
      <y>-169.72340857077253</y>
      <steeringAngle>0.0</steeringAngle>
      <velocity>0.0</velocity>
      <orientation>-1.4586654</orientation>
      <time>64</time>
    </ksState>
    <ksState>
      <x>-164.99612243945845</x>
      <y>-169.72340857077253</y>
      <steeringAngle>0.0</steeringAngle>
      <velocity>0.0</velocity>
      <orientation>-1.4586654</orientation>
      <time>65</time>
    </ksState>
    <ksState>
      <x>-164.99612243945845</x>
      <y>-169.72340857077253</y>
      <steeringAngle>0.0</steeringAngle>
      <velocity>0.0</velocity>
      <orientation>-1.4586654</orientation>
      <time>66</time>
    </ksState>
    <ksState>
      <x>-164.99612243945845</x>
      <y>-169.72340857077253</y>
      <steeringAngle>0.0</steeringAngle>
      <velocity>0.0</velocity>
      <orientation>-1.4586654</orientation>
      <time>67</time>
    </ksState>
    <ksState>
      <x>-164.99612243945845</x>
      <y>-169.72340857077253</y>
      <steeringAngle>0.0</steeringAngle>
      <velocity>0.0</velocity>
      <orientation>-1.4586654</orientation>
      <time>68</time>
    </ksState>
    <ksState>
      <x>-164.99612243945845</x>
      <y>-169.72340857077253</y>
      <steeringAngle>0.0</steeringAngle>
      <velocity>0.0</velocity>
      <orientation>-1.4586654</orientation>
      <time>69</time>
    </ksState>
    <ksState>
      <x>-164.99612243945845</x>
      <y>-169.72340857077253</y>
      <steeringAngle>0.0</steeringAngle>
      <velocity>0.0</velocity>
      <orientation>-1.4586654</orientation>
      <time>70</time>
    </ksState>
    <ksState>
      <x>-164.99612243945845</x>
      <y>-169.72340857077253</y>
      <steeringAngle>0.0</steeringAngle>
      <velocity>0.0</velocity>
      <orientation>-1.4586654</orientation>
      <time>71</time>
    </ksState>
    <ksState>
      <x>-164.99612243945845</x>
      <y>-169.72340857077253</y>
      <steeringAngle>0.0</steeringAngle>
      <velocity>0.0</velocity>
      <orientation>-1.4586654</orientation>
      <time>72</time>
    </ksState>
    <ksState>
      <x>-164.99612243945845</x>
      <y>-169.72340857077253</y>
      <steeringAngle>0.0</steeringAngle>
      <velocity>0.0</velocity>
      <orientation>-1.4586654</orientation>
      <time>73</time>
    </ksState>
    <ksState>
      <x>-164.99612243945845</x>
      <y>-169.72340857077253</y>
      <steeringAngle>0.0</steeringAngle>
      <velocity>0.0</velocity>
      <orientation>-1.4586654</orientation>
      <time>74</time>
    </ksState>
    <ksState>
      <x>-164.99612243945845</x>
      <y>-169.72340857077253</y>
      <steeringAngle>0.0</steeringAngle>
      <velocity>0.0</velocity>
      <orientation>-1.4586654</orientation>
      <time>75</time>
    </ksState>
    <ksState>
      <x>-164.99612243945845</x>
      <y>-169.72340857077253</y>
      <steeringAngle>0.0</steeringAngle>
      <velocity>0.0</velocity>
      <orientation>-1.4586654</orientation>
      <time>76</time>
    </ksState>
    <ksState>
      <x>-164.99612243945845</x>
      <y>-169.72340857077253</y>
      <steeringAngle>0.0</steeringAngle>
      <velocity>0.0</velocity>
      <orientation>-1.4586654</orientation>
      <time>77</time>
    </ksState>
    <ksState>
      <x>-164.99612243945845</x>
      <y>-169.72340857077253</y>
      <steeringAngle>0.0</steeringAngle>
      <velocity>0.0</velocity>
      <orientation>-1.4586654</orientation>
      <time>78</time>
    </ksState>
    <ksState>
      <x>-164.99612243945845</x>
      <y>-169.72340857077253</y>
      <steeringAngle>0.0</steeringAngle>
      <velocity>0.0</velocity>
      <orientation>-1.4586654</orientation>
      <time>79</time>
    </ksState>
    <ksState>
      <x>-164.99612243945845</x>
      <y>-169.72340857077253</y>
      <steeringAngle>0.0</steeringAngle>
      <velocity>0.0</velocity>
      <orientation>-1.4586654</orientation>
      <time>80</time>
    </ksState>
    <ksState>
      <x>-164.99612243945845</x>
      <y>-169.72340857077253</y>
      <steeringAngle>0.0</steeringAngle>
      <velocity>0.0</velocity>
      <orientation>-1.4586654</orientation>
      <time>81</time>
    </ksState>
    <ksState>
      <x>-164.99612243945845</x>
      <y>-169.72340857077253</y>
      <steeringAngle>0.0</steeringAngle>
      <velocity>0.0</velocity>
      <orientation>-1.4586654</orientation>
      <time>82</time>
    </ksState>
    <ksState>
      <x>-164.99612243945845</x>
      <y>-169.72340857077253</y>
      <steeringAngle>0.0</steeringAngle>
      <velocity>0.0</velocity>
      <orientation>-1.4586654</orientation>
      <time>83</time>
    </ksState>
    <ksState>
      <x>-164.99612243945845</x>
      <y>-169.72340857077253</y>
      <steeringAngle>0.0</steeringAngle>
      <velocity>0.0</velocity>
      <orientation>-1.4586654</orientation>
      <time>84</time>
    </ksState>
    <ksState>
      <x>-164.99612243945845</x>
      <y>-169.72340857077253</y>
      <steeringAngle>0.0</steeringAngle>
      <velocity>0.0</velocity>
      <orientation>-1.4586654</orientation>
      <time>85</time>
    </ksState>
    <ksState>
      <x>-164.99612243945845</x>
      <y>-169.72340857077253</y>
      <steeringAngle>0.0</steeringAngle>
      <velocity>0.0</velocity>
      <orientation>-1.4586654</orientation>
      <time>86</time>
    </ksState>
    <ksState>
      <x>-164.99612243945845</x>
      <y>-169.72340857077253</y>
      <steeringAngle>0.0</steeringAngle>
      <velocity>0.0</velocity>
      <orientation>-1.4586654</orientation>
      <time>87</time>
    </ksState>
    <ksState>
      <x>-164.99612243945845</x>
      <y>-169.72340857077253</y>
      <steeringAngle>0.0</steeringAngle>
      <velocity>0.0</velocity>
      <orientation>-1.4586654</orientation>
      <time>88</time>
    </ksState>
    <ksState>
      <x>-164.99612243945845</x>
      <y>-169.72340857077253</y>
      <steeringAngle>0.0</steeringAngle>
      <velocity>0.0</velocity>
      <orientation>-1.4586654</orientation>
      <time>89</time>
    </ksState>
    <ksState>
      <x>-164.99612243945845</x>
      <y>-169.72340857077253</y>
      <steeringAngle>0.0</steeringAngle>
      <velocity>0.0</velocity>
      <orientation>-1.4586654</orientation>
      <time>90</time>
    </ksState>
    <ksState>
      <x>-164.99612243945845</x>
      <y>-169.72340857077253</y>
      <steeringAngle>0.0</steeringAngle>
      <velocity>0.0</velocity>
      <orientation>-1.4586654</orientation>
      <time>91</time>
    </ksState>
    <ksState>
      <x>-164.99612243945845</x>
      <y>-169.72340857077253</y>
      <steeringAngle>0.0</steeringAngle>
      <velocity>0.0</velocity>
      <orientation>-1.4586654</orientation>
      <time>92</time>
    </ksState>
    <ksState>
      <x>-164.99612243945845</x>
      <y>-169.72340857077253</y>
      <steeringAngle>0.0</steeringAngle>
      <velocity>0.0</velocity>
      <orientation>-1.4586654</orientation>
      <time>93</time>
    </ksState>
    <ksState>
      <x>-164.99612243945845</x>
      <y>-169.72340857077253</y>
      <steeringAngle>0.0</steeringAngle>
      <velocity>0.0</velocity>
      <orientation>-1.4586654</orientation>
      <time>94</time>
    </ksState>
    <ksState>
      <x>-164.99612243945845</x>
      <y>-169.72340857077253</y>
      <steeringAngle>0.0</steeringAngle>
      <velocity>0.0</velocity>
      <orientation>-1.4586654</orientation>
      <time>95</time>
    </ksState>
    <ksState>
      <x>-164.99612243945845</x>
      <y>-169.72340857077253</y>
      <steeringAngle>0.0</steeringAngle>
      <velocity>0.0</velocity>
      <orientation>-1.4586654</orientation>
      <time>96</time>
    </ksState>
    <ksState>
      <x>-164.99612243945845</x>
      <y>-169.72340857077253</y>
      <steeringAngle>0.0</steeringAngle>
      <velocity>0.0</velocity>
      <orientation>-1.4586654</orientation>
      <time>97</time>
    </ksState>
    <ksState>
      <x>-164.99612243945845</x>
      <y>-169.72340857077253</y>
      <steeringAngle>0.0</steeringAngle>
      <velocity>0.0</velocity>
      <orientation>-1.4586654</orientation>
      <time>98</time>
    </ksState>
    <ksState>
      <x>-164.99612243945845</x>
      <y>-169.72340857077253</y>
      <steeringAngle>0.0</steeringAngle>
      <velocity>0.0</velocity>
      <orientation>-1.4586654</orientation>
      <time>99</time>
    </ksState>
  </ksTrajectory>
</CommonRoadSolution>
