<?xml version="1.0" ?>
<CommonRoadSolution benchmark_id="KS2:SM1:ITA_Empoli-18_1_T-1:2020a" computation_time="1.810779403000197" date="2023-01-12T15:00:04">
  <ksTrajectory planningProblem="1">
    <ksState>
      <x>-712.78519</x>
      <y>-178.97362</y>
      <steeringAngle>0.0</steeringAngle>
      <velocity>0.0</velocity>
      <orientation>-2.9485868</orientation>
      <time>0</time>
    </ksState>
    <ksState>
      <x>-712.8243457647894</x>
      <y>-178.98181133751982</y>
      <steeringAngle>0.03553333333333333</steeringAngle>
      <velocity>0.8</velocity>
      <orientation>-2.948219268221758</orientation>
      <time>1</time>
    </ksState>
    <ksState>
      <x>-712.9413738651043</x>
      <y>-179.0086015722165</y>
      <steeringAngle>0.0710666666666667</steeringAngle>
      <velocity>1.6</velocity>
      <orientation>-2.9456444216297726</orientation>
      <time>2</time>
    </ksState>
    <ksState>
      <x>-713.1354443869044</x>
      <y>-179.05794480777814</y>
      <steeringAngle>0.10660000000000003</steeringAngle>
      <velocity>2.4000000000000004</velocity>
      <orientation>-2.938643717392935</orientation>
      <time>3</time>
    </ksState>
    <ksState>
      <x>-713.4052731478473</x>
      <y>-179.13518328380619</y>
      <steeringAngle>0.14213333333333342</steeringAngle>
      <velocity>3.2000000000000015</velocity>
      <orientation>-2.9249760764521153</orientation>
      <time>4</time>
    </ksState>
    <ksState>
      <x>-713.7487215727142</x>
      <y>-179.24771127627116</y>
      <steeringAngle>0.17766666666666683</steeringAngle>
      <velocity>4.0000000000000036</velocity>
      <orientation>-2.902366160578895</orientation>
      <time>5</time>
    </ksState>
    <ksState>
      <x>-714.1248599616466</x>
      <y>-179.3905369925713</y>
      <steeringAngle>0.21319999999999995</steeringAngle>
      <velocity>4.0</velocity>
      <orientation>-2.8716583779413947</orientation>
      <time>6</time>
    </ksState>
    <ksState>
      <x>-714.493650557358</x>
      <y>-179.55378171279034</y>
      <steeringAngle>0.24873333333333336</steeringAngle>
      <velocity>4.0</velocity>
      <orientation>-2.8351795368187003</orientation>
      <time>7</time>
    </ksState>
    <ksState>
      <x>-714.8530304181763</x>
      <y>-179.73932876441438</y>
      <steeringAngle>0.2842666666666667</steeringAngle>
      <velocity>4.0</velocity>
      <orientation>-2.7928323029732525</orientation>
      <time>8</time>
    </ksState>
    <ksState>
      <x>-715.2005236723777</x>
      <y>-179.94889190935822</y>
      <steeringAngle>0.31980000000000003</steeringAngle>
      <velocity>4.0</velocity>
      <orientation>-2.7445016216061173</orientation>
      <time>9</time>
    </ksState>
    <ksState>
      <x>-715.5332039942807</x>
      <y>-180.18394839853613</y>
      <steeringAngle>0.35533333333333333</steeringAngle>
      <velocity>4.0</velocity>
      <orientation>-2.690053420427839</orientation>
      <time>10</time>
    </ksState>
    <ksState>
      <x>-715.8476627162058</x>
      <y>-180.4456553587723</y>
      <steeringAngle>0.39086666666666653</steeringAngle>
      <velocity>4.0</velocity>
      <orientation>-2.629333054121852</orientation>
      <time>11</time>
    </ksState>
    <ksState>
      <x>-716.1399859168681</x>
      <y>-180.7347474387506</y>
      <steeringAngle>0.42639999999999995</steeringAngle>
      <velocity>4.0</velocity>
      <orientation>-2.562163440665448</orientation>
      <time>12</time>
    </ksState>
    <ksState>
      <x>-716.4057453569874</x>
      <y>-181.0514134584436</y>
      <steeringAngle>0.4619333333333333</steeringAngle>
      <velocity>4.0</velocity>
      <orientation>-2.4883428570331043</orientation>
      <time>13</time>
    </ksState>
    <ksState>
      <x>-716.6400090685705</x>
      <y>-181.3951506026324</y>
      <steeringAngle>0.49746666666666667</steeringAngle>
      <velocity>4.0</velocity>
      <orientation>-2.407642315219884</orientation>
      <time>14</time>
    </ksState>
    <ksState>
      <x>-716.8373794435729</x>
      <y>-181.76459511891892</y>
      <steeringAngle>0.533</steeringAngle>
      <velocity>4.0</velocity>
      <orientation>-2.3198024486200755</orientation>
      <time>15</time>
    </ksState>
    <ksState>
      <x>-716.9784335440967</x>
      <y>-182.1173043814623</y>
      <steeringAngle>0.5685333333333333</steeringAngle>
      <velocity>3.199999999999999</velocity>
      <orientation>-2.2341835954232225</orientation>
      <time>16</time>
    </ksState>
    <ksState>
      <x>-717.0599692492689</x>
      <y>-182.40397204876177</y>
      <steeringAngle>0.6040666666666664</steeringAngle>
      <velocity>2.3999999999999995</velocity>
      <orientation>-2.1621898506100043</orientation>
      <time>17</time>
    </ksState>
    <ksState>
      <x>-717.1001951959005</x>
      <y>-182.61511823569387</y>
      <steeringAngle>0.6395999999999996</steeringAngle>
      <velocity>1.5999999999999983</velocity>
      <orientation>-2.1067400158339913</orientation>
      <time>18</time>
    </ksState>
    <ksState>
      <x>-717.1154186516302</x>
      <y>-182.74455788951389</y>
      <steeringAngle>0.675133333333333</steeringAngle>
      <velocity>0.7999999999999986</velocity>
      <orientation>-2.0709634109151622</orientation>
      <time>19</time>
    </ksState>
    <ksState>
      <x>-717.1184396948081</x>
      <y>-182.78835828675312</y>
      <steeringAngle>0.7106666666666662</steeringAngle>
      <velocity>-1.27675647831893e-15</velocity>
      <orientation>-2.058239213816554</orientation>
      <time>20</time>
    </ksState>
    <ksState>
      <x>-717.1184396948081</x>
      <y>-182.78835828675312</y>
      <steeringAngle>0.6751333333333334</steeringAngle>
      <velocity>0.0</velocity>
      <orientation>-2.058239213816554</orientation>
      <time>21</time>
    </ksState>
    <ksState>
      <x>-717.1184396948081</x>
      <y>-182.78835828675312</y>
      <steeringAngle>0.6396</steeringAngle>
      <velocity>0.0</velocity>
      <orientation>-2.058239213816554</orientation>
      <time>22</time>
    </ksState>
    <ksState>
      <x>-717.1184396948081</x>
      <y>-182.78835828675312</y>
      <steeringAngle>0.6040666666666666</steeringAngle>
      <velocity>0.0</velocity>
      <orientation>-2.058239213816554</orientation>
      <time>23</time>
    </ksState>
    <ksState>
      <x>-717.1184396948081</x>
      <y>-182.78835828675312</y>
      <steeringAngle>0.5685333333333333</steeringAngle>
      <velocity>0.0</velocity>
      <orientation>-2.058239213816554</orientation>
      <time>24</time>
    </ksState>
    <ksState>
      <x>-717.1184396948081</x>
      <y>-182.78835828675312</y>
      <steeringAngle>0.5329999999999999</steeringAngle>
      <velocity>0.0</velocity>
      <orientation>-2.058239213816554</orientation>
      <time>25</time>
    </ksState>
    <ksState>
      <x>-717.1184396948081</x>
      <y>-182.78835828675312</y>
      <steeringAngle>0.49746666666666667</steeringAngle>
      <velocity>0.0</velocity>
      <orientation>-2.058239213816554</orientation>
      <time>26</time>
    </ksState>
    <ksState>
      <x>-717.1184396948081</x>
      <y>-182.78835828675312</y>
      <steeringAngle>0.4619333333333333</steeringAngle>
      <velocity>0.0</velocity>
      <orientation>-2.058239213816554</orientation>
      <time>27</time>
    </ksState>
    <ksState>
      <x>-717.1184396948081</x>
      <y>-182.78835828675312</y>
      <steeringAngle>0.42639999999999995</steeringAngle>
      <velocity>0.0</velocity>
      <orientation>-2.058239213816554</orientation>
      <time>28</time>
    </ksState>
    <ksState>
      <x>-717.1184396948081</x>
      <y>-182.78835828675312</y>
      <steeringAngle>0.3908666666666666</steeringAngle>
      <velocity>0.0</velocity>
      <orientation>-2.058239213816554</orientation>
      <time>29</time>
    </ksState>
    <ksState>
      <x>-717.1184396948081</x>
      <y>-182.78835828675312</y>
      <steeringAngle>0.3553333333333333</steeringAngle>
      <velocity>0.0</velocity>
      <orientation>-2.058239213816554</orientation>
      <time>30</time>
    </ksState>
    <ksState>
      <x>-717.1184396948081</x>
      <y>-182.78835828675312</y>
      <steeringAngle>0.3198</steeringAngle>
      <velocity>0.0</velocity>
      <orientation>-2.058239213816554</orientation>
      <time>31</time>
    </ksState>
    <ksState>
      <x>-717.1184396948081</x>
      <y>-182.78835828675312</y>
      <steeringAngle>0.2842666666666666</steeringAngle>
      <velocity>0.0</velocity>
      <orientation>-2.058239213816554</orientation>
      <time>32</time>
    </ksState>
    <ksState>
      <x>-717.1184396948081</x>
      <y>-182.78835828675312</y>
      <steeringAngle>0.24873333333333333</steeringAngle>
      <velocity>0.0</velocity>
      <orientation>-2.058239213816554</orientation>
      <time>33</time>
    </ksState>
  </ksTrajectory>
</CommonRoadSolution>
