<?xml version="1.0" ?>
<CommonRoadSolution benchmark_id="KS2:SM1:ESP_SantBoideLlobregat-14_4_T-1:2020a" computation_time="0.898591306000526" date="2023-01-12T15:00:04">
  <ksTrajectory planningProblem="1">
    <ksState>
      <x>54.35976</x>
      <y>88.592691</y>
      <steeringAngle>0.0</steeringAngle>
      <velocity>0.0</velocity>
      <orientation>-0.83163881</orientation>
      <time>0</time>
    </ksState>
    <ksState>
      <x>54.38709734570711</x>
      <y>88.56348583853332</y>
      <steeringAngle>0.03553333333333333</steeringAngle>
      <velocity>0.8</velocity>
      <orientation>-0.831271278221758</orientation>
      <time>1</time>
    </ksState>
    <ksState>
      <x>54.47077509190611</x>
      <y>88.47739676995033</y>
      <steeringAngle>0.0710666666666667</steeringAngle>
      <velocity>1.6</velocity>
      <orientation>-0.8286964316297724</orientation>
      <time>2</time>
    </ksState>
    <ksState>
      <x>54.61374107807797</x>
      <y>88.33718675202942</y>
      <steeringAngle>0.10660000000000003</steeringAngle>
      <velocity>2.4000000000000004</velocity>
      <orientation>-0.8216957273929352</orientation>
      <time>3</time>
    </ksState>
    <ksState>
      <x>54.81989339892116</x>
      <y>88.14672792965025</y>
      <steeringAngle>0.14213333333333342</steeringAngle>
      <velocity>3.2000000000000015</velocity>
      <orientation>-0.808028086452115</orientation>
      <time>4</time>
    </ksState>
    <ksState>
      <x>55.09443990126618</x>
      <y>87.91168838471813</y>
      <steeringAngle>0.17766666666666683</steeringAngle>
      <velocity>4.0000000000000036</velocity>
      <orientation>-0.7854181705788948</orientation>
      <time>5</time>
    </ksState>
    <ksState>
      <x>55.41185595907801</x>
      <y>87.66445101070582</y>
      <steeringAngle>0.21319999999999995</steeringAngle>
      <velocity>4.0</velocity>
      <orientation>-0.7547103879413947</orientation>
      <time>6</time>
    </ksState>
    <ksState>
      <x>55.742904199143574</x>
      <y>87.43409822710194</y>
      <steeringAngle>0.24873333333333336</steeringAngle>
      <velocity>4.0</velocity>
      <orientation>-0.7182315468187004</orientation>
      <time>7</time>
    </ksState>
    <ksState>
      <x>56.08812248350213</x>
      <y>87.22337108392233</y>
      <steeringAngle>0.2842666666666667</steeringAngle>
      <velocity>4.0</velocity>
      <orientation>-0.6758843129732524</orientation>
      <time>8</time>
    </ksState>
    <ksState>
      <x>56.44768929845152</x>
      <y>87.03527541937518</y>
      <steeringAngle>0.31980000000000003</steeringAngle>
      <velocity>4.0</velocity>
      <orientation>-0.6275536316061173</orientation>
      <time>9</time>
    </ksState>
    <ksState>
      <x>56.82134705767843</x>
      <y>86.87307915352534</y>
      <steeringAngle>0.35533333333333333</steeringAngle>
      <velocity>4.0</velocity>
      <orientation>-0.5731054304278389</orientation>
      <time>10</time>
    </ksState>
    <ksState>
      <x>57.208314089662245</x>
      <y>86.74029610871752</y>
      <steeringAngle>0.39086666666666653</steeringAngle>
      <velocity>4.0</velocity>
      <orientation>-0.5123850641218517</orientation>
      <time>11</time>
    </ksState>
    <ksState>
      <x>57.6071852727532</x>
      <y>86.64065242526868</y>
      <steeringAngle>0.42639999999999995</steeringAngle>
      <velocity>4.0</velocity>
      <orientation>-0.4452154506654481</orientation>
      <time>12</time>
    </ksState>
    <ksState>
      <x>58.01582192038103</x>
      <y>86.57803023865551</y>
      <steeringAngle>0.4619333333333333</steeringAngle>
      <velocity>4.0</velocity>
      <orientation>-0.3713948670331041</orientation>
      <time>13</time>
    </ksState>
    <ksState>
      <x>58.43123268519048</x>
      <y>86.55638289839847</y>
      <steeringAngle>0.49746666666666667</steeringAngle>
      <velocity>4.0</velocity>
      <orientation>-0.29069432521988375</orientation>
      <time>14</time>
    </ksState>
    <ksState>
      <x>58.84944866881627</x>
      <y>86.57961448428289</y>
      <steeringAngle>0.533</steeringAngle>
      <velocity>4.0</velocity>
      <orientation>-0.20285445862007512</orientation>
      <time>15</time>
    </ksState>
    <ksState>
      <x>59.222905268387684</x>
      <y>86.63242808575266</y>
      <steeringAngle>0.4974666666666667</steeringAngle>
      <velocity>3.1999999999999993</velocity>
      <orientation>-0.12367725551083567</orientation>
      <time>16</time>
    </ksState>
    <ksState>
      <x>59.50927469597571</x>
      <y>86.68604013861805</y>
      <steeringAngle>0.4619333333333334</steeringAngle>
      <velocity>2.3999999999999986</velocity>
      <orientation>-0.0670701481086268</orientation>
      <time>17</time>
    </ksState>
    <ksState>
      <x>59.71158681331044</x>
      <y>86.72899673811033</y>
      <steeringAngle>0.4264000000000001</steeringAngle>
      <velocity>1.5999999999999979</velocity>
      <orientation>-0.030047187894568173</orientation>
      <time>18</time>
    </ksState>
    <ksState>
      <x>59.83213538557654</x>
      <y>86.75544409516972</y>
      <steeringAngle>0.39086666666666675</steeringAngle>
      <velocity>0.7999999999999972</velocity>
      <orientation>-0.009787218671741676</orientation>
      <time>19</time>
    </ksState>
    <ksState>
      <x>59.87219330812083</x>
      <y>86.76396717254698</y>
      <steeringAngle>0.3553333333333332</steeringAngle>
      <velocity>-2.914335439641036e-15</velocity>
      <orientation>-0.003609243924364902</orientation>
      <time>20</time>
    </ksState>
    <ksState>
      <x>59.87219330812083</x>
      <y>86.76396717254698</y>
      <steeringAngle>0.3198</steeringAngle>
      <velocity>0.0</velocity>
      <orientation>-0.003609243924364902</orientation>
      <time>21</time>
    </ksState>
    <ksState>
      <x>59.87219330812083</x>
      <y>86.76396717254698</y>
      <steeringAngle>0.2842666666666666</steeringAngle>
      <velocity>0.0</velocity>
      <orientation>-0.003609243924364902</orientation>
      <time>22</time>
    </ksState>
    <ksState>
      <x>59.87219330812083</x>
      <y>86.76396717254698</y>
      <steeringAngle>0.24873333333333333</steeringAngle>
      <velocity>0.0</velocity>
      <orientation>-0.003609243924364902</orientation>
      <time>23</time>
    </ksState>
    <ksState>
      <x>59.87219330812083</x>
      <y>86.76396717254698</y>
      <steeringAngle>0.21320000000000003</steeringAngle>
      <velocity>0.0</velocity>
      <orientation>-0.003609243924364902</orientation>
      <time>24</time>
    </ksState>
    <ksState>
      <x>59.87219330812083</x>
      <y>86.76396717254698</y>
      <steeringAngle>0.1776666666666667</steeringAngle>
      <velocity>0.0</velocity>
      <orientation>-0.003609243924364902</orientation>
      <time>25</time>
    </ksState>
    <ksState>
      <x>59.87219330812083</x>
      <y>86.76396717254698</y>
      <steeringAngle>0.14213333333333336</steeringAngle>
      <velocity>0.0</velocity>
      <orientation>-0.003609243924364902</orientation>
      <time>26</time>
    </ksState>
    <ksState>
      <x>59.87219330812083</x>
      <y>86.76396717254698</y>
      <steeringAngle>0.10660000000000001</steeringAngle>
      <velocity>0.0</velocity>
      <orientation>-0.003609243924364902</orientation>
      <time>27</time>
    </ksState>
    <ksState>
      <x>59.87219330812083</x>
      <y>86.76396717254698</y>
      <steeringAngle>0.07106666666666668</steeringAngle>
      <velocity>0.0</velocity>
      <orientation>-0.003609243924364902</orientation>
      <time>28</time>
    </ksState>
    <ksState>
      <x>59.87219330812083</x>
      <y>86.76396717254698</y>
      <steeringAngle>0.03553333333333333</steeringAngle>
      <velocity>0.0</velocity>
      <orientation>-0.003609243924364902</orientation>
      <time>29</time>
    </ksState>
    <ksState>
      <x>59.87219330812083</x>
      <y>86.76396717254698</y>
      <steeringAngle>0.0</steeringAngle>
      <velocity>0.0</velocity>
      <orientation>-0.003609243924364902</orientation>
      <time>30</time>
    </ksState>
    <ksState>
      <x>59.87219330812083</x>
      <y>86.76396717254698</y>
      <steeringAngle>0.0</steeringAngle>
      <velocity>0.0</velocity>
      <orientation>-0.003609243924364902</orientation>
      <time>31</time>
    </ksState>
    <ksState>
      <x>59.87219330812083</x>
      <y>86.76396717254698</y>
      <steeringAngle>0.0</steeringAngle>
      <velocity>0.0</velocity>
      <orientation>-0.003609243924364902</orientation>
      <time>32</time>
    </ksState>
    <ksState>
      <x>59.87219330812083</x>
      <y>86.76396717254698</y>
      <steeringAngle>0.0</steeringAngle>
      <velocity>0.0</velocity>
      <orientation>-0.003609243924364902</orientation>
      <time>33</time>
    </ksState>
  </ksTrajectory>
</CommonRoadSolution>
