<?xml version="1.0" ?>
<CommonRoadSolution benchmark_id="KS2:SM1:DEU_Moelln-10_3_T-1:2020a" computation_time="0.6158868849997816" date="2023-01-12T15:00:04">
  <ksTrajectory planningProblem="1">
    <ksState>
      <x>82.159841</x>
      <y>-271.4765</y>
      <steeringAngle>0.0</steeringAngle>
      <velocity>4.0</velocity>
      <orientation>-1.8608208</orientation>
      <time>0</time>
    </ksState>
    <ksState>
      <x>82.03871825336675</x>
      <y>-271.8995211456801</y>
      <steeringAngle>0.035533333333333326</steeringAngle>
      <velocity>4.799999999999999</velocity>
      <orientation>-1.857697021330809</orientation>
      <time>1</time>
    </ksState>
    <ksState>
      <x>81.90880788343628</x>
      <y>-272.4032565138401</y>
      <steeringAngle>0.07106666666666667</steeringAngle>
      <velocity>5.599999999999998</velocity>
      <orientation>-1.8468464102696363</orientation>
      <time>2</time>
    </ksState>
    <ksState>
      <x>81.77946931730192</x>
      <y>-272.98986620142034</y>
      <steeringAngle>0.10659999999999999</steeringAngle>
      <velocity>6.3999999999999995</velocity>
      <orientation>-1.8260294612693084</orientation>
      <time>3</time>
    </ksState>
    <ksState>
      <x>81.66387058712732</x>
      <y>-273.66154770310726</y>
      <steeringAngle>0.14213333333333333</steeringAngle>
      <velocity>7.199999999999999</velocity>
      <orientation>-1.7929698902881432</orientation>
      <time>4</time>
    </ksState>
    <ksState>
      <x>81.57987640365776</x>
      <y>-274.41979173470725</y>
      <steeringAngle>0.17766666666666664</steeringAngle>
      <velocity>7.9999999999999964</velocity>
      <orientation>-1.7453425682065966</orientation>
      <time>5</time>
    </ksState>
    <ksState>
      <x>81.55106526600228</x>
      <y>-275.1835707594881</y>
      <steeringAngle>0.21320000000000014</steeringAngle>
      <velocity>7.200000000000003</velocity>
      <orientation>-1.6870932411351038</orientation>
      <time>6</time>
    </ksState>
    <ksState>
      <x>81.58031298045778</x>
      <y>-275.8684472130843</y>
      <steeringAngle>0.24873333333333347</steeringAngle>
      <velocity>6.400000000000004</velocity>
      <orientation>-1.6251761536493243</orientation>
      <time>7</time>
    </ksState>
    <ksState>
      <x>81.65646507482332</x>
      <y>-276.470227276598</y>
      <steeringAngle>0.2842666666666668</steeringAngle>
      <velocity>5.600000000000001</velocity>
      <orientation>-1.5617540108854033</orientation>
      <time>8</time>
    </ksState>
    <ksState>
      <x>81.76628589266122</x>
      <y>-276.9861267379335</y>
      <steeringAngle>0.3198</steeringAngle>
      <velocity>4.800000000000002</velocity>
      <orientation>-1.4990249111434506</orientation>
      <time>9</time>
    </ksState>
    <ksState>
      <x>81.895299656231</x>
      <y>-277.415182852712</y>
      <steeringAngle>0.3553333333333332</steeringAngle>
      <velocity>4.000000000000001</velocity>
      <orientation>-1.439235077095236</orientation>
      <time>10</time>
    </ksState>
    <ksState>
      <x>82.03997762466358</x>
      <y>-277.79692586002193</y>
      <steeringAngle>0.35533333333333333</steeringAngle>
      <velocity>4.0</velocity>
      <orientation>-1.381678370338522</orientation>
      <time>11</time>
    </ksState>
    <ksState>
      <x>82.20637576026658</x>
      <y>-278.16971417004896</y>
      <steeringAngle>0.35533333333333333</steeringAngle>
      <velocity>4.0</velocity>
      <orientation>-1.324121663581808</orientation>
      <time>12</time>
    </ksState>
    <ksState>
      <x>82.393942974105</x>
      <y>-278.5323131287118</y>
      <steeringAngle>0.35533333333333333</steeringAngle>
      <velocity>4.0</velocity>
      <orientation>-1.266564956825094</orientation>
      <time>13</time>
    </ksState>
    <ksState>
      <x>82.60205807016953</x>
      <y>-278.88352185900044</y>
      <steeringAngle>0.35533333333333333</steeringAngle>
      <velocity>4.0</velocity>
      <orientation>-1.20900825006838</orientation>
      <time>14</time>
    </ksState>
    <ksState>
      <x>82.83003180038047</x>
      <y>-279.22217720701036</y>
      <steeringAngle>0.35533333333333333</steeringAngle>
      <velocity>4.0</velocity>
      <orientation>-1.151451543311666</orientation>
      <time>15</time>
    </ksState>
    <ksState>
      <x>83.05532627600375</x>
      <y>-279.5133880424823</y>
      <steeringAngle>0.3908666666666668</steeringAngle>
      <velocity>3.2000000000000006</velocity>
      <orientation>-1.0969091565384834</orientation>
      <time>16</time>
    </ksState>
    <ksState>
      <x>83.24745459951723</x>
      <y>-279.72765757545596</y>
      <steeringAngle>0.4264</steeringAngle>
      <velocity>2.3999999999999995</velocity>
      <orientation>-1.0499995197419665</orientation>
      <time>17</time>
    </ksState>
    <ksState>
      <x>83.3950124742703</x>
      <y>-279.87242223098656</y>
      <steeringAngle>0.4619333333333332</steeringAngle>
      <velocity>1.5999999999999996</velocity>
      <orientation>-1.0132018952165698</orientation>
      <time>18</time>
    </ksState>
    <ksState>
      <x>83.48857797184964</x>
      <y>-279.95499541346123</y>
      <steeringAngle>0.49746666666666656</steeringAngle>
      <velocity>0.7999999999999986</velocity>
      <orientation>-0.9891084590665883</orientation>
      <time>19</time>
    </ksState>
    <ksState>
      <x>83.52096638997234</x>
      <y>-279.98150627949684</y>
      <steeringAngle>0.5329999999999998</steeringAngle>
      <velocity>-1.5265566588595902e-15</velocity>
      <orientation>-0.9804457929290076</orientation>
      <time>20</time>
    </ksState>
    <ksState>
      <x>83.52096638997234</x>
      <y>-279.98150627949684</y>
      <steeringAngle>0.49746666666666667</steeringAngle>
      <velocity>0.0</velocity>
      <orientation>-0.9804457929290076</orientation>
      <time>21</time>
    </ksState>
    <ksState>
      <x>83.52096638997234</x>
      <y>-279.98150627949684</y>
      <steeringAngle>0.4619333333333333</steeringAngle>
      <velocity>0.0</velocity>
      <orientation>-0.9804457929290076</orientation>
      <time>22</time>
    </ksState>
    <ksState>
      <x>83.52096638997234</x>
      <y>-279.98150627949684</y>
      <steeringAngle>0.42639999999999995</steeringAngle>
      <velocity>0.0</velocity>
      <orientation>-0.9804457929290076</orientation>
      <time>23</time>
    </ksState>
    <ksState>
      <x>83.52096638997234</x>
      <y>-279.98150627949684</y>
      <steeringAngle>0.3908666666666666</steeringAngle>
      <velocity>0.0</velocity>
      <orientation>-0.9804457929290076</orientation>
      <time>24</time>
    </ksState>
    <ksState>
      <x>83.52096638997234</x>
      <y>-279.98150627949684</y>
      <steeringAngle>0.3553333333333333</steeringAngle>
      <velocity>0.0</velocity>
      <orientation>-0.9804457929290076</orientation>
      <time>25</time>
    </ksState>
    <ksState>
      <x>83.52096638997234</x>
      <y>-279.98150627949684</y>
      <steeringAngle>0.3198</steeringAngle>
      <velocity>0.0</velocity>
      <orientation>-0.9804457929290076</orientation>
      <time>26</time>
    </ksState>
    <ksState>
      <x>83.52096638997234</x>
      <y>-279.98150627949684</y>
      <steeringAngle>0.2842666666666666</steeringAngle>
      <velocity>0.0</velocity>
      <orientation>-0.9804457929290076</orientation>
      <time>27</time>
    </ksState>
    <ksState>
      <x>83.52096638997234</x>
      <y>-279.98150627949684</y>
      <steeringAngle>0.24873333333333333</steeringAngle>
      <velocity>0.0</velocity>
      <orientation>-0.9804457929290076</orientation>
      <time>28</time>
    </ksState>
    <ksState>
      <x>83.52096638997234</x>
      <y>-279.98150627949684</y>
      <steeringAngle>0.21320000000000003</steeringAngle>
      <velocity>0.0</velocity>
      <orientation>-0.9804457929290076</orientation>
      <time>29</time>
    </ksState>
    <ksState>
      <x>83.52096638997234</x>
      <y>-279.98150627949684</y>
      <steeringAngle>0.1776666666666667</steeringAngle>
      <velocity>0.0</velocity>
      <orientation>-0.9804457929290076</orientation>
      <time>30</time>
    </ksState>
    <ksState>
      <x>83.52096638997234</x>
      <y>-279.98150627949684</y>
      <steeringAngle>0.14213333333333336</steeringAngle>
      <velocity>0.0</velocity>
      <orientation>-0.9804457929290076</orientation>
      <time>31</time>
    </ksState>
    <ksState>
      <x>83.52096638997234</x>
      <y>-279.98150627949684</y>
      <steeringAngle>0.10660000000000001</steeringAngle>
      <velocity>0.0</velocity>
      <orientation>-0.9804457929290076</orientation>
      <time>32</time>
    </ksState>
    <ksState>
      <x>83.52096638997234</x>
      <y>-279.98150627949684</y>
      <steeringAngle>0.07106666666666668</steeringAngle>
      <velocity>0.0</velocity>
      <orientation>-0.9804457929290076</orientation>
      <time>33</time>
    </ksState>
  </ksTrajectory>
</CommonRoadSolution>
