<?xml version="1.0" ?>
<CommonRoadSolution benchmark_id="KS2:SM1:DEU_Guetersloh-14_2_T-1:2020a" computation_time="0.7015360960003818" date="2023-01-12T15:00:04">
  <ksTrajectory planningProblem="1">
    <ksState>
      <x>-475.3318</x>
      <y>42.074334</y>
      <steeringAngle>0.0</steeringAngle>
      <velocity>12.0</velocity>
      <orientation>-2.3622568</orientation>
      <time>0</time>
    </ksState>
    <ksState>
      <x>-476.146929491263</x>
      <y>41.24895646081566</y>
      <steeringAngle>0.03553333333333333</steeringAngle>
      <velocity>11.200000000000001</velocity>
      <orientation>-2.354355526227656</orientation>
      <time>1</time>
    </ksState>
    <ksState>
      <x>-476.8789110807869</x>
      <y>40.45430447842867</y>
      <steeringAngle>0.07106666666666667</steeringAngle>
      <velocity>10.400000000000007</velocity>
      <orientation>-2.332103095429166</orientation>
      <time>2</time>
    </ksState>
    <ksState>
      <x>-477.52097037905526</x>
      <y>39.686223006216366</y>
      <steeringAngle>0.10660000000000001</steeringAngle>
      <velocity>9.60000000000001</velocity>
      <orientation>-2.2976550845444943</orientation>
      <time>3</time>
    </ksState>
    <ksState>
      <x>-478.06934724089547</x>
      <y>38.944989466150226</y>
      <steeringAngle>0.14213333333333344</steeringAngle>
      <velocity>8.800000000000008</velocity>
      <orientation>-2.2531469524236494</orientation>
      <time>4</time>
    </ksState>
    <ksState>
      <x>-478.52328082911527</x>
      <y>38.23447972578972</y>
      <steeringAngle>0.17766666666666675</steeringAngle>
      <velocity>8.000000000000009</velocity>
      <orientation>-2.2007046546086677</orientation>
      <time>5</time>
    </ksState>
    <ksState>
      <x>-478.88505665816575</x>
      <y>37.56119915287599</y>
      <steeringAngle>0.21320000000000014</steeringAngle>
      <velocity>7.200000000000003</velocity>
      <orientation>-2.1424553275371747</orientation>
      <time>6</time>
    </ksState>
    <ksState>
      <x>-479.1599893578244</x>
      <y>36.93324756545081</y>
      <steeringAngle>0.24873333333333347</steeringAngle>
      <velocity>6.400000000000004</velocity>
      <orientation>-2.0805382400513954</orientation>
      <time>7</time>
    </ksState>
    <ksState>
      <x>-479.35625239089825</x>
      <y>36.359297037820156</y>
      <steeringAngle>0.2842666666666668</steeringAngle>
      <velocity>5.600000000000001</velocity>
      <orientation>-2.017116097287474</orientation>
      <time>8</time>
    </ksState>
    <ksState>
      <x>-479.4845082630975</x>
      <y>35.84766895270051</y>
      <steeringAngle>0.3198</steeringAngle>
      <velocity>4.800000000000002</velocity>
      <orientation>-1.9543869975455217</orientation>
      <time>9</time>
    </ksState>
    <ksState>
      <x>-479.5573342941574</x>
      <y>35.405594219177615</y>
      <steeringAngle>0.3553333333333332</steeringAngle>
      <velocity>4.000000000000001</velocity>
      <orientation>-1.894597163497307</orientation>
      <time>10</time>
    </ksState>
    <ksState>
      <x>-479.5884755307235</x>
      <y>35.03872697503093</y>
      <steeringAngle>0.3908666666666668</steeringAngle>
      <velocity>3.2000000000000006</velocity>
      <orientation>-1.8400547767241242</orientation>
      <time>11</time>
    </ksState>
    <ksState>
      <x>-479.5919793962299</x>
      <y>34.750955453883755</y>
      <steeringAngle>0.4264</steeringAngle>
      <velocity>2.3999999999999995</velocity>
      <orientation>-1.7931451399276073</orientation>
      <time>12</time>
    </ksState>
    <ksState>
      <x>-479.5812749155011</x>
      <y>34.544520122642076</y>
      <steeringAngle>0.4619333333333332</steeringAngle>
      <velocity>1.5999999999999996</velocity>
      <orientation>-1.7563475154022106</orientation>
      <time>13</time>
    </ksState>
    <ksState>
      <x>-479.5682481719837</x>
      <y>34.42041074848125</y>
      <steeringAngle>0.49746666666666656</steeringAngle>
      <velocity>0.7999999999999986</velocity>
      <orientation>-1.732254079252229</orientation>
      <time>14</time>
    </ksState>
    <ksState>
      <x>-479.56233661047145</x>
      <y>34.37897538813604</y>
      <steeringAngle>0.5329999999999998</steeringAngle>
      <velocity>-1.5265566588595902e-15</velocity>
      <orientation>-1.7235914131146484</orientation>
      <time>15</time>
    </ksState>
    <ksState>
      <x>-479.56233661047145</x>
      <y>34.37897538813604</y>
      <steeringAngle>0.49746666666666667</steeringAngle>
      <velocity>0.0</velocity>
      <orientation>-1.7235914131146484</orientation>
      <time>16</time>
    </ksState>
    <ksState>
      <x>-479.56233661047145</x>
      <y>34.37897538813604</y>
      <steeringAngle>0.4619333333333333</steeringAngle>
      <velocity>0.0</velocity>
      <orientation>-1.7235914131146484</orientation>
      <time>17</time>
    </ksState>
    <ksState>
      <x>-479.56233661047145</x>
      <y>34.37897538813604</y>
      <steeringAngle>0.42639999999999995</steeringAngle>
      <velocity>0.0</velocity>
      <orientation>-1.7235914131146484</orientation>
      <time>18</time>
    </ksState>
    <ksState>
      <x>-479.56233661047145</x>
      <y>34.37897538813604</y>
      <steeringAngle>0.3908666666666666</steeringAngle>
      <velocity>0.0</velocity>
      <orientation>-1.7235914131146484</orientation>
      <time>19</time>
    </ksState>
    <ksState>
      <x>-479.56233661047145</x>
      <y>34.37897538813604</y>
      <steeringAngle>0.3553333333333333</steeringAngle>
      <velocity>0.0</velocity>
      <orientation>-1.7235914131146484</orientation>
      <time>20</time>
    </ksState>
    <ksState>
      <x>-479.56233661047145</x>
      <y>34.37897538813604</y>
      <steeringAngle>0.3198</steeringAngle>
      <velocity>0.0</velocity>
      <orientation>-1.7235914131146484</orientation>
      <time>21</time>
    </ksState>
    <ksState>
      <x>-479.56233661047145</x>
      <y>34.37897538813604</y>
      <steeringAngle>0.2842666666666666</steeringAngle>
      <velocity>0.0</velocity>
      <orientation>-1.7235914131146484</orientation>
      <time>22</time>
    </ksState>
    <ksState>
      <x>-479.56233661047145</x>
      <y>34.37897538813604</y>
      <steeringAngle>0.24873333333333333</steeringAngle>
      <velocity>0.0</velocity>
      <orientation>-1.7235914131146484</orientation>
      <time>23</time>
    </ksState>
    <ksState>
      <x>-479.56233661047145</x>
      <y>34.37897538813604</y>
      <steeringAngle>0.21320000000000003</steeringAngle>
      <velocity>0.0</velocity>
      <orientation>-1.7235914131146484</orientation>
      <time>24</time>
    </ksState>
    <ksState>
      <x>-479.56233661047145</x>
      <y>34.37897538813604</y>
      <steeringAngle>0.1776666666666667</steeringAngle>
      <velocity>0.0</velocity>
      <orientation>-1.7235914131146484</orientation>
      <time>25</time>
    </ksState>
    <ksState>
      <x>-479.56498967276445</x>
      <y>34.338916646976784</y>
      <steeringAngle>0.14213333333333333</steeringAngle>
      <velocity>0.8</velocity>
      <orientation>-1.7211839159038458</orientation>
      <time>26</time>
    </ksState>
    <ksState>
      <x>-479.57455676184594</x>
      <y>34.2190207573863</y>
      <steeringAngle>0.10660000000000001</steeringAngle>
      <velocity>1.6</velocity>
      <orientation>-1.7154596292835111</orientation>
      <time>27</time>
    </ksState>
    <ksState>
      <x>-479.59306854854975</x>
      <y>34.01964153833344</y>
      <steeringAngle>0.07106666666666664</steeringAngle>
      <velocity>2.4000000000000004</velocity>
      <orientation>-1.7086441155205325</orientation>
      <time>28</time>
    </ksState>
    <ksState>
      <x>-479.62262697654893</x>
      <y>33.74108574400891</y>
      <steeringAngle>0.03553333333333332</steeringAngle>
      <velocity>3.1999999999999993</velocity>
      <orientation>-1.7029431948076028</orientation>
      <time>29</time>
    </ksState>
    <ksState>
      <x>-479.6661186060168</x>
      <y>33.3837050323945</y>
      <steeringAngle>-2.6020852139652106e-18</steeringAngle>
      <velocity>3.999999999999999</velocity>
      <orientation>-1.7005544432192758</orientation>
      <time>30</time>
    </ksState>
    <ksState>
      <x>-479.7127005525495</x>
      <y>33.026731473825656</y>
      <steeringAngle>0.0</steeringAngle>
      <velocity>3.2</velocity>
      <orientation>-1.7005544432192758</orientation>
      <time>31</time>
    </ksState>
    <ksState>
      <x>-479.7489309553655</x>
      <y>32.74908537304404</y>
      <steeringAngle>0.0</steeringAngle>
      <velocity>2.4000000000000004</velocity>
      <orientation>-1.7005544432192758</orientation>
      <time>32</time>
    </ksState>
    <ksState>
      <x>-479.77480981447803</x>
      <y>32.55076672994861</y>
      <steeringAngle>0.0</steeringAngle>
      <velocity>1.6</velocity>
      <orientation>-1.7005544432192758</orientation>
      <time>33</time>
    </ksState>
  </ksTrajectory>
</CommonRoadSolution>
