<?xml version="1.0" ?>
<CommonRoadSolution benchmark_id="KS2:SM1:USA_US101-23_2_T-1:2020a" computation_time="2.2787731079997684" date="2023-01-12T15:00:04">
  <ksTrajectory planningProblem="97">
    <ksState>
      <x>0.0</x>
      <y>0.0</y>
      <steeringAngle>0.0</steeringAngle>
      <velocity>16.0</velocity>
      <orientation>-0.71162</orientation>
      <time>0</time>
    </ksState>
    <ksState>
      <x>1.1813956603153242</x>
      <y>-1.0187758795453303</y>
      <steeringAngle>0.0</steeringAngle>
      <velocity>15.2</velocity>
      <orientation>-0.71162</orientation>
      <time>1</time>
    </ksState>
    <ksState>
      <x>2.30220692736708</x>
      <y>-1.985306841822776</y>
      <steeringAngle>0.0</steeringAngle>
      <velocity>14.400000000000002</velocity>
      <orientation>-0.71162</orientation>
      <time>2</time>
    </ksState>
    <ksState>
      <x>3.3624338014356034</x>
      <y>-2.899592887074085</y>
      <steeringAngle>0.0</steeringAngle>
      <velocity>13.600000000000001</velocity>
      <orientation>-0.71162</orientation>
      <time>3</time>
    </ksState>
    <ksState>
      <x>4.362076282605779</x>
      <y>-3.761634015372456</y>
      <steeringAngle>0.0</steeringAngle>
      <velocity>12.800000000000004</velocity>
      <orientation>-0.71162</orientation>
      <time>4</time>
    </ksState>
    <ksState>
      <x>5.301134370904409</x>
      <y>-4.571430226741003</y>
      <steeringAngle>0.0</steeringAngle>
      <velocity>12.000000000000002</velocity>
      <orientation>-0.71162</orientation>
      <time>5</time>
    </ksState>
    <ksState>
      <x>6.179608066854892</x>
      <y>-5.32898152163108</y>
      <steeringAngle>0.0</steeringAngle>
      <velocity>11.200000000000001</velocity>
      <orientation>-0.71162</orientation>
      <time>6</time>
    </ksState>
    <ksState>
      <x>6.99749736961419</x>
      <y>-6.034287899315691</y>
      <steeringAngle>0.0</steeringAngle>
      <velocity>10.4</velocity>
      <orientation>-0.71162</orientation>
      <time>7</time>
    </ksState>
    <ksState>
      <x>7.754802279416837</x>
      <y>-6.6873493599970875</y>
      <steeringAngle>0.0</steeringAngle>
      <velocity>9.599999999999998</velocity>
      <orientation>-0.71162</orientation>
      <time>8</time>
    </ksState>
    <ksState>
      <x>8.451522796329492</x>
      <y>-7.288165903732753</y>
      <steeringAngle>0.0</steeringAngle>
      <velocity>8.799999999999999</velocity>
      <orientation>-0.71162</orientation>
      <time>9</time>
    </ksState>
    <ksState>
      <x>9.08765892037395</x>
      <y>-7.836737530541482</y>
      <steeringAngle>0.0</steeringAngle>
      <velocity>7.999999999999997</velocity>
      <orientation>-0.71162</orientation>
      <time>10</time>
    </ksState>
    <ksState>
      <x>9.668818969311715</x>
      <y>-8.326528828968545</y>
      <steeringAngle>0.03553333333333333</steeringAngle>
      <velocity>7.199999999999999</velocity>
      <orientation>-0.7064749870175077</orientation>
      <time>11</time>
    </ksState>
    <ksState>
      <x>10.20159173485268</x>
      <y>-8.74951801926824</y>
      <steeringAngle>0.07106666666666664</steeringAngle>
      <velocity>6.400000000000001</velocity>
      <orientation>-0.6924983148965446</orientation>
      <time>12</time>
    </ksState>
    <ksState>
      <x>10.685546554249171</x>
      <y>-9.105343949561393</y>
      <steeringAngle>0.10659999999999997</steeringAngle>
      <velocity>5.600000000000004</velocity>
      <orientation>-0.6718665470306633</orientation>
      <time>13</time>
    </ksState>
    <ksState>
      <x>11.118247655750633</x>
      <y>-9.395877659136747</y>
      <steeringAngle>0.1421333333333333</steeringAngle>
      <velocity>4.800000000000003</velocity>
      <orientation>-0.646750339522015</orientation>
      <time>14</time>
    </ksState>
    <ksState>
      <x>11.495926895648314</x>
      <y>-9.62489904986566</y>
      <steeringAngle>0.17766666666666653</steeringAngle>
      <velocity>4.000000000000006</velocity>
      <orientation>-0.6193254429368652</orientation>
      <time>15</time>
    </ksState>
    <ksState>
      <x>11.849850548173675</x>
      <y>-9.816255578493282</y>
      <steeringAngle>0.21319999999999995</steeringAngle>
      <velocity>4.0</velocity>
      <orientation>-0.588617660299365</orientation>
      <time>16</time>
    </ksState>
    <ksState>
      <x>12.214427249377135</x>
      <y>-9.988706067342</y>
      <steeringAngle>0.24873333333333336</steeringAngle>
      <velocity>4.0</velocity>
      <orientation>-0.5521388191766707</orientation>
      <time>17</time>
    </ksState>
    <ksState>
      <x>12.589734281266836</x>
      <y>-10.139458263154355</y>
      <steeringAngle>0.2842666666666667</steeringAngle>
      <velocity>4.0</velocity>
      <orientation>-0.5097915853312227</orientation>
      <time>18</time>
    </ksState>
    <ksState>
      <x>12.975450718273168</x>
      <y>-10.265518184054818</y>
      <steeringAngle>0.31980000000000003</steeringAngle>
      <velocity>4.0</velocity>
      <orientation>-0.4614609039640877</orientation>
      <time>19</time>
    </ksState>
    <ksState>
      <x>13.37078223329841</x>
      <y>-10.363705468944199</y>
      <steeringAngle>0.35533333333333333</steeringAngle>
      <velocity>4.0</velocity>
      <orientation>-0.40701270278580925</orientation>
      <time>20</time>
    </ksState>
    <ksState>
      <x>13.811213688546825</x>
      <y>-10.446401456371536</y>
      <steeringAngle>0.31979999999999975</steeringAngle>
      <velocity>4.800000000000001</velocity>
      <orientation>-0.3472228677540607</orientation>
      <time>21</time>
    </ksState>
    <ksState>
      <x>14.333231989606524</x>
      <y>-10.522763624036017</y>
      <steeringAngle>0.28426666666666645</steeringAngle>
      <velocity>5.600000000000004</velocity>
      <orientation>-0.28449376762273715</orientation>
      <time>22</time>
    </ksState>
    <ksState>
      <x>14.936740721886572</x>
      <y>-10.585018776300805</y>
      <steeringAngle>0.2487333333333331</steeringAngle>
      <velocity>6.400000000000004</velocity>
      <orientation>-0.22107163093006127</orientation>
      <time>23</time>
    </ksState>
    <ksState>
      <x>15.621131812000279</x>
      <y>-10.626458501118188</y>
      <steeringAngle>0.21319999999999992</steeringAngle>
      <velocity>7.200000000000004</velocity>
      <orientation>-0.15915454225226228</orientation>
      <time>24</time>
    </ksState>
    <ksState>
      <x>16.38544241156134</x>
      <y>-10.642144996846678</y>
      <steeringAngle>0.17766666666666656</steeringAngle>
      <velocity>8.000000000000004</velocity>
      <orientation>-0.10090521265129704</orientation>
      <time>25</time>
    </ksState>
    <ksState>
      <x>17.14838356991731</x>
      <y>-10.63244031732084</y>
      <steeringAngle>0.1421333333333334</steeringAngle>
      <velocity>7.2</velocity>
      <orientation>-0.05327789090566011</orientation>
      <time>26</time>
    </ksState>
    <ksState>
      <x>17.82964099074049</x>
      <y>-10.6098831959495</y>
      <steeringAngle>0.10660000000000011</steeringAngle>
      <velocity>6.4</velocity>
      <orientation>-0.020218320457692146</orientation>
      <time>27</time>
    </ksState>
    <ksState>
      <x>18.429895698186602</x>
      <y>-10.58573795141186</y>
      <steeringAngle>0.07106666666666674</steeringAngle>
      <velocity>5.600000000000001</velocity>
      <orientation>0.0005986278361963249</orientation>
      <time>28</time>
    </ksState>
    <ksState>
      <x>18.94978872399957</x>
      <y>-10.56685753416222</y>
      <steeringAngle>0.03553333333333339</steeringAngle>
      <velocity>4.800000000000001</velocity>
      <orientation>0.011449237493859205</orientation>
      <time>29</time>
    </ksState>
    <ksState>
      <x>19.38969051970727</x>
      <y>-10.556466927684108</y>
      <steeringAngle>5.5294310796760726e-17</steeringAngle>
      <velocity>4.0</velocity>
      <orientation>0.014573013331024759</orientation>
      <time>30</time>
    </ksState>
    <ksState>
      <x>19.789747293073134</x>
      <y>-10.554926271931722</y>
      <steeringAngle>-0.035533333333333326</steeringAngle>
      <velocity>4.0</velocity>
      <orientation>0.01181673879842436</orientation>
      <time>31</time>
    </ksState>
    <ksState>
      <x>20.189865773831965</x>
      <y>-10.563444293779392</y>
      <steeringAngle>-0.07106666666666711</steeringAngle>
      <velocity>4.0</velocity>
      <orientation>0.003540978255138938</orientation>
      <time>32</time>
    </ksState>
    <ksState>
      <x>20.589837178710557</x>
      <y>-10.58426284095519</y>
      <steeringAngle>-0.10660000000000043</steeringAngle>
      <velocity>4.0</velocity>
      <orientation>-0.010275261563997908</orientation>
      <time>33</time>
    </ksState>
    <ksState>
      <x>20.98924632643776</x>
      <y>-10.619648663884286</y>
      <steeringAngle>-0.14213333333333378</steeringAngle>
      <velocity>4.0</velocity>
      <orientation>-0.02966718794954374</orientation>
      <time>34</time>
    </ksState>
    <ksState>
      <x>21.387429835041573</x>
      <y>-10.671887555150905</y>
      <steeringAngle>-0.1776666666666672</steeringAngle>
      <velocity>4.0</velocity>
      <orientation>-0.05468459440094106</orientation>
      <time>35</time>
    </ksState>
    <ksState>
      <x>21.784114339882475</x>
      <y>-10.734443456330858</y>
      <steeringAngle>-0.1421333333333333</steeringAngle>
      <velocity>4.0</velocity>
      <orientation>-0.07970200074546437</orientation>
      <time>36</time>
    </ksState>
    <ksState>
      <x>22.180030952716493</x>
      <y>-10.797818920549513</y>
      <steeringAngle>-0.10659999999999999</steeringAngle>
      <velocity>4.0</velocity>
      <orientation>-0.09909392703621495</orientation>
      <time>37</time>
    </ksState>
    <ksState>
      <x>22.57568323733451</x>
      <y>-10.859870275500889</y>
      <steeringAngle>-0.07106666666666664</steeringAngle>
      <velocity>4.0</velocity>
      <orientation>-0.11291016677116786</orientation>
      <time>38</time>
    </ksState>
    <ksState>
      <x>22.971548629688215</x>
      <y>-10.918458963322799</y>
      <steeringAngle>-0.03553333333333332</steeringAngle>
      <velocity>4.0</velocity>
      <orientation>-0.12118592723343323</orientation>
      <time>39</time>
    </ksState>
    <ksState>
      <x>23.368045932984202</x>
      <y>-10.971436265977559</y>
      <steeringAngle>2.2985086056692694e-17</steeringAngle>
      <velocity>4.0</velocity>
      <orientation>-0.12394219052827359</orientation>
      <time>40</time>
    </ksState>
    <ksState>
      <x>23.805270302460094</x>
      <y>-11.020958586005378</y>
      <steeringAngle>0.035533333333333326</steeringAngle>
      <velocity>4.799999999999999</velocity>
      <orientation>-0.12081841185908278</orientation>
      <time>41</time>
    </ksState>
    <ksState>
      <x>24.323551035823918</x>
      <y>-11.065803951146517</y>
      <steeringAngle>0.07106666666666667</steeringAngle>
      <velocity>5.599999999999998</velocity>
      <orientation>-0.10996780079790999</orientation>
      <time>42</time>
    </ksState>
    <ksState>
      <x>24.92347120831973</x>
      <y>-11.096384613095674</y>
      <steeringAngle>0.10659999999999999</steeringAngle>
      <velocity>6.3999999999999995</velocity>
      <orientation>-0.089150851797582</orientation>
      <time>43</time>
    </ksState>
    <ksState>
      <x>25.60502114044777</x>
      <y>-11.099350442255428</y>
      <steeringAngle>0.14213333333333333</steeringAngle>
      <velocity>7.199999999999999</velocity>
      <orientation>-0.056091280816416844</orientation>
      <time>44</time>
    </ksState>
    <ksState>
      <x>26.366717645049647</x>
      <y>-11.056836101251944</y>
      <steeringAngle>0.17766666666666664</steeringAngle>
      <velocity>7.9999999999999964</velocity>
      <orientation>-0.008463958734870214</orientation>
      <time>45</time>
    </ksState>
    <ksState>
      <x>27.12517872990894</x>
      <y>-10.967898937239417</y>
      <steeringAngle>0.17766666666666667</steeringAngle>
      <velocity>7.2</velocity>
      <orientation>0.044451968709507156</orientation>
      <time>46</time>
    </ksState>
    <ksState>
      <x>27.798977426425083</x>
      <y>-10.854415187055869</y>
      <steeringAngle>0.17766666666666667</steeringAngle>
      <velocity>6.4</velocity>
      <orientation>0.09179779850231834</orientation>
      <time>47</time>
    </ksState>
    <ksState>
      <x>28.388467197118526</x>
      <y>-10.727895373493281</y>
      <steeringAngle>0.17766666666666667</steeringAngle>
      <velocity>5.599999999999999</velocity>
      <orientation>0.1335735306575031</orientation>
      <time>48</time>
    </ksState>
    <ksState>
      <x>28.894704927689958</x>
      <y>-10.59841088697931</y>
      <steeringAngle>0.17766666666666667</steeringAngle>
      <velocity>4.799999999999999</velocity>
      <orientation>0.1697791651790176</orientation>
      <time>49</time>
    </ksState>
    <ksState>
      <x>29.319166310980222</x>
      <y>-10.474593139905156</y>
      <steeringAngle>0.17766666666666667</steeringAngle>
      <velocity>4.0</velocity>
      <orientation>0.2004147020683476</orientation>
      <time>50</time>
    </ksState>
    <ksState>
      <x>29.66432872180878</x>
      <y>-10.367346329286818</y>
      <steeringAngle>0.1421333333333333</steeringAngle>
      <velocity>3.1999999999999993</velocity>
      <orientation>0.2230246170417899</orientation>
      <time>51</time>
    </ksState>
    <ksState>
      <x>29.932511096962862</x>
      <y>-10.28452942615471</y>
      <steeringAngle>0.10659999999999997</steeringAngle>
      <velocity>2.3999999999999977</velocity>
      <orientation>0.23669225791249726</orientation>
      <time>52</time>
    </ksState>
    <ksState>
      <x>30.124388814650214</x>
      <y>-10.227232889164846</y>
      <steeringAngle>0.07106666666666664</steeringAngle>
      <velocity>1.5999999999999976</velocity>
      <orientation>0.2436929637657164</orientation>
      <time>53</time>
    </ksState>
    <ksState>
      <x>30.23991341577552</x>
      <y>-10.194558793531769</y>
      <steeringAngle>0.0355333333333333</steeringAngle>
      <velocity>0.7999999999999972</velocity>
      <orientation>0.24626780823968367</orientation>
      <time>54</time>
    </ksState>
    <ksState>
      <x>30.27857686548092</x>
      <y>-10.184291735665475</y>
      <steeringAngle>-2.5153490401663703e-17</steeringAngle>
      <velocity>-2.914335439641036e-15</velocity>
      <orientation>0.24663531981821488</orientation>
      <time>55</time>
    </ksState>
    <ksState>
      <x>30.317495445410287</x>
      <y>-10.175038840827304</y>
      <steeringAngle>-0.03553333333333333</steeringAngle>
      <velocity>0.8</velocity>
      <orientation>0.2462677880399729</orientation>
      <time>56</time>
    </ksState>
    <ksState>
      <x>30.434797013464795</x>
      <y>-10.149472553056414</y>
      <steeringAngle>-0.0710666666666667</steeringAngle>
      <velocity>1.6</velocity>
      <orientation>0.24369294144798725</orientation>
      <time>57</time>
    </ksState>
    <ksState>
      <x>30.63141350174739</x>
      <y>-10.111524182038698</y>
      <steeringAngle>-0.10660000000000003</steeringAngle>
      <velocity>2.4000000000000004</velocity>
      <orientation>0.23669223721115004</orientation>
      <time>58</time>
    </ksState>
    <ksState>
      <x>30.908456584129347</x>
      <y>-10.066574511123376</y>
      <steeringAngle>-0.14213333333333342</steeringAngle>
      <velocity>3.2000000000000015</velocity>
      <orientation>0.2230245962703299</orientation>
      <time>59</time>
    </ksState>
    <ksState>
      <x>31.267138167597622</x>
      <y>-10.022224862731571</y>
      <steeringAngle>-0.17766666666666683</steeringAngle>
      <velocity>4.0000000000000036</velocity>
      <orientation>0.20041468039710975</orientation>
      <time>60</time>
    </ksState>
    <ksState>
      <x>31.707626635092083</x>
      <y>-9.984089147276185</y>
      <steeringAngle>-0.17766666666666667</steeringAngle>
      <velocity>4.800000000000002</velocity>
      <orientation>0.16977914335477556</orientation>
      <time>61</time>
    </ksState>
    <ksState>
      <x>32.22941108959586</x>
      <y>-9.95644002035409</y>
      <steeringAngle>-0.17766666666666667</steeringAngle>
      <velocity>5.600000000000001</velocity>
      <orientation>0.1335735086782356</orientation>
      <time>62</time>
    </ksState>
    <ksState>
      <x>32.83224517688988</x>
      <y>-9.948030352963114</y>
      <steeringAngle>-0.17766666666666667</steeringAngle>
      <velocity>6.3999999999999995</velocity>
      <orientation>0.09179777636859562</orientation>
      <time>63</time>
    </ksState>
    <ksState>
      <x>33.51518937950248</x>
      <y>-9.968942808346938</y>
      <steeringAngle>-0.17766666666666667</steeringAngle>
      <velocity>7.200000000000002</velocity>
      <orientation>0.04445194642649872</orientation>
      <time>64</time>
    </ksState>
    <ksState>
      <x>34.276332126597396</x>
      <y>-10.030533158408378</y>
      <steeringAngle>-0.17766666666666667</steeringAngle>
      <velocity>8.0</velocity>
      <orientation>-0.008463981147651373</orientation>
      <time>65</time>
    </ksState>
    <ksState>
      <x>35.03317910339216</x>
      <y>-10.132295843505323</y>
      <steeringAngle>-0.17766666666666667</steeringAngle>
      <velocity>7.2</velocity>
      <orientation>-0.06137990859202874</orientation>
      <time>66</time>
    </ksState>
    <ksState>
      <x>35.704960331093474</x>
      <y>-10.25716853964769</y>
      <steeringAngle>-0.17766666666666667</steeringAngle>
      <velocity>6.4</velocity>
      <orientation>-0.10872573838483993</orientation>
      <time>67</time>
    </ksState>
    <ksState>
      <x>36.292224057085555</x>
      <y>-10.393648356544913</y>
      <steeringAngle>-0.17766666666666667</steeringAngle>
      <velocity>5.599999999999999</velocity>
      <orientation>-0.1505014705400247</orientation>
      <time>68</time>
    </ksState>
    <ksState>
      <x>36.796197491321806</x>
      <y>-10.531683236687842</y>
      <steeringAngle>-0.17766666666666667</steeringAngle>
      <velocity>4.799999999999999</velocity>
      <orientation>-0.18670710506153917</orientation>
      <time>69</time>
    </ksState>
    <ksState>
      <x>37.21850221675769</x>
      <y>-10.662667983280697</y>
      <steeringAngle>-0.17766666666666667</steeringAngle>
      <velocity>4.0</velocity>
      <orientation>-0.2173426419508692</orientation>
      <time>70</time>
    </ksState>
    <ksState>
      <x>37.56089779293692</x>
      <y>-10.779416117289891</y>
      <steeringAngle>-0.17766666666666667</steeringAngle>
      <velocity>3.2000000000000006</velocity>
      <orientation>-0.24240808121904678</orientation>
      <time>71</time>
    </ksState>
    <ksState>
      <x>37.82511911459025</x>
      <y>-10.876131633382759</y>
      <steeringAngle>-0.17766666666666667</steeringAngle>
      <velocity>2.4000000000000012</velocity>
      <orientation>-0.2619034228490766</orientation>
      <time>72</time>
    </ksState>
    <ksState>
      <x>38.012669399412395</x>
      <y>-10.948358640245903</y>
      <steeringAngle>-0.17766666666666667</steeringAngle>
      <velocity>1.6000000000000005</velocity>
      <orientation>-0.2758286668480575</orientation>
      <time>73</time>
    </ksState>
    <ksState>
      <x>38.124710400607015</x>
      <y>-10.992945976322313</y>
      <steeringAngle>-0.17766666666666667</steeringAngle>
      <velocity>0.8000000000000004</velocity>
      <orientation>-0.28418381321881164</orientation>
      <time>74</time>
    </ksState>
    <ksState>
      <x>38.161974129618706</x>
      <y>-11.008016265540814</y>
      <steeringAngle>-0.17766666666666667</steeringAngle>
      <velocity>2.7755575615628914e-16</velocity>
      <orientation>-0.286968861965027</orientation>
      <time>75</time>
    </ksState>
    <ksState>
      <x>38.161974129618706</x>
      <y>-11.008016265540814</y>
      <steeringAngle>-0.14213333333333336</steeringAngle>
      <velocity>0.0</velocity>
      <orientation>-0.286968861965027</orientation>
      <time>76</time>
    </ksState>
    <ksState>
      <x>38.161974129618706</x>
      <y>-11.008016265540814</y>
      <steeringAngle>-0.10660000000000001</steeringAngle>
      <velocity>0.0</velocity>
      <orientation>-0.286968861965027</orientation>
      <time>77</time>
    </ksState>
    <ksState>
      <x>38.161974129618706</x>
      <y>-11.008016265540814</y>
      <steeringAngle>-0.07106666666666668</steeringAngle>
      <velocity>0.0</velocity>
      <orientation>-0.286968861965027</orientation>
      <time>78</time>
    </ksState>
    <ksState>
      <x>38.161974129618706</x>
      <y>-11.008016265540814</y>
      <steeringAngle>-0.03553333333333333</steeringAngle>
      <velocity>0.0</velocity>
      <orientation>-0.286968861965027</orientation>
      <time>79</time>
    </ksState>
    <ksState>
      <x>38.161974129618706</x>
      <y>-11.008016265540814</y>
      <steeringAngle>-0.0</steeringAngle>
      <velocity>0.0</velocity>
      <orientation>-0.286968861965027</orientation>
      <time>80</time>
    </ksState>
    <ksState>
      <x>38.161974129618706</x>
      <y>-11.008016265540814</y>
      <steeringAngle>0.0</steeringAngle>
      <velocity>0.0</velocity>
      <orientation>-0.286968861965027</orientation>
      <time>81</time>
    </ksState>
    <ksState>
      <x>38.161974129618706</x>
      <y>-11.008016265540814</y>
      <steeringAngle>0.0</steeringAngle>
      <velocity>0.0</velocity>
      <orientation>-0.286968861965027</orientation>
      <time>82</time>
    </ksState>
    <ksState>
      <x>38.161974129618706</x>
      <y>-11.008016265540814</y>
      <steeringAngle>0.0</steeringAngle>
      <velocity>0.0</velocity>
      <orientation>-0.286968861965027</orientation>
      <time>83</time>
    </ksState>
    <ksState>
      <x>38.161974129618706</x>
      <y>-11.008016265540814</y>
      <steeringAngle>0.0</steeringAngle>
      <velocity>0.0</velocity>
      <orientation>-0.286968861965027</orientation>
      <time>84</time>
    </ksState>
    <ksState>
      <x>38.161974129618706</x>
      <y>-11.008016265540814</y>
      <steeringAngle>0.0</steeringAngle>
      <velocity>0.0</velocity>
      <orientation>-0.286968861965027</orientation>
      <time>85</time>
    </ksState>
    <ksState>
      <x>38.161974129618706</x>
      <y>-11.008016265540814</y>
      <steeringAngle>0.0</steeringAngle>
      <velocity>0.0</velocity>
      <orientation>-0.286968861965027</orientation>
      <time>86</time>
    </ksState>
    <ksState>
      <x>38.161974129618706</x>
      <y>-11.008016265540814</y>
      <steeringAngle>0.0</steeringAngle>
      <velocity>0.0</velocity>
      <orientation>-0.286968861965027</orientation>
      <time>87</time>
    </ksState>
    <ksState>
      <x>38.161974129618706</x>
      <y>-11.008016265540814</y>
      <steeringAngle>0.0</steeringAngle>
      <velocity>0.0</velocity>
      <orientation>-0.286968861965027</orientation>
      <time>88</time>
    </ksState>
    <ksState>
      <x>38.161974129618706</x>
      <y>-11.008016265540814</y>
      <steeringAngle>0.0</steeringAngle>
      <velocity>0.0</velocity>
      <orientation>-0.286968861965027</orientation>
      <time>89</time>
    </ksState>
    <ksState>
      <x>38.161974129618706</x>
      <y>-11.008016265540814</y>
      <steeringAngle>0.0</steeringAngle>
      <velocity>0.0</velocity>
      <orientation>-0.286968861965027</orientation>
      <time>90</time>
    </ksState>
    <ksState>
      <x>38.161974129618706</x>
      <y>-11.008016265540814</y>
      <steeringAngle>0.0</steeringAngle>
      <velocity>0.0</velocity>
      <orientation>-0.286968861965027</orientation>
      <time>91</time>
    </ksState>
    <ksState>
      <x>38.161974129618706</x>
      <y>-11.008016265540814</y>
      <steeringAngle>0.0</steeringAngle>
      <velocity>0.0</velocity>
      <orientation>-0.286968861965027</orientation>
      <time>92</time>
    </ksState>
    <ksState>
      <x>38.161974129618706</x>
      <y>-11.008016265540814</y>
      <steeringAngle>0.0</steeringAngle>
      <velocity>0.0</velocity>
      <orientation>-0.286968861965027</orientation>
      <time>93</time>
    </ksState>
    <ksState>
      <x>38.161974129618706</x>
      <y>-11.008016265540814</y>
      <steeringAngle>0.0</steeringAngle>
      <velocity>0.0</velocity>
      <orientation>-0.286968861965027</orientation>
      <time>94</time>
    </ksState>
    <ksState>
      <x>38.161974129618706</x>
      <y>-11.008016265540814</y>
      <steeringAngle>0.0</steeringAngle>
      <velocity>0.0</velocity>
      <orientation>-0.286968861965027</orientation>
      <time>95</time>
    </ksState>
    <ksState>
      <x>38.161974129618706</x>
      <y>-11.008016265540814</y>
      <steeringAngle>0.0</steeringAngle>
      <velocity>0.0</velocity>
      <orientation>-0.286968861965027</orientation>
      <time>96</time>
    </ksState>
    <ksState>
      <x>38.161974129618706</x>
      <y>-11.008016265540814</y>
      <steeringAngle>0.0</steeringAngle>
      <velocity>0.0</velocity>
      <orientation>-0.286968861965027</orientation>
      <time>97</time>
    </ksState>
    <ksState>
      <x>38.161974129618706</x>
      <y>-11.008016265540814</y>
      <steeringAngle>0.0</steeringAngle>
      <velocity>0.0</velocity>
      <orientation>-0.286968861965027</orientation>
      <time>98</time>
    </ksState>
    <ksState>
      <x>38.161974129618706</x>
      <y>-11.008016265540814</y>
      <steeringAngle>0.0</steeringAngle>
      <velocity>0.0</velocity>
      <orientation>-0.286968861965027</orientation>
      <time>99</time>
    </ksState>
    <ksState>
      <x>38.161974129618706</x>
      <y>-11.008016265540814</y>
      <steeringAngle>0.0</steeringAngle>
      <velocity>0.0</velocity>
      <orientation>-0.286968861965027</orientation>
      <time>100</time>
    </ksState>
    <ksState>
      <x>38.161974129618706</x>
      <y>-11.008016265540814</y>
      <steeringAngle>0.0</steeringAngle>
      <velocity>0.0</velocity>
      <orientation>-0.286968861965027</orientation>
      <time>101</time>
    </ksState>
    <ksState>
      <x>38.161974129618706</x>
      <y>-11.008016265540814</y>
      <steeringAngle>0.0</steeringAngle>
      <velocity>0.0</velocity>
      <orientation>-0.286968861965027</orientation>
      <time>102</time>
    </ksState>
    <ksState>
      <x>38.161974129618706</x>
      <y>-11.008016265540814</y>
      <steeringAngle>0.0</steeringAngle>
      <velocity>0.0</velocity>
      <orientation>-0.286968861965027</orientation>
      <time>103</time>
    </ksState>
    <ksState>
      <x>38.161974129618706</x>
      <y>-11.008016265540814</y>
      <steeringAngle>0.0</steeringAngle>
      <velocity>0.0</velocity>
      <orientation>-0.286968861965027</orientation>
      <time>104</time>
    </ksState>
    <ksState>
      <x>38.161974129618706</x>
      <y>-11.008016265540814</y>
      <steeringAngle>0.0</steeringAngle>
      <velocity>0.0</velocity>
      <orientation>-0.286968861965027</orientation>
      <time>105</time>
    </ksState>
    <ksState>
      <x>38.161974129618706</x>
      <y>-11.008016265540814</y>
      <steeringAngle>0.0</steeringAngle>
      <velocity>0.0</velocity>
      <orientation>-0.286968861965027</orientation>
      <time>106</time>
    </ksState>
    <ksState>
      <x>38.161974129618706</x>
      <y>-11.008016265540814</y>
      <steeringAngle>0.0</steeringAngle>
      <velocity>0.0</velocity>
      <orientation>-0.286968861965027</orientation>
      <time>107</time>
    </ksState>
    <ksState>
      <x>38.161974129618706</x>
      <y>-11.008016265540814</y>
      <steeringAngle>0.0</steeringAngle>
      <velocity>0.0</velocity>
      <orientation>-0.286968861965027</orientation>
      <time>108</time>
    </ksState>
    <ksState>
      <x>38.161974129618706</x>
      <y>-11.008016265540814</y>
      <steeringAngle>0.0</steeringAngle>
      <velocity>0.0</velocity>
      <orientation>-0.286968861965027</orientation>
      <time>109</time>
    </ksState>
    <ksState>
      <x>38.161974129618706</x>
      <y>-11.008016265540814</y>
      <steeringAngle>0.0</steeringAngle>
      <velocity>0.0</velocity>
      <orientation>-0.286968861965027</orientation>
      <time>110</time>
    </ksState>
    <ksState>
      <x>38.161974129618706</x>
      <y>-11.008016265540814</y>
      <steeringAngle>0.0</steeringAngle>
      <velocity>0.0</velocity>
      <orientation>-0.286968861965027</orientation>
      <time>111</time>
    </ksState>
    <ksState>
      <x>38.161974129618706</x>
      <y>-11.008016265540814</y>
      <steeringAngle>0.0</steeringAngle>
      <velocity>0.0</velocity>
      <orientation>-0.286968861965027</orientation>
      <time>112</time>
    </ksState>
    <ksState>
      <x>38.161974129618706</x>
      <y>-11.008016265540814</y>
      <steeringAngle>0.0</steeringAngle>
      <velocity>0.0</velocity>
      <orientation>-0.286968861965027</orientation>
      <time>113</time>
    </ksState>
    <ksState>
      <x>38.161974129618706</x>
      <y>-11.008016265540814</y>
      <steeringAngle>0.0</steeringAngle>
      <velocity>0.0</velocity>
      <orientation>-0.286968861965027</orientation>
      <time>114</time>
    </ksState>
    <ksState>
      <x>38.161974129618706</x>
      <y>-11.008016265540814</y>
      <steeringAngle>0.0</steeringAngle>
      <velocity>0.0</velocity>
      <orientation>-0.286968861965027</orientation>
      <time>115</time>
    </ksState>
    <ksState>
      <x>38.161974129618706</x>
      <y>-11.008016265540814</y>
      <steeringAngle>0.0</steeringAngle>
      <velocity>0.0</velocity>
      <orientation>-0.286968861965027</orientation>
      <time>116</time>
    </ksState>
    <ksState>
      <x>38.161974129618706</x>
      <y>-11.008016265540814</y>
      <steeringAngle>0.0</steeringAngle>
      <velocity>0.0</velocity>
      <orientation>-0.286968861965027</orientation>
      <time>117</time>
    </ksState>
    <ksState>
      <x>38.161974129618706</x>
      <y>-11.008016265540814</y>
      <steeringAngle>0.0</steeringAngle>
      <velocity>0.0</velocity>
      <orientation>-0.286968861965027</orientation>
      <time>118</time>
    </ksState>
    <ksState>
      <x>38.161974129618706</x>
      <y>-11.008016265540814</y>
      <steeringAngle>0.0</steeringAngle>
      <velocity>0.0</velocity>
      <orientation>-0.286968861965027</orientation>
      <time>119</time>
    </ksState>
    <ksState>
      <x>38.161974129618706</x>
      <y>-11.008016265540814</y>
      <steeringAngle>0.0</steeringAngle>
      <velocity>0.0</velocity>
      <orientation>-0.286968861965027</orientation>
      <time>120</time>
    </ksState>
    <ksState>
      <x>38.161974129618706</x>
      <y>-11.008016265540814</y>
      <steeringAngle>0.0</steeringAngle>
      <velocity>0.0</velocity>
      <orientation>-0.286968861965027</orientation>
      <time>121</time>
    </ksState>
    <ksState>
      <x>38.161974129618706</x>
      <y>-11.008016265540814</y>
      <steeringAngle>0.0</steeringAngle>
      <velocity>0.0</velocity>
      <orientation>-0.286968861965027</orientation>
      <time>122</time>
    </ksState>
    <ksState>
      <x>38.161974129618706</x>
      <y>-11.008016265540814</y>
      <steeringAngle>0.0</steeringAngle>
      <velocity>0.0</velocity>
      <orientation>-0.286968861965027</orientation>
      <time>123</time>
    </ksState>
    <ksState>
      <x>38.161974129618706</x>
      <y>-11.008016265540814</y>
      <steeringAngle>0.0</steeringAngle>
      <velocity>0.0</velocity>
      <orientation>-0.286968861965027</orientation>
      <time>124</time>
    </ksState>
    <ksState>
      <x>38.161974129618706</x>
      <y>-11.008016265540814</y>
      <steeringAngle>0.0</steeringAngle>
      <velocity>0.0</velocity>
      <orientation>-0.286968861965027</orientation>
      <time>125</time>
    </ksState>
    <ksState>
      <x>38.161974129618706</x>
      <y>-11.008016265540814</y>
      <steeringAngle>0.0</steeringAngle>
      <velocity>0.0</velocity>
      <orientation>-0.286968861965027</orientation>
      <time>126</time>
    </ksState>
    <ksState>
      <x>38.161974129618706</x>
      <y>-11.008016265540814</y>
      <steeringAngle>0.0</steeringAngle>
      <velocity>0.0</velocity>
      <orientation>-0.286968861965027</orientation>
      <time>127</time>
    </ksState>
    <ksState>
      <x>38.161974129618706</x>
      <y>-11.008016265540814</y>
      <steeringAngle>0.0</steeringAngle>
      <velocity>0.0</velocity>
      <orientation>-0.286968861965027</orientation>
      <time>128</time>
    </ksState>
    <ksState>
      <x>38.161974129618706</x>
      <y>-11.008016265540814</y>
      <steeringAngle>0.0</steeringAngle>
      <velocity>0.0</velocity>
      <orientation>-0.286968861965027</orientation>
      <time>129</time>
    </ksState>
    <ksState>
      <x>38.161974129618706</x>
      <y>-11.008016265540814</y>
      <steeringAngle>0.0</steeringAngle>
      <velocity>0.0</velocity>
      <orientation>-0.286968861965027</orientation>
      <time>130</time>
    </ksState>
    <ksState>
      <x>38.161974129618706</x>
      <y>-11.008016265540814</y>
      <steeringAngle>0.0</steeringAngle>
      <velocity>0.0</velocity>
      <orientation>-0.286968861965027</orientation>
      <time>131</time>
    </ksState>
    <ksState>
      <x>38.161974129618706</x>
      <y>-11.008016265540814</y>
      <steeringAngle>0.0</steeringAngle>
      <velocity>0.0</velocity>
      <orientation>-0.286968861965027</orientation>
      <time>132</time>
    </ksState>
    <ksState>
      <x>38.161974129618706</x>
      <y>-11.008016265540814</y>
      <steeringAngle>0.0</steeringAngle>
      <velocity>0.0</velocity>
      <orientation>-0.286968861965027</orientation>
      <time>133</time>
    </ksState>
    <ksState>
      <x>38.161974129618706</x>
      <y>-11.008016265540814</y>
      <steeringAngle>0.0</steeringAngle>
      <velocity>0.0</velocity>
      <orientation>-0.286968861965027</orientation>
      <time>134</time>
    </ksState>
    <ksState>
      <x>38.161974129618706</x>
      <y>-11.008016265540814</y>
      <steeringAngle>0.0</steeringAngle>
      <velocity>0.0</velocity>
      <orientation>-0.286968861965027</orientation>
      <time>135</time>
    </ksState>
    <ksState>
      <x>38.161974129618706</x>
      <y>-11.008016265540814</y>
      <steeringAngle>0.0</steeringAngle>
      <velocity>0.0</velocity>
      <orientation>-0.286968861965027</orientation>
      <time>136</time>
    </ksState>
    <ksState>
      <x>38.161974129618706</x>
      <y>-11.008016265540814</y>
      <steeringAngle>0.0</steeringAngle>
      <velocity>0.0</velocity>
      <orientation>-0.286968861965027</orientation>
      <time>137</time>
    </ksState>
    <ksState>
      <x>38.161974129618706</x>
      <y>-11.008016265540814</y>
      <steeringAngle>0.0</steeringAngle>
      <velocity>0.0</velocity>
      <orientation>-0.286968861965027</orientation>
      <time>138</time>
    </ksState>
    <ksState>
      <x>38.161974129618706</x>
      <y>-11.008016265540814</y>
      <steeringAngle>0.0</steeringAngle>
      <velocity>0.0</velocity>
      <orientation>-0.286968861965027</orientation>
      <time>139</time>
    </ksState>
    <ksState>
      <x>38.161974129618706</x>
      <y>-11.008016265540814</y>
      <steeringAngle>0.0</steeringAngle>
      <velocity>0.0</velocity>
      <orientation>-0.286968861965027</orientation>
      <time>140</time>
    </ksState>
  </ksTrajectory>
</CommonRoadSolution>
