<?xml version="1.0" ?>
<CommonRoadSolution benchmark_id="KS2:SM1:BEL_Nivelles-10_1_T-1:2020a" computation_time="0.5458144190001804" date="2023-01-12T15:00:04">
  <ksTrajectory planningProblem="1">
    <ksState>
      <x>254.87973999999997</x>
      <y>-988.86832</y>
      <steeringAngle>0.0</steeringAngle>
      <velocity>0.0</velocity>
      <orientation>3.0765545</orientation>
      <time>0</time>
    </ksState>
    <ksState>
      <x>254.83985903205058</x>
      <y>-988.8651926493602</y>
      <steeringAngle>-0.03553333333333333</steeringAngle>
      <velocity>0.8</velocity>
      <orientation>3.0761869682217577</orientation>
      <time>1</time>
    </ksState>
    <ksState>
      <x>254.72036889965455</x>
      <y>-988.853556447299</y>
      <steeringAngle>-0.0710666666666667</steeringAngle>
      <velocity>1.6</velocity>
      <orientation>3.0736121216297723</orientation>
      <time>2</time>
    </ksState>
    <ksState>
      <x>254.5215881132238</x>
      <y>-988.829383709071</y>
      <steeringAngle>-0.10660000000000003</steeringAngle>
      <velocity>2.4000000000000004</velocity>
      <orientation>3.066611417392935</orientation>
      <time>3</time>
    </ksState>
    <ksState>
      <x>254.24410858492178</x>
      <y>-988.787211991245</y>
      <steeringAngle>-0.14213333333333342</steeringAngle>
      <velocity>3.2000000000000015</velocity>
      <orientation>3.052943776452115</orientation>
      <time>4</time>
    </ksState>
    <ksState>
      <x>253.88910775540987</x>
      <y>-988.7194345563745</y>
      <steeringAngle>-0.17766666666666683</steeringAngle>
      <velocity>4.0000000000000036</velocity>
      <orientation>3.0303338605788945</orientation>
      <time>5</time>
    </ksState>
    <ksState>
      <x>253.5367962294387</x>
      <y>-988.6358188074233</y>
      <steeringAngle>-0.21319999999999997</steeringAngle>
      <velocity>3.2</velocity>
      <orientation>3.00279231501546</orientation>
      <time>6</time>
    </ksState>
    <ksState>
      <x>253.2654599810531</x>
      <y>-988.5578743414562</y>
      <steeringAngle>-0.24873333333333342</steeringAngle>
      <velocity>2.4000000000000004</velocity>
      <orientation>2.9773540846288102</orientation>
      <time>7</time>
    </ksState>
    <ksState>
      <x>253.07371569700442</x>
      <y>-988.4936193904539</y>
      <steeringAngle>-0.2842666666666668</steeringAngle>
      <velocity>1.600000000000001</velocity>
      <orientation>2.956279184838231</orientation>
      <time>8</time>
    </ksState>
    <ksState>
      <x>252.95984938860352</x>
      <y>-988.450571589198</y>
      <steeringAngle>-0.3197999999999999</steeringAngle>
      <velocity>0.8000000000000007</velocity>
      <orientation>2.9418807575375263</orientation>
      <time>9</time>
    </ksState>
    <ksState>
      <x>252.92219304877844</x>
      <y>-988.4350885051081</y>
      <steeringAngle>-0.3553333333333332</steeringAngle>
      <velocity>5.551115123125783e-16</velocity>
      <orientation>2.936539115901797</orientation>
      <time>10</time>
    </ksState>
    <ksState>
      <x>252.92219304877844</x>
      <y>-988.4350885051081</y>
      <steeringAngle>-0.3198</steeringAngle>
      <velocity>0.0</velocity>
      <orientation>2.936539115901797</orientation>
      <time>11</time>
    </ksState>
    <ksState>
      <x>252.92219304877844</x>
      <y>-988.4350885051081</y>
      <steeringAngle>-0.2842666666666666</steeringAngle>
      <velocity>0.0</velocity>
      <orientation>2.936539115901797</orientation>
      <time>12</time>
    </ksState>
    <ksState>
      <x>252.92219304877844</x>
      <y>-988.4350885051081</y>
      <steeringAngle>-0.24873333333333333</steeringAngle>
      <velocity>0.0</velocity>
      <orientation>2.936539115901797</orientation>
      <time>13</time>
    </ksState>
    <ksState>
      <x>252.92219304877844</x>
      <y>-988.4350885051081</y>
      <steeringAngle>-0.21320000000000003</steeringAngle>
      <velocity>0.0</velocity>
      <orientation>2.936539115901797</orientation>
      <time>14</time>
    </ksState>
    <ksState>
      <x>252.92219304877844</x>
      <y>-988.4350885051081</y>
      <steeringAngle>-0.1776666666666667</steeringAngle>
      <velocity>0.0</velocity>
      <orientation>2.936539115901797</orientation>
      <time>15</time>
    </ksState>
    <ksState>
      <x>252.88374266598473</x>
      <y>-988.4235425298001</y>
      <steeringAngle>-0.14213333333333333</steeringAngle>
      <velocity>0.8</velocity>
      <orientation>2.9341316186909943</orientation>
      <time>16</time>
    </ksState>
    <ksState>
      <x>252.76809090929794</x>
      <y>-988.3905088392789</y>
      <steeringAngle>-0.10660000000000001</steeringAngle>
      <velocity>1.6</velocity>
      <orientation>2.92840733207066</orientation>
      <time>17</time>
    </ksState>
    <ksState>
      <x>252.5748579214788</x>
      <y>-988.3380133951378</y>
      <steeringAngle>-0.07106666666666664</steeringAngle>
      <velocity>2.4000000000000004</velocity>
      <orientation>2.921591818307681</orientation>
      <time>18</time>
    </ksState>
    <ksState>
      <x>252.30359479792324</x>
      <y>-988.2681324319473</y>
      <steeringAngle>-0.03553333333333332</steeringAngle>
      <velocity>3.1999999999999993</velocity>
      <orientation>2.915890897594751</orientation>
      <time>19</time>
    </ksState>
    <ksState>
      <x>251.95361987353755</x>
      <y>-988.1836928253101</y>
      <steeringAngle>2.6020852139652106e-18</steeringAngle>
      <velocity>3.999999999999999</velocity>
      <orientation>2.9135021460064245</orientation>
      <time>20</time>
    </ksState>
    <ksState>
      <x>251.6037801561224</x>
      <y>-988.0987066685562</y>
      <steeringAngle>-0.03553333333333333</steeringAngle>
      <velocity>3.2</velocity>
      <orientation>2.911113397626632</orientation>
      <time>21</time>
    </ksState>
    <ksState>
      <x>251.33322258151523</x>
      <y>-988.0261621158563</y>
      <steeringAngle>-0.07106666666666668</steeringAngle>
      <velocity>2.4</velocity>
      <orientation>2.9054124826208354</orientation>
      <time>22</time>
    </ksState>
    <ksState>
      <x>251.14122591569728</x>
      <y>-987.9693267537291</y>
      <steeringAngle>-0.10660000000000003</steeringAngle>
      <velocity>1.5999999999999994</velocity>
      <orientation>2.898596948876104</orientation>
      <time>23</time>
    </ksState>
    <ksState>
      <x>251.0268127742383</x>
      <y>-987.9322369726885</y>
      <steeringAngle>-0.14213333333333342</steeringAngle>
      <velocity>0.7999999999999988</velocity>
      <orientation>2.892872687389624</orientation>
      <time>24</time>
    </ksState>
    <ksState>
      <x>250.98890231437997</x>
      <y>-987.9190264529209</y>
      <steeringAngle>-0.17766666666666675</steeringAngle>
      <velocity>-1.5265566588595902e-15</velocity>
      <orientation>2.890465192915068</orientation>
      <time>25</time>
    </ksState>
    <ksState>
      <x>250.98890231437997</x>
      <y>-987.9190264529209</y>
      <steeringAngle>-0.14213333333333336</steeringAngle>
      <velocity>0.0</velocity>
      <orientation>2.890465192915068</orientation>
      <time>26</time>
    </ksState>
    <ksState>
      <x>250.98890231437997</x>
      <y>-987.9190264529209</y>
      <steeringAngle>-0.10660000000000001</steeringAngle>
      <velocity>0.0</velocity>
      <orientation>2.890465192915068</orientation>
      <time>27</time>
    </ksState>
    <ksState>
      <x>250.98890231437997</x>
      <y>-987.9190264529209</y>
      <steeringAngle>-0.07106666666666668</steeringAngle>
      <velocity>0.0</velocity>
      <orientation>2.890465192915068</orientation>
      <time>28</time>
    </ksState>
    <ksState>
      <x>250.98890231437997</x>
      <y>-987.9190264529209</y>
      <steeringAngle>-0.03553333333333333</steeringAngle>
      <velocity>0.0</velocity>
      <orientation>2.890465192915068</orientation>
      <time>29</time>
    </ksState>
    <ksState>
      <x>250.98890231437997</x>
      <y>-987.9190264529209</y>
      <steeringAngle>-0.0</steeringAngle>
      <velocity>0.0</velocity>
      <orientation>2.890465192915068</orientation>
      <time>30</time>
    </ksState>
    <ksState>
      <x>250.98890231437997</x>
      <y>-987.9190264529209</y>
      <steeringAngle>0.0</steeringAngle>
      <velocity>0.0</velocity>
      <orientation>2.890465192915068</orientation>
      <time>31</time>
    </ksState>
    <ksState>
      <x>250.98890231437997</x>
      <y>-987.9190264529209</y>
      <steeringAngle>0.0</steeringAngle>
      <velocity>0.0</velocity>
      <orientation>2.890465192915068</orientation>
      <time>32</time>
    </ksState>
    <ksState>
      <x>250.98890231437997</x>
      <y>-987.9190264529209</y>
      <steeringAngle>0.0</steeringAngle>
      <velocity>0.0</velocity>
      <orientation>2.890465192915068</orientation>
      <time>33</time>
    </ksState>
  </ksTrajectory>
</CommonRoadSolution>
