<?xml version="1.0" ?>
<CommonRoadSolution benchmark_id="KS2:SM1:DEU_Flensburg-73_1_T-1:2020a" computation_time="2.312257036000119" date="2023-01-12T15:00:04">
  <ksTrajectory planningProblem="123">
    <ksState>
      <x>-103.32631</x>
      <y>464.74219</y>
      <steeringAngle>0.0</steeringAngle>
      <velocity>12.0</velocity>
      <orientation>-0.15095809</orientation>
      <time>0</time>
    </ksState>
    <ksState>
      <x>-102.13995706124425</x>
      <y>464.56172752549196</y>
      <steeringAngle>0.0</steeringAngle>
      <velocity>12.0</velocity>
      <orientation>-0.15095809</orientation>
      <time>1</time>
    </ksState>
    <ksState>
      <x>-100.95360412248849</x>
      <y>464.38126505098387</y>
      <steeringAngle>0.0</steeringAngle>
      <velocity>12.0</velocity>
      <orientation>-0.15095809</orientation>
      <time>2</time>
    </ksState>
    <ksState>
      <x>-99.76725118373272</x>
      <y>464.20080257647584</y>
      <steeringAngle>0.0</steeringAngle>
      <velocity>12.0</velocity>
      <orientation>-0.15095809</orientation>
      <time>3</time>
    </ksState>
    <ksState>
      <x>-98.58089824497696</x>
      <y>464.0203401019678</y>
      <steeringAngle>0.0</steeringAngle>
      <velocity>12.0</velocity>
      <orientation>-0.15095809</orientation>
      <time>4</time>
    </ksState>
    <ksState>
      <x>-97.3945453062212</x>
      <y>463.8398776274597</y>
      <steeringAngle>0.0</steeringAngle>
      <velocity>12.0</velocity>
      <orientation>-0.15095809</orientation>
      <time>5</time>
    </ksState>
    <ksState>
      <x>-96.20819236746544</x>
      <y>463.6594151529517</y>
      <steeringAngle>0.0</steeringAngle>
      <velocity>12.0</velocity>
      <orientation>-0.15095809</orientation>
      <time>6</time>
    </ksState>
    <ksState>
      <x>-95.02183942870968</x>
      <y>463.4789526784436</y>
      <steeringAngle>0.0</steeringAngle>
      <velocity>12.0</velocity>
      <orientation>-0.15095809</orientation>
      <time>7</time>
    </ksState>
    <ksState>
      <x>-93.83548648995392</x>
      <y>463.29849020393556</y>
      <steeringAngle>0.0</steeringAngle>
      <velocity>12.0</velocity>
      <orientation>-0.15095809</orientation>
      <time>8</time>
    </ksState>
    <ksState>
      <x>-92.64913355119816</x>
      <y>463.1180277294275</y>
      <steeringAngle>0.0</steeringAngle>
      <velocity>12.0</velocity>
      <orientation>-0.15095809</orientation>
      <time>9</time>
    </ksState>
    <ksState>
      <x>-91.4627806124424</x>
      <y>462.93756525491943</y>
      <steeringAngle>0.0</steeringAngle>
      <velocity>12.0</velocity>
      <orientation>-0.15095809</orientation>
      <time>10</time>
    </ksState>
    <ksState>
      <x>-90.27642767368664</x>
      <y>462.7571027804114</y>
      <steeringAngle>0.0</steeringAngle>
      <velocity>12.0</velocity>
      <orientation>-0.15095809</orientation>
      <time>11</time>
    </ksState>
    <ksState>
      <x>-89.09007473493088</x>
      <y>462.5766403059033</y>
      <steeringAngle>0.0</steeringAngle>
      <velocity>12.0</velocity>
      <orientation>-0.15095809</orientation>
      <time>12</time>
    </ksState>
    <ksState>
      <x>-87.90372179617512</x>
      <y>462.3961778313953</y>
      <steeringAngle>0.0</steeringAngle>
      <velocity>12.0</velocity>
      <orientation>-0.15095809</orientation>
      <time>13</time>
    </ksState>
    <ksState>
      <x>-86.71736885741936</x>
      <y>462.21571535688724</y>
      <steeringAngle>0.0</steeringAngle>
      <velocity>12.0</velocity>
      <orientation>-0.15095809</orientation>
      <time>14</time>
    </ksState>
    <ksState>
      <x>-85.5310159186636</x>
      <y>462.03525288237915</y>
      <steeringAngle>0.0</steeringAngle>
      <velocity>12.0</velocity>
      <orientation>-0.15095809</orientation>
      <time>15</time>
    </ksState>
    <ksState>
      <x>-84.34466297990784</x>
      <y>461.8547904078711</y>
      <steeringAngle>0.0</steeringAngle>
      <velocity>12.0</velocity>
      <orientation>-0.15095809</orientation>
      <time>16</time>
    </ksState>
    <ksState>
      <x>-83.15831004115208</x>
      <y>461.67432793336303</y>
      <steeringAngle>0.0</steeringAngle>
      <velocity>12.0</velocity>
      <orientation>-0.15095809</orientation>
      <time>17</time>
    </ksState>
    <ksState>
      <x>-81.97195710239632</x>
      <y>461.493865458855</y>
      <steeringAngle>0.0</steeringAngle>
      <velocity>12.0</velocity>
      <orientation>-0.15095809</orientation>
      <time>18</time>
    </ksState>
    <ksState>
      <x>-80.78560416364056</x>
      <y>461.31340298434696</y>
      <steeringAngle>0.0</steeringAngle>
      <velocity>12.0</velocity>
      <orientation>-0.15095809</orientation>
      <time>19</time>
    </ksState>
    <ksState>
      <x>-79.5992512248848</x>
      <y>461.1329405098389</y>
      <steeringAngle>0.0</steeringAngle>
      <velocity>12.0</velocity>
      <orientation>-0.15095809</orientation>
      <time>20</time>
    </ksState>
    <ksState>
      <x>-78.41289828612904</x>
      <y>460.95247803533084</y>
      <steeringAngle>0.0</steeringAngle>
      <velocity>12.0</velocity>
      <orientation>-0.15095809</orientation>
      <time>21</time>
    </ksState>
    <ksState>
      <x>-77.22654534737327</x>
      <y>460.77201556082275</y>
      <steeringAngle>0.0</steeringAngle>
      <velocity>12.0</velocity>
      <orientation>-0.15095809</orientation>
      <time>22</time>
    </ksState>
    <ksState>
      <x>-76.04019240861751</x>
      <y>460.5915530863147</y>
      <steeringAngle>0.0</steeringAngle>
      <velocity>12.0</velocity>
      <orientation>-0.15095809</orientation>
      <time>23</time>
    </ksState>
    <ksState>
      <x>-74.85383946986175</x>
      <y>460.4110906118067</y>
      <steeringAngle>0.0</steeringAngle>
      <velocity>12.0</velocity>
      <orientation>-0.15095809</orientation>
      <time>24</time>
    </ksState>
    <ksState>
      <x>-73.667486531106</x>
      <y>460.2306281372986</y>
      <steeringAngle>0.0</steeringAngle>
      <velocity>12.0</velocity>
      <orientation>-0.15095809</orientation>
      <time>25</time>
    </ksState>
    <ksState>
      <x>-72.48113359235023</x>
      <y>460.05016566279056</y>
      <steeringAngle>0.0</steeringAngle>
      <velocity>12.0</velocity>
      <orientation>-0.15095809</orientation>
      <time>26</time>
    </ksState>
    <ksState>
      <x>-71.29478065359447</x>
      <y>459.8697031882825</y>
      <steeringAngle>0.0</steeringAngle>
      <velocity>12.0</velocity>
      <orientation>-0.15095809</orientation>
      <time>27</time>
    </ksState>
    <ksState>
      <x>-70.10842771483871</x>
      <y>459.68924071377444</y>
      <steeringAngle>0.0</steeringAngle>
      <velocity>12.0</velocity>
      <orientation>-0.15095809</orientation>
      <time>28</time>
    </ksState>
    <ksState>
      <x>-68.92207477608295</x>
      <y>459.5087782392664</y>
      <steeringAngle>0.0</steeringAngle>
      <velocity>12.0</velocity>
      <orientation>-0.15095809</orientation>
      <time>29</time>
    </ksState>
    <ksState>
      <x>-67.73572183732719</x>
      <y>459.3283157647583</y>
      <steeringAngle>0.0</steeringAngle>
      <velocity>12.0</velocity>
      <orientation>-0.15095809</orientation>
      <time>30</time>
    </ksState>
    <ksState>
      <x>-66.54936889857143</x>
      <y>459.1478532902503</y>
      <steeringAngle>0.0</steeringAngle>
      <velocity>12.0</velocity>
      <orientation>-0.15095809</orientation>
      <time>31</time>
    </ksState>
    <ksState>
      <x>-65.36301595981567</x>
      <y>458.9673908157422</y>
      <steeringAngle>0.0</steeringAngle>
      <velocity>12.0</velocity>
      <orientation>-0.15095809</orientation>
      <time>32</time>
    </ksState>
    <ksState>
      <x>-64.17666302105991</x>
      <y>458.78692834123416</y>
      <steeringAngle>0.0</steeringAngle>
      <velocity>12.0</velocity>
      <orientation>-0.15095809</orientation>
      <time>33</time>
    </ksState>
    <ksState>
      <x>-62.99031008230415</x>
      <y>458.6064658667261</y>
      <steeringAngle>0.0</steeringAngle>
      <velocity>12.0</velocity>
      <orientation>-0.15095809</orientation>
      <time>34</time>
    </ksState>
    <ksState>
      <x>-61.80395714354839</x>
      <y>458.42600339221804</y>
      <steeringAngle>0.0</steeringAngle>
      <velocity>12.0</velocity>
      <orientation>-0.15095809</orientation>
      <time>35</time>
    </ksState>
    <ksState>
      <x>-60.659347616698916</x>
      <y>458.2374478280942</y>
      <steeringAngle>-0.03553333333333333</steeringAngle>
      <velocity>11.200000000000001</velocity>
      <orientation>-0.15885936377234405</orientation>
      <time>36</time>
    </ksState>
    <ksState>
      <x>-59.6000647618935</x>
      <y>458.02487159699376</y>
      <steeringAngle>-0.07106666666666667</steeringAngle>
      <velocity>10.400000000000007</velocity>
      <orientation>-0.181111794570834</orientation>
      <time>37</time>
    </ksState>
    <ksState>
      <x>-58.6291464652748</x>
      <y>457.7809311293799</y>
      <steeringAngle>-0.10660000000000001</steeringAngle>
      <velocity>9.60000000000001</velocity>
      <orientation>-0.2155598054555057</orientation>
      <time>38</time>
    </ksState>
    <ksState>
      <x>-57.749797695106714</x>
      <y>457.5036405166203</y>
      <steeringAngle>-0.14213333333333344</steeringAngle>
      <velocity>8.800000000000008</velocity>
      <orientation>-0.2600679375763506</orientation>
      <time>39</time>
    </ksState>
    <ksState>
      <x>-56.964912318637666</x>
      <y>457.1956880211502</y>
      <steeringAngle>-0.17766666666666675</steeringAngle>
      <velocity>8.000000000000009</velocity>
      <orientation>-0.31251023539133205</orientation>
      <time>40</time>
    </ksState>
    <ksState>
      <x>-56.237353660226304</x>
      <y>456.85396980197146</y>
      <steeringAngle>-0.17766666666666667</steeringAngle>
      <velocity>8.0</velocity>
      <orientation>-0.36821121170184384</orientation>
      <time>41</time>
    </ksState>
    <ksState>
      <x>-55.52994753343073</x>
      <y>456.47227676597026</y>
      <steeringAngle>-0.17766666666666667</steeringAngle>
      <velocity>8.0</velocity>
      <orientation>-0.4239121880123556</orientation>
      <time>42</time>
    </ksState>
    <ksState>
      <x>-54.84488820116794</x>
      <y>456.05179285845924</y>
      <steeringAngle>-0.17766666666666667</steeringAngle>
      <velocity>8.0</velocity>
      <orientation>-0.47961316432286727</orientation>
      <time>43</time>
    </ksState>
    <ksState>
      <x>-54.18430057808529</x>
      <y>455.59382233496905</y>
      <steeringAngle>-0.17766666666666667</steeringAngle>
      <velocity>8.0</velocity>
      <orientation>-0.5353141406333791</orientation>
      <time>44</time>
    </ksState>
    <ksState>
      <x>-53.550233672324964</x>
      <y>455.09978572613034</y>
      <steeringAngle>-0.17766666666666667</steeringAngle>
      <velocity>8.0</velocity>
      <orientation>-0.5910151169438909</orientation>
      <time>45</time>
    </ksState>
    <ksState>
      <x>-52.97958953065296</x>
      <y>454.59130392318787</y>
      <steeringAngle>-0.21320000000000014</steeringAngle>
      <velocity>7.200000000000003</velocity>
      <orientation>-0.6492644440153837</orientation>
      <time>46</time>
    </ksState>
    <ksState>
      <x>-52.50606503655656</x>
      <y>454.09563695940864</y>
      <steeringAngle>-0.24873333333333347</steeringAngle>
      <velocity>6.400000000000004</velocity>
      <orientation>-0.711181531501163</orientation>
      <time>47</time>
    </ksState>
    <ksState>
      <x>-52.12495450559785</x>
      <y>453.6237332091468</y>
      <steeringAngle>-0.2842666666666668</steeringAngle>
      <velocity>5.600000000000001</velocity>
      <orientation>-0.7746036742650841</orientation>
      <time>48</time>
    </ksState>
    <ksState>
      <x>-51.82909379638035</x>
      <y>453.18706479149085</y>
      <steeringAngle>-0.3198</steeringAngle>
      <velocity>4.800000000000002</velocity>
      <orientation>-0.8373327740070369</orientation>
      <time>49</time>
    </ksState>
    <ksState>
      <x>-51.60914616921359</x>
      <y>452.7967357737084</y>
      <steeringAngle>-0.3553333333333332</steeringAngle>
      <velocity>4.000000000000001</velocity>
      <orientation>-0.8971226080552516</orientation>
      <time>50</time>
    </ksState>
    <ksState>
      <x>-51.413314030384875</x>
      <y>452.39366224876466</y>
      <steeringAngle>-0.31979999999999975</steeringAngle>
      <velocity>4.800000000000001</velocity>
      <orientation>-0.9569124430870002</orientation>
      <time>51</time>
    </ksState>
    <ksState>
      <x>-51.202092741613114</x>
      <y>451.9102164353985</y>
      <steeringAngle>-0.28426666666666645</steeringAngle>
      <velocity>5.600000000000004</velocity>
      <orientation>-1.0196415432183237</orientation>
      <time>52</time>
    </ksState>
    <ksState>
      <x>-50.98300617014822</x>
      <y>451.34444301067305</y>
      <steeringAngle>-0.2487333333333331</steeringAngle>
      <velocity>6.400000000000004</velocity>
      <orientation>-1.0830636799109996</orientation>
      <time>53</time>
    </ksState>
    <ksState>
      <x>-50.762685861421154</x>
      <y>450.6951608096369</y>
      <steeringAngle>-0.21319999999999992</steeringAngle>
      <velocity>7.200000000000004</velocity>
      <orientation>-1.1449807685887985</orientation>
      <time>54</time>
    </ksState>
    <ksState>
      <x>-50.54614881812157</x>
      <y>449.9619974802016</y>
      <steeringAngle>-0.17766666666666656</steeringAngle>
      <velocity>8.000000000000004</velocity>
      <orientation>-1.203230098189764</orientation>
      <time>55</time>
    </ksState>
    <ksState>
      <x>-50.34521865623661</x>
      <y>449.18439404682107</y>
      <steeringAngle>-0.14213333333333336</steeringAngle>
      <velocity>8.0</velocity>
      <orientation>-1.2532649097385122</orientation>
      <time>56</time>
    </ksState>
    <ksState>
      <x>-50.16369402003504</x>
      <y>448.40330818983796</y>
      <steeringAngle>-0.1066000000000001</steeringAngle>
      <velocity>8.0</velocity>
      <orientation>-1.2920487617455096</orientation>
      <time>57</time>
    </ksState>
    <ksState>
      <x>-49.992881627980175</x>
      <y>447.6207572579445</y>
      <steeringAngle>-0.07106666666666674</steeringAngle>
      <velocity>8.0</velocity>
      <orientation>-1.3196812407751966</orientation>
      <time>58</time>
    </ksState>
    <ksState>
      <x>-49.82408852430653</x>
      <y>446.83839968171736</y>
      <steeringAngle>-0.035533333333333354</steeringAngle>
      <velocity>8.0</velocity>
      <orientation>-1.336232761404226</orientation>
      <time>59</time>
    </ksState>
    <ksState>
      <x>-49.648647793235696</x>
      <y>446.05782818904265</y>
      <steeringAngle>-2.0816681711721685e-17</steeringAngle>
      <velocity>8.0</velocity>
      <orientation>-1.3417452878626308</orientation>
      <time>60</time>
    </ksState>
    <ksState>
      <x>-49.476079917624716</x>
      <y>445.27663134862524</y>
      <steeringAngle>-0.03553333333333333</steeringAngle>
      <velocity>8.0</velocity>
      <orientation>-1.3472578228654697</orientation>
      <time>61</time>
    </ksState>
    <ksState>
      <x>-49.32748308937789</x>
      <y>444.4902319229677</y>
      <steeringAngle>-0.07106666666666667</steeringAngle>
      <velocity>8.0</velocity>
      <orientation>-1.3638093437457393</orientation>
      <time>62</time>
    </ksState>
    <ksState>
      <x>-49.21176460020632</x>
      <y>443.69773233691944</y>
      <steeringAngle>-0.10659999999999997</steeringAngle>
      <velocity>8.0</velocity>
      <orientation>-1.391441823036434</orientation>
      <time>63</time>
    </ksState>
    <ksState>
      <x>-49.13808141729253</x>
      <y>442.899326185572</y>
      <steeringAngle>-0.1421333333333333</steeringAngle>
      <velocity>8.0</velocity>
      <orientation>-1.430225675309169</orientation>
      <time>64</time>
    </ksState>
    <ksState>
      <x>-49.11580843673663</x>
      <y>442.09662495150513</y>
      <steeringAngle>-0.17766666666666667</steeringAngle>
      <velocity>8.0</velocity>
      <orientation>-1.4802604875583238</orientation>
      <time>65</time>
    </ksState>
    <ksState>
      <x>-49.13521427398786</x>
      <y>441.2937155898454</y>
      <steeringAngle>-0.14213333333333336</steeringAngle>
      <velocity>8.0</velocity>
      <orientation>-1.5302952991070722</orientation>
      <time>66</time>
    </ksState>
    <ksState>
      <x>-49.17423818498691</x>
      <y>440.4927640033574</y>
      <steeringAngle>-0.1066000000000001</steeringAngle>
      <velocity>8.0</velocity>
      <orientation>-1.5690791511140696</orientation>
      <time>67</time>
    </ksState>
    <ksState>
      <x>-49.223966600958086</x>
      <y>439.6933330063779</y>
      <steeringAngle>-0.07106666666666674</steeringAngle>
      <velocity>8.0</velocity>
      <orientation>-1.5967116301437565</orientation>
      <time>68</time>
    </ksState>
    <ksState>
      <x>-49.2755844307506</x>
      <y>438.8946402691032</y>
      <steeringAngle>-0.035533333333333354</steeringAngle>
      <velocity>8.0</velocity>
      <orientation>-1.613263150772786</orientation>
      <time>69</time>
    </ksState>
    <ksState>
      <x>-49.32031960006167</x>
      <y>438.09584738610926</y>
      <steeringAngle>-2.0816681711721685e-17</steeringAngle>
      <velocity>8.0</velocity>
      <orientation>-1.6187756772311908</orientation>
      <time>70</time>
    </ksState>
    <ksState>
      <x>-49.34816695427411</x>
      <y>437.3363297474993</y>
      <steeringAngle>0.03553333333333333</steeringAngle>
      <velocity>7.199999999999999</velocity>
      <orientation>-1.6136306642486984</orientation>
      <time>71</time>
    </ksState>
    <ksState>
      <x>-49.35319665121285</x>
      <y>436.6560787813396</y>
      <steeringAngle>0.07106666666666664</steeringAngle>
      <velocity>6.400000000000001</velocity>
      <orientation>-1.5996539921277353</orientation>
      <time>72</time>
    </ksState>
    <ksState>
      <x>-49.33538947518891</x>
      <y>436.0556562098384</y>
      <steeringAngle>0.10659999999999997</steeringAngle>
      <velocity>5.600000000000004</velocity>
      <orientation>-1.579022224261854</orientation>
      <time>73</time>
    </ksState>
    <ksState>
      <x>-49.29771975477201</x>
      <y>435.53582828465164</y>
      <steeringAngle>0.1421333333333333</steeringAngle>
      <velocity>4.800000000000003</velocity>
      <orientation>-1.5539060167532057</orientation>
      <time>74</time>
    </ksState>
    <ksState>
      <x>-49.24548626059674</x>
      <y>435.09723500181747</y>
      <steeringAngle>0.17766666666666653</steeringAngle>
      <velocity>4.000000000000006</velocity>
      <orientation>-1.526481120168056</orientation>
      <time>75</time>
    </ksState>
    <ksState>
      <x>-49.18079095522553</x>
      <y>434.6602653717249</y>
      <steeringAngle>0.14213333333333333</steeringAngle>
      <velocity>4.8000000000000025</velocity>
      <orientation>-1.4990562204497035</orientation>
      <time>76</time>
    </ksState>
    <ksState>
      <x>-49.10108969017276</x>
      <y>434.1451607175898</y>
      <steeringAngle>0.10660000000000003</steeringAngle>
      <velocity>5.600000000000005</velocity>
      <orientation>-1.4739400081707856</orientation>
      <time>77</time>
    </ksState>
    <ksState>
      <x>-49.00731244196133</x>
      <y>433.55179821105855</y>
      <steeringAngle>0.07106666666666671</steeringAngle>
      <velocity>6.400000000000004</velocity>
      <orientation>-1.453308238571326</orientation>
      <time>78</time>
    </ksState>
    <ksState>
      <x>-48.9026288143156</x>
      <y>432.8796000722394</y>
      <steeringAngle>0.035533333333333375</steeringAngle>
      <velocity>7.200000000000006</velocity>
      <orientation>-1.4393315704785339</orientation>
      <time>79</time>
    </ksState>
    <ksState>
      <x>-48.793154042383286</x>
      <y>432.1274849143453</y>
      <steeringAngle>2.6346112791397758e-17</steeringAngle>
      <velocity>8.000000000000007</velocity>
      <orientation>-1.4341865576989654</orientation>
      <time>80</time>
    </ksState>
    <ksState>
      <x>-48.684205835765034</x>
      <y>431.3349382038767</y>
      <steeringAngle>0.0</steeringAngle>
      <velocity>8.0</velocity>
      <orientation>-1.4341865576989654</orientation>
      <time>81</time>
    </ksState>
    <ksState>
      <x>-48.57525762914678</x>
      <y>430.542391493408</y>
      <steeringAngle>0.0</steeringAngle>
      <velocity>8.0</velocity>
      <orientation>-1.4341865576989654</orientation>
      <time>82</time>
    </ksState>
    <ksState>
      <x>-48.46630942252853</x>
      <y>429.74984478293936</y>
      <steeringAngle>0.0</steeringAngle>
      <velocity>8.0</velocity>
      <orientation>-1.4341865576989654</orientation>
      <time>83</time>
    </ksState>
    <ksState>
      <x>-48.35736121591028</x>
      <y>428.95729807247073</y>
      <steeringAngle>0.0</steeringAngle>
      <velocity>8.0</velocity>
      <orientation>-1.4341865576989654</orientation>
      <time>84</time>
    </ksState>
    <ksState>
      <x>-48.24841300929204</x>
      <y>428.1647513620021</y>
      <steeringAngle>0.0</steeringAngle>
      <velocity>8.0</velocity>
      <orientation>-1.4341865576989654</orientation>
      <time>85</time>
    </ksState>
    <ksState>
      <x>-48.139464802673785</x>
      <y>427.3722046515335</y>
      <steeringAngle>0.0</steeringAngle>
      <velocity>8.0</velocity>
      <orientation>-1.4341865576989654</orientation>
      <time>86</time>
    </ksState>
    <ksState>
      <x>-48.030516596055534</x>
      <y>426.5796579410648</y>
      <steeringAngle>0.0</steeringAngle>
      <velocity>8.0</velocity>
      <orientation>-1.4341865576989654</orientation>
      <time>87</time>
    </ksState>
    <ksState>
      <x>-47.92156838943728</x>
      <y>425.78711123059617</y>
      <steeringAngle>0.0</steeringAngle>
      <velocity>8.0</velocity>
      <orientation>-1.4341865576989654</orientation>
      <time>88</time>
    </ksState>
    <ksState>
      <x>-47.81262018281903</x>
      <y>424.99456452012754</y>
      <steeringAngle>0.0</steeringAngle>
      <velocity>8.0</velocity>
      <orientation>-1.4341865576989654</orientation>
      <time>89</time>
    </ksState>
    <ksState>
      <x>-47.70367197620079</x>
      <y>424.2020178096589</y>
      <steeringAngle>0.0</steeringAngle>
      <velocity>8.0</velocity>
      <orientation>-1.4341865576989654</orientation>
      <time>90</time>
    </ksState>
    <ksState>
      <x>-47.59472376958254</x>
      <y>423.4094710991903</y>
      <steeringAngle>0.0</steeringAngle>
      <velocity>8.0</velocity>
      <orientation>-1.4341865576989654</orientation>
      <time>91</time>
    </ksState>
    <ksState>
      <x>-47.485775562964285</x>
      <y>422.6169243887216</y>
      <steeringAngle>0.0</steeringAngle>
      <velocity>8.0</velocity>
      <orientation>-1.4341865576989654</orientation>
      <time>92</time>
    </ksState>
    <ksState>
      <x>-47.376827356346034</x>
      <y>421.824377678253</y>
      <steeringAngle>0.0</steeringAngle>
      <velocity>8.0</velocity>
      <orientation>-1.4341865576989654</orientation>
      <time>93</time>
    </ksState>
    <ksState>
      <x>-47.26787914972778</x>
      <y>421.03183096778434</y>
      <steeringAngle>0.0</steeringAngle>
      <velocity>8.0</velocity>
      <orientation>-1.4341865576989654</orientation>
      <time>94</time>
    </ksState>
    <ksState>
      <x>-47.15893094310954</x>
      <y>420.2392842573157</y>
      <steeringAngle>0.0</steeringAngle>
      <velocity>8.0</velocity>
      <orientation>-1.4341865576989654</orientation>
      <time>95</time>
    </ksState>
    <ksState>
      <x>-47.05543014692119</x>
      <y>419.48636488309063</y>
      <steeringAngle>0.0</steeringAngle>
      <velocity>7.200000000000001</velocity>
      <orientation>-1.4341865576989654</orientation>
      <time>96</time>
    </ksState>
    <ksState>
      <x>-46.962824171434754</x>
      <y>418.81270018020393</y>
      <steeringAngle>0.0</steeringAngle>
      <velocity>6.400000000000001</velocity>
      <orientation>-1.4341865576989654</orientation>
      <time>97</time>
    </ksState>
    <ksState>
      <x>-46.88111301662296</x>
      <y>418.2182901484574</y>
      <steeringAngle>0.0</steeringAngle>
      <velocity>5.600000000000001</velocity>
      <orientation>-1.4341865576989654</orientation>
      <time>98</time>
    </ksState>
    <ksState>
      <x>-46.81029668247811</x>
      <y>417.7031347877951</y>
      <steeringAngle>0.0</steeringAngle>
      <velocity>4.800000000000001</velocity>
      <orientation>-1.4341865576989654</orientation>
      <time>99</time>
    </ksState>
  </ksTrajectory>
</CommonRoadSolution>
