<?xml version="1.0" ?>
<CommonRoadSolution benchmark_id="KS2:SM1:DEU_Flensburg-61_1_T-1:2020a" computation_time="1.827490563000083" date="2023-01-12T15:00:04">
  <ksTrajectory planningProblem="123">
    <ksState>
      <x>94.729904</x>
      <y>297.35268</y>
      <steeringAngle>0.0</steeringAngle>
      <velocity>12.0</velocity>
      <orientation>-2.0070673</orientation>
      <time>0</time>
    </ksState>
    <ksState>
      <x>94.22282879814418</x>
      <y>296.2650795496218</y>
      <steeringAngle>0.0</steeringAngle>
      <velocity>12.0</velocity>
      <orientation>-2.0070673</orientation>
      <time>1</time>
    </ksState>
    <ksState>
      <x>93.71575359628837</x>
      <y>295.1774790992436</y>
      <steeringAngle>0.0</steeringAngle>
      <velocity>12.0</velocity>
      <orientation>-2.0070673</orientation>
      <time>2</time>
    </ksState>
    <ksState>
      <x>93.20867839443254</x>
      <y>294.0898786488654</y>
      <steeringAngle>0.0</steeringAngle>
      <velocity>12.0</velocity>
      <orientation>-2.0070673</orientation>
      <time>3</time>
    </ksState>
    <ksState>
      <x>92.70160319257673</x>
      <y>293.0022781984872</y>
      <steeringAngle>0.0</steeringAngle>
      <velocity>12.0</velocity>
      <orientation>-2.0070673</orientation>
      <time>4</time>
    </ksState>
    <ksState>
      <x>92.1945279907209</x>
      <y>291.914677748109</y>
      <steeringAngle>0.0</steeringAngle>
      <velocity>12.0</velocity>
      <orientation>-2.0070673</orientation>
      <time>5</time>
    </ksState>
    <ksState>
      <x>91.68745278886507</x>
      <y>290.8270772977308</y>
      <steeringAngle>0.0</steeringAngle>
      <velocity>12.0</velocity>
      <orientation>-2.0070673</orientation>
      <time>6</time>
    </ksState>
    <ksState>
      <x>91.18037758700926</x>
      <y>289.7394768473526</y>
      <steeringAngle>0.0</steeringAngle>
      <velocity>12.0</velocity>
      <orientation>-2.0070673</orientation>
      <time>7</time>
    </ksState>
    <ksState>
      <x>90.67330238515343</x>
      <y>288.6518763969744</y>
      <steeringAngle>0.0</steeringAngle>
      <velocity>12.0</velocity>
      <orientation>-2.0070673</orientation>
      <time>8</time>
    </ksState>
    <ksState>
      <x>90.16622718329762</x>
      <y>287.5642759465962</y>
      <steeringAngle>0.0</steeringAngle>
      <velocity>12.0</velocity>
      <orientation>-2.0070673</orientation>
      <time>9</time>
    </ksState>
    <ksState>
      <x>89.6591519814418</x>
      <y>286.476675496218</y>
      <steeringAngle>0.0</steeringAngle>
      <velocity>12.0</velocity>
      <orientation>-2.0070673</orientation>
      <time>10</time>
    </ksState>
    <ksState>
      <x>89.15207677958597</x>
      <y>285.3890750458398</y>
      <steeringAngle>0.0</steeringAngle>
      <velocity>12.0</velocity>
      <orientation>-2.0070673</orientation>
      <time>11</time>
    </ksState>
    <ksState>
      <x>88.64500157773016</x>
      <y>284.30147459546157</y>
      <steeringAngle>0.0</steeringAngle>
      <velocity>12.0</velocity>
      <orientation>-2.0070673</orientation>
      <time>12</time>
    </ksState>
    <ksState>
      <x>88.13792637587433</x>
      <y>283.21387414508337</y>
      <steeringAngle>0.0</steeringAngle>
      <velocity>12.0</velocity>
      <orientation>-2.0070673</orientation>
      <time>13</time>
    </ksState>
    <ksState>
      <x>87.63085117401852</x>
      <y>282.12627369470516</y>
      <steeringAngle>0.0</steeringAngle>
      <velocity>12.0</velocity>
      <orientation>-2.0070673</orientation>
      <time>14</time>
    </ksState>
    <ksState>
      <x>87.12377597216269</x>
      <y>281.03867324432696</y>
      <steeringAngle>0.0</steeringAngle>
      <velocity>12.0</velocity>
      <orientation>-2.0070673</orientation>
      <time>15</time>
    </ksState>
    <ksState>
      <x>86.61670077030686</x>
      <y>279.95107279394875</y>
      <steeringAngle>0.0</steeringAngle>
      <velocity>12.0</velocity>
      <orientation>-2.0070673</orientation>
      <time>16</time>
    </ksState>
    <ksState>
      <x>86.10962556845105</x>
      <y>278.86347234357055</y>
      <steeringAngle>0.0</steeringAngle>
      <velocity>12.0</velocity>
      <orientation>-2.0070673</orientation>
      <time>17</time>
    </ksState>
    <ksState>
      <x>85.60255036659522</x>
      <y>277.77587189319235</y>
      <steeringAngle>0.0</steeringAngle>
      <velocity>12.0</velocity>
      <orientation>-2.0070673</orientation>
      <time>18</time>
    </ksState>
    <ksState>
      <x>85.09547516473941</x>
      <y>276.68827144281414</y>
      <steeringAngle>0.0</steeringAngle>
      <velocity>12.0</velocity>
      <orientation>-2.0070673</orientation>
      <time>19</time>
    </ksState>
    <ksState>
      <x>84.58839996288359</x>
      <y>275.60067099243594</y>
      <steeringAngle>0.0</steeringAngle>
      <velocity>12.0</velocity>
      <orientation>-2.0070673</orientation>
      <time>20</time>
    </ksState>
    <ksState>
      <x>84.08132476102776</x>
      <y>274.51307054205773</y>
      <steeringAngle>0.0</steeringAngle>
      <velocity>12.0</velocity>
      <orientation>-2.0070673</orientation>
      <time>21</time>
    </ksState>
    <ksState>
      <x>83.57424955917195</x>
      <y>273.42547009167953</y>
      <steeringAngle>0.0</steeringAngle>
      <velocity>12.0</velocity>
      <orientation>-2.0070673</orientation>
      <time>22</time>
    </ksState>
    <ksState>
      <x>83.06717435731612</x>
      <y>272.3378696413013</y>
      <steeringAngle>0.0</steeringAngle>
      <velocity>12.0</velocity>
      <orientation>-2.0070673</orientation>
      <time>23</time>
    </ksState>
    <ksState>
      <x>82.5600991554603</x>
      <y>271.2502691909231</y>
      <steeringAngle>0.0</steeringAngle>
      <velocity>12.0</velocity>
      <orientation>-2.0070673</orientation>
      <time>24</time>
    </ksState>
    <ksState>
      <x>82.05302395360448</x>
      <y>270.1626687405449</y>
      <steeringAngle>0.0</steeringAngle>
      <velocity>12.0</velocity>
      <orientation>-2.0070673</orientation>
      <time>25</time>
    </ksState>
    <ksState>
      <x>81.54594875174865</x>
      <y>269.0750682901667</y>
      <steeringAngle>0.0</steeringAngle>
      <velocity>12.0</velocity>
      <orientation>-2.0070673</orientation>
      <time>26</time>
    </ksState>
    <ksState>
      <x>81.03887354989284</x>
      <y>267.9874678397885</y>
      <steeringAngle>0.0</steeringAngle>
      <velocity>12.0</velocity>
      <orientation>-2.0070673</orientation>
      <time>27</time>
    </ksState>
    <ksState>
      <x>80.53179834803701</x>
      <y>266.8998673894103</y>
      <steeringAngle>0.0</steeringAngle>
      <velocity>12.0</velocity>
      <orientation>-2.0070673</orientation>
      <time>28</time>
    </ksState>
    <ksState>
      <x>80.0247231461812</x>
      <y>265.8122669390321</y>
      <steeringAngle>0.0</steeringAngle>
      <velocity>12.0</velocity>
      <orientation>-2.0070673</orientation>
      <time>29</time>
    </ksState>
    <ksState>
      <x>79.51764794432538</x>
      <y>264.7246664886539</y>
      <steeringAngle>0.0</steeringAngle>
      <velocity>12.0</velocity>
      <orientation>-2.0070673</orientation>
      <time>30</time>
    </ksState>
    <ksState>
      <x>79.01057274246955</x>
      <y>263.6370660382757</y>
      <steeringAngle>0.0</steeringAngle>
      <velocity>12.0</velocity>
      <orientation>-2.0070673</orientation>
      <time>31</time>
    </ksState>
    <ksState>
      <x>78.50349754061374</x>
      <y>262.5494655878975</y>
      <steeringAngle>0.0</steeringAngle>
      <velocity>12.0</velocity>
      <orientation>-2.0070673</orientation>
      <time>32</time>
    </ksState>
    <ksState>
      <x>77.99642233875791</x>
      <y>261.4618651375193</y>
      <steeringAngle>0.0</steeringAngle>
      <velocity>12.0</velocity>
      <orientation>-2.0070673</orientation>
      <time>33</time>
    </ksState>
    <ksState>
      <x>77.4893471369021</x>
      <y>260.3742646871411</y>
      <steeringAngle>0.0</steeringAngle>
      <velocity>12.0</velocity>
      <orientation>-2.0070673</orientation>
      <time>34</time>
    </ksState>
    <ksState>
      <x>76.98227193504627</x>
      <y>259.2866642367629</y>
      <steeringAngle>0.0</steeringAngle>
      <velocity>12.0</velocity>
      <orientation>-2.0070673</orientation>
      <time>35</time>
    </ksState>
    <ksState>
      <x>76.47519673319044</x>
      <y>258.19906378638467</y>
      <steeringAngle>0.0</steeringAngle>
      <velocity>12.0</velocity>
      <orientation>-2.0070673</orientation>
      <time>36</time>
    </ksState>
    <ksState>
      <x>75.96812153133463</x>
      <y>257.11146333600647</y>
      <steeringAngle>0.0</steeringAngle>
      <velocity>12.0</velocity>
      <orientation>-2.0070673</orientation>
      <time>37</time>
    </ksState>
    <ksState>
      <x>75.4610463294788</x>
      <y>256.02386288562826</y>
      <steeringAngle>0.0</steeringAngle>
      <velocity>12.0</velocity>
      <orientation>-2.0070673</orientation>
      <time>38</time>
    </ksState>
    <ksState>
      <x>74.95397112762299</x>
      <y>254.9362624352501</y>
      <steeringAngle>0.0</steeringAngle>
      <velocity>12.0</velocity>
      <orientation>-2.0070673</orientation>
      <time>39</time>
    </ksState>
    <ksState>
      <x>74.44689592576717</x>
      <y>253.84866198487188</y>
      <steeringAngle>0.0</steeringAngle>
      <velocity>12.0</velocity>
      <orientation>-2.0070673</orientation>
      <time>40</time>
    </ksState>
    <ksState>
      <x>73.94380381316645</x>
      <y>252.80339527443113</y>
      <steeringAngle>-0.03553333333333333</steeringAngle>
      <velocity>11.200000000000001</velocity>
      <orientation>-2.014968573772344</orientation>
      <time>41</time>
    </ksState>
    <ksState>
      <x>73.4416779506332</x>
      <y>251.84676659062075</y>
      <steeringAngle>-0.07106666666666667</steeringAngle>
      <velocity>10.400000000000007</velocity>
      <orientation>-2.037221004570834</orientation>
      <time>42</time>
    </ksState>
    <ksState>
      <x>72.93432667888915</x>
      <y>250.98375791308135</y>
      <steeringAngle>-0.10660000000000001</steeringAngle>
      <velocity>9.60000000000001</velocity>
      <orientation>-2.0716690154555057</orientation>
      <time>43</time>
    </ksState>
    <ksState>
      <x>72.42074643536138</x>
      <y>250.2180035941391</y>
      <steeringAngle>-0.14213333333333344</steeringAngle>
      <velocity>8.800000000000008</velocity>
      <orientation>-2.1161771475763507</orientation>
      <time>44</time>
    </ksState>
    <ksState>
      <x>71.9043313070285</x>
      <y>249.55152388035168</y>
      <steeringAngle>-0.17766666666666675</steeringAngle>
      <velocity>8.000000000000009</velocity>
      <orientation>-2.1686194453913323</orientation>
      <time>45</time>
    </ksState>
    <ksState>
      <x>71.37927960658921</x>
      <y>248.94377332179496</y>
      <steeringAngle>-0.14213333333333336</steeringAngle>
      <velocity>8.0</velocity>
      <orientation>-2.2186542569400807</orientation>
      <time>46</time>
    </ksState>
    <ksState>
      <x>70.84032078976102</x>
      <y>248.3499975195847</y>
      <steeringAngle>-0.1066000000000001</steeringAngle>
      <velocity>8.0</velocity>
      <orientation>-2.257438108947078</orientation>
      <time>47</time>
    </ksState>
    <ksState>
      <x>70.29406098142232</x>
      <y>247.76419631091358</y>
      <steeringAngle>-0.07106666666666674</steeringAngle>
      <velocity>8.0</velocity>
      <orientation>-2.285070587976765</orientation>
      <time>48</time>
    </ksState>
    <ksState>
      <x>69.74681099325777</x>
      <y>247.18016554170563</y>
      <steeringAngle>-0.035533333333333354</steeringAngle>
      <velocity>8.0</velocity>
      <orientation>-2.301622108605794</orientation>
      <time>49</time>
    </ksState>
    <ksState>
      <x>69.20481279229169</x>
      <y>246.5916850786105</y>
      <steeringAngle>-2.0816681711721685e-17</steeringAngle>
      <velocity>8.0</velocity>
      <orientation>-2.307134635064199</orientation>
      <time>50</time>
    </ksState>
    <ksState>
      <x>68.67446552845986</x>
      <y>245.99270264571527</y>
      <steeringAngle>0.03553333333333333</steeringAngle>
      <velocity>8.0</velocity>
      <orientation>-2.30162210006136</orientation>
      <time>51</time>
    </ksState>
    <ksState>
      <x>68.16254307506122</x>
      <y>245.3775274871256</y>
      <steeringAngle>0.07106666666666667</steeringAngle>
      <velocity>8.0</velocity>
      <orientation>-2.285070579181091</orientation>
      <time>52</time>
    </ksState>
    <ksState>
      <x>67.676394940136</x>
      <y>244.7410478303167</y>
      <steeringAngle>0.10659999999999997</steeringAngle>
      <velocity>8.0</velocity>
      <orientation>-2.2574380998903956</orientation>
      <time>53</time>
    </ksState>
    <ksState>
      <x>67.22411896362183</x>
      <y>244.0789843627988</y>
      <steeringAngle>0.1421333333333333</steeringAngle>
      <velocity>8.0</velocity>
      <orientation>-2.218654247617661</orientation>
      <time>54</time>
    </ksState>
    <ksState>
      <x>66.81469229061335</x>
      <y>243.38819122714634</y>
      <steeringAngle>0.17766666666666667</steeringAngle>
      <velocity>8.0</velocity>
      <orientation>-2.168619435368506</orientation>
      <time>55</time>
    </ksState>
    <ksState>
      <x>66.4415945279708</x>
      <y>242.67696827400763</y>
      <steeringAngle>0.14213333333333336</steeringAngle>
      <velocity>8.0</velocity>
      <orientation>-2.118584623819758</orientation>
      <time>56</time>
    </ksState>
    <ksState>
      <x>66.08659535120674</x>
      <y>241.9579259289235</y>
      <steeringAngle>0.1066000000000001</steeringAngle>
      <velocity>8.0</velocity>
      <orientation>-2.0798007718127605</orientation>
      <time>57</time>
    </ksState>
    <ksState>
      <x>65.74169132832306</x>
      <y>241.23501234537048</y>
      <steeringAngle>0.07106666666666674</steeringAngle>
      <velocity>8.0</velocity>
      <orientation>-2.0521682927830733</orientation>
      <time>58</time>
    </ksState>
    <ksState>
      <x>65.39879742946356</x>
      <y>240.51182615699804</y>
      <steeringAngle>0.035533333333333354</steeringAngle>
      <velocity>8.0</velocity>
      <orientation>-2.0356167721540444</orientation>
      <time>59</time>
    </ksState>
    <ksState>
      <x>65.04983898233719</x>
      <y>239.791896085759</y>
      <steeringAngle>2.0816681711721685e-17</steeringAngle>
      <velocity>8.0</velocity>
      <orientation>-2.0301042456956395</orientation>
      <time>60</time>
    </ksState>
    <ksState>
      <x>64.68683990431227</x>
      <y>239.07895860987205</y>
      <steeringAngle>-0.03553333333333333</steeringAngle>
      <velocity>8.0</velocity>
      <orientation>-2.0356167806984784</orientation>
      <time>61</time>
    </ksState>
    <ksState>
      <x>64.30202318680101</x>
      <y>238.37723133523937</y>
      <steeringAngle>-0.07106666666666667</steeringAngle>
      <velocity>8.0</velocity>
      <orientation>-2.0521683015787477</orientation>
      <time>62</time>
    </ksState>
    <ksState>
      <x>63.8879396182287</x>
      <y>237.691679615191</y>
      <steeringAngle>-0.10659999999999997</steeringAngle>
      <velocity>8.0</velocity>
      <orientation>-2.079800780869443</orientation>
      <time>63</time>
    </ksState>
    <ksState>
      <x>63.43764035372061</x>
      <y>237.02827011394976</y>
      <steeringAngle>-0.1421333333333333</steeringAngle>
      <velocity>8.0</velocity>
      <orientation>-2.1185846331421776</orientation>
      <time>64</time>
    </ksState>
    <ksState>
      <x>62.94490898652048</x>
      <y>236.39420295929466</y>
      <steeringAngle>-0.17766666666666667</steeringAngle>
      <velocity>8.0</velocity>
      <orientation>-2.1686194453913323</orientation>
      <time>65</time>
    </ksState>
    <ksState>
      <x>62.41985728608117</x>
      <y>235.78645240073794</y>
      <steeringAngle>-0.14213333333333336</steeringAngle>
      <velocity>8.0</velocity>
      <orientation>-2.2186542569400807</orientation>
      <time>66</time>
    </ksState>
    <ksState>
      <x>61.880898469253</x>
      <y>235.19267659852767</y>
      <steeringAngle>-0.1066000000000001</steeringAngle>
      <velocity>8.0</velocity>
      <orientation>-2.257438108947078</orientation>
      <time>67</time>
    </ksState>
    <ksState>
      <x>61.33463866091429</x>
      <y>234.60687538985655</y>
      <steeringAngle>-0.07106666666666674</steeringAngle>
      <velocity>8.0</velocity>
      <orientation>-2.285070587976765</orientation>
      <time>68</time>
    </ksState>
    <ksState>
      <x>60.787388672749735</x>
      <y>234.0228446206486</y>
      <steeringAngle>-0.035533333333333354</steeringAngle>
      <velocity>8.0</velocity>
      <orientation>-2.301622108605794</orientation>
      <time>69</time>
    </ksState>
    <ksState>
      <x>60.24539047178367</x>
      <y>233.4343641575535</y>
      <steeringAngle>-2.0816681711721685e-17</steeringAngle>
      <velocity>8.0</velocity>
      <orientation>-2.307134635064199</orientation>
      <time>70</time>
    </ksState>
    <ksState>
      <x>59.71504320795184</x>
      <y>232.83538172465825</y>
      <steeringAngle>0.03553333333333333</steeringAngle>
      <velocity>8.0</velocity>
      <orientation>-2.30162210006136</orientation>
      <time>71</time>
    </ksState>
    <ksState>
      <x>59.20312075455321</x>
      <y>232.22020656606858</y>
      <steeringAngle>0.07106666666666667</steeringAngle>
      <velocity>8.0</velocity>
      <orientation>-2.285070579181091</orientation>
      <time>72</time>
    </ksState>
    <ksState>
      <x>58.716972619627974</x>
      <y>231.58372690925967</y>
      <steeringAngle>0.10659999999999997</steeringAngle>
      <velocity>8.0</velocity>
      <orientation>-2.2574380998903956</orientation>
      <time>73</time>
    </ksState>
    <ksState>
      <x>58.264696643113815</x>
      <y>230.92166344174177</y>
      <steeringAngle>0.1421333333333333</steeringAngle>
      <velocity>8.0</velocity>
      <orientation>-2.218654247617661</orientation>
      <time>74</time>
    </ksState>
    <ksState>
      <x>57.85526997010534</x>
      <y>230.23087030608932</y>
      <steeringAngle>0.17766666666666667</steeringAngle>
      <velocity>8.0</velocity>
      <orientation>-2.168619435368506</orientation>
      <time>75</time>
    </ksState>
    <ksState>
      <x>57.500092789289845</x>
      <y>229.5555758798231</y>
      <steeringAngle>0.1421333333333334</steeringAngle>
      <velocity>7.2</velocity>
      <orientation>-2.120992113622869</orientation>
      <time>76</time>
    </ksState>
    <ksState>
      <x>57.195153770958335</x>
      <y>228.9459590392993</y>
      <steeringAngle>0.10660000000000011</steeringAngle>
      <velocity>6.4</velocity>
      <orientation>-2.0879325431749014</orientation>
      <time>77</time>
    </ksState>
    <ksState>
      <x>56.93022629105375</x>
      <y>228.4067910348365</y>
      <steeringAngle>0.07106666666666674</steeringAngle>
      <velocity>5.600000000000001</velocity>
      <orientation>-2.0671155948810127</orientation>
      <time>78</time>
    </ksState>
    <ksState>
      <x>56.69898063048202</x>
      <y>227.94077529163542</y>
      <steeringAngle>0.03553333333333339</steeringAngle>
      <velocity>4.800000000000001</velocity>
      <orientation>-2.05626498522335</orientation>
      <time>79</time>
    </ksState>
    <ksState>
      <x>56.498405246979246</x>
      <y>227.5491235712223</y>
      <steeringAngle>5.5294310796760726e-17</steeringAngle>
      <velocity>4.0</velocity>
      <orientation>-2.0531412093861845</orientation>
      <time>80</time>
    </ksState>
    <ksState>
      <x>56.3281582773344</x>
      <y>227.23190685658128</y>
      <steeringAngle>-0.03553333333333333</steeringAngle>
      <velocity>3.2</velocity>
      <orientation>-2.055529957765977</orientation>
      <time>81</time>
    </ksState>
    <ksState>
      <x>56.1898942757333</x>
      <y>226.98829409179874</y>
      <steeringAngle>-0.07106666666666668</steeringAngle>
      <velocity>2.4</velocity>
      <orientation>-2.0612308727717736</orientation>
      <time>82</time>
    </ksState>
    <ksState>
      <x>56.08659437186677</x>
      <y>226.81676535387268</y>
      <steeringAngle>-0.10660000000000003</steeringAngle>
      <velocity>1.5999999999999994</velocity>
      <orientation>-2.068046406516505</orientation>
      <time>83</time>
    </ksState>
    <ksState>
      <x>56.02191935529276</x>
      <y>226.71535943182025</y>
      <steeringAngle>-0.14213333333333342</steeringAngle>
      <velocity>0.7999999999999988</velocity>
      <orientation>-2.073770668002985</orientation>
      <time>84</time>
    </ksState>
    <ksState>
      <x>55.99959815525174</x>
      <y>226.68199051173082</y>
      <steeringAngle>-0.17766666666666675</steeringAngle>
      <velocity>-1.5265566588595902e-15</velocity>
      <orientation>-2.076178162477541</orientation>
      <time>85</time>
    </ksState>
    <ksState>
      <x>55.99959815525174</x>
      <y>226.68199051173082</y>
      <steeringAngle>-0.14213333333333336</steeringAngle>
      <velocity>0.0</velocity>
      <orientation>-2.076178162477541</orientation>
      <time>86</time>
    </ksState>
    <ksState>
      <x>55.99959815525174</x>
      <y>226.68199051173082</y>
      <steeringAngle>-0.10660000000000001</steeringAngle>
      <velocity>0.0</velocity>
      <orientation>-2.076178162477541</orientation>
      <time>87</time>
    </ksState>
    <ksState>
      <x>55.99959815525174</x>
      <y>226.68199051173082</y>
      <steeringAngle>-0.07106666666666668</steeringAngle>
      <velocity>0.0</velocity>
      <orientation>-2.076178162477541</orientation>
      <time>88</time>
    </ksState>
    <ksState>
      <x>55.99959815525174</x>
      <y>226.68199051173082</y>
      <steeringAngle>-0.03553333333333333</steeringAngle>
      <velocity>0.0</velocity>
      <orientation>-2.076178162477541</orientation>
      <time>89</time>
    </ksState>
    <ksState>
      <x>55.99959815525174</x>
      <y>226.68199051173082</y>
      <steeringAngle>-0.0</steeringAngle>
      <velocity>0.0</velocity>
      <orientation>-2.076178162477541</orientation>
      <time>90</time>
    </ksState>
    <ksState>
      <x>55.97976985951548</x>
      <y>226.64724701428452</y>
      <steeringAngle>-0.03553333333333333</steeringAngle>
      <velocity>0.8</velocity>
      <orientation>-2.076545694255783</orientation>
      <time>91</time>
    </ksState>
    <ksState>
      <x>55.918310975207866</x>
      <y>226.54411555216896</y>
      <steeringAngle>-0.0710666666666667</steeringAngle>
      <velocity>1.6</velocity>
      <orientation>-2.0791205408477684</orientation>
      <time>92</time>
    </ksState>
    <ksState>
      <x>55.81171380286184</x>
      <y>226.37460105374686</y>
      <steeringAngle>-0.10660000000000003</steeringAngle>
      <velocity>2.4000000000000004</velocity>
      <orientation>-2.086121245084606</orientation>
      <time>93</time>
    </ksState>
    <ksState>
      <x>55.65528929041329</x>
      <y>226.14156733447786</y>
      <steeringAngle>-0.14213333333333342</steeringAngle>
      <velocity>3.2000000000000015</velocity>
      <orientation>-2.0997888860254257</orientation>
      <time>94</time>
    </ksState>
    <ksState>
      <x>55.442658227982704</x>
      <y>225.84932188811229</y>
      <steeringAngle>-0.17766666666666683</steeringAngle>
      <velocity>4.0000000000000036</velocity>
      <orientation>-2.122398801898646</orientation>
      <time>95</time>
    </ksState>
    <ksState>
      <x>55.220041970067854</x>
      <y>225.5641783118323</y>
      <steeringAngle>-0.17766666666666667</steeringAngle>
      <velocity>3.2000000000000006</velocity>
      <orientation>-2.1474642411668237</orientation>
      <time>96</time>
    </ksState>
    <ksState>
      <x>55.04199622494696</x>
      <y>225.34631020835297</y>
      <steeringAngle>-0.17766666666666667</steeringAngle>
      <velocity>2.4000000000000012</velocity>
      <orientation>-2.1669595827968537</orientation>
      <time>97</time>
    </ksState>
    <ksState>
      <x>54.91223710475948</x>
      <y>225.1928357134509</y>
      <steeringAngle>-0.17766666666666667</steeringAngle>
      <velocity>1.6000000000000005</velocity>
      <orientation>-2.1808848267958343</orientation>
      <time>98</time>
    </ksState>
    <ksState>
      <x>54.83336022852657</x>
      <y>225.10162357126129</y>
      <steeringAngle>-0.17766666666666667</steeringAngle>
      <velocity>0.8000000000000004</velocity>
      <orientation>-2.189239973166589</orientation>
      <time>99</time>
    </ksState>
  </ksTrajectory>
</CommonRoadSolution>
