<?xml version="1.0" ?>
<CommonRoadSolution benchmark_id="KS2:SM1:DEU_Moelln-4_3_T-1:2020a" computation_time="1.9622295400004077" date="2023-01-12T15:00:04">
  <ksTrajectory planningProblem="1">
    <ksState>
      <x>910.94812</x>
      <y>-913.83253</y>
      <steeringAngle>0.0</steeringAngle>
      <velocity>8.0</velocity>
      <orientation>-2.6314744</orientation>
      <time>0</time>
    </ksState>
    <ksState>
      <x>910.2545387874637</x>
      <y>-914.2312696102566</y>
      <steeringAngle>0.03553333333333333</steeringAngle>
      <velocity>8.0</velocity>
      <orientation>-2.625961864997161</orientation>
      <time>1</time>
    </ksState>
    <ksState>
      <x>909.5732613932939</x>
      <y>-914.6512293538426</y>
      <steeringAngle>0.07106666666666667</steeringAngle>
      <velocity>8.0</velocity>
      <orientation>-2.609410344116892</orientation>
      <time>2</time>
    </ksState>
    <ksState>
      <x>908.909625096792</x>
      <y>-915.0995966459011</y>
      <steeringAngle>0.10659999999999997</steeringAngle>
      <velocity>8.0</velocity>
      <orientation>-2.5817778648261966</orientation>
      <time>3</time>
    </ksState>
    <ksState>
      <x>908.2699417830307</x>
      <y>-915.5830083255793</y>
      <steeringAngle>0.1421333333333333</steeringAngle>
      <velocity>8.0</velocity>
      <orientation>-2.542994012553462</orientation>
      <time>4</time>
    </ksState>
    <ksState>
      <x>907.6617180093573</x>
      <y>-916.1073070934336</y>
      <steeringAngle>0.17766666666666667</steeringAngle>
      <velocity>8.0</velocity>
      <orientation>-2.4929592003043073</orientation>
      <time>5</time>
    </ksState>
    <ksState>
      <x>907.121302505972</x>
      <y>-916.647806458881</y>
      <steeringAngle>0.21320000000000014</steeringAngle>
      <velocity>7.200000000000003</velocity>
      <orientation>-2.4347098732328143</orientation>
      <time>6</time>
    </ksState>
    <ksState>
      <x>906.6771075210934</x>
      <y>-917.1699194743289</y>
      <steeringAngle>0.24873333333333347</steeringAngle>
      <velocity>6.400000000000004</velocity>
      <orientation>-2.372792785747035</orientation>
      <time>7</time>
    </ksState>
    <ksState>
      <x>906.3238047011297</x>
      <y>-917.6629869177123</y>
      <steeringAngle>0.2842666666666668</steeringAngle>
      <velocity>5.600000000000001</velocity>
      <orientation>-2.309370642983114</orientation>
      <time>8</time>
    </ksState>
    <ksState>
      <x>906.0535811546786</x>
      <y>-918.1159682652092</y>
      <steeringAngle>0.3198</steeringAngle>
      <velocity>4.800000000000002</velocity>
      <orientation>-2.2466415432411613</orientation>
      <time>9</time>
    </ksState>
    <ksState>
      <x>905.856476192222</x>
      <y>-918.5183155462914</y>
      <steeringAngle>0.3553333333333332</steeringAngle>
      <velocity>4.000000000000001</velocity>
      <orientation>-2.1868517091929465</orientation>
      <time>10</time>
    </ksState>
    <ksState>
      <x>905.7173879681689</x>
      <y>-918.8583974420234</y>
      <steeringAngle>0.35533333333333333</steeringAngle>
      <velocity>3.2000000000000015</velocity>
      <orientation>-2.135050673259777</orientation>
      <time>11</time>
    </ksState>
    <ksState>
      <x>905.6214937331545</x>
      <y>-919.1276165408677</y>
      <steeringAngle>0.35533333333333333</steeringAngle>
      <velocity>2.4000000000000026</velocity>
      <orientation>-2.0947609786926322</orientation>
      <time>12</time>
    </ksState>
    <ksState>
      <x>905.5596761945667</x>
      <y>-919.3221726557547</y>
      <steeringAngle>0.35533333333333333</steeringAngle>
      <velocity>1.600000000000003</velocity>
      <orientation>-2.0659826254768094</orientation>
      <time>13</time>
    </ksState>
    <ksState>
      <x>905.5252820355464</x>
      <y>-919.4397318391544</y>
      <steeringAngle>0.35533333333333333</steeringAngle>
      <velocity>0.8000000000000022</velocity>
      <orientation>-2.048715613606493</orientation>
      <time>14</time>
    </ksState>
    <ksState>
      <x>905.5142690429988</x>
      <y>-919.4790480480469</y>
      <steeringAngle>0.35533333333333333</steeringAngle>
      <velocity>1.8318679906315083e-15</velocity>
      <orientation>-2.0429599430740604</orientation>
      <time>15</time>
    </ksState>
    <ksState>
      <x>905.5142690429988</x>
      <y>-919.4790480480469</y>
      <steeringAngle>0.3198</steeringAngle>
      <velocity>0.0</velocity>
      <orientation>-2.0429599430740604</orientation>
      <time>16</time>
    </ksState>
    <ksState>
      <x>905.5142690429988</x>
      <y>-919.4790480480469</y>
      <steeringAngle>0.2842666666666666</steeringAngle>
      <velocity>0.0</velocity>
      <orientation>-2.0429599430740604</orientation>
      <time>17</time>
    </ksState>
    <ksState>
      <x>905.5142690429988</x>
      <y>-919.4790480480469</y>
      <steeringAngle>0.24873333333333333</steeringAngle>
      <velocity>0.0</velocity>
      <orientation>-2.0429599430740604</orientation>
      <time>18</time>
    </ksState>
    <ksState>
      <x>905.5142690429988</x>
      <y>-919.4790480480469</y>
      <steeringAngle>0.21320000000000003</steeringAngle>
      <velocity>0.0</velocity>
      <orientation>-2.0429599430740604</orientation>
      <time>19</time>
    </ksState>
    <ksState>
      <x>905.5142690429988</x>
      <y>-919.4790480480469</y>
      <steeringAngle>0.1776666666666667</steeringAngle>
      <velocity>0.0</velocity>
      <orientation>-2.0429599430740604</orientation>
      <time>20</time>
    </ksState>
    <ksState>
      <x>905.5142690429988</x>
      <y>-919.4790480480469</y>
      <steeringAngle>0.14213333333333336</steeringAngle>
      <velocity>0.0</velocity>
      <orientation>-2.0429599430740604</orientation>
      <time>21</time>
    </ksState>
    <ksState>
      <x>905.5142690429988</x>
      <y>-919.4790480480469</y>
      <steeringAngle>0.10660000000000001</steeringAngle>
      <velocity>0.0</velocity>
      <orientation>-2.0429599430740604</orientation>
      <time>22</time>
    </ksState>
    <ksState>
      <x>905.5142690429988</x>
      <y>-919.4790480480469</y>
      <steeringAngle>0.07106666666666668</steeringAngle>
      <velocity>0.0</velocity>
      <orientation>-2.0429599430740604</orientation>
      <time>23</time>
    </ksState>
    <ksState>
      <x>905.5142690429988</x>
      <y>-919.4790480480469</y>
      <steeringAngle>0.03553333333333333</steeringAngle>
      <velocity>0.0</velocity>
      <orientation>-2.0429599430740604</orientation>
      <time>24</time>
    </ksState>
    <ksState>
      <x>905.5142690429988</x>
      <y>-919.4790480480469</y>
      <steeringAngle>0.0</steeringAngle>
      <velocity>0.0</velocity>
      <orientation>-2.0429599430740604</orientation>
      <time>25</time>
    </ksState>
    <ksState>
      <x>905.495605590905</x>
      <y>-919.5144309179497</y>
      <steeringAngle>-0.03553333333333333</steeringAngle>
      <velocity>0.8</velocity>
      <orientation>-2.0433274748523025</orientation>
      <time>26</time>
    </ksState>
    <ksState>
      <x>905.4376058254151</x>
      <y>-919.6195466643511</y>
      <steeringAngle>-0.0710666666666667</steeringAngle>
      <velocity>1.6</velocity>
      <orientation>-2.045902321444288</orientation>
      <time>27</time>
    </ksState>
    <ksState>
      <x>905.3366973942668</x>
      <y>-919.7925079630588</y>
      <steeringAngle>-0.10660000000000003</steeringAngle>
      <velocity>2.4000000000000004</velocity>
      <orientation>-2.0529030256811254</orientation>
      <time>28</time>
    </ksState>
    <ksState>
      <x>905.1880987188702</x>
      <y>-920.0306083118227</y>
      <steeringAngle>-0.14213333333333342</steeringAngle>
      <velocity>3.2000000000000015</velocity>
      <orientation>-2.066570666621945</orientation>
      <time>29</time>
    </ksState>
    <ksState>
      <x>904.9852910476326</x>
      <y>-920.3297544602501</y>
      <steeringAngle>-0.17766666666666683</steeringAngle>
      <velocity>4.0000000000000036</velocity>
      <orientation>-2.0891805824951657</orientation>
      <time>30</time>
    </ksState>
    <ksState>
      <x>904.7722678213917</x>
      <y>-920.6221342859284</y>
      <steeringAngle>-0.17766666666666667</steeringAngle>
      <velocity>3.2000000000000006</velocity>
      <orientation>-2.114246021763343</orientation>
      <time>31</time>
    </ksState>
    <ksState>
      <x>904.6015561590921</x>
      <y>-920.8457954721549</y>
      <steeringAngle>-0.17766666666666667</steeringAngle>
      <velocity>2.4000000000000012</velocity>
      <orientation>-2.1337413633933733</orientation>
      <time>32</time>
    </ksState>
    <ksState>
      <x>904.4769658355826</x>
      <y>-921.0034948733747</y>
      <steeringAngle>-0.17766666666666667</steeringAngle>
      <velocity>1.6000000000000005</velocity>
      <orientation>-2.147666607392354</orientation>
      <time>33</time>
    </ksState>
  </ksTrajectory>
</CommonRoadSolution>
