<?xml version="1.0" ?>
<CommonRoadSolution benchmark_id="KS2:SM1:BEL_Nivelles-3_1_T-1:2020a" computation_time="0.9713667539999733" date="2023-01-12T15:00:04">
  <ksTrajectory planningProblem="1">
    <ksState>
      <x>-923.52766</x>
      <y>-629.01212</y>
      <steeringAngle>0.0</steeringAngle>
      <velocity>12.0</velocity>
      <orientation>-0.62671759</orientation>
      <time>0</time>
    </ksState>
    <ksState>
      <x>-922.579777437217</x>
      <y>-629.6808522460361</y>
      <steeringAngle>0.03553333333333333</steeringAngle>
      <velocity>11.200000000000001</velocity>
      <orientation>-0.618816316227656</orientation>
      <time>1</time>
    </ksState>
    <ksState>
      <x>-921.6758405721006</x>
      <y>-630.2726013181917</y>
      <steeringAngle>0.07106666666666667</steeringAngle>
      <velocity>10.400000000000007</velocity>
      <orientation>-0.596563885429166</orientation>
      <time>2</time>
    </ksState>
    <ksState>
      <x>-920.812861606134</x>
      <y>-630.7800031261783</y>
      <steeringAngle>0.10660000000000001</steeringAngle>
      <velocity>9.60000000000001</velocity>
      <orientation>-0.5621158745444943</orientation>
      <time>3</time>
    </ksState>
    <ksState>
      <x>-919.9917308640725</x>
      <y>-631.1993939319455</y>
      <steeringAngle>0.14213333333333344</steeringAngle>
      <velocity>8.800000000000008</velocity>
      <orientation>-0.5176077424236494</orientation>
      <time>4</time>
    </ksState>
    <ksState>
      <x>-919.2163965126899</x>
      <y>-631.5306588368592</y>
      <steeringAngle>0.17766666666666675</steeringAngle>
      <velocity>8.000000000000009</velocity>
      <orientation>-0.465165444608668</orientation>
      <time>5</time>
    </ksState>
    <ksState>
      <x>-918.496472897322</x>
      <y>-631.7852990389133</y>
      <steeringAngle>0.17766666666666667</steeringAngle>
      <velocity>7.2</velocity>
      <orientation>-0.4122495171642906</orientation>
      <time>6</time>
    </ksState>
    <ksState>
      <x>-917.8417078743415</x>
      <y>-631.9805754370069</y>
      <steeringAngle>0.17766666666666667</steeringAngle>
      <velocity>6.4</velocity>
      <orientation>-0.36490368737147943</orientation>
      <time>7</time>
    </ksState>
    <ksState>
      <x>-917.2568600293514</x>
      <y>-632.1269743804088</y>
      <steeringAngle>0.17766666666666667</steeringAngle>
      <velocity>5.599999999999999</velocity>
      <orientation>-0.32312795521629467</orientation>
      <time>8</time>
    </ksState>
    <ksState>
      <x>-916.7454220223354</x>
      <y>-632.2340008130994</y>
      <steeringAngle>0.17766666666666667</steeringAngle>
      <velocity>4.799999999999999</velocity>
      <orientation>-0.2869223206947802</orientation>
      <time>9</time>
    </ksState>
    <ksState>
      <x>-916.3098756524004</x>
      <y>-632.3100520072535</y>
      <steeringAngle>0.17766666666666667</steeringAngle>
      <velocity>4.0</velocity>
      <orientation>-0.25628678380545017</orientation>
      <time>10</time>
    </ksState>
    <ksState>
      <x>-915.9120695126304</x>
      <y>-632.3675831398765</y>
      <steeringAngle>0.17766666666666667</steeringAngle>
      <velocity>4.0</velocity>
      <orientation>-0.22843629565019427</orientation>
      <time>11</time>
    </ksState>
    <ksState>
      <x>-915.5128155448467</x>
      <y>-632.4140143100402</y>
      <steeringAngle>0.17766666666666667</steeringAngle>
      <velocity>4.0</velocity>
      <orientation>-0.20058580749493837</orientation>
      <time>12</time>
    </ksState>
    <ksState>
      <x>-915.1124234426553</x>
      <y>-632.4493094944253</y>
      <steeringAngle>0.17766666666666667</steeringAngle>
      <velocity>4.0</velocity>
      <orientation>-0.1727353193396825</orientation>
      <time>13</time>
    </ksState>
    <ksState>
      <x>-914.7112037503147</x>
      <y>-632.4734413183129</y>
      <steeringAngle>0.17766666666666667</steeringAngle>
      <velocity>4.0</velocity>
      <orientation>-0.14488483118442663</orientation>
      <time>14</time>
    </ksState>
    <ksState>
      <x>-914.3094676536068</x>
      <y>-632.4863910640056</y>
      <steeringAngle>0.17766666666666667</steeringAngle>
      <velocity>4.0</velocity>
      <orientation>-0.11703434302917082</orientation>
      <time>15</time>
    </ksState>
    <ksState>
      <x>-913.947373644848</x>
      <y>-632.4846782809541</y>
      <steeringAngle>0.21319999999999997</steeringAngle>
      <velocity>3.2</velocity>
      <orientation>-0.08949279746573618</orientation>
      <time>16</time>
    </ksState>
    <ksState>
      <x>-913.6654374354462</x>
      <y>-632.4701636920529</y>
      <steeringAngle>0.24873333333333342</steeringAngle>
      <velocity>2.4000000000000004</velocity>
      <orientation>-0.06405456707908669</orientation>
      <time>17</time>
    </ksState>
    <ksState>
      <x>-913.4641262518405</x>
      <y>-632.4509705539831</y>
      <steeringAngle>0.2842666666666668</steeringAngle>
      <velocity>1.600000000000001</velocity>
      <orientation>-0.042979667288506995</orientation>
      <time>18</time>
    </ksState>
    <ksState>
      <x>-913.3434719319076</x>
      <y>-632.4348093515724</y>
      <steeringAngle>0.3197999999999999</steeringAngle>
      <velocity>0.8000000000000007</velocity>
      <orientation>-0.028581239987802556</orientation>
      <time>19</time>
    </ksState>
    <ksState>
      <x>-913.3032885611414</x>
      <y>-632.428250194933</y>
      <steeringAngle>0.3553333333333332</steeringAngle>
      <velocity>5.551115123125783e-16</velocity>
      <orientation>-0.023239598352073246</orientation>
      <time>20</time>
    </ksState>
    <ksState>
      <x>-913.3032885611414</x>
      <y>-632.428250194933</y>
      <steeringAngle>0.3198</steeringAngle>
      <velocity>0.0</velocity>
      <orientation>-0.023239598352073246</orientation>
      <time>21</time>
    </ksState>
    <ksState>
      <x>-913.3032885611414</x>
      <y>-632.428250194933</y>
      <steeringAngle>0.2842666666666666</steeringAngle>
      <velocity>0.0</velocity>
      <orientation>-0.023239598352073246</orientation>
      <time>22</time>
    </ksState>
    <ksState>
      <x>-913.3032885611414</x>
      <y>-632.428250194933</y>
      <steeringAngle>0.24873333333333333</steeringAngle>
      <velocity>0.0</velocity>
      <orientation>-0.023239598352073246</orientation>
      <time>23</time>
    </ksState>
    <ksState>
      <x>-913.3032885611414</x>
      <y>-632.428250194933</y>
      <steeringAngle>0.21320000000000003</steeringAngle>
      <velocity>0.0</velocity>
      <orientation>-0.023239598352073246</orientation>
      <time>24</time>
    </ksState>
    <ksState>
      <x>-913.3032885611414</x>
      <y>-632.428250194933</y>
      <steeringAngle>0.1776666666666667</steeringAngle>
      <velocity>0.0</velocity>
      <orientation>-0.023239598352073246</orientation>
      <time>25</time>
    </ksState>
    <ksState>
      <x>-913.3032885611414</x>
      <y>-632.428250194933</y>
      <steeringAngle>0.14213333333333336</steeringAngle>
      <velocity>0.0</velocity>
      <orientation>-0.023239598352073246</orientation>
      <time>26</time>
    </ksState>
    <ksState>
      <x>-913.3032885611414</x>
      <y>-632.428250194933</y>
      <steeringAngle>0.10660000000000001</steeringAngle>
      <velocity>0.0</velocity>
      <orientation>-0.023239598352073246</orientation>
      <time>27</time>
    </ksState>
    <ksState>
      <x>-913.3032885611414</x>
      <y>-632.428250194933</y>
      <steeringAngle>0.07106666666666668</steeringAngle>
      <velocity>0.0</velocity>
      <orientation>-0.023239598352073246</orientation>
      <time>28</time>
    </ksState>
    <ksState>
      <x>-913.3032885611414</x>
      <y>-632.428250194933</y>
      <steeringAngle>0.03553333333333333</steeringAngle>
      <velocity>0.0</velocity>
      <orientation>-0.023239598352073246</orientation>
      <time>29</time>
    </ksState>
    <ksState>
      <x>-913.3032885611414</x>
      <y>-632.428250194933</y>
      <steeringAngle>0.0</steeringAngle>
      <velocity>0.0</velocity>
      <orientation>-0.023239598352073246</orientation>
      <time>30</time>
    </ksState>
    <ksState>
      <x>-913.3032885611414</x>
      <y>-632.428250194933</y>
      <steeringAngle>0.0</steeringAngle>
      <velocity>0.0</velocity>
      <orientation>-0.023239598352073246</orientation>
      <time>31</time>
    </ksState>
    <ksState>
      <x>-913.3032885611414</x>
      <y>-632.428250194933</y>
      <steeringAngle>0.0</steeringAngle>
      <velocity>0.0</velocity>
      <orientation>-0.023239598352073246</orientation>
      <time>32</time>
    </ksState>
    <ksState>
      <x>-913.3032885611414</x>
      <y>-632.428250194933</y>
      <steeringAngle>0.0</steeringAngle>
      <velocity>0.0</velocity>
      <orientation>-0.023239598352073246</orientation>
      <time>33</time>
    </ksState>
  </ksTrajectory>
</CommonRoadSolution>
