<?xml version="1.0" ?>
<CommonRoadSolution benchmark_id="KS2:SM1:ITA_Segrate-1_2_T-1:2020a" computation_time="0.676742022000326" date="2023-01-12T15:00:04">
  <ksTrajectory planningProblem="1">
    <ksState>
      <x>855.16486</x>
      <y>90.676735</y>
      <steeringAngle>0.0</steeringAngle>
      <velocity>16.0</velocity>
      <orientation>-2.976562</orientation>
      <time>0</time>
    </ksState>
    <ksState>
      <x>853.6260552211937</x>
      <y>90.42045419369899</y>
      <steeringAngle>0.0</steeringAngle>
      <velocity>15.2</velocity>
      <orientation>-2.976562</orientation>
      <time>1</time>
    </ksState>
    <ksState>
      <x>852.1661635085234</x>
      <y>90.17731599294191</y>
      <steeringAngle>0.0</steeringAngle>
      <velocity>14.400000000000002</velocity>
      <orientation>-2.976562</orientation>
      <time>2</time>
    </ksState>
    <ksState>
      <x>850.7851848616236</x>
      <y>89.94732039766797</y>
      <steeringAngle>0.0</steeringAngle>
      <velocity>13.600000000000001</velocity>
      <orientation>-2.976562</orientation>
      <time>3</time>
    </ksState>
    <ksState>
      <x>849.483119280384</x>
      <y>89.73046740785873</y>
      <steeringAngle>0.0</steeringAngle>
      <velocity>12.800000000000004</velocity>
      <orientation>-2.976562</orientation>
      <time>4</time>
    </ksState>
    <ksState>
      <x>848.2599667647696</x>
      <y>89.5267570235084</y>
      <steeringAngle>0.0</steeringAngle>
      <velocity>12.000000000000002</velocity>
      <orientation>-2.976562</orientation>
      <time>5</time>
    </ksState>
    <ksState>
      <x>847.1181239461811</x>
      <y>89.32211307086247</y>
      <steeringAngle>0.03553333333333333</steeringAngle>
      <velocity>11.200000000000001</velocity>
      <orientation>-2.968660726227656</orientation>
      <time>6</time>
    </ksState>
    <ksState>
      <x>846.0619373720616</x>
      <y>89.09465155507769</y>
      <steeringAngle>0.07106666666666667</steeringAngle>
      <velocity>10.400000000000007</velocity>
      <orientation>-2.946408295429166</orientation>
      <time>7</time>
    </ksState>
    <ksState>
      <x>845.0945479671899</x>
      <y>88.83707238318947</y>
      <steeringAngle>0.10660000000000001</steeringAngle>
      <velocity>9.60000000000001</velocity>
      <orientation>-2.9119602845444943</orientation>
      <time>8</time>
    </ksState>
    <ksState>
      <x>844.2191883283871</x>
      <y>88.54743494383507</y>
      <steeringAngle>0.14213333333333344</steeringAngle>
      <velocity>8.800000000000008</velocity>
      <orientation>-2.8674521524236494</orientation>
      <time>9</time>
    </ksState>
    <ksState>
      <x>843.4387142068645</x>
      <y>88.22846795605301</y>
      <steeringAngle>0.17766666666666675</steeringAngle>
      <velocity>8.000000000000009</velocity>
      <orientation>-2.8150098546086677</orientation>
      <time>10</time>
    </ksState>
    <ksState>
      <x>842.7550075740554</x>
      <y>87.88680478771174</y>
      <steeringAngle>0.21320000000000014</steeringAngle>
      <velocity>7.200000000000003</velocity>
      <orientation>-2.7567605275371747</orientation>
      <time>11</time>
    </ksState>
    <ksState>
      <x>842.1683941133664</x>
      <y>87.53212770467727</y>
      <steeringAngle>0.24873333333333347</steeringAngle>
      <velocity>6.400000000000004</velocity>
      <orientation>-2.6948434400513954</orientation>
      <time>12</time>
    </ksState>
    <ksState>
      <x>841.6771931871342</x>
      <y>87.17623441113611</y>
      <steeringAngle>0.2842666666666668</steeringAngle>
      <velocity>5.600000000000001</velocity>
      <orientation>-2.631421297287474</orientation>
      <time>13</time>
    </ksState>
    <ksState>
      <x>841.2774880408136</x>
      <y>86.83207069683485</y>
      <steeringAngle>0.3198</steeringAngle>
      <velocity>4.800000000000002</velocity>
      <orientation>-2.5686921975455217</orientation>
      <time>14</time>
    </ksState>
    <ksState>
      <x>840.963168644327</x>
      <y>86.51279492604802</y>
      <steeringAngle>0.3553333333333332</steeringAngle>
      <velocity>4.000000000000001</velocity>
      <orientation>-2.508902363497307</orientation>
      <time>15</time>
    </ksState>
    <ksState>
      <x>840.6947999559837</x>
      <y>86.20624976116856</y>
      <steeringAngle>0.31979999999999986</steeringAngle>
      <velocity>4.0</velocity>
      <orientation>-2.454454164303927</orientation>
      <time>16</time>
    </ksState>
    <ksState>
      <x>840.4368407769773</x>
      <y>85.89291164511795</y>
      <steeringAngle>0.28426666666666656</steeringAngle>
      <velocity>4.0</velocity>
      <orientation>-2.40612348482267</orientation>
      <time>17</time>
    </ksState>
    <ksState>
      <x>840.1874964494058</x>
      <y>85.5743891730041</y>
      <steeringAngle>0.2487333333333332</steeringAngle>
      <velocity>4.0</velocity>
      <orientation>-2.363776251099795</orientation>
      <time>18</time>
    </ksState>
    <ksState>
      <x>839.9449234305948</x>
      <y>85.25212543865217</y>
      <steeringAngle>0.21319999999999986</steeringAngle>
      <velocity>4.0</velocity>
      <orientation>-2.327297410026167</orientation>
      <time>19</time>
    </ksState>
    <ksState>
      <x>839.707248548547</x>
      <y>84.92743592354701</y>
      <steeringAngle>0.1776666666666665</steeringAngle>
      <velocity>4.0</velocity>
      <orientation>-2.2965896273773394</orientation>
      <time>20</time>
    </ksState>
    <ksState>
      <x>839.5015902574755</x>
      <y>84.62940962920646</y>
      <steeringAngle>0.21319999999999997</steeringAngle>
      <velocity>3.2</velocity>
      <orientation>-2.2690480818139047</orientation>
      <time>21</time>
    </ksState>
    <ksState>
      <x>839.3522722562191</x>
      <y>84.38982074389739</y>
      <steeringAngle>0.24873333333333342</steeringAngle>
      <velocity>2.4000000000000004</velocity>
      <orientation>-2.243609851427255</orientation>
      <time>22</time>
    </ksState>
    <ksState>
      <x>839.2528977467639</x>
      <y>84.21369784344375</y>
      <steeringAngle>0.2842666666666668</steeringAngle>
      <velocity>1.600000000000001</velocity>
      <orientation>-2.2225349516366757</orientation>
      <time>23</time>
    </ksState>
    <ksState>
      <x>839.1971595750647</x>
      <y>84.10547628552928</y>
      <steeringAngle>0.3197999999999999</steeringAngle>
      <velocity>0.8000000000000007</velocity>
      <orientation>-2.208136524335971</orientation>
      <time>24</time>
    </ksState>
    <ksState>
      <x>839.1795615813276</x>
      <y>84.06876066979986</y>
      <steeringAngle>0.3553333333333332</steeringAngle>
      <velocity>5.551115123125783e-16</velocity>
      <orientation>-2.2027948827002417</orientation>
      <time>25</time>
    </ksState>
    <ksState>
      <x>839.1795615813276</x>
      <y>84.06876066979986</y>
      <steeringAngle>0.3198</steeringAngle>
      <velocity>0.0</velocity>
      <orientation>-2.2027948827002417</orientation>
      <time>26</time>
    </ksState>
    <ksState>
      <x>839.1795615813276</x>
      <y>84.06876066979986</y>
      <steeringAngle>0.2842666666666666</steeringAngle>
      <velocity>0.0</velocity>
      <orientation>-2.2027948827002417</orientation>
      <time>27</time>
    </ksState>
    <ksState>
      <x>839.1795615813276</x>
      <y>84.06876066979986</y>
      <steeringAngle>0.24873333333333333</steeringAngle>
      <velocity>0.0</velocity>
      <orientation>-2.2027948827002417</orientation>
      <time>28</time>
    </ksState>
    <ksState>
      <x>839.1795615813276</x>
      <y>84.06876066979986</y>
      <steeringAngle>0.21320000000000003</steeringAngle>
      <velocity>0.0</velocity>
      <orientation>-2.2027948827002417</orientation>
      <time>29</time>
    </ksState>
    <ksState>
      <x>839.1795615813276</x>
      <y>84.06876066979986</y>
      <steeringAngle>0.1776666666666667</steeringAngle>
      <velocity>0.0</velocity>
      <orientation>-2.2027948827002417</orientation>
      <time>30</time>
    </ksState>
    <ksState>
      <x>839.1795615813276</x>
      <y>84.06876066979986</y>
      <steeringAngle>0.14213333333333336</steeringAngle>
      <velocity>0.0</velocity>
      <orientation>-2.2027948827002417</orientation>
      <time>31</time>
    </ksState>
    <ksState>
      <x>839.1795615813276</x>
      <y>84.06876066979986</y>
      <steeringAngle>0.10660000000000001</steeringAngle>
      <velocity>0.0</velocity>
      <orientation>-2.2027948827002417</orientation>
      <time>32</time>
    </ksState>
    <ksState>
      <x>839.1795615813276</x>
      <y>84.06876066979986</y>
      <steeringAngle>0.07106666666666668</steeringAngle>
      <velocity>0.0</velocity>
      <orientation>-2.2027948827002417</orientation>
      <time>33</time>
    </ksState>
  </ksTrajectory>
</CommonRoadSolution>
