<?xml version="1.0" ?>
<CommonRoadSolution benchmark_id="KS2:SM1:DEU_Moabit-4_1_T-1:2020a" computation_time="0.6790863700007321" date="2023-01-12T15:00:04">
  <ksTrajectory planningProblem="1">
    <ksState>
      <x>-531.95536</x>
      <y>27.471347</y>
      <steeringAngle>0.0</steeringAngle>
      <velocity>4.0</velocity>
      <orientation>-1.908471</orientation>
      <time>0</time>
    </ksState>
    <ksState>
      <x>-532.0964946806957</x>
      <y>27.054575346274063</y>
      <steeringAngle>0.035533333333333326</steeringAngle>
      <velocity>4.799999999999999</velocity>
      <orientation>-1.9053472213308091</orientation>
      <time>1</time>
    </ksState>
    <ksState>
      <x>-532.2502516038177</x>
      <y>26.55759965879747</y>
      <steeringAngle>0.07106666666666667</steeringAngle>
      <velocity>5.599999999999998</velocity>
      <orientation>-1.8944966102696363</orientation>
      <time>2</time>
    </ksState>
    <ksState>
      <x>-532.4073848558514</x>
      <y>25.97781648263766</y>
      <steeringAngle>0.10659999999999999</steeringAngle>
      <velocity>6.3999999999999995</velocity>
      <orientation>-1.8736796612693085</orientation>
      <time>3</time>
    </ksState>
    <ksState>
      <x>-532.5548460225278</x>
      <y>25.312403595439925</y>
      <steeringAngle>0.14213333333333333</steeringAngle>
      <velocity>7.199999999999999</velocity>
      <orientation>-1.8406200902881433</orientation>
      <time>4</time>
    </ksState>
    <ksState>
      <x>-532.6748616765769</x>
      <y>24.559021038503</y>
      <steeringAngle>0.17766666666666664</steeringAngle>
      <velocity>7.9999999999999964</velocity>
      <orientation>-1.7929927682065967</orientation>
      <time>5</time>
    </ksState>
    <ksState>
      <x>-532.7400205643954</x>
      <y>23.797481282688207</y>
      <steeringAngle>0.21320000000000014</steeringAngle>
      <velocity>7.200000000000003</velocity>
      <orientation>-1.734743441135104</orientation>
      <time>6</time>
    </ksState>
    <ksState>
      <x>-532.7434281994597</x>
      <y>23.111989070103228</y>
      <steeringAngle>0.24873333333333347</steeringAngle>
      <velocity>6.400000000000004</velocity>
      <orientation>-1.6728263536493244</orientation>
      <time>7</time>
    </ksState>
    <ksState>
      <x>-532.6960266323254</x>
      <y>22.50726477114372</y>
      <steeringAngle>0.2842666666666668</steeringAngle>
      <velocity>5.600000000000001</velocity>
      <orientation>-1.6094042108854034</orientation>
      <time>8</time>
    </ksState>
    <ksState>
      <x>-532.6109038781548</x>
      <y>21.986719880707547</y>
      <steeringAngle>0.3198</steeringAngle>
      <velocity>4.800000000000002</velocity>
      <orientation>-1.5466751111434507</orientation>
      <time>9</time>
    </ksState>
    <ksState>
      <x>-532.5024734262661</x>
      <y>21.552005563112083</y>
      <steeringAngle>0.3553333333333332</steeringAngle>
      <velocity>4.000000000000001</velocity>
      <orientation>-1.486885277095236</orientation>
      <time>10</time>
    </ksState>
    <ksState>
      <x>-532.3712705367963</x>
      <y>21.164499921055626</y>
      <steeringAngle>0.39086666666666653</steeringAngle>
      <velocity>4.0</velocity>
      <orientation>-1.426164910789249</orientation>
      <time>11</time>
    </ksState>
    <ksState>
      <x>-532.2065567602186</x>
      <y>20.78780846089608</y>
      <steeringAngle>0.42639999999999995</steeringAngle>
      <velocity>4.0</velocity>
      <orientation>-1.3589952973328452</orientation>
      <time>12</time>
    </ksState>
    <ksState>
      <x>-532.0065643700983</x>
      <y>20.42599567514263</y>
      <steeringAngle>0.4619333333333333</steeringAngle>
      <velocity>4.0</velocity>
      <orientation>-1.2851747137005014</orientation>
      <time>13</time>
    </ksState>
    <ksState>
      <x>-531.7699900201291</x>
      <y>20.08384470291484</y>
      <steeringAngle>0.49746666666666667</steeringAngle>
      <velocity>4.0</velocity>
      <orientation>-1.204474171887281</orientation>
      <time>14</time>
    </ksState>
    <ksState>
      <x>-531.4961664229535</x>
      <y>19.766882633933932</y>
      <steeringAngle>0.533</steeringAngle>
      <velocity>4.0</velocity>
      <orientation>-1.1166343052874723</orientation>
      <time>15</time>
    </ksState>
    <ksState>
      <x>-531.1852690154008</x>
      <y>19.481379413439758</y>
      <steeringAngle>0.5685333333333333</steeringAngle>
      <velocity>4.0</velocity>
      <orientation>-1.0213616656382425</orientation>
      <time>16</time>
    </ksState>
    <ksState>
      <x>-530.8385598537488</x>
      <y>19.23430821093262</y>
      <steeringAngle>0.6040666666666665</steeringAngle>
      <velocity>4.0</velocity>
      <orientation>-0.9183243124197797</orientation>
      <time>17</time>
    </ksState>
    <ksState>
      <x>-530.4586689055543</x>
      <y>19.033251875055058</y>
      <steeringAngle>0.6396</steeringAngle>
      <velocity>4.0</velocity>
      <orientation>-0.8071465296442892</orientation>
      <time>18</time>
    </ksState>
    <ksState>
      <x>-530.0499099362138</x>
      <y>18.88623579080088</y>
      <steeringAngle>0.6751333333333333</steeringAngle>
      <velocity>4.0</velocity>
      <orientation>-0.6874024807643587</orientation>
      <time>19</time>
    </ksState>
    <ksState>
      <x>-529.6186229523619</x>
      <y>18.801463099961726</y>
      <steeringAngle>0.7106666666666664</steeringAngle>
      <velocity>4.0</velocity>
      <orientation>-0.558608543080048</orientation>
      <time>20</time>
    </ksState>
    <ksState>
      <x>-529.179725686894</x>
      <y>18.773332550030105</y>
      <steeringAngle>0.6751333333333331</steeringAngle>
      <velocity>4.0</velocity>
      <orientation>-0.4298146057615003</orientation>
      <time>21</time>
    </ksState>
    <ksState>
      <x>-528.7453437284752</x>
      <y>18.787809226487507</y>
      <steeringAngle>0.6396000000000001</steeringAngle>
      <velocity>4.0</velocity>
      <orientation>-0.3100705572505743</orientation>
      <time>22</time>
    </ksState>
    <ksState>
      <x>-528.3185566299558</x>
      <y>18.840434185186172</y>
      <steeringAngle>0.6040666666666666</steeringAngle>
      <velocity>4.0</velocity>
      <orientation>-0.19889277492657775</orientation>
      <time>23</time>
    </ksState>
    <ksState>
      <x>-527.9015124215256</x>
      <y>18.926925374083762</y>
      <steeringAngle>0.5685333333333331</steeringAngle>
      <velocity>4.0</velocity>
      <orientation>-0.09585542251309342</orientation>
      <time>24</time>
    </ksState>
    <ksState>
      <x>-527.4955853979226</x>
      <y>19.043242468749654</y>
      <steeringAngle>0.5329999999999997</steeringAngle>
      <velocity>4.0</velocity>
      <orientation>-0.0005827840028489462</orientation>
      <time>25</time>
    </ksState>
    <ksState>
      <x>-527.1411480557947</x>
      <y>19.17989640265287</y>
      <steeringAngle>0.5685333333333333</steeringAngle>
      <velocity>3.199999999999999</velocity>
      <orientation>0.08503606919400401</orientation>
      <time>26</time>
    </ksState>
    <ksState>
      <x>-526.8756048762306</x>
      <y>19.3152229303374</y>
      <steeringAngle>0.6040666666666664</steeringAngle>
      <velocity>2.3999999999999995</velocity>
      <orientation>0.1570298140072223</orientation>
      <time>27</time>
    </ksState>
    <ksState>
      <x>-526.6935116738937</x>
      <y>19.429428526887556</y>
      <steeringAngle>0.6395999999999996</steeringAngle>
      <velocity>1.5999999999999983</velocity>
      <orientation>0.2124796487832351</orientation>
      <time>28</time>
    </ksState>
    <ksState>
      <x>-526.5883037849056</x>
      <y>19.50635500198335</y>
      <steeringAngle>0.675133333333333</steeringAngle>
      <velocity>0.7999999999999986</velocity>
      <orientation>0.24825625370206425</orientation>
      <time>29</time>
    </ksState>
    <ksState>
      <x>-526.5541527097579</x>
      <y>19.533946778112245</y>
      <steeringAngle>0.7106666666666662</steeringAngle>
      <velocity>-1.27675647831893e-15</velocity>
      <orientation>0.26098045080067245</orientation>
      <time>30</time>
    </ksState>
    <ksState>
      <x>-526.5541527097579</x>
      <y>19.533946778112245</y>
      <steeringAngle>0.6751333333333334</steeringAngle>
      <velocity>0.0</velocity>
      <orientation>0.26098045080067245</orientation>
      <time>31</time>
    </ksState>
    <ksState>
      <x>-526.5541527097579</x>
      <y>19.533946778112245</y>
      <steeringAngle>0.6396</steeringAngle>
      <velocity>0.0</velocity>
      <orientation>0.26098045080067245</orientation>
      <time>32</time>
    </ksState>
    <ksState>
      <x>-526.5541527097579</x>
      <y>19.533946778112245</y>
      <steeringAngle>0.6040666666666666</steeringAngle>
      <velocity>0.0</velocity>
      <orientation>0.26098045080067245</orientation>
      <time>33</time>
    </ksState>
  </ksTrajectory>
</CommonRoadSolution>
