<?xml version="1.0" ?>
<CommonRoadSolution benchmark_id="KS2:SM1:DEU_Muehlhausen-6_1_T-1:2020a" computation_time="0.8996232620002047" date="2023-01-12T15:00:04">
  <ksTrajectory planningProblem="1">
    <ksState>
      <x>-345.9259</x>
      <y>-198.76499</y>
      <steeringAngle>0.0</steeringAngle>
      <velocity>8.0</velocity>
      <orientation>-2.9011526</orientation>
      <time>0</time>
    </ksState>
    <ksState>
      <x>-346.70064560318195</x>
      <y>-198.9645330417761</y>
      <steeringAngle>0.03553333333333333</steeringAngle>
      <velocity>8.0</velocity>
      <orientation>-2.895640064997161</orientation>
      <time>1</time>
    </ksState>
    <ksState>
      <x>-347.46918558394714</x>
      <y>-199.18780724988122</y>
      <steeringAngle>0.07106666666666667</steeringAngle>
      <velocity>8.0</velocity>
      <orientation>-2.879088544116892</orientation>
      <time>2</time>
    </ksState>
    <ksState>
      <x>-348.2282904503373</x>
      <y>-199.44316222720823</y>
      <steeringAngle>0.10659999999999997</steeringAngle>
      <velocity>8.0</velocity>
      <orientation>-2.8514560648261966</orientation>
      <time>3</time>
    </ksState>
    <ksState>
      <x>-348.97364464494717</x>
      <y>-199.73867655601669</y>
      <steeringAngle>0.1421333333333333</steeringAngle>
      <velocity>8.0</velocity>
      <orientation>-2.812672212553462</orientation>
      <time>4</time>
    </ksState>
    <ksState>
      <x>-349.6995695420988</x>
      <y>-200.08198166889832</y>
      <steeringAngle>0.17766666666666667</steeringAngle>
      <velocity>8.0</velocity>
      <orientation>-2.7626374003043073</orientation>
      <time>5</time>
    </ksState>
    <ksState>
      <x>-350.3681934985783</x>
      <y>-200.4508632885113</y>
      <steeringAngle>0.17766666666666667</steeringAngle>
      <velocity>7.2</velocity>
      <orientation>-2.70972147285993</orientation>
      <time>6</time>
    </ksState>
    <ksState>
      <x>-350.9491590739811</x>
      <y>-200.81048685165453</y>
      <steeringAngle>0.17766666666666667</steeringAngle>
      <velocity>6.4</velocity>
      <orientation>-2.6623756430671186</orientation>
      <time>7</time>
    </ksState>
    <ksState>
      <x>-351.44714208096457</x>
      <y>-201.15032884019402</y>
      <steeringAngle>0.17766666666666667</steeringAngle>
      <velocity>5.599999999999999</velocity>
      <orientation>-2.620599910911934</orientation>
      <time>8</time>
    </ksState>
    <ksState>
      <x>-351.86692590913253</x>
      <y>-201.4614639072045</y>
      <steeringAngle>0.17766666666666667</steeringAngle>
      <velocity>4.799999999999999</velocity>
      <orientation>-2.5843942763904195</orientation>
      <time>9</time>
    </ksState>
    <ksState>
      <x>-352.2131376929186</x>
      <y>-201.7364581348957</y>
      <steeringAngle>0.17766666666666667</steeringAngle>
      <velocity>4.0</velocity>
      <orientation>-2.5537587395010894</orientation>
      <time>10</time>
    </ksState>
    <ksState>
      <x>-352.5178633597756</x>
      <y>-201.99917764468492</y>
      <steeringAngle>0.21319999999999995</steeringAngle>
      <velocity>4.0</velocity>
      <orientation>-2.5230509568635893</orientation>
      <time>11</time>
    </ksState>
    <ksState>
      <x>-352.8087082944529</x>
      <y>-202.27857801357715</y>
      <steeringAngle>0.24873333333333336</steeringAngle>
      <velocity>4.0</velocity>
      <orientation>-2.486572115740895</orientation>
      <time>12</time>
    </ksState>
    <ksState>
      <x>-353.0830903180706</x>
      <y>-202.57572460676565</y>
      <steeringAngle>0.2842666666666667</steeringAngle>
      <velocity>4.0</velocity>
      <orientation>-2.444224881895447</orientation>
      <time>13</time>
    </ksState>
    <ksState>
      <x>-353.3380970815124</x>
      <y>-202.89138237086033</y>
      <steeringAngle>0.31980000000000003</steeringAngle>
      <velocity>4.0</velocity>
      <orientation>-2.395894200528312</orientation>
      <time>14</time>
    </ksState>
    <ksState>
      <x>-353.570473666451</x>
      <y>-203.22594009750608</y>
      <steeringAngle>0.35533333333333333</steeringAngle>
      <velocity>4.0</velocity>
      <orientation>-2.3414459993500336</orientation>
      <time>15</time>
    </ksState>
    <ksState>
      <x>-353.76338681907157</x>
      <y>-203.53780841434636</y>
      <steeringAngle>0.31979999999999975</steeringAngle>
      <velocity>3.2</velocity>
      <orientation>-2.2923394392922454</orientation>
      <time>16</time>
    </ksState>
    <ksState>
      <x>-353.90788335032863</x>
      <y>-203.782457274448</y>
      <steeringAngle>0.2842666666666663</steeringAngle>
      <velocity>2.4000000000000004</velocity>
      <orientation>-2.258407183926031</orientation>
      <time>17</time>
    </ksState>
    <ksState>
      <x>-354.0095404763749</x>
      <y>-203.95733776866777</y>
      <steeringAngle>0.24873333333333292</steeringAngle>
      <velocity>1.6000000000000008</velocity>
      <orientation>-2.237134862979092</orientation>
      <time>18</time>
    </ksState>
    <ksState>
      <x>-354.07077721579515</x>
      <y>-204.06172732096238</y>
      <steeringAngle>0.21319999999999967</steeringAngle>
      <velocity>0.8000000000000008</velocity>
      <orientation>-2.2260942722380372</orientation>
      <time>19</time>
    </ksState>
    <ksState>
      <x>-354.09152564022025</x>
      <y>-204.09622090221967</y>
      <steeringAngle>0.1776666666666663</steeringAngle>
      <velocity>6.661338147750939e-16</velocity>
      <orientation>-2.222928034696159</orientation>
      <time>20</time>
    </ksState>
    <ksState>
      <x>-354.09152564022025</x>
      <y>-204.09622090221967</y>
      <steeringAngle>0.14213333333333336</steeringAngle>
      <velocity>0.0</velocity>
      <orientation>-2.222928034696159</orientation>
      <time>21</time>
    </ksState>
    <ksState>
      <x>-354.09152564022025</x>
      <y>-204.09622090221967</y>
      <steeringAngle>0.10660000000000001</steeringAngle>
      <velocity>0.0</velocity>
      <orientation>-2.222928034696159</orientation>
      <time>22</time>
    </ksState>
    <ksState>
      <x>-354.09152564022025</x>
      <y>-204.09622090221967</y>
      <steeringAngle>0.07106666666666668</steeringAngle>
      <velocity>0.0</velocity>
      <orientation>-2.222928034696159</orientation>
      <time>23</time>
    </ksState>
    <ksState>
      <x>-354.09152564022025</x>
      <y>-204.09622090221967</y>
      <steeringAngle>0.03553333333333333</steeringAngle>
      <velocity>0.0</velocity>
      <orientation>-2.222928034696159</orientation>
      <time>24</time>
    </ksState>
    <ksState>
      <x>-354.09152564022025</x>
      <y>-204.09622090221967</y>
      <steeringAngle>0.0</steeringAngle>
      <velocity>0.0</velocity>
      <orientation>-2.222928034696159</orientation>
      <time>25</time>
    </ksState>
    <ksState>
      <x>-354.09152564022025</x>
      <y>-204.09622090221967</y>
      <steeringAngle>0.0</steeringAngle>
      <velocity>0.0</velocity>
      <orientation>-2.222928034696159</orientation>
      <time>26</time>
    </ksState>
    <ksState>
      <x>-354.09152564022025</x>
      <y>-204.09622090221967</y>
      <steeringAngle>0.0</steeringAngle>
      <velocity>0.0</velocity>
      <orientation>-2.222928034696159</orientation>
      <time>27</time>
    </ksState>
    <ksState>
      <x>-354.09152564022025</x>
      <y>-204.09622090221967</y>
      <steeringAngle>0.0</steeringAngle>
      <velocity>0.0</velocity>
      <orientation>-2.222928034696159</orientation>
      <time>28</time>
    </ksState>
    <ksState>
      <x>-354.09152564022025</x>
      <y>-204.09622090221967</y>
      <steeringAngle>0.0</steeringAngle>
      <velocity>0.0</velocity>
      <orientation>-2.222928034696159</orientation>
      <time>29</time>
    </ksState>
    <ksState>
      <x>-354.09152564022025</x>
      <y>-204.09622090221967</y>
      <steeringAngle>0.0</steeringAngle>
      <velocity>0.0</velocity>
      <orientation>-2.222928034696159</orientation>
      <time>30</time>
    </ksState>
    <ksState>
      <x>-354.09152564022025</x>
      <y>-204.09622090221967</y>
      <steeringAngle>0.0</steeringAngle>
      <velocity>0.0</velocity>
      <orientation>-2.222928034696159</orientation>
      <time>31</time>
    </ksState>
    <ksState>
      <x>-354.09152564022025</x>
      <y>-204.09622090221967</y>
      <steeringAngle>0.0</steeringAngle>
      <velocity>0.0</velocity>
      <orientation>-2.222928034696159</orientation>
      <time>32</time>
    </ksState>
    <ksState>
      <x>-354.09152564022025</x>
      <y>-204.09622090221967</y>
      <steeringAngle>0.0</steeringAngle>
      <velocity>0.0</velocity>
      <orientation>-2.222928034696159</orientation>
      <time>33</time>
    </ksState>
  </ksTrajectory>
</CommonRoadSolution>
