<?xml version="1.0" ?>
<CommonRoadSolution benchmark_id="KS2:SM1:DEU_Flensburg-82_1_T-1:2020a" computation_time="1.5630602870005532" date="2023-01-12T15:00:04">
  <ksTrajectory planningProblem="123">
    <ksState>
      <x>453.12322</x>
      <y>-399.0755</y>
      <steeringAngle>0.0</steeringAngle>
      <velocity>4.0</velocity>
      <orientation>1.1302833</orientation>
      <time>0</time>
    </ksState>
    <ksState>
      <x>453.306393641754</x>
      <y>-398.6754187252431</y>
      <steeringAngle>0.035533333333333326</steeringAngle>
      <velocity>4.799999999999999</velocity>
      <orientation>1.133407078669191</orientation>
      <time>1</time>
    </ksState>
    <ksState>
      <x>453.5103563603206</x>
      <y>-398.19685291494557</y>
      <steeringAngle>0.07106666666666667</steeringAngle>
      <velocity>5.599999999999998</velocity>
      <orientation>1.1442576897303638</orientation>
      <time>2</time>
    </ksState>
    <ksState>
      <x>453.72617835359347</x>
      <y>-397.63626370931246</y>
      <steeringAngle>0.10659999999999999</steeringAngle>
      <velocity>6.3999999999999995</velocity>
      <orientation>1.1650746387306916</orientation>
      <time>3</time>
    </ksState>
    <ksState>
      <x>453.94116986614995</x>
      <y>-396.9895042828987</y>
      <steeringAngle>0.14213333333333333</steeringAngle>
      <velocity>7.199999999999999</velocity>
      <orientation>1.1981342097118568</orientation>
      <time>4</time>
    </ksState>
    <ksState>
      <x>454.13789158494984</x>
      <y>-396.25242246948443</y>
      <steeringAngle>0.17766666666666664</steeringAngle>
      <velocity>7.9999999999999964</velocity>
      <orientation>1.2457615317934034</orientation>
      <time>5</time>
    </ksState>
    <ksState>
      <x>454.29636144089744</x>
      <y>-395.464386780252</y>
      <steeringAngle>0.17766666666666667</steeringAngle>
      <velocity>8.0</velocity>
      <orientation>1.3014625081039153</orientation>
      <time>6</time>
    </ksState>
    <ksState>
      <x>454.41071387456617</x>
      <y>-394.66875085668283</y>
      <steeringAngle>0.17766666666666667</steeringAngle>
      <velocity>8.0</velocity>
      <orientation>1.357163484414427</orientation>
      <time>7</time>
    </ksState>
    <ksState>
      <x>454.48059417728535</x>
      <y>-393.86798263273295</y>
      <steeringAngle>0.17766666666666667</steeringAngle>
      <velocity>8.0</velocity>
      <orientation>1.4128644607249385</orientation>
      <time>8</time>
    </ksState>
    <ksState>
      <x>454.5057855945863</x>
      <y>-393.0645659284939</y>
      <steeringAngle>0.17766666666666667</steeringAngle>
      <velocity>8.0</velocity>
      <orientation>1.4685654370354504</orientation>
      <time>9</time>
    </ksState>
    <ksState>
      <x>454.4862099873674</x>
      <y>-392.26099277846004</y>
      <steeringAngle>0.17766666666666667</steeringAngle>
      <velocity>8.0</velocity>
      <orientation>1.5242664133459622</orientation>
      <time>10</time>
    </ksState>
    <ksState>
      <x>454.43505493731516</x>
      <y>-391.49970666091133</y>
      <steeringAngle>0.1421333333333334</steeringAngle>
      <velocity>7.2</velocity>
      <orientation>1.5718937350915991</orientation>
      <time>11</time>
    </ksState>
    <ksState>
      <x>454.37550583024773</x>
      <y>-390.8206820656287</y>
      <steeringAngle>0.10660000000000011</steeringAngle>
      <velocity>6.4</velocity>
      <orientation>1.604953305539567</orientation>
      <time>12</time>
    </ksState>
    <ksState>
      <x>454.3187733238455</x>
      <y>-390.22262677607574</y>
      <steeringAngle>0.07106666666666674</steeringAngle>
      <velocity>5.600000000000001</velocity>
      <orientation>1.6257702538334555</orientation>
      <time>13</time>
    </ksState>
    <ksState>
      <x>454.27166540097244</x>
      <y>-389.7045282603019</y>
      <steeringAngle>0.03553333333333339</steeringAngle>
      <velocity>4.800000000000001</velocity>
      <orientation>1.6366208634911186</orientation>
      <time>14</time>
    </ksState>
    <ksState>
      <x>454.2373821451876</x>
      <y>-389.2658413412552</y>
      <steeringAngle>5.5294310796760726e-17</steeringAngle>
      <velocity>4.0</velocity>
      <orientation>1.639744639328284</orientation>
      <time>15</time>
    </ksState>
    <ksState>
      <x>454.21196723776836</x>
      <y>-388.8265559079372</y>
      <steeringAngle>-0.035533333333333326</steeringAngle>
      <velocity>4.799999999999999</velocity>
      <orientation>1.636620860659093</orientation>
      <time>16</time>
    </ksState>
    <ksState>
      <x>454.1956775719495</x>
      <y>-388.306593724564</y>
      <steeringAngle>-0.07106666666666667</steeringAngle>
      <velocity>5.599999999999998</velocity>
      <orientation>1.6257702495979203</orientation>
      <time>17</time>
    </ksState>
    <ksState>
      <x>454.1981184508573</x>
      <y>-387.7058995991034</y>
      <steeringAngle>-0.10659999999999999</steeringAngle>
      <velocity>6.3999999999999995</velocity>
      <orientation>1.6049533005975924</orientation>
      <time>18</time>
    </ksState>
    <ksState>
      <x>454.2326192895553</x>
      <y>-387.02521700181194</y>
      <steeringAngle>-0.14213333333333333</steeringAngle>
      <velocity>7.199999999999999</velocity>
      <orientation>1.5718937296164273</orientation>
      <time>19</time>
    </ksState>
    <ksState>
      <x>454.31693689181174</x>
      <y>-386.26700886662513</y>
      <steeringAngle>-0.17766666666666664</steeringAngle>
      <velocity>7.9999999999999964</velocity>
      <orientation>1.5242664075348806</orientation>
      <time>20</time>
    </ksState>
    <ksState>
      <x>454.43861354518543</x>
      <y>-385.5137704024307</y>
      <steeringAngle>-0.1421333333333334</steeringAngle>
      <velocity>7.2</velocity>
      <orientation>1.4766390857892437</orientation>
      <time>21</time>
    </ksState>
    <ksState>
      <x>454.56100373592784</x>
      <y>-384.8432175422017</y>
      <steeringAngle>-0.10660000000000011</steeringAngle>
      <velocity>6.4</velocity>
      <orientation>1.4435795153412758</orientation>
      <time>22</time>
    </ksState>
    <ksState>
      <x>454.6730653941881</x>
      <y>-384.25302190396553</y>
      <steeringAngle>-0.07106666666666674</steeringAngle>
      <velocity>5.600000000000001</velocity>
      <orientation>1.4227625670473873</orientation>
      <time>23</time>
    </ksState>
    <ksState>
      <x>454.7681140849617</x>
      <y>-383.7415427012342</y>
      <steeringAngle>-0.03553333333333339</steeringAngle>
      <velocity>4.800000000000001</velocity>
      <orientation>1.4119119573897243</orientation>
      <time>24</time>
    </ksState>
    <ksState>
      <x>454.84301423215595</x>
      <y>-383.30793974630876</y>
      <steeringAngle>-5.5294310796760726e-17</steeringAngle>
      <velocity>4.0</velocity>
      <orientation>1.408788181552559</orientation>
      <time>25</time>
    </ksState>
    <ksState>
      <x>454.9075343840828</x>
      <y>-382.91317760273955</y>
      <steeringAngle>0.0</steeringAngle>
      <velocity>4.0</velocity>
      <orientation>1.408788181552559</orientation>
      <time>26</time>
    </ksState>
    <ksState>
      <x>454.9720545360096</x>
      <y>-382.5184154591704</y>
      <steeringAngle>0.0</steeringAngle>
      <velocity>4.0</velocity>
      <orientation>1.408788181552559</orientation>
      <time>27</time>
    </ksState>
    <ksState>
      <x>455.0365746879364</x>
      <y>-382.1236533156012</y>
      <steeringAngle>0.0</steeringAngle>
      <velocity>4.0</velocity>
      <orientation>1.408788181552559</orientation>
      <time>28</time>
    </ksState>
    <ksState>
      <x>455.1010948398632</x>
      <y>-381.72889117203204</y>
      <steeringAngle>0.0</steeringAngle>
      <velocity>4.0</velocity>
      <orientation>1.408788181552559</orientation>
      <time>29</time>
    </ksState>
    <ksState>
      <x>455.16561499179005</x>
      <y>-381.3341290284628</y>
      <steeringAngle>0.0</steeringAngle>
      <velocity>4.0</velocity>
      <orientation>1.408788181552559</orientation>
      <time>30</time>
    </ksState>
    <ksState>
      <x>455.2301351437169</x>
      <y>-380.9393668848936</y>
      <steeringAngle>0.0</steeringAngle>
      <velocity>4.0</velocity>
      <orientation>1.408788181552559</orientation>
      <time>31</time>
    </ksState>
    <ksState>
      <x>455.2946552956437</x>
      <y>-380.54460474132446</y>
      <steeringAngle>0.0</steeringAngle>
      <velocity>4.0</velocity>
      <orientation>1.408788181552559</orientation>
      <time>32</time>
    </ksState>
    <ksState>
      <x>455.3591754475705</x>
      <y>-380.14984259775525</y>
      <steeringAngle>0.0</steeringAngle>
      <velocity>4.0</velocity>
      <orientation>1.408788181552559</orientation>
      <time>33</time>
    </ksState>
    <ksState>
      <x>455.4236955994973</x>
      <y>-379.7550804541861</y>
      <steeringAngle>0.0</steeringAngle>
      <velocity>4.0</velocity>
      <orientation>1.408788181552559</orientation>
      <time>34</time>
    </ksState>
    <ksState>
      <x>455.48821575142415</x>
      <y>-379.3603183106169</y>
      <steeringAngle>0.0</steeringAngle>
      <velocity>4.0</velocity>
      <orientation>1.408788181552559</orientation>
      <time>35</time>
    </ksState>
    <ksState>
      <x>455.5591879187094</x>
      <y>-378.92607995167657</y>
      <steeringAngle>0.0</steeringAngle>
      <velocity>4.8</velocity>
      <orientation>1.408788181552559</orientation>
      <time>36</time>
    </ksState>
    <ksState>
      <x>455.64306411638734</x>
      <y>-378.4128891639778</y>
      <steeringAngle>0.0</steeringAngle>
      <velocity>5.6</velocity>
      <orientation>1.408788181552559</orientation>
      <time>37</time>
    </ksState>
    <ksState>
      <x>455.7398443444553</x>
      <y>-377.8207459475363</y>
      <steeringAngle>0.0</steeringAngle>
      <velocity>6.4</velocity>
      <orientation>1.408788181552559</orientation>
      <time>38</time>
    </ksState>
    <ksState>
      <x>455.8495286029119</x>
      <y>-377.1496503023614</y>
      <steeringAngle>0.0</steeringAngle>
      <velocity>7.199999999999999</velocity>
      <orientation>1.408788181552559</orientation>
      <time>39</time>
    </ksState>
    <ksState>
      <x>455.9721168917561</x>
      <y>-376.39960222845883</y>
      <steeringAngle>0.0</steeringAngle>
      <velocity>7.999999999999998</velocity>
      <orientation>1.408788181552559</orientation>
      <time>40</time>
    </ksState>
    <ksState>
      <x>456.10115719560974</x>
      <y>-375.61007794132047</y>
      <steeringAngle>0.0</steeringAngle>
      <velocity>8.0</velocity>
      <orientation>1.408788181552559</orientation>
      <time>41</time>
    </ksState>
    <ksState>
      <x>456.2301974994634</x>
      <y>-374.8205536541821</y>
      <steeringAngle>0.0</steeringAngle>
      <velocity>8.0</velocity>
      <orientation>1.408788181552559</orientation>
      <time>42</time>
    </ksState>
    <ksState>
      <x>456.35923780331706</x>
      <y>-374.0310293670437</y>
      <steeringAngle>0.0</steeringAngle>
      <velocity>8.0</velocity>
      <orientation>1.408788181552559</orientation>
      <time>43</time>
    </ksState>
    <ksState>
      <x>456.4882781071707</x>
      <y>-373.2415050799053</y>
      <steeringAngle>0.0</steeringAngle>
      <velocity>8.0</velocity>
      <orientation>1.408788181552559</orientation>
      <time>44</time>
    </ksState>
    <ksState>
      <x>456.6173184110243</x>
      <y>-372.45198079276696</y>
      <steeringAngle>0.0</steeringAngle>
      <velocity>8.0</velocity>
      <orientation>1.408788181552559</orientation>
      <time>45</time>
    </ksState>
    <ksState>
      <x>456.74635871487794</x>
      <y>-371.6624565056286</y>
      <steeringAngle>0.0</steeringAngle>
      <velocity>8.0</velocity>
      <orientation>1.408788181552559</orientation>
      <time>46</time>
    </ksState>
    <ksState>
      <x>456.87539901873157</x>
      <y>-370.87293221849023</y>
      <steeringAngle>0.0</steeringAngle>
      <velocity>8.0</velocity>
      <orientation>1.408788181552559</orientation>
      <time>47</time>
    </ksState>
    <ksState>
      <x>457.00443932258526</x>
      <y>-370.0834079313518</y>
      <steeringAngle>0.0</steeringAngle>
      <velocity>8.0</velocity>
      <orientation>1.408788181552559</orientation>
      <time>48</time>
    </ksState>
    <ksState>
      <x>457.1334796264389</x>
      <y>-369.29388364421345</y>
      <steeringAngle>0.0</steeringAngle>
      <velocity>8.0</velocity>
      <orientation>1.408788181552559</orientation>
      <time>49</time>
    </ksState>
    <ksState>
      <x>457.2625199302925</x>
      <y>-368.5043593570751</y>
      <steeringAngle>0.0</steeringAngle>
      <velocity>8.0</velocity>
      <orientation>1.408788181552559</orientation>
      <time>50</time>
    </ksState>
    <ksState>
      <x>457.38510821883625</x>
      <y>-367.754311285011</y>
      <steeringAngle>0.0</steeringAngle>
      <velocity>7.200000000000001</velocity>
      <orientation>1.408788181552559</orientation>
      <time>51</time>
    </ksState>
    <ksState>
      <x>457.4947924769471</x>
      <y>-367.0832156419512</y>
      <steeringAngle>0.0</steeringAngle>
      <velocity>6.400000000000001</velocity>
      <orientation>1.408788181552559</orientation>
      <time>52</time>
    </ksState>
    <ksState>
      <x>457.59157270465744</x>
      <y>-366.49107242769816</y>
      <steeringAngle>0.0</steeringAngle>
      <velocity>5.600000000000001</velocity>
      <orientation>1.408788181552559</orientation>
      <time>53</time>
    </ksState>
    <ksState>
      <x>457.6754489019763</x>
      <y>-365.9778816421961</y>
      <steeringAngle>0.0</steeringAngle>
      <velocity>4.800000000000001</velocity>
      <orientation>1.408788181552559</orientation>
      <time>54</time>
    </ksState>
    <ksState>
      <x>457.7464210689071</x>
      <y>-365.54364328542454</y>
      <steeringAngle>0.0</steeringAngle>
      <velocity>4.000000000000001</velocity>
      <orientation>1.408788181552559</orientation>
      <time>55</time>
    </ksState>
    <ksState>
      <x>457.81254685784813</x>
      <y>-365.10862030961584</y>
      <steeringAngle>0.035533333333333326</steeringAngle>
      <velocity>4.799999999999999</velocity>
      <orientation>1.4119119602217498</orientation>
      <time>56</time>
    </ksState>
    <ksState>
      <x>457.8770838227637</x>
      <y>-364.59242169908856</y>
      <steeringAngle>0.07106666666666667</steeringAngle>
      <velocity>5.599999999999998</velocity>
      <orientation>1.4227625712829226</orientation>
      <time>57</time>
    </ksState>
    <ksState>
      <x>457.9304733508705</x>
      <y>-363.99409992233194</y>
      <steeringAngle>0.10659999999999999</steeringAngle>
      <velocity>6.3999999999999995</velocity>
      <orientation>1.4435795202832504</orientation>
      <time>58</time>
    </ksState>
    <ksState>
      <x>457.95937461531446</x>
      <y>-363.31315658912433</y>
      <steeringAngle>0.14213333333333333</steeringAngle>
      <velocity>7.199999999999999</velocity>
      <orientation>1.4766390912644156</orientation>
      <time>59</time>
    </ksState>
    <ksState>
      <x>457.94587877544575</x>
      <y>-362.5503939152736</y>
      <steeringAngle>0.17766666666666664</steeringAngle>
      <velocity>7.9999999999999964</velocity>
      <orientation>1.5242664133459622</orientation>
      <time>60</time>
    </ksState>
    <ksState>
      <x>457.89472372539353</x>
      <y>-361.7891077977249</y>
      <steeringAngle>0.1421333333333334</steeringAngle>
      <velocity>7.2</velocity>
      <orientation>1.5718937350915991</orientation>
      <time>61</time>
    </ksState>
    <ksState>
      <x>457.8351746183261</x>
      <y>-361.1100832024423</y>
      <steeringAngle>0.10660000000000011</steeringAngle>
      <velocity>6.4</velocity>
      <orientation>1.604953305539567</orientation>
      <time>62</time>
    </ksState>
    <ksState>
      <x>457.7784421119239</x>
      <y>-360.5120279128893</y>
      <steeringAngle>0.07106666666666674</steeringAngle>
      <velocity>5.600000000000001</velocity>
      <orientation>1.6257702538334555</orientation>
      <time>63</time>
    </ksState>
    <ksState>
      <x>457.7313341890508</x>
      <y>-359.9939293971155</y>
      <steeringAngle>0.03553333333333339</steeringAngle>
      <velocity>4.800000000000001</velocity>
      <orientation>1.6366208634911186</orientation>
      <time>64</time>
    </ksState>
    <ksState>
      <x>457.697050933266</x>
      <y>-359.5552424780688</y>
      <steeringAngle>5.5294310796760726e-17</steeringAngle>
      <velocity>4.0</velocity>
      <orientation>1.639744639328284</orientation>
      <time>65</time>
    </ksState>
    <ksState>
      <x>457.6618404040945</x>
      <y>-359.1166335086211</y>
      <steeringAngle>0.035533333333333326</steeringAngle>
      <velocity>4.799999999999999</velocity>
      <orientation>1.6428684179974749</orientation>
      <time>66</time>
    </ksState>
    <ksState>
      <x>457.6065014293178</x>
      <y>-358.5993679837488</y>
      <steeringAngle>0.07106666666666667</steeringAngle>
      <velocity>5.599999999999998</velocity>
      <orientation>1.6537190290586476</orientation>
      <time>67</time>
    </ksState>
    <ksState>
      <x>457.5215122992098</x>
      <y>-358.0047115804232</y>
      <steeringAngle>0.10659999999999999</steeringAngle>
      <velocity>6.3999999999999995</velocity>
      <orientation>1.6745359780589755</orientation>
      <time>68</time>
    </ksState>
    <ksState>
      <x>457.3937723280484</x>
      <y>-357.33523297292777</y>
      <steeringAngle>0.14213333333333333</steeringAngle>
      <velocity>7.199999999999999</velocity>
      <orientation>1.7075955490401407</orientation>
      <time>69</time>
    </ksState>
    <ksState>
      <x>457.2060318267026</x>
      <y>-356.595812565806</y>
      <steeringAngle>0.17766666666666664</steeringAngle>
      <velocity>7.9999999999999964</velocity>
      <orientation>1.7552228711216873</orientation>
      <time>70</time>
    </ksState>
    <ksState>
      <x>456.9600466030864</x>
      <y>-355.8305647546294</y>
      <steeringAngle>0.17766666666666667</steeringAngle>
      <velocity>8.0</velocity>
      <orientation>1.8109238474321991</orientation>
      <time>71</time>
    </ksState>
    <ksState>
      <x>456.6718398579049</x>
      <y>-355.0801982615132</y>
      <steeringAngle>0.17766666666666667</steeringAngle>
      <velocity>8.0</velocity>
      <orientation>1.8666248237427108</orientation>
      <time>72</time>
    </ksState>
    <ksState>
      <x>456.3423055567052</x>
      <y>-354.34704060484654</y>
      <steeringAngle>0.17766666666666667</steeringAngle>
      <velocity>8.0</velocity>
      <orientation>1.9223258000532226</orientation>
      <time>73</time>
    </ksState>
    <ksState>
      <x>455.9724658478462</x>
      <y>-353.6333658904934</y>
      <steeringAngle>0.17766666666666667</steeringAngle>
      <velocity>8.0</velocity>
      <orientation>1.9780267763637343</orientation>
      <time>74</time>
    </ksState>
    <ksState>
      <x>455.5634678981424</x>
      <y>-352.9413877918578</y>
      <steeringAngle>0.17766666666666667</steeringAngle>
      <velocity>8.0</velocity>
      <orientation>2.0337277526742463</orientation>
      <time>75</time>
    </ksState>
    <ksState>
      <x>455.1320418536973</x>
      <y>-352.3104677901756</y>
      <steeringAngle>0.21320000000000014</steeringAngle>
      <velocity>7.200000000000003</velocity>
      <orientation>2.0919770797457393</orientation>
      <time>76</time>
    </ksState>
    <ksState>
      <x>454.70092021713873</x>
      <y>-351.77750876737696</y>
      <steeringAngle>0.24873333333333347</steeringAngle>
      <velocity>6.400000000000004</velocity>
      <orientation>2.1538941672315186</orientation>
      <time>77</time>
    </ksState>
    <ksState>
      <x>454.28156275392365</x>
      <y>-351.3392420627727</y>
      <steeringAngle>0.2842666666666668</steeringAngle>
      <velocity>5.600000000000001</velocity>
      <orientation>2.21731630999544</orientation>
      <time>78</time>
    </ksState>
    <ksState>
      <x>453.88626271195204</x>
      <y>-350.9900275970728</y>
      <steeringAngle>0.3198</steeringAngle>
      <velocity>4.800000000000002</velocity>
      <orientation>2.2800454097373923</orientation>
      <time>79</time>
    </ksState>
    <ksState>
      <x>453.5272258163664</x>
      <y>-350.7220234769039</y>
      <steeringAngle>0.3553333333333332</steeringAngle>
      <velocity>4.000000000000001</velocity>
      <orientation>2.339835243785607</orientation>
      <time>80</time>
    </ksState>
    <ksState>
      <x>453.1870472938615</x>
      <y>-350.49781316532034</y>
      <steeringAngle>0.31979999999999986</steeringAngle>
      <velocity>4.0</velocity>
      <orientation>2.394283442978987</orientation>
      <time>81</time>
    </ksState>
    <ksState>
      <x>452.8415537947552</x>
      <y>-350.284839093943</y>
      <steeringAngle>0.28426666666666656</steeringAngle>
      <velocity>4.0</velocity>
      <orientation>2.442614122460244</orientation>
      <time>82</time>
    </ksState>
    <ksState>
      <x>452.4920950430052</x>
      <y>-350.0811046104627</y>
      <steeringAngle>0.2487333333333332</steeringAngle>
      <velocity>4.0</velocity>
      <orientation>2.484961356183119</orientation>
      <time>83</time>
    </ksState>
    <ksState>
      <x>452.1398501525795</x>
      <y>-349.88458712751896</y>
      <steeringAngle>0.21319999999999986</steeringAngle>
      <velocity>4.0</velocity>
      <orientation>2.521440197256747</orientation>
      <time>84</time>
    </ksState>
    <ksState>
      <x>451.7858677820749</x>
      <y>-349.6932520493247</y>
      <steeringAngle>0.1776666666666665</steeringAngle>
      <velocity>4.0</velocity>
      <orientation>2.5521479799055746</orientation>
      <time>85</time>
    </ksState>
    <ksState>
      <x>451.4263850905588</x>
      <y>-349.5125548789936</y>
      <steeringAngle>0.21319999999999995</steeringAngle>
      <velocity>4.0</velocity>
      <orientation>2.582855762543075</orientation>
      <time>86</time>
    </ksState>
    <ksState>
      <x>451.05681894880234</x>
      <y>-349.3510735827646</y>
      <steeringAngle>0.24873333333333336</steeringAngle>
      <velocity>4.0</velocity>
      <orientation>2.619334603665769</orientation>
      <time>87</time>
    </ksState>
    <ksState>
      <x>450.6771755315557</x>
      <y>-349.2116014763441</y>
      <steeringAngle>0.2842666666666667</steeringAngle>
      <velocity>4.0</velocity>
      <orientation>2.661681837511217</orientation>
      <time>88</time>
    </ksState>
    <ksState>
      <x>450.2878650702975</x>
      <y>-349.0971216170271</y>
      <steeringAngle>0.31980000000000003</steeringAngle>
      <velocity>4.0</velocity>
      <orientation>2.710012518878352</orientation>
      <time>89</time>
    </ksState>
    <ksState>
      <x>449.88977655503544</x>
      <y>-349.0107892146365</y>
      <steeringAngle>0.35533333333333333</steeringAngle>
      <velocity>4.0</velocity>
      <orientation>2.7644607200566305</orientation>
      <time>90</time>
    </ksState>
    <ksState>
      <x>449.44707105503187</x>
      <y>-348.94128861481613</y>
      <steeringAngle>0.31979999999999975</steeringAngle>
      <velocity>4.800000000000001</velocity>
      <orientation>2.824250555088379</orientation>
      <time>91</time>
    </ksState>
    <ksState>
      <x>448.92300436058207</x>
      <y>-348.8805565223099</y>
      <steeringAngle>0.28426666666666645</steeringAngle>
      <velocity>5.600000000000004</velocity>
      <orientation>2.8869796552197027</orientation>
      <time>92</time>
    </ksState>
    <ksState>
      <x>448.3179050777407</x>
      <y>-348.8363597823102</y>
      <steeringAngle>0.2487333333333331</steeringAngle>
      <velocity>6.400000000000004</velocity>
      <orientation>2.9504017919123786</orientation>
      <time>93</time>
    </ksState>
    <ksState>
      <x>447.63258143113666</x>
      <y>-348.8153856452531</y>
      <steeringAngle>0.21319999999999992</steeringAngle>
      <velocity>7.200000000000004</velocity>
      <orientation>3.0123188805901773</orientation>
      <time>94</time>
    </ksState>
    <ksState>
      <x>446.86814336269987</x>
      <y>-348.82254094219104</y>
      <steeringAngle>0.17766666666666656</steeringAngle>
      <velocity>8.000000000000004</velocity>
      <orientation>3.0705682101911425</orientation>
      <time>95</time>
    </ksState>
    <ksState>
      <x>446.105632907119</x>
      <y>-348.8638864328322</y>
      <steeringAngle>0.17766666666666667</steeringAngle>
      <velocity>7.2</velocity>
      <orientation>3.12348413763552</orientation>
      <time>96</time>
    </ksState>
    <ksState>
      <x>445.42608172711164</x>
      <y>-348.93502222355386</y>
      <steeringAngle>0.17766666666666667</steeringAngle>
      <velocity>6.4</velocity>
      <orientation>3.170829967428331</orientation>
      <time>97</time>
    </ksState>
    <ksState>
      <x>444.8298566347204</x>
      <y>-349.02443861814595</y>
      <steeringAngle>0.17766666666666667</steeringAngle>
      <velocity>5.599999999999999</velocity>
      <orientation>3.212605699583516</orientation>
      <time>98</time>
    </ksState>
    <ksState>
      <x>444.31653245351265</x>
      <y>-349.1220182128486</y>
      <steeringAngle>0.17766666666666667</steeringAngle>
      <velocity>4.799999999999999</velocity>
      <orientation>3.24881133410503</orientation>
      <time>99</time>
    </ksState>
  </ksTrajectory>
</CommonRoadSolution>
