<?xml version="1.0" ?>
<CommonRoadSolution benchmark_id="KS2:SM1:DEU_Guetersloh-7_2_T-1:2020a" computation_time="1.2307534459996532" date="2023-01-12T15:00:04">
  <ksTrajectory planningProblem="1">
    <ksState>
      <x>-863.16844</x>
      <y>649.41908</y>
      <steeringAngle>0.0</steeringAngle>
      <velocity>0.0</velocity>
      <orientation>2.964863</orientation>
      <time>0</time>
    </ksState>
    <ksState>
      <x>-863.2077238963966</x>
      <y>649.4266329736204</y>
      <steeringAngle>-0.03553333333333333</steeringAngle>
      <velocity>0.8</velocity>
      <orientation>2.9644954682217577</orientation>
      <time>1</time>
    </ksState>
    <ksState>
      <x>-863.3251725197883</x>
      <y>649.451514971165</y>
      <steeringAngle>-0.0710666666666667</steeringAngle>
      <velocity>1.6</velocity>
      <orientation>2.961920621629772</orientation>
      <time>2</time>
    </ksState>
    <ksState>
      <x>-863.5200204210017</x>
      <y>649.4976930798339</y>
      <steeringAngle>-0.10660000000000003</steeringAngle>
      <velocity>2.4000000000000004</velocity>
      <orientation>2.954919917392935</orientation>
      <time>3</time>
    </ksState>
    <ksState>
      <x>-863.7910705353108</x>
      <y>649.5705297323111</y>
      <steeringAngle>-0.14213333333333342</steeringAngle>
      <velocity>3.2000000000000015</velocity>
      <orientation>2.941252276452115</orientation>
      <time>4</time>
    </ksState>
    <ksState>
      <x>-864.1363049161617</x>
      <y>649.677453031504</y>
      <steeringAngle>-0.17766666666666683</steeringAngle>
      <velocity>4.0000000000000036</velocity>
      <orientation>2.9186423605788945</orientation>
      <time>5</time>
    </ksState>
    <ksState>
      <x>-864.5158247270277</x>
      <y>649.8098322943054</y>
      <steeringAngle>-0.17766666666666667</steeringAngle>
      <velocity>4.0</velocity>
      <orientation>2.8907918724236388</orientation>
      <time>6</time>
    </ksState>
    <ksState>
      <x>-864.8915110451123</x>
      <y>649.9527286719988</y>
      <steeringAngle>-0.17766666666666667</steeringAngle>
      <velocity>4.0</velocity>
      <orientation>2.8629413842683826</orientation>
      <time>7</time>
    </ksState>
    <ksState>
      <x>-865.2630724542969</x>
      <y>650.1060313293232</y>
      <steeringAngle>-0.17766666666666667</steeringAngle>
      <velocity>4.0</velocity>
      <orientation>2.835090896113127</orientation>
      <time>8</time>
    </ksState>
    <ksState>
      <x>-865.6302207715293</x>
      <y>650.2696213644707</y>
      <steeringAngle>-0.17766666666666667</steeringAngle>
      <velocity>4.0</velocity>
      <orientation>2.8072404079578708</orientation>
      <time>9</time>
    </ksState>
    <ksState>
      <x>-865.9926712362757</x>
      <y>650.4433718980433</y>
      <steeringAngle>-0.17766666666666667</steeringAngle>
      <velocity>4.0</velocity>
      <orientation>2.779389919802615</orientation>
      <time>10</time>
    </ksState>
    <ksState>
      <x>-866.3875265270477</x>
      <y>650.6414053283263</y>
      <steeringAngle>-0.14213333333333333</steeringAngle>
      <velocity>4.8000000000000025</velocity>
      <orientation>2.7519650200842625</orientation>
      <time>11</time>
    </ksState>
    <ksState>
      <x>-866.8519118341143</x>
      <y>650.878114818933</y>
      <steeringAngle>-0.10660000000000003</steeringAngle>
      <velocity>5.600000000000005</velocity>
      <orientation>2.7268488078053448</orientation>
      <time>12</time>
    </ksState>
    <ksState>
      <x>-867.3862345059042</x>
      <y>651.1526553785056</y>
      <steeringAngle>-0.07106666666666671</steeringAngle>
      <velocity>6.400000000000004</velocity>
      <orientation>2.706217038205885</orientation>
      <time>13</time>
    </ksState>
    <ksState>
      <x>-867.992034067598</x>
      <y>651.462196798643</y>
      <steeringAngle>-0.035533333333333375</steeringAngle>
      <velocity>7.200000000000006</velocity>
      <orientation>2.692240370113093</orientation>
      <time>14</time>
    </ksState>
    <ksState>
      <x>-868.6722491078663</x>
      <y>651.8012682297846</y>
      <steeringAngle>-2.6346112791397758e-17</steeringAngle>
      <velocity>8.000000000000007</velocity>
      <orientation>2.6870953573335243</orientation>
      <time>15</time>
    </ksState>
    <ksState>
      <x>-869.3869245791867</x>
      <y>652.1608334476016</y>
      <steeringAngle>-0.03553333333333333</steeringAngle>
      <velocity>8.0</velocity>
      <orientation>2.6815828223306855</orientation>
      <time>16</time>
    </ksState>
    <ksState>
      <x>-870.0904949349922</x>
      <y>652.5422699802925</y>
      <steeringAngle>-0.07106666666666667</steeringAngle>
      <velocity>8.0</velocity>
      <orientation>2.665031301450416</orientation>
      <time>17</time>
    </ksState>
    <ksState>
      <x>-870.7780307146145</x>
      <y>652.9530508395862</y>
      <steeringAngle>-0.10659999999999997</steeringAngle>
      <velocity>8.0</velocity>
      <orientation>2.637398822159721</orientation>
      <time>18</time>
    </ksState>
    <ksState>
      <x>-871.4435987510128</x>
      <y>653.4001534932114</y>
      <steeringAngle>-0.1421333333333333</steeringAngle>
      <velocity>8.0</velocity>
      <orientation>2.5986149698869863</orientation>
      <time>19</time>
    </ksState>
    <ksState>
      <x>-872.0800289043926</x>
      <y>653.8898289129581</y>
      <steeringAngle>-0.17766666666666667</steeringAngle>
      <velocity>8.0</velocity>
      <orientation>2.5485801576378315</orientation>
      <time>20</time>
    </ksState>
    <ksState>
      <x>-872.6845513389297</x>
      <y>654.4196077053701</y>
      <steeringAngle>-0.17766666666666667</steeringAngle>
      <velocity>8.0</velocity>
      <orientation>2.4928791813273197</orientation>
      <time>21</time>
    </ksState>
    <ksState>
      <x>-873.2586423121384</x>
      <y>654.9822199665589</y>
      <steeringAngle>-0.17766666666666667</steeringAngle>
      <velocity>8.0</velocity>
      <orientation>2.437178205016808</orientation>
      <time>22</time>
    </ksState>
    <ksState>
      <x>-873.8005210819684</x>
      <y>655.5759205678754</y>
      <steeringAngle>-0.17766666666666667</steeringAngle>
      <velocity>8.0</velocity>
      <orientation>2.3814772287062964</orientation>
      <time>23</time>
    </ksState>
    <ksState>
      <x>-874.3085068507454</x>
      <y>656.1988679708526</y>
      <steeringAngle>-0.17766666666666667</steeringAngle>
      <velocity>8.0</velocity>
      <orientation>2.3257762523957846</orientation>
      <time>24</time>
    </ksState>
    <ksState>
      <x>-874.7810239500116</x>
      <y>656.8491299201887</y>
      <steeringAngle>-0.17766666666666667</steeringAngle>
      <velocity>8.0</velocity>
      <orientation>2.2700752760852727</orientation>
      <time>25</time>
    </ksState>
    <ksState>
      <x>-875.1957260932672</x>
      <y>657.4903426593368</y>
      <steeringAngle>-0.17766666666666667</steeringAngle>
      <velocity>7.2</velocity>
      <orientation>2.2171593486408954</orientation>
      <time>26</time>
    </ksState>
    <ksState>
      <x>-875.5375683148784</x>
      <y>658.0819455688079</y>
      <steeringAngle>-0.17766666666666667</steeringAngle>
      <velocity>6.4</velocity>
      <orientation>2.169813518848084</orientation>
      <time>27</time>
    </ksState>
    <ksState>
      <x>-875.8156470000945</x>
      <y>658.6168772441156</y>
      <steeringAngle>-0.17766666666666667</steeringAngle>
      <velocity>5.599999999999999</velocity>
      <orientation>2.1280377866928992</orientation>
      <time>28</time>
    </ksState>
    <ksState>
      <x>-876.038397571639</x>
      <y>659.0895353395625</y>
      <steeringAngle>-0.17766666666666667</steeringAngle>
      <velocity>4.799999999999999</velocity>
      <orientation>2.091832152171385</orientation>
      <time>29</time>
    </ksState>
    <ksState>
      <x>-876.2134124975823</x>
      <y>659.4955577529745</y>
      <steeringAngle>-0.17766666666666667</steeringAngle>
      <velocity>4.0</velocity>
      <orientation>2.061196615282055</orientation>
      <time>30</time>
    </ksState>
    <ksState>
      <x>-876.3473019869655</x>
      <y>659.8316209345556</y>
      <steeringAngle>-0.17766666666666667</steeringAngle>
      <velocity>3.2000000000000006</velocity>
      <orientation>2.0361311760138774</orientation>
      <time>31</time>
    </ksState>
    <ksState>
      <x>-876.445590203517</x>
      <y>660.0952612659855</y>
      <steeringAngle>-0.17766666666666667</steeringAngle>
      <velocity>2.4000000000000012</velocity>
      <orientation>2.0166358343838473</orientation>
      <time>32</time>
    </ksState>
    <ksState>
      <x>-876.5126401449237</x>
      <y>660.2847240729283</y>
      <steeringAngle>-0.17766666666666667</steeringAngle>
      <velocity>1.6000000000000005</velocity>
      <orientation>2.0027105903848668</orientation>
      <time>33</time>
    </ksState>
  </ksTrajectory>
</CommonRoadSolution>
