<?xml version="1.0" ?>
<CommonRoadSolution benchmark_id="KS2:SM1:DEU_Guetersloh-50_1_T-1:2020a" computation_time="0.6462967209999988" date="2023-01-12T15:00:04">
  <ksTrajectory planningProblem="1">
    <ksState>
      <x>-592.6499</x>
      <y>-788.2005</y>
      <steeringAngle>0.0</steeringAngle>
      <velocity>4.0</velocity>
      <orientation>1.7627243</orientation>
      <time>0</time>
    </ksState>
    <ksState>
      <x>-592.7219895044833</x>
      <y>-787.8070321916757</y>
      <steeringAngle>-0.035533333333333326</steeringAngle>
      <velocity>4.0</velocity>
      <orientation>1.7599680254673995</orientation>
      <time>1</time>
    </ksState>
    <ksState>
      <x>-592.7841892312478</x>
      <y>-787.4117290666738</y>
      <steeringAngle>-0.07106666666666711</steeringAngle>
      <velocity>4.0</velocity>
      <orientation>1.751692264924114</orientation>
      <time>2</time>
    </ksState>
    <ksState>
      <x>-592.834255895512</x>
      <y>-787.0144006493477</y>
      <steeringAngle>-0.10660000000000043</steeringAngle>
      <velocity>4.0</velocity>
      <orientation>1.7378760251049772</orientation>
      <time>3</time>
    </ksState>
    <ksState>
      <x>-592.8698852887335</x>
      <y>-786.6150557234405</y>
      <steeringAngle>-0.14213333333333378</steeringAngle>
      <velocity>4.0</velocity>
      <orientation>1.7184840987194314</orientation>
      <time>4</time>
    </ksState>
    <ksState>
      <x>-592.8887106730784</x>
      <y>-786.213944009101</y>
      <steeringAngle>-0.1776666666666672</steeringAngle>
      <velocity>4.0</velocity>
      <orientation>1.6934666922680341</orientation>
      <time>5</time>
    </ksState>
    <ksState>
      <x>-592.8890386763859</x>
      <y>-785.8518460980072</y>
      <steeringAngle>-0.21319999999999997</steeringAngle>
      <velocity>3.2</velocity>
      <orientation>1.6659251467045995</orientation>
      <time>6</time>
    </ksState>
    <ksState>
      <x>-592.8761133084018</x>
      <y>-785.5698325622941</y>
      <steeringAngle>-0.24873333333333342</steeringAngle>
      <velocity>2.4000000000000004</velocity>
      <orientation>1.64048691631795</orientation>
      <time>7</time>
    </ksState>
    <ksState>
      <x>-592.8580550635063</x>
      <y>-785.3684164035955</y>
      <steeringAngle>-0.2842666666666668</steeringAngle>
      <velocity>1.600000000000001</velocity>
      <orientation>1.6194120165273702</orientation>
      <time>8</time>
    </ksState>
    <ksState>
      <x>-592.8425741246283</x>
      <y>-785.2476729155172</y>
      <steeringAngle>-0.3197999999999999</steeringAngle>
      <velocity>0.8000000000000007</velocity>
      <orientation>1.605013589226666</orientation>
      <time>9</time>
    </ksState>
    <ksState>
      <x>-592.836241545344</x>
      <y>-785.2074532155984</y>
      <steeringAngle>-0.3553333333333332</steeringAngle>
      <velocity>5.551115123125783e-16</velocity>
      <orientation>1.5996719475909367</orientation>
      <time>10</time>
    </ksState>
    <ksState>
      <x>-592.836241545344</x>
      <y>-785.2074532155984</y>
      <steeringAngle>-0.3198</steeringAngle>
      <velocity>0.0</velocity>
      <orientation>1.5996719475909367</orientation>
      <time>11</time>
    </ksState>
    <ksState>
      <x>-592.836241545344</x>
      <y>-785.2074532155984</y>
      <steeringAngle>-0.2842666666666666</steeringAngle>
      <velocity>0.0</velocity>
      <orientation>1.5996719475909367</orientation>
      <time>12</time>
    </ksState>
    <ksState>
      <x>-592.836241545344</x>
      <y>-785.2074532155984</y>
      <steeringAngle>-0.24873333333333333</steeringAngle>
      <velocity>0.0</velocity>
      <orientation>1.5996719475909367</orientation>
      <time>13</time>
    </ksState>
    <ksState>
      <x>-592.836241545344</x>
      <y>-785.2074532155984</y>
      <steeringAngle>-0.21320000000000003</steeringAngle>
      <velocity>0.0</velocity>
      <orientation>1.5996719475909367</orientation>
      <time>14</time>
    </ksState>
    <ksState>
      <x>-592.836241545344</x>
      <y>-785.2074532155984</y>
      <steeringAngle>-0.1776666666666667</steeringAngle>
      <velocity>0.0</velocity>
      <orientation>1.5996719475909367</orientation>
      <time>15</time>
    </ksState>
    <ksState>
      <x>-592.8339229005951</x>
      <y>-785.1673737274614</y>
      <steeringAngle>-0.14213333333333333</steeringAngle>
      <velocity>0.8</velocity>
      <orientation>1.597264450380134</orientation>
      <time>16</time>
    </ksState>
    <ksState>
      <x>-592.8285971888258</x>
      <y>-785.0472147064587</y>
      <steeringAngle>-0.10660000000000001</steeringAngle>
      <velocity>1.6</velocity>
      <orientation>1.5915401637597995</orientation>
      <time>17</time>
    </ksState>
    <ksState>
      <x>-592.8223232422159</x>
      <y>-784.8470762622981</y>
      <steeringAngle>-0.07106666666666664</steeringAngle>
      <velocity>2.4000000000000004</velocity>
      <orientation>1.5847246499968208</orientation>
      <time>18</time>
    </ksState>
    <ksState>
      <x>-592.8172248019232</x>
      <y>-784.5670029913061</y>
      <steeringAngle>-0.03553333333333332</steeringAngle>
      <velocity>3.1999999999999993</velocity>
      <orientation>1.5790237292838911</orientation>
      <time>19</time>
    </ksState>
    <ksState>
      <x>-592.8162097592358</x>
      <y>-784.2069870686636</y>
      <steeringAngle>2.6020852139652106e-18</steeringAngle>
      <velocity>3.999999999999999</velocity>
      <orientation>1.5766349776955642</orientation>
      <time>20</time>
    </ksState>
    <ksState>
      <x>-592.8183116616117</x>
      <y>-783.8469932058458</y>
      <steeringAngle>0.0</steeringAngle>
      <velocity>3.2</velocity>
      <orientation>1.5766349776955642</orientation>
      <time>21</time>
    </ksState>
    <ksState>
      <x>-592.8199464745688</x>
      <y>-783.56699797954</y>
      <steeringAngle>0.0</steeringAngle>
      <velocity>2.4000000000000004</velocity>
      <orientation>1.5766349776955642</orientation>
      <time>22</time>
    </ksState>
    <ksState>
      <x>-592.8211141981078</x>
      <y>-783.3670013896443</y>
      <steeringAngle>0.0</steeringAngle>
      <velocity>1.6</velocity>
      <orientation>1.5766349776955642</orientation>
      <time>23</time>
    </ksState>
    <ksState>
      <x>-592.8218148322287</x>
      <y>-783.2470034361181</y>
      <steeringAngle>0.0</steeringAngle>
      <velocity>0.7999999999999998</velocity>
      <orientation>1.5766349776955642</orientation>
      <time>24</time>
    </ksState>
    <ksState>
      <x>-592.822048376932</x>
      <y>-783.2070041189085</y>
      <steeringAngle>0.0</steeringAngle>
      <velocity>-3.3306690738754696e-16</velocity>
      <orientation>1.5766349776955642</orientation>
      <time>25</time>
    </ksState>
    <ksState>
      <x>-592.822048376932</x>
      <y>-783.2070041189085</y>
      <steeringAngle>0.0</steeringAngle>
      <velocity>0.0</velocity>
      <orientation>1.5766349776955642</orientation>
      <time>26</time>
    </ksState>
    <ksState>
      <x>-592.822048376932</x>
      <y>-783.2070041189085</y>
      <steeringAngle>0.0</steeringAngle>
      <velocity>0.0</velocity>
      <orientation>1.5766349776955642</orientation>
      <time>27</time>
    </ksState>
    <ksState>
      <x>-592.822048376932</x>
      <y>-783.2070041189085</y>
      <steeringAngle>0.0</steeringAngle>
      <velocity>0.0</velocity>
      <orientation>1.5766349776955642</orientation>
      <time>28</time>
    </ksState>
    <ksState>
      <x>-592.822048376932</x>
      <y>-783.2070041189085</y>
      <steeringAngle>0.0</steeringAngle>
      <velocity>0.0</velocity>
      <orientation>1.5766349776955642</orientation>
      <time>29</time>
    </ksState>
    <ksState>
      <x>-592.822048376932</x>
      <y>-783.2070041189085</y>
      <steeringAngle>0.0</steeringAngle>
      <velocity>0.0</velocity>
      <orientation>1.5766349776955642</orientation>
      <time>30</time>
    </ksState>
    <ksState>
      <x>-592.822048376932</x>
      <y>-783.2070041189085</y>
      <steeringAngle>0.0</steeringAngle>
      <velocity>0.0</velocity>
      <orientation>1.5766349776955642</orientation>
      <time>31</time>
    </ksState>
    <ksState>
      <x>-592.822048376932</x>
      <y>-783.2070041189085</y>
      <steeringAngle>0.0</steeringAngle>
      <velocity>0.0</velocity>
      <orientation>1.5766349776955642</orientation>
      <time>32</time>
    </ksState>
    <ksState>
      <x>-592.822048376932</x>
      <y>-783.2070041189085</y>
      <steeringAngle>0.0</steeringAngle>
      <velocity>0.0</velocity>
      <orientation>1.5766349776955642</orientation>
      <time>33</time>
    </ksState>
  </ksTrajectory>
</CommonRoadSolution>
