<?xml version="1.0" ?>
<CommonRoadSolution benchmark_id="KS2:SM1:BEL_Putte-10_2_T-1:2020a" computation_time="0.589342477000173" date="2023-01-12T15:00:04">
  <ksTrajectory planningProblem="1">
    <ksState>
      <x>65.630609</x>
      <y>1.1482173000000002</y>
      <steeringAngle>0.0</steeringAngle>
      <velocity>12.0</velocity>
      <orientation>-1.1151146</orientation>
      <time>0</time>
    </ksState>
    <ksState>
      <x>66.12825113098584</x>
      <y>0.10034494174995623</y>
      <steeringAngle>-0.03553333333333333</steeringAngle>
      <velocity>11.200000000000001</velocity>
      <orientation>-1.1230158737723441</orientation>
      <time>1</time>
    </ksState>
    <ksState>
      <x>66.55751304836512</x>
      <y>-0.8911201493155081</y>
      <steeringAngle>-0.07106666666666667</steeringAngle>
      <velocity>10.400000000000007</velocity>
      <orientation>-1.145268304570834</orientation>
      <time>2</time>
    </ksState>
    <ksState>
      <x>66.91062957853988</x>
      <y>-1.8278687850582889</y>
      <steeringAngle>-0.10660000000000001</steeringAngle>
      <velocity>9.60000000000001</velocity>
      <orientation>-1.1797163154555057</orientation>
      <time>3</time>
    </ksState>
    <ksState>
      <x>67.18414197721722</x>
      <y>-2.708400051561907</y>
      <steeringAngle>-0.14213333333333344</steeringAngle>
      <velocity>8.800000000000008</velocity>
      <orientation>-1.2242244475763506</orientation>
      <time>4</time>
    </ksState>
    <ksState>
      <x>67.37860901282609</x>
      <y>-3.528803833685532</y>
      <steeringAngle>-0.17766666666666675</steeringAngle>
      <velocity>8.000000000000009</velocity>
      <orientation>-1.276666745391332</orientation>
      <time>5</time>
    </ksState>
    <ksState>
      <x>67.52194433999995</x>
      <y>-4.319053802710651</y>
      <steeringAngle>-0.14213333333333336</steeringAngle>
      <velocity>8.0</velocity>
      <orientation>-1.3267015569400804</orientation>
      <time>6</time>
    </ksState>
    <ksState>
      <x>67.64567093669496</x>
      <y>-5.111353013108799</y>
      <steeringAngle>-0.1066000000000001</steeringAngle>
      <velocity>8.0</velocity>
      <orientation>-1.3654854089470778</orientation>
      <time>7</time>
    </ksState>
    <ksState>
      <x>67.75860666800457</x>
      <y>-5.9043273852547955</y>
      <steeringAngle>-0.07106666666666674</steeringAngle>
      <velocity>8.0</velocity>
      <orientation>-1.3931178879767647</orientation>
      <time>8</time>
    </ksState>
    <ksState>
      <x>67.86954274007063</x>
      <y>-6.696960766360013</y>
      <steeringAngle>-0.035533333333333354</steeringAngle>
      <velocity>8.0</velocity>
      <orientation>-1.4096694086057941</orientation>
      <time>9</time>
    </ksState>
    <ksState>
      <x>67.98723956858272</x>
      <y>-7.488300618669568</y>
      <steeringAngle>-2.0816681711721685e-17</steeringAngle>
      <velocity>8.0</velocity>
      <orientation>-1.415181935064199</orientation>
      <time>10</time>
    </ksState>
    <ksState>
      <x>68.12042562002024</x>
      <y>-8.277166672492067</y>
      <steeringAngle>0.03553333333333333</steeringAngle>
      <velocity>8.0</velocity>
      <orientation>-1.40966940006136</orientation>
      <time>11</time>
    </ksState>
    <ksState>
      <x>68.27778327642007</x>
      <y>-9.06186001515013</y>
      <steeringAngle>0.07106666666666667</steeringAngle>
      <velocity>8.0</velocity>
      <orientation>-1.3931178791810905</orientation>
      <time>12</time>
    </ksState>
    <ksState>
      <x>68.4679057347349</x>
      <y>-9.839870177980403</y>
      <steeringAngle>0.10659999999999997</steeringAngle>
      <velocity>8.0</velocity>
      <orientation>-1.3654853998903957</orientation>
      <time>13</time>
    </ksState>
    <ksState>
      <x>68.69920816152892</x>
      <y>-10.60758156991936</y>
      <steeringAngle>0.1421333333333333</steeringAngle>
      <velocity>8.0</velocity>
      <orientation>-1.3267015476176607</orientation>
      <time>14</time>
    </ksState>
    <ksState>
      <x>68.97977566600211</x>
      <y>-11.359982548300584</y>
      <steeringAngle>0.17766666666666667</steeringAngle>
      <velocity>8.0</velocity>
      <orientation>-1.2766667353685062</orientation>
      <time>15</time>
    </ksState>
    <ksState>
      <x>69.29905436797875</x>
      <y>-12.096936508887234</y>
      <steeringAngle>0.14213333333333336</steeringAngle>
      <velocity>8.0</velocity>
      <orientation>-1.2266319238197578</orientation>
      <time>16</time>
    </ksState>
    <ksState>
      <x>69.63578288071281</x>
      <y>-12.824714097329725</y>
      <steeringAngle>0.1066000000000001</steeringAngle>
      <velocity>8.0</velocity>
      <orientation>-1.1878480718127604</orientation>
      <time>17</time>
    </ksState>
    <ksState>
      <x>69.98186305660016</x>
      <y>-13.547065359628448</y>
      <steeringAngle>0.07106666666666674</steeringAngle>
      <velocity>8.0</velocity>
      <orientation>-1.1602155927830735</orientation>
      <time>18</time>
    </ksState>
    <ksState>
      <x>70.3294175443201</x>
      <y>-14.268023310547553</y>
      <steeringAngle>0.035533333333333354</steeringAngle>
      <velocity>8.0</velocity>
      <orientation>-1.143664072154044</orientation>
      <time>19</time>
    </ksState>
    <ksState>
      <x>70.67062990822478</x>
      <y>-14.991656800660946</y>
      <steeringAngle>2.0816681711721685e-17</steeringAngle>
      <velocity>8.0</velocity>
      <orientation>-1.1381515456956393</orientation>
      <time>20</time>
    </ksState>
    <ksState>
      <x>70.98927765930395</x>
      <y>-15.68163043032176</y>
      <steeringAngle>0.0</steeringAngle>
      <velocity>7.200000000000001</velocity>
      <orientation>-1.1381515456956393</orientation>
      <time>21</time>
    </ksState>
    <ksState>
      <x>71.274383541693</x>
      <y>-16.29897525652373</y>
      <steeringAngle>0.0</steeringAngle>
      <velocity>6.400000000000001</velocity>
      <orientation>-1.1381515456956393</orientation>
      <time>22</time>
    </ksState>
    <ksState>
      <x>71.52594755547582</x>
      <y>-16.843691279448556</y>
      <steeringAngle>0.0</steeringAngle>
      <velocity>5.600000000000001</velocity>
      <orientation>-1.1381515456956393</orientation>
      <time>23</time>
    </ksState>
    <ksState>
      <x>71.74396970067616</x>
      <y>-17.31577849914758</y>
      <steeringAngle>0.0</steeringAngle>
      <velocity>4.800000000000001</velocity>
      <orientation>-1.1381515456956393</orientation>
      <time>24</time>
    </ksState>
    <ksState>
      <x>71.92844997730269</x>
      <y>-17.715236915639633</y>
      <steeringAngle>0.0</steeringAngle>
      <velocity>4.000000000000001</velocity>
      <orientation>-1.1381515456956393</orientation>
      <time>25</time>
    </ksState>
    <ksState>
      <x>72.0793883854221</x>
      <y>-18.042066529069103</y>
      <steeringAngle>0.0</steeringAngle>
      <velocity>3.2</velocity>
      <orientation>-1.1381515456956393</orientation>
      <time>26</time>
    </ksState>
    <ksState>
      <x>72.19678492493206</x>
      <y>-18.296267339214413</y>
      <steeringAngle>0.0</steeringAngle>
      <velocity>2.4000000000000004</velocity>
      <orientation>-1.1381515456956393</orientation>
      <time>27</time>
    </ksState>
    <ksState>
      <x>72.28063959587529</x>
      <y>-18.47783934616807</y>
      <steeringAngle>0.0</steeringAngle>
      <velocity>1.6</velocity>
      <orientation>-1.1381515456956393</orientation>
      <time>28</time>
    </ksState>
    <ksState>
      <x>72.3309523982688</x>
      <y>-18.586782549966898</y>
      <steeringAngle>0.0</steeringAngle>
      <velocity>0.7999999999999998</velocity>
      <orientation>-1.1381515456956393</orientation>
      <time>29</time>
    </ksState>
    <ksState>
      <x>72.34772333213479</x>
      <y>-18.623096950658987</y>
      <steeringAngle>0.0</steeringAngle>
      <velocity>-3.3306690738754696e-16</velocity>
      <orientation>-1.1381515456956393</orientation>
      <time>30</time>
    </ksState>
    <ksState>
      <x>72.34772333213479</x>
      <y>-18.623096950658987</y>
      <steeringAngle>0.0</steeringAngle>
      <velocity>0.0</velocity>
      <orientation>-1.1381515456956393</orientation>
      <time>31</time>
    </ksState>
    <ksState>
      <x>72.34772333213479</x>
      <y>-18.623096950658987</y>
      <steeringAngle>0.0</steeringAngle>
      <velocity>0.0</velocity>
      <orientation>-1.1381515456956393</orientation>
      <time>32</time>
    </ksState>
    <ksState>
      <x>72.34772333213479</x>
      <y>-18.623096950658987</y>
      <steeringAngle>0.0</steeringAngle>
      <velocity>0.0</velocity>
      <orientation>-1.1381515456956393</orientation>
      <time>33</time>
    </ksState>
  </ksTrajectory>
</CommonRoadSolution>
