<?xml version="1.0" ?>
<CommonRoadSolution benchmark_id="KS2:SM1:DEU_Guetersloh-30_1_T-1:2020a" computation_time="2.284225778000291" date="2023-01-12T15:00:04">
  <ksTrajectory planningProblem="1">
    <ksState>
      <x>156.49843</x>
      <y>-44.752191</y>
      <steeringAngle>0.0</steeringAngle>
      <velocity>4.0</velocity>
      <orientation>1.9334124</orientation>
      <time>0</time>
    </ksState>
    <ksState>
      <x>156.36055345694373</x>
      <y>-44.37668617750232</y>
      <steeringAngle>-0.035533333333333326</steeringAngle>
      <velocity>4.0</velocity>
      <orientation>1.9306561254673995</orientation>
      <time>1</time>
    </ksState>
    <ksState>
      <x>156.23211122674562</x>
      <y>-43.997692826442524</y>
      <steeringAngle>-0.07106666666666711</steeringAngle>
      <velocity>4.0</velocity>
      <orientation>1.922380364924114</orientation>
      <time>2</time>
    </ksState>
    <ksState>
      <x>156.11528172568356</x>
      <y>-43.61464268642548</y>
      <steeringAngle>-0.10660000000000043</steeringAngle>
      <velocity>4.0</velocity>
      <orientation>1.9085641251049772</orientation>
      <time>3</time>
    </ksState>
    <ksState>
      <x>156.01233716982742</x>
      <y>-43.227153019558415</y>
      <steeringAngle>-0.14213333333333378</steeringAngle>
      <velocity>4.0</velocity>
      <orientation>1.8891721987194314</orientation>
      <time>4</time>
    </ksState>
    <ksState>
      <x>155.9256523214456</x>
      <y>-42.835067901839054</y>
      <steeringAngle>-0.1776666666666672</steeringAngle>
      <velocity>4.0</velocity>
      <orientation>1.8641547922680342</orientation>
      <time>5</time>
    </ksState>
    <ksState>
      <x>155.8564982714848</x>
      <y>-42.48030504356494</y>
      <steeringAngle>-0.1421333333333333</steeringAngle>
      <velocity>3.1999999999999993</velocity>
      <orientation>1.841544877294592</orientation>
      <time>6</time>
    </ksState>
    <ksState>
      <x>155.80231726647258</x>
      <y>-42.20490561639863</y>
      <steeringAngle>-0.10659999999999997</steeringAngle>
      <velocity>2.3999999999999977</velocity>
      <orientation>1.8278772364238844</orientation>
      <time>7</time>
    </ksState>
    <ksState>
      <x>155.76182900546917</x>
      <y>-42.00879174025301</y>
      <steeringAngle>-0.07106666666666664</steeringAngle>
      <velocity>1.5999999999999976</velocity>
      <orientation>1.8208765305706653</orientation>
      <time>8</time>
    </ksState>
    <ksState>
      <x>155.73584712416283</x>
      <y>-41.8915805128284</y>
      <steeringAngle>-0.0355333333333333</steeringAngle>
      <velocity>0.7999999999999972</velocity>
      <orientation>1.818301686096698</orientation>
      <time>9</time>
    </ksState>
    <ksState>
      <x>155.72656318202198</x>
      <y>-41.85266929029971</y>
      <steeringAngle>2.5153490401663703e-17</steeringAngle>
      <velocity>-2.914335439641036e-15</velocity>
      <orientation>1.817934174518167</orientation>
      <time>10</time>
    </ksState>
    <ksState>
      <x>155.7162652983748</x>
      <y>-41.81401407695153</y>
      <steeringAngle>0.03553333333333333</steeringAngle>
      <velocity>0.8</velocity>
      <orientation>1.8183017062964089</orientation>
      <time>11</time>
    </ksState>
    <ksState>
      <x>155.6831824344115</x>
      <y>-41.69860689758032</y>
      <steeringAngle>0.0710666666666667</steeringAngle>
      <velocity>1.6</velocity>
      <orientation>1.8208765528883946</orientation>
      <time>12</time>
    </ksState>
    <ksState>
      <x>155.62341118129552</x>
      <y>-41.50749038958474</y>
      <steeringAngle>0.10660000000000003</steeringAngle>
      <velocity>2.4000000000000004</velocity>
      <orientation>1.8278772571252317</orientation>
      <time>13</time>
    </ksState>
    <ksState>
      <x>155.53168660603026</x>
      <y>-41.24223589913549</y>
      <steeringAngle>0.14213333333333342</steeringAngle>
      <velocity>3.2000000000000015</velocity>
      <orientation>1.841544898066052</orientation>
      <time>14</time>
    </ksState>
    <ksState>
      <x>155.4007409724348</x>
      <y>-40.90537894036208</y>
      <steeringAngle>0.17766666666666683</steeringAngle>
      <velocity>4.0000000000000036</velocity>
      <orientation>1.864154813939272</orientation>
      <time>15</time>
    </ksState>
    <ksState>
      <x>155.2303386968153</x>
      <y>-40.49783629888271</y>
      <steeringAngle>0.14213333333333333</steeringAngle>
      <velocity>4.8000000000000025</velocity>
      <orientation>1.8915797136576245</orientation>
      <time>16</time>
    </ksState>
    <ksState>
      <x>155.0261349391938</x>
      <y>-40.018267824381006</y>
      <steeringAngle>0.10660000000000003</steeringAngle>
      <velocity>5.600000000000005</velocity>
      <orientation>1.9166959259365424</orientation>
      <time>17</time>
    </ksState>
    <ksState>
      <x>154.78900071073676</x>
      <y>-39.46632526021942</y>
      <steeringAngle>0.07106666666666671</steeringAngle>
      <velocity>6.400000000000004</velocity>
      <orientation>1.937327695536002</orientation>
      <time>18</time>
    </ksState>
    <ksState>
      <x>154.52186541931349</x>
      <y>-38.84066741778053</y>
      <steeringAngle>0.035533333333333375</steeringAngle>
      <velocity>7.200000000000006</velocity>
      <orientation>1.9513043636287941</orientation>
      <time>19</time>
    </ksState>
    <ksState>
      <x>154.23038910013216</x>
      <y>-38.13873900848218</y>
      <steeringAngle>2.6346112791397758e-17</steeringAngle>
      <velocity>8.000000000000007</velocity>
      <orientation>1.9564493764083626</orientation>
      <time>20</time>
    </ksState>
    <ksState>
      <x>153.94450423090106</x>
      <y>-37.434558747157105</y>
      <steeringAngle>0.0</steeringAngle>
      <velocity>7.200000000000001</velocity>
      <orientation>1.9564493764083626</orientation>
      <time>21</time>
    </ksState>
    <ksState>
      <x>153.68871250593904</x>
      <y>-36.80450272420983</y>
      <steeringAngle>0.0</steeringAngle>
      <velocity>6.400000000000001</velocity>
      <orientation>1.9564493764083626</orientation>
      <time>22</time>
    </ksState>
    <ksState>
      <x>153.46301392517083</x>
      <y>-36.24857093945493</y>
      <steeringAngle>0.0</steeringAngle>
      <velocity>5.600000000000001</velocity>
      <orientation>1.9564493764083626</orientation>
      <time>23</time>
    </ksState>
    <ksState>
      <x>153.26740848857511</x>
      <y>-35.766763392839984</y>
      <steeringAngle>0.0</steeringAngle>
      <velocity>4.800000000000001</velocity>
      <orientation>1.9564493764083626</orientation>
      <time>24</time>
    </ksState>
    <ksState>
      <x>153.10189619614414</x>
      <y>-35.35908008434578</y>
      <steeringAngle>0.0</steeringAngle>
      <velocity>4.000000000000001</velocity>
      <orientation>1.9564493764083626</orientation>
      <time>25</time>
    </ksState>
    <ksState>
      <x>152.93638390288652</x>
      <y>-34.95139677381547</y>
      <steeringAngle>0.0</steeringAngle>
      <velocity>4.8</velocity>
      <orientation>1.9564493764083626</orientation>
      <time>26</time>
    </ksState>
    <ksState>
      <x>152.74077846545353</x>
      <y>-34.469589225138144</y>
      <steeringAngle>0.0</steeringAngle>
      <velocity>5.6</velocity>
      <orientation>1.9564493764083626</orientation>
      <time>27</time>
    </ksState>
    <ksState>
      <x>152.51507988385117</x>
      <y>-33.91365743832861</y>
      <steeringAngle>0.0</steeringAngle>
      <velocity>6.4</velocity>
      <orientation>1.9564493764083626</orientation>
      <time>28</time>
    </ksState>
    <ksState>
      <x>152.25928815808297</x>
      <y>-33.28360141339559</y>
      <steeringAngle>0.0</steeringAngle>
      <velocity>7.199999999999999</velocity>
      <orientation>1.9564493764083626</orientation>
      <time>29</time>
    </ksState>
    <ksState>
      <x>151.97340328815113</x>
      <y>-32.57942115034445</y>
      <steeringAngle>0.0</steeringAngle>
      <velocity>7.999999999999998</velocity>
      <orientation>1.9564493764083626</orientation>
      <time>30</time>
    </ksState>
    <ksState>
      <x>151.69550560913703</x>
      <y>-31.872020699047745</y>
      <steeringAngle>-0.03553333333333333</steeringAngle>
      <velocity>7.199999999999999</velocity>
      <orientation>1.9513043634258702</orientation>
      <time>31</time>
    </ksState>
    <ksState>
      <x>151.4653975250273</x>
      <y>-31.231851233640413</y>
      <steeringAngle>-0.07106666666666664</steeringAngle>
      <velocity>6.400000000000001</velocity>
      <orientation>1.9373276913049071</orientation>
      <time>32</time>
    </ksState>
    <ksState>
      <x>151.28328326103048</x>
      <y>-30.65943638867658</y>
      <steeringAngle>-0.10659999999999997</steeringAngle>
      <velocity>5.600000000000004</velocity>
      <orientation>1.9166959234390257</orientation>
      <time>33</time>
    </ksState>
  </ksTrajectory>
</CommonRoadSolution>
