<?xml version="1.0" ?>
<CommonRoadSolution benchmark_id="KS2:SM1:DEU_Hennigsdorf-5_1_T-1:2020a" computation_time="0.4564158570001382" date="2023-01-12T15:00:04">
  <ksTrajectory planningProblem="1">
    <ksState>
      <x>98.651677</x>
      <y>-727.25163</y>
      <steeringAngle>0.0</steeringAngle>
      <velocity>12.0</velocity>
      <orientation>1.4292004</orientation>
      <time>0</time>
    </ksState>
    <ksState>
      <x>98.81537996819988</x>
      <y>-726.1032392402544</y>
      <steeringAngle>0.0</steeringAngle>
      <velocity>11.200000000000001</velocity>
      <orientation>1.4292004</orientation>
      <time>1</time>
    </ksState>
    <ksState>
      <x>98.96779307645551</x>
      <y>-725.0340478437296</y>
      <steeringAngle>0.0</steeringAngle>
      <velocity>10.4</velocity>
      <orientation>1.4292004</orientation>
      <time>2</time>
    </ksState>
    <ksState>
      <x>99.1089163248106</x>
      <y>-724.0440558101192</y>
      <steeringAngle>0.0</steeringAngle>
      <velocity>9.599999999999998</velocity>
      <orientation>1.4292004</orientation>
      <time>3</time>
    </ksState>
    <ksState>
      <x>99.23874971327756</x>
      <y>-723.1332631393358</y>
      <steeringAngle>0.0</steeringAngle>
      <velocity>8.799999999999999</velocity>
      <orientation>1.4292004</orientation>
      <time>4</time>
    </ksState>
    <ksState>
      <x>99.35729324186046</x>
      <y>-722.3016698313511</y>
      <steeringAngle>0.0</steeringAngle>
      <velocity>7.999999999999997</velocity>
      <orientation>1.4292004</orientation>
      <time>5</time>
    </ksState>
    <ksState>
      <x>99.47940787791275</x>
      <y>-721.5110142863551</y>
      <steeringAngle>-0.03553333333333333</steeringAngle>
      <velocity>8.0</velocity>
      <orientation>1.4236878649971612</orientation>
      <time>6</time>
    </ksState>
    <ksState>
      <x>99.62575023698555</x>
      <y>-720.724192204827</y>
      <steeringAngle>-0.07106666666666667</steeringAngle>
      <velocity>8.0</velocity>
      <orientation>1.4071363441168916</orientation>
      <time>7</time>
    </ksState>
    <ksState>
      <x>99.80494786345345</x>
      <y>-719.9435933492737</y>
      <steeringAngle>-0.10659999999999997</steeringAngle>
      <velocity>8.0</velocity>
      <orientation>1.3795038648261968</orientation>
      <time>8</time>
    </ksState>
    <ksState>
      <x>100.0254657804075</x>
      <y>-719.1727149916477</y>
      <steeringAngle>-0.1421333333333333</steeringAngle>
      <velocity>8.0</velocity>
      <orientation>1.3407200125534617</orientation>
      <time>9</time>
    </ksState>
    <ksState>
      <x>100.29545855586451</x>
      <y>-718.4164549450788</y>
      <steeringAngle>-0.17766666666666667</steeringAngle>
      <velocity>8.0</velocity>
      <orientation>1.2906852003043072</orientation>
      <time>10</time>
    </ksState>
    <ksState>
      <x>100.61342931109084</x>
      <y>-717.67820868429</y>
      <steeringAngle>-0.17766666666666667</steeringAngle>
      <velocity>8.0</velocity>
      <orientation>1.2349842239937954</orientation>
      <time>11</time>
    </ksState>
    <ksState>
      <x>100.97200671399021</x>
      <y>-716.9588094570943</y>
      <steeringAngle>-0.17766666666666667</steeringAngle>
      <velocity>8.0</velocity>
      <orientation>1.1792832476832837</orientation>
      <time>12</time>
    </ksState>
    <ksState>
      <x>101.37007852031704</x>
      <y>-716.2604887269109</y>
      <steeringAngle>-0.17766666666666667</steeringAngle>
      <velocity>8.0</velocity>
      <orientation>1.1235822713727721</orientation>
      <time>13</time>
    </ksState>
    <ksState>
      <x>101.80640999231788</x>
      <y>-715.5854125425454</y>
      <steeringAngle>-0.17766666666666667</steeringAngle>
      <velocity>8.0</velocity>
      <orientation>1.0678812950622603</orientation>
      <time>14</time>
    </ksState>
    <ksState>
      <x>102.27964771928826</x>
      <y>-714.935674852685</y>
      <steeringAngle>-0.17766666666666667</steeringAngle>
      <velocity>8.0</velocity>
      <orientation>1.0121803187517484</orientation>
      <time>15</time>
    </ksState>
    <ksState>
      <x>102.78047387828788</x>
      <y>-714.3078108642114</y>
      <steeringAngle>-0.14213333333333336</steeringAngle>
      <velocity>8.0</velocity>
      <orientation>0.962145507203</orientation>
      <time>16</time>
    </ksState>
    <ksState>
      <x>103.29574423550672</x>
      <y>-713.6933657743142</y>
      <steeringAngle>-0.1066000000000001</steeringAngle>
      <velocity>8.0</velocity>
      <orientation>0.9233616551960027</orientation>
      <time>17</time>
    </ksState>
    <ksState>
      <x>103.81862255409496</x>
      <y>-713.0866029720289</y>
      <steeringAngle>-0.07106666666666674</steeringAngle>
      <velocity>8.0</velocity>
      <orientation>0.8957291761663158</orientation>
      <time>18</time>
    </ksState>
    <ksState>
      <x>104.34255968758887</x>
      <y>-712.4815704364789</y>
      <steeringAngle>-0.035533333333333354</steeringAngle>
      <velocity>8.0</velocity>
      <orientation>0.8791776555372863</orientation>
      <time>19</time>
    </ksState>
    <ksState>
      <x>104.8610746549373</x>
      <y>-711.872297481285</y>
      <steeringAngle>-2.0816681711721685e-17</steeringAngle>
      <velocity>8.0</velocity>
      <orientation>0.8736651290788815</orientation>
      <time>20</time>
    </ksState>
    <ksState>
      <x>105.38181575272526</x>
      <y>-711.2649451253618</y>
      <steeringAngle>-0.03553333333333333</steeringAngle>
      <velocity>8.0</velocity>
      <orientation>0.8681525940760427</orientation>
      <time>21</time>
    </ksState>
    <ksState>
      <x>105.921119404869</x>
      <y>-710.6736274063443</y>
      <steeringAngle>-0.07106666666666667</steeringAngle>
      <velocity>8.0</velocity>
      <orientation>0.851601073195773</orientation>
      <time>22</time>
    </ksState>
    <ksState>
      <x>106.48505537428834</x>
      <y>-710.1049248610556</y>
      <steeringAngle>-0.10659999999999997</steeringAngle>
      <velocity>8.0</velocity>
      <orientation>0.8239685939050782</orientation>
      <time>23</time>
    </ksState>
    <ksState>
      <x>107.07897124441837</x>
      <y>-709.5662732731424</y>
      <steeringAngle>-0.1421333333333333</steeringAngle>
      <velocity>8.0</velocity>
      <orientation>0.7851847416323432</orientation>
      <time>24</time>
    </ksState>
    <ksState>
      <x>107.70721218756583</x>
      <y>-709.066134618179</y>
      <steeringAngle>-0.17766666666666667</steeringAngle>
      <velocity>8.0</velocity>
      <orientation>0.7351499293831886</orientation>
      <time>25</time>
    </ksState>
    <ksState>
      <x>108.3387640183911</x>
      <y>-708.6356340196552</y>
      <steeringAngle>-0.21320000000000014</steeringAngle>
      <velocity>7.200000000000003</velocity>
      <orientation>0.6769006023116957</orientation>
      <time>26</time>
    </ksState>
    <ksState>
      <x>108.9343603075285</x>
      <y>-708.296257759647</y>
      <steeringAngle>-0.24873333333333347</steeringAngle>
      <velocity>6.400000000000004</velocity>
      <orientation>0.6149835148259164</orientation>
      <time>27</time>
    </ksState>
    <ksState>
      <x>109.48451836010224</x>
      <y>-708.0407885765601</y>
      <steeringAngle>-0.2842666666666668</steeringAngle>
      <velocity>5.600000000000001</velocity>
      <orientation>0.5515613720619952</orientation>
      <time>28</time>
    </ksState>
    <ksState>
      <x>109.97984276494718</x>
      <y>-707.8594970979908</y>
      <steeringAngle>-0.3198</steeringAngle>
      <velocity>4.800000000000002</velocity>
      <orientation>0.4888322723200426</orientation>
      <time>29</time>
    </ksState>
    <ksState>
      <x>110.41182140486427</x>
      <y>-707.7406351803104</y>
      <steeringAngle>-0.3553333333333332</steeringAngle>
      <velocity>4.000000000000001</velocity>
      <orientation>0.42904243827182786</orientation>
      <time>30</time>
    </ksState>
    <ksState>
      <x>110.77029544745004</x>
      <y>-707.663345515445</y>
      <steeringAngle>-0.31979999999999975</steeringAngle>
      <velocity>3.2</velocity>
      <orientation>0.3799358782140395</orientation>
      <time>31</time>
    </ksState>
    <ksState>
      <x>111.04921448491424</x>
      <y>-707.6091561914559</y>
      <steeringAngle>-0.2842666666666663</steeringAngle>
      <velocity>2.4000000000000004</velocity>
      <orientation>0.34600362284782515</orientation>
      <time>32</time>
    </ksState>
    <ksState>
      <x>111.2480452685109</x>
      <y>-707.5719583685507</y>
      <steeringAngle>-0.24873333333333292</steeringAngle>
      <velocity>1.6000000000000008</velocity>
      <orientation>0.3247313019008864</orientation>
      <time>33</time>
    </ksState>
  </ksTrajectory>
</CommonRoadSolution>
