<?xml version="1.0" ?>
<CommonRoadSolution benchmark_id="KS2:SM1:ESP_PriegodeCordoba-2_3_T-1:2020a" computation_time="1.5935087629995905" date="2023-01-12T15:00:04">
  <ksTrajectory planningProblem="1">
    <ksState>
      <x>-749.83973</x>
      <y>852.67804</y>
      <steeringAngle>0.0</steeringAngle>
      <velocity>4.0</velocity>
      <orientation>-2.6432358</orientation>
      <time>0</time>
    </ksState>
    <ksState>
      <x>-750.2238592960348</x>
      <y>852.4634187210635</y>
      <steeringAngle>0.035533333333333326</steeringAngle>
      <velocity>4.799999999999999</velocity>
      <orientation>-2.640112021330809</orientation>
      <time>1</time>
    </ksState>
    <ksState>
      <x>-750.6711239497149</x>
      <y>852.1977490861422</y>
      <steeringAngle>0.07106666666666667</steeringAngle>
      <velocity>5.599999999999998</velocity>
      <orientation>-2.629261410269636</orientation>
      <time>2</time>
    </ksState>
    <ksState>
      <x>-751.1764089890994</x>
      <y>851.8729007842736</y>
      <steeringAngle>0.10659999999999999</steeringAngle>
      <velocity>6.3999999999999995</velocity>
      <orientation>-2.608444461269308</orientation>
      <time>3</time>
    </ksState>
    <ksState>
      <x>-751.7319246950365</x>
      <y>851.4780319369539</y>
      <steeringAngle>0.14213333333333333</steeringAngle>
      <velocity>7.199999999999999</velocity>
      <orientation>-2.575384890288143</orientation>
      <time>4</time>
    </ksState>
    <ksState>
      <x>-752.3260521276203</x>
      <y>850.9994907912151</y>
      <steeringAngle>0.17766666666666664</steeringAngle>
      <velocity>7.9999999999999964</velocity>
      <orientation>-2.5277575682065963</orientation>
      <time>5</time>
    </ksState>
    <ksState>
      <x>-752.8849451623688</x>
      <y>850.4781204275985</y>
      <steeringAngle>0.21320000000000014</steeringAngle>
      <velocity>7.200000000000003</velocity>
      <orientation>-2.4695082411351033</orientation>
      <time>6</time>
    </ksState>
    <ksState>
      <x>-753.3470362448642</x>
      <y>849.9717776415636</y>
      <steeringAngle>0.24873333333333347</steeringAngle>
      <velocity>6.400000000000004</velocity>
      <orientation>-2.407591153649324</orientation>
      <time>7</time>
    </ksState>
    <ksState>
      <x>-753.7172796542264</x>
      <y>849.4913005826494</y>
      <steeringAngle>0.2842666666666668</steeringAngle>
      <velocity>5.600000000000001</velocity>
      <orientation>-2.3441690108854027</orientation>
      <time>8</time>
    </ksState>
    <ksState>
      <x>-754.0030994372405</x>
      <y>849.0479949117241</y>
      <steeringAngle>0.3198</steeringAngle>
      <velocity>4.800000000000002</velocity>
      <orientation>-2.2814399111434502</orientation>
      <time>9</time>
    </ksState>
    <ksState>
      <x>-754.2140832751171</x>
      <y>848.6527487593404</y>
      <steeringAngle>0.3553333333333332</steeringAngle>
      <velocity>4.000000000000001</velocity>
      <orientation>-2.2216500770952354</orientation>
      <time>10</time>
    </ksState>
    <ksState>
      <x>-754.3806023871059</x>
      <y>848.2800145061219</y>
      <steeringAngle>0.35533333333333333</steeringAngle>
      <velocity>4.0</velocity>
      <orientation>-2.1640933703385214</orientation>
      <time>11</time>
    </ksState>
    <ksState>
      <x>-754.5254042633072</x>
      <y>847.8983184486711</y>
      <steeringAngle>0.35533333333333333</steeringAngle>
      <velocity>4.0</velocity>
      <orientation>-2.1065366635818075</orientation>
      <time>12</time>
    </ksState>
    <ksState>
      <x>-754.6480093191894</x>
      <y>847.5089247342861</y>
      <steeringAngle>0.35533333333333333</steeringAngle>
      <velocity>4.0</velocity>
      <orientation>-2.0489799568250935</orientation>
      <time>13</time>
    </ksState>
    <ksState>
      <x>-754.7480115037124</x>
      <y>847.1131229802077</y>
      <steeringAngle>0.35533333333333333</steeringAngle>
      <velocity>4.0</velocity>
      <orientation>-1.9914232500683795</orientation>
      <time>14</time>
    </ksState>
    <ksState>
      <x>-754.8250796238237</x>
      <y>846.7122240262747</y>
      <steeringAngle>0.35533333333333333</steeringAngle>
      <velocity>4.0</velocity>
      <orientation>-1.9338665433116655</orientation>
      <time>15</time>
    </ksState>
    <ksState>
      <x>-754.8705997989972</x>
      <y>846.3468621986369</y>
      <steeringAngle>0.3908666666666668</steeringAngle>
      <velocity>3.2000000000000006</velocity>
      <orientation>-1.8793241565384828</orientation>
      <time>16</time>
    </ksState>
    <ksState>
      <x>-754.8853986681954</x>
      <y>846.0594500921986</y>
      <steeringAngle>0.4264</steeringAngle>
      <velocity>2.3999999999999995</velocity>
      <orientation>-1.832414519741966</orientation>
      <time>17</time>
    </ksState>
    <ksState>
      <x>-754.8828069440949</x>
      <y>845.8527536605441</y>
      <steeringAngle>0.4619333333333332</steeringAngle>
      <velocity>1.5999999999999996</velocity>
      <orientation>-1.7956168952165692</orientation>
      <time>18</time>
    </ksState>
    <ksState>
      <x>-754.8746626890947</x>
      <y>845.7282285469655</y>
      <steeringAngle>0.49746666666666656</steeringAngle>
      <velocity>0.7999999999999986</velocity>
      <orientation>-1.7715234590665876</orientation>
      <time>19</time>
    </ksState>
    <ksState>
      <x>-754.8703824077969</x>
      <y>845.6865930472272</y>
      <steeringAngle>0.5329999999999998</steeringAngle>
      <velocity>-1.5265566588595902e-15</velocity>
      <orientation>-1.762860792929007</orientation>
      <time>20</time>
    </ksState>
    <ksState>
      <x>-754.8703824077969</x>
      <y>845.6865930472272</y>
      <steeringAngle>0.49746666666666667</steeringAngle>
      <velocity>0.0</velocity>
      <orientation>-1.762860792929007</orientation>
      <time>21</time>
    </ksState>
    <ksState>
      <x>-754.8703824077969</x>
      <y>845.6865930472272</y>
      <steeringAngle>0.4619333333333333</steeringAngle>
      <velocity>0.0</velocity>
      <orientation>-1.762860792929007</orientation>
      <time>22</time>
    </ksState>
    <ksState>
      <x>-754.8703824077969</x>
      <y>845.6865930472272</y>
      <steeringAngle>0.42639999999999995</steeringAngle>
      <velocity>0.0</velocity>
      <orientation>-1.762860792929007</orientation>
      <time>23</time>
    </ksState>
    <ksState>
      <x>-754.8703824077969</x>
      <y>845.6865930472272</y>
      <steeringAngle>0.3908666666666666</steeringAngle>
      <velocity>0.0</velocity>
      <orientation>-1.762860792929007</orientation>
      <time>24</time>
    </ksState>
    <ksState>
      <x>-754.8703824077969</x>
      <y>845.6865930472272</y>
      <steeringAngle>0.3553333333333333</steeringAngle>
      <velocity>0.0</velocity>
      <orientation>-1.762860792929007</orientation>
      <time>25</time>
    </ksState>
    <ksState>
      <x>-754.8703824077969</x>
      <y>845.6865930472272</y>
      <steeringAngle>0.3198</steeringAngle>
      <velocity>0.0</velocity>
      <orientation>-1.762860792929007</orientation>
      <time>26</time>
    </ksState>
    <ksState>
      <x>-754.8703824077969</x>
      <y>845.6865930472272</y>
      <steeringAngle>0.2842666666666666</steeringAngle>
      <velocity>0.0</velocity>
      <orientation>-1.762860792929007</orientation>
      <time>27</time>
    </ksState>
    <ksState>
      <x>-754.8703824077969</x>
      <y>845.6865930472272</y>
      <steeringAngle>0.24873333333333333</steeringAngle>
      <velocity>0.0</velocity>
      <orientation>-1.762860792929007</orientation>
      <time>28</time>
    </ksState>
    <ksState>
      <x>-754.8703824077969</x>
      <y>845.6865930472272</y>
      <steeringAngle>0.21320000000000003</steeringAngle>
      <velocity>0.0</velocity>
      <orientation>-1.762860792929007</orientation>
      <time>29</time>
    </ksState>
    <ksState>
      <x>-754.8703824077969</x>
      <y>845.6865930472272</y>
      <steeringAngle>0.1776666666666667</steeringAngle>
      <velocity>0.0</velocity>
      <orientation>-1.762860792929007</orientation>
      <time>30</time>
    </ksState>
    <ksState>
      <x>-754.8703824077969</x>
      <y>845.6865930472272</y>
      <steeringAngle>0.14213333333333336</steeringAngle>
      <velocity>0.0</velocity>
      <orientation>-1.762860792929007</orientation>
      <time>31</time>
    </ksState>
    <ksState>
      <x>-754.8703824077969</x>
      <y>845.6865930472272</y>
      <steeringAngle>0.10660000000000001</steeringAngle>
      <velocity>0.0</velocity>
      <orientation>-1.762860792929007</orientation>
      <time>32</time>
    </ksState>
    <ksState>
      <x>-754.8703824077969</x>
      <y>845.6865930472272</y>
      <steeringAngle>0.07106666666666668</steeringAngle>
      <velocity>0.0</velocity>
      <orientation>-1.762860792929007</orientation>
      <time>33</time>
    </ksState>
  </ksTrajectory>
</CommonRoadSolution>
