<?xml version="1.0" ?>
<CommonRoadSolution benchmark_id="KS2:SM1:DEU_Hennigsdorf-12_1_T-1:2020a" computation_time="0.6383624099998997" date="2023-01-12T15:00:04">
  <ksTrajectory planningProblem="1">
    <ksState>
      <x>-129.38991</x>
      <y>919.25937</y>
      <steeringAngle>0.0</steeringAngle>
      <velocity>8.0</velocity>
      <orientation>-0.85902563</orientation>
      <time>0</time>
    </ksState>
    <ksState>
      <x>-128.86033368584472</x>
      <y>918.6597058417775</y>
      <steeringAngle>0.03553333333333333</steeringAngle>
      <velocity>8.0</velocity>
      <orientation>-0.8535130949971612</orientation>
      <time>1</time>
    </ksState>
    <ksState>
      <x>-128.31243153708203</x>
      <y>918.0763463390515</y>
      <steeringAngle>0.07106666666666667</steeringAngle>
      <velocity>8.0</velocity>
      <orientation>-0.8369615741168915</orientation>
      <time>2</time>
    </ksState>
    <ksState>
      <x>-127.74023077352275</x>
      <y>917.5159601786183</y>
      <steeringAngle>0.10659999999999997</steeringAngle>
      <velocity>8.0</velocity>
      <orientation>-0.8093290948261966</orientation>
      <time>3</time>
    </ksState>
    <ksState>
      <x>-127.13849323701463</x>
      <y>916.986060630486</y>
      <steeringAngle>0.1421333333333333</steeringAngle>
      <velocity>8.0</velocity>
      <orientation>-0.7705452425534618</orientation>
      <time>4</time>
    </ksState>
    <ksState>
      <x>-126.50299809551912</x>
      <y>916.4951723723549</y>
      <steeringAngle>0.17766666666666667</steeringAngle>
      <velocity>8.0</velocity>
      <orientation>-0.7205104303043071</orientation>
      <time>5</time>
    </ksState>
    <ksState>
      <x>-125.86521185097477</x>
      <y>916.0739631765647</y>
      <steeringAngle>0.21320000000000014</steeringAngle>
      <velocity>7.200000000000003</velocity>
      <orientation>-0.6622611032328142</orientation>
      <time>6</time>
    </ksState>
    <ksState>
      <x>-125.26471126230278</x>
      <y>915.7433422024932</y>
      <steeringAngle>0.24873333333333347</steeringAngle>
      <velocity>6.400000000000004</velocity>
      <orientation>-0.6003440157470349</orientation>
      <time>7</time>
    </ksState>
    <ksState>
      <x>-124.71087235493492</x>
      <y>915.4959541449714</y>
      <steeringAngle>0.2842666666666668</steeringAngle>
      <velocity>5.600000000000001</velocity>
      <orientation>-0.5369218729831138</orientation>
      <time>8</time>
    </ksState>
    <ksState>
      <x>-124.21294710521514</x>
      <y>915.3219331349517</y>
      <steeringAngle>0.3198</steeringAngle>
      <velocity>4.800000000000002</velocity>
      <orientation>-0.4741927732411611</orientation>
      <time>9</time>
    </ksState>
    <ksState>
      <x>-123.7792747374271</x>
      <y>915.2094076790032</y>
      <steeringAngle>0.3553333333333332</steeringAngle>
      <velocity>4.000000000000001</velocity>
      <orientation>-0.41440293919294635</orientation>
      <time>10</time>
    </ksState>
    <ksState>
      <x>-123.41672982560316</x>
      <y>915.1452006828641</y>
      <steeringAngle>0.3908666666666668</steeringAngle>
      <velocity>3.2000000000000006</velocity>
      <orientation>-0.3598605524197638</orientation>
      <time>11</time>
    </ksState>
    <ksState>
      <x>-123.13045564109478</x>
      <y>915.1156741398746</y>
      <steeringAngle>0.4264</steeringAngle>
      <velocity>2.3999999999999995</velocity>
      <orientation>-0.31295091562324684</orientation>
      <time>12</time>
    </ksState>
    <ksState>
      <x>-122.92389849536406</x>
      <y>915.107656818619</y>
      <steeringAngle>0.4619333333333332</steeringAngle>
      <velocity>1.5999999999999996</velocity>
      <orientation>-0.27615329109785003</orientation>
      <time>13</time>
    </ksState>
    <ksState>
      <x>-122.7991195274107</x>
      <y>915.1094009395293</y>
      <steeringAngle>0.49746666666666656</steeringAngle>
      <velocity>0.7999999999999986</velocity>
      <orientation>-0.25205985494786853</orientation>
      <time>14</time>
    </ksState>
    <ksState>
      <x>-122.75731924939586</x>
      <y>915.1115392576381</y>
      <steeringAngle>0.5329999999999998</steeringAngle>
      <velocity>-1.5265566588595902e-15</velocity>
      <orientation>-0.24339718881028777</orientation>
      <time>15</time>
    </ksState>
    <ksState>
      <x>-122.75731924939586</x>
      <y>915.1115392576381</y>
      <steeringAngle>0.49746666666666667</steeringAngle>
      <velocity>0.0</velocity>
      <orientation>-0.24339718881028777</orientation>
      <time>16</time>
    </ksState>
    <ksState>
      <x>-122.75731924939586</x>
      <y>915.1115392576381</y>
      <steeringAngle>0.4619333333333333</steeringAngle>
      <velocity>0.0</velocity>
      <orientation>-0.24339718881028777</orientation>
      <time>17</time>
    </ksState>
    <ksState>
      <x>-122.75731924939586</x>
      <y>915.1115392576381</y>
      <steeringAngle>0.42639999999999995</steeringAngle>
      <velocity>0.0</velocity>
      <orientation>-0.24339718881028777</orientation>
      <time>18</time>
    </ksState>
    <ksState>
      <x>-122.75731924939586</x>
      <y>915.1115392576381</y>
      <steeringAngle>0.3908666666666666</steeringAngle>
      <velocity>0.0</velocity>
      <orientation>-0.24339718881028777</orientation>
      <time>19</time>
    </ksState>
    <ksState>
      <x>-122.75731924939586</x>
      <y>915.1115392576381</y>
      <steeringAngle>0.3553333333333333</steeringAngle>
      <velocity>0.0</velocity>
      <orientation>-0.24339718881028777</orientation>
      <time>20</time>
    </ksState>
    <ksState>
      <x>-122.75731924939586</x>
      <y>915.1115392576381</y>
      <steeringAngle>0.3198</steeringAngle>
      <velocity>0.0</velocity>
      <orientation>-0.24339718881028777</orientation>
      <time>21</time>
    </ksState>
    <ksState>
      <x>-122.75731924939586</x>
      <y>915.1115392576381</y>
      <steeringAngle>0.2842666666666666</steeringAngle>
      <velocity>0.0</velocity>
      <orientation>-0.24339718881028777</orientation>
      <time>22</time>
    </ksState>
    <ksState>
      <x>-122.75731924939586</x>
      <y>915.1115392576381</y>
      <steeringAngle>0.24873333333333333</steeringAngle>
      <velocity>0.0</velocity>
      <orientation>-0.24339718881028777</orientation>
      <time>23</time>
    </ksState>
    <ksState>
      <x>-122.75731924939586</x>
      <y>915.1115392576381</y>
      <steeringAngle>0.21320000000000003</steeringAngle>
      <velocity>0.0</velocity>
      <orientation>-0.24339718881028777</orientation>
      <time>24</time>
    </ksState>
    <ksState>
      <x>-122.75731924939586</x>
      <y>915.1115392576381</y>
      <steeringAngle>0.1776666666666667</steeringAngle>
      <velocity>0.0</velocity>
      <orientation>-0.24339718881028777</orientation>
      <time>25</time>
    </ksState>
    <ksState>
      <x>-122.75731924939586</x>
      <y>915.1115392576381</y>
      <steeringAngle>0.14213333333333336</steeringAngle>
      <velocity>0.0</velocity>
      <orientation>-0.24339718881028777</orientation>
      <time>26</time>
    </ksState>
    <ksState>
      <x>-122.75731924939586</x>
      <y>915.1115392576381</y>
      <steeringAngle>0.10660000000000001</steeringAngle>
      <velocity>0.0</velocity>
      <orientation>-0.24339718881028777</orientation>
      <time>27</time>
    </ksState>
    <ksState>
      <x>-122.75731924939586</x>
      <y>915.1115392576381</y>
      <steeringAngle>0.07106666666666668</steeringAngle>
      <velocity>0.0</velocity>
      <orientation>-0.24339718881028777</orientation>
      <time>28</time>
    </ksState>
    <ksState>
      <x>-122.75731924939586</x>
      <y>915.1115392576381</y>
      <steeringAngle>0.03553333333333333</steeringAngle>
      <velocity>0.0</velocity>
      <orientation>-0.24339718881028777</orientation>
      <time>29</time>
    </ksState>
    <ksState>
      <x>-122.75731924939586</x>
      <y>915.1115392576381</y>
      <steeringAngle>0.0</steeringAngle>
      <velocity>0.0</velocity>
      <orientation>-0.24339718881028777</orientation>
      <time>30</time>
    </ksState>
    <ksState>
      <x>-122.75731924939586</x>
      <y>915.1115392576381</y>
      <steeringAngle>0.0</steeringAngle>
      <velocity>0.0</velocity>
      <orientation>-0.24339718881028777</orientation>
      <time>31</time>
    </ksState>
    <ksState>
      <x>-122.75731924939586</x>
      <y>915.1115392576381</y>
      <steeringAngle>0.0</steeringAngle>
      <velocity>0.0</velocity>
      <orientation>-0.24339718881028777</orientation>
      <time>32</time>
    </ksState>
    <ksState>
      <x>-122.75731924939586</x>
      <y>915.1115392576381</y>
      <steeringAngle>0.0</steeringAngle>
      <velocity>0.0</velocity>
      <orientation>-0.24339718881028777</orientation>
      <time>33</time>
    </ksState>
  </ksTrajectory>
</CommonRoadSolution>
