<?xml version="1.0" ?>
<CommonRoadSolution benchmark_id="KS2:SM1:DEU_Lohmar-39_1_T-1:2020a" computation_time="104.87558342800003" date="2023-01-12T15:00:04">
  <ksTrajectory planningProblem="123">
    <ksState>
      <x>212.6284</x>
      <y>213.78963</y>
      <steeringAngle>0.0</steeringAngle>
      <velocity>4.0</velocity>
      <orientation>-0.79446206</orientation>
      <time>0</time>
    </ksState>
    <ksState>
      <x>212.9117235203943</x>
      <y>213.5072444556895</y>
      <steeringAngle>0.035533333333333326</steeringAngle>
      <velocity>4.0</velocity>
      <orientation>-0.7917057854673996</orientation>
      <time>1</time>
    </ksState>
    <ksState>
      <x>213.2021640168727</x>
      <y>213.23196698721233</y>
      <steeringAngle>0.07106666666666711</steeringAngle>
      <velocity>4.0</velocity>
      <orientation>-0.7834300249241142</orientation>
      <time>2</time>
    </ksState>
    <ksState>
      <x>213.501149352335</x>
      <y>212.9655381763379</y>
      <steeringAngle>0.10660000000000043</steeringAngle>
      <velocity>4.0</velocity>
      <orientation>-0.7696137851049774</orientation>
      <time>3</time>
    </ksState>
    <ksState>
      <x>213.80997815885266</x>
      <y>212.70986144338383</y>
      <steeringAngle>0.14213333333333378</steeringAngle>
      <velocity>4.0</velocity>
      <orientation>-0.7502218587194315</orientation>
      <time>4</time>
    </ksState>
    <ksState>
      <x>214.12978599784142</x>
      <y>212.46702827308516</y>
      <steeringAngle>0.1776666666666672</steeringAngle>
      <velocity>4.0</velocity>
      <orientation>-0.7252044522680341</orientation>
      <time>5</time>
    </ksState>
    <ksState>
      <x>214.42303544111934</x>
      <y>212.2557376385223</y>
      <steeringAngle>0.1421333333333333</steeringAngle>
      <velocity>3.1999999999999993</velocity>
      <orientation>-0.7025945372945918</orientation>
      <time>6</time>
    </ksState>
    <ksState>
      <x>214.65047437826271</x>
      <y>212.09126285121803</y>
      <steeringAngle>0.10659999999999997</steeringAngle>
      <velocity>2.3999999999999977</velocity>
      <orientation>-0.6889268964238844</orientation>
      <time>7</time>
    </ksState>
    <ksState>
      <x>214.81163767211495</x>
      <y>211.97240855213454</y>
      <steeringAngle>0.07106666666666664</steeringAngle>
      <velocity>1.5999999999999976</velocity>
      <orientation>-0.6819261905706653</orientation>
      <time>8</time>
    </ksState>
    <ksState>
      <x>214.9072136181157</x>
      <y>211.8997534178585</y>
      <steeringAngle>0.0355333333333333</steeringAngle>
      <velocity>0.7999999999999972</velocity>
      <orientation>-0.679351346096698</orientation>
      <time>9</time>
    </ksState>
    <ksState>
      <x>214.93866680706878</x>
      <y>211.8750355756179</y>
      <steeringAngle>-2.5153490401663703e-17</steeringAngle>
      <velocity>-2.914335439641036e-15</velocity>
      <orientation>-0.6789838345181668</orientation>
      <time>10</time>
    </ksState>
    <ksState>
      <x>214.9694631066304</x>
      <y>211.8495040292504</y>
      <steeringAngle>-0.03553333333333333</steeringAngle>
      <velocity>0.8</velocity>
      <orientation>-0.6793513662964088</orientation>
      <time>11</time>
    </ksState>
    <ksState>
      <x>215.0604285235146</x>
      <y>211.7711549011792</y>
      <steeringAngle>-0.0710666666666667</steeringAngle>
      <velocity>1.6</velocity>
      <orientation>-0.6819262128883944</orientation>
      <time>12</time>
    </ksState>
    <ksState>
      <x>215.20898237592138</x>
      <y>211.63687953015912</y>
      <steeringAngle>-0.10660000000000003</steeringAngle>
      <velocity>2.4000000000000004</velocity>
      <orientation>-0.6889269171252316</orientation>
      <time>13</time>
    </ksState>
    <ksState>
      <x>215.41149394831046</x>
      <y>211.44255401598357</y>
      <steeringAngle>-0.14213333333333342</steeringAngle>
      <velocity>3.2000000000000015</velocity>
      <orientation>-0.7025945580660518</orientation>
      <time>14</time>
    </ksState>
    <ksState>
      <x>215.6626186036197</x>
      <y>211.1826390738821</y>
      <steeringAngle>-0.17766666666666683</steeringAngle>
      <velocity>4.0000000000000036</velocity>
      <orientation>-0.7252044739392719</orientation>
      <time>15</time>
    </ksState>
    <ksState>
      <x>215.96142511895218</x>
      <y>210.85730446681558</y>
      <steeringAngle>-0.14213333333333333</steeringAngle>
      <velocity>4.8000000000000025</velocity>
      <orientation>-0.7526293736576243</orientation>
      <time>16</time>
    </ksState>
    <ksState>
      <x>216.31149756775977</x>
      <y>210.4711252636618</y>
      <steeringAngle>-0.10660000000000003</steeringAngle>
      <velocity>5.600000000000005</velocity>
      <orientation>-0.7777455859365422</orientation>
      <time>17</time>
    </ksState>
    <ksState>
      <x>216.71351679486997</x>
      <y>210.0247467499843</y>
      <steeringAngle>-0.07106666666666671</steeringAngle>
      <velocity>6.400000000000004</velocity>
      <orientation>-0.7983773555360016</orientation>
      <time>18</time>
    </ksState>
    <ksState>
      <x>217.1699269585204</x>
      <y>209.52026804652334</y>
      <steeringAngle>-0.035533333333333375</steeringAngle>
      <velocity>7.200000000000006</velocity>
      <orientation>-0.8123540236287939</orientation>
      <time>19</time>
    </ksState>
    <ksState>
      <x>217.68541775475072</x>
      <y>208.96176005604744</y>
      <steeringAngle>-2.6346112791397758e-17</steeringAngle>
      <velocity>8.000000000000007</velocity>
      <orientation>-0.8174990364083624</orientation>
      <time>20</time>
    </ksState>
    <ksState>
      <x>218.23265586746894</x>
      <y>208.3782101884366</y>
      <steeringAngle>0.0</steeringAngle>
      <velocity>8.0</velocity>
      <orientation>-0.8174990364083624</orientation>
      <time>21</time>
    </ksState>
    <ksState>
      <x>218.77989398018715</x>
      <y>207.7946603208258</y>
      <steeringAngle>0.0</steeringAngle>
      <velocity>8.0</velocity>
      <orientation>-0.8174990364083624</orientation>
      <time>22</time>
    </ksState>
    <ksState>
      <x>219.32713209290537</x>
      <y>207.21111045321499</y>
      <steeringAngle>0.0</steeringAngle>
      <velocity>8.0</velocity>
      <orientation>-0.8174990364083624</orientation>
      <time>23</time>
    </ksState>
    <ksState>
      <x>219.8743702056236</x>
      <y>206.6275605856042</y>
      <steeringAngle>0.0</steeringAngle>
      <velocity>8.0</velocity>
      <orientation>-0.8174990364083624</orientation>
      <time>24</time>
    </ksState>
    <ksState>
      <x>220.4216083183418</x>
      <y>206.04401071799336</y>
      <steeringAngle>0.0</steeringAngle>
      <velocity>8.0</velocity>
      <orientation>-0.8174990364083624</orientation>
      <time>25</time>
    </ksState>
    <ksState>
      <x>220.96203696363892</x>
      <y>205.45410813746557</y>
      <steeringAngle>-0.03553333333333333</steeringAngle>
      <velocity>8.0</velocity>
      <orientation>-0.8230115714112012</orientation>
      <time>26</time>
    </ksState>
    <ksState>
      <x>221.48431804697447</x>
      <y>204.84770270870573</y>
      <steeringAngle>-0.07106666666666667</steeringAngle>
      <velocity>8.0</velocity>
      <orientation>-0.8395630922914709</orientation>
      <time>27</time>
    </ksState>
    <ksState>
      <x>221.9811898034717</x>
      <y>204.2195587600616</y>
      <steeringAngle>-0.10659999999999997</steeringAngle>
      <velocity>8.0</velocity>
      <orientation>-0.8671955715821658</orientation>
      <time>28</time>
    </ksState>
    <ksState>
      <x>222.44462812696824</x>
      <y>203.56526026986901</y>
      <steeringAngle>-0.1421333333333333</steeringAngle>
      <velocity>8.0</velocity>
      <orientation>-0.9059794238549006</orientation>
      <time>29</time>
    </ksState>
    <ksState>
      <x>222.8657105112664</x>
      <y>202.8815095971314</y>
      <steeringAngle>-0.17766666666666667</steeringAngle>
      <velocity>8.0</velocity>
      <orientation>-0.9560142361040553</orientation>
      <time>30</time>
    </ksState>
    <ksState>
      <x>223.21726114016167</x>
      <y>202.20283394877532</y>
      <steeringAngle>-0.21320000000000014</steeringAngle>
      <velocity>7.200000000000003</velocity>
      <orientation>-1.014263563175548</orientation>
      <time>31</time>
    </ksState>
    <ksState>
      <x>223.48266420529868</x>
      <y>201.5707956599769</y>
      <steeringAngle>-0.24873333333333347</steeringAngle>
      <velocity>6.400000000000004</velocity>
      <orientation>-1.0761806506613276</orientation>
      <time>32</time>
    </ksState>
    <ksState>
      <x>223.6702234052959</x>
      <y>200.9939421839405</y>
      <steeringAngle>-0.2842666666666668</steeringAngle>
      <velocity>5.600000000000001</velocity>
      <orientation>-1.1396027934252486</orientation>
      <time>33</time>
    </ksState>
    <ksState>
      <x>223.79072589248807</x>
      <y>200.4804326739825</y>
      <steeringAngle>-0.3198</steeringAngle>
      <velocity>4.800000000000002</velocity>
      <orientation>-1.2023318931672013</orientation>
      <time>34</time>
    </ksState>
    <ksState>
      <x>223.85685692004782</x>
      <y>200.03730697171153</y>
      <steeringAngle>-0.3553333333333332</steeringAngle>
      <velocity>4.000000000000001</velocity>
      <orientation>-1.262121727215416</orientation>
      <time>35</time>
    </ksState>
    <ksState>
      <x>223.88388693972746</x>
      <y>199.6290861994976</y>
      <steeringAngle>-0.39086666666666653</steeringAngle>
      <velocity>4.0</velocity>
      <orientation>-1.3228420935214031</orientation>
      <time>36</time>
    </ksState>
    <ksState>
      <x>223.87581820731015</x>
      <y>199.2180363486172</y>
      <steeringAngle>-0.42639999999999995</steeringAngle>
      <velocity>4.0</velocity>
      <orientation>-1.3900117069778068</orientation>
      <time>37</time>
    </ksState>
    <ksState>
      <x>223.8294624918157</x>
      <y>198.80723640255863</y>
      <steeringAngle>-0.4619333333333333</steeringAngle>
      <velocity>4.0</velocity>
      <orientation>-1.4638322906101506</orientation>
      <time>38</time>
    </ksState>
    <ksState>
      <x>223.741785674878</x>
      <y>198.4006069808102</y>
      <steeringAngle>-0.49746666666666667</steeringAngle>
      <velocity>4.0</velocity>
      <orientation>-1.5445328324233711</orientation>
      <time>39</time>
    </ksState>
    <ksState>
      <x>223.61005668797858</x>
      <y>198.00299939844635</y>
      <steeringAngle>-0.533</steeringAngle>
      <velocity>4.0</velocity>
      <orientation>-1.6323726990231797</orientation>
      <time>40</time>
    </ksState>
    <ksState>
      <x>223.44347214025944</x>
      <y>197.61853204572262</y>
      <steeringAngle>-0.4974666666666666</steeringAngle>
      <velocity>4.0</velocity>
      <orientation>-1.7202125658626288</orientation>
      <time>41</time>
    </ksState>
    <ksState>
      <x>223.2550892038375</x>
      <y>197.24751485024635</y>
      <steeringAngle>-0.4619333333333334</steeringAngle>
      <velocity>4.0</velocity>
      <orientation>-1.800913107649799</orientation>
      <time>42</time>
    </ksState>
    <ksState>
      <x>223.04806918036036</x>
      <y>196.88954446073507</y>
      <steeringAngle>-0.42640000000000017</steeringAngle>
      <velocity>4.0</velocity>
      <orientation>-1.8747336908996042</orientation>
      <time>43</time>
    </ksState>
    <ksState>
      <x>222.82527366665792</x>
      <y>196.54389633202192</y>
      <steeringAngle>-0.3908666666666668</steeringAngle>
      <velocity>4.0</velocity>
      <orientation>-1.9419033037624667</orientation>
      <time>44</time>
    </ksState>
    <ksState>
      <x>222.58928812643194</x>
      <y>196.20959283045025</y>
      <steeringAngle>-0.3553333333333335</steeringAngle>
      <velocity>4.0</velocity>
      <orientation>-2.0026236716407526</orientation>
      <time>45</time>
    </ksState>
    <ksState>
      <x>222.31693297611284</x>
      <y>195.8537260503155</y>
      <steeringAngle>-0.31979999999999975</steeringAngle>
      <velocity>4.800000000000001</velocity>
      <orientation>-2.062413506672501</orientation>
      <time>46</time>
    </ksState>
    <ksState>
      <x>221.97965489258777</x>
      <y>195.4480441778275</y>
      <steeringAngle>-0.28426666666666645</steeringAngle>
      <velocity>5.600000000000004</velocity>
      <orientation>-2.125142606803825</orientation>
      <time>47</time>
    </ksState>
    <ksState>
      <x>221.57233056588802</x>
      <y>194.99839388393195</y>
      <steeringAngle>-0.2487333333333331</steeringAngle>
      <velocity>6.400000000000004</velocity>
      <orientation>-2.1885647434965008</orientation>
      <time>48</time>
    </ksState>
    <ksState>
      <x>221.09092891554397</x>
      <y>194.51017173565722</y>
      <steeringAngle>-0.21319999999999992</steeringAngle>
      <velocity>7.200000000000004</velocity>
      <orientation>-2.2504818321742994</orientation>
      <time>49</time>
    </ksState>
    <ksState>
      <x>220.5328661121907</x>
      <y>193.9876943043139</y>
      <steeringAngle>-0.17766666666666656</steeringAngle>
      <velocity>8.000000000000004</velocity>
      <orientation>-2.308731161775265</orientation>
      <time>50</time>
    </ksState>
    <ksState>
      <x>219.9280850712434</x>
      <y>193.45922488980543</y>
      <steeringAngle>-0.14213333333333336</steeringAngle>
      <velocity>8.0</velocity>
      <orientation>-2.3587659733240134</orientation>
      <time>51</time>
    </ksState>
    <ksState>
      <x>219.3114848250233</x>
      <y>192.9465354654084</y>
      <steeringAngle>-0.1066000000000001</steeringAngle>
      <velocity>8.0</velocity>
      <orientation>-2.397549825331011</orientation>
      <time>52</time>
    </ksState>
    <ksState>
      <x>218.68876881587315</x>
      <y>192.44276209747906</y>
      <steeringAngle>-0.07106666666666674</steeringAngle>
      <velocity>8.0</velocity>
      <orientation>-2.425182304360698</orientation>
      <time>53</time>
    </ksState>
    <ksState>
      <x>218.06531957874998</x>
      <y>191.9408801017288</y>
      <steeringAngle>-0.035533333333333354</steeringAngle>
      <velocity>8.0</velocity>
      <orientation>-2.441733824989727</orientation>
      <time>54</time>
    </ksState>
    <ksState>
      <x>217.44644924703516</x>
      <y>191.4338585855992</y>
      <steeringAngle>-2.0816681711721685e-17</steeringAngle>
      <velocity>8.0</velocity>
      <orientation>-2.4472463514481317</orientation>
      <time>55</time>
    </ksState>
    <ksState>
      <x>216.8376490386104</x>
      <y>190.9148109178528</y>
      <steeringAngle>0.03553333333333333</steeringAngle>
      <velocity>8.0</velocity>
      <orientation>-2.441733816445293</orientation>
      <time>56</time>
    </ksState>
    <ksState>
      <x>216.24483171020347</x>
      <y>190.37715611300123</y>
      <steeringAngle>0.07106666666666667</steeringAngle>
      <velocity>8.0</velocity>
      <orientation>-2.4251822955650235</orientation>
      <time>57</time>
    </ksState>
    <ksState>
      <x>215.6745608694849</x>
      <y>189.8148061055779</y>
      <steeringAngle>0.10659999999999997</steeringAngle>
      <velocity>8.0</velocity>
      <orientation>-2.3975498162743283</orientation>
      <time>58</time>
    </ksState>
    <ksState>
      <x>215.13425737882494</x>
      <y>189.22239262503052</y>
      <steeringAngle>0.1421333333333333</steeringAngle>
      <velocity>8.0</velocity>
      <orientation>-2.3587659640015937</orientation>
      <time>59</time>
    </ksState>
    <ksState>
      <x>214.63237108014818</x>
      <y>188.5955469502142</y>
      <steeringAngle>0.17766666666666667</steeringAngle>
      <velocity>8.0</velocity>
      <orientation>-2.308731151752439</orientation>
      <time>60</time>
    </ksState>
    <ksState>
      <x>214.16360458271498</x>
      <y>187.9433981938369</y>
      <steeringAngle>0.14213333333333336</steeringAngle>
      <velocity>8.0</velocity>
      <orientation>-2.2586963402036906</orientation>
      <time>61</time>
    </ksState>
    <ksState>
      <x>213.71166730496506</x>
      <y>187.2809791372668</y>
      <steeringAngle>0.1066000000000001</steeringAngle>
      <velocity>8.0</velocity>
      <orientation>-2.219912488196693</orientation>
      <time>62</time>
    </ksState>
    <ksState>
      <x>213.26918561971397</x>
      <y>186.61331695284707</y>
      <steeringAngle>0.07106666666666674</steeringAngle>
      <velocity>8.0</velocity>
      <orientation>-2.192280009167006</orientation>
      <time>63</time>
    </ksState>
    <ksState>
      <x>212.82865628979545</x>
      <y>185.9451041136938</y>
      <steeringAngle>0.035533333333333354</steeringAngle>
      <velocity>8.0</velocity>
      <orientation>-2.175728488537977</orientation>
      <time>64</time>
    </ksState>
    <ksState>
      <x>212.38257657067868</x>
      <y>185.28096241986046</y>
      <steeringAngle>2.0816681711721685e-17</steeringAngle>
      <velocity>8.0</velocity>
      <orientation>-2.1702159620795722</orientation>
      <time>65</time>
    </ksState>
    <ksState>
      <x>211.93124586455036</x>
      <y>184.62043188028963</y>
      <steeringAngle>0.0</steeringAngle>
      <velocity>8.0</velocity>
      <orientation>-2.1702159620795722</orientation>
      <time>66</time>
    </ksState>
    <ksState>
      <x>211.47991515842205</x>
      <y>183.95990134071883</y>
      <steeringAngle>0.0</steeringAngle>
      <velocity>8.0</velocity>
      <orientation>-2.1702159620795722</orientation>
      <time>67</time>
    </ksState>
    <ksState>
      <x>211.02858445229376</x>
      <y>183.299370801148</y>
      <steeringAngle>0.0</steeringAngle>
      <velocity>8.0</velocity>
      <orientation>-2.1702159620795722</orientation>
      <time>68</time>
    </ksState>
    <ksState>
      <x>210.57725374616544</x>
      <y>182.63884026157717</y>
      <steeringAngle>0.0</steeringAngle>
      <velocity>8.0</velocity>
      <orientation>-2.1702159620795722</orientation>
      <time>69</time>
    </ksState>
    <ksState>
      <x>210.12592304003712</x>
      <y>181.97830972200634</y>
      <steeringAngle>0.0</steeringAngle>
      <velocity>8.0</velocity>
      <orientation>-2.1702159620795722</orientation>
      <time>70</time>
    </ksState>
    <ksState>
      <x>209.7042811234377</x>
      <y>181.34596439494007</y>
      <steeringAngle>0.03553333333333333</steeringAngle>
      <velocity>7.199999999999999</velocity>
      <orientation>-2.16507094909708</orientation>
      <time>71</time>
    </ksState>
    <ksState>
      <x>209.34360358565291</x>
      <y>180.76918160345778</y>
      <steeringAngle>0.07106666666666664</steeringAngle>
      <velocity>6.400000000000001</velocity>
      <orientation>-2.1510942769761168</orientation>
      <time>72</time>
    </ksState>
    <ksState>
      <x>209.04420108849212</x>
      <y>180.24842973876602</y>
      <steeringAngle>0.10659999999999997</steeringAngle>
      <velocity>5.600000000000004</velocity>
      <orientation>-2.1304625091102354</orientation>
      <time>73</time>
    </ksState>
    <ksState>
      <x>208.80394163607446</x>
      <y>179.78591976572312</y>
      <steeringAngle>0.1421333333333333</steeringAngle>
      <velocity>4.800000000000003</velocity>
      <orientation>-2.105346301601587</orientation>
      <time>74</time>
    </ksState>
    <ksState>
      <x>208.61864719343922</x>
      <y>179.38497291738835</y>
      <steeringAngle>0.17766666666666653</steeringAngle>
      <velocity>4.000000000000006</velocity>
      <orientation>-2.077921405016437</orientation>
      <time>75</time>
    </ksState>
    <ksState>
      <x>208.46026657358945</x>
      <y>179.01593712453175</y>
      <steeringAngle>0.1421333333333333</steeringAngle>
      <velocity>4.0</velocity>
      <orientation>-2.0529039986719138</orientation>
      <time>76</time>
    </ksState>
    <ksState>
      <x>208.30298861409324</x>
      <y>178.64711459642425</y>
      <steeringAngle>0.10659999999999999</steeringAngle>
      <velocity>4.0</velocity>
      <orientation>-2.0335120723811633</orientation>
      <time>77</time>
    </ksState>
    <ksState>
      <x>208.1447308834721</x>
      <y>178.27922114490138</y>
      <steeringAngle>0.07106666666666664</steeringAngle>
      <velocity>4.0</velocity>
      <orientation>-2.01969583264621</orientation>
      <time>78</time>
    </ksState>
    <ksState>
      <x>207.983429197348</x>
      <y>177.91299196903253</y>
      <steeringAngle>0.03553333333333332</steeringAngle>
      <velocity>4.0</velocity>
      <orientation>-2.011420072183945</orientation>
      <time>79</time>
    </ksState>
    <ksState>
      <x>207.81704200761595</x>
      <y>177.54921730085096</y>
      <steeringAngle>-2.2985086056692694e-17</steeringAngle>
      <velocity>4.0</velocity>
      <orientation>-2.0086638088891045</orientation>
      <time>80</time>
    </ksState>
    <ksState>
      <x>207.6610677283237</x>
      <y>177.22474465343646</y>
      <steeringAngle>-0.03553333333333333</steeringAngle>
      <velocity>3.2</velocity>
      <orientation>-2.011052557268897</orientation>
      <time>81</time>
    </ksState>
    <ksState>
      <x>207.53377215421165</x>
      <y>176.975225215085</y>
      <steeringAngle>-0.07106666666666668</steeringAngle>
      <velocity>2.4</velocity>
      <orientation>-2.0167534722746936</orientation>
      <time>82</time>
    </ksState>
    <ksState>
      <x>207.4382010467004</x>
      <y>176.79927311511906</y>
      <steeringAngle>-0.10660000000000003</steeringAngle>
      <velocity>1.5999999999999994</velocity>
      <orientation>-2.023569006019425</orientation>
      <time>83</time>
    </ksState>
    <ksState>
      <x>207.37809877579525</x>
      <y>176.69509185083325</y>
      <steeringAngle>-0.14213333333333342</steeringAngle>
      <velocity>0.7999999999999988</velocity>
      <orientation>-2.029293267505905</orientation>
      <time>84</time>
    </ksState>
    <ksState>
      <x>207.35728332398395</x>
      <y>176.66076346949805</y>
      <steeringAngle>-0.17766666666666675</steeringAngle>
      <velocity>-1.5265566588595902e-15</velocity>
      <orientation>-2.031700761980461</orientation>
      <time>85</time>
    </ksState>
    <ksState>
      <x>207.35728332398395</x>
      <y>176.66076346949805</y>
      <steeringAngle>-0.14213333333333336</steeringAngle>
      <velocity>0.0</velocity>
      <orientation>-2.031700761980461</orientation>
      <time>86</time>
    </ksState>
    <ksState>
      <x>207.35728332398395</x>
      <y>176.66076346949805</y>
      <steeringAngle>-0.10660000000000001</steeringAngle>
      <velocity>0.0</velocity>
      <orientation>-2.031700761980461</orientation>
      <time>87</time>
    </ksState>
    <ksState>
      <x>207.35728332398395</x>
      <y>176.66076346949805</y>
      <steeringAngle>-0.07106666666666668</steeringAngle>
      <velocity>0.0</velocity>
      <orientation>-2.031700761980461</orientation>
      <time>88</time>
    </ksState>
    <ksState>
      <x>207.35728332398395</x>
      <y>176.66076346949805</y>
      <steeringAngle>-0.03553333333333333</steeringAngle>
      <velocity>0.0</velocity>
      <orientation>-2.031700761980461</orientation>
      <time>89</time>
    </ksState>
    <ksState>
      <x>207.35728332398395</x>
      <y>176.66076346949805</y>
      <steeringAngle>-0.0</steeringAngle>
      <velocity>0.0</velocity>
      <orientation>-2.031700761980461</orientation>
      <time>90</time>
    </ksState>
    <ksState>
      <x>207.35728332398395</x>
      <y>176.66076346949805</y>
      <steeringAngle>0.0</steeringAngle>
      <velocity>0.0</velocity>
      <orientation>-2.031700761980461</orientation>
      <time>91</time>
    </ksState>
    <ksState>
      <x>207.35728332398395</x>
      <y>176.66076346949805</y>
      <steeringAngle>0.0</steeringAngle>
      <velocity>0.0</velocity>
      <orientation>-2.031700761980461</orientation>
      <time>92</time>
    </ksState>
    <ksState>
      <x>207.35728332398395</x>
      <y>176.66076346949805</y>
      <steeringAngle>0.0</steeringAngle>
      <velocity>0.0</velocity>
      <orientation>-2.031700761980461</orientation>
      <time>93</time>
    </ksState>
    <ksState>
      <x>207.35728332398395</x>
      <y>176.66076346949805</y>
      <steeringAngle>0.0</steeringAngle>
      <velocity>0.0</velocity>
      <orientation>-2.031700761980461</orientation>
      <time>94</time>
    </ksState>
    <ksState>
      <x>207.35728332398395</x>
      <y>176.66076346949805</y>
      <steeringAngle>0.0</steeringAngle>
      <velocity>0.0</velocity>
      <orientation>-2.031700761980461</orientation>
      <time>95</time>
    </ksState>
    <ksState>
      <x>207.35728332398395</x>
      <y>176.66076346949805</y>
      <steeringAngle>0.0</steeringAngle>
      <velocity>0.0</velocity>
      <orientation>-2.031700761980461</orientation>
      <time>96</time>
    </ksState>
    <ksState>
      <x>207.35728332398395</x>
      <y>176.66076346949805</y>
      <steeringAngle>0.0</steeringAngle>
      <velocity>0.0</velocity>
      <orientation>-2.031700761980461</orientation>
      <time>97</time>
    </ksState>
    <ksState>
      <x>207.35728332398395</x>
      <y>176.66076346949805</y>
      <steeringAngle>0.0</steeringAngle>
      <velocity>0.0</velocity>
      <orientation>-2.031700761980461</orientation>
      <time>98</time>
    </ksState>
    <ksState>
      <x>207.35728332398395</x>
      <y>176.66076346949805</y>
      <steeringAngle>0.0</steeringAngle>
      <velocity>0.0</velocity>
      <orientation>-2.031700761980461</orientation>
      <time>99</time>
    </ksState>
  </ksTrajectory>
</CommonRoadSolution>
