<?xml version="1.0" ?>
<CommonRoadSolution benchmark_id="KS2:SM1:DEU_Hennigsdorf-13_2_T-1:2020a" computation_time="1.0392281410004216" date="2023-01-12T15:00:04">
  <ksTrajectory planningProblem="1">
    <ksState>
      <x>258.75976</x>
      <y>591.5767</y>
      <steeringAngle>0.0</steeringAngle>
      <velocity>12.0</velocity>
      <orientation>-1.6402427</orientation>
      <time>0</time>
    </ksState>
    <ksState>
      <x>258.6792669438406</x>
      <y>590.4194960997401</y>
      <steeringAngle>0.0</steeringAngle>
      <velocity>11.200000000000001</velocity>
      <orientation>-1.6402427</orientation>
      <time>1</time>
    </ksState>
    <ksState>
      <x>258.6043251329672</x>
      <y>589.3420993654988</y>
      <steeringAngle>0.0</steeringAngle>
      <velocity>10.4</velocity>
      <orientation>-1.6402427</orientation>
      <time>2</time>
    </ksState>
    <ksState>
      <x>258.5349345673583</x>
      <y>588.3445097969673</y>
      <steeringAngle>0.0</steeringAngle>
      <velocity>9.599999999999998</velocity>
      <orientation>-1.6402427</orientation>
      <time>3</time>
    </ksState>
    <ksState>
      <x>258.4710952470078</x>
      <y>587.4267273940576</y>
      <steeringAngle>0.0</steeringAngle>
      <velocity>8.799999999999999</velocity>
      <orientation>-1.6402427</orientation>
      <time>4</time>
    </ksState>
    <ksState>
      <x>258.4128071719137</x>
      <y>586.5887521567411</y>
      <steeringAngle>0.0</steeringAngle>
      <velocity>7.999999999999997</velocity>
      <orientation>-1.6402427</orientation>
      <time>5</time>
    </ksState>
    <ksState>
      <x>258.36866290375724</x>
      <y>585.8300072707056</y>
      <steeringAngle>0.03553333333333333</steeringAngle>
      <velocity>7.199999999999999</velocity>
      <orientation>-1.6350976870175076</orientation>
      <time>6</time>
    </ksState>
    <ksState>
      <x>258.34903252428245</x>
      <y>585.1500210039219</y>
      <steeringAngle>0.07106666666666664</steeringAngle>
      <velocity>6.400000000000001</velocity>
      <orientation>-1.6211210148965445</orientation>
      <time>7</time>
    </ksState>
    <ksState>
      <x>258.3539473023282</x>
      <y>584.5493545367017</y>
      <steeringAngle>0.10659999999999997</steeringAngle>
      <velocity>5.600000000000004</velocity>
      <orientation>-1.600489247030663</orientation>
      <time>8</time>
    </ksState>
    <ksState>
      <x>258.3804500425113</x>
      <y>584.0288377892257</y>
      <steeringAngle>0.1421333333333333</steeringAngle>
      <velocity>4.800000000000003</velocity>
      <orientation>-1.575373039522015</orientation>
      <time>9</time>
    </ksState>
    <ksState>
      <x>258.42325693282885</x>
      <y>583.5892243501654</y>
      <steeringAngle>0.17766666666666653</steeringAngle>
      <velocity>4.000000000000006</velocity>
      <orientation>-1.5479481429368651</orientation>
      <time>10</time>
    </ksState>
    <ksState>
      <x>258.47315425720967</x>
      <y>583.1907496405877</y>
      <steeringAngle>0.1421333333333333</steeringAngle>
      <velocity>4.0</velocity>
      <orientation>-1.522930736592342</orientation>
      <time>11</time>
    </ksState>
    <ksState>
      <x>258.52389517212305</x>
      <y>582.7930163463608</y>
      <steeringAngle>0.10659999999999999</steeringAngle>
      <velocity>4.0</velocity>
      <orientation>-1.5035388103015912</orientation>
      <time>12</time>
    </ksState>
    <ksState>
      <x>258.57332106258264</x>
      <y>582.3955893941709</y>
      <steeringAngle>0.07106666666666664</steeringAngle>
      <velocity>4.0</velocity>
      <orientation>-1.4897225705666384</orientation>
      <time>13</time>
    </ksState>
    <ksState>
      <x>258.6192792571306</x>
      <y>581.9980596625054</y>
      <steeringAngle>0.03553333333333332</steeringAngle>
      <velocity>4.0</velocity>
      <orientation>-1.481446810104373</orientation>
      <time>14</time>
    </ksState>
    <ksState>
      <x>258.6596087956227</x>
      <y>581.6000769562951</y>
      <steeringAngle>-2.2985086056692694e-17</steeringAngle>
      <velocity>4.0</velocity>
      <orientation>-1.4786905468095326</orientation>
      <time>15</time>
    </ksState>
    <ksState>
      <x>258.6921278080918</x>
      <y>581.2013836823711</y>
      <steeringAngle>-0.035533333333333326</steeringAngle>
      <velocity>4.0</velocity>
      <orientation>-1.481446821342133</orientation>
      <time>16</time>
    </ksState>
    <ksState>
      <x>258.71462337390847</x>
      <y>580.8018498087579</y>
      <steeringAngle>-0.07106666666666711</steeringAngle>
      <velocity>4.0</velocity>
      <orientation>-1.4897225818854185</orientation>
      <time>17</time>
    </ksState>
    <ksState>
      <x>258.72484444327836</x>
      <y>580.4015098634284</y>
      <steeringAngle>-0.10660000000000043</steeringAngle>
      <velocity>4.0</velocity>
      <orientation>-1.5035388217045553</orientation>
      <time>18</time>
    </ksState>
    <ksState>
      <x>258.72049915359503</x>
      <y>580.0006022157504</y>
      <steeringAngle>-0.14213333333333378</steeringAngle>
      <velocity>4.0</velocity>
      <orientation>-1.522930748090101</orientation>
      <time>19</time>
    </ksState>
    <ksState>
      <x>258.69925743511624</x>
      <y>579.5996112035418</y>
      <steeringAngle>-0.1776666666666672</steeringAngle>
      <velocity>4.0</velocity>
      <orientation>-1.5479481545414984</orientation>
      <time>20</time>
    </ksState>
    <ksState>
      <x>258.6676147041316</x>
      <y>579.1992731279993</y>
      <steeringAngle>-0.1421333333333333</steeringAngle>
      <velocity>4.0</velocity>
      <orientation>-1.5729655608860216</orientation>
      <time>21</time>
    </ksState>
    <ksState>
      <x>258.63509539504594</x>
      <y>578.7996371582474</y>
      <steeringAngle>-0.10659999999999999</steeringAngle>
      <velocity>4.0</velocity>
      <orientation>-1.5923574871767723</orientation>
      <time>22</time>
    </ksState>
    <ksState>
      <x>258.60387574382077</x>
      <y>578.4003672816575</y>
      <steeringAngle>-0.07106666666666664</steeringAngle>
      <velocity>4.0</velocity>
      <orientation>-1.606173726911725</orientation>
      <time>23</time>
    </ksState>
    <ksState>
      <x>258.57612486360364</x>
      <y>578.0011531388078</y>
      <steeringAngle>-0.03553333333333332</steeringAngle>
      <velocity>4.0</velocity>
      <orientation>-1.6144494873739905</orientation>
      <time>24</time>
    </ksState>
    <ksState>
      <x>258.5540174557892</x>
      <y>577.6017436138371</y>
      <steeringAngle>2.2985086056692694e-17</steeringAngle>
      <velocity>4.0</velocity>
      <orientation>-1.6172057506688309</orientation>
      <time>25</time>
    </ksState>
    <ksState>
      <x>258.53974487967054</x>
      <y>577.201981051289</y>
      <steeringAngle>0.035533333333333326</steeringAngle>
      <velocity>4.0</velocity>
      <orientation>-1.6144494761362305</orientation>
      <time>26</time>
    </ksState>
    <ksState>
      <x>258.53552368573605</x>
      <y>576.801836642147</y>
      <steeringAngle>0.07106666666666711</steeringAngle>
      <velocity>4.0</velocity>
      <orientation>-1.606173715592945</orientation>
      <time>27</time>
    </ksState>
    <ksState>
      <x>258.5436009966627</x>
      <y>576.4014477073177</y>
      <steeringAngle>0.10660000000000043</steeringAngle>
      <velocity>4.0</velocity>
      <orientation>-1.5923574757738082</orientation>
      <time>28</time>
    </ksState>
    <ksState>
      <x>258.56625539376796</x>
      <y>576.001157060661</y>
      <steeringAngle>0.14213333333333378</steeringAngle>
      <velocity>4.0</velocity>
      <orientation>-1.5729655493882624</orientation>
      <time>29</time>
    </ksState>
    <ksState>
      <x>258.60579238967017</x>
      <y>575.60155497304</y>
      <steeringAngle>0.1776666666666672</steeringAngle>
      <velocity>4.0</velocity>
      <orientation>-1.5479481429368651</orientation>
      <time>30</time>
    </ksState>
    <ksState>
      <x>258.6503851780954</x>
      <y>575.2428762150166</y>
      <steeringAngle>0.1421333333333333</steeringAngle>
      <velocity>3.1999999999999993</velocity>
      <orientation>-1.5253382279634229</orientation>
      <time>31</time>
    </ksState>
    <ksState>
      <x>258.6845295434037</x>
      <y>574.9642822665801</y>
      <steeringAngle>0.10659999999999997</steeringAngle>
      <velocity>2.3999999999999977</velocity>
      <orientation>-1.5116705870927154</orientation>
      <time>32</time>
    </ksState>
    <ksState>
      <x>258.7070328774776</x>
      <y>574.7653009819037</y>
      <steeringAngle>0.07106666666666664</steeringAngle>
      <velocity>1.5999999999999976</velocity>
      <orientation>-1.5046698812394963</orientation>
      <time>33</time>
    </ksState>
  </ksTrajectory>
</CommonRoadSolution>
