<?xml version="1.0" ?>
<CommonRoadSolution benchmark_id="KS2:SM1:DEU_Hennigsdorf-9_2_T-1:2020a" computation_time="0.6566423779995603" date="2023-01-12T15:00:04">
  <ksTrajectory planningProblem="1">
    <ksState>
      <x>279.24751</x>
      <y>553.91088</y>
      <steeringAngle>0.0</steeringAngle>
      <velocity>8.0</velocity>
      <orientation>2.6098672</orientation>
      <time>0</time>
    </ksState>
    <ksState>
      <x>278.5627056637966</x>
      <y>554.3245117157667</y>
      <steeringAngle>-0.03553333333333333</steeringAngle>
      <velocity>8.0</velocity>
      <orientation>2.604354664997161</orientation>
      <time>1</time>
    </ksState>
    <ksState>
      <x>277.8906607459114</x>
      <y>554.7590927811436</y>
      <steeringAngle>-0.07106666666666667</steeringAngle>
      <velocity>8.0</velocity>
      <orientation>2.587803144116892</orientation>
      <time>2</time>
    </ksState>
    <ksState>
      <x>277.23686656761583</x>
      <y>555.2216936188532</y>
      <steeringAngle>-0.10659999999999997</steeringAngle>
      <velocity>8.0</velocity>
      <orientation>2.5601706648261966</orientation>
      <time>3</time>
    </ksState>
    <ksState>
      <x>276.6077769329746</x>
      <y>555.7188131472774</y>
      <steeringAngle>-0.1421333333333333</steeringAngle>
      <velocity>8.0</velocity>
      <orientation>2.521386812553462</orientation>
      <time>4</time>
    </ksState>
    <ksState>
      <x>276.01102288168164</x>
      <y>556.2561305200663</y>
      <steeringAngle>-0.17766666666666667</steeringAngle>
      <velocity>8.0</velocity>
      <orientation>2.4713520003043072</orientation>
      <time>5</time>
    </ksState>
    <ksState>
      <x>275.4824112947473</x>
      <y>556.8081796759456</y>
      <steeringAngle>-0.21320000000000014</steeringAngle>
      <velocity>7.200000000000003</velocity>
      <orientation>2.4131026732328142</orientation>
      <time>6</time>
    </ksState>
    <ksState>
      <x>275.0496005192746</x>
      <y>557.3397678794697</y>
      <steeringAngle>-0.24873333333333347</steeringAngle>
      <velocity>6.400000000000004</velocity>
      <orientation>2.351185585747035</orientation>
      <time>7</time>
    </ksState>
    <ksState>
      <x>274.7070331474286</x>
      <y>557.840353518562</y>
      <steeringAngle>-0.2842666666666668</steeringAngle>
      <velocity>5.600000000000001</velocity>
      <orientation>2.2877634429831137</orientation>
      <time>8</time>
    </ksState>
    <ksState>
      <x>274.4466595752979</x>
      <y>558.2990674481223</y>
      <steeringAngle>-0.3198</steeringAngle>
      <velocity>4.800000000000002</velocity>
      <orientation>2.2250343432411612</orientation>
      <time>9</time>
    </ksState>
    <ksState>
      <x>274.25829354407847</x>
      <y>558.7055793656622</y>
      <steeringAngle>-0.3553333333333332</steeringAngle>
      <velocity>4.000000000000001</velocity>
      <orientation>2.1652445091929464</orientation>
      <time>10</time>
    </ksState>
    <ksState>
      <x>274.1089020495978</x>
      <y>559.0846227304252</y>
      <steeringAngle>-0.31979999999999986</steeringAngle>
      <velocity>4.0</velocity>
      <orientation>2.1107963099995666</orientation>
      <time>11</time>
    </ksState>
    <ksState>
      <x>273.9716001765161</x>
      <y>559.4665545419466</y>
      <steeringAngle>-0.28426666666666656</steeringAngle>
      <velocity>4.0</velocity>
      <orientation>2.0624656305183096</orientation>
      <time>12</time>
    </ksState>
    <ksState>
      <x>273.8441562139672</x>
      <y>559.8504649420968</y>
      <steeringAngle>-0.2487333333333332</steeringAngle>
      <velocity>4.0</velocity>
      <orientation>2.0201183967954344</orientation>
      <time>13</time>
    </ksState>
    <ksState>
      <x>273.7243481875734</x>
      <y>560.2356163678311</y>
      <steeringAngle>-0.21319999999999986</steeringAngle>
      <velocity>4.0</velocity>
      <orientation>1.9836395557218067</orientation>
      <time>14</time>
    </ksState>
    <ksState>
      <x>273.6099692229529</x>
      <y>560.621401389868</y>
      <steeringAngle>-0.1776666666666665</steeringAngle>
      <velocity>4.0</velocity>
      <orientation>1.952931773072979</orientation>
      <time>15</time>
    </ksState>
    <ksState>
      <x>273.51675106436215</x>
      <y>560.9712947732203</y>
      <steeringAngle>-0.21319999999999997</steeringAngle>
      <velocity>3.2</velocity>
      <orientation>1.9253902275095442</orientation>
      <time>16</time>
    </ksState>
    <ksState>
      <x>273.45688938531583</x>
      <y>561.2471847491973</y>
      <steeringAngle>-0.24873333333333342</steeringAngle>
      <velocity>2.4000000000000004</velocity>
      <orientation>1.8999519971228949</orientation>
      <time>17</time>
    </ksState>
    <ksState>
      <x>273.422667123375</x>
      <y>561.4464920646208</y>
      <steeringAngle>-0.2842666666666668</steeringAngle>
      <velocity>1.600000000000001</velocity>
      <orientation>1.8788770973323152</orientation>
      <time>18</time>
    </ksState>
    <ksState>
      <x>273.40665149340606</x>
      <y>561.5671657940671</y>
      <steeringAngle>-0.3197999999999999</steeringAngle>
      <velocity>0.8000000000000007</velocity>
      <orientation>1.8644786700316107</orientation>
      <time>19</time>
    </ksState>
    <ksState>
      <x>273.4024531945458</x>
      <y>561.6076639435142</y>
      <steeringAngle>-0.3553333333333332</steeringAngle>
      <velocity>5.551115123125783e-16</velocity>
      <orientation>1.8591370283958815</orientation>
      <time>20</time>
    </ksState>
    <ksState>
      <x>273.4024531945458</x>
      <y>561.6076639435142</y>
      <steeringAngle>-0.3198</steeringAngle>
      <velocity>0.0</velocity>
      <orientation>1.8591370283958815</orientation>
      <time>21</time>
    </ksState>
    <ksState>
      <x>273.4024531945458</x>
      <y>561.6076639435142</y>
      <steeringAngle>-0.2842666666666666</steeringAngle>
      <velocity>0.0</velocity>
      <orientation>1.8591370283958815</orientation>
      <time>22</time>
    </ksState>
    <ksState>
      <x>273.4024531945458</x>
      <y>561.6076639435142</y>
      <steeringAngle>-0.24873333333333333</steeringAngle>
      <velocity>0.0</velocity>
      <orientation>1.8591370283958815</orientation>
      <time>23</time>
    </ksState>
    <ksState>
      <x>273.4024531945458</x>
      <y>561.6076639435142</y>
      <steeringAngle>-0.21320000000000003</steeringAngle>
      <velocity>0.0</velocity>
      <orientation>1.8591370283958815</orientation>
      <time>24</time>
    </ksState>
    <ksState>
      <x>273.4024531945458</x>
      <y>561.6076639435142</y>
      <steeringAngle>-0.1776666666666667</steeringAngle>
      <velocity>0.0</velocity>
      <orientation>1.8591370283958815</orientation>
      <time>25</time>
    </ksState>
    <ksState>
      <x>273.4024531945458</x>
      <y>561.6076639435142</y>
      <steeringAngle>-0.14213333333333336</steeringAngle>
      <velocity>0.0</velocity>
      <orientation>1.8591370283958815</orientation>
      <time>26</time>
    </ksState>
    <ksState>
      <x>273.4024531945458</x>
      <y>561.6076639435142</y>
      <steeringAngle>-0.10660000000000001</steeringAngle>
      <velocity>0.0</velocity>
      <orientation>1.8591370283958815</orientation>
      <time>27</time>
    </ksState>
    <ksState>
      <x>273.4024531945458</x>
      <y>561.6076639435142</y>
      <steeringAngle>-0.07106666666666668</steeringAngle>
      <velocity>0.0</velocity>
      <orientation>1.8591370283958815</orientation>
      <time>28</time>
    </ksState>
    <ksState>
      <x>273.4024531945458</x>
      <y>561.6076639435142</y>
      <steeringAngle>-0.03553333333333333</steeringAngle>
      <velocity>0.0</velocity>
      <orientation>1.8591370283958815</orientation>
      <time>29</time>
    </ksState>
    <ksState>
      <x>273.4024531945458</x>
      <y>561.6076639435142</y>
      <steeringAngle>-0.0</steeringAngle>
      <velocity>0.0</velocity>
      <orientation>1.8591370283958815</orientation>
      <time>30</time>
    </ksState>
    <ksState>
      <x>273.4024531945458</x>
      <y>561.6076639435142</y>
      <steeringAngle>0.0</steeringAngle>
      <velocity>0.0</velocity>
      <orientation>1.8591370283958815</orientation>
      <time>31</time>
    </ksState>
    <ksState>
      <x>273.4024531945458</x>
      <y>561.6076639435142</y>
      <steeringAngle>0.0</steeringAngle>
      <velocity>0.0</velocity>
      <orientation>1.8591370283958815</orientation>
      <time>32</time>
    </ksState>
    <ksState>
      <x>273.4024531945458</x>
      <y>561.6076639435142</y>
      <steeringAngle>0.0</steeringAngle>
      <velocity>0.0</velocity>
      <orientation>1.8591370283958815</orientation>
      <time>33</time>
    </ksState>
  </ksTrajectory>
</CommonRoadSolution>
