<?xml version="1.0" ?>
<CommonRoadSolution benchmark_id="KS2:SM1:DEU_Lohmar-44_1_T-1:2020a" computation_time="4.270425341000191" date="2023-01-12T15:00:04">
  <ksTrajectory planningProblem="123">
    <ksState>
      <x>-434.86007</x>
      <y>-418.31339</y>
      <steeringAngle>0.0</steeringAngle>
      <velocity>8.0</velocity>
      <orientation>-3.1076225</orientation>
      <time>0</time>
    </ksState>
    <ksState>
      <x>-435.6199032155821</x>
      <y>-418.3305947375564</y>
      <steeringAngle>-0.03553333333333333</steeringAngle>
      <velocity>7.199999999999999</velocity>
      <orientation>-3.1127675129824923</orientation>
      <time>1</time>
    </ksState>
    <ksState>
      <x>-436.30015789033354</x>
      <y>-418.32609448296705</y>
      <steeringAngle>-0.07106666666666664</steeringAngle>
      <velocity>6.400000000000001</velocity>
      <orientation>-3.1267441851034556</orientation>
      <time>2</time>
    </ksState>
    <ksState>
      <x>-436.9002720879787</x>
      <y>-418.2998778914481</y>
      <steeringAngle>-0.10659999999999997</steeringAngle>
      <velocity>5.600000000000004</velocity>
      <orientation>-3.147375952969337</orientation>
      <time>3</time>
    </ksState>
    <ksState>
      <x>-437.419521298643</x>
      <y>-418.254929733926</y>
      <steeringAngle>-0.1421333333333333</steeringAngle>
      <velocity>4.800000000000003</velocity>
      <orientation>-3.172492160477985</orientation>
      <time>4</time>
    </ksState>
    <ksState>
      <x>-437.8573398181826</x>
      <y>-418.19655722661906</y>
      <steeringAngle>-0.17766666666666653</steeringAngle>
      <velocity>4.000000000000006</velocity>
      <orientation>-3.1999170570631352</orientation>
      <time>5</time>
    </ksState>
    <ksState>
      <x>-438.2537940043126</x>
      <y>-418.132557887144</y>
      <steeringAngle>-0.1421333333333333</steeringAngle>
      <velocity>4.0</velocity>
      <orientation>-3.2249344634076587</orientation>
      <time>6</time>
    </ksState>
    <ksState>
      <x>-438.649477320476</x>
      <y>-418.0677417850332</y>
      <steeringAngle>-0.10659999999999999</steeringAngle>
      <velocity>4.0</velocity>
      <orientation>-3.244326389698409</orientation>
      <time>7</time>
    </ksState>
    <ksState>
      <x>-439.04490112966863</x>
      <y>-418.0042507455208</y>
      <steeringAngle>-0.07106666666666664</steeringAngle>
      <velocity>4.0</velocity>
      <orientation>-3.258142629433362</orientation>
      <time>8</time>
    </ksState>
    <ksState>
      <x>-439.4405506486047</x>
      <y>-417.944221574531</y>
      <steeringAngle>-0.03553333333333332</steeringAngle>
      <velocity>4.0</velocity>
      <orientation>-3.2664183898956276</orientation>
      <time>9</time>
    </ksState>
    <ksState>
      <x>-439.83685249862276</x>
      <y>-417.889801451508</y>
      <steeringAngle>2.2985086056692694e-17</steeringAngle>
      <velocity>4.0</velocity>
      <orientation>-3.269174653190468</orientation>
      <time>10</time>
    </ksState>
    <ksState>
      <x>-440.1943905822891</x>
      <y>-417.847647051392</y>
      <steeringAngle>0.03553333333333333</steeringAngle>
      <velocity>3.2</velocity>
      <orientation>-3.2667859048106753</orientation>
      <time>11</time>
    </ksState>
    <ksState>
      <x>-440.4732761666209</x>
      <y>-417.82143743186725</y>
      <steeringAngle>0.07106666666666668</steeringAngle>
      <velocity>2.4</velocity>
      <orientation>-3.261084989804879</orientation>
      <time>12</time>
    </ksState>
    <ksState>
      <x>-440.6730475036276</x>
      <y>-417.8078583676911</y>
      <steeringAngle>0.10660000000000003</steeringAngle>
      <velocity>1.5999999999999994</velocity>
      <orientation>-3.2542694560601473</orientation>
      <time>13</time>
    </ksState>
    <ksState>
      <x>-440.79321525033225</x>
      <y>-417.80278575021345</y>
      <steeringAngle>0.14213333333333342</steeringAngle>
      <velocity>0.7999999999999988</velocity>
      <orientation>-3.2485451945736674</orientation>
      <time>14</time>
    </ksState>
    <ksState>
      <x>-440.8333531685966</x>
      <y>-417.8019682438795</y>
      <steeringAngle>0.17766666666666675</steeringAngle>
      <velocity>-1.5265566588595902e-15</velocity>
      <orientation>-3.2461377000991116</orientation>
      <time>15</time>
    </ksState>
    <ksState>
      <x>-440.8333531685966</x>
      <y>-417.8019682438795</y>
      <steeringAngle>0.14213333333333336</steeringAngle>
      <velocity>0.0</velocity>
      <orientation>-3.2461377000991116</orientation>
      <time>16</time>
    </ksState>
    <ksState>
      <x>-440.8333531685966</x>
      <y>-417.8019682438795</y>
      <steeringAngle>0.10660000000000001</steeringAngle>
      <velocity>0.0</velocity>
      <orientation>-3.2461377000991116</orientation>
      <time>17</time>
    </ksState>
    <ksState>
      <x>-440.8333531685966</x>
      <y>-417.8019682438795</y>
      <steeringAngle>0.07106666666666668</steeringAngle>
      <velocity>0.0</velocity>
      <orientation>-3.2461377000991116</orientation>
      <time>18</time>
    </ksState>
    <ksState>
      <x>-440.8333531685966</x>
      <y>-417.8019682438795</y>
      <steeringAngle>0.03553333333333333</steeringAngle>
      <velocity>0.0</velocity>
      <orientation>-3.2461377000991116</orientation>
      <time>19</time>
    </ksState>
    <ksState>
      <x>-440.8333531685966</x>
      <y>-417.8019682438795</y>
      <steeringAngle>0.0</steeringAngle>
      <velocity>0.0</velocity>
      <orientation>-3.2461377000991116</orientation>
      <time>20</time>
    </ksState>
    <ksState>
      <x>-440.8333531685966</x>
      <y>-417.8019682438795</y>
      <steeringAngle>0.0</steeringAngle>
      <velocity>0.0</velocity>
      <orientation>-3.2461377000991116</orientation>
      <time>21</time>
    </ksState>
    <ksState>
      <x>-440.8333531685966</x>
      <y>-417.8019682438795</y>
      <steeringAngle>0.0</steeringAngle>
      <velocity>0.0</velocity>
      <orientation>-3.2461377000991116</orientation>
      <time>22</time>
    </ksState>
    <ksState>
      <x>-440.8333531685966</x>
      <y>-417.8019682438795</y>
      <steeringAngle>0.0</steeringAngle>
      <velocity>0.0</velocity>
      <orientation>-3.2461377000991116</orientation>
      <time>23</time>
    </ksState>
    <ksState>
      <x>-440.8333531685966</x>
      <y>-417.8019682438795</y>
      <steeringAngle>0.0</steeringAngle>
      <velocity>0.0</velocity>
      <orientation>-3.2461377000991116</orientation>
      <time>24</time>
    </ksState>
    <ksState>
      <x>-440.8333531685966</x>
      <y>-417.8019682438795</y>
      <steeringAngle>0.0</steeringAngle>
      <velocity>0.0</velocity>
      <orientation>-3.2461377000991116</orientation>
      <time>25</time>
    </ksState>
    <ksState>
      <x>-440.8333531685966</x>
      <y>-417.8019682438795</y>
      <steeringAngle>0.0</steeringAngle>
      <velocity>0.0</velocity>
      <orientation>-3.2461377000991116</orientation>
      <time>26</time>
    </ksState>
    <ksState>
      <x>-440.8333531685966</x>
      <y>-417.8019682438795</y>
      <steeringAngle>0.0</steeringAngle>
      <velocity>0.0</velocity>
      <orientation>-3.2461377000991116</orientation>
      <time>27</time>
    </ksState>
    <ksState>
      <x>-440.8333531685966</x>
      <y>-417.8019682438795</y>
      <steeringAngle>0.0</steeringAngle>
      <velocity>0.0</velocity>
      <orientation>-3.2461377000991116</orientation>
      <time>28</time>
    </ksState>
    <ksState>
      <x>-440.8333531685966</x>
      <y>-417.8019682438795</y>
      <steeringAngle>0.0</steeringAngle>
      <velocity>0.0</velocity>
      <orientation>-3.2461377000991116</orientation>
      <time>29</time>
    </ksState>
    <ksState>
      <x>-440.8333531685966</x>
      <y>-417.8019682438795</y>
      <steeringAngle>0.0</steeringAngle>
      <velocity>0.0</velocity>
      <orientation>-3.2461377000991116</orientation>
      <time>30</time>
    </ksState>
    <ksState>
      <x>-440.8333531685966</x>
      <y>-417.8019682438795</y>
      <steeringAngle>0.0</steeringAngle>
      <velocity>0.0</velocity>
      <orientation>-3.2461377000991116</orientation>
      <time>31</time>
    </ksState>
    <ksState>
      <x>-440.8333531685966</x>
      <y>-417.8019682438795</y>
      <steeringAngle>0.0</steeringAngle>
      <velocity>0.0</velocity>
      <orientation>-3.2461377000991116</orientation>
      <time>32</time>
    </ksState>
    <ksState>
      <x>-440.8333531685966</x>
      <y>-417.8019682438795</y>
      <steeringAngle>0.0</steeringAngle>
      <velocity>0.0</velocity>
      <orientation>-3.2461377000991116</orientation>
      <time>33</time>
    </ksState>
    <ksState>
      <x>-440.8333531685966</x>
      <y>-417.8019682438795</y>
      <steeringAngle>0.0</steeringAngle>
      <velocity>0.0</velocity>
      <orientation>-3.2461377000991116</orientation>
      <time>34</time>
    </ksState>
    <ksState>
      <x>-440.8333531685966</x>
      <y>-417.8019682438795</y>
      <steeringAngle>0.0</steeringAngle>
      <velocity>0.0</velocity>
      <orientation>-3.2461377000991116</orientation>
      <time>35</time>
    </ksState>
    <ksState>
      <x>-440.8333531685966</x>
      <y>-417.8019682438795</y>
      <steeringAngle>0.0</steeringAngle>
      <velocity>0.0</velocity>
      <orientation>-3.2461377000991116</orientation>
      <time>36</time>
    </ksState>
    <ksState>
      <x>-440.8333531685966</x>
      <y>-417.8019682438795</y>
      <steeringAngle>0.0</steeringAngle>
      <velocity>0.0</velocity>
      <orientation>-3.2461377000991116</orientation>
      <time>37</time>
    </ksState>
    <ksState>
      <x>-440.8333531685966</x>
      <y>-417.8019682438795</y>
      <steeringAngle>0.0</steeringAngle>
      <velocity>0.0</velocity>
      <orientation>-3.2461377000991116</orientation>
      <time>38</time>
    </ksState>
    <ksState>
      <x>-440.8333531685966</x>
      <y>-417.8019682438795</y>
      <steeringAngle>0.0</steeringAngle>
      <velocity>0.0</velocity>
      <orientation>-3.2461377000991116</orientation>
      <time>39</time>
    </ksState>
    <ksState>
      <x>-440.8333531685966</x>
      <y>-417.8019682438795</y>
      <steeringAngle>0.0</steeringAngle>
      <velocity>0.0</velocity>
      <orientation>-3.2461377000991116</orientation>
      <time>40</time>
    </ksState>
    <ksState>
      <x>-440.8333531685966</x>
      <y>-417.8019682438795</y>
      <steeringAngle>0.0</steeringAngle>
      <velocity>0.0</velocity>
      <orientation>-3.2461377000991116</orientation>
      <time>41</time>
    </ksState>
    <ksState>
      <x>-440.8333531685966</x>
      <y>-417.8019682438795</y>
      <steeringAngle>0.0</steeringAngle>
      <velocity>0.0</velocity>
      <orientation>-3.2461377000991116</orientation>
      <time>42</time>
    </ksState>
    <ksState>
      <x>-440.8333531685966</x>
      <y>-417.8019682438795</y>
      <steeringAngle>0.0</steeringAngle>
      <velocity>0.0</velocity>
      <orientation>-3.2461377000991116</orientation>
      <time>43</time>
    </ksState>
    <ksState>
      <x>-440.8333531685966</x>
      <y>-417.8019682438795</y>
      <steeringAngle>0.0</steeringAngle>
      <velocity>0.0</velocity>
      <orientation>-3.2461377000991116</orientation>
      <time>44</time>
    </ksState>
    <ksState>
      <x>-440.8333531685966</x>
      <y>-417.8019682438795</y>
      <steeringAngle>0.0</steeringAngle>
      <velocity>0.0</velocity>
      <orientation>-3.2461377000991116</orientation>
      <time>45</time>
    </ksState>
    <ksState>
      <x>-440.8333531685966</x>
      <y>-417.8019682438795</y>
      <steeringAngle>0.0</steeringAngle>
      <velocity>0.0</velocity>
      <orientation>-3.2461377000991116</orientation>
      <time>46</time>
    </ksState>
    <ksState>
      <x>-440.8333531685966</x>
      <y>-417.8019682438795</y>
      <steeringAngle>0.0</steeringAngle>
      <velocity>0.0</velocity>
      <orientation>-3.2461377000991116</orientation>
      <time>47</time>
    </ksState>
    <ksState>
      <x>-440.8333531685966</x>
      <y>-417.8019682438795</y>
      <steeringAngle>0.0</steeringAngle>
      <velocity>0.0</velocity>
      <orientation>-3.2461377000991116</orientation>
      <time>48</time>
    </ksState>
    <ksState>
      <x>-440.8333531685966</x>
      <y>-417.8019682438795</y>
      <steeringAngle>0.0</steeringAngle>
      <velocity>0.0</velocity>
      <orientation>-3.2461377000991116</orientation>
      <time>49</time>
    </ksState>
    <ksState>
      <x>-440.8333531685966</x>
      <y>-417.8019682438795</y>
      <steeringAngle>0.0</steeringAngle>
      <velocity>0.0</velocity>
      <orientation>-3.2461377000991116</orientation>
      <time>50</time>
    </ksState>
    <ksState>
      <x>-440.8333531685966</x>
      <y>-417.8019682438795</y>
      <steeringAngle>0.0</steeringAngle>
      <velocity>0.0</velocity>
      <orientation>-3.2461377000991116</orientation>
      <time>51</time>
    </ksState>
    <ksState>
      <x>-440.8333531685966</x>
      <y>-417.8019682438795</y>
      <steeringAngle>0.0</steeringAngle>
      <velocity>0.0</velocity>
      <orientation>-3.2461377000991116</orientation>
      <time>52</time>
    </ksState>
    <ksState>
      <x>-440.8333531685966</x>
      <y>-417.8019682438795</y>
      <steeringAngle>0.0</steeringAngle>
      <velocity>0.0</velocity>
      <orientation>-3.2461377000991116</orientation>
      <time>53</time>
    </ksState>
    <ksState>
      <x>-440.8333531685966</x>
      <y>-417.8019682438795</y>
      <steeringAngle>0.0</steeringAngle>
      <velocity>0.0</velocity>
      <orientation>-3.2461377000991116</orientation>
      <time>54</time>
    </ksState>
    <ksState>
      <x>-440.8333531685966</x>
      <y>-417.8019682438795</y>
      <steeringAngle>0.0</steeringAngle>
      <velocity>0.0</velocity>
      <orientation>-3.2461377000991116</orientation>
      <time>55</time>
    </ksState>
    <ksState>
      <x>-440.8333531685966</x>
      <y>-417.8019682438795</y>
      <steeringAngle>0.0</steeringAngle>
      <velocity>0.0</velocity>
      <orientation>-3.2461377000991116</orientation>
      <time>56</time>
    </ksState>
    <ksState>
      <x>-440.8333531685966</x>
      <y>-417.8019682438795</y>
      <steeringAngle>0.0</steeringAngle>
      <velocity>0.0</velocity>
      <orientation>-3.2461377000991116</orientation>
      <time>57</time>
    </ksState>
    <ksState>
      <x>-440.8333531685966</x>
      <y>-417.8019682438795</y>
      <steeringAngle>0.0</steeringAngle>
      <velocity>0.0</velocity>
      <orientation>-3.2461377000991116</orientation>
      <time>58</time>
    </ksState>
    <ksState>
      <x>-440.8333531685966</x>
      <y>-417.8019682438795</y>
      <steeringAngle>0.0</steeringAngle>
      <velocity>0.0</velocity>
      <orientation>-3.2461377000991116</orientation>
      <time>59</time>
    </ksState>
    <ksState>
      <x>-440.8333531685966</x>
      <y>-417.8019682438795</y>
      <steeringAngle>0.0</steeringAngle>
      <velocity>0.0</velocity>
      <orientation>-3.2461377000991116</orientation>
      <time>60</time>
    </ksState>
    <ksState>
      <x>-440.8333531685966</x>
      <y>-417.8019682438795</y>
      <steeringAngle>0.0</steeringAngle>
      <velocity>0.0</velocity>
      <orientation>-3.2461377000991116</orientation>
      <time>61</time>
    </ksState>
    <ksState>
      <x>-440.8333531685966</x>
      <y>-417.8019682438795</y>
      <steeringAngle>0.0</steeringAngle>
      <velocity>0.0</velocity>
      <orientation>-3.2461377000991116</orientation>
      <time>62</time>
    </ksState>
    <ksState>
      <x>-440.8333531685966</x>
      <y>-417.8019682438795</y>
      <steeringAngle>0.0</steeringAngle>
      <velocity>0.0</velocity>
      <orientation>-3.2461377000991116</orientation>
      <time>63</time>
    </ksState>
    <ksState>
      <x>-440.8333531685966</x>
      <y>-417.8019682438795</y>
      <steeringAngle>0.0</steeringAngle>
      <velocity>0.0</velocity>
      <orientation>-3.2461377000991116</orientation>
      <time>64</time>
    </ksState>
    <ksState>
      <x>-440.8333531685966</x>
      <y>-417.8019682438795</y>
      <steeringAngle>0.0</steeringAngle>
      <velocity>0.0</velocity>
      <orientation>-3.2461377000991116</orientation>
      <time>65</time>
    </ksState>
    <ksState>
      <x>-440.8333531685966</x>
      <y>-417.8019682438795</y>
      <steeringAngle>0.0</steeringAngle>
      <velocity>0.0</velocity>
      <orientation>-3.2461377000991116</orientation>
      <time>66</time>
    </ksState>
    <ksState>
      <x>-440.8333531685966</x>
      <y>-417.8019682438795</y>
      <steeringAngle>0.0</steeringAngle>
      <velocity>0.0</velocity>
      <orientation>-3.2461377000991116</orientation>
      <time>67</time>
    </ksState>
    <ksState>
      <x>-440.8333531685966</x>
      <y>-417.8019682438795</y>
      <steeringAngle>0.0</steeringAngle>
      <velocity>0.0</velocity>
      <orientation>-3.2461377000991116</orientation>
      <time>68</time>
    </ksState>
    <ksState>
      <x>-440.8333531685966</x>
      <y>-417.8019682438795</y>
      <steeringAngle>0.0</steeringAngle>
      <velocity>0.0</velocity>
      <orientation>-3.2461377000991116</orientation>
      <time>69</time>
    </ksState>
    <ksState>
      <x>-440.8333531685966</x>
      <y>-417.8019682438795</y>
      <steeringAngle>0.0</steeringAngle>
      <velocity>0.0</velocity>
      <orientation>-3.2461377000991116</orientation>
      <time>70</time>
    </ksState>
    <ksState>
      <x>-440.8333531685966</x>
      <y>-417.8019682438795</y>
      <steeringAngle>0.0</steeringAngle>
      <velocity>0.0</velocity>
      <orientation>-3.2461377000991116</orientation>
      <time>71</time>
    </ksState>
    <ksState>
      <x>-440.8333531685966</x>
      <y>-417.8019682438795</y>
      <steeringAngle>0.0</steeringAngle>
      <velocity>0.0</velocity>
      <orientation>-3.2461377000991116</orientation>
      <time>72</time>
    </ksState>
    <ksState>
      <x>-440.8333531685966</x>
      <y>-417.8019682438795</y>
      <steeringAngle>0.0</steeringAngle>
      <velocity>0.0</velocity>
      <orientation>-3.2461377000991116</orientation>
      <time>73</time>
    </ksState>
    <ksState>
      <x>-440.8333531685966</x>
      <y>-417.8019682438795</y>
      <steeringAngle>0.0</steeringAngle>
      <velocity>0.0</velocity>
      <orientation>-3.2461377000991116</orientation>
      <time>74</time>
    </ksState>
    <ksState>
      <x>-440.8333531685966</x>
      <y>-417.8019682438795</y>
      <steeringAngle>0.0</steeringAngle>
      <velocity>0.0</velocity>
      <orientation>-3.2461377000991116</orientation>
      <time>75</time>
    </ksState>
    <ksState>
      <x>-440.8333531685966</x>
      <y>-417.8019682438795</y>
      <steeringAngle>0.0</steeringAngle>
      <velocity>0.0</velocity>
      <orientation>-3.2461377000991116</orientation>
      <time>76</time>
    </ksState>
    <ksState>
      <x>-440.8333531685966</x>
      <y>-417.8019682438795</y>
      <steeringAngle>0.0</steeringAngle>
      <velocity>0.0</velocity>
      <orientation>-3.2461377000991116</orientation>
      <time>77</time>
    </ksState>
    <ksState>
      <x>-440.8333531685966</x>
      <y>-417.8019682438795</y>
      <steeringAngle>0.0</steeringAngle>
      <velocity>0.0</velocity>
      <orientation>-3.2461377000991116</orientation>
      <time>78</time>
    </ksState>
    <ksState>
      <x>-440.8333531685966</x>
      <y>-417.8019682438795</y>
      <steeringAngle>0.0</steeringAngle>
      <velocity>0.0</velocity>
      <orientation>-3.2461377000991116</orientation>
      <time>79</time>
    </ksState>
    <ksState>
      <x>-440.8333531685966</x>
      <y>-417.8019682438795</y>
      <steeringAngle>0.0</steeringAngle>
      <velocity>0.0</velocity>
      <orientation>-3.2461377000991116</orientation>
      <time>80</time>
    </ksState>
    <ksState>
      <x>-440.8333531685966</x>
      <y>-417.8019682438795</y>
      <steeringAngle>0.0</steeringAngle>
      <velocity>0.0</velocity>
      <orientation>-3.2461377000991116</orientation>
      <time>81</time>
    </ksState>
    <ksState>
      <x>-440.8333531685966</x>
      <y>-417.8019682438795</y>
      <steeringAngle>0.0</steeringAngle>
      <velocity>0.0</velocity>
      <orientation>-3.2461377000991116</orientation>
      <time>82</time>
    </ksState>
    <ksState>
      <x>-440.8333531685966</x>
      <y>-417.8019682438795</y>
      <steeringAngle>0.0</steeringAngle>
      <velocity>0.0</velocity>
      <orientation>-3.2461377000991116</orientation>
      <time>83</time>
    </ksState>
    <ksState>
      <x>-440.8333531685966</x>
      <y>-417.8019682438795</y>
      <steeringAngle>0.0</steeringAngle>
      <velocity>0.0</velocity>
      <orientation>-3.2461377000991116</orientation>
      <time>84</time>
    </ksState>
    <ksState>
      <x>-440.8333531685966</x>
      <y>-417.8019682438795</y>
      <steeringAngle>0.0</steeringAngle>
      <velocity>0.0</velocity>
      <orientation>-3.2461377000991116</orientation>
      <time>85</time>
    </ksState>
    <ksState>
      <x>-440.8333531685966</x>
      <y>-417.8019682438795</y>
      <steeringAngle>0.0</steeringAngle>
      <velocity>0.0</velocity>
      <orientation>-3.2461377000991116</orientation>
      <time>86</time>
    </ksState>
    <ksState>
      <x>-440.8333531685966</x>
      <y>-417.8019682438795</y>
      <steeringAngle>0.0</steeringAngle>
      <velocity>0.0</velocity>
      <orientation>-3.2461377000991116</orientation>
      <time>87</time>
    </ksState>
    <ksState>
      <x>-440.8333531685966</x>
      <y>-417.8019682438795</y>
      <steeringAngle>0.0</steeringAngle>
      <velocity>0.0</velocity>
      <orientation>-3.2461377000991116</orientation>
      <time>88</time>
    </ksState>
    <ksState>
      <x>-440.8333531685966</x>
      <y>-417.8019682438795</y>
      <steeringAngle>0.0</steeringAngle>
      <velocity>0.0</velocity>
      <orientation>-3.2461377000991116</orientation>
      <time>89</time>
    </ksState>
    <ksState>
      <x>-440.8333531685966</x>
      <y>-417.8019682438795</y>
      <steeringAngle>0.0</steeringAngle>
      <velocity>0.0</velocity>
      <orientation>-3.2461377000991116</orientation>
      <time>90</time>
    </ksState>
    <ksState>
      <x>-440.873189859689</x>
      <y>-417.79831996080173</y>
      <steeringAngle>0.03553333333333333</steeringAngle>
      <velocity>0.8</velocity>
      <orientation>-3.2457701683208695</orientation>
      <time>91</time>
    </ksState>
    <ksState>
      <x>-440.99292978938746</x>
      <y>-417.7896227098428</y>
      <steeringAngle>0.0710666666666667</steeringAngle>
      <velocity>1.6</velocity>
      <orientation>-3.243195321728884</orientation>
      <time>92</time>
    </ksState>
    <ksState>
      <x>-441.19293877481755</x>
      <y>-417.7799001548955</y>
      <steeringAngle>0.10660000000000003</steeringAngle>
      <velocity>2.4000000000000004</velocity>
      <orientation>-3.2361946174920466</orientation>
      <time>93</time>
    </ksState>
    <ksState>
      <x>-441.4735552996845</x>
      <y>-417.7746362796421</y>
      <steeringAngle>0.14213333333333342</steeringAngle>
      <velocity>3.2000000000000015</velocity>
      <orientation>-3.2225269765512268</orientation>
      <time>94</time>
    </ksState>
    <ksState>
      <x>-441.83490261429614</x>
      <y>-417.78152742285226</y>
      <steeringAngle>0.17766666666666683</steeringAngle>
      <velocity>4.0000000000000036</velocity>
      <orientation>-3.1999170606780063</orientation>
      <time>95</time>
    </ksState>
    <ksState>
      <x>-442.1960160941622</x>
      <y>-417.7968904595245</y>
      <steeringAngle>0.1421333333333333</steeringAngle>
      <velocity>3.1999999999999993</velocity>
      <orientation>-3.177307145704564</orientation>
      <time>96</time>
    </ksState>
    <ksState>
      <x>-442.4764612640885</x>
      <y>-417.80833303146824</y>
      <steeringAngle>0.10659999999999997</steeringAngle>
      <velocity>2.3999999999999977</velocity>
      <orientation>-3.163639504833857</orientation>
      <time>97</time>
    </ksState>
    <ksState>
      <x>-442.6766120144584</x>
      <y>-417.8146281742239</y>
      <steeringAngle>0.07106666666666664</steeringAngle>
      <velocity>1.5999999999999976</velocity>
      <orientation>-3.1566387989806377</orientation>
      <time>98</time>
    </ksState>
    <ksState>
      <x>-442.7966512439008</x>
      <y>-417.8166563225113</y>
      <steeringAngle>0.0355333333333333</steeringAngle>
      <velocity>0.7999999999999972</velocity>
      <orientation>-3.1540639545066704</orientation>
      <time>99</time>
    </ksState>
  </ksTrajectory>
</CommonRoadSolution>
