<?xml version="1.0" ?>
<CommonRoadSolution benchmark_id="KS2:SM1:BEL_Zwevegem-3_1_T-1:2020a" computation_time="1.0252079229999254" date="2023-01-12T15:00:04">
  <ksTrajectory planningProblem="1">
    <ksState>
      <x>-712.00999</x>
      <y>-458.4226</y>
      <steeringAngle>0.0</steeringAngle>
      <velocity>8.0</velocity>
      <orientation>1.893089</orientation>
      <time>0</time>
    </ksState>
    <ksState>
      <x>-712.2425388747888</x>
      <y>-457.69902309369996</y>
      <steeringAngle>-0.03553333333333333</steeringAngle>
      <velocity>7.199999999999999</velocity>
      <orientation>1.8879439870175077</orientation>
      <time>1</time>
    </ksState>
    <ksState>
      <x>-712.431650980111</x>
      <y>-457.0455682089274</y>
      <steeringAngle>-0.07106666666666664</steeringAngle>
      <velocity>6.400000000000001</velocity>
      <orientation>1.8739673148965446</orientation>
      <time>2</time>
    </ksState>
    <ksState>
      <x>-712.5771556560442</x>
      <y>-456.4627708606427</y>
      <steeringAngle>-0.10659999999999997</steeringAngle>
      <velocity>5.600000000000004</velocity>
      <orientation>1.8533355470306632</orientation>
      <time>3</time>
    </ksState>
    <ksState>
      <x>-712.6817084584387</x>
      <y>-455.9521743554141</y>
      <steeringAngle>-0.1421333333333333</steeringAngle>
      <velocity>4.800000000000003</velocity>
      <orientation>1.828219339522015</orientation>
      <time>4</time>
    </ksState>
    <ksState>
      <x>-712.7502366785385</x>
      <y>-455.5158301235157</y>
      <steeringAngle>-0.17766666666666653</steeringAngle>
      <velocity>4.000000000000006</velocity>
      <orientation>1.8007944429368652</orientation>
      <time>5</time>
    </ksState>
    <ksState>
      <x>-712.7967891023592</x>
      <y>-455.157400437143</y>
      <steeringAngle>-0.1421333333333333</steeringAngle>
      <velocity>3.1999999999999993</velocity>
      <orientation>1.778184527963423</orientation>
      <time>6</time>
    </ksState>
    <ksState>
      <x>-712.8334236569601</x>
      <y>-454.87912299429706</y>
      <steeringAngle>-0.10659999999999997</steeringAngle>
      <velocity>2.3999999999999977</velocity>
      <orientation>1.7645168870927155</orientation>
      <time>7</time>
    </ksState>
    <ksState>
      <x>-712.8614131430261</x>
      <y>-454.6808390051156</y>
      <steeringAngle>-0.07106666666666664</steeringAngle>
      <velocity>1.5999999999999976</velocity>
      <orientation>1.7575161812394964</orientation>
      <time>8</time>
    </ksState>
    <ksState>
      <x>-712.8799213129128</x>
      <y>-454.56221785338437</y>
      <steeringAngle>-0.0355333333333333</steeringAngle>
      <velocity>0.7999999999999972</velocity>
      <orientation>1.754941336765529</orientation>
      <time>9</time>
    </ksState>
    <ksState>
      <x>-712.8867228465448</x>
      <y>-454.5227968696244</y>
      <steeringAngle>2.5153490401663703e-17</steeringAngle>
      <velocity>-2.914335439641036e-15</velocity>
      <orientation>1.754573825186998</orientation>
      <time>10</time>
    </ksState>
    <ksState>
      <x>-712.8940326368867</x>
      <y>-454.48347045326966</y>
      <steeringAngle>0.0</steeringAngle>
      <velocity>0.8</velocity>
      <orientation>1.754573825186998</orientation>
      <time>11</time>
    </ksState>
    <ksState>
      <x>-712.9159620076956</x>
      <y>-454.3654912053706</y>
      <steeringAngle>0.0</steeringAngle>
      <velocity>1.6</velocity>
      <orientation>1.754573825186998</orientation>
      <time>12</time>
    </ksState>
    <ksState>
      <x>-712.9525109589397</x>
      <y>-454.1688591260993</y>
      <steeringAngle>0.0</steeringAngle>
      <velocity>2.4000000000000004</velocity>
      <orientation>1.754573825186998</orientation>
      <time>13</time>
    </ksState>
    <ksState>
      <x>-713.0036794906093</x>
      <y>-453.89357421550784</y>
      <steeringAngle>0.0</steeringAngle>
      <velocity>3.2000000000000006</velocity>
      <orientation>1.754573825186998</orientation>
      <time>14</time>
    </ksState>
    <ksState>
      <x>-713.0694676027003</x>
      <y>-453.53963647361763</y>
      <steeringAngle>0.0</steeringAngle>
      <velocity>4.000000000000001</velocity>
      <orientation>1.754573825186998</orientation>
      <time>15</time>
    </ksState>
    <ksState>
      <x>-713.1547007486233</x>
      <y>-453.10795033730955</y>
      <steeringAngle>0.035533333333333326</steeringAngle>
      <velocity>4.799999999999999</velocity>
      <orientation>1.757697603856189</orientation>
      <time>16</time>
    </ksState>
    <ksState>
      <x>-713.268942013877</x>
      <y>-452.600431905463</y>
      <steeringAngle>0.07106666666666667</steeringAngle>
      <velocity>5.599999999999998</velocity>
      <orientation>1.7685482149173617</orientation>
      <time>17</time>
    </ksState>
    <ksState>
      <x>-713.4215053842607</x>
      <y>-452.01942948871255</y>
      <steeringAngle>0.10659999999999999</steeringAngle>
      <velocity>6.3999999999999995</velocity>
      <orientation>1.7893651639176895</orientation>
      <time>18</time>
    </ksState>
    <ksState>
      <x>-713.6251109582342</x>
      <y>-451.3689958822828</y>
      <steeringAngle>0.14213333333333333</steeringAngle>
      <velocity>7.199999999999999</velocity>
      <orientation>1.8224247348988547</orientation>
      <time>19</time>
    </ksState>
    <ksState>
      <x>-713.8963356427462</x>
      <y>-450.6559557678256</y>
      <steeringAngle>0.17766666666666664</steeringAngle>
      <velocity>7.9999999999999964</velocity>
      <orientation>1.8700520569804013</orientation>
      <time>20</time>
    </ksState>
    <ksState>
      <x>-714.2193878615574</x>
      <y>-449.9206481495587</y>
      <steeringAngle>0.14213333333333336</steeringAngle>
      <velocity>8.0</velocity>
      <orientation>1.9200868685291497</orientation>
      <time>21</time>
    </ksState>
    <ksState>
      <x>-714.5598426227089</x>
      <y>-449.19460623263063</y>
      <steeringAngle>0.1066000000000001</steeringAngle>
      <velocity>8.0</velocity>
      <orientation>1.958870720536147</orientation>
      <time>22</time>
    </ksState>
    <ksState>
      <x>-714.9096211081666</x>
      <y>-448.47403850826487</y>
      <steeringAngle>0.07106666666666674</steeringAngle>
      <velocity>8.0</velocity>
      <orientation>1.986503199565834</orientation>
      <time>23</time>
    </ksState>
    <ksState>
      <x>-715.2608667438101</x>
      <y>-447.7548716344664</y>
      <steeringAngle>0.035533333333333354</steeringAngle>
      <velocity>8.0</velocity>
      <orientation>2.0030547201948634</orientation>
      <time>24</time>
    </ksState>
    <ksState>
      <x>-715.6057840540905</x>
      <y>-447.03299674616227</y>
      <steeringAngle>2.0816681711721685e-17</steeringAngle>
      <velocity>8.0</velocity>
      <orientation>2.0085672466532682</orientation>
      <time>25</time>
    </ksState>
    <ksState>
      <x>-715.9364767099753</x>
      <y>-446.30451164506906</y>
      <steeringAngle>-0.03553333333333333</steeringAngle>
      <velocity>8.0</velocity>
      <orientation>2.0030547116504294</orientation>
      <time>26</time>
    </ksState>
    <ksState>
      <x>-716.2447965788282</x>
      <y>-445.56596988422535</y>
      <steeringAngle>-0.07106666666666667</steeringAngle>
      <velocity>8.0</velocity>
      <orientation>1.9865031907701598</orientation>
      <time>27</time>
    </ksState>
    <ksState>
      <x>-716.5222156686982</x>
      <y>-444.8146477088581</y>
      <steeringAngle>-0.10659999999999997</steeringAngle>
      <velocity>8.0</velocity>
      <orientation>1.958870711479465</orientation>
      <time>28</time>
    </ksState>
    <ksState>
      <x>-716.7597356319654</x>
      <y>-444.04883711804393</y>
      <steeringAngle>-0.1421333333333333</steeringAngle>
      <velocity>8.0</velocity>
      <orientation>1.92008685920673</orientation>
      <time>29</time>
    </ksState>
    <ksState>
      <x>-716.9478511245587</x>
      <y>-443.2681720693312</y>
      <steeringAngle>-0.17766666666666667</steeringAngle>
      <velocity>8.0</velocity>
      <orientation>1.8700520469575754</orientation>
      <time>30</time>
    </ksState>
    <ksState>
      <x>-717.0886761487317</x>
      <y>-442.5182776071</y>
      <steeringAngle>-0.1421333333333334</steeringAngle>
      <velocity>7.2</velocity>
      <orientation>1.8224247252119385</orientation>
      <time>31</time>
    </ksState>
    <ksState>
      <x>-717.2008047490474</x>
      <y>-441.84593269997094</y>
      <steeringAngle>-0.10660000000000011</steeringAngle>
      <velocity>6.4</velocity>
      <orientation>1.7893651547639706</orientation>
      <time>32</time>
    </ksState>
    <ksState>
      <x>-717.2954145815803</x>
      <y>-441.25268933824395</y>
      <steeringAngle>-0.07106666666666674</steeringAngle>
      <velocity>5.600000000000001</velocity>
      <orientation>1.7685482064700822</orientation>
      <time>33</time>
    </ksState>
  </ksTrajectory>
</CommonRoadSolution>
