<?xml version="1.0" ?>
<CommonRoadSolution benchmark_id="KS2:SM1:BEL_Aarschot-3_1_T-1:2020a" computation_time="0.47616539500040744" date="2023-01-12T15:00:04">
  <ksTrajectory planningProblem="1">
    <ksState>
      <x>-257.22216</x>
      <y>-211.03686</y>
      <steeringAngle>0.0</steeringAngle>
      <velocity>8.0</velocity>
      <orientation>-4.6162351</orientation>
      <time>0</time>
    </ksState>
    <ksState>
      <x>-257.2896926920487</x>
      <y>-210.23968529475928</y>
      <steeringAngle>-0.03553333333333333</steeringAngle>
      <velocity>8.0</velocity>
      <orientation>-4.621747635002839</orientation>
      <time>1</time>
    </ksState>
    <ksState>
      <x>-257.3327763341852</x>
      <y>-209.44053019478193</y>
      <steeringAngle>-0.07106666666666667</steeringAngle>
      <velocity>8.0</velocity>
      <orientation>-4.638299155883108</orientation>
      <time>2</time>
    </ksState>
    <ksState>
      <x>-257.3424632433839</x>
      <y>-208.63968531191568</y>
      <steeringAngle>-0.10659999999999997</steeringAngle>
      <velocity>8.0</velocity>
      <orientation>-4.665931635173803</orientation>
      <time>3</time>
    </ksState>
    <ksState>
      <x>-257.30970284968373</x>
      <y>-207.83855589006288</y>
      <steeringAngle>-0.1421333333333333</steeringAngle>
      <velocity>8.0</velocity>
      <orientation>-4.7047154874465384</orientation>
      <time>4</time>
    </ksState>
    <ksState>
      <x>-257.22541645490236</x>
      <y>-207.0399814348678</y>
      <steeringAngle>-0.17766666666666667</steeringAngle>
      <velocity>8.0</velocity>
      <orientation>-4.754750299695693</orientation>
      <time>5</time>
    </ksState>
    <ksState>
      <x>-257.0891790758099</x>
      <y>-206.28789908772342</y>
      <steeringAngle>-0.21320000000000014</steeringAngle>
      <velocity>7.200000000000003</velocity>
      <orientation>-4.812999626767185</orientation>
      <time>6</time>
    </ksState>
    <ksState>
      <x>-256.91322397637316</x>
      <y>-205.62536532369808</y>
      <steeringAngle>-0.24873333333333347</steeringAngle>
      <velocity>6.400000000000004</velocity>
      <orientation>-4.874916714252965</orientation>
      <time>7</time>
    </ksState>
    <ksState>
      <x>-256.7093468078468</x>
      <y>-205.0540751290749</y>
      <steeringAngle>-0.2842666666666668</steeringAngle>
      <velocity>5.600000000000001</velocity>
      <orientation>-4.938338857016886</orientation>
      <time>8</time>
    </ksState>
    <ksState>
      <x>-256.4910722762329</x>
      <y>-204.57389902066723</y>
      <steeringAngle>-0.3198</steeringAngle>
      <velocity>4.800000000000002</velocity>
      <orientation>-5.001067956758838</orientation>
      <time>9</time>
    </ksState>
    <ksState>
      <x>-256.27274415056434</x>
      <y>-204.18266184150184</y>
      <steeringAngle>-0.3553333333333332</steeringAngle>
      <velocity>4.000000000000001</velocity>
      <orientation>-5.060857790807053</orientation>
      <time>10</time>
    </ksState>
    <ksState>
      <x>-256.0447801203596</x>
      <y>-203.84294545719925</y>
      <steeringAngle>-0.39086666666666653</steeringAngle>
      <velocity>4.0</velocity>
      <orientation>-5.12157815711304</orientation>
      <time>11</time>
    </ksState>
    <ksState>
      <x>-255.78729882469779</x>
      <y>-203.52242951884992</y>
      <steeringAngle>-0.42639999999999995</steeringAngle>
      <velocity>4.0</velocity>
      <orientation>-5.188747770569444</orientation>
      <time>12</time>
    </ksState>
    <ksState>
      <x>-255.4996568328921</x>
      <y>-203.2254993375096</y>
      <steeringAngle>-0.4619333333333333</steeringAngle>
      <velocity>4.0</velocity>
      <orientation>-5.262568354201788</orientation>
      <time>13</time>
    </ksState>
    <ksState>
      <x>-255.18184685124862</x>
      <y>-202.95711244060973</y>
      <steeringAngle>-0.49746666666666667</steeringAngle>
      <velocity>4.0</velocity>
      <orientation>-5.343268896015008</orientation>
      <time>14</time>
    </ksState>
    <ksState>
      <x>-254.83467004542663</x>
      <y>-202.72277810458098</y>
      <steeringAngle>-0.533</steeringAngle>
      <velocity>4.0</velocity>
      <orientation>-5.431108762614817</orientation>
      <time>15</time>
    </ksState>
    <ksState>
      <x>-254.45993522908253</x>
      <y>-202.52850225853956</y>
      <steeringAngle>-0.5685333333333333</steeringAngle>
      <velocity>4.0</velocity>
      <orientation>-5.526381402264047</orientation>
      <time>16</time>
    </ksState>
    <ksState>
      <x>-254.06068391070718</x>
      <y>-202.38068545754174</y>
      <steeringAngle>-0.6040666666666665</steeringAngle>
      <velocity>4.0</velocity>
      <orientation>-5.629418755482509</orientation>
      <time>17</time>
    </ksState>
    <ksState>
      <x>-253.64143733840967</x>
      <y>-202.2859590391917</y>
      <steeringAngle>-0.6396</steeringAngle>
      <velocity>4.0</velocity>
      <orientation>-5.740596538258</orientation>
      <time>18</time>
    </ksState>
    <ksState>
      <x>-253.20845769132245</x>
      <y>-202.2509411972543</y>
      <steeringAngle>-0.6751333333333333</steeringAngle>
      <velocity>4.0</velocity>
      <orientation>-5.86034058713793</orientation>
      <time>19</time>
    </ksState>
    <ksState>
      <x>-252.77000937358434</x>
      <y>-202.28189187131468</y>
      <steeringAngle>-0.7106666666666664</steeringAngle>
      <velocity>4.0</velocity>
      <orientation>-5.989134524822241</orientation>
      <time>20</time>
    </ksState>
    <ksState>
      <x>-252.3815356554534</x>
      <y>-202.35847031120457</y>
      <steeringAngle>-0.6751333333333334</steeringAngle>
      <velocity>3.1999999999999984</velocity>
      <orientation>-6.105204267365455</orientation>
      <time>21</time>
    </ksState>
    <ksState>
      <x>-252.0879914619445</x>
      <y>-202.43898547854246</y>
      <steeringAngle>-0.6395999999999997</steeringAngle>
      <velocity>2.3999999999999986</velocity>
      <orientation>-6.1891717116860745</orientation>
      <time>22</time>
    </ksState>
    <ksState>
      <x>-251.88321000570798</x>
      <y>-202.5049372708182</y>
      <steeringAngle>-0.6040666666666666</steeringAngle>
      <velocity>1.5999999999999988</velocity>
      <orientation>-6.244899659963543</orientation>
      <time>23</time>
    </ksState>
    <ksState>
      <x>-251.76224012940975</x>
      <y>-202.54638234650974</y>
      <steeringAngle>-0.5685333333333333</steeringAngle>
      <velocity>0.7999999999999987</velocity>
      <orientation>-6.275943261737289</orientation>
      <time>24</time>
    </ksState>
    <ksState>
      <x>-251.72220722758013</x>
      <y>-202.56002228913403</y>
      <steeringAngle>-0.5330000000000004</steeringAngle>
      <velocity>-1.2212453270876722e-15</velocity>
      <orientation>-0.002411736328038039</orientation>
      <time>25</time>
    </ksState>
    <ksState>
      <x>-251.72220722758013</x>
      <y>-202.56002228913403</y>
      <steeringAngle>-0.49746666666666667</steeringAngle>
      <velocity>0.0</velocity>
      <orientation>-0.002411736328038039</orientation>
      <time>26</time>
    </ksState>
    <ksState>
      <x>-251.72220722758013</x>
      <y>-202.56002228913403</y>
      <steeringAngle>-0.4619333333333333</steeringAngle>
      <velocity>0.0</velocity>
      <orientation>-0.002411736328038039</orientation>
      <time>27</time>
    </ksState>
    <ksState>
      <x>-251.72220722758013</x>
      <y>-202.56002228913403</y>
      <steeringAngle>-0.42639999999999995</steeringAngle>
      <velocity>0.0</velocity>
      <orientation>-0.002411736328038039</orientation>
      <time>28</time>
    </ksState>
    <ksState>
      <x>-251.72220722758013</x>
      <y>-202.56002228913403</y>
      <steeringAngle>-0.3908666666666666</steeringAngle>
      <velocity>0.0</velocity>
      <orientation>-0.002411736328038039</orientation>
      <time>29</time>
    </ksState>
    <ksState>
      <x>-251.72220722758013</x>
      <y>-202.56002228913403</y>
      <steeringAngle>-0.3553333333333333</steeringAngle>
      <velocity>0.0</velocity>
      <orientation>-0.002411736328038039</orientation>
      <time>30</time>
    </ksState>
    <ksState>
      <x>-251.72220722758013</x>
      <y>-202.56002228913403</y>
      <steeringAngle>-0.3198</steeringAngle>
      <velocity>0.0</velocity>
      <orientation>-0.002411736328038039</orientation>
      <time>31</time>
    </ksState>
    <ksState>
      <x>-251.72220722758013</x>
      <y>-202.56002228913403</y>
      <steeringAngle>-0.2842666666666666</steeringAngle>
      <velocity>0.0</velocity>
      <orientation>-0.002411736328038039</orientation>
      <time>32</time>
    </ksState>
    <ksState>
      <x>-251.72220722758013</x>
      <y>-202.56002228913403</y>
      <steeringAngle>-0.24873333333333333</steeringAngle>
      <velocity>0.0</velocity>
      <orientation>-0.002411736328038039</orientation>
      <time>33</time>
    </ksState>
  </ksTrajectory>
</CommonRoadSolution>
