<?xml version="1.0" ?>
<CommonRoadSolution benchmark_id="KS2:SM1:DEU_Speyer-5_2_T-1:2020a" computation_time="1.6209960590003902" date="2023-01-12T15:00:04">
  <ksTrajectory planningProblem="1">
    <ksState>
      <x>-406.35439</x>
      <y>-705.78114</y>
      <steeringAngle>0.0</steeringAngle>
      <velocity>4.0</velocity>
      <orientation>2.6278367</orientation>
      <time>0</time>
    </ksState>
    <ksState>
      <x>-406.70063914721527</x>
      <y>-705.5808268928481</y>
      <steeringAngle>-0.035533333333333326</steeringAngle>
      <velocity>4.0</velocity>
      <orientation>2.6250804254673996</orientation>
      <time>1</time>
    </ksState>
    <ksState>
      <x>-407.04187121857876</x>
      <y>-705.3717956987194</y>
      <steeringAngle>-0.07106666666666711</steeringAngle>
      <velocity>4.0</velocity>
      <orientation>2.616804664924114</orientation>
      <time>2</time>
    </ksState>
    <ksState>
      <x>-407.37677592492065</x>
      <y>-705.1522156910787</y>
      <steeringAngle>-0.10660000000000043</steeringAngle>
      <velocity>4.0</velocity>
      <orientation>2.6029884251049773</orientation>
      <time>3</time>
    </ksState>
    <ksState>
      <x>-407.7038521753673</x>
      <y>-704.920338676472</y>
      <steeringAngle>-0.14213333333333378</steeringAngle>
      <velocity>4.0</velocity>
      <orientation>2.5835964987194315</orientation>
      <time>4</time>
    </ksState>
    <ksState>
      <x>-408.0213749322661</x>
      <y>-704.6745251265457</y>
      <steeringAngle>-0.1776666666666672</steeringAngle>
      <velocity>4.0</velocity>
      <orientation>2.558579092268034</orientation>
      <time>5</time>
    </ksState>
    <ksState>
      <x>-408.299386382111</x>
      <y>-704.4430634857997</y>
      <steeringAngle>-0.17766666666666667</steeringAngle>
      <velocity>3.2000000000000006</velocity>
      <orientation>2.5335136529998565</orientation>
      <time>6</time>
    </ksState>
    <ksState>
      <x>-408.5115553233227</x>
      <y>-704.2582632199599</y>
      <steeringAngle>-0.17766666666666667</steeringAngle>
      <velocity>2.4000000000000012</velocity>
      <orientation>2.5140183113698265</orientation>
      <time>7</time>
    </ksState>
    <ksState>
      <x>-408.6608789064614</x>
      <y>-704.1237481004532</y>
      <steeringAngle>-0.17766666666666667</steeringAngle>
      <velocity>1.6000000000000005</velocity>
      <orientation>2.500093067370846</orientation>
      <time>8</time>
    </ksState>
    <ksState>
      <x>-408.74956885387627</x>
      <y>-704.0420455318605</y>
      <steeringAngle>-0.17766666666666667</steeringAngle>
      <velocity>0.8000000000000004</velocity>
      <orientation>2.4917379210000914</orientation>
      <time>9</time>
    </ksState>
    <ksState>
      <x>-408.77898008389747</x>
      <y>-704.0146470161046</y>
      <steeringAngle>-0.17766666666666667</steeringAngle>
      <velocity>2.7755575615628914e-16</velocity>
      <orientation>2.488952872253876</orientation>
      <time>10</time>
    </ksState>
    <ksState>
      <x>-408.77898008389747</x>
      <y>-704.0146470161046</y>
      <steeringAngle>-0.17766666666666667</steeringAngle>
      <velocity>0.0</velocity>
      <orientation>2.488952872253876</orientation>
      <time>11</time>
    </ksState>
    <ksState>
      <x>-408.77898008389747</x>
      <y>-704.0146470161046</y>
      <steeringAngle>-0.17766666666666667</steeringAngle>
      <velocity>0.0</velocity>
      <orientation>2.488952872253876</orientation>
      <time>12</time>
    </ksState>
    <ksState>
      <x>-408.77898008389747</x>
      <y>-704.0146470161046</y>
      <steeringAngle>-0.17766666666666667</steeringAngle>
      <velocity>0.0</velocity>
      <orientation>2.488952872253876</orientation>
      <time>13</time>
    </ksState>
    <ksState>
      <x>-408.77898008389747</x>
      <y>-704.0146470161046</y>
      <steeringAngle>-0.17766666666666667</steeringAngle>
      <velocity>0.0</velocity>
      <orientation>2.488952872253876</orientation>
      <time>14</time>
    </ksState>
    <ksState>
      <x>-408.77898008389747</x>
      <y>-704.0146470161046</y>
      <steeringAngle>-0.17766666666666667</steeringAngle>
      <velocity>0.0</velocity>
      <orientation>2.488952872253876</orientation>
      <time>15</time>
    </ksState>
    <ksState>
      <x>-408.80864589586184</x>
      <y>-703.9875974119802</y>
      <steeringAngle>-0.14213333333333333</steeringAngle>
      <velocity>0.8</velocity>
      <orientation>2.4865453750430735</orientation>
      <time>16</time>
    </ksState>
    <ksState>
      <x>-408.89860862679103</x>
      <y>-703.9077647082934</y>
      <steeringAngle>-0.10660000000000001</steeringAngle>
      <velocity>1.6</velocity>
      <orientation>2.480821088422739</orientation>
      <time>17</time>
    </ksState>
    <ksState>
      <x>-409.0500875334082</x>
      <y>-703.7768108993104</y>
      <steeringAngle>-0.07106666666666664</steeringAngle>
      <velocity>2.4000000000000004</velocity>
      <orientation>2.4740055746597602</orientation>
      <time>18</time>
    </ksState>
    <ksState>
      <x>-409.26438587593077</x>
      <y>-703.5964134170396</y>
      <steeringAngle>-0.03553333333333332</steeringAngle>
      <velocity>3.1999999999999993</velocity>
      <orientation>2.4683046539468303</orientation>
      <time>19</time>
    </ksState>
    <ksState>
      <x>-409.54334161738876</x>
      <y>-703.3688256555597</y>
      <steeringAngle>2.6020852139652106e-18</steeringAngle>
      <velocity>3.999999999999999</velocity>
      <orientation>2.4659159023585038</orientation>
      <time>20</time>
    </ksState>
    <ksState>
      <x>-409.85813307411354</x>
      <y>-703.1220055761146</y>
      <steeringAngle>0.035533333333333326</steeringAngle>
      <velocity>4.0</velocity>
      <orientation>2.468672176891104</orientation>
      <time>21</time>
    </ksState>
    <ksState>
      <x>-410.17914900505065</x>
      <y>-702.8830868896744</y>
      <steeringAngle>0.07106666666666711</steeringAngle>
      <velocity>4.0</velocity>
      <orientation>2.4769479374343897</orientation>
      <time>22</time>
    </ksState>
    <ksState>
      <x>-410.50760094173495</x>
      <y>-702.6539671232335</y>
      <steeringAngle>0.10660000000000043</steeringAngle>
      <velocity>4.0</velocity>
      <orientation>2.4907641772535265</orientation>
      <time>23</time>
    </ksState>
    <ksState>
      <x>-410.84455279814983</x>
      <y>-702.4366901802146</y>
      <steeringAngle>0.14213333333333378</steeringAngle>
      <velocity>4.0</velocity>
      <orientation>2.5101561036390723</orientation>
      <time>24</time>
    </ksState>
    <ksState>
      <x>-411.1908842799381</x>
      <y>-702.2334673783482</y>
      <steeringAngle>0.1776666666666672</steeringAngle>
      <velocity>4.0</velocity>
      <orientation>2.5351735100904698</orientation>
      <time>25</time>
    </ksState>
    <ksState>
      <x>-411.5424019209244</x>
      <y>-702.0392839979352</y>
      <steeringAngle>0.1421333333333333</steeringAngle>
      <velocity>4.0</velocity>
      <orientation>2.560190916434993</orientation>
      <time>26</time>
    </ksState>
    <ksState>
      <x>-411.8938166554257</x>
      <y>-701.8462189877487</y>
      <steeringAngle>0.10659999999999999</steeringAngle>
      <velocity>4.0</velocity>
      <orientation>2.5795828427257437</orientation>
      <time>27</time>
    </ksState>
    <ksState>
      <x>-412.24420976393276</x>
      <y>-701.6522711326805</y>
      <steeringAngle>0.07106666666666664</steeringAngle>
      <velocity>4.0</velocity>
      <orientation>2.5933990824606967</orientation>
      <time>28</time>
    </ksState>
    <ksState>
      <x>-412.5926450440494</x>
      <y>-701.4554592967202</y>
      <steeringAngle>0.03553333333333332</steeringAngle>
      <velocity>4.0</velocity>
      <orientation>2.601674842922962</orientation>
      <time>29</time>
    </ksState>
    <ksState>
      <x>-412.93813377544257</x>
      <y>-701.2538303241048</y>
      <steeringAngle>-2.2985086056692694e-17</steeringAngle>
      <velocity>4.0</velocity>
      <orientation>2.6044311062178025</orientation>
      <time>30</time>
    </ksState>
    <ksState>
      <x>-413.24743302151063</x>
      <y>-701.0696185556376</y>
      <steeringAngle>0.0</steeringAngle>
      <velocity>3.2</velocity>
      <orientation>2.6044311062178025</orientation>
      <time>31</time>
    </ksState>
    <ksState>
      <x>-413.487999101502</x>
      <y>-700.9263427358876</y>
      <steeringAngle>0.0</steeringAngle>
      <velocity>2.4000000000000004</velocity>
      <orientation>2.6044311062178025</orientation>
      <time>32</time>
    </ksState>
    <ksState>
      <x>-413.65983201550426</x>
      <y>-700.8240028648028</y>
      <steeringAngle>0.0</steeringAngle>
      <velocity>1.6</velocity>
      <orientation>2.6044311062178025</orientation>
      <time>33</time>
    </ksState>
  </ksTrajectory>
</CommonRoadSolution>
