<?xml version="1.0" ?>
<CommonRoadSolution benchmark_id="KS2:SM1:HRV_Pula-19_2_T-1:2020a" computation_time="0.908787803999985" date="2023-01-12T15:00:04">
  <ksTrajectory planningProblem="1">
    <ksState>
      <x>428.22656</x>
      <y>75.960286</y>
      <steeringAngle>0.0</steeringAngle>
      <velocity>16.0</velocity>
      <orientation>-1.6531801</orientation>
      <time>0</time>
    </ksState>
    <ksState>
      <x>428.0981866423988</x>
      <y>74.40557693396435</y>
      <steeringAngle>0.0</steeringAngle>
      <velocity>15.2</velocity>
      <orientation>-1.6531801</orientation>
      <time>1</time>
    </ksState>
    <ksState>
      <x>427.97639653395174</x>
      <y>72.93059653854358</y>
      <steeringAngle>0.0</steeringAngle>
      <velocity>14.400000000000002</velocity>
      <orientation>-1.6531801</orientation>
      <time>2</time>
    </ksState>
    <ksState>
      <x>427.86118967462835</x>
      <y>71.5353448133688</y>
      <steeringAngle>0.0</steeringAngle>
      <velocity>13.600000000000001</velocity>
      <orientation>-1.6531801</orientation>
      <time>3</time>
    </ksState>
    <ksState>
      <x>427.75256606441945</x>
      <y>70.21982175832827</y>
      <steeringAngle>0.0</steeringAngle>
      <velocity>12.800000000000004</velocity>
      <orientation>-1.6531801</orientation>
      <time>4</time>
    </ksState>
    <ksState>
      <x>427.65052570332205</x>
      <y>68.98402737338672</y>
      <steeringAngle>0.0</steeringAngle>
      <velocity>12.000000000000002</velocity>
      <orientation>-1.6531801</orientation>
      <time>5</time>
    </ksState>
    <ksState>
      <x>427.569303059696</x>
      <y>67.82683808382384</y>
      <steeringAngle>0.03553333333333333</steeringAngle>
      <velocity>11.200000000000001</velocity>
      <orientation>-1.6452788262276559</orientation>
      <time>6</time>
    </ksState>
    <ksState>
      <x>427.531180196387</x>
      <y>66.74710873449287</y>
      <steeringAngle>0.07106666666666667</steeringAngle>
      <velocity>10.400000000000007</velocity>
      <orientation>-1.623026395429166</orientation>
      <time>7</time>
    </ksState>
    <ksState>
      <x>427.54400411624283</x>
      <y>65.74609682770645</y>
      <steeringAngle>0.10660000000000001</steeringAngle>
      <velocity>9.60000000000001</velocity>
      <orientation>-1.5885783845444943</orientation>
      <time>8</time>
    </ksState>
    <ksState>
      <x>427.6104479931104</x>
      <y>64.82646127231101</y>
      <steeringAngle>0.14213333333333344</steeringAngle>
      <velocity>8.800000000000008</velocity>
      <orientation>-1.5440702524236494</orientation>
      <time>9</time>
    </ksState>
    <ksState>
      <x>427.7285655681392</x>
      <y>63.99163911632173</y>
      <steeringAngle>0.17766666666666675</steeringAngle>
      <velocity>8.000000000000009</velocity>
      <orientation>-1.491627954608668</orientation>
      <time>10</time>
    </ksState>
    <ksState>
      <x>427.89238635798125</x>
      <y>63.24507952113611</y>
      <steeringAngle>0.21320000000000014</steeringAngle>
      <velocity>7.200000000000003</velocity>
      <orientation>-1.4333786275371752</orientation>
      <time>11</time>
    </ksState>
    <ksState>
      <x>428.09260269196716</x>
      <y>62.58946941970645</y>
      <steeringAngle>0.24873333333333347</steeringAngle>
      <velocity>6.400000000000004</velocity>
      <orientation>-1.3714615400513956</orientation>
      <time>12</time>
    </ksState>
    <ksState>
      <x>428.3173645347091</x>
      <y>62.026068585161354</y>
      <steeringAngle>0.2842666666666668</steeringAngle>
      <velocity>5.600000000000001</velocity>
      <orientation>-1.3080393972874746</orientation>
      <time>13</time>
    </ksState>
    <ksState>
      <x>428.55316110534903</x>
      <y>61.55424992983788</y>
      <steeringAngle>0.3198</steeringAngle>
      <velocity>4.800000000000002</velocity>
      <orientation>-1.245310297545522</orientation>
      <time>14</time>
    </ksState>
    <ksState>
      <x>428.7857383929749</x>
      <y>61.171311937337954</y>
      <steeringAngle>0.3553333333333332</steeringAngle>
      <velocity>4.000000000000001</velocity>
      <orientation>-1.185520463497307</orientation>
      <time>15</time>
    </ksState>
    <ksState>
      <x>429.00098281299984</x>
      <y>60.8725960336924</y>
      <steeringAngle>0.3908666666666668</steeringAngle>
      <velocity>3.2000000000000006</velocity>
      <orientation>-1.1309780767241244</orientation>
      <time>16</time>
    </ksState>
    <ksState>
      <x>429.18570112692095</x>
      <y>60.651906500730384</y>
      <steeringAngle>0.4264</steeringAngle>
      <velocity>2.3999999999999995</velocity>
      <orientation>-1.0840684399276075</orientation>
      <time>17</time>
    </ksState>
    <ksState>
      <x>429.3282423539174</x>
      <y>60.50219968559203</y>
      <steeringAngle>0.4619333333333332</steeringAngle>
      <velocity>1.5999999999999996</velocity>
      <orientation>-1.0472708154022108</orientation>
      <time>18</time>
    </ksState>
    <ksState>
      <x>429.41894092142877</x>
      <y>60.41648736061688</y>
      <steeringAngle>0.49746666666666656</steeringAngle>
      <velocity>0.7999999999999986</velocity>
      <orientation>-1.0231773792522292</orientation>
      <time>19</time>
    </ksState>
    <ksState>
      <x>429.4504075230245</x>
      <y>60.38888865357347</y>
      <steeringAngle>0.5329999999999998</steeringAngle>
      <velocity>-1.5265566588595902e-15</velocity>
      <orientation>-1.0145147131146486</orientation>
      <time>20</time>
    </ksState>
    <ksState>
      <x>429.4504075230245</x>
      <y>60.38888865357347</y>
      <steeringAngle>0.49746666666666667</steeringAngle>
      <velocity>0.0</velocity>
      <orientation>-1.0145147131146486</orientation>
      <time>21</time>
    </ksState>
    <ksState>
      <x>429.4504075230245</x>
      <y>60.38888865357347</y>
      <steeringAngle>0.4619333333333333</steeringAngle>
      <velocity>0.0</velocity>
      <orientation>-1.0145147131146486</orientation>
      <time>22</time>
    </ksState>
    <ksState>
      <x>429.4504075230245</x>
      <y>60.38888865357347</y>
      <steeringAngle>0.42639999999999995</steeringAngle>
      <velocity>0.0</velocity>
      <orientation>-1.0145147131146486</orientation>
      <time>23</time>
    </ksState>
    <ksState>
      <x>429.4504075230245</x>
      <y>60.38888865357347</y>
      <steeringAngle>0.3908666666666666</steeringAngle>
      <velocity>0.0</velocity>
      <orientation>-1.0145147131146486</orientation>
      <time>24</time>
    </ksState>
    <ksState>
      <x>429.4504075230245</x>
      <y>60.38888865357347</y>
      <steeringAngle>0.3553333333333333</steeringAngle>
      <velocity>0.0</velocity>
      <orientation>-1.0145147131146486</orientation>
      <time>25</time>
    </ksState>
    <ksState>
      <x>429.4504075230245</x>
      <y>60.38888865357347</y>
      <steeringAngle>0.3198</steeringAngle>
      <velocity>0.0</velocity>
      <orientation>-1.0145147131146486</orientation>
      <time>26</time>
    </ksState>
    <ksState>
      <x>429.4504075230245</x>
      <y>60.38888865357347</y>
      <steeringAngle>0.2842666666666666</steeringAngle>
      <velocity>0.0</velocity>
      <orientation>-1.0145147131146486</orientation>
      <time>27</time>
    </ksState>
    <ksState>
      <x>429.4504075230245</x>
      <y>60.38888865357347</y>
      <steeringAngle>0.24873333333333333</steeringAngle>
      <velocity>0.0</velocity>
      <orientation>-1.0145147131146486</orientation>
      <time>28</time>
    </ksState>
    <ksState>
      <x>429.4504075230245</x>
      <y>60.38888865357347</y>
      <steeringAngle>0.21320000000000003</steeringAngle>
      <velocity>0.0</velocity>
      <orientation>-1.0145147131146486</orientation>
      <time>29</time>
    </ksState>
    <ksState>
      <x>429.4504075230245</x>
      <y>60.38888865357347</y>
      <steeringAngle>0.1776666666666667</steeringAngle>
      <velocity>0.0</velocity>
      <orientation>-1.0145147131146486</orientation>
      <time>30</time>
    </ksState>
    <ksState>
      <x>429.4504075230245</x>
      <y>60.38888865357347</y>
      <steeringAngle>0.14213333333333336</steeringAngle>
      <velocity>0.0</velocity>
      <orientation>-1.0145147131146486</orientation>
      <time>31</time>
    </ksState>
    <ksState>
      <x>429.4504075230245</x>
      <y>60.38888865357347</y>
      <steeringAngle>0.10660000000000001</steeringAngle>
      <velocity>0.0</velocity>
      <orientation>-1.0145147131146486</orientation>
      <time>32</time>
    </ksState>
    <ksState>
      <x>429.4504075230245</x>
      <y>60.38888865357347</y>
      <steeringAngle>0.07106666666666668</steeringAngle>
      <velocity>0.0</velocity>
      <orientation>-1.0145147131146486</orientation>
      <time>33</time>
    </ksState>
  </ksTrajectory>
</CommonRoadSolution>
