<?xml version="1.0" ?>
<CommonRoadSolution benchmark_id="KS2:SM1:BEL_Putte-2_1_T-1:2020a" computation_time="1.5247319509999215" date="2023-01-12T15:00:04">
  <ksTrajectory planningProblem="1">
    <ksState>
      <x>640.08333</x>
      <y>973.80808</y>
      <steeringAngle>0.0</steeringAngle>
      <velocity>0.0</velocity>
      <orientation>-2.1837579</orientation>
      <time>0</time>
    </ksState>
    <ksState>
      <x>640.0607508759879</x>
      <y>973.7750579606104</y>
      <steeringAngle>0.03553333333333333</steeringAngle>
      <velocity>0.8</velocity>
      <orientation>-2.1833903682217577</orientation>
      <time>1</time>
    </ksState>
    <ksState>
      <x>639.994864925089</x>
      <y>973.6746969402262</y>
      <steeringAngle>0.0710666666666667</steeringAngle>
      <velocity>1.6</velocity>
      <orientation>-2.180815521629772</orientation>
      <time>2</time>
    </ksState>
    <ksState>
      <x>639.8890088059919</x>
      <y>973.5047186934498</y>
      <steeringAngle>0.10660000000000003</steeringAngle>
      <velocity>2.4000000000000004</velocity>
      <orientation>-2.173814817392935</orientation>
      <time>3</time>
    </ksState>
    <ksState>
      <x>639.7478080964753</x>
      <y>973.2621579751892</y>
      <steeringAngle>0.14213333333333342</steeringAngle>
      <velocity>3.2000000000000015</velocity>
      <orientation>-2.160147176452115</orientation>
      <time>4</time>
    </ksState>
    <ksState>
      <x>639.5779256773035</x>
      <y>972.9431605876009</y>
      <steeringAngle>0.17766666666666683</steeringAngle>
      <velocity>4.0000000000000036</velocity>
      <orientation>-2.1375372605788945</orientation>
      <time>5</time>
    </ksState>
    <ksState>
      <x>639.4054359764181</x>
      <y>972.5796683924251</y>
      <steeringAngle>0.21319999999999995</steeringAngle>
      <velocity>4.0</velocity>
      <orientation>-2.1068294779413943</orientation>
      <time>6</time>
    </ksState>
    <ksState>
      <x>639.2523861097067</x>
      <y>972.2065315804323</y>
      <steeringAngle>0.24873333333333336</steeringAngle>
      <velocity>4.0</velocity>
      <orientation>-2.0703506368187</orientation>
      <time>7</time>
    </ksState>
    <ksState>
      <x>639.1215685328076</x>
      <y>971.8238197380465</y>
      <steeringAngle>0.2842666666666667</steeringAngle>
      <velocity>4.0</velocity>
      <orientation>-2.028003402973252</orientation>
      <time>8</time>
    </ksState>
    <ksState>
      <x>639.0159562212373</x>
      <y>971.4320107117605</y>
      <steeringAngle>0.31980000000000003</steeringAngle>
      <velocity>4.0</velocity>
      <orientation>-1.979672721606117</orientation>
      <time>9</time>
    </ksState>
    <ksState>
      <x>638.9386833899977</x>
      <y>971.032064891382</y>
      <steeringAngle>0.35533333333333333</steeringAngle>
      <velocity>4.0</velocity>
      <orientation>-1.9252245204278386</orientation>
      <time>10</time>
    </ksState>
    <ksState>
      <x>638.8836814308976</x>
      <y>970.6283738269663</y>
      <steeringAngle>0.31979999999999986</steeringAngle>
      <velocity>4.0</velocity>
      <orientation>-1.870776321234459</orientation>
      <time>11</time>
    </ksState>
    <ksState>
      <x>638.8411091701812</x>
      <y>970.2247510877389</y>
      <steeringAngle>0.28426666666666656</steeringAngle>
      <velocity>4.0</velocity>
      <orientation>-1.8224456417532018</orientation>
      <time>12</time>
    </ksState>
    <ksState>
      <x>638.8085825796071</x>
      <y>969.8215499222654</y>
      <steeringAngle>0.2487333333333332</steeringAngle>
      <velocity>4.0</velocity>
      <orientation>-1.7800984080303266</orientation>
      <time>13</time>
    </ksState>
    <ksState>
      <x>638.7837680466478</x>
      <y>969.418958537748</y>
      <steeringAngle>0.21319999999999986</steeringAngle>
      <velocity>4.0</velocity>
      <orientation>-1.743619566956699</orientation>
      <time>14</time>
    </ksState>
    <ksState>
      <x>638.7643775615668</x>
      <y>969.0170423277441</y>
      <steeringAngle>0.1776666666666665</steeringAngle>
      <velocity>4.0</velocity>
      <orientation>-1.7129117843078712</orientation>
      <time>15</time>
    </ksState>
    <ksState>
      <x>638.7532205692409</x>
      <y>968.6554619370922</y>
      <steeringAngle>0.17766666666666667</steeringAngle>
      <velocity>3.2000000000000006</velocity>
      <orientation>-1.6878463450396937</orientation>
      <time>16</time>
    </ksState>
    <ksState>
      <x>638.7508104164561</x>
      <y>968.3741063097575</y>
      <steeringAngle>0.17766666666666667</steeringAngle>
      <velocity>2.4000000000000012</velocity>
      <orientation>-1.6683510034096638</orientation>
      <time>17</time>
    </ksState>
    <ksState>
      <x>638.7524472162725</x>
      <y>968.1731357379226</y>
      <steeringAngle>0.17766666666666667</steeringAngle>
      <velocity>1.6000000000000005</velocity>
      <orientation>-1.6544257594106828</orientation>
      <time>18</time>
    </ksState>
    <ksState>
      <x>638.7547725390209</x>
      <y>968.052571193544</y>
      <steeringAngle>0.17766666666666667</steeringAngle>
      <velocity>0.8000000000000004</velocity>
      <orientation>-1.6460706130399287</orientation>
      <time>19</time>
    </ksState>
    <ksState>
      <x>638.7557714987876</x>
      <y>968.0123878487807</y>
      <steeringAngle>0.17766666666666667</steeringAngle>
      <velocity>2.7755575615628914e-16</velocity>
      <orientation>-1.6432855642937134</orientation>
      <time>20</time>
    </ksState>
    <ksState>
      <x>638.7563404813604</x>
      <y>967.9722453807248</y>
      <steeringAngle>0.14213333333333333</steeringAngle>
      <velocity>0.8</velocity>
      <orientation>-1.6408780670829108</orientation>
      <time>21</time>
    </ksState>
    <ksState>
      <x>638.7564222205338</x>
      <y>967.8519684217804</y>
      <steeringAngle>0.10660000000000001</steeringAngle>
      <velocity>1.6</velocity>
      <orientation>-1.6351537804625762</orientation>
      <time>22</time>
    </ksState>
    <ksState>
      <x>638.753964206681</x>
      <y>967.6517467511126</y>
      <steeringAngle>0.07106666666666664</steeringAngle>
      <velocity>2.4000000000000004</velocity>
      <orientation>-1.6283382666995976</orientation>
      <time>23</time>
    </ksState>
    <ksState>
      <x>638.7468466625495</x>
      <y>967.3717175173118</y>
      <steeringAngle>0.03553333333333332</steeringAngle>
      <velocity>3.1999999999999993</velocity>
      <orientation>-1.6226373459866679</orientation>
      <time>24</time>
    </ksState>
    <ksState>
      <x>638.7321641208711</x>
      <y>967.0119996864531</y>
      <steeringAngle>-2.6020852139652106e-18</steeringAngle>
      <velocity>3.999999999999999</velocity>
      <orientation>-1.620248594398341</orientation>
      <time>25</time>
    </ksState>
    <ksState>
      <x>638.714368559908</x>
      <y>966.6524397925966</y>
      <steeringAngle>0.0</steeringAngle>
      <velocity>3.2</velocity>
      <orientation>-1.620248594398341</orientation>
      <time>26</time>
    </ksState>
    <ksState>
      <x>638.7005275680643</x>
      <y>966.3727820977048</y>
      <steeringAngle>0.0</steeringAngle>
      <velocity>2.4000000000000004</velocity>
      <orientation>-1.620248594398341</orientation>
      <time>27</time>
    </ksState>
    <ksState>
      <x>638.6906411453347</x>
      <y>966.1730266016758</y>
      <steeringAngle>0.0</steeringAngle>
      <velocity>1.6</velocity>
      <orientation>-1.620248594398341</orientation>
      <time>28</time>
    </ksState>
    <ksState>
      <x>638.6847092917172</x>
      <y>966.0531733044692</y>
      <steeringAngle>0.0</steeringAngle>
      <velocity>0.7999999999999998</velocity>
      <orientation>-1.620248594398341</orientation>
      <time>29</time>
    </ksState>
    <ksState>
      <x>638.6827320072093</x>
      <y>966.013222206032</y>
      <steeringAngle>0.0</steeringAngle>
      <velocity>-3.3306690738754696e-16</velocity>
      <orientation>-1.620248594398341</orientation>
      <time>30</time>
    </ksState>
    <ksState>
      <x>638.6827320072093</x>
      <y>966.013222206032</y>
      <steeringAngle>0.0</steeringAngle>
      <velocity>0.0</velocity>
      <orientation>-1.620248594398341</orientation>
      <time>31</time>
    </ksState>
    <ksState>
      <x>638.6827320072093</x>
      <y>966.013222206032</y>
      <steeringAngle>0.0</steeringAngle>
      <velocity>0.0</velocity>
      <orientation>-1.620248594398341</orientation>
      <time>32</time>
    </ksState>
    <ksState>
      <x>638.6827320072093</x>
      <y>966.013222206032</y>
      <steeringAngle>0.0</steeringAngle>
      <velocity>0.0</velocity>
      <orientation>-1.620248594398341</orientation>
      <time>33</time>
    </ksState>
  </ksTrajectory>
</CommonRoadSolution>
