<?xml version="1.0" ?>
<CommonRoadSolution benchmark_id="KS2:SM1:ARG_Carcarana-2_3_T-1:2020a" computation_time="2.221660565000093" date="2023-01-12T15:00:04">
  <ksTrajectory planningProblem="1">
    <ksState>
      <x>-42.345871</x>
      <y>-160.47532</y>
      <steeringAngle>0.0</steeringAngle>
      <velocity>0.0</velocity>
      <orientation>2.9270563</orientation>
      <time>0</time>
    </ksState>
    <ksState>
      <x>-42.38484133960237</x>
      <y>-160.46628758294355</y>
      <steeringAngle>-0.03553333333333333</steeringAngle>
      <velocity>0.8</velocity>
      <orientation>2.9266887682217577</orientation>
      <time>1</time>
    </ksState>
    <ksState>
      <x>-42.50126555346503</x>
      <y>-160.43698407863283</y>
      <steeringAngle>-0.0710666666666667</steeringAngle>
      <velocity>1.6</velocity>
      <orientation>2.9241139216297722</orientation>
      <time>2</time>
    </ksState>
    <ksState>
      <x>-42.694228792646555</x>
      <y>-160.38347416691497</y>
      <steeringAngle>-0.10660000000000003</steeringAngle>
      <velocity>2.4000000000000004</velocity>
      <orientation>2.917113217392935</orientation>
      <time>3</time>
    </ksState>
    <ksState>
      <x>-42.962332160238915</x>
      <y>-160.30044449332337</y>
      <steeringAngle>-0.14213333333333342</steeringAngle>
      <velocity>3.2000000000000015</velocity>
      <orientation>2.903445576452115</orientation>
      <time>4</time>
    </ksState>
    <ksState>
      <x>-43.303278386526884</x>
      <y>-160.18054853671188</y>
      <steeringAngle>-0.17766666666666683</steeringAngle>
      <velocity>4.0000000000000036</velocity>
      <orientation>2.8808356605788945</orientation>
      <time>5</time>
    </ksState>
    <ksState>
      <x>-43.63920631656532</x>
      <y>-160.04539147761074</y>
      <steeringAngle>-0.21319999999999997</steeringAngle>
      <velocity>3.2</velocity>
      <orientation>2.85329411501546</orientation>
      <time>6</time>
    </ksState>
    <ksState>
      <x>-43.89590686393872</x>
      <y>-159.92790305928338</y>
      <steeringAngle>-0.24873333333333342</steeringAngle>
      <velocity>2.4000000000000004</velocity>
      <orientation>2.82785588462881</orientation>
      <time>7</time>
    </ksState>
    <ksState>
      <x>-44.075942163432465</x>
      <y>-159.8358060445117</y>
      <steeringAngle>-0.2842666666666668</steeringAngle>
      <velocity>1.600000000000001</velocity>
      <orientation>2.806780984838231</orientation>
      <time>8</time>
    </ksState>
    <ksState>
      <x>-44.182126776976915</x>
      <y>-159.77627893112432</y>
      <steeringAngle>-0.3197999999999999</steeringAngle>
      <velocity>0.8000000000000007</velocity>
      <orientation>2.7923825575375263</orientation>
      <time>9</time>
    </ksState>
    <ksState>
      <x>-44.21705701507381</x>
      <y>-159.75535993763864</y>
      <steeringAngle>-0.3553333333333332</steeringAngle>
      <velocity>5.551115123125783e-16</velocity>
      <orientation>2.787040915901797</orientation>
      <time>10</time>
    </ksState>
    <ksState>
      <x>-44.21705701507381</x>
      <y>-159.75535993763864</y>
      <steeringAngle>-0.3198</steeringAngle>
      <velocity>0.0</velocity>
      <orientation>2.787040915901797</orientation>
      <time>11</time>
    </ksState>
    <ksState>
      <x>-44.21705701507381</x>
      <y>-159.75535993763864</y>
      <steeringAngle>-0.2842666666666666</steeringAngle>
      <velocity>0.0</velocity>
      <orientation>2.787040915901797</orientation>
      <time>12</time>
    </ksState>
    <ksState>
      <x>-44.21705701507381</x>
      <y>-159.75535993763864</y>
      <steeringAngle>-0.24873333333333333</steeringAngle>
      <velocity>0.0</velocity>
      <orientation>2.787040915901797</orientation>
      <time>13</time>
    </ksState>
    <ksState>
      <x>-44.21705701507381</x>
      <y>-159.75535993763864</y>
      <steeringAngle>-0.21320000000000003</steeringAngle>
      <velocity>0.0</velocity>
      <orientation>2.787040915901797</orientation>
      <time>14</time>
    </ksState>
    <ksState>
      <x>-44.21705701507381</x>
      <y>-159.75535993763864</y>
      <steeringAngle>-0.1776666666666667</steeringAngle>
      <velocity>0.0</velocity>
      <orientation>2.787040915901797</orientation>
      <time>15</time>
    </ksState>
    <ksState>
      <x>-44.25335883999048</x>
      <y>-159.73821587188647</y>
      <steeringAngle>-0.14213333333333333</steeringAngle>
      <velocity>0.8</velocity>
      <orientation>2.7846334186909942</orientation>
      <time>16</time>
    </ksState>
    <ksState>
      <x>-44.362800507990066</x>
      <y>-159.68832524311057</y>
      <steeringAngle>-0.10660000000000001</steeringAngle>
      <velocity>1.6</velocity>
      <orientation>2.77890913207066</orientation>
      <time>17</time>
    </ksState>
    <ksState>
      <x>-44.54605939002884</x>
      <y>-159.60763483853233</y>
      <steeringAngle>-0.07106666666666664</steeringAngle>
      <velocity>2.4000000000000004</velocity>
      <orientation>2.772093618307681</orientation>
      <time>18</time>
    </ksState>
    <ksState>
      <x>-44.80388862202498</x>
      <y>-159.4981308735547</y>
      <steeringAngle>-0.03553333333333332</steeringAngle>
      <velocity>3.1999999999999993</velocity>
      <orientation>2.766392697594751</orientation>
      <time>19</time>
    </ksState>
    <ksState>
      <x>-45.1373833060998</x>
      <y>-159.36250716411703</y>
      <steeringAngle>2.6020852139652106e-18</steeringAngle>
      <velocity>3.999999999999999</velocity>
      <orientation>2.7640039460064245</orientation>
      <time>20</time>
    </ksState>
    <ksState>
      <x>-45.470662887071285</x>
      <y>-159.2263631388042</y>
      <steeringAngle>-0.03553333333333333</steeringAngle>
      <velocity>3.2</velocity>
      <orientation>2.761615197626632</orientation>
      <time>21</time>
    </ksState>
    <ksState>
      <x>-45.727397719642134</x>
      <y>-159.11433037998535</y>
      <steeringAngle>-0.07106666666666668</steeringAngle>
      <velocity>2.4</velocity>
      <orientation>2.7559142826208354</orientation>
      <time>22</time>
    </ksState>
    <ksState>
      <x>-45.908787673847115</x>
      <y>-159.02953260532794</y>
      <steeringAngle>-0.10660000000000003</steeringAngle>
      <velocity>1.5999999999999994</velocity>
      <orientation>2.749098748876104</orientation>
      <time>23</time>
    </ksState>
    <ksState>
      <x>-46.01640042018091</x>
      <y>-158.97581560966873</y>
      <steeringAngle>-0.14213333333333342</steeringAngle>
      <velocity>0.7999999999999988</velocity>
      <orientation>2.743374487389624</orientation>
      <time>24</time>
    </ksState>
    <ksState>
      <x>-46.05192042399928</x>
      <y>-158.95710598305703</y>
      <steeringAngle>-0.17766666666666675</steeringAngle>
      <velocity>-1.5265566588595902e-15</velocity>
      <orientation>2.740966992915068</orientation>
      <time>25</time>
    </ksState>
    <ksState>
      <x>-46.0873941099295</x>
      <y>-158.93830813506003</y>
      <steeringAngle>-0.14213333333333333</steeringAngle>
      <velocity>0.8</velocity>
      <orientation>2.7385594957042656</orientation>
      <time>26</time>
    </ksState>
    <ksState>
      <x>-46.19442179293419</x>
      <y>-158.88342982782635</y>
      <steeringAngle>-0.10660000000000001</steeringAngle>
      <velocity>1.6</velocity>
      <orientation>2.732835209083931</orientation>
      <time>27</time>
    </ksState>
    <ksState>
      <x>-46.3737697895264</x>
      <y>-158.79438458452017</y>
      <steeringAngle>-0.07106666666666664</steeringAngle>
      <velocity>2.4000000000000004</velocity>
      <orientation>2.7260196953209523</orientation>
      <time>28</time>
    </ksState>
    <ksState>
      <x>-46.6262819167465</x>
      <y>-158.6731218250912</y>
      <steeringAngle>-0.03553333333333332</steeringAngle>
      <velocity>3.1999999999999993</velocity>
      <orientation>2.7203187746080224</orientation>
      <time>29</time>
    </ksState>
    <ksState>
      <x>-46.9531761853374</x>
      <y>-158.52228206895833</y>
      <steeringAngle>2.6020852139652106e-18</steeringAngle>
      <velocity>3.999999999999999</velocity>
      <orientation>2.717930023019696</orientation>
      <time>30</time>
    </ksState>
    <ksState>
      <x>-47.28285731547623</x>
      <y>-158.3776417317377</y>
      <steeringAngle>0.03553333333333333</steeringAngle>
      <velocity>3.2</velocity>
      <orientation>2.7203187713994885</orientation>
      <time>31</time>
    </ksState>
    <ksState>
      <x>-47.541960587441544</x>
      <y>-158.27120110152254</y>
      <steeringAngle>0.07106666666666668</steeringAngle>
      <velocity>2.4</velocity>
      <orientation>2.726019686405285</orientation>
      <time>32</time>
    </ksState>
    <ksState>
      <x>-47.72907734156742</x>
      <y>-158.19992488951084</y>
      <steeringAngle>0.10660000000000003</steeringAngle>
      <velocity>1.5999999999999994</velocity>
      <orientation>2.7328352201500166</orientation>
      <time>33</time>
    </ksState>
  </ksTrajectory>
</CommonRoadSolution>
