<?xml version="1.0" ?>
<CommonRoadSolution benchmark_id="KS2:SM1:ESP_Monzon-7_3_T-1:2020a" computation_time="1.3671865840005921" date="2023-01-12T15:00:04">
  <ksTrajectory planningProblem="1">
    <ksState>
      <x>861.38823</x>
      <y>87.908439</y>
      <steeringAngle>0.0</steeringAngle>
      <velocity>8.0</velocity>
      <orientation>1.7372566</orientation>
      <time>0</time>
    </ksState>
    <ksState>
      <x>861.2707999143281</x>
      <y>88.6593402541442</y>
      <steeringAngle>-0.03553333333333333</steeringAngle>
      <velocity>7.199999999999999</velocity>
      <orientation>1.7321115870175077</orientation>
      <time>1</time>
    </ksState>
    <ksState>
      <x>861.1853971502984</x>
      <y>89.3342276838009</y>
      <steeringAngle>-0.07106666666666664</steeringAngle>
      <velocity>6.400000000000001</velocity>
      <orientation>1.7181349148965446</orientation>
      <time>2</time>
    </ksState>
    <ksState>
      <x>861.1321071866505</x>
      <y>89.93254577617357</y>
      <steeringAngle>-0.10659999999999997</steeringAngle>
      <velocity>5.600000000000004</velocity>
      <orientation>1.6975031470306632</orientation>
      <time>3</time>
    </ksState>
    <ksState>
      <x>861.1080671207606</x>
      <y>90.45318207424758</y>
      <steeringAngle>-0.1421333333333333</steeringAngle>
      <velocity>4.800000000000003</velocity>
      <orientation>1.672386939522015</orientation>
      <time>4</time>
    </ksState>
    <ksState>
      <x>861.1080909798995</x>
      <y>90.89487473333514</y>
      <steeringAngle>-0.17766666666666653</steeringAngle>
      <velocity>4.000000000000006</velocity>
      <orientation>1.6449620429368652</orientation>
      <time>5</time>
    </ksState>
    <ksState>
      <x>861.1253199084571</x>
      <y>91.25656267732214</y>
      <steeringAngle>-0.21319999999999997</steeringAngle>
      <velocity>3.2</velocity>
      <orientation>1.6174204973734305</orientation>
      <time>6</time>
    </ksState>
    <ksState>
      <x>861.1519036791925</x>
      <y>91.53761783667055</y>
      <steeringAngle>-0.24873333333333342</steeringAngle>
      <velocity>2.4000000000000004</velocity>
      <orientation>1.5919822669867811</orientation>
      <time>7</time>
    </ksState>
    <ksState>
      <x>861.1797064751927</x>
      <y>91.73792154040123</y>
      <steeringAngle>-0.2842666666666668</steeringAngle>
      <velocity>1.600000000000001</velocity>
      <orientation>1.5709073671962015</orientation>
      <time>8</time>
    </ksState>
    <ksState>
      <x>861.2010235309695</x>
      <y>91.85777241655501</y>
      <steeringAngle>-0.3197999999999999</steeringAngle>
      <velocity>0.8000000000000007</velocity>
      <orientation>1.556508939895497</orientation>
      <time>9</time>
    </ksState>
    <ksState>
      <x>861.2092987399539</x>
      <y>91.89763777417568</y>
      <steeringAngle>-0.3553333333333332</steeringAngle>
      <velocity>5.551115123125783e-16</velocity>
      <orientation>1.5511672982597677</orientation>
      <time>10</time>
    </ksState>
    <ksState>
      <x>861.2092987399539</x>
      <y>91.89763777417568</y>
      <steeringAngle>-0.3198</steeringAngle>
      <velocity>0.0</velocity>
      <orientation>1.5511672982597677</orientation>
      <time>11</time>
    </ksState>
    <ksState>
      <x>861.2092987399539</x>
      <y>91.89763777417568</y>
      <steeringAngle>-0.2842666666666666</steeringAngle>
      <velocity>0.0</velocity>
      <orientation>1.5511672982597677</orientation>
      <time>12</time>
    </ksState>
    <ksState>
      <x>861.2092987399539</x>
      <y>91.89763777417568</y>
      <steeringAngle>-0.24873333333333333</steeringAngle>
      <velocity>0.0</velocity>
      <orientation>1.5511672982597677</orientation>
      <time>13</time>
    </ksState>
    <ksState>
      <x>861.2092987399539</x>
      <y>91.89763777417568</y>
      <steeringAngle>-0.21320000000000003</steeringAngle>
      <velocity>0.0</velocity>
      <orientation>1.5511672982597677</orientation>
      <time>14</time>
    </ksState>
    <ksState>
      <x>861.2092987399539</x>
      <y>91.89763777417568</y>
      <steeringAngle>-0.1776666666666667</steeringAngle>
      <velocity>0.0</velocity>
      <orientation>1.5511672982597677</orientation>
      <time>15</time>
    </ksState>
    <ksState>
      <x>861.2092987399539</x>
      <y>91.89763777417568</y>
      <steeringAngle>-0.14213333333333336</steeringAngle>
      <velocity>0.0</velocity>
      <orientation>1.5511672982597677</orientation>
      <time>16</time>
    </ksState>
    <ksState>
      <x>861.2092987399539</x>
      <y>91.89763777417568</y>
      <steeringAngle>-0.10660000000000001</steeringAngle>
      <velocity>0.0</velocity>
      <orientation>1.5511672982597677</orientation>
      <time>17</time>
    </ksState>
    <ksState>
      <x>861.2092987399539</x>
      <y>91.89763777417568</y>
      <steeringAngle>-0.07106666666666668</steeringAngle>
      <velocity>0.0</velocity>
      <orientation>1.5511672982597677</orientation>
      <time>18</time>
    </ksState>
    <ksState>
      <x>861.2092987399539</x>
      <y>91.89763777417568</y>
      <steeringAngle>-0.03553333333333333</steeringAngle>
      <velocity>0.0</velocity>
      <orientation>1.5511672982597677</orientation>
      <time>19</time>
    </ksState>
    <ksState>
      <x>861.2092987399539</x>
      <y>91.89763777417568</y>
      <steeringAngle>-0.0</steeringAngle>
      <velocity>0.0</velocity>
      <orientation>1.5511672982597677</orientation>
      <time>20</time>
    </ksState>
    <ksState>
      <x>861.2092987399539</x>
      <y>91.89763777417568</y>
      <steeringAngle>0.0</steeringAngle>
      <velocity>0.0</velocity>
      <orientation>1.5511672982597677</orientation>
      <time>21</time>
    </ksState>
    <ksState>
      <x>861.2092987399539</x>
      <y>91.89763777417568</y>
      <steeringAngle>0.0</steeringAngle>
      <velocity>0.0</velocity>
      <orientation>1.5511672982597677</orientation>
      <time>22</time>
    </ksState>
    <ksState>
      <x>861.2092987399539</x>
      <y>91.89763777417568</y>
      <steeringAngle>0.0</steeringAngle>
      <velocity>0.0</velocity>
      <orientation>1.5511672982597677</orientation>
      <time>23</time>
    </ksState>
    <ksState>
      <x>861.2092987399539</x>
      <y>91.89763777417568</y>
      <steeringAngle>0.0</steeringAngle>
      <velocity>0.0</velocity>
      <orientation>1.5511672982597677</orientation>
      <time>24</time>
    </ksState>
    <ksState>
      <x>861.2092987399539</x>
      <y>91.89763777417568</y>
      <steeringAngle>0.0</steeringAngle>
      <velocity>0.0</velocity>
      <orientation>1.5511672982597677</orientation>
      <time>25</time>
    </ksState>
    <ksState>
      <x>861.2092987399539</x>
      <y>91.89763777417568</y>
      <steeringAngle>0.0</steeringAngle>
      <velocity>0.0</velocity>
      <orientation>1.5511672982597677</orientation>
      <time>26</time>
    </ksState>
    <ksState>
      <x>861.2092987399539</x>
      <y>91.89763777417568</y>
      <steeringAngle>0.0</steeringAngle>
      <velocity>0.0</velocity>
      <orientation>1.5511672982597677</orientation>
      <time>27</time>
    </ksState>
    <ksState>
      <x>861.2092987399539</x>
      <y>91.89763777417568</y>
      <steeringAngle>0.0</steeringAngle>
      <velocity>0.0</velocity>
      <orientation>1.5511672982597677</orientation>
      <time>28</time>
    </ksState>
    <ksState>
      <x>861.2092987399539</x>
      <y>91.89763777417568</y>
      <steeringAngle>0.0</steeringAngle>
      <velocity>0.0</velocity>
      <orientation>1.5511672982597677</orientation>
      <time>29</time>
    </ksState>
    <ksState>
      <x>861.2092987399539</x>
      <y>91.89763777417568</y>
      <steeringAngle>0.0</steeringAngle>
      <velocity>0.0</velocity>
      <orientation>1.5511672982597677</orientation>
      <time>30</time>
    </ksState>
    <ksState>
      <x>861.2092987399539</x>
      <y>91.89763777417568</y>
      <steeringAngle>0.0</steeringAngle>
      <velocity>0.0</velocity>
      <orientation>1.5511672982597677</orientation>
      <time>31</time>
    </ksState>
    <ksState>
      <x>861.2092987399539</x>
      <y>91.89763777417568</y>
      <steeringAngle>0.0</steeringAngle>
      <velocity>0.0</velocity>
      <orientation>1.5511672982597677</orientation>
      <time>32</time>
    </ksState>
    <ksState>
      <x>861.2092987399539</x>
      <y>91.89763777417568</y>
      <steeringAngle>0.0</steeringAngle>
      <velocity>0.0</velocity>
      <orientation>1.5511672982597677</orientation>
      <time>33</time>
    </ksState>
  </ksTrajectory>
</CommonRoadSolution>
