<?xml version="1.0" ?>
<CommonRoadSolution benchmark_id="KS2:SM1:DEU_Ibbenbueren-9_1_T-1:2020a" computation_time="1.1381107039997005" date="2023-01-12T15:00:04">
  <ksTrajectory planningProblem="1">
    <ksState>
      <x>-702.63893</x>
      <y>638.20916</y>
      <steeringAngle>0.0</steeringAngle>
      <velocity>0.0</velocity>
      <orientation>2.6783022</orientation>
      <time>0</time>
    </ksState>
    <ksState>
      <x>-702.6744770786854</x>
      <y>638.2275087635425</y>
      <steeringAngle>-0.03553333333333333</steeringAngle>
      <velocity>0.8</velocity>
      <orientation>2.677934668221758</orientation>
      <time>1</time>
    </ksState>
    <ksState>
      <x>-702.780103321676</x>
      <y>638.2845735489193</y>
      <steeringAngle>-0.0710666666666667</steeringAngle>
      <velocity>1.6</velocity>
      <orientation>2.6753598216297725</orientation>
      <time>2</time>
    </ksState>
    <ksState>
      <x>-702.9539531767232</x>
      <y>638.3839433140772</y>
      <steeringAngle>-0.10660000000000003</steeringAngle>
      <velocity>2.4000000000000004</velocity>
      <orientation>2.668359117392935</orientation>
      <time>3</time>
    </ksState>
    <ksState>
      <x>-703.1933626752894</x>
      <y>638.5304234642936</y>
      <steeringAngle>-0.14213333333333342</steeringAngle>
      <velocity>3.2000000000000015</velocity>
      <orientation>2.6546914764521152</orientation>
      <time>4</time>
    </ksState>
    <ksState>
      <x>-703.4942965693026</x>
      <y>638.7305688141417</y>
      <steeringAngle>-0.17766666666666683</steeringAngle>
      <velocity>4.0000000000000036</velocity>
      <orientation>2.6320815605788948</orientation>
      <time>5</time>
    </ksState>
    <ksState>
      <x>-703.8209225361078</x>
      <y>638.9648230219333</y>
      <steeringAngle>-0.17766666666666667</steeringAngle>
      <velocity>4.0</velocity>
      <orientation>2.604231072423639</orientation>
      <time>6</time>
    </ksState>
    <ksState>
      <x>-704.140898619065</x>
      <y>639.208081918357</y>
      <steeringAngle>-0.17766666666666667</steeringAngle>
      <velocity>4.0</velocity>
      <orientation>2.576380584268383</orientation>
      <time>7</time>
    </ksState>
    <ksState>
      <x>-704.4539766136577</x>
      <y>639.4601568176228</y>
      <steeringAngle>-0.17766666666666667</steeringAngle>
      <velocity>4.0</velocity>
      <orientation>2.548530096113127</orientation>
      <time>8</time>
    </ksState>
    <ksState>
      <x>-704.7599136966464</x>
      <y>639.7208522101757</y>
      <steeringAngle>-0.17766666666666667</steeringAngle>
      <velocity>4.0</velocity>
      <orientation>2.520679607957871</orientation>
      <time>9</time>
    </ksState>
    <ksState>
      <x>-705.058472582651</x>
      <y>639.9899659015766</y>
      <steeringAngle>-0.17766666666666667</steeringAngle>
      <velocity>4.0</velocity>
      <orientation>2.4928291198026153</orientation>
      <time>10</time>
    </ksState>
    <ksState>
      <x>-705.3182934997094</x>
      <y>640.2421723564181</y>
      <steeringAngle>-0.21319999999999997</steeringAngle>
      <velocity>3.2</velocity>
      <orientation>2.4652875742391807</orientation>
      <time>11</time>
    </ksState>
    <ksState>
      <x>-705.5114612150662</x>
      <y>640.4480483705789</y>
      <steeringAngle>-0.24873333333333342</steeringAngle>
      <velocity>2.4000000000000004</velocity>
      <orientation>2.439849343852531</orientation>
      <time>12</time>
    </ksState>
    <ksState>
      <x>-705.6432692676351</x>
      <y>640.6014146200331</y>
      <steeringAngle>-0.2842666666666668</steeringAngle>
      <velocity>1.600000000000001</velocity>
      <orientation>2.4187744440619516</orientation>
      <time>13</time>
    </ksState>
    <ksState>
      <x>-705.7190389400103</x>
      <y>640.6966910921024</y>
      <steeringAngle>-0.3197999999999999</steeringAngle>
      <velocity>0.8000000000000007</velocity>
      <orientation>2.404376016761247</orientation>
      <time>14</time>
    </ksState>
    <ksState>
      <x>-705.7434580693395</x>
      <y>640.7292707167898</y>
      <steeringAngle>-0.3553333333333332</steeringAngle>
      <velocity>5.551115123125783e-16</velocity>
      <orientation>2.3990343751255176</orientation>
      <time>15</time>
    </ksState>
    <ksState>
      <x>-705.7434580693395</x>
      <y>640.7292707167898</y>
      <steeringAngle>-0.3198</steeringAngle>
      <velocity>0.0</velocity>
      <orientation>2.3990343751255176</orientation>
      <time>16</time>
    </ksState>
    <ksState>
      <x>-705.7434580693395</x>
      <y>640.7292707167898</y>
      <steeringAngle>-0.2842666666666666</steeringAngle>
      <velocity>0.0</velocity>
      <orientation>2.3990343751255176</orientation>
      <time>17</time>
    </ksState>
    <ksState>
      <x>-705.7434580693395</x>
      <y>640.7292707167898</y>
      <steeringAngle>-0.24873333333333333</steeringAngle>
      <velocity>0.0</velocity>
      <orientation>2.3990343751255176</orientation>
      <time>18</time>
    </ksState>
    <ksState>
      <x>-705.7434580693395</x>
      <y>640.7292707167898</y>
      <steeringAngle>-0.21320000000000003</steeringAngle>
      <velocity>0.0</velocity>
      <orientation>2.3990343751255176</orientation>
      <time>19</time>
    </ksState>
    <ksState>
      <x>-705.7434580693395</x>
      <y>640.7292707167898</y>
      <steeringAngle>-0.1776666666666667</steeringAngle>
      <velocity>0.0</velocity>
      <orientation>2.3990343751255176</orientation>
      <time>20</time>
    </ksState>
    <ksState>
      <x>-705.7434580693395</x>
      <y>640.7292707167898</y>
      <steeringAngle>-0.14213333333333336</steeringAngle>
      <velocity>0.0</velocity>
      <orientation>2.3990343751255176</orientation>
      <time>21</time>
    </ksState>
    <ksState>
      <x>-705.7434580693395</x>
      <y>640.7292707167898</y>
      <steeringAngle>-0.10660000000000001</steeringAngle>
      <velocity>0.0</velocity>
      <orientation>2.3990343751255176</orientation>
      <time>22</time>
    </ksState>
    <ksState>
      <x>-705.7434580693395</x>
      <y>640.7292707167898</y>
      <steeringAngle>-0.07106666666666668</steeringAngle>
      <velocity>0.0</velocity>
      <orientation>2.3990343751255176</orientation>
      <time>23</time>
    </ksState>
    <ksState>
      <x>-705.7434580693395</x>
      <y>640.7292707167898</y>
      <steeringAngle>-0.03553333333333333</steeringAngle>
      <velocity>0.0</velocity>
      <orientation>2.3990343751255176</orientation>
      <time>24</time>
    </ksState>
    <ksState>
      <x>-705.7434580693395</x>
      <y>640.7292707167898</y>
      <steeringAngle>-0.0</steeringAngle>
      <velocity>0.0</velocity>
      <orientation>2.3990343751255176</orientation>
      <time>25</time>
    </ksState>
    <ksState>
      <x>-705.7732851930651</x>
      <y>640.7559280725636</y>
      <steeringAngle>0.03553333333333333</steeringAngle>
      <velocity>0.8</velocity>
      <orientation>2.3994019069037598</orientation>
      <time>26</time>
    </ksState>
    <ksState>
      <x>-705.8642898745339</x>
      <y>640.8342315902954</y>
      <steeringAngle>0.0710666666666667</steeringAngle>
      <velocity>1.6</velocity>
      <orientation>2.4019767534957452</orientation>
      <time>27</time>
    </ksState>
    <ksState>
      <x>-706.019162464542</x>
      <y>640.961167019517</y>
      <steeringAngle>0.10660000000000003</steeringAngle>
      <velocity>2.4000000000000004</velocity>
      <orientation>2.4089774577325826</orientation>
      <time>28</time>
    </ksState>
    <ksState>
      <x>-706.2414411249451</x>
      <y>641.1325307833077</y>
      <steeringAngle>0.14213333333333342</steeringAngle>
      <velocity>3.2000000000000015</velocity>
      <orientation>2.4226450986734025</orientation>
      <time>29</time>
    </ksState>
    <ksState>
      <x>-706.5358088049796</x>
      <y>641.3422139695266</y>
      <steeringAngle>0.17766666666666683</steeringAngle>
      <velocity>4.0000000000000036</velocity>
      <orientation>2.445255014546623</orientation>
      <time>30</time>
    </ksState>
    <ksState>
      <x>-706.8684691764059</x>
      <y>641.5671782209885</y>
      <steeringAngle>0.1421333333333333</steeringAngle>
      <velocity>4.0</velocity>
      <orientation>2.4702724208911464</orientation>
      <time>31</time>
    </ksState>
    <ksState>
      <x>-707.2011274837935</x>
      <y>641.7910193796455</y>
      <steeringAngle>0.10659999999999999</steeringAngle>
      <velocity>4.0</velocity>
      <orientation>2.489664347181897</orientation>
      <time>32</time>
    </ksState>
    <ksState>
      <x>-707.5326890153472</x>
      <y>642.0156480772079</y>
      <steeringAngle>0.07106666666666664</steeringAngle>
      <velocity>4.0</velocity>
      <orientation>2.50348058691685</orientation>
      <time>33</time>
    </ksState>
  </ksTrajectory>
</CommonRoadSolution>
