<?xml version="1.0" ?>
<CommonRoadSolution benchmark_id="KS2:SM1:DEU_Guetersloh-4_5_T-1:2020a" computation_time="1.618580803000441" date="2023-01-12T15:00:04">
  <ksTrajectory planningProblem="1">
    <ksState>
      <x>-64.908314</x>
      <y>-61.751222</y>
      <steeringAngle>0.0</steeringAngle>
      <velocity>8.0</velocity>
      <orientation>-1.5057215</orientation>
      <time>0</time>
    </ksState>
    <ksState>
      <x>-64.84699951413212</x>
      <y>-62.54889907062053</y>
      <steeringAngle>0.03553333333333333</steeringAngle>
      <velocity>8.0</velocity>
      <orientation>-1.500208964997161</orientation>
      <time>1</time>
    </ksState>
    <ksState>
      <x>-64.76123514844716</x>
      <y>-63.34460601894899</y>
      <steeringAngle>0.07106666666666667</steeringAngle>
      <velocity>8.0</velocity>
      <orientation>-1.4836574441168915</orientation>
      <time>2</time>
    </ksState>
    <ksState>
      <x>-64.64223591660335</x>
      <y>-64.13661962075356</y>
      <steeringAngle>0.10659999999999997</steeringAngle>
      <velocity>8.0</velocity>
      <orientation>-1.4560249648261967</orientation>
      <time>3</time>
    </ksState>
    <ksState>
      <x>-64.48129421279609</x>
      <y>-64.92209995910027</y>
      <steeringAngle>0.1421333333333333</steeringAngle>
      <velocity>8.0</velocity>
      <orientation>-1.4172411125534616</orientation>
      <time>4</time>
    </ksState>
    <ksState>
      <x>-64.26990491141423</x>
      <y>-65.69678694111083</y>
      <steeringAngle>0.17766666666666667</steeringAngle>
      <velocity>8.0</velocity>
      <orientation>-1.3672063003043071</orientation>
      <time>5</time>
    </ksState>
    <ksState>
      <x>-64.0147018185356</x>
      <y>-66.41724503269796</y>
      <steeringAngle>0.21320000000000014</steeringAngle>
      <velocity>7.200000000000003</velocity>
      <orientation>-1.3089569732328143</orientation>
      <time>6</time>
    </ksState>
    <ksState>
      <x>-63.73467144554371</x>
      <y>-67.04293998688364</y>
      <steeringAngle>0.24873333333333347</steeringAngle>
      <velocity>6.400000000000004</velocity>
      <orientation>-1.2470398857470348</orientation>
      <time>7</time>
    </ksState>
    <ksState>
      <x>-63.44172856134149</x>
      <y>-67.57409236889292</y>
      <steeringAngle>0.2842666666666668</steeringAngle>
      <velocity>5.600000000000001</velocity>
      <orientation>-1.1836177429831138</orientation>
      <time>8</time>
    </ksState>
    <ksState>
      <x>-63.14920168100248</x>
      <y>-68.01300111853905</y>
      <steeringAngle>0.3198</steeringAngle>
      <velocity>4.800000000000002</velocity>
      <orientation>-1.120888643241161</orientation>
      <time>9</time>
    </ksState>
    <ksState>
      <x>-62.87089936576332</x>
      <y>-68.36411580372295</y>
      <steeringAngle>0.3553333333333332</steeringAngle>
      <velocity>4.000000000000001</velocity>
      <orientation>-1.0610988091929463</orientation>
      <time>10</time>
    </ksState>
    <ksState>
      <x>-62.6273405111879</x>
      <y>-68.63826250871995</y>
      <steeringAngle>0.31979999999999975</steeringAngle>
      <velocity>3.2</velocity>
      <orientation>-1.011992249135158</orientation>
      <time>11</time>
    </ksState>
    <ksState>
      <x>-62.43431997287021</x>
      <y>-68.84677002436841</y>
      <steeringAngle>0.2842666666666663</steeringAngle>
      <velocity>2.4000000000000004</velocity>
      <orientation>-0.9780599937689436</orientation>
      <time>12</time>
    </ksState>
    <ksState>
      <x>-62.295877117322775</x>
      <y>-68.99425200388598</y>
      <steeringAngle>0.24873333333333292</steeringAngle>
      <velocity>1.6000000000000008</velocity>
      <orientation>-0.9567876728220048</orientation>
      <time>13</time>
    </ksState>
    <ksState>
      <x>-62.21339702052241</x>
      <y>-69.08281921291334</y>
      <steeringAngle>0.21319999999999967</steeringAngle>
      <velocity>0.8000000000000008</velocity>
      <orientation>-0.94574708208095</orientation>
      <time>14</time>
    </ksState>
    <ksState>
      <x>-62.186290178228774</x>
      <y>-69.11257695753461</y>
      <steeringAngle>0.1776666666666663</steeringAngle>
      <velocity>6.661338147750939e-16</velocity>
      <orientation>-0.9425808445390718</orientation>
      <time>15</time>
    </ksState>
    <ksState>
      <x>-62.159973136501456</x>
      <y>-69.14289452335903</y>
      <steeringAngle>0.14213333333333333</steeringAngle>
      <velocity>0.8</velocity>
      <orientation>-0.9401733473282693</orientation>
      <time>16</time>
    </ksState>
    <ksState>
      <x>-62.082361301776196</x>
      <y>-69.2347800861247</y>
      <steeringAngle>0.10660000000000001</steeringAngle>
      <velocity>1.6</velocity>
      <orientation>-0.9344490607079347</orientation>
      <time>17</time>
    </ksState>
    <ksState>
      <x>-61.95514594914563</x>
      <y>-69.3894119498921</y>
      <steeringAngle>0.07106666666666664</steeringAngle>
      <velocity>2.4000000000000004</velocity>
      <orientation>-0.9276335469449559</orientation>
      <time>18</time>
    </ksState>
    <ksState>
      <x>-61.78003583836284</x>
      <y>-69.60805202014271</y>
      <steeringAngle>0.03553333333333332</steeringAngle>
      <velocity>3.1999999999999993</velocity>
      <orientation>-0.9219326262320262</orientation>
      <time>19</time>
    </ksState>
    <ksState>
      <x>-61.55932857790821</x>
      <y>-69.8924826796195</y>
      <steeringAngle>-2.6020852139652106e-18</steeringAngle>
      <velocity>3.999999999999999</velocity>
      <orientation>-0.9195438746436992</orientation>
      <time>20</time>
    </ksState>
    <ksState>
      <x>-61.34110270296538</x>
      <y>-70.17879975344765</y>
      <steeringAngle>0.0</steeringAngle>
      <velocity>3.2</velocity>
      <orientation>-0.9195438746436992</orientation>
      <time>21</time>
    </ksState>
    <ksState>
      <x>-61.17137146709893</x>
      <y>-70.40149081060687</y>
      <steeringAngle>0.0</steeringAngle>
      <velocity>2.4000000000000004</velocity>
      <orientation>-0.9195438746436992</orientation>
      <time>22</time>
    </ksState>
    <ksState>
      <x>-61.0501348702471</x>
      <y>-70.56055585117822</y>
      <steeringAngle>0.0</steeringAngle>
      <velocity>1.6</velocity>
      <orientation>-0.9195438746436992</orientation>
      <time>23</time>
    </ksState>
    <ksState>
      <x>-60.9773929123853</x>
      <y>-70.65599487519394</y>
      <steeringAngle>0.0</steeringAngle>
      <velocity>0.7999999999999998</velocity>
      <orientation>-0.9195438746436992</orientation>
      <time>24</time>
    </ksState>
    <ksState>
      <x>-60.95314559348142</x>
      <y>-70.68780788269616</y>
      <steeringAngle>0.0</steeringAngle>
      <velocity>-3.3306690738754696e-16</velocity>
      <orientation>-0.9195438746436992</orientation>
      <time>25</time>
    </ksState>
    <ksState>
      <x>-60.95314559348142</x>
      <y>-70.68780788269616</y>
      <steeringAngle>0.0</steeringAngle>
      <velocity>0.0</velocity>
      <orientation>-0.9195438746436992</orientation>
      <time>26</time>
    </ksState>
    <ksState>
      <x>-60.95314559348142</x>
      <y>-70.68780788269616</y>
      <steeringAngle>0.0</steeringAngle>
      <velocity>0.0</velocity>
      <orientation>-0.9195438746436992</orientation>
      <time>27</time>
    </ksState>
    <ksState>
      <x>-60.95314559348142</x>
      <y>-70.68780788269616</y>
      <steeringAngle>0.0</steeringAngle>
      <velocity>0.0</velocity>
      <orientation>-0.9195438746436992</orientation>
      <time>28</time>
    </ksState>
    <ksState>
      <x>-60.95314559348142</x>
      <y>-70.68780788269616</y>
      <steeringAngle>0.0</steeringAngle>
      <velocity>0.0</velocity>
      <orientation>-0.9195438746436992</orientation>
      <time>29</time>
    </ksState>
    <ksState>
      <x>-60.95314559348142</x>
      <y>-70.68780788269616</y>
      <steeringAngle>0.0</steeringAngle>
      <velocity>0.0</velocity>
      <orientation>-0.9195438746436992</orientation>
      <time>30</time>
    </ksState>
    <ksState>
      <x>-60.95314559348142</x>
      <y>-70.68780788269616</y>
      <steeringAngle>0.0</steeringAngle>
      <velocity>0.0</velocity>
      <orientation>-0.9195438746436992</orientation>
      <time>31</time>
    </ksState>
    <ksState>
      <x>-60.95314559348142</x>
      <y>-70.68780788269616</y>
      <steeringAngle>0.0</steeringAngle>
      <velocity>0.0</velocity>
      <orientation>-0.9195438746436992</orientation>
      <time>32</time>
    </ksState>
    <ksState>
      <x>-60.95314559348142</x>
      <y>-70.68780788269616</y>
      <steeringAngle>0.0</steeringAngle>
      <velocity>0.0</velocity>
      <orientation>-0.9195438746436992</orientation>
      <time>33</time>
    </ksState>
  </ksTrajectory>
</CommonRoadSolution>
