<?xml version="1.0" ?>
<CommonRoadSolution benchmark_id="KS2:SM1:DEU_Guetersloh-17_2_T-1:2020a" computation_time="3.573788268999124" date="2023-01-12T15:00:04">
  <ksTrajectory planningProblem="1">
    <ksState>
      <x>-641.53697</x>
      <y>488.48342</y>
      <steeringAngle>0.0</steeringAngle>
      <velocity>4.0</velocity>
      <orientation>1.4616091</orientation>
      <time>0</time>
    </ksState>
    <ksState>
      <x>-641.4891191203806</x>
      <y>488.8805649435204</y>
      <steeringAngle>-0.035533333333333326</steeringAngle>
      <velocity>4.0</velocity>
      <orientation>1.4588528254673996</orientation>
      <time>1</time>
    </ksState>
    <ksState>
      <x>-641.4312791122711</x>
      <y>489.27652946226885</y>
      <steeringAngle>-0.07106666666666711</steeringAngle>
      <velocity>4.0</velocity>
      <orientation>1.450577064924114</orientation>
      <time>2</time>
    </ksState>
    <ksState>
      <x>-641.3612512804974</x>
      <y>489.6708296586454</y>
      <steeringAngle>-0.10660000000000043</steeringAngle>
      <velocity>4.0</velocity>
      <orientation>1.4367608251049773</orientation>
      <time>3</time>
    </ksState>
    <ksState>
      <x>-641.2768376964431</x>
      <y>490.062773749475</y>
      <steeringAngle>-0.14213333333333378</steeringAngle>
      <velocity>4.0</velocity>
      <orientation>1.4173688987194315</orientation>
      <time>4</time>
    </ksState>
    <ksState>
      <x>-641.1758521738471</x>
      <y>490.4514213105146</y>
      <steeringAngle>-0.1776666666666672</steeringAngle>
      <velocity>4.0</velocity>
      <orientation>1.3923514922680342</orientation>
      <time>5</time>
    </ksState>
    <ksState>
      <x>-641.0762138072954</x>
      <y>490.79885643272837</y>
      <steeringAngle>-0.1421333333333333</steeringAngle>
      <velocity>3.1999999999999993</velocity>
      <orientation>1.369741577294592</orientation>
      <time>6</time>
    </ksState>
    <ksState>
      <x>-640.9993083474761</x>
      <y>491.0687934180373</y>
      <steeringAngle>-0.10659999999999997</steeringAngle>
      <velocity>2.3999999999999977</velocity>
      <orientation>1.3560739364238845</orientation>
      <time>7</time>
    </ksState>
    <ksState>
      <x>-640.9462408266636</x>
      <y>491.2618835263566</y>
      <steeringAngle>-0.07106666666666664</steeringAngle>
      <velocity>1.5999999999999976</velocity>
      <orientation>1.3490732305706654</orientation>
      <time>8</time>
    </ksState>
    <ksState>
      <x>-640.9161124722123</x>
      <y>491.378098035987</y>
      <steeringAngle>-0.0355333333333333</steeringAngle>
      <velocity>0.7999999999999972</velocity>
      <orientation>1.3464983860966981</orientation>
      <time>9</time>
    </ksState>
    <ksState>
      <x>-640.9066972546099</x>
      <y>491.4169777028819</y>
      <steeringAngle>2.5153490401663703e-17</steeringAngle>
      <velocity>-2.914335439641036e-15</velocity>
      <orientation>1.346130874518167</orientation>
      <time>10</time>
    </ksState>
    <ksState>
      <x>-640.8977860450678</x>
      <y>491.4559724512802</y>
      <steeringAngle>0.0</steeringAngle>
      <velocity>0.8</velocity>
      <orientation>1.346130874518167</orientation>
      <time>11</time>
    </ksState>
    <ksState>
      <x>-640.8710524167057</x>
      <y>491.57295669531976</y>
      <steeringAngle>0.0</steeringAngle>
      <velocity>1.6</velocity>
      <orientation>1.346130874518167</orientation>
      <time>12</time>
    </ksState>
    <ksState>
      <x>-640.8264963695624</x>
      <y>491.7679304348299</y>
      <steeringAngle>0.0</steeringAngle>
      <velocity>2.4000000000000004</velocity>
      <orientation>1.346130874518167</orientation>
      <time>13</time>
    </ksState>
    <ksState>
      <x>-640.7641179036498</x>
      <y>492.040893669759</y>
      <steeringAngle>0.0</steeringAngle>
      <velocity>3.2000000000000006</velocity>
      <orientation>1.346130874518167</orientation>
      <time>14</time>
    </ksState>
    <ksState>
      <x>-640.6839170189727</x>
      <y>492.3918464000858</y>
      <steeringAngle>0.0</steeringAngle>
      <velocity>4.000000000000001</velocity>
      <orientation>1.346130874518167</orientation>
      <time>15</time>
    </ksState>
    <ksState>
      <x>-640.5989872983483</x>
      <y>492.7827437720376</y>
      <steeringAngle>0.035533333333333326</steeringAngle>
      <velocity>4.0</velocity>
      <orientation>1.3488871490507675</orientation>
      <time>16</time>
    </ksState>
    <ksState>
      <x>-640.5238819833586</x>
      <y>493.1757991858231</y>
      <steeringAngle>0.07106666666666711</steeringAngle>
      <velocity>4.0</velocity>
      <orientation>1.357162909594053</orientation>
      <time>17</time>
    </ksState>
    <ksState>
      <x>-640.4608369385678</x>
      <y>493.571275941667</y>
      <steeringAngle>0.10660000000000043</steeringAngle>
      <velocity>4.0</velocity>
      <orientation>1.3709791494131898</orientation>
      <time>18</time>
    </ksState>
    <ksState>
      <x>-640.412155425376</x>
      <y>493.96924068103783</y>
      <steeringAngle>0.14213333333333378</steeringAngle>
      <velocity>4.0</velocity>
      <orientation>1.3903710757987355</orientation>
      <time>19</time>
    </ksState>
    <ksState>
      <x>-640.3802110872109</x>
      <y>494.36952128478373</y>
      <steeringAngle>0.1776666666666672</steeringAngle>
      <velocity>4.0</velocity>
      <orientation>1.4153884822501328</orientation>
      <time>20</time>
    </ksState>
    <ksState>
      <x>-640.3569264961918</x>
      <y>494.81064005334997</y>
      <steeringAngle>0.14213333333333333</steeringAngle>
      <velocity>4.8000000000000025</velocity>
      <orientation>1.4428133819684852</orientation>
      <time>21</time>
    </ksState>
    <ksState>
      <x>-640.3328477455203</x>
      <y>495.3313177944996</y>
      <steeringAngle>0.10660000000000003</steeringAngle>
      <velocity>5.600000000000005</velocity>
      <orientation>1.467929594247403</orientation>
      <time>22</time>
    </ksState>
    <ksState>
      <x>-640.307038976268</x>
      <y>495.93149038956614</y>
      <steeringAngle>0.07106666666666671</steeringAngle>
      <velocity>6.400000000000004</velocity>
      <orientation>1.4885613638468627</orientation>
      <time>23</time>
    </ksState>
    <ksState>
      <x>-640.2762789611688</x>
      <y>496.6110952903726</y>
      <steeringAngle>0.035533333333333375</steeringAngle>
      <velocity>7.200000000000006</velocity>
      <orientation>1.5025380319396549</orientation>
      <time>24</time>
    </ksState>
    <ksState>
      <x>-640.234359481539</x>
      <y>497.3699791376451</y>
      <steeringAngle>2.6346112791397758e-17</steeringAngle>
      <velocity>8.000000000000007</velocity>
      <orientation>1.5076830447192233</orientation>
      <time>25</time>
    </ksState>
    <ksState>
      <x>-640.1778318084548</x>
      <y>498.1279020497357</y>
      <steeringAngle>-0.03553333333333333</steeringAngle>
      <velocity>7.199999999999999</velocity>
      <orientation>1.502538031736731</orientation>
      <time>26</time>
    </ksState>
    <ksState>
      <x>-640.1074149775252</x>
      <y>498.8045172614583</y>
      <steeringAngle>-0.07106666666666664</steeringAngle>
      <velocity>6.400000000000001</velocity>
      <orientation>1.4885613596157679</orientation>
      <time>27</time>
    </ksState>
    <ksState>
      <x>-640.0231521664348</x>
      <y>499.3992643829757</y>
      <steeringAngle>-0.10659999999999997</steeringAngle>
      <velocity>5.600000000000004</velocity>
      <orientation>1.4679295917498865</orientation>
      <time>28</time>
    </ksState>
    <ksState>
      <x>-639.9280843186007</x>
      <y>499.9117116328935</y>
      <steeringAngle>-0.1421333333333333</steeringAngle>
      <velocity>4.800000000000003</velocity>
      <orientation>1.4428133842412383</orientation>
      <time>29</time>
    </ksState>
    <ksState>
      <x>-639.8275484933794</x>
      <y>500.34181040469855</y>
      <steeringAngle>-0.17766666666666653</steeringAngle>
      <velocity>4.000000000000006</velocity>
      <orientation>1.4153884876560885</orientation>
      <time>30</time>
    </ksState>
    <ksState>
      <x>-639.7322168535867</x>
      <y>500.6907756405548</y>
      <steeringAngle>-0.17766666666666667</steeringAngle>
      <velocity>3.2000000000000006</velocity>
      <orientation>1.390323048387911</orientation>
      <time>31</time>
    </ksState>
    <ksState>
      <x>-639.6520408100002</x>
      <y>500.9604765858705</y>
      <steeringAngle>-0.17766666666666667</steeringAngle>
      <velocity>2.4000000000000012</velocity>
      <orientation>1.3708277067578811</orientation>
      <time>32</time>
    </ksState>
    <ksState>
      <x>-639.5915607524253</x>
      <y>501.15213777780303</y>
      <steeringAngle>-0.17766666666666667</steeringAngle>
      <velocity>1.6000000000000005</velocity>
      <orientation>1.3569024627589001</orientation>
      <time>33</time>
    </ksState>
  </ksTrajectory>
</CommonRoadSolution>
