<?xml version="1.0" ?>
<CommonRoadSolution benchmark_id="KS2:SM1:DEU_Flensburg-27_1_T-1:2020a" computation_time="2.021398412000053" date="2023-01-12T15:00:04">
  <ksTrajectory planningProblem="123">
    <ksState>
      <x>508.92133</x>
      <y>-515.90417</y>
      <steeringAngle>0.0</steeringAngle>
      <velocity>8.0</velocity>
      <orientation>-1.613636</orientation>
      <time>0</time>
    </ksState>
    <ksState>
      <x>508.88706874327124</x>
      <y>-516.7034360172229</y>
      <steeringAngle>0.0</steeringAngle>
      <velocity>8.0</velocity>
      <orientation>-1.613636</orientation>
      <time>1</time>
    </ksState>
    <ksState>
      <x>508.8528074865425</x>
      <y>-517.5027020344459</y>
      <steeringAngle>0.0</steeringAngle>
      <velocity>8.0</velocity>
      <orientation>-1.613636</orientation>
      <time>2</time>
    </ksState>
    <ksState>
      <x>508.81854622981376</x>
      <y>-518.3019680516687</y>
      <steeringAngle>0.0</steeringAngle>
      <velocity>8.0</velocity>
      <orientation>-1.613636</orientation>
      <time>3</time>
    </ksState>
    <ksState>
      <x>508.784284973085</x>
      <y>-519.1012340688917</y>
      <steeringAngle>0.0</steeringAngle>
      <velocity>8.0</velocity>
      <orientation>-1.613636</orientation>
      <time>4</time>
    </ksState>
    <ksState>
      <x>508.7500237163562</x>
      <y>-519.9005000861146</y>
      <steeringAngle>0.0</steeringAngle>
      <velocity>8.0</velocity>
      <orientation>-1.613636</orientation>
      <time>5</time>
    </ksState>
    <ksState>
      <x>508.71576245962746</x>
      <y>-520.6997661033374</y>
      <steeringAngle>0.0</steeringAngle>
      <velocity>8.0</velocity>
      <orientation>-1.613636</orientation>
      <time>6</time>
    </ksState>
    <ksState>
      <x>508.6815012028987</x>
      <y>-521.4990321205604</y>
      <steeringAngle>0.0</steeringAngle>
      <velocity>8.0</velocity>
      <orientation>-1.613636</orientation>
      <time>7</time>
    </ksState>
    <ksState>
      <x>508.64723994617</x>
      <y>-522.2982981377833</y>
      <steeringAngle>0.0</steeringAngle>
      <velocity>8.0</velocity>
      <orientation>-1.613636</orientation>
      <time>8</time>
    </ksState>
    <ksState>
      <x>508.6129786894412</x>
      <y>-523.0975641550062</y>
      <steeringAngle>0.0</steeringAngle>
      <velocity>8.0</velocity>
      <orientation>-1.613636</orientation>
      <time>9</time>
    </ksState>
    <ksState>
      <x>508.57871743271244</x>
      <y>-523.8968301722291</y>
      <steeringAngle>0.0</steeringAngle>
      <velocity>8.0</velocity>
      <orientation>-1.613636</orientation>
      <time>10</time>
    </ksState>
    <ksState>
      <x>508.5375661562969</x>
      <y>-524.6557432706439</y>
      <steeringAngle>-0.03553333333333333</steeringAngle>
      <velocity>7.199999999999999</velocity>
      <orientation>-1.6187810129824924</orientation>
      <time>11</time>
    </ksState>
    <ksState>
      <x>508.48088028869677</x>
      <y>-525.3336469416969</y>
      <steeringAngle>-0.07106666666666664</steeringAngle>
      <velocity>6.400000000000001</velocity>
      <orientation>-1.6327576851034555</orientation>
      <time>12</time>
    </ksState>
    <ksState>
      <x>508.40869163837687</x>
      <y>-525.9299800354046</y>
      <steeringAngle>-0.10659999999999997</steeringAngle>
      <velocity>5.600000000000004</velocity>
      <orientation>-1.653389452969337</orientation>
      <time>13</time>
    </ksState>
    <ksState>
      <x>508.32403177066567</x>
      <y>-526.4442492124308</y>
      <steeringAngle>-0.1421333333333333</steeringAngle>
      <velocity>4.800000000000003</velocity>
      <orientation>-1.678505660477985</orientation>
      <time>14</time>
    </ksState>
    <ksState>
      <x>508.232235662778</x>
      <y>-526.8762976822092</y>
      <steeringAngle>-0.17766666666666653</steeringAngle>
      <velocity>4.000000000000006</velocity>
      <orientation>-1.705930557063135</orientation>
      <time>15</time>
    </ksState>
    <ksState>
      <x>508.1292654496443</x>
      <y>-527.2652403618838</y>
      <steeringAngle>-0.21319999999999995</steeringAngle>
      <velocity>4.0</velocity>
      <orientation>-1.736638339700635</orientation>
      <time>16</time>
    </ksState>
    <ksState>
      <x>508.0052232867741</x>
      <y>-527.6489966439106</y>
      <steeringAngle>-0.24873333333333336</steeringAngle>
      <velocity>4.0</velocity>
      <orientation>-1.7731171808233293</orientation>
      <time>17</time>
    </ksState>
    <ksState>
      <x>507.8580216918945</x>
      <y>-528.0257104387111</y>
      <steeringAngle>-0.2842666666666667</steeringAngle>
      <velocity>4.0</velocity>
      <orientation>-1.8154644146687773</orientation>
      <time>18</time>
    </ksState>
    <ksState>
      <x>507.6856989252506</x>
      <y>-528.3930973431192</y>
      <steeringAngle>-0.31980000000000003</steeringAngle>
      <velocity>4.0</velocity>
      <orientation>-1.8637950960359124</orientation>
      <time>19</time>
    </ksState>
    <ksState>
      <x>507.4864816737799</x>
      <y>-528.7484003636558</y>
      <steeringAngle>-0.35533333333333333</steeringAngle>
      <velocity>4.0</velocity>
      <orientation>-1.918243297214191</orientation>
      <time>20</time>
    </ksState>
    <ksState>
      <x>507.258864898321</x>
      <y>-529.0883495133246</y>
      <steeringAngle>-0.39086666666666653</steeringAngle>
      <velocity>4.0</velocity>
      <orientation>-1.9789636635201782</orientation>
      <time>21</time>
    </ksState>
    <ksState>
      <x>507.00171125303507</x>
      <y>-529.4091283889817</y>
      <steeringAngle>-0.42639999999999995</steeringAngle>
      <velocity>4.0</velocity>
      <orientation>-2.046133276976582</orientation>
      <time>22</time>
    </ksState>
    <ksState>
      <x>506.7143728264857</x>
      <y>-529.7063523393438</y>
      <steeringAngle>-0.4619333333333333</steeringAngle>
      <velocity>4.0</velocity>
      <orientation>-2.1199538606089257</orientation>
      <time>23</time>
    </ksState>
    <ksState>
      <x>506.3968372591838</x>
      <y>-529.9750638470207</y>
      <steeringAngle>-0.49746666666666667</steeringAngle>
      <velocity>4.0</velocity>
      <orientation>-2.200654402422146</orientation>
      <time>24</time>
    </ksState>
    <ksState>
      <x>506.0499000867723</x>
      <y>-530.2097528197952</y>
      <steeringAngle>-0.533</steeringAngle>
      <velocity>4.0</velocity>
      <orientation>-2.288494269021955</orientation>
      <time>25</time>
    </ksState>
    <ksState>
      <x>505.72068014881717</x>
      <y>-530.3937999352751</y>
      <steeringAngle>-0.4974666666666667</steeringAngle>
      <velocity>3.1999999999999993</velocity>
      <orientation>-2.367671472131194</orientation>
      <time>26</time>
    </ksState>
    <ksState>
      <x>505.46029267264703</x>
      <y>-530.524490652326</y>
      <steeringAngle>-0.4619333333333334</steeringAngle>
      <velocity>2.3999999999999986</velocity>
      <orientation>-2.424278579533403</orientation>
      <time>27</time>
    </ksState>
    <ksState>
      <x>505.2732600532033</x>
      <y>-530.612775767291</y>
      <steeringAngle>-0.4264000000000001</steeringAngle>
      <velocity>1.5999999999999979</velocity>
      <orientation>-2.461301539747462</orientation>
      <time>28</time>
    </ksState>
    <ksState>
      <x>505.1613003700226</x>
      <y>-530.6647031234044</y>
      <steeringAngle>-0.39086666666666675</steeringAngle>
      <velocity>0.7999999999999972</velocity>
      <orientation>-2.4815615089702883</orientation>
      <time>29</time>
    </ksState>
    <ksState>
      <x>505.1242571157392</x>
      <y>-530.6821695860868</y>
      <steeringAngle>-0.3553333333333332</steeringAngle>
      <velocity>-2.914335439641036e-15</velocity>
      <orientation>-2.4877394837176654</orientation>
      <time>30</time>
    </ksState>
    <ksState>
      <x>505.1242571157392</x>
      <y>-530.6821695860868</y>
      <steeringAngle>-0.3198</steeringAngle>
      <velocity>0.0</velocity>
      <orientation>-2.4877394837176654</orientation>
      <time>31</time>
    </ksState>
    <ksState>
      <x>505.1242571157392</x>
      <y>-530.6821695860868</y>
      <steeringAngle>-0.2842666666666666</steeringAngle>
      <velocity>0.0</velocity>
      <orientation>-2.4877394837176654</orientation>
      <time>32</time>
    </ksState>
    <ksState>
      <x>505.1242571157392</x>
      <y>-530.6821695860868</y>
      <steeringAngle>-0.24873333333333333</steeringAngle>
      <velocity>0.0</velocity>
      <orientation>-2.4877394837176654</orientation>
      <time>33</time>
    </ksState>
    <ksState>
      <x>505.1242571157392</x>
      <y>-530.6821695860868</y>
      <steeringAngle>-0.21320000000000003</steeringAngle>
      <velocity>0.0</velocity>
      <orientation>-2.4877394837176654</orientation>
      <time>34</time>
    </ksState>
    <ksState>
      <x>505.1242571157392</x>
      <y>-530.6821695860868</y>
      <steeringAngle>-0.1776666666666667</steeringAngle>
      <velocity>0.0</velocity>
      <orientation>-2.4877394837176654</orientation>
      <time>35</time>
    </ksState>
    <ksState>
      <x>505.1242571157392</x>
      <y>-530.6821695860868</y>
      <steeringAngle>-0.14213333333333336</steeringAngle>
      <velocity>0.0</velocity>
      <orientation>-2.4877394837176654</orientation>
      <time>36</time>
    </ksState>
    <ksState>
      <x>505.1242571157392</x>
      <y>-530.6821695860868</y>
      <steeringAngle>-0.10660000000000001</steeringAngle>
      <velocity>0.0</velocity>
      <orientation>-2.4877394837176654</orientation>
      <time>37</time>
    </ksState>
    <ksState>
      <x>505.1242571157392</x>
      <y>-530.6821695860868</y>
      <steeringAngle>-0.07106666666666668</steeringAngle>
      <velocity>0.0</velocity>
      <orientation>-2.4877394837176654</orientation>
      <time>38</time>
    </ksState>
    <ksState>
      <x>505.1242571157392</x>
      <y>-530.6821695860868</y>
      <steeringAngle>-0.03553333333333333</steeringAngle>
      <velocity>0.0</velocity>
      <orientation>-2.4877394837176654</orientation>
      <time>39</time>
    </ksState>
    <ksState>
      <x>505.1242571157392</x>
      <y>-530.6821695860868</y>
      <steeringAngle>-0.0</steeringAngle>
      <velocity>0.0</velocity>
      <orientation>-2.4877394837176654</orientation>
      <time>40</time>
    </ksState>
    <ksState>
      <x>505.1242571157392</x>
      <y>-530.6821695860868</y>
      <steeringAngle>0.0</steeringAngle>
      <velocity>0.0</velocity>
      <orientation>-2.4877394837176654</orientation>
      <time>41</time>
    </ksState>
    <ksState>
      <x>505.1242571157392</x>
      <y>-530.6821695860868</y>
      <steeringAngle>0.0</steeringAngle>
      <velocity>0.0</velocity>
      <orientation>-2.4877394837176654</orientation>
      <time>42</time>
    </ksState>
    <ksState>
      <x>505.1242571157392</x>
      <y>-530.6821695860868</y>
      <steeringAngle>0.0</steeringAngle>
      <velocity>0.0</velocity>
      <orientation>-2.4877394837176654</orientation>
      <time>43</time>
    </ksState>
    <ksState>
      <x>505.1242571157392</x>
      <y>-530.6821695860868</y>
      <steeringAngle>0.0</steeringAngle>
      <velocity>0.0</velocity>
      <orientation>-2.4877394837176654</orientation>
      <time>44</time>
    </ksState>
    <ksState>
      <x>505.1242571157392</x>
      <y>-530.6821695860868</y>
      <steeringAngle>0.0</steeringAngle>
      <velocity>0.0</velocity>
      <orientation>-2.4877394837176654</orientation>
      <time>45</time>
    </ksState>
    <ksState>
      <x>505.1242571157392</x>
      <y>-530.6821695860868</y>
      <steeringAngle>0.0</steeringAngle>
      <velocity>0.0</velocity>
      <orientation>-2.4877394837176654</orientation>
      <time>46</time>
    </ksState>
    <ksState>
      <x>505.1242571157392</x>
      <y>-530.6821695860868</y>
      <steeringAngle>0.0</steeringAngle>
      <velocity>0.0</velocity>
      <orientation>-2.4877394837176654</orientation>
      <time>47</time>
    </ksState>
    <ksState>
      <x>505.1242571157392</x>
      <y>-530.6821695860868</y>
      <steeringAngle>0.0</steeringAngle>
      <velocity>0.0</velocity>
      <orientation>-2.4877394837176654</orientation>
      <time>48</time>
    </ksState>
    <ksState>
      <x>505.1242571157392</x>
      <y>-530.6821695860868</y>
      <steeringAngle>0.0</steeringAngle>
      <velocity>0.0</velocity>
      <orientation>-2.4877394837176654</orientation>
      <time>49</time>
    </ksState>
    <ksState>
      <x>505.1242571157392</x>
      <y>-530.6821695860868</y>
      <steeringAngle>0.0</steeringAngle>
      <velocity>0.0</velocity>
      <orientation>-2.4877394837176654</orientation>
      <time>50</time>
    </ksState>
    <ksState>
      <x>505.1242571157392</x>
      <y>-530.6821695860868</y>
      <steeringAngle>0.0</steeringAngle>
      <velocity>0.0</velocity>
      <orientation>-2.4877394837176654</orientation>
      <time>51</time>
    </ksState>
    <ksState>
      <x>505.1242571157392</x>
      <y>-530.6821695860868</y>
      <steeringAngle>0.0</steeringAngle>
      <velocity>0.0</velocity>
      <orientation>-2.4877394837176654</orientation>
      <time>52</time>
    </ksState>
    <ksState>
      <x>505.1242571157392</x>
      <y>-530.6821695860868</y>
      <steeringAngle>0.0</steeringAngle>
      <velocity>0.0</velocity>
      <orientation>-2.4877394837176654</orientation>
      <time>53</time>
    </ksState>
    <ksState>
      <x>505.1242571157392</x>
      <y>-530.6821695860868</y>
      <steeringAngle>0.0</steeringAngle>
      <velocity>0.0</velocity>
      <orientation>-2.4877394837176654</orientation>
      <time>54</time>
    </ksState>
    <ksState>
      <x>505.1242571157392</x>
      <y>-530.6821695860868</y>
      <steeringAngle>0.0</steeringAngle>
      <velocity>0.0</velocity>
      <orientation>-2.4877394837176654</orientation>
      <time>55</time>
    </ksState>
    <ksState>
      <x>505.1242571157392</x>
      <y>-530.6821695860868</y>
      <steeringAngle>0.0</steeringAngle>
      <velocity>0.0</velocity>
      <orientation>-2.4877394837176654</orientation>
      <time>56</time>
    </ksState>
    <ksState>
      <x>505.1242571157392</x>
      <y>-530.6821695860868</y>
      <steeringAngle>0.0</steeringAngle>
      <velocity>0.0</velocity>
      <orientation>-2.4877394837176654</orientation>
      <time>57</time>
    </ksState>
    <ksState>
      <x>505.1242571157392</x>
      <y>-530.6821695860868</y>
      <steeringAngle>0.0</steeringAngle>
      <velocity>0.0</velocity>
      <orientation>-2.4877394837176654</orientation>
      <time>58</time>
    </ksState>
    <ksState>
      <x>505.1242571157392</x>
      <y>-530.6821695860868</y>
      <steeringAngle>0.0</steeringAngle>
      <velocity>0.0</velocity>
      <orientation>-2.4877394837176654</orientation>
      <time>59</time>
    </ksState>
    <ksState>
      <x>505.1242571157392</x>
      <y>-530.6821695860868</y>
      <steeringAngle>0.0</steeringAngle>
      <velocity>0.0</velocity>
      <orientation>-2.4877394837176654</orientation>
      <time>60</time>
    </ksState>
    <ksState>
      <x>505.1242571157392</x>
      <y>-530.6821695860868</y>
      <steeringAngle>0.0</steeringAngle>
      <velocity>0.0</velocity>
      <orientation>-2.4877394837176654</orientation>
      <time>61</time>
    </ksState>
    <ksState>
      <x>505.1242571157392</x>
      <y>-530.6821695860868</y>
      <steeringAngle>0.0</steeringAngle>
      <velocity>0.0</velocity>
      <orientation>-2.4877394837176654</orientation>
      <time>62</time>
    </ksState>
    <ksState>
      <x>505.1242571157392</x>
      <y>-530.6821695860868</y>
      <steeringAngle>0.0</steeringAngle>
      <velocity>0.0</velocity>
      <orientation>-2.4877394837176654</orientation>
      <time>63</time>
    </ksState>
    <ksState>
      <x>505.1242571157392</x>
      <y>-530.6821695860868</y>
      <steeringAngle>0.0</steeringAngle>
      <velocity>0.0</velocity>
      <orientation>-2.4877394837176654</orientation>
      <time>64</time>
    </ksState>
    <ksState>
      <x>505.1242571157392</x>
      <y>-530.6821695860868</y>
      <steeringAngle>0.0</steeringAngle>
      <velocity>0.0</velocity>
      <orientation>-2.4877394837176654</orientation>
      <time>65</time>
    </ksState>
    <ksState>
      <x>505.1242571157392</x>
      <y>-530.6821695860868</y>
      <steeringAngle>0.0</steeringAngle>
      <velocity>0.0</velocity>
      <orientation>-2.4877394837176654</orientation>
      <time>66</time>
    </ksState>
    <ksState>
      <x>505.1242571157392</x>
      <y>-530.6821695860868</y>
      <steeringAngle>0.0</steeringAngle>
      <velocity>0.0</velocity>
      <orientation>-2.4877394837176654</orientation>
      <time>67</time>
    </ksState>
    <ksState>
      <x>505.1242571157392</x>
      <y>-530.6821695860868</y>
      <steeringAngle>0.0</steeringAngle>
      <velocity>0.0</velocity>
      <orientation>-2.4877394837176654</orientation>
      <time>68</time>
    </ksState>
    <ksState>
      <x>505.1242571157392</x>
      <y>-530.6821695860868</y>
      <steeringAngle>0.0</steeringAngle>
      <velocity>0.0</velocity>
      <orientation>-2.4877394837176654</orientation>
      <time>69</time>
    </ksState>
    <ksState>
      <x>505.1242571157392</x>
      <y>-530.6821695860868</y>
      <steeringAngle>0.0</steeringAngle>
      <velocity>0.0</velocity>
      <orientation>-2.4877394837176654</orientation>
      <time>70</time>
    </ksState>
    <ksState>
      <x>505.1242571157392</x>
      <y>-530.6821695860868</y>
      <steeringAngle>0.0</steeringAngle>
      <velocity>0.0</velocity>
      <orientation>-2.4877394837176654</orientation>
      <time>71</time>
    </ksState>
    <ksState>
      <x>505.1242571157392</x>
      <y>-530.6821695860868</y>
      <steeringAngle>0.0</steeringAngle>
      <velocity>0.0</velocity>
      <orientation>-2.4877394837176654</orientation>
      <time>72</time>
    </ksState>
    <ksState>
      <x>505.1242571157392</x>
      <y>-530.6821695860868</y>
      <steeringAngle>0.0</steeringAngle>
      <velocity>0.0</velocity>
      <orientation>-2.4877394837176654</orientation>
      <time>73</time>
    </ksState>
    <ksState>
      <x>505.1242571157392</x>
      <y>-530.6821695860868</y>
      <steeringAngle>0.0</steeringAngle>
      <velocity>0.0</velocity>
      <orientation>-2.4877394837176654</orientation>
      <time>74</time>
    </ksState>
    <ksState>
      <x>505.1242571157392</x>
      <y>-530.6821695860868</y>
      <steeringAngle>0.0</steeringAngle>
      <velocity>0.0</velocity>
      <orientation>-2.4877394837176654</orientation>
      <time>75</time>
    </ksState>
    <ksState>
      <x>505.1242571157392</x>
      <y>-530.6821695860868</y>
      <steeringAngle>0.0</steeringAngle>
      <velocity>0.0</velocity>
      <orientation>-2.4877394837176654</orientation>
      <time>76</time>
    </ksState>
    <ksState>
      <x>505.1242571157392</x>
      <y>-530.6821695860868</y>
      <steeringAngle>0.0</steeringAngle>
      <velocity>0.0</velocity>
      <orientation>-2.4877394837176654</orientation>
      <time>77</time>
    </ksState>
    <ksState>
      <x>505.1242571157392</x>
      <y>-530.6821695860868</y>
      <steeringAngle>0.0</steeringAngle>
      <velocity>0.0</velocity>
      <orientation>-2.4877394837176654</orientation>
      <time>78</time>
    </ksState>
    <ksState>
      <x>505.1242571157392</x>
      <y>-530.6821695860868</y>
      <steeringAngle>0.0</steeringAngle>
      <velocity>0.0</velocity>
      <orientation>-2.4877394837176654</orientation>
      <time>79</time>
    </ksState>
    <ksState>
      <x>505.1242571157392</x>
      <y>-530.6821695860868</y>
      <steeringAngle>0.0</steeringAngle>
      <velocity>0.0</velocity>
      <orientation>-2.4877394837176654</orientation>
      <time>80</time>
    </ksState>
    <ksState>
      <x>505.1242571157392</x>
      <y>-530.6821695860868</y>
      <steeringAngle>0.0</steeringAngle>
      <velocity>0.0</velocity>
      <orientation>-2.4877394837176654</orientation>
      <time>81</time>
    </ksState>
    <ksState>
      <x>505.1242571157392</x>
      <y>-530.6821695860868</y>
      <steeringAngle>0.0</steeringAngle>
      <velocity>0.0</velocity>
      <orientation>-2.4877394837176654</orientation>
      <time>82</time>
    </ksState>
    <ksState>
      <x>505.1242571157392</x>
      <y>-530.6821695860868</y>
      <steeringAngle>0.0</steeringAngle>
      <velocity>0.0</velocity>
      <orientation>-2.4877394837176654</orientation>
      <time>83</time>
    </ksState>
    <ksState>
      <x>505.1242571157392</x>
      <y>-530.6821695860868</y>
      <steeringAngle>0.0</steeringAngle>
      <velocity>0.0</velocity>
      <orientation>-2.4877394837176654</orientation>
      <time>84</time>
    </ksState>
    <ksState>
      <x>505.1242571157392</x>
      <y>-530.6821695860868</y>
      <steeringAngle>0.0</steeringAngle>
      <velocity>0.0</velocity>
      <orientation>-2.4877394837176654</orientation>
      <time>85</time>
    </ksState>
    <ksState>
      <x>505.1242571157392</x>
      <y>-530.6821695860868</y>
      <steeringAngle>0.0</steeringAngle>
      <velocity>0.0</velocity>
      <orientation>-2.4877394837176654</orientation>
      <time>86</time>
    </ksState>
    <ksState>
      <x>505.1242571157392</x>
      <y>-530.6821695860868</y>
      <steeringAngle>0.0</steeringAngle>
      <velocity>0.0</velocity>
      <orientation>-2.4877394837176654</orientation>
      <time>87</time>
    </ksState>
    <ksState>
      <x>505.1242571157392</x>
      <y>-530.6821695860868</y>
      <steeringAngle>0.0</steeringAngle>
      <velocity>0.0</velocity>
      <orientation>-2.4877394837176654</orientation>
      <time>88</time>
    </ksState>
    <ksState>
      <x>505.1242571157392</x>
      <y>-530.6821695860868</y>
      <steeringAngle>0.0</steeringAngle>
      <velocity>0.0</velocity>
      <orientation>-2.4877394837176654</orientation>
      <time>89</time>
    </ksState>
    <ksState>
      <x>505.1242571157392</x>
      <y>-530.6821695860868</y>
      <steeringAngle>0.0</steeringAngle>
      <velocity>0.0</velocity>
      <orientation>-2.4877394837176654</orientation>
      <time>90</time>
    </ksState>
    <ksState>
      <x>505.1242571157392</x>
      <y>-530.6821695860868</y>
      <steeringAngle>0.0</steeringAngle>
      <velocity>0.0</velocity>
      <orientation>-2.4877394837176654</orientation>
      <time>91</time>
    </ksState>
    <ksState>
      <x>505.1242571157392</x>
      <y>-530.6821695860868</y>
      <steeringAngle>0.0</steeringAngle>
      <velocity>0.0</velocity>
      <orientation>-2.4877394837176654</orientation>
      <time>92</time>
    </ksState>
    <ksState>
      <x>505.1242571157392</x>
      <y>-530.6821695860868</y>
      <steeringAngle>0.0</steeringAngle>
      <velocity>0.0</velocity>
      <orientation>-2.4877394837176654</orientation>
      <time>93</time>
    </ksState>
    <ksState>
      <x>505.1242571157392</x>
      <y>-530.6821695860868</y>
      <steeringAngle>0.0</steeringAngle>
      <velocity>0.0</velocity>
      <orientation>-2.4877394837176654</orientation>
      <time>94</time>
    </ksState>
    <ksState>
      <x>505.1242571157392</x>
      <y>-530.6821695860868</y>
      <steeringAngle>0.0</steeringAngle>
      <velocity>0.0</velocity>
      <orientation>-2.4877394837176654</orientation>
      <time>95</time>
    </ksState>
    <ksState>
      <x>505.1242571157392</x>
      <y>-530.6821695860868</y>
      <steeringAngle>0.0</steeringAngle>
      <velocity>0.0</velocity>
      <orientation>-2.4877394837176654</orientation>
      <time>96</time>
    </ksState>
    <ksState>
      <x>505.1242571157392</x>
      <y>-530.6821695860868</y>
      <steeringAngle>0.0</steeringAngle>
      <velocity>0.0</velocity>
      <orientation>-2.4877394837176654</orientation>
      <time>97</time>
    </ksState>
    <ksState>
      <x>505.1242571157392</x>
      <y>-530.6821695860868</y>
      <steeringAngle>0.0</steeringAngle>
      <velocity>0.0</velocity>
      <orientation>-2.4877394837176654</orientation>
      <time>98</time>
    </ksState>
    <ksState>
      <x>505.1242571157392</x>
      <y>-530.6821695860868</y>
      <steeringAngle>0.0</steeringAngle>
      <velocity>0.0</velocity>
      <orientation>-2.4877394837176654</orientation>
      <time>99</time>
    </ksState>
  </ksTrajectory>
</CommonRoadSolution>
