<?xml version="1.0" ?>
<CommonRoadSolution benchmark_id="KS2:SM1:DEU_Flensburg-78_1_T-1:2020a" computation_time="2.383975413000371" date="2023-01-12T15:00:04">
  <ksTrajectory planningProblem="123">
    <ksState>
      <x>295.71007</x>
      <y>-333.55306</y>
      <steeringAngle>0.0</steeringAngle>
      <velocity>4.0</velocity>
      <orientation>-3.8206073</orientation>
      <time>0</time>
    </ksState>
    <ksState>
      <x>295.37075457652514</x>
      <y>-333.27291244452863</y>
      <steeringAngle>-0.035533333333333326</steeringAngle>
      <velocity>4.799999999999999</velocity>
      <orientation>-3.8237310786691907</orientation>
      <time>1</time>
    </ksState>
    <ksState>
      <x>294.97850347831417</x>
      <y>-332.93120335582444</y>
      <steeringAngle>-0.07106666666666667</steeringAngle>
      <velocity>5.599999999999998</velocity>
      <orientation>-3.8345816897303635</orientation>
      <time>2</time>
    </ksState>
    <ksState>
      <x>294.5398092622434</x>
      <y>-332.52085377919644</y>
      <steeringAngle>-0.10659999999999999</steeringAngle>
      <velocity>6.3999999999999995</velocity>
      <orientation>-3.8553986387306916</orientation>
      <time>3</time>
    </ksState>
    <ksState>
      <x>294.0642829083108</x>
      <y>-332.0325979109861</y>
      <steeringAngle>-0.14213333333333333</steeringAngle>
      <velocity>7.199999999999999</velocity>
      <orientation>-3.8884582097118567</orientation>
      <time>4</time>
    </ksState>
    <ksState>
      <x>293.5658071684112</x>
      <y>-331.4550938235155</y>
      <steeringAngle>-0.17766666666666664</steeringAngle>
      <velocity>7.9999999999999964</velocity>
      <orientation>-3.9360855317934034</orientation>
      <time>5</time>
    </ksState>
    <ksState>
      <x>293.1096878242654</x>
      <y>-330.8417883333687</y>
      <steeringAngle>-0.21320000000000014</steeringAngle>
      <velocity>7.200000000000003</velocity>
      <orientation>-3.9943348588648964</orientation>
      <time>6</time>
    </ksState>
    <ksState>
      <x>292.74609494432076</x>
      <y>-330.2606589130629</y>
      <steeringAngle>-0.24873333333333347</steeringAngle>
      <velocity>6.400000000000004</velocity>
      <orientation>-4.056251946350676</orientation>
      <time>7</time>
    </ksState>
    <ksState>
      <x>292.4682075138621</x>
      <y>-329.7214771604859</y>
      <steeringAngle>-0.2842666666666668</steeringAngle>
      <velocity>5.600000000000001</velocity>
      <orientation>-4.119674089114596</orientation>
      <time>8</time>
    </ksState>
    <ksState>
      <x>292.26669094331754</x>
      <y>-329.2340308167385</y>
      <steeringAngle>-0.3198</steeringAngle>
      <velocity>4.800000000000002</velocity>
      <orientation>-4.182403188856549</orientation>
      <time>9</time>
    </ksState>
    <ksState>
      <x>292.1301572407608</x>
      <y>-328.80730813291984</y>
      <steeringAngle>-0.3553333333333332</steeringAngle>
      <velocity>4.000000000000001</velocity>
      <orientation>-4.242193022904764</orientation>
      <time>10</time>
    </ksState>
    <ksState>
      <x>292.0198168836222</x>
      <y>-328.37297703951833</y>
      <steeringAngle>-0.31979999999999975</steeringAngle>
      <velocity>4.800000000000001</velocity>
      <orientation>-4.301982857936513</orientation>
      <time>11</time>
    </ksState>
    <ksState>
      <x>291.9106462144607</x>
      <y>-327.8568219733933</y>
      <steeringAngle>-0.28426666666666645</steeringAngle>
      <velocity>5.600000000000004</velocity>
      <orientation>-4.3647119580678355</orientation>
      <time>12</time>
    </ksState>
    <ksState>
      <x>291.8104090060304</x>
      <y>-327.25844834766446</y>
      <steeringAngle>-0.2487333333333331</steeringAngle>
      <velocity>6.400000000000004</velocity>
      <orientation>-4.4281340947605115</orientation>
      <time>13</time>
    </ksState>
    <ksState>
      <x>291.7258386789257</x>
      <y>-326.57803944502325</y>
      <steeringAngle>-0.21319999999999992</steeringAngle>
      <velocity>7.200000000000004</velocity>
      <orientation>-4.490051183438311</orientation>
      <time>14</time>
    </ksState>
    <ksState>
      <x>291.66192397733454</x>
      <y>-325.8162444137517</y>
      <steeringAngle>-0.17766666666666656</steeringAngle>
      <velocity>8.000000000000004</velocity>
      <orientation>-4.548300513039276</orientation>
      <time>15</time>
    </ksState>
    <ksState>
      <x>291.6317867653302</x>
      <y>-325.0129980684748</y>
      <steeringAngle>-0.17766666666666667</steeringAngle>
      <velocity>8.0</velocity>
      <orientation>-4.604001489349788</orientation>
      <time>16</time>
    </ksState>
    <ksState>
      <x>291.6464147609172</x>
      <y>-324.20931963545274</y>
      <steeringAngle>-0.17766666666666667</steeringAngle>
      <velocity>8.0</velocity>
      <orientation>-4.6597024656603</orientation>
      <time>17</time>
    </ksState>
    <ksState>
      <x>291.7057625962581</x>
      <y>-323.40770199615304</y>
      <steeringAngle>-0.17766666666666667</steeringAngle>
      <velocity>8.0</velocity>
      <orientation>-4.715403441970811</orientation>
      <time>18</time>
    </ksState>
    <ksState>
      <x>291.8096461864328</x>
      <y>-322.6106316053793</y>
      <steeringAngle>-0.17766666666666667</steeringAngle>
      <velocity>8.0</velocity>
      <orientation>-4.771104418281324</orientation>
      <time>19</time>
    </ksState>
    <ksState>
      <x>291.9577433062311</x>
      <y>-321.8205808127331</y>
      <steeringAngle>-0.17766666666666667</steeringAngle>
      <velocity>8.0</velocity>
      <orientation>-4.826805394591835</orientation>
      <time>20</time>
    </ksState>
    <ksState>
      <x>292.14959459389974</x>
      <y>-321.0400002427931</y>
      <steeringAngle>-0.17766666666666667</steeringAngle>
      <velocity>8.0</velocity>
      <orientation>-4.882506370902346</orientation>
      <time>21</time>
    </ksState>
    <ksState>
      <x>292.3846049648583</x>
      <y>-320.27131101592596</y>
      <steeringAngle>-0.17766666666666667</steeringAngle>
      <velocity>8.0</velocity>
      <orientation>-4.938207347212859</orientation>
      <time>22</time>
    </ksState>
    <ksState>
      <x>292.6620454602982</x>
      <y>-319.51689748430937</y>
      <steeringAngle>-0.17766666666666667</steeringAngle>
      <velocity>8.0</velocity>
      <orientation>-4.99390832352337</orientation>
      <time>23</time>
    </ksState>
    <ksState>
      <x>292.9810555162456</x>
      <y>-318.779099685207</y>
      <steeringAngle>-0.17766666666666667</steeringAngle>
      <velocity>8.0</velocity>
      <orientation>-5.049609299833882</orientation>
      <time>24</time>
    </ksState>
    <ksState>
      <x>293.34064562910095</x>
      <y>-318.0602061168744</y>
      <steeringAngle>-0.17766666666666667</steeringAngle>
      <velocity>8.0</velocity>
      <orientation>-5.105310276144394</orientation>
      <time>25</time>
    </ksState>
    <ksState>
      <x>293.7397004155385</x>
      <y>-317.36244668829653</y>
      <steeringAngle>-0.17766666666666667</steeringAngle>
      <velocity>8.0</velocity>
      <orientation>-5.161011252454905</orientation>
      <time>26</time>
    </ksState>
    <ksState>
      <x>294.1769821103909</x>
      <y>-316.68798562840743</y>
      <steeringAngle>-0.17766666666666667</steeringAngle>
      <velocity>8.0</velocity>
      <orientation>-5.2167122287654175</orientation>
      <time>27</time>
    </ksState>
    <ksState>
      <x>294.651134341018</x>
      <y>-316.0389150102252</y>
      <steeringAngle>-0.17766666666666667</steeringAngle>
      <velocity>8.0</velocity>
      <orientation>-5.272413205075929</orientation>
      <time>28</time>
    </ksState>
    <ksState>
      <x>295.1606863836717</x>
      <y>-315.4172481187284</y>
      <steeringAngle>-0.17766666666666667</steeringAngle>
      <velocity>8.0</velocity>
      <orientation>-5.328114181386441</orientation>
      <time>29</time>
    </ksState>
    <ksState>
      <x>295.70405771236227</x>
      <y>-314.82491323793005</y>
      <steeringAngle>-0.17766666666666667</steeringAngle>
      <velocity>8.0</velocity>
      <orientation>-5.383815157696953</orientation>
      <time>30</time>
    </ksState>
    <ksState>
      <x>296.27237976662576</x>
      <y>-314.2574186809536</y>
      <steeringAngle>-0.14213333333333336</steeringAngle>
      <velocity>8.0</velocity>
      <orientation>-5.433849969245701</orientation>
      <time>31</time>
    </ksState>
    <ksState>
      <x>296.8535436276515</x>
      <y>-313.70488372625397</y>
      <steeringAngle>-0.1066000000000001</steeringAngle>
      <velocity>8.0</velocity>
      <orientation>-5.472633821252699</orientation>
      <time>32</time>
    </ksState>
    <ksState>
      <x>297.4414022882232</x>
      <y>-313.16083866426214</y>
      <steeringAngle>-0.07106666666666674</steeringAngle>
      <velocity>8.0</velocity>
      <orientation>-5.5002663002823855</orientation>
      <time>33</time>
    </ksState>
    <ksState>
      <x>298.03011825559145</x>
      <y>-312.61863206277764</y>
      <steeringAngle>-0.035533333333333354</steeringAngle>
      <velocity>8.0</velocity>
      <orientation>-5.516817820911415</orientation>
      <time>34</time>
    </ksState>
    <ksState>
      <x>298.61392387033334</x>
      <y>-312.07160161619265</y>
      <steeringAngle>-2.0816681711721685e-17</steeringAngle>
      <velocity>8.0</velocity>
      <orientation>-5.522330347369819</orientation>
      <time>35</time>
    </ksState>
    <ksState>
      <x>299.193321266936</x>
      <y>-311.5199688970669</y>
      <steeringAngle>0.0</steeringAngle>
      <velocity>8.0</velocity>
      <orientation>-5.522330347369819</orientation>
      <time>36</time>
    </ksState>
    <ksState>
      <x>299.7727186635386</x>
      <y>-310.9683361779411</y>
      <steeringAngle>0.0</steeringAngle>
      <velocity>8.0</velocity>
      <orientation>-5.522330347369819</orientation>
      <time>37</time>
    </ksState>
    <ksState>
      <x>300.35211606014127</x>
      <y>-310.4167034588154</y>
      <steeringAngle>0.0</steeringAngle>
      <velocity>8.0</velocity>
      <orientation>-5.522330347369819</orientation>
      <time>38</time>
    </ksState>
    <ksState>
      <x>300.9315134567439</x>
      <y>-309.8650707396896</y>
      <steeringAngle>0.0</steeringAngle>
      <velocity>8.0</velocity>
      <orientation>-5.522330347369819</orientation>
      <time>39</time>
    </ksState>
    <ksState>
      <x>301.51091085334656</x>
      <y>-309.31343802056386</y>
      <steeringAngle>0.0</steeringAngle>
      <velocity>8.0</velocity>
      <orientation>-5.522330347369819</orientation>
      <time>40</time>
    </ksState>
    <ksState>
      <x>302.0903082499492</x>
      <y>-308.76180530143813</y>
      <steeringAngle>0.0</steeringAngle>
      <velocity>8.0</velocity>
      <orientation>-5.522330347369819</orientation>
      <time>41</time>
    </ksState>
    <ksState>
      <x>302.66970564655185</x>
      <y>-308.21017258231234</y>
      <steeringAngle>0.0</steeringAngle>
      <velocity>8.0</velocity>
      <orientation>-5.522330347369819</orientation>
      <time>42</time>
    </ksState>
    <ksState>
      <x>303.2491030431545</x>
      <y>-307.6585398631866</y>
      <steeringAngle>0.0</steeringAngle>
      <velocity>8.0</velocity>
      <orientation>-5.522330347369819</orientation>
      <time>43</time>
    </ksState>
    <ksState>
      <x>303.82850043975714</x>
      <y>-307.1069071440608</y>
      <steeringAngle>0.0</steeringAngle>
      <velocity>8.0</velocity>
      <orientation>-5.522330347369819</orientation>
      <time>44</time>
    </ksState>
    <ksState>
      <x>304.4078978363598</x>
      <y>-306.5552744249351</y>
      <steeringAngle>0.0</steeringAngle>
      <velocity>8.0</velocity>
      <orientation>-5.522330347369819</orientation>
      <time>45</time>
    </ksState>
    <ksState>
      <x>304.9872952329624</x>
      <y>-306.00364170580934</y>
      <steeringAngle>0.0</steeringAngle>
      <velocity>8.0</velocity>
      <orientation>-5.522330347369819</orientation>
      <time>46</time>
    </ksState>
    <ksState>
      <x>305.56669262956507</x>
      <y>-305.45200898668355</y>
      <steeringAngle>0.0</steeringAngle>
      <velocity>8.0</velocity>
      <orientation>-5.522330347369819</orientation>
      <time>47</time>
    </ksState>
    <ksState>
      <x>306.1460900261677</x>
      <y>-304.9003762675578</y>
      <steeringAngle>0.0</steeringAngle>
      <velocity>8.0</velocity>
      <orientation>-5.522330347369819</orientation>
      <time>48</time>
    </ksState>
    <ksState>
      <x>306.72548742277036</x>
      <y>-304.348743548432</y>
      <steeringAngle>0.0</steeringAngle>
      <velocity>8.0</velocity>
      <orientation>-5.522330347369819</orientation>
      <time>49</time>
    </ksState>
    <ksState>
      <x>307.304884819373</x>
      <y>-303.7971108293063</y>
      <steeringAngle>0.0</steeringAngle>
      <velocity>8.0</velocity>
      <orientation>-5.522330347369819</orientation>
      <time>50</time>
    </ksState>
    <ksState>
      <x>307.88428221597565</x>
      <y>-303.24547811018056</y>
      <steeringAngle>0.0</steeringAngle>
      <velocity>8.0</velocity>
      <orientation>-5.522330347369819</orientation>
      <time>51</time>
    </ksState>
    <ksState>
      <x>308.4636796125783</x>
      <y>-302.69384539105477</y>
      <steeringAngle>0.0</steeringAngle>
      <velocity>8.0</velocity>
      <orientation>-5.522330347369819</orientation>
      <time>52</time>
    </ksState>
    <ksState>
      <x>309.04307700918093</x>
      <y>-302.14221267192903</y>
      <steeringAngle>0.0</steeringAngle>
      <velocity>8.0</velocity>
      <orientation>-5.522330347369819</orientation>
      <time>53</time>
    </ksState>
    <ksState>
      <x>309.6224744057836</x>
      <y>-301.59057995280324</y>
      <steeringAngle>0.0</steeringAngle>
      <velocity>8.0</velocity>
      <orientation>-5.522330347369819</orientation>
      <time>54</time>
    </ksState>
    <ksState>
      <x>310.2018718023862</x>
      <y>-301.0389472336775</y>
      <steeringAngle>0.0</steeringAngle>
      <velocity>8.0</velocity>
      <orientation>-5.522330347369819</orientation>
      <time>55</time>
    </ksState>
    <ksState>
      <x>310.78126919898887</x>
      <y>-300.48731451455177</y>
      <steeringAngle>0.0</steeringAngle>
      <velocity>8.0</velocity>
      <orientation>-5.522330347369819</orientation>
      <time>56</time>
    </ksState>
    <ksState>
      <x>311.3606665955915</x>
      <y>-299.935681795426</y>
      <steeringAngle>0.0</steeringAngle>
      <velocity>8.0</velocity>
      <orientation>-5.522330347369819</orientation>
      <time>57</time>
    </ksState>
    <ksState>
      <x>311.94006399219415</x>
      <y>-299.38404907630024</y>
      <steeringAngle>0.0</steeringAngle>
      <velocity>8.0</velocity>
      <orientation>-5.522330347369819</orientation>
      <time>58</time>
    </ksState>
    <ksState>
      <x>312.5194613887968</x>
      <y>-298.83241635717445</y>
      <steeringAngle>0.0</steeringAngle>
      <velocity>8.0</velocity>
      <orientation>-5.522330347369819</orientation>
      <time>59</time>
    </ksState>
    <ksState>
      <x>313.09885878539944</x>
      <y>-298.2807836380487</y>
      <steeringAngle>0.0</steeringAngle>
      <velocity>8.0</velocity>
      <orientation>-5.522330347369819</orientation>
      <time>60</time>
    </ksState>
    <ksState>
      <x>313.6782561820021</x>
      <y>-297.729150918923</y>
      <steeringAngle>0.0</steeringAngle>
      <velocity>8.0</velocity>
      <orientation>-5.522330347369819</orientation>
      <time>61</time>
    </ksState>
    <ksState>
      <x>314.25765357860473</x>
      <y>-297.1775181997972</y>
      <steeringAngle>0.0</steeringAngle>
      <velocity>8.0</velocity>
      <orientation>-5.522330347369819</orientation>
      <time>62</time>
    </ksState>
    <ksState>
      <x>314.8370509752074</x>
      <y>-296.62588548067146</y>
      <steeringAngle>0.0</steeringAngle>
      <velocity>8.0</velocity>
      <orientation>-5.522330347369819</orientation>
      <time>63</time>
    </ksState>
    <ksState>
      <x>315.41644837181</x>
      <y>-296.07425276154567</y>
      <steeringAngle>0.0</steeringAngle>
      <velocity>8.0</velocity>
      <orientation>-5.522330347369819</orientation>
      <time>64</time>
    </ksState>
    <ksState>
      <x>315.99584576841266</x>
      <y>-295.52262004241993</y>
      <steeringAngle>0.0</steeringAngle>
      <velocity>8.0</velocity>
      <orientation>-5.522330347369819</orientation>
      <time>65</time>
    </ksState>
    <ksState>
      <x>316.56880427009526</x>
      <y>-294.9642592893931</y>
      <steeringAngle>0.03553333333333333</steeringAngle>
      <velocity>8.0</velocity>
      <orientation>-5.51681781236698</orientation>
      <time>66</time>
    </ksState>
    <ksState>
      <x>317.1245786045189</x>
      <y>-294.3883947539028</y>
      <steeringAngle>0.07106666666666667</steeringAngle>
      <velocity>8.0</velocity>
      <orientation>-5.500266291486711</orientation>
      <time>67</time>
    </ksState>
    <ksState>
      <x>317.6562150647834</x>
      <y>-293.789388045476</y>
      <steeringAngle>0.10659999999999997</steeringAngle>
      <velocity>8.0</velocity>
      <orientation>-5.472633812196016</orientation>
      <time>68</time>
    </ksState>
    <ksState>
      <x>318.1559524218891</x>
      <y>-293.16237595000524</y>
      <steeringAngle>0.1421333333333333</steeringAngle>
      <velocity>8.0</velocity>
      <orientation>-5.433849959923281</orientation>
      <time>69</time>
    </ksState>
    <ksState>
      <x>318.615069171928</x>
      <y>-292.50356097850783</y>
      <steeringAngle>0.17766666666666667</steeringAngle>
      <velocity>8.0</velocity>
      <orientation>-5.3838151476741265</orientation>
      <time>70</time>
    </ksState>
    <ksState>
      <x>319.039457711223</x>
      <y>-291.82169999760686</y>
      <steeringAngle>0.14213333333333336</steeringAngle>
      <velocity>8.0</velocity>
      <orientation>-5.333780336125378</orientation>
      <time>71</time>
    </ksState>
    <ksState>
      <x>319.44637167790125</x>
      <y>-291.130709886788</y>
      <steeringAngle>0.1066000000000001</steeringAngle>
      <velocity>8.0</velocity>
      <orientation>-5.29499648411838</orientation>
      <time>72</time>
    </ksState>
    <ksState>
      <x>319.8435025009453</x>
      <y>-290.43511665531213</y>
      <steeringAngle>0.07106666666666674</steeringAngle>
      <velocity>8.0</velocity>
      <orientation>-5.267364005088694</orientation>
      <time>73</time>
    </ksState>
    <ksState>
      <x>320.2386486887779</x>
      <y>-289.7391037393621</y>
      <steeringAngle>0.035533333333333354</steeringAngle>
      <velocity>8.0</velocity>
      <orientation>-5.250812484459664</orientation>
      <time>74</time>
    </ksState>
    <ksState>
      <x>320.63960356136954</x>
      <y>-289.04678409104923</y>
      <steeringAngle>2.0816681711721685e-17</steeringAngle>
      <velocity>8.0</velocity>
      <orientation>-5.24529995800126</orientation>
      <time>75</time>
    </ksState>
    <ksState>
      <x>321.05404683826737</x>
      <y>-288.36247060630325</y>
      <steeringAngle>-0.03553333333333333</steeringAngle>
      <velocity>8.0</velocity>
      <orientation>-5.250812493004099</orientation>
      <time>76</time>
    </ksState>
    <ksState>
      <x>321.48942432346024</x>
      <y>-287.69094136686044</y>
      <steeringAngle>-0.07106666666666667</steeringAngle>
      <velocity>8.0</velocity>
      <orientation>-5.267364013884368</orientation>
      <time>77</time>
    </ksState>
    <ksState>
      <x>321.95279992461013</x>
      <y>-287.03769607228736</y>
      <steeringAngle>-0.10659999999999997</steeringAngle>
      <velocity>8.0</velocity>
      <orientation>-5.294996493175063</orientation>
      <time>78</time>
    </ksState>
    <ksState>
      <x>322.4506649043939</x>
      <y>-286.4091962267357</y>
      <steeringAngle>-0.1421333333333333</steeringAngle>
      <velocity>8.0</velocity>
      <orientation>-5.333780345447798</orientation>
      <time>79</time>
    </ksState>
    <ksState>
      <x>322.9886893656921</x>
      <y>-285.813079597308</y>
      <steeringAngle>-0.17766666666666667</steeringAngle>
      <velocity>8.0</velocity>
      <orientation>-5.383815157696953</orientation>
      <time>80</time>
    </ksState>
    <ksState>
      <x>323.5570114199556</x>
      <y>-285.24558504033155</y>
      <steeringAngle>-0.14213333333333336</steeringAngle>
      <velocity>8.0</velocity>
      <orientation>-5.433849969245701</orientation>
      <time>81</time>
    </ksState>
    <ksState>
      <x>324.13817528098133</x>
      <y>-284.6930500856319</y>
      <steeringAngle>-0.1066000000000001</steeringAngle>
      <velocity>8.0</velocity>
      <orientation>-5.472633821252699</orientation>
      <time>82</time>
    </ksState>
    <ksState>
      <x>324.726033941553</x>
      <y>-284.1490050236401</y>
      <steeringAngle>-0.07106666666666674</steeringAngle>
      <velocity>8.0</velocity>
      <orientation>-5.5002663002823855</orientation>
      <time>83</time>
    </ksState>
    <ksState>
      <x>325.31474990892127</x>
      <y>-283.6067984221556</y>
      <steeringAngle>-0.035533333333333354</steeringAngle>
      <velocity>8.0</velocity>
      <orientation>-5.516817820911415</orientation>
      <time>84</time>
    </ksState>
    <ksState>
      <x>325.89855552366316</x>
      <y>-283.0597679755706</y>
      <steeringAngle>-2.0816681711721685e-17</steeringAngle>
      <velocity>8.0</velocity>
      <orientation>-5.522330347369819</orientation>
      <time>85</time>
    </ksState>
    <ksState>
      <x>326.4843569149691</x>
      <y>-282.514896518147</y>
      <steeringAngle>-0.03553333333333333</steeringAngle>
      <velocity>8.0</velocity>
      <orientation>-5.527842882372658</orientation>
      <time>86</time>
    </ksState>
    <ksState>
      <x>327.08679783517</x>
      <y>-281.9880473825236</y>
      <steeringAngle>-0.07106666666666667</steeringAngle>
      <velocity>8.0</velocity>
      <orientation>-5.5443944032529275</orientation>
      <time>87</time>
    </ksState>
    <ksState>
      <x>327.7111686878882</x>
      <y>-281.4864425570894</y>
      <steeringAngle>-0.10659999999999997</steeringAngle>
      <velocity>8.0</velocity>
      <orientation>-5.572026882543622</orientation>
      <time>88</time>
    </ksState>
    <ksState>
      <x>328.36194601163487</x>
      <y>-281.01807254433163</y>
      <steeringAngle>-0.1421333333333333</steeringAngle>
      <velocity>8.0</velocity>
      <orientation>-5.610810734816358</orientation>
      <time>89</time>
    </ksState>
    <ksState>
      <x>329.0424947859395</x>
      <y>-280.5918346733865</y>
      <steeringAngle>-0.17766666666666667</steeringAngle>
      <velocity>8.0</velocity>
      <orientation>-5.660845547065512</orientation>
      <time>90</time>
    </ksState>
    <ksState>
      <x>329.7443578122158</x>
      <y>-280.20141397477227</y>
      <steeringAngle>-0.14213333333333336</steeringAngle>
      <velocity>8.0</velocity>
      <orientation>-5.7108803586142605</orientation>
      <time>91</time>
    </ksState>
    <ksState>
      <x>330.4544815528434</x>
      <y>-279.82889473698134</y>
      <steeringAngle>-0.1066000000000001</steeringAngle>
      <velocity>8.0</velocity>
      <orientation>-5.749664210621258</orientation>
      <time>92</time>
    </ksState>
    <ksState>
      <x>331.16872284313956</x>
      <y>-279.4663727189978</y>
      <steeringAngle>-0.07106666666666674</steeringAngle>
      <velocity>8.0</velocity>
      <orientation>-5.777296689650945</orientation>
      <time>93</time>
    </ksState>
    <ksState>
      <x>331.88328593290595</x>
      <y>-279.10585353827196</y>
      <steeringAngle>-0.035533333333333354</steeringAngle>
      <velocity>8.0</velocity>
      <orientation>-5.793848210279974</orientation>
      <time>94</time>
    </ksState>
    <ksState>
      <x>332.5944452165386</x>
      <y>-278.73935145287777</y>
      <steeringAngle>-2.0816681711721685e-17</steeringAngle>
      <velocity>8.0</velocity>
      <orientation>-5.799360736738379</orientation>
      <time>95</time>
    </ksState>
    <ksState>
      <x>333.27120172953084</x>
      <y>-278.3934567570254</y>
      <steeringAngle>-0.03553333333333333</steeringAngle>
      <velocity>7.199999999999999</velocity>
      <orientation>-5.804505749720871</orientation>
      <time>96</time>
    </ksState>
    <ksState>
      <x>333.8857350156739</x>
      <y>-278.101711122894</y>
      <steeringAngle>-0.07106666666666664</steeringAngle>
      <velocity>6.400000000000001</velocity>
      <orientation>-5.818482421841834</orientation>
      <time>97</time>
    </ksState>
    <ksState>
      <x>334.43754397860096</x>
      <y>-277.8643691158251</y>
      <steeringAngle>-0.10659999999999997</steeringAngle>
      <velocity>5.600000000000004</velocity>
      <orientation>-5.839114189707716</orientation>
      <time>98</time>
    </ksState>
    <ksState>
      <x>334.92467830843015</x>
      <y>-277.67905796035404</y>
      <steeringAngle>-0.1421333333333333</steeringAngle>
      <velocity>4.800000000000003</velocity>
      <orientation>-5.864230397216364</orientation>
      <time>99</time>
    </ksState>
  </ksTrajectory>
</CommonRoadSolution>
