<?xml version="1.0" ?>
<CommonRoadSolution benchmark_id="KS2:SM1:USA_US101-21_2_T-1:2020a" computation_time="1.1177278240002124" date="2023-01-12T15:00:04">
  <ksTrajectory planningProblem="656">
    <ksState>
      <x>0.0</x>
      <y>0.0</y>
      <steeringAngle>0.0</steeringAngle>
      <velocity>12.0</velocity>
      <orientation>-0.76607</orientation>
      <time>0</time>
    </ksState>
    <ksState>
      <x>0.8458058026975309</x>
      <y>-0.7939122834670239</y>
      <steeringAngle>0.03553333333333333</steeringAngle>
      <velocity>11.200000000000001</velocity>
      <orientation>-0.758168726227656</orientation>
      <time>1</time>
    </ksState>
    <ksState>
      <x>1.6587850143399425</x>
      <y>-1.5054835180956188</y>
      <steeringAngle>0.07106666666666667</steeringAngle>
      <velocity>10.400000000000007</velocity>
      <orientation>-0.735916295429166</orientation>
      <time>2</time>
    </ksState>
    <ksState>
      <x>2.442919355817285</x>
      <y>-2.1278360106306113</y>
      <steeringAngle>0.10660000000000001</steeringAngle>
      <velocity>9.60000000000001</velocity>
      <orientation>-0.7014682845444943</orientation>
      <time>3</time>
    </ksState>
    <ksState>
      <x>3.1978360329694366</x>
      <y>-2.6572178709906487</y>
      <steeringAngle>0.14213333333333344</steeringAngle>
      <velocity>8.800000000000008</velocity>
      <orientation>-0.6569601524236495</orientation>
      <time>4</time>
    </ksState>
    <ksState>
      <x>3.9196411115687004</x>
      <y>-3.0929669067549903</y>
      <steeringAngle>0.17766666666666675</steeringAngle>
      <velocity>8.000000000000009</velocity>
      <orientation>-0.604517854608668</orientation>
      <time>5</time>
    </ksState>
    <ksState>
      <x>4.601889344747432</x>
      <y>-3.4375330523245906</y>
      <steeringAngle>0.21320000000000014</steeringAngle>
      <velocity>7.200000000000003</velocity>
      <orientation>-0.5462685275371751</orientation>
      <time>6</time>
    </ksState>
    <ksState>
      <x>5.236618451669829</x>
      <y>-3.6964348605779906</y>
      <steeringAngle>0.24873333333333347</steeringAngle>
      <velocity>6.400000000000004</velocity>
      <orientation>-0.48435144005139585</orientation>
      <time>7</time>
    </ksState>
    <ksState>
      <x>5.81536665901043</x>
      <y>-3.8780633242583926</y>
      <steeringAngle>0.2842666666666668</steeringAngle>
      <velocity>5.600000000000001</velocity>
      <orientation>-0.4209292972874747</orientation>
      <time>8</time>
    </ksState>
    <ksState>
      <x>6.33008596318512</x>
      <y>-3.993288773473086</y>
      <steeringAngle>0.3198</steeringAngle>
      <velocity>4.800000000000002</velocity>
      <orientation>-0.35820019754552207</orientation>
      <time>9</time>
    </ksState>
    <ksState>
      <x>6.773867095568722</x>
      <y>-4.054868050503586</y>
      <steeringAngle>0.3553333333333332</steeringAngle>
      <velocity>4.000000000000001</velocity>
      <orientation>-0.2984103634973073</orientation>
      <time>10</time>
    </ksState>
    <ksState>
      <x>7.2206671090640775</x>
      <y>-4.089338922981223</y>
      <steeringAngle>0.31979999999999975</steeringAngle>
      <velocity>4.800000000000001</velocity>
      <orientation>-0.23862052846555876</orientation>
      <time>11</time>
    </ksState>
    <ksState>
      <x>7.7478867880878095</x>
      <y>-4.108670175961439</y>
      <steeringAngle>0.28426666666666645</steeringAngle>
      <velocity>5.600000000000004</velocity>
      <orientation>-0.1758914283342352</orientation>
      <time>12</time>
    </ksState>
    <ksState>
      <x>8.354587757318077</x>
      <y>-4.10514485940312</y>
      <steeringAngle>0.2487333333333331</steeringAngle>
      <velocity>6.400000000000004</velocity>
      <orientation>-0.11246929164155933</orientation>
      <time>13</time>
    </ksState>
    <ksState>
      <x>9.039438407852298</x>
      <y>-4.0721599919208495</y>
      <steeringAngle>0.21319999999999992</steeringAngle>
      <velocity>7.200000000000004</velocity>
      <orientation>-0.05055220296376034</orientation>
      <time>14</time>
    </ksState>
    <ksState>
      <x>9.800946360581042</x>
      <y>-4.004911224790876</y>
      <steeringAngle>0.17766666666666656</steeringAngle>
      <velocity>8.000000000000004</velocity>
      <orientation>0.0076971266372048985</orientation>
      <time>15</time>
    </ksState>
    <ksState>
      <x>10.598105370524493</x>
      <y>-3.906852886715208</y>
      <steeringAngle>0.14213333333333336</steeringAngle>
      <velocity>8.0</velocity>
      <orientation>0.05773193818595333</orientation>
      <time>16</time>
    </ksState>
    <ksState>
      <x>11.39139194766354</x>
      <y>-3.789462011405654</y>
      <steeringAngle>0.1066000000000001</steeringAngle>
      <velocity>8.0</velocity>
      <orientation>0.09651579019295067</orientation>
      <time>17</time>
    </ksState>
    <ksState>
      <x>12.182115351495652</x>
      <y>-3.6615665855703177</y>
      <steeringAngle>0.07106666666666674</steeringAngle>
      <velocity>8.0</velocity>
      <orientation>0.12414826922263758</orientation>
      <time>18</time>
    </ksState>
    <ksState>
      <x>12.97191868968468</x>
      <y>-3.5318627397229583</y>
      <steeringAngle>0.035533333333333354</steeringAngle>
      <velocity>8.0</velocity>
      <orientation>0.14069978985166692</orientation>
      <time>19</time>
    </ksState>
    <ksState>
      <x>13.762496673488709</x>
      <y>-3.4089982923173547</y>
      <steeringAngle>2.0816681711721685e-17</steeringAngle>
      <velocity>8.0</velocity>
      <orientation>0.14621231631007175</orientation>
      <time>20</time>
    </ksState>
    <ksState>
      <x>14.555293619112188</x>
      <y>-3.3016615410106502</y>
      <steeringAngle>-0.03553333333333333</steeringAngle>
      <velocity>8.0</velocity>
      <orientation>0.14069978130723299</orientation>
      <time>21</time>
    </ksState>
    <ksState>
      <x>15.351291848826575</x>
      <y>-3.218644119157802</y>
      <steeringAngle>-0.07106666666666667</steeringAngle>
      <velocity>8.0</velocity>
      <orientation>0.12414826042696334</orientation>
      <time>22</time>
    </ksState>
    <ksState>
      <x>16.15064883479903</x>
      <y>-3.1688970428628065</y>
      <steeringAngle>-0.10659999999999997</steeringAngle>
      <velocity>8.0</velocity>
      <orientation>0.09651578113626844</orientation>
      <time>23</time>
    </ksState>
    <ksState>
      <x>16.952413961607483</x>
      <y>-3.1615298597193013</y>
      <steeringAngle>-0.1421333333333333</steeringAngle>
      <velocity>8.0</velocity>
      <orientation>0.05773192886353351</orientation>
      <time>24</time>
    </ksState>
    <ksState>
      <x>17.754205556199636</x>
      <y>-3.2057519772252734</y>
      <steeringAngle>-0.17766666666666667</steeringAngle>
      <velocity>8.0</velocity>
      <orientation>0.0076971166143788294</orientation>
      <time>25</time>
    </ksState>
    <ksState>
      <x>18.512954252638774</x>
      <y>-3.2864243996244795</y>
      <steeringAngle>-0.1421333333333334</steeringAngle>
      <velocity>7.2</velocity>
      <orientation>-0.0399302051312581</orientation>
      <time>26</time>
    </ksState>
    <ksState>
      <x>19.18917515856977</x>
      <y>-3.3722916659288478</y>
      <steeringAngle>-0.10660000000000011</steeringAngle>
      <velocity>6.4</velocity>
      <orientation>-0.07298977557922606</orientation>
      <time>27</time>
    </ksState>
    <ksState>
      <x>19.784594749648562</x>
      <y>-3.4522013085295153</y>
      <steeringAngle>-0.07106666666666674</steeringAngle>
      <velocity>5.600000000000001</velocity>
      <orientation>-0.09380672387311453</orientation>
      <time>28</time>
    </ksState>
    <ksState>
      <x>20.30048911814477</x>
      <y>-3.5193894888562642</y>
      <steeringAngle>-0.03553333333333339</steeringAngle>
      <velocity>4.800000000000001</velocity>
      <orientation>-0.10465733353077741</orientation>
      <time>29</time>
    </ksState>
    <ksState>
      <x>20.7375272842864</x>
      <y>-3.5706795122256096</y>
      <steeringAngle>-5.5294310796760726e-17</steeringAngle>
      <velocity>4.0</velocity>
      <orientation>-0.10778110936794297</orientation>
      <time>30</time>
    </ksState>
    <ksState>
      <x>21.17443860747291</x>
      <y>-3.6228916287881763</y>
      <steeringAngle>-0.035533333333333326</steeringAngle>
      <velocity>4.799999999999999</velocity>
      <orientation>-0.11090488803713378</orientation>
      <time>31</time>
    </ksState>
    <ksState>
      <x>21.689165739637666</x>
      <y>-3.698270702570131</y>
      <steeringAngle>-0.07106666666666667</steeringAngle>
      <velocity>5.599999999999998</velocity>
      <orientation>-0.12175549909830656</orientation>
      <time>32</time>
    </ksState>
    <ksState>
      <x>22.28007429630554</x>
      <y>-3.806282127472072</y>
      <steeringAngle>-0.10659999999999999</steeringAngle>
      <velocity>6.3999999999999995</velocity>
      <orientation>-0.14257244809863456</orientation>
      <time>33</time>
    </ksState>
    <ksState>
      <x>22.944088931296832</x>
      <y>-3.959916988892675</y>
      <steeringAngle>-0.14213333333333333</steeringAngle>
      <velocity>7.199999999999999</velocity>
      <orientation>-0.1756320190797997</orientation>
      <time>34</time>
    </ksState>
    <ksState>
      <x>23.675663234065564</x>
      <y>-4.17622249932206</y>
      <steeringAngle>-0.17766666666666664</steeringAngle>
      <velocity>7.9999999999999964</velocity>
      <orientation>-0.22325934116134633</orientation>
      <time>35</time>
    </ksState>
    <ksState>
      <x>24.395777145833062</x>
      <y>-4.428431432544433</y>
      <steeringAngle>-0.1421333333333334</steeringAngle>
      <velocity>7.2</velocity>
      <orientation>-0.27088666290698327</orientation>
      <time>36</time>
    </ksState>
    <ksState>
      <x>25.034367920272615</x>
      <y>-4.6668057599203046</y>
      <steeringAngle>-0.10660000000000011</steeringAngle>
      <velocity>6.4</velocity>
      <orientation>-0.3039462333549512</orientation>
      <time>37</time>
    </ksState>
    <ksState>
      <x>25.59566898844815</x>
      <y>-4.880884758213006</y>
      <steeringAngle>-0.07106666666666674</steeringAngle>
      <velocity>5.600000000000001</velocity>
      <orientation>-0.32476318164883966</orientation>
      <time>38</time>
    </ksState>
    <ksState>
      <x>26.082470776319003</x>
      <y>-5.064376577568058</y>
      <steeringAngle>-0.03553333333333339</steeringAngle>
      <velocity>4.800000000000001</velocity>
      <orientation>-0.3356137913065026</orientation>
      <time>39</time>
    </ksState>
    <ksState>
      <x>26.496151653191713</x>
      <y>-5.214342195893281</y>
      <steeringAngle>-5.5294310796760726e-17</steeringAngle>
      <velocity>4.0</velocity>
      <orientation>-0.3387375671436681</orientation>
      <time>40</time>
    </ksState>
    <ksState>
      <x>26.83691345334585</x>
      <y>-5.3304967062517825</y>
      <steeringAngle>0.03553333333333333</steeringAngle>
      <velocity>3.2</velocity>
      <orientation>-0.3363488187638755</orientation>
      <time>41</time>
    </ksState>
    <ksState>
      <x>27.104111541173673</x>
      <y>-5.414575806894542</y>
      <steeringAngle>0.07106666666666668</steeringAngle>
      <velocity>2.4</velocity>
      <orientation>-0.3306479037580789</orientation>
      <time>42</time>
    </ksState>
    <ksState>
      <x>27.29659979612352</x>
      <y>-5.469723334306943</y>
      <steeringAngle>0.10660000000000003</steeringAngle>
      <velocity>1.5999999999999994</velocity>
      <orientation>-0.3238323700133474</orientation>
      <time>43</time>
    </ksState>
    <ksState>
      <x>27.41303537214375</x>
      <y>-5.499869236731449</y>
      <steeringAngle>0.14213333333333342</steeringAngle>
      <velocity>0.7999999999999988</velocity>
      <orientation>-0.3181081085268677</orientation>
      <time>44</time>
    </ksState>
    <ksState>
      <x>27.452110460943803</x>
      <y>-5.509081089665234</y>
      <steeringAngle>0.17766666666666675</steeringAngle>
      <velocity>-1.5265566588595902e-15</velocity>
      <orientation>-0.3157006140523119</orientation>
      <time>45</time>
    </ksState>
    <ksState>
      <x>27.452110460943803</x>
      <y>-5.509081089665234</y>
      <steeringAngle>0.14213333333333336</steeringAngle>
      <velocity>0.0</velocity>
      <orientation>-0.3157006140523119</orientation>
      <time>46</time>
    </ksState>
    <ksState>
      <x>27.452110460943803</x>
      <y>-5.509081089665234</y>
      <steeringAngle>0.10660000000000001</steeringAngle>
      <velocity>0.0</velocity>
      <orientation>-0.3157006140523119</orientation>
      <time>47</time>
    </ksState>
    <ksState>
      <x>27.452110460943803</x>
      <y>-5.509081089665234</y>
      <steeringAngle>0.07106666666666668</steeringAngle>
      <velocity>0.0</velocity>
      <orientation>-0.3157006140523119</orientation>
      <time>48</time>
    </ksState>
    <ksState>
      <x>27.452110460943803</x>
      <y>-5.509081089665234</y>
      <steeringAngle>0.03553333333333333</steeringAngle>
      <velocity>0.0</velocity>
      <orientation>-0.3157006140523119</orientation>
      <time>49</time>
    </ksState>
    <ksState>
      <x>27.452110460943803</x>
      <y>-5.509081089665234</y>
      <steeringAngle>0.0</steeringAngle>
      <velocity>0.0</velocity>
      <orientation>-0.3157006140523119</orientation>
      <time>50</time>
    </ksState>
    <ksState>
      <x>27.452110460943803</x>
      <y>-5.509081089665234</y>
      <steeringAngle>0.0</steeringAngle>
      <velocity>0.0</velocity>
      <orientation>-0.3157006140523119</orientation>
      <time>51</time>
    </ksState>
    <ksState>
      <x>27.452110460943803</x>
      <y>-5.509081089665234</y>
      <steeringAngle>0.0</steeringAngle>
      <velocity>0.0</velocity>
      <orientation>-0.3157006140523119</orientation>
      <time>52</time>
    </ksState>
    <ksState>
      <x>27.452110460943803</x>
      <y>-5.509081089665234</y>
      <steeringAngle>0.0</steeringAngle>
      <velocity>0.0</velocity>
      <orientation>-0.3157006140523119</orientation>
      <time>53</time>
    </ksState>
    <ksState>
      <x>27.452110460943803</x>
      <y>-5.509081089665234</y>
      <steeringAngle>0.0</steeringAngle>
      <velocity>0.0</velocity>
      <orientation>-0.3157006140523119</orientation>
      <time>54</time>
    </ksState>
    <ksState>
      <x>27.452110460943803</x>
      <y>-5.509081089665234</y>
      <steeringAngle>0.0</steeringAngle>
      <velocity>0.0</velocity>
      <orientation>-0.3157006140523119</orientation>
      <time>55</time>
    </ksState>
    <ksState>
      <x>27.452110460943803</x>
      <y>-5.509081089665234</y>
      <steeringAngle>0.0</steeringAngle>
      <velocity>0.0</velocity>
      <orientation>-0.3157006140523119</orientation>
      <time>56</time>
    </ksState>
    <ksState>
      <x>27.452110460943803</x>
      <y>-5.509081089665234</y>
      <steeringAngle>0.0</steeringAngle>
      <velocity>0.0</velocity>
      <orientation>-0.3157006140523119</orientation>
      <time>57</time>
    </ksState>
    <ksState>
      <x>27.452110460943803</x>
      <y>-5.509081089665234</y>
      <steeringAngle>0.0</steeringAngle>
      <velocity>0.0</velocity>
      <orientation>-0.3157006140523119</orientation>
      <time>58</time>
    </ksState>
    <ksState>
      <x>27.452110460943803</x>
      <y>-5.509081089665234</y>
      <steeringAngle>0.0</steeringAngle>
      <velocity>0.0</velocity>
      <orientation>-0.3157006140523119</orientation>
      <time>59</time>
    </ksState>
    <ksState>
      <x>27.452110460943803</x>
      <y>-5.509081089665234</y>
      <steeringAngle>0.0</steeringAngle>
      <velocity>0.0</velocity>
      <orientation>-0.3157006140523119</orientation>
      <time>60</time>
    </ksState>
    <ksState>
      <x>27.452110460943803</x>
      <y>-5.509081089665234</y>
      <steeringAngle>0.0</steeringAngle>
      <velocity>0.0</velocity>
      <orientation>-0.3157006140523119</orientation>
      <time>61</time>
    </ksState>
    <ksState>
      <x>27.452110460943803</x>
      <y>-5.509081089665234</y>
      <steeringAngle>0.0</steeringAngle>
      <velocity>0.0</velocity>
      <orientation>-0.3157006140523119</orientation>
      <time>62</time>
    </ksState>
    <ksState>
      <x>27.452110460943803</x>
      <y>-5.509081089665234</y>
      <steeringAngle>0.0</steeringAngle>
      <velocity>0.0</velocity>
      <orientation>-0.3157006140523119</orientation>
      <time>63</time>
    </ksState>
    <ksState>
      <x>27.452110460943803</x>
      <y>-5.509081089665234</y>
      <steeringAngle>0.0</steeringAngle>
      <velocity>0.0</velocity>
      <orientation>-0.3157006140523119</orientation>
      <time>64</time>
    </ksState>
    <ksState>
      <x>27.452110460943803</x>
      <y>-5.509081089665234</y>
      <steeringAngle>0.0</steeringAngle>
      <velocity>0.0</velocity>
      <orientation>-0.3157006140523119</orientation>
      <time>65</time>
    </ksState>
    <ksState>
      <x>27.452110460943803</x>
      <y>-5.509081089665234</y>
      <steeringAngle>0.0</steeringAngle>
      <velocity>0.0</velocity>
      <orientation>-0.3157006140523119</orientation>
      <time>66</time>
    </ksState>
    <ksState>
      <x>27.452110460943803</x>
      <y>-5.509081089665234</y>
      <steeringAngle>0.0</steeringAngle>
      <velocity>0.0</velocity>
      <orientation>-0.3157006140523119</orientation>
      <time>67</time>
    </ksState>
    <ksState>
      <x>27.452110460943803</x>
      <y>-5.509081089665234</y>
      <steeringAngle>0.0</steeringAngle>
      <velocity>0.0</velocity>
      <orientation>-0.3157006140523119</orientation>
      <time>68</time>
    </ksState>
    <ksState>
      <x>27.452110460943803</x>
      <y>-5.509081089665234</y>
      <steeringAngle>0.0</steeringAngle>
      <velocity>0.0</velocity>
      <orientation>-0.3157006140523119</orientation>
      <time>69</time>
    </ksState>
    <ksState>
      <x>27.452110460943803</x>
      <y>-5.509081089665234</y>
      <steeringAngle>0.0</steeringAngle>
      <velocity>0.0</velocity>
      <orientation>-0.3157006140523119</orientation>
      <time>70</time>
    </ksState>
    <ksState>
      <x>27.452110460943803</x>
      <y>-5.509081089665234</y>
      <steeringAngle>0.0</steeringAngle>
      <velocity>0.0</velocity>
      <orientation>-0.3157006140523119</orientation>
      <time>71</time>
    </ksState>
    <ksState>
      <x>27.452110460943803</x>
      <y>-5.509081089665234</y>
      <steeringAngle>0.0</steeringAngle>
      <velocity>0.0</velocity>
      <orientation>-0.3157006140523119</orientation>
      <time>72</time>
    </ksState>
    <ksState>
      <x>27.452110460943803</x>
      <y>-5.509081089665234</y>
      <steeringAngle>0.0</steeringAngle>
      <velocity>0.0</velocity>
      <orientation>-0.3157006140523119</orientation>
      <time>73</time>
    </ksState>
    <ksState>
      <x>27.452110460943803</x>
      <y>-5.509081089665234</y>
      <steeringAngle>0.0</steeringAngle>
      <velocity>0.0</velocity>
      <orientation>-0.3157006140523119</orientation>
      <time>74</time>
    </ksState>
    <ksState>
      <x>27.452110460943803</x>
      <y>-5.509081089665234</y>
      <steeringAngle>0.0</steeringAngle>
      <velocity>0.0</velocity>
      <orientation>-0.3157006140523119</orientation>
      <time>75</time>
    </ksState>
    <ksState>
      <x>27.452110460943803</x>
      <y>-5.509081089665234</y>
      <steeringAngle>0.0</steeringAngle>
      <velocity>0.0</velocity>
      <orientation>-0.3157006140523119</orientation>
      <time>76</time>
    </ksState>
    <ksState>
      <x>27.452110460943803</x>
      <y>-5.509081089665234</y>
      <steeringAngle>0.0</steeringAngle>
      <velocity>0.0</velocity>
      <orientation>-0.3157006140523119</orientation>
      <time>77</time>
    </ksState>
    <ksState>
      <x>27.452110460943803</x>
      <y>-5.509081089665234</y>
      <steeringAngle>0.0</steeringAngle>
      <velocity>0.0</velocity>
      <orientation>-0.3157006140523119</orientation>
      <time>78</time>
    </ksState>
    <ksState>
      <x>27.452110460943803</x>
      <y>-5.509081089665234</y>
      <steeringAngle>0.0</steeringAngle>
      <velocity>0.0</velocity>
      <orientation>-0.3157006140523119</orientation>
      <time>79</time>
    </ksState>
    <ksState>
      <x>27.452110460943803</x>
      <y>-5.509081089665234</y>
      <steeringAngle>0.0</steeringAngle>
      <velocity>0.0</velocity>
      <orientation>-0.3157006140523119</orientation>
      <time>80</time>
    </ksState>
  </ksTrajectory>
</CommonRoadSolution>
