<?xml version="1.0" ?>
<CommonRoadSolution benchmark_id="KS2:SM1:HRV_Pula-24_1_T-1:2020a" computation_time="1.316026131000399" date="2023-01-12T15:00:04">
  <ksTrajectory planningProblem="1">
    <ksState>
      <x>705.99792</x>
      <y>-1017.1434</y>
      <steeringAngle>0.0</steeringAngle>
      <velocity>4.0</velocity>
      <orientation>0.7222551</orientation>
      <time>0</time>
    </ksState>
    <ksState>
      <x>706.3008777265437</x>
      <y>-1016.8821904504587</y>
      <steeringAngle>-0.035533333333333326</steeringAngle>
      <velocity>4.0</velocity>
      <orientation>0.7194988254673996</orientation>
      <time>1</time>
    </ksState>
    <ksState>
      <x>706.6104210771656</x>
      <y>-1016.6285839033595</y>
      <steeringAngle>-0.07106666666666711</steeringAngle>
      <velocity>4.0</velocity>
      <orientation>0.7112230649241142</orientation>
      <time>2</time>
    </ksState>
    <ksState>
      <x>706.9278486211224</x>
      <y>-1016.3844194169511</y>
      <steeringAngle>-0.10660000000000043</steeringAngle>
      <velocity>4.0</velocity>
      <orientation>0.6974068251049774</orientation>
      <time>3</time>
    </ksState>
    <ksState>
      <x>707.254318285729</x>
      <y>-1016.151689140449</y>
      <steeringAngle>-0.14213333333333378</steeringAngle>
      <velocity>4.0</velocity>
      <orientation>0.6780148987194315</orientation>
      <time>4</time>
    </ksState>
    <ksState>
      <x>707.5908117848101</x>
      <y>-1015.932561032822</y>
      <steeringAngle>-0.1776666666666672</steeringAngle>
      <velocity>4.0</velocity>
      <orientation>0.6529974922680342</orientation>
      <time>5</time>
    </ksState>
    <ksState>
      <x>707.9007680932145</x>
      <y>-1015.746035044654</y>
      <steeringAngle>-0.17766666666666667</steeringAngle>
      <velocity>3.2000000000000006</velocity>
      <orientation>0.6279320529998565</orientation>
      <time>6</time>
    </ksState>
    <ksState>
      <x>708.145019990835</x>
      <y>-1015.6063646885358</y>
      <steeringAngle>-0.17766666666666667</steeringAngle>
      <velocity>2.4000000000000012</velocity>
      <orientation>0.6084367113698268</orientation>
      <time>7</time>
    </ksState>
    <ksState>
      <x>708.321129657719</x>
      <y>-1015.5095285636276</y>
      <steeringAngle>-0.17766666666666667</steeringAngle>
      <velocity>1.6000000000000005</velocity>
      <orientation>0.5945114673708458</orientation>
      <time>8</time>
    </ksState>
    <ksState>
      <x>708.4274367061439</x>
      <y>-1015.4526073202971</y>
      <steeringAngle>-0.17766666666666667</steeringAngle>
      <velocity>0.8000000000000004</velocity>
      <orientation>0.5861563210000917</orientation>
      <time>9</time>
    </ksState>
    <ksState>
      <x>708.462977621656</x>
      <y>-1015.4338312067073</y>
      <steeringAngle>-0.17766666666666667</steeringAngle>
      <velocity>2.7755575615628914e-16</velocity>
      <orientation>0.5833712722538763</orientation>
      <time>10</time>
    </ksState>
    <ksState>
      <x>708.4982726438678</x>
      <y>-1015.4147000047099</y>
      <steeringAngle>-0.14213333333333333</steeringAngle>
      <velocity>0.8</velocity>
      <orientation>0.5809637750430738</orientation>
      <time>11</time>
    </ksState>
    <ksState>
      <x>708.6032318344962</x>
      <y>-1015.355962266953</y>
      <steeringAngle>-0.10660000000000001</steeringAngle>
      <velocity>1.6</velocity>
      <orientation>0.5752394884227392</orientation>
      <time>12</time>
    </ksState>
    <ksState>
      <x>708.7766860784869</x>
      <y>-1015.2559203533432</y>
      <steeringAngle>-0.07106666666666664</steeringAngle>
      <velocity>2.4000000000000004</velocity>
      <orientation>0.5684239746597605</orientation>
      <time>13</time>
    </ksState>
    <ksState>
      <x>709.017479280856</x>
      <y>-1015.1127922117693</y>
      <steeringAngle>-0.03553333333333332</steeringAngle>
      <velocity>3.1999999999999993</velocity>
      <orientation>0.5627230539468308</orientation>
      <time>14</time>
    </ksState>
    <ksState>
      <x>709.3240870468184</x>
      <y>-1014.924101531768</y>
      <steeringAngle>2.6020852139652106e-18</steeringAngle>
      <velocity>3.999999999999999</velocity>
      <orientation>0.5603343023585038</orientation>
      <time>15</time>
    </ksState>
    <ksState>
      <x>709.6968011419135</x>
      <y>-1014.690254991871</y>
      <steeringAngle>0.0</steeringAngle>
      <velocity>4.8</velocity>
      <orientation>0.5603343023585038</orientation>
      <time>16</time>
    </ksState>
    <ksState>
      <x>710.1372814359969</x>
      <y>-1014.4138908993409</y>
      <steeringAngle>0.0</steeringAngle>
      <velocity>5.6</velocity>
      <orientation>0.5603343023585038</orientation>
      <time>17</time>
    </ksState>
    <ksState>
      <x>710.645527929055</x>
      <y>-1014.0950092541859</y>
      <steeringAngle>0.0</steeringAngle>
      <velocity>6.4</velocity>
      <orientation>0.5603343023585038</orientation>
      <time>18</time>
    </ksState>
    <ksState>
      <x>711.2215406210798</x>
      <y>-1013.7336100564113</y>
      <steeringAngle>0.0</steeringAngle>
      <velocity>7.199999999999999</velocity>
      <orientation>0.5603343023585038</orientation>
      <time>19</time>
    </ksState>
    <ksState>
      <x>711.8653195120664</x>
      <y>-1013.3296933060199</y>
      <steeringAngle>0.0</steeringAngle>
      <velocity>7.999999999999998</velocity>
      <orientation>0.5603343023585038</orientation>
      <time>20</time>
    </ksState>
    <ksState>
      <x>712.5090984014751</x>
      <y>-1012.9257765566185</y>
      <steeringAngle>0.0</steeringAngle>
      <velocity>7.200000000000001</velocity>
      <orientation>0.5603343023585038</orientation>
      <time>21</time>
    </ksState>
    <ksState>
      <x>713.0851110916844</x>
      <y>-1012.5643773599829</y>
      <steeringAngle>0.0</steeringAngle>
      <velocity>6.400000000000001</velocity>
      <orientation>0.5603343023585038</orientation>
      <time>22</time>
    </ksState>
    <ksState>
      <x>713.5933575828642</x>
      <y>-1012.2454957160065</y>
      <steeringAngle>0.0</steeringAngle>
      <velocity>5.600000000000001</velocity>
      <orientation>0.5603343023585038</orientation>
      <time>23</time>
    </ksState>
    <ksState>
      <x>714.0338378750621</x>
      <y>-1011.9691316246593</y>
      <steeringAngle>0.0</steeringAngle>
      <velocity>4.800000000000001</velocity>
      <orientation>0.5603343023585038</orientation>
      <time>24</time>
    </ksState>
    <ksState>
      <x>714.4065519682957</x>
      <y>-1011.7352850859303</y>
      <steeringAngle>0.0</steeringAngle>
      <velocity>4.000000000000001</velocity>
      <orientation>0.5603343023585038</orientation>
      <time>25</time>
    </ksState>
    <ksState>
      <x>714.7134520555226</x>
      <y>-1011.5470755984408</y>
      <steeringAngle>-0.03553333333333333</steeringAngle>
      <velocity>3.2</velocity>
      <orientation>0.5579455539787113</orientation>
      <time>26</time>
    </ksState>
    <ksState>
      <x>714.9556370058007</x>
      <y>-1011.4063255960872</y>
      <steeringAngle>-0.07106666666666668</steeringAngle>
      <velocity>2.4</velocity>
      <orientation>0.5522446389729146</orientation>
      <time>27</time>
    </ksState>
    <ksState>
      <x>715.1312977475468</x>
      <y>-1011.3102200193366</y>
      <steeringAngle>-0.10660000000000003</steeringAngle>
      <velocity>1.5999999999999994</velocity>
      <orientation>0.5454291052281831</orientation>
      <time>28</time>
    </ksState>
    <ksState>
      <x>715.2382605164471</x>
      <y>-1011.2552201569246</y>
      <steeringAngle>-0.14213333333333342</steeringAngle>
      <velocity>0.7999999999999988</velocity>
      <orientation>0.5397048437417035</orientation>
      <time>29</time>
    </ksState>
    <ksState>
      <x>715.2743554804335</x>
      <y>-1011.2376453347626</y>
      <steeringAngle>-0.17766666666666675</steeringAngle>
      <velocity>-1.5265566588595902e-15</velocity>
      <orientation>0.5372973492671476</orientation>
      <time>30</time>
    </ksState>
    <ksState>
      <x>715.2743554804335</x>
      <y>-1011.2376453347626</y>
      <steeringAngle>-0.14213333333333336</steeringAngle>
      <velocity>0.0</velocity>
      <orientation>0.5372973492671476</orientation>
      <time>31</time>
    </ksState>
    <ksState>
      <x>715.2743554804335</x>
      <y>-1011.2376453347626</y>
      <steeringAngle>-0.10660000000000001</steeringAngle>
      <velocity>0.0</velocity>
      <orientation>0.5372973492671476</orientation>
      <time>32</time>
    </ksState>
    <ksState>
      <x>715.2743554804335</x>
      <y>-1011.2376453347626</y>
      <steeringAngle>-0.07106666666666668</steeringAngle>
      <velocity>0.0</velocity>
      <orientation>0.5372973492671476</orientation>
      <time>33</time>
    </ksState>
  </ksTrajectory>
</CommonRoadSolution>
