<?xml version="1.0" ?>
<CommonRoadSolution benchmark_id="KS2:SM1:FRA_Miramas-3_1_T-1:2020a" computation_time="1.4918965309998384" date="2023-01-12T15:00:04">
  <ksTrajectory planningProblem="1">
    <ksState>
      <x>-172.0663</x>
      <y>266.165</y>
      <steeringAngle>0.0</steeringAngle>
      <velocity>12.0</velocity>
      <orientation>-1.5284532</orientation>
      <time>0</time>
    </ksState>
    <ksState>
      <x>-172.0029329819097</x>
      <y>265.00669572618636</y>
      <steeringAngle>0.03553333333333333</steeringAngle>
      <velocity>11.200000000000001</velocity>
      <orientation>-1.520551926227656</orientation>
      <time>1</time>
    </ksState>
    <ksState>
      <x>-171.90643730421507</x>
      <y>263.9306114336239</y>
      <steeringAngle>0.07106666666666667</steeringAngle>
      <velocity>10.400000000000007</velocity>
      <orientation>-1.498299495429166</orientation>
      <time>2</time>
    </ksState>
    <ksState>
      <x>-171.76918336012156</x>
      <y>262.9389710525988</y>
      <steeringAngle>0.10660000000000001</steeringAngle>
      <velocity>9.60000000000001</velocity>
      <orientation>-1.4638514845444943</orientation>
      <time>3</time>
    </ksState>
    <ksState>
      <x>-171.58884952011198</x>
      <y>262.0347453895765</y>
      <steeringAngle>0.14213333333333344</steeringAngle>
      <velocity>8.800000000000008</velocity>
      <orientation>-1.4193433524236494</orientation>
      <time>4</time>
    </ksState>
    <ksState>
      <x>-171.36779450556787</x>
      <y>261.22110267056155</y>
      <steeringAngle>0.17766666666666675</steeringAngle>
      <velocity>8.000000000000009</velocity>
      <orientation>-1.366901054608668</orientation>
      <time>5</time>
    </ksState>
    <ksState>
      <x>-171.12100320184223</x>
      <y>260.4984508201716</y>
      <steeringAngle>0.17766666666666667</steeringAngle>
      <velocity>7.2</velocity>
      <orientation>-1.3139851271642906</orientation>
      <time>6</time>
    </ksState>
    <ksState>
      <x>-170.86806124033407</x>
      <y>259.86373003819</y>
      <steeringAngle>0.17766666666666667</steeringAngle>
      <velocity>6.4</velocity>
      <orientation>-1.2666392973714795</orientation>
      <time>7</time>
    </ksState>
    <ksState>
      <x>-170.62014567192367</x>
      <y>259.3141688283521</y>
      <steeringAngle>0.17766666666666667</steeringAngle>
      <velocity>5.599999999999999</velocity>
      <orientation>-1.2248635652162947</orientation>
      <time>8</time>
    </ksState>
    <ksState>
      <x>-170.3868785389569</x>
      <y>258.84661141263456</y>
      <steeringAngle>0.17766666666666667</steeringAngle>
      <velocity>4.799999999999999</velocity>
      <orientation>-1.1886579306947802</orientation>
      <time>9</time>
    </ksState>
    <ksState>
      <x>-170.17638603498148</x>
      <y>258.4577961219553</y>
      <steeringAngle>0.17766666666666667</steeringAngle>
      <velocity>4.0</velocity>
      <orientation>-1.1580223938054501</orientation>
      <time>10</time>
    </ksState>
    <ksState>
      <x>-169.97876603664594</x>
      <y>258.108198963198</y>
      <steeringAngle>0.1421333333333333</steeringAngle>
      <velocity>4.0</velocity>
      <orientation>-1.133004987460927</orientation>
      <time>11</time>
    </ksState>
    <ksState>
      <x>-169.78064759658167</x>
      <y>257.7596082325562</y>
      <steeringAngle>0.10659999999999999</steeringAngle>
      <velocity>4.0</velocity>
      <orientation>-1.1136130611701762</orientation>
      <time>12</time>
    </ksState>
    <ksState>
      <x>-169.58386191832253</x>
      <y>257.41080098233505</y>
      <steeringAngle>0.07106666666666664</steeringAngle>
      <velocity>4.0</velocity>
      <orientation>-1.0997968214352234</orientation>
      <time>13</time>
    </ksState>
    <ksState>
      <x>-169.39024457280345</x>
      <y>257.06058052788075</y>
      <steeringAngle>0.03553333333333332</steeringAngle>
      <velocity>4.0</velocity>
      <orientation>-1.091521060972958</orientation>
      <time>14</time>
    </ksState>
    <ksState>
      <x>-169.20166119657827</x>
      <y>256.7078015371102</y>
      <steeringAngle>-2.2985086056692694e-17</steeringAngle>
      <velocity>4.0</velocity>
      <orientation>-1.0887647976781176</orientation>
      <time>15</time>
    </ksState>
    <ksState>
      <x>-169.01622912561527</x>
      <y>256.3533795470216</y>
      <steeringAngle>0.0</steeringAngle>
      <velocity>4.0</velocity>
      <orientation>-1.0887647976781176</orientation>
      <time>16</time>
    </ksState>
    <ksState>
      <x>-168.83079705465224</x>
      <y>255.99895755693296</y>
      <steeringAngle>0.0</steeringAngle>
      <velocity>4.0</velocity>
      <orientation>-1.0887647976781176</orientation>
      <time>17</time>
    </ksState>
    <ksState>
      <x>-168.64536498368923</x>
      <y>255.64453556684435</y>
      <steeringAngle>0.0</steeringAngle>
      <velocity>4.0</velocity>
      <orientation>-1.0887647976781176</orientation>
      <time>18</time>
    </ksState>
    <ksState>
      <x>-168.4599329127262</x>
      <y>255.29011357675574</y>
      <steeringAngle>0.0</steeringAngle>
      <velocity>4.0</velocity>
      <orientation>-1.0887647976781176</orientation>
      <time>19</time>
    </ksState>
    <ksState>
      <x>-168.2745008417632</x>
      <y>254.9356915866672</y>
      <steeringAngle>0.0</steeringAngle>
      <velocity>4.0</velocity>
      <orientation>-1.0887647976781176</orientation>
      <time>20</time>
    </ksState>
    <ksState>
      <x>-168.10435328143475</x>
      <y>254.6184215401214</y>
      <steeringAngle>0.03553333333333333</steeringAngle>
      <velocity>3.2</velocity>
      <orientation>-1.086376049298325</orientation>
      <time>21</time>
    </ksState>
    <ksState>
      <x>-167.96616562352676</x>
      <y>254.37476546179448</y>
      <steeringAngle>0.07106666666666668</steeringAngle>
      <velocity>2.4</velocity>
      <orientation>-1.0806751342925285</orientation>
      <time>22</time>
    </ksState>
    <ksState>
      <x>-167.8629194738569</x>
      <y>254.2032043629064</y>
      <steeringAngle>0.10660000000000003</steeringAngle>
      <velocity>1.5999999999999994</velocity>
      <orientation>-1.073859600547797</orientation>
      <time>23</time>
    </ksState>
    <ksState>
      <x>-167.79827623635563</x>
      <y>254.10177817969168</y>
      <steeringAngle>0.14213333333333342</steeringAngle>
      <velocity>0.7999999999999988</velocity>
      <orientation>-1.0681353390613173</orientation>
      <time>24</time>
    </ksState>
    <ksState>
      <x>-167.77596549367732</x>
      <y>254.06840226681504</y>
      <steeringAngle>0.17766666666666675</steeringAngle>
      <velocity>-1.5265566588595902e-15</velocity>
      <orientation>-1.0657278445867615</orientation>
      <time>25</time>
    </ksState>
    <ksState>
      <x>-167.77596549367732</x>
      <y>254.06840226681504</y>
      <steeringAngle>0.14213333333333336</steeringAngle>
      <velocity>0.0</velocity>
      <orientation>-1.0657278445867615</orientation>
      <time>26</time>
    </ksState>
    <ksState>
      <x>-167.77596549367732</x>
      <y>254.06840226681504</y>
      <steeringAngle>0.10660000000000001</steeringAngle>
      <velocity>0.0</velocity>
      <orientation>-1.0657278445867615</orientation>
      <time>27</time>
    </ksState>
    <ksState>
      <x>-167.77596549367732</x>
      <y>254.06840226681504</y>
      <steeringAngle>0.07106666666666668</steeringAngle>
      <velocity>0.0</velocity>
      <orientation>-1.0657278445867615</orientation>
      <time>28</time>
    </ksState>
    <ksState>
      <x>-167.77596549367732</x>
      <y>254.06840226681504</y>
      <steeringAngle>0.03553333333333333</steeringAngle>
      <velocity>0.0</velocity>
      <orientation>-1.0657278445867615</orientation>
      <time>29</time>
    </ksState>
    <ksState>
      <x>-167.77596549367732</x>
      <y>254.06840226681504</y>
      <steeringAngle>0.0</steeringAngle>
      <velocity>0.0</velocity>
      <orientation>-1.0657278445867615</orientation>
      <time>30</time>
    </ksState>
    <ksState>
      <x>-167.77596549367732</x>
      <y>254.06840226681504</y>
      <steeringAngle>0.0</steeringAngle>
      <velocity>0.0</velocity>
      <orientation>-1.0657278445867615</orientation>
      <time>31</time>
    </ksState>
    <ksState>
      <x>-167.77596549367732</x>
      <y>254.06840226681504</y>
      <steeringAngle>0.0</steeringAngle>
      <velocity>0.0</velocity>
      <orientation>-1.0657278445867615</orientation>
      <time>32</time>
    </ksState>
    <ksState>
      <x>-167.77596549367732</x>
      <y>254.06840226681504</y>
      <steeringAngle>0.0</steeringAngle>
      <velocity>0.0</velocity>
      <orientation>-1.0657278445867615</orientation>
      <time>33</time>
    </ksState>
  </ksTrajectory>
</CommonRoadSolution>
