<?xml version="1.0" ?>
<CommonRoadSolution benchmark_id="KS2:SM1:DEU_Muehlhausen-14_3_T-1:2020a" computation_time="1.4986815720003506" date="2023-01-12T15:00:04">
  <ksTrajectory planningProblem="1">
    <ksState>
      <x>-102.32194</x>
      <y>188.1976</y>
      <steeringAngle>0.0</steeringAngle>
      <velocity>8.0</velocity>
      <orientation>-1.8026654</orientation>
      <time>0</time>
    </ksState>
    <ksState>
      <x>-102.49670862695973</x>
      <y>187.4168925629907</y>
      <steeringAngle>0.03553333333333333</steeringAngle>
      <velocity>8.0</velocity>
      <orientation>-1.797152864997161</orientation>
      <time>1</time>
    </ksState>
    <ksState>
      <x>-102.64752096278019</x>
      <y>186.6309150102553</y>
      <steeringAngle>0.07106666666666667</steeringAngle>
      <velocity>8.0</velocity>
      <orientation>-1.7806013441168915</orientation>
      <time>2</time>
    </ksState>
    <ksState>
      <x>-102.76547228051227</x>
      <y>185.83874466918712</y>
      <steeringAngle>0.10659999999999997</steeringAngle>
      <velocity>8.0</velocity>
      <orientation>-1.7529688648261967</orientation>
      <time>3</time>
    </ksState>
    <ksState>
      <x>-102.84140510377573</x>
      <y>185.04054932949583</y>
      <steeringAngle>0.1421333333333333</steeringAngle>
      <velocity>8.0</velocity>
      <orientation>-1.7141850125534617</orientation>
      <time>4</time>
    </ksState>
    <ksState>
      <x>-102.86594003248781</x>
      <y>184.23791404861888</y>
      <steeringAngle>0.17766666666666667</steeringAngle>
      <velocity>8.0</velocity>
      <orientation>-1.6641502003043072</orientation>
      <time>5</time>
    </ksState>
    <ksState>
      <x>-102.84162985797678</x>
      <y>183.4746705357858</y>
      <steeringAngle>0.17766666666666667</steeringAngle>
      <velocity>7.2</velocity>
      <orientation>-1.6112342728599298</orientation>
      <time>6</time>
    </ksState>
    <ksState>
      <x>-102.7856845304383</x>
      <y>182.79370047234863</y>
      <steeringAngle>0.17766666666666667</steeringAngle>
      <velocity>6.4</velocity>
      <orientation>-1.5638884430671185</orientation>
      <time>7</time>
    </ksState>
    <ksState>
      <x>-102.70960268679141</x>
      <y>182.1956275625073</y>
      <steeringAngle>0.17766666666666667</steeringAngle>
      <velocity>5.599999999999999</velocity>
      <orientation>-1.522112710911934</orientation>
      <time>8</time>
    </ksState>
    <ksState>
      <x>-102.62350870177299</x>
      <y>181.68025263290886</y>
      <steeringAngle>0.17766666666666667</steeringAngle>
      <velocity>4.799999999999999</velocity>
      <orientation>-1.4859070763904194</orientation>
      <time>9</time>
    </ksState>
    <ksState>
      <x>-102.53612771511328</x>
      <y>181.24683714210792</y>
      <steeringAngle>0.17766666666666667</steeringAngle>
      <velocity>4.0</velocity>
      <orientation>-1.4552715395010893</orientation>
      <time>10</time>
    </ksState>
    <ksState>
      <x>-102.44956807892818</x>
      <y>180.85469014602506</y>
      <steeringAngle>0.1421333333333333</steeringAngle>
      <velocity>4.0</velocity>
      <orientation>-1.4302541331565661</orientation>
      <time>11</time>
    </ksState>
    <ksState>
      <x>-102.36223708593614</x>
      <y>180.463359452818</y>
      <steeringAngle>0.10659999999999999</steeringAngle>
      <velocity>4.0</velocity>
      <orientation>-1.4108622068658154</orientation>
      <time>12</time>
    </ksState>
    <ksState>
      <x>-102.27624382421303</x>
      <y>180.07221208939475</y>
      <steeringAngle>0.07106666666666664</steeringAngle>
      <velocity>4.0</velocity>
      <orientation>-1.3970459671308626</orientation>
      <time>13</time>
    </ksState>
    <ksState>
      <x>-102.19369386549589</x>
      <y>179.68064147313268</y>
      <steeringAngle>0.03553333333333332</steeringAngle>
      <velocity>4.0</velocity>
      <orientation>-1.3887702066685972</orientation>
      <time>14</time>
    </ksState>
    <ksState>
      <x>-102.11670648792621</x>
      <y>179.28809892790667</y>
      <steeringAngle>-2.2985086056692694e-17</steeringAngle>
      <velocity>4.0</velocity>
      <orientation>-1.3860139433737568</orientation>
      <time>15</time>
    </ksState>
    <ksState>
      <x>-102.04321343754619</x>
      <y>178.89490842503835</y>
      <steeringAngle>0.0</steeringAngle>
      <velocity>4.0</velocity>
      <orientation>-1.3860139433737568</orientation>
      <time>16</time>
    </ksState>
    <ksState>
      <x>-101.96972038716616</x>
      <y>178.50171792217003</y>
      <steeringAngle>0.0</steeringAngle>
      <velocity>4.0</velocity>
      <orientation>-1.3860139433737568</orientation>
      <time>17</time>
    </ksState>
    <ksState>
      <x>-101.89622733678614</x>
      <y>178.10852741930174</y>
      <steeringAngle>0.0</steeringAngle>
      <velocity>4.0</velocity>
      <orientation>-1.3860139433737568</orientation>
      <time>18</time>
    </ksState>
    <ksState>
      <x>-101.82273428640612</x>
      <y>177.71533691643342</y>
      <steeringAngle>0.0</steeringAngle>
      <velocity>4.0</velocity>
      <orientation>-1.3860139433737568</orientation>
      <time>19</time>
    </ksState>
    <ksState>
      <x>-101.7492412360261</x>
      <y>177.3221464135651</y>
      <steeringAngle>0.0</steeringAngle>
      <velocity>4.0</velocity>
      <orientation>-1.3860139433737568</orientation>
      <time>20</time>
    </ksState>
    <ksState>
      <x>-101.67948093276958</x>
      <y>176.96895528285756</y>
      <steeringAngle>0.03553333333333333</steeringAngle>
      <velocity>3.2</velocity>
      <orientation>-1.3836251949939642</orientation>
      <time>21</time>
    </ksState>
    <ksState>
      <x>-101.61871808003634</x>
      <y>176.69551061015127</y>
      <steeringAngle>0.07106666666666668</steeringAngle>
      <velocity>2.4</velocity>
      <orientation>-1.3779242799881677</orientation>
      <time>22</time>
    </ksState>
    <ksState>
      <x>-101.57024842602083</x>
      <y>176.50123330650268</y>
      <steeringAngle>0.10660000000000003</steeringAngle>
      <velocity>1.5999999999999994</velocity>
      <orientation>-1.3711087462434361</orientation>
      <time>23</time>
    </ksState>
    <ksState>
      <x>-101.53814689197019</x>
      <y>176.38532165778804</y>
      <steeringAngle>0.14213333333333342</steeringAngle>
      <velocity>0.7999999999999988</velocity>
      <orientation>-1.3653844847569565</orientation>
      <time>24</time>
    </ksState>
    <ksState>
      <x>-101.52659007676564</x>
      <y>176.3468748006794</y>
      <steeringAngle>0.17766666666666675</steeringAngle>
      <velocity>-1.5265566588595902e-15</velocity>
      <orientation>-1.3629769902824007</orientation>
      <time>25</time>
    </ksState>
    <ksState>
      <x>-101.52659007676564</x>
      <y>176.3468748006794</y>
      <steeringAngle>0.14213333333333336</steeringAngle>
      <velocity>0.0</velocity>
      <orientation>-1.3629769902824007</orientation>
      <time>26</time>
    </ksState>
    <ksState>
      <x>-101.52659007676564</x>
      <y>176.3468748006794</y>
      <steeringAngle>0.10660000000000001</steeringAngle>
      <velocity>0.0</velocity>
      <orientation>-1.3629769902824007</orientation>
      <time>27</time>
    </ksState>
    <ksState>
      <x>-101.52659007676564</x>
      <y>176.3468748006794</y>
      <steeringAngle>0.07106666666666668</steeringAngle>
      <velocity>0.0</velocity>
      <orientation>-1.3629769902824007</orientation>
      <time>28</time>
    </ksState>
    <ksState>
      <x>-101.52659007676564</x>
      <y>176.3468748006794</y>
      <steeringAngle>0.03553333333333333</steeringAngle>
      <velocity>0.0</velocity>
      <orientation>-1.3629769902824007</orientation>
      <time>29</time>
    </ksState>
    <ksState>
      <x>-101.52659007676564</x>
      <y>176.3468748006794</y>
      <steeringAngle>0.0</steeringAngle>
      <velocity>0.0</velocity>
      <orientation>-1.3629769902824007</orientation>
      <time>30</time>
    </ksState>
    <ksState>
      <x>-101.52659007676564</x>
      <y>176.3468748006794</y>
      <steeringAngle>0.0</steeringAngle>
      <velocity>0.0</velocity>
      <orientation>-1.3629769902824007</orientation>
      <time>31</time>
    </ksState>
    <ksState>
      <x>-101.52659007676564</x>
      <y>176.3468748006794</y>
      <steeringAngle>0.0</steeringAngle>
      <velocity>0.0</velocity>
      <orientation>-1.3629769902824007</orientation>
      <time>32</time>
    </ksState>
    <ksState>
      <x>-101.52659007676564</x>
      <y>176.3468748006794</y>
      <steeringAngle>0.0</steeringAngle>
      <velocity>0.0</velocity>
      <orientation>-1.3629769902824007</orientation>
      <time>33</time>
    </ksState>
  </ksTrajectory>
</CommonRoadSolution>
