<?xml version="1.0" ?>
<CommonRoadSolution benchmark_id="KS2:SM1:DEU_Moelln-11_1_T-1:2020a" computation_time="0.6945349610004996" date="2023-01-12T15:00:04">
  <ksTrajectory planningProblem="1">
    <ksState>
      <x>-398.11915</x>
      <y>657.28851</y>
      <steeringAngle>0.0</steeringAngle>
      <velocity>8.0</velocity>
      <orientation>0.57853681</orientation>
      <time>0</time>
    </ksState>
    <ksState>
      <x>-397.47813811389614</x>
      <y>657.696855785297</y>
      <steeringAngle>-0.03553333333333333</steeringAngle>
      <velocity>7.199999999999999</velocity>
      <orientation>0.5733917970175076</orientation>
      <time>1</time>
    </ksState>
    <ksState>
      <x>-396.8939496645583</x>
      <y>658.0454107027388</y>
      <steeringAngle>-0.07106666666666664</steeringAngle>
      <velocity>6.400000000000001</velocity>
      <orientation>0.5594151248965445</orientation>
      <time>2</time>
    </ksState>
    <ksState>
      <x>-396.36705942809056</x>
      <y>658.3338739388729</y>
      <steeringAngle>-0.10659999999999997</steeringAngle>
      <velocity>5.600000000000004</velocity>
      <orientation>0.5387833570306633</orientation>
      <time>3</time>
    </ksState>
    <ksState>
      <x>-395.89963336841464</x>
      <y>658.5644231925608</y>
      <steeringAngle>-0.1421333333333333</steeringAngle>
      <velocity>4.800000000000003</velocity>
      <orientation>0.513667149522015</orientation>
      <time>4</time>
    </ksState>
    <ksState>
      <x>-395.4949047516011</x>
      <y>658.7413049394803</y>
      <steeringAngle>-0.17766666666666653</steeringAngle>
      <velocity>4.000000000000006</velocity>
      <orientation>0.4862422529368651</orientation>
      <time>5</time>
    </ksState>
    <ksState>
      <x>-395.1565928924373</x>
      <y>658.8703789134406</y>
      <steeringAngle>-0.21319999999999997</steeringAngle>
      <velocity>3.2</velocity>
      <orientation>0.4587007073734305</orientation>
      <time>6</time>
    </ksState>
    <ksState>
      <x>-394.8884174027594</x>
      <y>658.9585866579922</y>
      <steeringAngle>-0.24873333333333342</steeringAngle>
      <velocity>2.4000000000000004</velocity>
      <orientation>0.433262476986781</orientation>
      <time>7</time>
    </ksState>
    <ksState>
      <x>-394.6937455193765</x>
      <y>659.0133354206615</y>
      <steeringAngle>-0.2842666666666668</steeringAngle>
      <velocity>1.600000000000001</velocity>
      <orientation>0.4121875771962013</orientation>
      <time>8</time>
    </ksState>
    <ksState>
      <x>-394.5753894700545</x>
      <y>659.0418046140239</y>
      <steeringAngle>-0.3197999999999999</steeringAngle>
      <velocity>0.8000000000000007</velocity>
      <orientation>0.39778914989549685</orientation>
      <time>9</time>
    </ksState>
    <ksState>
      <x>-394.5355468689366</x>
      <y>659.050188703606</y>
      <steeringAngle>-0.3553333333333332</steeringAngle>
      <velocity>5.551115123125783e-16</velocity>
      <orientation>0.39244750825976754</orientation>
      <time>10</time>
    </ksState>
    <ksState>
      <x>-394.5355468689366</x>
      <y>659.050188703606</y>
      <steeringAngle>-0.3198</steeringAngle>
      <velocity>0.0</velocity>
      <orientation>0.39244750825976754</orientation>
      <time>11</time>
    </ksState>
    <ksState>
      <x>-394.5355468689366</x>
      <y>659.050188703606</y>
      <steeringAngle>-0.2842666666666666</steeringAngle>
      <velocity>0.0</velocity>
      <orientation>0.39244750825976754</orientation>
      <time>12</time>
    </ksState>
    <ksState>
      <x>-394.5355468689366</x>
      <y>659.050188703606</y>
      <steeringAngle>-0.24873333333333333</steeringAngle>
      <velocity>0.0</velocity>
      <orientation>0.39244750825976754</orientation>
      <time>13</time>
    </ksState>
    <ksState>
      <x>-394.5355468689366</x>
      <y>659.050188703606</y>
      <steeringAngle>-0.21320000000000003</steeringAngle>
      <velocity>0.0</velocity>
      <orientation>0.39244750825976754</orientation>
      <time>14</time>
    </ksState>
    <ksState>
      <x>-394.5355468689366</x>
      <y>659.050188703606</y>
      <steeringAngle>-0.1776666666666667</steeringAngle>
      <velocity>0.0</velocity>
      <orientation>0.39244750825976754</orientation>
      <time>15</time>
    </ksState>
    <ksState>
      <x>-394.5355468689366</x>
      <y>659.050188703606</y>
      <steeringAngle>-0.14213333333333336</steeringAngle>
      <velocity>0.0</velocity>
      <orientation>0.39244750825976754</orientation>
      <time>16</time>
    </ksState>
    <ksState>
      <x>-394.5355468689366</x>
      <y>659.050188703606</y>
      <steeringAngle>-0.10660000000000001</steeringAngle>
      <velocity>0.0</velocity>
      <orientation>0.39244750825976754</orientation>
      <time>17</time>
    </ksState>
    <ksState>
      <x>-394.5355468689366</x>
      <y>659.050188703606</y>
      <steeringAngle>-0.07106666666666668</steeringAngle>
      <velocity>0.0</velocity>
      <orientation>0.39244750825976754</orientation>
      <time>18</time>
    </ksState>
    <ksState>
      <x>-394.5355468689366</x>
      <y>659.050188703606</y>
      <steeringAngle>-0.03553333333333333</steeringAngle>
      <velocity>0.0</velocity>
      <orientation>0.39244750825976754</orientation>
      <time>19</time>
    </ksState>
    <ksState>
      <x>-394.5355468689366</x>
      <y>659.050188703606</y>
      <steeringAngle>-0.0</steeringAngle>
      <velocity>0.0</velocity>
      <orientation>0.39244750825976754</orientation>
      <time>20</time>
    </ksState>
    <ksState>
      <x>-394.5355468689366</x>
      <y>659.050188703606</y>
      <steeringAngle>0.0</steeringAngle>
      <velocity>0.0</velocity>
      <orientation>0.39244750825976754</orientation>
      <time>21</time>
    </ksState>
    <ksState>
      <x>-394.5355468689366</x>
      <y>659.050188703606</y>
      <steeringAngle>0.0</steeringAngle>
      <velocity>0.0</velocity>
      <orientation>0.39244750825976754</orientation>
      <time>22</time>
    </ksState>
    <ksState>
      <x>-394.5355468689366</x>
      <y>659.050188703606</y>
      <steeringAngle>0.0</steeringAngle>
      <velocity>0.0</velocity>
      <orientation>0.39244750825976754</orientation>
      <time>23</time>
    </ksState>
    <ksState>
      <x>-394.5355468689366</x>
      <y>659.050188703606</y>
      <steeringAngle>0.0</steeringAngle>
      <velocity>0.0</velocity>
      <orientation>0.39244750825976754</orientation>
      <time>24</time>
    </ksState>
    <ksState>
      <x>-394.5355468689366</x>
      <y>659.050188703606</y>
      <steeringAngle>0.0</steeringAngle>
      <velocity>0.0</velocity>
      <orientation>0.39244750825976754</orientation>
      <time>25</time>
    </ksState>
    <ksState>
      <x>-394.498790159985</x>
      <y>659.0659752888495</y>
      <steeringAngle>0.03553333333333333</steeringAngle>
      <velocity>0.8</velocity>
      <orientation>0.3928150400380095</orientation>
      <time>26</time>
    </ksState>
    <ksState>
      <x>-394.38938960374276</x>
      <y>659.1154203212827</y>
      <steeringAngle>0.0710666666666667</steeringAngle>
      <velocity>1.6</velocity>
      <orientation>0.39538988662999514</orientation>
      <time>27</time>
    </ksState>
    <ksState>
      <x>-394.20894205841984</x>
      <y>659.2022350994856</y>
      <steeringAngle>0.10660000000000003</steeringAngle>
      <velocity>2.4000000000000004</velocity>
      <orientation>0.4023905908668324</orientation>
      <time>28</time>
    </ksState>
    <ksState>
      <x>-393.9597646661075</x>
      <y>659.3314015408374</y>
      <steeringAngle>0.14213333333333342</steeringAngle>
      <velocity>3.2000000000000015</velocity>
      <orientation>0.41605823180765256</orientation>
      <time>29</time>
    </ksState>
    <ksState>
      <x>-393.64541857916566</x>
      <y>659.5097436481934</y>
      <steeringAngle>0.17766666666666683</steeringAngle>
      <velocity>4.0000000000000036</velocity>
      <orientation>0.4386681476808727</orientation>
      <time>30</time>
    </ksState>
    <ksState>
      <x>-393.33531730178396</x>
      <y>659.6954212343555</y>
      <steeringAngle>0.1421333333333333</steeringAngle>
      <velocity>3.1999999999999993</velocity>
      <orientation>0.46127806265431504</orientation>
      <time>31</time>
    </ksState>
    <ksState>
      <x>-393.0942559022399</x>
      <y>659.8391912849139</y>
      <steeringAngle>0.10659999999999997</steeringAngle>
      <velocity>2.3999999999999977</velocity>
      <orientation>0.47494570352502236</orientation>
      <time>32</time>
    </ksState>
    <ksState>
      <x>-392.92132072610826</x>
      <y>659.9401535380199</y>
      <steeringAngle>0.07106666666666664</steeringAngle>
      <velocity>1.5999999999999976</velocity>
      <orientation>0.4819464093782415</orientation>
      <time>33</time>
    </ksState>
  </ksTrajectory>
</CommonRoadSolution>
