<?xml version="1.0" ?>
<CommonRoadSolution benchmark_id="KS2:SM1:DEU_Guetersloh-39_5_T-1:2020a" computation_time="2.108630350000567" date="2023-01-12T15:00:04">
  <ksTrajectory planningProblem="1">
    <ksState>
      <x>-942.33655</x>
      <y>-852.25621</y>
      <steeringAngle>0.0</steeringAngle>
      <velocity>8.0</velocity>
      <orientation>2.7051894</orientation>
      <time>0</time>
    </ksState>
    <ksState>
      <x>-943.0576141175403</x>
      <y>-851.9096343032656</y>
      <steeringAngle>-0.03553333333333333</steeringAngle>
      <velocity>8.0</velocity>
      <orientation>2.699676864997161</orientation>
      <time>1</time>
    </ksState>
    <ksState>
      <x>-943.7679706563031</x>
      <y>-851.5409899463626</y>
      <steeringAngle>-0.07106666666666667</steeringAngle>
      <velocity>8.0</velocity>
      <orientation>2.683125344116892</orientation>
      <time>2</time>
    </ksState>
    <ksState>
      <x>-944.4628261721522</x>
      <y>-851.142715951835</y>
      <steeringAngle>-0.10659999999999997</steeringAngle>
      <velocity>8.0</velocity>
      <orientation>2.6554928648261966</orientation>
      <time>3</time>
    </ksState>
    <ksState>
      <x>-945.1363747129727</x>
      <y>-850.7077286449949</y>
      <steeringAngle>-0.1421333333333333</steeringAngle>
      <velocity>8.0</velocity>
      <orientation>2.616709012553462</orientation>
      <time>4</time>
    </ksState>
    <ksState>
      <x>-945.7815604118491</x>
      <y>-850.2296483475543</y>
      <steeringAngle>-0.17766666666666667</steeringAngle>
      <velocity>8.0</velocity>
      <orientation>2.5666742003043073</orientation>
      <time>5</time>
    </ksState>
    <ksState>
      <x>-946.4011766391687</x>
      <y>-849.7186534743879</y>
      <steeringAngle>-0.14213333333333336</steeringAngle>
      <velocity>8.0</velocity>
      <orientation>2.516639388755559</orientation>
      <time>6</time>
    </ksState>
    <ksState>
      <x>-947.0071402857208</x>
      <y>-849.1934350735444</y>
      <steeringAngle>-0.1066000000000001</steeringAngle>
      <velocity>8.0</velocity>
      <orientation>2.4778555367485615</orientation>
      <time>7</time>
    </ksState>
    <ksState>
      <x>-947.6052986426182</x>
      <y>-848.6607349568177</y>
      <steeringAngle>-0.07106666666666674</steeringAngle>
      <velocity>8.0</velocity>
      <orientation>2.4502230577188744</orientation>
      <time>8</time>
    </ksState>
    <ksState>
      <x>-948.2017097021937</x>
      <y>-848.1270043722119</y>
      <steeringAngle>-0.035533333333333354</steeringAngle>
      <velocity>8.0</velocity>
      <orientation>2.4336715370898454</orientation>
      <time>9</time>
    </ksState>
    <ksState>
      <x>-948.8024490085897</x>
      <y>-847.5986261070968</y>
      <steeringAngle>-2.0816681711721685e-17</steeringAngle>
      <velocity>8.0</velocity>
      <orientation>2.4281590106314406</orientation>
      <time>10</time>
    </ksState>
    <ksState>
      <x>-949.3714479898499</x>
      <y>-847.0947583885226</y>
      <steeringAngle>-0.03553333333333333</steeringAngle>
      <velocity>7.199999999999999</velocity>
      <orientation>2.4230139976489484</orientation>
      <time>11</time>
    </ksState>
    <ksState>
      <x>-949.867325923957</x>
      <y>-846.6290634784384</y>
      <steeringAngle>-0.07106666666666664</steeringAngle>
      <velocity>6.400000000000001</velocity>
      <orientation>2.409037325527985</orientation>
      <time>12</time>
    </ksState>
    <ksState>
      <x>-950.2896629438686</x>
      <y>-846.2019150247386</y>
      <steeringAngle>-0.10659999999999997</steeringAngle>
      <velocity>5.600000000000004</velocity>
      <orientation>2.3884055576621037</orientation>
      <time>13</time>
    </ksState>
    <ksState>
      <x>-950.6399565122099</x>
      <y>-845.8159947018493</y>
      <steeringAngle>-0.1421333333333333</steeringAngle>
      <velocity>4.800000000000003</velocity>
      <orientation>2.3632893501534555</orientation>
      <time>14</time>
    </ksState>
    <ksState>
      <x>-950.9213992202839</x>
      <y>-845.4755796496953</y>
      <steeringAngle>-0.17766666666666653</steeringAngle>
      <velocity>4.000000000000006</velocity>
      <orientation>2.3358644535683055</orientation>
      <time>15</time>
    </ksState>
    <ksState>
      <x>-951.162126417707</x>
      <y>-845.1531983703286</y>
      <steeringAngle>-0.21319999999999995</steeringAngle>
      <velocity>4.0</velocity>
      <orientation>2.3051566709308053</orientation>
      <time>16</time>
    </ksState>
    <ksState>
      <x>-951.3856951244015</x>
      <y>-844.8175313097588</y>
      <steeringAngle>-0.24873333333333336</steeringAngle>
      <velocity>4.0</velocity>
      <orientation>2.268677829808111</orientation>
      <time>17</time>
    </ksState>
    <ksState>
      <x>-951.589353913139</x>
      <y>-844.4680964939519</y>
      <steeringAngle>-0.2842666666666667</steeringAngle>
      <velocity>4.0</velocity>
      <orientation>2.226330595962663</orientation>
      <time>18</time>
    </ksState>
    <ksState>
      <x>-951.770093936132</x>
      <y>-844.1047766382836</y>
      <steeringAngle>-0.31980000000000003</steeringAngle>
      <velocity>4.0</velocity>
      <orientation>2.177999914595528</orientation>
      <time>19</time>
    </ksState>
    <ksState>
      <x>-951.9246531914853</x>
      <y>-843.7278957734593</y>
      <steeringAngle>-0.35533333333333333</steeringAngle>
      <velocity>4.0</velocity>
      <orientation>2.1235517134172497</orientation>
      <time>20</time>
    </ksState>
    <ksState>
      <x>-952.0704351247823</x>
      <y>-843.3041433445188</y>
      <steeringAngle>-0.31979999999999975</steeringAngle>
      <velocity>4.800000000000001</velocity>
      <orientation>2.063761878385501</orientation>
      <time>21</time>
    </ksState>
    <ksState>
      <x>-952.2217990231293</x>
      <y>-842.7987491839184</y>
      <steeringAngle>-0.28426666666666645</steeringAngle>
      <velocity>5.600000000000004</velocity>
      <orientation>2.0010327782541775</orientation>
      <time>22</time>
    </ksState>
    <ksState>
      <x>-952.371040097787</x>
      <y>-842.2106798040347</y>
      <steeringAngle>-0.2487333333333331</steeringAngle>
      <velocity>6.400000000000004</velocity>
      <orientation>1.9376106415615018</orientation>
      <time>23</time>
    </ksState>
    <ksState>
      <x>-952.5114327482968</x>
      <y>-841.5395625872217</y>
      <steeringAngle>-0.21319999999999992</steeringAngle>
      <velocity>7.200000000000004</velocity>
      <orientation>1.8756935528837027</orientation>
      <time>24</time>
    </ksState>
    <ksState>
      <x>-952.6379516901536</x>
      <y>-840.7856330705553</y>
      <steeringAngle>-0.17766666666666656</steeringAngle>
      <velocity>8.000000000000004</velocity>
      <orientation>1.8174442232827375</orientation>
      <time>25</time>
    </ksState>
    <ksState>
      <x>-952.7342265022363</x>
      <y>-839.9876079435659</y>
      <steeringAngle>-0.17766666666666667</steeringAngle>
      <velocity>8.0</velocity>
      <orientation>1.7617432469722256</orientation>
      <time>26</time>
    </ksState>
    <ksState>
      <x>-952.7859242136542</x>
      <y>-839.185460607602</y>
      <steeringAngle>-0.17766666666666667</steeringAngle>
      <velocity>8.0</velocity>
      <orientation>1.706042270661714</orientation>
      <time>27</time>
    </ksState>
    <ksState>
      <x>-952.79288446057</x>
      <y>-838.3816791944312</y>
      <steeringAngle>-0.17766666666666667</steeringAngle>
      <velocity>8.0</velocity>
      <orientation>1.6503412943512021</orientation>
      <time>28</time>
    </ksState>
    <ksState>
      <x>-952.7550856537254</x>
      <y>-837.5787568704438</y>
      <steeringAngle>-0.17766666666666667</steeringAngle>
      <velocity>8.0</velocity>
      <orientation>1.5946403180406905</orientation>
      <time>29</time>
    </ksState>
    <ksState>
      <x>-952.6726450368274</x>
      <y>-836.779184136705</y>
      <steeringAngle>-0.17766666666666667</steeringAngle>
      <velocity>8.0</velocity>
      <orientation>1.5389393417301787</orientation>
      <time>30</time>
    </ksState>
    <ksState>
      <x>-952.5620333032477</x>
      <y>-836.0242414658267</y>
      <steeringAngle>-0.1421333333333334</steeringAngle>
      <velocity>7.2</velocity>
      <orientation>1.4913120199845418</orientation>
      <time>31</time>
    </ksState>
    <ksState>
      <x>-952.4494949122161</x>
      <y>-835.351965028864</y>
      <steeringAngle>-0.10660000000000011</steeringAngle>
      <velocity>6.4</velocity>
      <orientation>1.4582524495365738</orientation>
      <time>32</time>
    </ksState>
    <ksState>
      <x>-952.3461049079233</x>
      <y>-834.760188708235</y>
      <steeringAngle>-0.07106666666666674</steeringAngle>
      <velocity>5.600000000000001</velocity>
      <orientation>1.4374355012426854</orientation>
      <time>33</time>
    </ksState>
  </ksTrajectory>
</CommonRoadSolution>
