<?xml version="1.0" ?>
<CommonRoadSolution benchmark_id="KS2:SM1:ESP_Ceuta-4_1_T-1:2020a" computation_time="1.5906737780005642" date="2023-01-12T15:00:04">
  <ksTrajectory planningProblem="1">
    <ksState>
      <x>224.64014</x>
      <y>456.82626</y>
      <steeringAngle>0.0</steeringAngle>
      <velocity>0.0</velocity>
      <orientation>-4.0949926</orientation>
      <time>0</time>
    </ksState>
    <ksState>
      <x>224.61741465212774</x>
      <y>456.8591815809263</y>
      <steeringAngle>-0.03553333333333333</steeringAngle>
      <velocity>0.8</velocity>
      <orientation>-4.095360131778242</orientation>
      <time>1</time>
    </ksState>
    <ksState>
      <x>224.5510842688195</x>
      <y>456.9592494238561</y>
      <steeringAngle>-0.0710666666666667</steeringAngle>
      <velocity>1.6</velocity>
      <orientation>-4.097934978370228</orientation>
      <time>2</time>
    </ksState>
    <ksState>
      <x>224.44447537240575</x>
      <y>457.1287565491721</y>
      <steeringAngle>-0.10660000000000003</steeringAngle>
      <velocity>2.4000000000000004</velocity>
      <orientation>-4.104935682607065</orientation>
      <time>3</time>
    </ksState>
    <ksState>
      <x>224.30220034493163</x>
      <y>457.37068868628563</y>
      <steeringAngle>-0.14213333333333342</steeringAngle>
      <velocity>3.2000000000000015</velocity>
      <orientation>-4.118603323547886</orientation>
      <time>4</time>
    </ksState>
    <ksState>
      <x>224.13090490907211</x>
      <y>457.6889295436335</y>
      <steeringAngle>-0.17766666666666683</steeringAngle>
      <velocity>4.0000000000000036</velocity>
      <orientation>-4.141213239421106</orientation>
      <time>5</time>
    </ksState>
    <ksState>
      <x>223.95680489189294</x>
      <y>458.0516532082647</y>
      <steeringAngle>-0.21319999999999995</steeringAngle>
      <velocity>4.0</velocity>
      <orientation>-4.171921022058606</orientation>
      <time>6</time>
    </ksState>
    <ksState>
      <x>223.80210174584576</x>
      <y>458.4241076065038</y>
      <steeringAngle>-0.24873333333333336</steeringAngle>
      <velocity>4.0</velocity>
      <orientation>-4.2083998631813</orientation>
      <time>7</time>
    </ksState>
    <ksState>
      <x>223.66958820771006</x>
      <y>458.8062355365729</y>
      <steeringAngle>-0.2842666666666667</steeringAngle>
      <velocity>4.0</velocity>
      <orientation>-4.250747097026748</orientation>
      <time>8</time>
    </ksState>
    <ksState>
      <x>223.56223934291685</x>
      <y>459.19757234120783</y>
      <steeringAngle>-0.31980000000000003</steeringAngle>
      <velocity>4.0</velocity>
      <orientation>-4.299077778393883</orientation>
      <time>9</time>
    </ksState>
    <ksState>
      <x>223.48319359477654</x>
      <y>459.59717153963925</y>
      <steeringAngle>-0.35533333333333333</steeringAngle>
      <velocity>4.0</velocity>
      <orientation>-4.3535259795721615</orientation>
      <time>10</time>
    </ksState>
    <ksState>
      <x>223.4312310445095</x>
      <y>459.96018286848806</y>
      <steeringAngle>-0.31979999999999975</steeringAngle>
      <velocity>3.2</velocity>
      <orientation>-4.40263253962995</orientation>
      <time>11</time>
    </ksState>
    <ksState>
      <x>223.39673342842448</x>
      <y>460.2422151836202</y>
      <steeringAngle>-0.2842666666666663</steeringAngle>
      <velocity>2.4000000000000004</velocity>
      <orientation>-4.436564794996165</orientation>
      <time>12</time>
    </ksState>
    <ksState>
      <x>223.37356955165686</x>
      <y>460.44316491202915</y>
      <steeringAngle>-0.24873333333333292</steeringAngle>
      <velocity>1.6000000000000008</velocity>
      <orientation>-4.457837115943103</orientation>
      <time>13</time>
    </ksState>
    <ksState>
      <x>223.35923339911892</x>
      <y>460.5633380854644</y>
      <steeringAngle>-0.21319999999999967</steeringAngle>
      <velocity>0.8000000000000008</velocity>
      <orientation>-4.468877706684157</orientation>
      <time>14</time>
    </ksState>
    <ksState>
      <x>223.35402535633796</x>
      <y>460.60325275137143</y>
      <steeringAngle>-0.1776666666666663</steeringAngle>
      <velocity>6.661338147750939e-16</velocity>
      <orientation>-4.472043944226036</orientation>
      <time>15</time>
    </ksState>
    <ksState>
      <x>223.3478797932776</x>
      <y>460.6429260867173</y>
      <steeringAngle>-0.14213333333333333</steeringAngle>
      <velocity>0.8</velocity>
      <orientation>-4.474451441436838</orientation>
      <time>16</time>
    </ksState>
    <ksState>
      <x>223.32786587211484</x>
      <y>460.76152624057</y>
      <steeringAngle>-0.10660000000000001</steeringAngle>
      <velocity>1.6</velocity>
      <orientation>-4.480175728057174</orientation>
      <time>17</time>
    </ksState>
    <ksState>
      <x>223.29199163686093</x>
      <y>460.95852319100845</y>
      <steeringAngle>-0.07106666666666664</steeringAngle>
      <velocity>2.4000000000000004</velocity>
      <orientation>-4.486991241820152</orientation>
      <time>18</time>
    </ksState>
    <ksState>
      <x>223.23819001640936</x>
      <y>461.23342756866424</y>
      <steeringAngle>-0.03553333333333332</steeringAngle>
      <velocity>3.1999999999999993</velocity>
      <orientation>-4.492692162533082</orientation>
      <time>19</time>
    </ksState>
    <ksState>
      <x>223.1636162545775</x>
      <y>461.5856366669483</y>
      <steeringAngle>2.6020852139652106e-18</steeringAngle>
      <velocity>3.999999999999999</velocity>
      <orientation>-4.4950809141214085</orientation>
      <time>20</time>
    </ksState>
    <ksState>
      <x>223.08959397044282</x>
      <y>461.93795921259704</y>
      <steeringAngle>-0.03553333333333333</steeringAngle>
      <velocity>3.2</velocity>
      <orientation>-4.497469662501201</orientation>
      <time>21</time>
    </ksState>
    <ksState>
      <x>223.0385000400165</x>
      <y>462.21337439659624</y>
      <steeringAngle>-0.07106666666666668</steeringAngle>
      <velocity>2.4</velocity>
      <orientation>-4.503170577506998</orientation>
      <time>22</time>
    </ksState>
    <ksState>
      <x>223.00707494539722</x>
      <y>462.4111253548784</y>
      <steeringAngle>-0.10660000000000003</steeringAngle>
      <velocity>1.5999999999999994</velocity>
      <orientation>-4.509986111251729</orientation>
      <time>23</time>
    </ksState>
    <ksState>
      <x>222.99125501584962</x>
      <y>462.5303551692088</y>
      <steeringAngle>-0.14213333333333342</steeringAngle>
      <velocity>0.7999999999999988</velocity>
      <orientation>-4.515710372738209</orientation>
      <time>24</time>
    </ksState>
    <ksState>
      <x>222.98684421097255</x>
      <y>462.57025837208204</y>
      <steeringAngle>-0.17766666666666675</steeringAngle>
      <velocity>-1.5265566588595902e-15</velocity>
      <orientation>-4.518117867212765</orientation>
      <time>25</time>
    </ksState>
    <ksState>
      <x>222.9836040981601</x>
      <y>462.61038041825947</y>
      <steeringAngle>-0.21319999999999997</steeringAngle>
      <velocity>0.8</velocity>
      <orientation>-4.521284100693919</orientation>
      <time>26</time>
    </ksState>
    <ksState>
      <x>222.97688274682466</x>
      <y>462.7312144700509</y>
      <steeringAngle>-0.24873333333333328</steeringAngle>
      <velocity>1.6000000000000005</velocity>
      <orientation>-4.532324693004318</orientation>
      <time>27</time>
    </ksState>
    <ksState>
      <x>222.97294195830392</x>
      <y>462.9334418148786</y>
      <steeringAngle>-0.2842666666666665</steeringAngle>
      <velocity>2.400000000000001</velocity>
      <orientation>-4.553597014405279</orientation>
      <time>28</time>
    </ksState>
    <ksState>
      <x>222.98105722067623</x>
      <y>463.2174267732571</y>
      <steeringAngle>-0.31979999999999986</steeringAngle>
      <velocity>3.200000000000001</velocity>
      <orientation>-4.587529270684975</orientation>
      <time>29</time>
    </ksState>
    <ksState>
      <x>223.01435170803734</x>
      <y>463.58255990041636</y>
      <steeringAngle>-0.3553333333333332</steeringAngle>
      <velocity>4.0</velocity>
      <orientation>-4.636635831472951</orientation>
      <time>30</time>
    </ksState>
    <ksState>
      <x>223.06586240672138</x>
      <y>463.9456356217527</y>
      <steeringAngle>-0.31979999999999975</steeringAngle>
      <velocity>3.2</velocity>
      <orientation>-4.68574239153074</orientation>
      <time>31</time>
    </ksState>
    <ksState>
      <x>223.1115218599632</x>
      <y>464.2260772852479</y>
      <steeringAngle>-0.2842666666666663</steeringAngle>
      <velocity>2.4000000000000004</velocity>
      <orientation>-4.719674646896954</orientation>
      <time>32</time>
    </ksState>
    <ksState>
      <x>223.14541401498334</x>
      <y>464.4254981476536</y>
      <steeringAngle>-0.24873333333333292</steeringAngle>
      <velocity>1.6000000000000008</velocity>
      <orientation>-4.740946967843892</orientation>
      <time>33</time>
    </ksState>
  </ksTrajectory>
</CommonRoadSolution>
