<?xml version="1.0" ?>
<CommonRoadSolution benchmark_id="KS2:SM1:BEL_Nivelles-19_1_T-1:2020a" computation_time="0.9663514939998095" date="2023-01-12T15:00:04">
  <ksTrajectory planningProblem="1">
    <ksState>
      <x>-912.81802</x>
      <y>-636.72001</y>
      <steeringAngle>0.0</steeringAngle>
      <velocity>4.0</velocity>
      <orientation>-0.59868677</orientation>
      <time>0</time>
    </ksState>
    <ksState>
      <x>-912.4517857009525</x>
      <y>-636.9639158171626</y>
      <steeringAngle>0.035533333333333326</steeringAngle>
      <velocity>4.799999999999999</velocity>
      <orientation>-0.5955629913308093</orientation>
      <time>1</time>
    </ksState>
    <ksState>
      <x>-912.0113212124465</x>
      <y>-637.2407136851385</y>
      <steeringAngle>0.07106666666666667</steeringAngle>
      <velocity>5.599999999999998</velocity>
      <orientation>-0.5847123802696365</orientation>
      <time>2</time>
    </ksState>
    <ksState>
      <x>-911.4917252738343</x>
      <y>-637.5421426997177</y>
      <steeringAngle>0.10659999999999999</steeringAngle>
      <velocity>6.3999999999999995</velocity>
      <orientation>-0.5638954312693084</orientation>
      <time>3</time>
    </ksState>
    <ksState>
      <x>-910.8869039992107</x>
      <y>-637.8563247041183</y>
      <steeringAngle>0.14213333333333333</steeringAngle>
      <velocity>7.199999999999999</velocity>
      <orientation>-0.5308358602881433</orientation>
      <time>4</time>
    </ksState>
    <ksState>
      <x>-910.1900101019452</x>
      <y>-638.1666921158542</y>
      <steeringAngle>0.17766666666666664</steeringAngle>
      <velocity>7.9999999999999964</velocity>
      <orientation>-0.48320853820659665</orientation>
      <time>5</time>
    </ksState>
    <ksState>
      <x>-909.4710790410738</x>
      <y>-638.4261658333338</y>
      <steeringAngle>0.21320000000000014</steeringAngle>
      <velocity>7.200000000000003</velocity>
      <orientation>-0.4249592111351038</orientation>
      <time>6</time>
    </ksState>
    <ksState>
      <x>-908.8096843036893</x>
      <y>-638.6063551417054</y>
      <steeringAngle>0.24873333333333347</steeringAngle>
      <velocity>6.400000000000004</velocity>
      <orientation>-0.3630421236493244</orientation>
      <time>7</time>
    </ksState>
    <ksState>
      <x>-908.2132100670598</x>
      <y>-638.7166133448289</y>
      <steeringAngle>0.2842666666666668</steeringAngle>
      <velocity>5.600000000000001</velocity>
      <orientation>-0.2996199808854033</orientation>
      <time>8</time>
    </ksState>
    <ksState>
      <x>-907.6883297499026</x>
      <y>-638.7687047922809</y>
      <steeringAngle>0.3198</steeringAngle>
      <velocity>4.800000000000002</velocity>
      <orientation>-0.2368908811434507</orientation>
      <time>9</time>
    </ksState>
    <ksState>
      <x>-907.2403581138685</x>
      <y>-638.7761286813159</y>
      <steeringAngle>0.3553333333333332</steeringAngle>
      <velocity>4.000000000000001</velocity>
      <orientation>-0.17710104709523594</orientation>
      <time>10</time>
    </ksState>
    <ksState>
      <x>-906.8327050640318</x>
      <y>-638.7542556582374</y>
      <steeringAngle>0.35533333333333333</steeringAngle>
      <velocity>4.0</velocity>
      <orientation>-0.1195443403385219</orientation>
      <time>11</time>
    </ksState>
    <ksState>
      <x>-906.4269852711311</x>
      <y>-638.7089686482502</y>
      <steeringAngle>0.35533333333333333</steeringAngle>
      <velocity>4.0</velocity>
      <orientation>-0.06198763358180788</orientation>
      <time>12</time>
    </ksState>
    <ksState>
      <x>-906.024542452713</x>
      <y>-638.6404176275857</y>
      <steeringAngle>0.35533333333333333</steeringAngle>
      <velocity>4.0</velocity>
      <orientation>-0.004430926825093884</orientation>
      <time>13</time>
    </ksState>
    <ksState>
      <x>-905.6267094429674</x>
      <y>-638.5488296272928</y>
      <steeringAngle>0.35533333333333333</steeringAngle>
      <velocity>4.0</velocity>
      <orientation>0.0531257799316201</orientation>
      <time>14</time>
    </ksState>
    <ksState>
      <x>-905.2348038089017</x>
      <y>-638.4345079740962</y>
      <steeringAngle>0.35533333333333333</steeringAngle>
      <velocity>4.0</velocity>
      <orientation>0.11068248668833408</orientation>
      <time>15</time>
    </ksState>
    <ksState>
      <x>-904.8875676629152</x>
      <y>-638.3165910947985</y>
      <steeringAngle>0.31979999999999975</steeringAngle>
      <velocity>3.2</velocity>
      <orientation>0.15978904674612243</orientation>
      <time>16</time>
    </ksState>
    <ksState>
      <x>-904.6204490500835</x>
      <y>-638.2197409065016</y>
      <steeringAngle>0.2842666666666663</steeringAngle>
      <velocity>2.4000000000000004</velocity>
      <orientation>0.1937213021123368</orientation>
      <time>17</time>
    </ksState>
    <ksState>
      <x>-904.4307660848817</x>
      <y>-638.1494719144297</y>
      <steeringAngle>0.24873333333333292</steeringAngle>
      <velocity>1.6000000000000008</velocity>
      <orientation>0.21499362305927555</orientation>
      <time>18</time>
    </ksState>
    <ksState>
      <x>-904.3171119319037</x>
      <y>-638.1078804442232</y>
      <steeringAngle>0.21319999999999967</steeringAngle>
      <velocity>0.8000000000000008</velocity>
      <orientation>0.2260342138003304</orientation>
      <time>19</time>
    </ksState>
    <ksState>
      <x>-904.2791605286334</x>
      <y>-638.0944642132363</y>
      <steeringAngle>0.1776666666666663</steeringAngle>
      <velocity>6.661338147750939e-16</velocity>
      <orientation>0.22920045134220868</orientation>
      <time>20</time>
    </ksState>
    <ksState>
      <x>-904.2791605286334</x>
      <y>-638.0944642132363</y>
      <steeringAngle>0.14213333333333336</steeringAngle>
      <velocity>0.0</velocity>
      <orientation>0.22920045134220868</orientation>
      <time>21</time>
    </ksState>
    <ksState>
      <x>-904.2791605286334</x>
      <y>-638.0944642132363</y>
      <steeringAngle>0.10660000000000001</steeringAngle>
      <velocity>0.0</velocity>
      <orientation>0.22920045134220868</orientation>
      <time>22</time>
    </ksState>
    <ksState>
      <x>-904.2791605286334</x>
      <y>-638.0944642132363</y>
      <steeringAngle>0.07106666666666668</steeringAngle>
      <velocity>0.0</velocity>
      <orientation>0.22920045134220868</orientation>
      <time>23</time>
    </ksState>
    <ksState>
      <x>-904.2791605286334</x>
      <y>-638.0944642132363</y>
      <steeringAngle>0.03553333333333333</steeringAngle>
      <velocity>0.0</velocity>
      <orientation>0.22920045134220868</orientation>
      <time>24</time>
    </ksState>
    <ksState>
      <x>-904.2791605286334</x>
      <y>-638.0944642132363</y>
      <steeringAngle>0.0</steeringAngle>
      <velocity>0.0</velocity>
      <orientation>0.22920045134220868</orientation>
      <time>25</time>
    </ksState>
    <ksState>
      <x>-904.2400865488531</x>
      <y>-638.0858912306315</y>
      <steeringAngle>-0.03553333333333333</steeringAngle>
      <velocity>0.8</velocity>
      <orientation>0.2288329195639667</orientation>
      <time>26</time>
    </ksState>
    <ksState>
      <x>-904.1223570864154</x>
      <y>-638.0623738623148</y>
      <steeringAngle>-0.0710666666666667</steeringAngle>
      <velocity>1.6</velocity>
      <orientation>0.22625807297198106</orientation>
      <time>27</time>
    </ksState>
    <ksState>
      <x>-903.9251088892503</x>
      <y>-638.0278590677683</y>
      <steeringAngle>-0.10660000000000003</steeringAngle>
      <velocity>2.4000000000000004</velocity>
      <orientation>0.21925736873514384</orientation>
      <time>28</time>
    </ksState>
    <ksState>
      <x>-903.6473242609397</x>
      <y>-637.9877461934569</y>
      <steeringAngle>-0.14213333333333342</steeringAngle>
      <velocity>3.2000000000000015</velocity>
      <orientation>0.2055897277943237</orientation>
      <time>29</time>
    </ksState>
    <ksState>
      <x>-903.2879240000295</x>
      <y>-637.9496565348949</y>
      <steeringAngle>-0.17766666666666683</steeringAngle>
      <velocity>4.0000000000000036</velocity>
      <orientation>0.18297981192110355</orientation>
      <time>30</time>
    </ksState>
    <ksState>
      <x>-902.9271012645031</x>
      <y>-637.9237372195303</y>
      <steeringAngle>-0.17766666666666667</steeringAngle>
      <velocity>3.2000000000000006</velocity>
      <orientation>0.15791437265292596</orientation>
      <time>31</time>
    </ksState>
    <ksState>
      <x>-902.6460789836509</x>
      <y>-637.9098348623936</y>
      <steeringAngle>-0.17766666666666667</steeringAngle>
      <velocity>2.4000000000000012</velocity>
      <orientation>0.13841903102289618</orientation>
      <time>32</time>
    </ksState>
    <ksState>
      <x>-902.4452093202358</x>
      <y>-637.9032600485724</y>
      <steeringAngle>-0.17766666666666667</steeringAngle>
      <velocity>1.6000000000000005</velocity>
      <orientation>0.1244937870239152</orientation>
      <time>33</time>
    </ksState>
  </ksTrajectory>
</CommonRoadSolution>
