<?xml version="1.0" ?>
<CommonRoadSolution benchmark_id="KS2:SM1:HRV_Pula-5_3_T-1:2020a" computation_time="2.851391259999218" date="2023-01-12T15:00:04">
  <ksTrajectory planningProblem="1">
    <ksState>
      <x>-664.05169</x>
      <y>-110.19826</y>
      <steeringAngle>0.0</steeringAngle>
      <velocity>12.0</velocity>
      <orientation>-1.427808</orientation>
      <time>0</time>
    </ksState>
    <ksState>
      <x>-663.8863881717148</x>
      <y>-111.34642170656929</y>
      <steeringAngle>0.0</steeringAngle>
      <velocity>11.200000000000001</velocity>
      <orientation>-1.427808</orientation>
      <time>1</time>
    </ksState>
    <ksState>
      <x>-663.7324864695872</x>
      <y>-112.41539984668859</y>
      <steeringAngle>0.0</steeringAngle>
      <velocity>10.4</velocity>
      <orientation>-1.427808</orientation>
      <time>2</time>
    </ksState>
    <ksState>
      <x>-663.5899848935733</x>
      <y>-113.40519442066444</y>
      <steeringAngle>0.0</steeringAngle>
      <velocity>9.599999999999998</velocity>
      <orientation>-1.427808</orientation>
      <time>3</time>
    </ksState>
    <ksState>
      <x>-663.4588834436603</x>
      <y>-114.31580542858399</y>
      <steeringAngle>0.0</steeringAngle>
      <velocity>8.799999999999999</velocity>
      <orientation>-1.427808</orientation>
      <time>4</time>
    </ksState>
    <ksState>
      <x>-663.3391821198443</x>
      <y>-115.14723287047568</y>
      <steeringAngle>0.0</steeringAngle>
      <velocity>7.999999999999997</velocity>
      <orientation>-1.427808</orientation>
      <time>5</time>
    </ksState>
    <ksState>
      <x>-663.2223599013005</x>
      <y>-115.89822893421416</y>
      <steeringAngle>0.03553333333333333</steeringAngle>
      <velocity>7.199999999999999</velocity>
      <orientation>-1.4226629870175076</orientation>
      <time>6</time>
    </ksState>
    <ksState>
      <x>-663.0981803605407</x>
      <y>-116.56706831438646</y>
      <steeringAngle>0.07106666666666664</steeringAngle>
      <velocity>6.400000000000001</velocity>
      <orientation>-1.4086863148965445</orientation>
      <time>7</time>
    </ksState>
    <ksState>
      <x>-662.9667312511674</x>
      <y>-117.15319585300844</y>
      <steeringAngle>0.10659999999999997</steeringAngle>
      <velocity>5.600000000000004</velocity>
      <orientation>-1.388054547030663</orientation>
      <time>8</time>
    </ksState>
    <ksState>
      <x>-662.8310782730074</x>
      <y>-117.65642378263527</y>
      <steeringAngle>0.1421333333333333</steeringAngle>
      <velocity>4.800000000000003</velocity>
      <orientation>-1.362938339522015</orientation>
      <time>9</time>
    </ksState>
    <ksState>
      <x>-662.6965453475071</x>
      <y>-118.0771294964275</y>
      <steeringAngle>0.17766666666666653</steeringAngle>
      <velocity>4.000000000000006</velocity>
      <orientation>-1.3355134429368651</orientation>
      <time>10</time>
    </ksState>
    <ksState>
      <x>-662.5500853378322</x>
      <y>-118.4938757090393</y>
      <steeringAngle>0.14213333333333333</steeringAngle>
      <velocity>4.8000000000000025</velocity>
      <orientation>-1.3080885432185128</orientation>
      <time>11</time>
    </ksState>
    <ksState>
      <x>-662.3740614252904</x>
      <y>-118.98448826348131</y>
      <steeringAngle>0.10660000000000003</steeringAngle>
      <velocity>5.600000000000005</velocity>
      <orientation>-1.2829723309395948</orientation>
      <time>12</time>
    </ksState>
    <ksState>
      <x>-662.1693633664456</x>
      <y>-119.54926427319168</y>
      <steeringAngle>0.07106666666666671</steeringAngle>
      <velocity>6.400000000000004</velocity>
      <orientation>-1.2623405613401353</orientation>
      <time>13</time>
    </ksState>
    <ksState>
      <x>-661.9389934769986</x>
      <y>-120.18937263414726</y>
      <steeringAngle>0.035533333333333375</steeringAngle>
      <velocity>7.200000000000006</velocity>
      <orientation>-1.248363893247343</orientation>
      <time>14</time>
    </ksState>
    <ksState>
      <x>-661.6887505663454</x>
      <y>-120.90703580172064</y>
      <steeringAngle>2.6346112791397758e-17</steeringAngle>
      <velocity>8.000000000000007</velocity>
      <orientation>-1.2432188804677746</orientation>
      <time>15</time>
    </ksState>
    <ksState>
      <x>-661.4442203831027</x>
      <y>-121.62662248057065</y>
      <steeringAngle>0.0</steeringAngle>
      <velocity>7.200000000000001</velocity>
      <orientation>-1.2432188804677746</orientation>
      <time>16</time>
    </ksState>
    <ksState>
      <x>-661.225430219268</x>
      <y>-122.27046319287483</y>
      <steeringAngle>0.0</steeringAngle>
      <velocity>6.400000000000001</velocity>
      <orientation>-1.2432188804677746</orientation>
      <time>17</time>
    </ksState>
    <ksState>
      <x>-661.0323800747768</x>
      <y>-122.83855793882266</y>
      <steeringAngle>0.0</steeringAngle>
      <velocity>5.600000000000001</velocity>
      <orientation>-1.2432188804677746</orientation>
      <time>18</time>
    </ksState>
    <ksState>
      <x>-660.8650699496112</x>
      <y>-123.33090671846769</y>
      <steeringAngle>0.0</steeringAngle>
      <velocity>4.800000000000001</velocity>
      <orientation>-1.2432188804677746</orientation>
      <time>19</time>
    </ksState>
    <ksState>
      <x>-660.7234998437642</x>
      <y>-123.74750953182956</y>
      <steeringAngle>0.0</steeringAngle>
      <velocity>4.000000000000001</velocity>
      <orientation>-1.2432188804677746</orientation>
      <time>20</time>
    </ksState>
    <ksState>
      <x>-660.5988624092786</x>
      <y>-124.12761388956439</y>
      <steeringAngle>-0.035533333333333326</steeringAngle>
      <velocity>4.0</velocity>
      <orientation>-1.245975155000375</orientation>
      <time>21</time>
    </ksState>
    <ksState>
      <x>-660.4837757052064</x>
      <y>-124.51087413690502</y>
      <steeringAngle>-0.07106666666666711</steeringAngle>
      <velocity>4.0</velocity>
      <orientation>-1.2542509155436605</orientation>
      <time>22</time>
    </ksState>
    <ksState>
      <x>-660.3804367177257</x>
      <y>-124.89778187235619</y>
      <steeringAngle>-0.10660000000000043</steeringAngle>
      <velocity>4.0</velocity>
      <orientation>-1.2680671553627973</orientation>
      <time>23</time>
    </ksState>
    <ksState>
      <x>-660.2911296761096</x>
      <y>-125.28863999984867</y>
      <steeringAngle>-0.14213333333333378</steeringAngle>
      <velocity>4.0</velocity>
      <orientation>-1.2874590817483431</orientation>
      <time>24</time>
    </ksState>
    <ksState>
      <x>-660.2182333472663</x>
      <y>-125.68352115629598</y>
      <steeringAngle>-0.1776666666666672</steeringAngle>
      <velocity>4.0</velocity>
      <orientation>-1.3124764881997404</orientation>
      <time>25</time>
    </ksState>
    <ksState>
      <x>-660.1497556264055</x>
      <y>-126.11991403193215</y>
      <steeringAngle>-0.14213333333333333</steeringAngle>
      <velocity>4.8000000000000025</velocity>
      <orientation>-1.3399013879180928</orientation>
      <time>26</time>
    </ksState>
    <ksState>
      <x>-660.0723148197064</x>
      <y>-126.63536336777457</y>
      <steeringAngle>-0.10660000000000003</steeringAngle>
      <velocity>5.600000000000005</velocity>
      <orientation>-1.3650176001970107</orientation>
      <time>27</time>
    </ksState>
    <ksState>
      <x>-659.9849866065905</x>
      <y>-127.22970924319831</y>
      <steeringAngle>-0.07106666666666671</steeringAngle>
      <velocity>6.400000000000004</velocity>
      <orientation>-1.3856493697964702</orientation>
      <time>28</time>
    </ksState>
    <ksState>
      <x>-659.8845732281575</x>
      <y>-127.90255852287446</y>
      <steeringAngle>-0.035533333333333375</steeringAngle>
      <velocity>7.200000000000006</velocity>
      <orientation>-1.3996260378892624</orientation>
      <time>29</time>
    </ksState>
    <ksState>
      <x>-659.7649150666286</x>
      <y>-128.65312088590844</y>
      <steeringAngle>-2.6346112791397758e-17</steeringAngle>
      <velocity>8.000000000000007</velocity>
      <orientation>-1.404771050668831</orientation>
      <time>30</time>
    </ksState>
    <ksState>
      <x>-659.6478116319089</x>
      <y>-129.4040731507516</y>
      <steeringAngle>-0.03553333333333333</steeringAngle>
      <velocity>7.199999999999999</velocity>
      <orientation>-1.4099160636513233</orientation>
      <time>31</time>
    </ksState>
    <ksState>
      <x>-659.5627024500105</x>
      <y>-130.0789976665081</y>
      <steeringAngle>-0.07106666666666664</steeringAngle>
      <velocity>6.400000000000001</velocity>
      <orientation>-1.4238927357722864</orientation>
      <time>32</time>
    </ksState>
    <ksState>
      <x>-659.5096727580186</x>
      <y>-130.67733888325094</y>
      <steeringAngle>-0.10659999999999997</steeringAngle>
      <velocity>5.600000000000004</velocity>
      <orientation>-1.4445245036381678</orientation>
      <time>33</time>
    </ksState>
  </ksTrajectory>
</CommonRoadSolution>
