<?xml version="1.0" ?>
<CommonRoadSolution benchmark_id="KS2:SM1:PRI_Barceloneta-3_1_T-1:2020a" computation_time="1.8564178899996477" date="2023-01-12T15:00:04">
  <ksTrajectory planningProblem="1">
    <ksState>
      <x>44.839951</x>
      <y>-507.40946</y>
      <steeringAngle>0.0</steeringAngle>
      <velocity>4.0</velocity>
      <orientation>1.2213057</orientation>
      <time>0</time>
    </ksState>
    <ksState>
      <x>44.980946355389186</x>
      <y>-507.03511507536126</y>
      <steeringAngle>-0.035533333333333326</steeringAngle>
      <velocity>4.0</velocity>
      <orientation>1.2185494254673996</orientation>
      <time>1</time>
    </ksState>
    <ksState>
      <x>45.13136287183271</x>
      <y>-506.66429404275004</y>
      <steeringAngle>-0.07106666666666711</steeringAngle>
      <velocity>4.0</velocity>
      <orientation>1.2102736649241141</orientation>
      <time>2</time>
    </ksState>
    <ksState>
      <x>45.2932209004508</x>
      <y>-506.2979901789193</y>
      <steeringAngle>-0.10660000000000043</steeringAngle>
      <velocity>4.0</velocity>
      <orientation>1.1964574251049773</orientation>
      <time>3</time>
    </ksState>
    <ksState>
      <x>45.46849057162247</x>
      <y>-505.9373984903344</y>
      <steeringAngle>-0.14213333333333378</steeringAngle>
      <velocity>4.0</velocity>
      <orientation>1.1770654987194316</orientation>
      <time>4</time>
    </ksState>
    <ksState>
      <x>45.659071434870995</x>
      <y>-505.58395268538055</y>
      <steeringAngle>-0.1776666666666672</steeringAngle>
      <velocity>4.0</velocity>
      <orientation>1.1520480922680343</orientation>
      <time>5</time>
    </ksState>
    <ksState>
      <x>45.8453983052405</x>
      <y>-505.2734735360274</y>
      <steeringAngle>-0.21319999999999997</steeringAngle>
      <velocity>3.2</velocity>
      <orientation>1.1245065467045996</orientation>
      <time>6</time>
    </ksState>
    <ksState>
      <x>46.00181136880289</x>
      <y>-505.03845512608916</y>
      <steeringAngle>-0.24873333333333342</steeringAngle>
      <velocity>2.4000000000000004</velocity>
      <orientation>1.0990683163179502</orientation>
      <time>7</time>
    </ksState>
    <ksState>
      <x>46.12108716021731</x>
      <y>-504.8751521721167</y>
      <steeringAngle>-0.2842666666666668</steeringAngle>
      <velocity>1.600000000000001</velocity>
      <orientation>1.0779934165273706</orientation>
      <time>8</time>
    </ksState>
    <ksState>
      <x>46.19657941602284</x>
      <y>-504.7796557392241</y>
      <steeringAngle>-0.3197999999999999</steeringAngle>
      <velocity>0.8000000000000007</velocity>
      <orientation>1.063594989226666</orientation>
      <time>9</time>
    </ksState>
    <ksState>
      <x>46.222733611717786</x>
      <y>-504.7484518313036</y>
      <steeringAngle>-0.3553333333333332</steeringAngle>
      <velocity>5.551115123125783e-16</velocity>
      <orientation>1.0582533475909368</orientation>
      <time>10</time>
    </ksState>
    <ksState>
      <x>46.222733611717786</x>
      <y>-504.7484518313036</y>
      <steeringAngle>-0.3198</steeringAngle>
      <velocity>0.0</velocity>
      <orientation>1.0582533475909368</orientation>
      <time>11</time>
    </ksState>
    <ksState>
      <x>46.222733611717786</x>
      <y>-504.7484518313036</y>
      <steeringAngle>-0.2842666666666666</steeringAngle>
      <velocity>0.0</velocity>
      <orientation>1.0582533475909368</orientation>
      <time>12</time>
    </ksState>
    <ksState>
      <x>46.222733611717786</x>
      <y>-504.7484518313036</y>
      <steeringAngle>-0.24873333333333333</steeringAngle>
      <velocity>0.0</velocity>
      <orientation>1.0582533475909368</orientation>
      <time>13</time>
    </ksState>
    <ksState>
      <x>46.222733611717786</x>
      <y>-504.7484518313036</y>
      <steeringAngle>-0.21320000000000003</steeringAngle>
      <velocity>0.0</velocity>
      <orientation>1.0582533475909368</orientation>
      <time>14</time>
    </ksState>
    <ksState>
      <x>46.222733611717786</x>
      <y>-504.7484518313036</y>
      <steeringAngle>-0.1776666666666667</steeringAngle>
      <velocity>0.0</velocity>
      <orientation>1.0582533475909368</orientation>
      <time>15</time>
    </ksState>
    <ksState>
      <x>46.24537569350202</x>
      <y>-504.7152994917894</y>
      <steeringAngle>-0.14213333333333333</steeringAngle>
      <velocity>0.8</velocity>
      <orientation>1.0558458503801342</orientation>
      <time>16</time>
    </ksState>
    <ksState>
      <x>46.311863931961156</x>
      <y>-504.61507041576454</y>
      <steeringAngle>-0.10660000000000001</steeringAngle>
      <velocity>1.6</velocity>
      <orientation>1.0501215637597996</orientation>
      <time>17</time>
    </ksState>
    <ksState>
      <x>46.4203823604935</x>
      <y>-504.4467893713597</y>
      <steeringAngle>-0.07106666666666664</steeringAngle>
      <velocity>2.4000000000000004</velocity>
      <orientation>1.043306049996821</orientation>
      <time>18</time>
    </ksState>
    <ksState>
      <x>46.56908799584509</x>
      <y>-504.20940010194715</y>
      <steeringAngle>-0.03553333333333332</steeringAngle>
      <velocity>3.1999999999999993</velocity>
      <orientation>1.0376051292838913</orientation>
      <time>19</time>
    </ksState>
    <ksState>
      <x>46.75549287034064</x>
      <y>-503.901397313596</y>
      <steeringAngle>2.6020852139652106e-18</steeringAngle>
      <velocity>3.999999999999999</velocity>
      <orientation>1.0352163776955643</orientation>
      <time>20</time>
    </ksState>
    <ksState>
      <x>46.95962881661154</x>
      <y>-503.5574081924888</y>
      <steeringAngle>0.0</steeringAngle>
      <velocity>4.0</velocity>
      <orientation>1.0352163776955643</orientation>
      <time>21</time>
    </ksState>
    <ksState>
      <x>47.16376476288244</x>
      <y>-503.2134190713817</y>
      <steeringAngle>0.0</steeringAngle>
      <velocity>4.0</velocity>
      <orientation>1.0352163776955643</orientation>
      <time>22</time>
    </ksState>
    <ksState>
      <x>47.36790070915334</x>
      <y>-502.8694299502745</y>
      <steeringAngle>0.0</steeringAngle>
      <velocity>4.0</velocity>
      <orientation>1.0352163776955643</orientation>
      <time>23</time>
    </ksState>
    <ksState>
      <x>47.57203665542424</x>
      <y>-502.52544082916734</y>
      <steeringAngle>0.0</steeringAngle>
      <velocity>4.0</velocity>
      <orientation>1.0352163776955643</orientation>
      <time>24</time>
    </ksState>
    <ksState>
      <x>47.77617260169514</x>
      <y>-502.18145170806014</y>
      <steeringAngle>0.0</steeringAngle>
      <velocity>4.0</velocity>
      <orientation>1.0352163776955643</orientation>
      <time>25</time>
    </ksState>
    <ksState>
      <x>48.000722143117585</x>
      <y>-501.8030636739585</y>
      <steeringAngle>0.0</steeringAngle>
      <velocity>4.8</velocity>
      <orientation>1.0352163776955643</orientation>
      <time>26</time>
    </ksState>
    <ksState>
      <x>48.26609887381729</x>
      <y>-501.3558778155965</y>
      <steeringAngle>0.0</steeringAngle>
      <velocity>5.6</velocity>
      <orientation>1.0352163776955643</orientation>
      <time>27</time>
    </ksState>
    <ksState>
      <x>48.57230279378611</x>
      <y>-500.839894132988</y>
      <steeringAngle>0.0</steeringAngle>
      <velocity>6.4</velocity>
      <orientation>1.0352163776955643</orientation>
      <time>28</time>
    </ksState>
    <ksState>
      <x>48.91933390301922</x>
      <y>-500.2551126261409</y>
      <steeringAngle>0.0</steeringAngle>
      <velocity>7.199999999999999</velocity>
      <orientation>1.0352163776955643</orientation>
      <time>29</time>
    </ksState>
    <ksState>
      <x>49.30719220151368</x>
      <y>-499.60153329506034</y>
      <steeringAngle>0.0</steeringAngle>
      <velocity>7.999999999999998</velocity>
      <orientation>1.0352163776955643</orientation>
      <time>30</time>
    </ksState>
    <ksState>
      <x>49.702445852782624</x>
      <y>-498.9523668528787</y>
      <steeringAngle>-0.03553333333333333</steeringAngle>
      <velocity>7.199999999999999</velocity>
      <orientation>1.030071364713072</orientation>
      <time>31</time>
    </ksState>
    <ksState>
      <x>50.07306524097629</x>
      <y>-498.3819214620589</y>
      <steeringAngle>-0.07106666666666664</steeringAngle>
      <velocity>6.400000000000001</velocity>
      <orientation>1.0160946925921088</orientation>
      <time>32</time>
    </ksState>
    <ksState>
      <x>50.41875689408352</x>
      <y>-497.89067647138927</y>
      <steeringAngle>-0.10659999999999997</steeringAngle>
      <velocity>5.600000000000004</velocity>
      <orientation>0.9954629247262274</orientation>
      <time>33</time>
    </ksState>
  </ksTrajectory>
</CommonRoadSolution>
