<?xml version="1.0" ?>
<CommonRoadSolution benchmark_id="KS2:SM1:ITA_Foggia-13_1_T-1:2020a" computation_time="3.8990386810000928" date="2023-01-12T15:00:04">
  <ksTrajectory planningProblem="1">
    <ksState>
      <x>-741.71349</x>
      <y>-677.62542</y>
      <steeringAngle>0.0</steeringAngle>
      <velocity>4.0</velocity>
      <orientation>2.4757406</orientation>
      <time>0</time>
    </ksState>
    <ksState>
      <x>-742.0564633917728</x>
      <y>-677.3497628542909</y>
      <steeringAngle>-0.035533333333333326</steeringAngle>
      <velocity>4.799999999999999</velocity>
      <orientation>2.472616821330809</orientation>
      <time>1</time>
    </ksState>
    <ksState>
      <x>-742.4531781586903</x>
      <y>-677.0132462587712</y>
      <steeringAngle>-0.07106666666666667</steeringAngle>
      <velocity>5.599999999999998</velocity>
      <orientation>2.4617662102696363</orientation>
      <time>2</time>
    </ksState>
    <ksState>
      <x>-742.8972354810065</x>
      <y>-676.608706415554</y>
      <steeringAngle>-0.10659999999999999</steeringAngle>
      <velocity>6.3999999999999995</velocity>
      <orientation>2.4409492612693082</orientation>
      <time>3</time>
    </ksState>
    <ksState>
      <x>-743.3791471697597</x>
      <y>-676.126751821874</y>
      <steeringAngle>-0.14213333333333333</steeringAngle>
      <velocity>7.199999999999999</velocity>
      <orientation>2.407889690288143</orientation>
      <time>4</time>
    </ksState>
    <ksState>
      <x>-743.8851809605229</x>
      <y>-675.5558588048212</y>
      <steeringAngle>-0.17766666666666664</steeringAngle>
      <velocity>7.9999999999999964</velocity>
      <orientation>2.3602623682065964</orientation>
      <time>5</time>
    </ksState>
    <ksState>
      <x>-744.3624804646288</x>
      <y>-674.960578555444</y>
      <steeringAngle>-0.1421333333333334</steeringAngle>
      <velocity>7.2</velocity>
      <orientation>2.3126350464609593</orientation>
      <time>6</time>
    </ksState>
    <ksState>
      <x>-744.7779517934777</x>
      <y>-674.4202045441743</y>
      <steeringAngle>-0.10660000000000011</steeringAngle>
      <velocity>6.4</velocity>
      <orientation>2.2795754760129916</orientation>
      <time>7</time>
    </ksState>
    <ksState>
      <x>-745.140725558889</x>
      <y>-673.9413685578759</y>
      <steeringAngle>-0.07106666666666674</steeringAngle>
      <velocity>5.600000000000001</velocity>
      <orientation>2.258758527719103</orientation>
      <time>8</time>
    </ksState>
    <ksState>
      <x>-745.4565006726091</x>
      <y>-673.5279301634331</y>
      <steeringAngle>-0.03553333333333339</steeringAngle>
      <velocity>4.800000000000001</velocity>
      <orientation>2.2479079180614403</orientation>
      <time>9</time>
    </ksState>
    <ksState>
      <x>-745.7280027368267</x>
      <y>-673.1816525526995</y>
      <steeringAngle>-5.5294310796760726e-17</steeringAngle>
      <velocity>4.0</velocity>
      <orientation>2.2447841422242747</orientation>
      <time>10</time>
    </ksState>
    <ksState>
      <x>-745.9498031992928</x>
      <y>-672.8980771137581</y>
      <steeringAngle>-0.03553333333333333</steeringAngle>
      <velocity>3.2</velocity>
      <orientation>2.242395393844482</orientation>
      <time>11</time>
    </ksState>
    <ksState>
      <x>-746.1171110883474</x>
      <y>-672.6734169624989</y>
      <steeringAngle>-0.07106666666666668</steeringAngle>
      <velocity>2.4</velocity>
      <orientation>2.2366944788386856</orientation>
      <time>12</time>
    </ksState>
    <ksState>
      <x>-746.2325181368691</x>
      <y>-672.5097887521412</y>
      <steeringAngle>-0.10660000000000003</steeringAngle>
      <velocity>1.5999999999999994</velocity>
      <orientation>2.229878945093954</orientation>
      <time>13</time>
    </ksState>
    <ksState>
      <x>-746.2992937013139</x>
      <y>-672.409753544393</y>
      <steeringAngle>-0.14213333333333342</steeringAngle>
      <velocity>0.7999999999999988</velocity>
      <orientation>2.224154683607474</orientation>
      <time>14</time>
    </ksState>
    <ksState>
      <x>-746.3208486310245</x>
      <y>-672.375884593946</y>
      <steeringAngle>-0.17766666666666675</steeringAngle>
      <velocity>-1.5265566588595902e-15</velocity>
      <orientation>2.2217471891329184</orientation>
      <time>15</time>
    </ksState>
    <ksState>
      <x>-746.3208486310245</x>
      <y>-672.375884593946</y>
      <steeringAngle>-0.14213333333333336</steeringAngle>
      <velocity>0.0</velocity>
      <orientation>2.2217471891329184</orientation>
      <time>16</time>
    </ksState>
    <ksState>
      <x>-746.3208486310245</x>
      <y>-672.375884593946</y>
      <steeringAngle>-0.10660000000000001</steeringAngle>
      <velocity>0.0</velocity>
      <orientation>2.2217471891329184</orientation>
      <time>17</time>
    </ksState>
    <ksState>
      <x>-746.3208486310245</x>
      <y>-672.375884593946</y>
      <steeringAngle>-0.07106666666666668</steeringAngle>
      <velocity>0.0</velocity>
      <orientation>2.2217471891329184</orientation>
      <time>18</time>
    </ksState>
    <ksState>
      <x>-746.3208486310245</x>
      <y>-672.375884593946</y>
      <steeringAngle>-0.03553333333333333</steeringAngle>
      <velocity>0.0</velocity>
      <orientation>2.2217471891329184</orientation>
      <time>19</time>
    </ksState>
    <ksState>
      <x>-746.3208486310245</x>
      <y>-672.375884593946</y>
      <steeringAngle>-0.0</steeringAngle>
      <velocity>0.0</velocity>
      <orientation>2.2217471891329184</orientation>
      <time>20</time>
    </ksState>
    <ksState>
      <x>-746.3208486310245</x>
      <y>-672.375884593946</y>
      <steeringAngle>0.0</steeringAngle>
      <velocity>0.0</velocity>
      <orientation>2.2217471891329184</orientation>
      <time>21</time>
    </ksState>
    <ksState>
      <x>-746.3208486310245</x>
      <y>-672.375884593946</y>
      <steeringAngle>0.0</steeringAngle>
      <velocity>0.0</velocity>
      <orientation>2.2217471891329184</orientation>
      <time>22</time>
    </ksState>
    <ksState>
      <x>-746.3208486310245</x>
      <y>-672.375884593946</y>
      <steeringAngle>0.0</steeringAngle>
      <velocity>0.0</velocity>
      <orientation>2.2217471891329184</orientation>
      <time>23</time>
    </ksState>
    <ksState>
      <x>-746.3208486310245</x>
      <y>-672.375884593946</y>
      <steeringAngle>0.0</steeringAngle>
      <velocity>0.0</velocity>
      <orientation>2.2217471891329184</orientation>
      <time>24</time>
    </ksState>
    <ksState>
      <x>-746.3208486310245</x>
      <y>-672.375884593946</y>
      <steeringAngle>0.0</steeringAngle>
      <velocity>0.0</velocity>
      <orientation>2.2217471891329184</orientation>
      <time>25</time>
    </ksState>
    <ksState>
      <x>-746.3208486310245</x>
      <y>-672.375884593946</y>
      <steeringAngle>0.0</steeringAngle>
      <velocity>0.0</velocity>
      <orientation>2.2217471891329184</orientation>
      <time>26</time>
    </ksState>
    <ksState>
      <x>-746.3208486310245</x>
      <y>-672.375884593946</y>
      <steeringAngle>0.0</steeringAngle>
      <velocity>0.0</velocity>
      <orientation>2.2217471891329184</orientation>
      <time>27</time>
    </ksState>
    <ksState>
      <x>-746.3208486310245</x>
      <y>-672.375884593946</y>
      <steeringAngle>0.0</steeringAngle>
      <velocity>0.0</velocity>
      <orientation>2.2217471891329184</orientation>
      <time>28</time>
    </ksState>
    <ksState>
      <x>-746.3208486310245</x>
      <y>-672.375884593946</y>
      <steeringAngle>0.0</steeringAngle>
      <velocity>0.0</velocity>
      <orientation>2.2217471891329184</orientation>
      <time>29</time>
    </ksState>
    <ksState>
      <x>-746.3208486310245</x>
      <y>-672.375884593946</y>
      <steeringAngle>0.0</steeringAngle>
      <velocity>0.0</velocity>
      <orientation>2.2217471891329184</orientation>
      <time>30</time>
    </ksState>
    <ksState>
      <x>-746.3208486310245</x>
      <y>-672.375884593946</y>
      <steeringAngle>0.0</steeringAngle>
      <velocity>0.0</velocity>
      <orientation>2.2217471891329184</orientation>
      <time>31</time>
    </ksState>
    <ksState>
      <x>-746.3208486310245</x>
      <y>-672.375884593946</y>
      <steeringAngle>0.0</steeringAngle>
      <velocity>0.0</velocity>
      <orientation>2.2217471891329184</orientation>
      <time>32</time>
    </ksState>
    <ksState>
      <x>-746.3208486310245</x>
      <y>-672.375884593946</y>
      <steeringAngle>0.0</steeringAngle>
      <velocity>0.0</velocity>
      <orientation>2.2217471891329184</orientation>
      <time>33</time>
    </ksState>
  </ksTrajectory>
</CommonRoadSolution>
