<?xml version="1.0" ?>
<CommonRoadSolution benchmark_id="KS2:SM1:DEU_BadWaldsee-4_2_T-1:2020a" computation_time="0.7034114900002351" date="2023-01-12T15:00:04">
  <ksTrajectory planningProblem="1">
    <ksState>
      <x>394.62151</x>
      <y>-680.29984</y>
      <steeringAngle>0.0</steeringAngle>
      <velocity>4.0</velocity>
      <orientation>-0.95991272</orientation>
      <time>0</time>
    </ksState>
    <ksState>
      <x>394.8544565098302</x>
      <y>-680.6250318455345</y>
      <steeringAngle>0.035533333333333326</steeringAngle>
      <velocity>4.0</velocity>
      <orientation>-0.9571564454673996</orientation>
      <time>1</time>
    </ksState>
    <ksState>
      <x>395.0955934857037</x>
      <y>-680.9443848250295</y>
      <steeringAngle>0.07106666666666711</steeringAngle>
      <velocity>4.0</velocity>
      <orientation>-0.9488806849241143</orientation>
      <time>2</time>
    </ksState>
    <ksState>
      <x>395.3466159602986</x>
      <y>-681.2564172902215</y>
      <steeringAngle>0.10660000000000043</steeringAngle>
      <velocity>4.0</velocity>
      <orientation>-0.9350644451049774</orientation>
      <time>3</time>
    </ksState>
    <ksState>
      <x>395.6091183192069</x>
      <y>-681.5594656940726</y>
      <steeringAngle>0.14213333333333378</steeringAngle>
      <velocity>4.0</velocity>
      <orientation>-0.9156725187194316</orientation>
      <time>4</time>
    </ksState>
    <ksState>
      <x>395.8845650778378</x>
      <y>-681.8516541360681</y>
      <steeringAngle>0.1776666666666672</steeringAngle>
      <velocity>4.0</velocity>
      <orientation>-0.8906551122680342</orientation>
      <time>5</time>
    </ksState>
    <ksState>
      <x>396.17425458863346</x>
      <y>-682.1308659914758</y>
      <steeringAngle>0.21319999999999995</steeringAngle>
      <velocity>4.0</velocity>
      <orientation>-0.859947329630534</orientation>
      <time>6</time>
    </ksState>
    <ksState>
      <x>396.4792744690812</x>
      <y>-682.394718629697</y>
      <steeringAngle>0.24873333333333336</steeringAngle>
      <velocity>4.0</velocity>
      <orientation>-0.8234684885078397</orientation>
      <time>7</time>
    </ksState>
    <ksState>
      <x>396.8004475331828</x>
      <y>-682.6405426635579</y>
      <steeringAngle>0.2842666666666667</steeringAngle>
      <velocity>4.0</velocity>
      <orientation>-0.7811212546623917</orientation>
      <time>8</time>
    </ksState>
    <ksState>
      <x>397.13826702146633</x>
      <y>-682.8653676327455</y>
      <steeringAngle>0.31980000000000003</steeringAngle>
      <velocity>4.0</velocity>
      <orientation>-0.7327905732952567</orientation>
      <time>9</time>
    </ksState>
    <ksState>
      <x>397.49282004414516</x>
      <y>-683.0659166387151</y>
      <steeringAngle>0.35533333333333333</steeringAngle>
      <velocity>4.0</velocity>
      <orientation>-0.6783423721169782</orientation>
      <time>10</time>
    </ksState>
    <ksState>
      <x>397.86369835588584</x>
      <y>-683.2386131896684</y>
      <steeringAngle>0.39086666666666653</steeringAngle>
      <velocity>4.0</velocity>
      <orientation>-0.617622005810991</orientation>
      <time>11</time>
    </ksState>
    <ksState>
      <x>398.2498960128127</x>
      <y>-683.3796041614924</y>
      <steeringAngle>0.42639999999999995</steeringAngle>
      <velocity>4.0</velocity>
      <orientation>-0.5504523923545874</orientation>
      <time>12</time>
    </ksState>
    <ksState>
      <x>398.64969395059825</x>
      <y>-683.4848042422107</y>
      <steeringAngle>0.4619333333333333</steeringAngle>
      <velocity>4.0</velocity>
      <orientation>-0.4766318087222434</orientation>
      <time>13</time>
    </ksState>
    <ksState>
      <x>399.0605326418268</x>
      <y>-683.549967733902</y>
      <steeringAngle>0.49746666666666667</steeringAngle>
      <velocity>4.0</velocity>
      <orientation>-0.3959312669090231</orientation>
      <time>14</time>
    </ksState>
    <ksState>
      <x>399.47887524074525</x>
      <y>-683.5707952511077</y>
      <steeringAngle>0.533</steeringAngle>
      <velocity>4.0</velocity>
      <orientation>-0.30809140030921445</orientation>
      <time>15</time>
    </ksState>
    <ksState>
      <x>399.858049196764</x>
      <y>-683.5478345404157</y>
      <steeringAngle>0.5685333333333333</steeringAngle>
      <velocity>3.199999999999999</velocity>
      <orientation>-0.22247254711236147</orientation>
      <time>16</time>
    </ksState>
    <ksState>
      <x>400.15209718546015</x>
      <y>-683.499232040103</y>
      <steeringAngle>0.6040666666666664</steeringAngle>
      <velocity>2.3999999999999995</velocity>
      <orientation>-0.1504788022991432</orientation>
      <time>17</time>
    </ksState>
    <ksState>
      <x>400.3602168052711</x>
      <y>-683.4455006443635</y>
      <steeringAngle>0.6395999999999996</steeringAngle>
      <velocity>1.5999999999999983</velocity>
      <orientation>-0.09502896752313039</orientation>
      <time>18</time>
    </ksState>
    <ksState>
      <x>400.4837739333486</x>
      <y>-683.40402759665</y>
      <steeringAngle>0.675133333333333</steeringAngle>
      <velocity>0.7999999999999986</velocity>
      <orientation>-0.05925236260430125</orientation>
      <time>19</time>
    </ksState>
    <ksState>
      <x>400.5246746148679</x>
      <y>-683.3880671533149</y>
      <steeringAngle>0.7106666666666662</steeringAngle>
      <velocity>-1.27675647831893e-15</velocity>
      <orientation>-0.04652816550569305</orientation>
      <time>20</time>
    </ksState>
    <ksState>
      <x>400.5246746148679</x>
      <y>-683.3880671533149</y>
      <steeringAngle>0.6751333333333334</steeringAngle>
      <velocity>0.0</velocity>
      <orientation>-0.04652816550569305</orientation>
      <time>21</time>
    </ksState>
    <ksState>
      <x>400.5246746148679</x>
      <y>-683.3880671533149</y>
      <steeringAngle>0.6396</steeringAngle>
      <velocity>0.0</velocity>
      <orientation>-0.04652816550569305</orientation>
      <time>22</time>
    </ksState>
    <ksState>
      <x>400.5246746148679</x>
      <y>-683.3880671533149</y>
      <steeringAngle>0.6040666666666666</steeringAngle>
      <velocity>0.0</velocity>
      <orientation>-0.04652816550569305</orientation>
      <time>23</time>
    </ksState>
    <ksState>
      <x>400.5246746148679</x>
      <y>-683.3880671533149</y>
      <steeringAngle>0.5685333333333333</steeringAngle>
      <velocity>0.0</velocity>
      <orientation>-0.04652816550569305</orientation>
      <time>24</time>
    </ksState>
    <ksState>
      <x>400.5246746148679</x>
      <y>-683.3880671533149</y>
      <steeringAngle>0.5329999999999999</steeringAngle>
      <velocity>0.0</velocity>
      <orientation>-0.04652816550569305</orientation>
      <time>25</time>
    </ksState>
    <ksState>
      <x>400.5246746148679</x>
      <y>-683.3880671533149</y>
      <steeringAngle>0.49746666666666667</steeringAngle>
      <velocity>0.0</velocity>
      <orientation>-0.04652816550569305</orientation>
      <time>26</time>
    </ksState>
    <ksState>
      <x>400.5246746148679</x>
      <y>-683.3880671533149</y>
      <steeringAngle>0.4619333333333333</steeringAngle>
      <velocity>0.0</velocity>
      <orientation>-0.04652816550569305</orientation>
      <time>27</time>
    </ksState>
    <ksState>
      <x>400.5246746148679</x>
      <y>-683.3880671533149</y>
      <steeringAngle>0.42639999999999995</steeringAngle>
      <velocity>0.0</velocity>
      <orientation>-0.04652816550569305</orientation>
      <time>28</time>
    </ksState>
    <ksState>
      <x>400.5246746148679</x>
      <y>-683.3880671533149</y>
      <steeringAngle>0.3908666666666666</steeringAngle>
      <velocity>0.0</velocity>
      <orientation>-0.04652816550569305</orientation>
      <time>29</time>
    </ksState>
    <ksState>
      <x>400.5246746148679</x>
      <y>-683.3880671533149</y>
      <steeringAngle>0.3553333333333333</steeringAngle>
      <velocity>0.0</velocity>
      <orientation>-0.04652816550569305</orientation>
      <time>30</time>
    </ksState>
    <ksState>
      <x>400.5246746148679</x>
      <y>-683.3880671533149</y>
      <steeringAngle>0.3198</steeringAngle>
      <velocity>0.0</velocity>
      <orientation>-0.04652816550569305</orientation>
      <time>31</time>
    </ksState>
    <ksState>
      <x>400.5246746148679</x>
      <y>-683.3880671533149</y>
      <steeringAngle>0.2842666666666666</steeringAngle>
      <velocity>0.0</velocity>
      <orientation>-0.04652816550569305</orientation>
      <time>32</time>
    </ksState>
    <ksState>
      <x>400.5246746148679</x>
      <y>-683.3880671533149</y>
      <steeringAngle>0.24873333333333333</steeringAngle>
      <velocity>0.0</velocity>
      <orientation>-0.04652816550569305</orientation>
      <time>33</time>
    </ksState>
  </ksTrajectory>
</CommonRoadSolution>
