<?xml version="1.0" ?>
<CommonRoadSolution benchmark_id="KS2:SM1:HRV_Pula-5_2_T-1:2020a" computation_time="3.783079634999922" date="2023-01-12T15:00:04">
  <ksTrajectory planningProblem="1">
    <ksState>
      <x>-690.16032</x>
      <y>-82.228649</y>
      <steeringAngle>0.0</steeringAngle>
      <velocity>8.0</velocity>
      <orientation>-0.033382347</orientation>
      <time>0</time>
    </ksState>
    <ksState>
      <x>-689.400053370235</x>
      <y>-82.24541109161805</y>
      <steeringAngle>0.03553333333333333</steeringAngle>
      <velocity>7.199999999999999</velocity>
      <orientation>-0.028237334017507675</orientation>
      <time>1</time>
    </ksState>
    <ksState>
      <x>-688.7194225835484</x>
      <y>-82.24051089499247</y>
      <steeringAngle>0.07106666666666664</steeringAngle>
      <velocity>6.400000000000001</velocity>
      <orientation>-0.014260661896544565</orientation>
      <time>2</time>
    </ksState>
    <ksState>
      <x>-688.1189896536891</x>
      <y>-82.21393566812776</y>
      <steeringAngle>0.10659999999999997</steeringAngle>
      <velocity>5.600000000000004</velocity>
      <orientation>0.0063711059693368</orientation>
      <time>3</time>
    </ksState>
    <ksState>
      <x>-687.5994774695475</x>
      <y>-82.16867054701049</y>
      <steeringAngle>0.1421333333333333</steeringAngle>
      <velocity>4.800000000000003</velocity>
      <orientation>0.031487313477985064</orientation>
      <time>4</time>
    </ksState>
    <ksState>
      <x>-687.1614487378147</x>
      <y>-82.11002429987478</y>
      <steeringAngle>0.17766666666666653</steeringAngle>
      <velocity>4.000000000000006</velocity>
      <orientation>0.05891221006313487</orientation>
      <time>5</time>
    </ksState>
    <ksState>
      <x>-686.8049221031248</x>
      <y>-82.04875753777335</y>
      <steeringAngle>0.17766666666666667</steeringAngle>
      <velocity>3.2000000000000006</velocity>
      <orientation>0.08397764933131247</orientation>
      <time>6</time>
    </ksState>
    <ksState>
      <x>-686.5287511944945</x>
      <y>-81.99493907350997</y>
      <steeringAngle>0.17766666666666667</steeringAngle>
      <velocity>2.4000000000000012</velocity>
      <orientation>0.10347299096134224</orientation>
      <time>7</time>
    </ksState>
    <ksState>
      <x>-686.3321546195817</x>
      <y>-81.95320615377226</y>
      <steeringAngle>0.17766666666666667</steeringAngle>
      <velocity>1.6000000000000005</velocity>
      <orientation>0.11739823496032321</orientation>
      <time>8</time>
    </ksState>
    <ksState>
      <x>-686.2144823288334</x>
      <y>-81.92685376342264</y>
      <steeringAngle>0.17766666666666667</steeringAngle>
      <velocity>0.8000000000000004</velocity>
      <orientation>0.12575338133107733</orientation>
      <time>9</time>
    </ksState>
    <ksState>
      <x>-686.1753076692116</x>
      <y>-81.91785125485534</y>
      <steeringAngle>0.17766666666666667</steeringAngle>
      <velocity>2.7755575615628914e-16</velocity>
      <orientation>0.12853843007729268</orientation>
      <time>10</time>
    </ksState>
    <ksState>
      <x>-686.136158238963</x>
      <y>-81.90873962680635</y>
      <steeringAngle>0.17766666666666667</steeringAngle>
      <velocity>0.7999999999999999</velocity>
      <orientation>0.13132347894342872</orientation>
      <time>11</time>
    </ksState>
    <ksState>
      <x>-686.0188643067984</x>
      <y>-81.88075122920225</y>
      <steeringAngle>0.17766666666666667</steeringAngle>
      <velocity>1.6000000000000005</velocity>
      <orientation>0.13967862545931573</orientation>
      <time>12</time>
    </ksState>
    <ksState>
      <x>-685.8239072056176</x>
      <y>-81.83192931945321</y>
      <steeringAngle>0.17766666666666667</steeringAngle>
      <velocity>2.4000000000000017</velocity>
      <orientation>0.15360386961276634</orientation>
      <time>13</time>
    </ksState>
    <ksState>
      <x>-685.5521495843266</x>
      <y>-81.75902806343004</y>
      <steeringAngle>0.17766666666666667</steeringAngle>
      <velocity>3.2000000000000024</velocity>
      <orientation>0.17309921140009246</orientation>
      <time>14</time>
    </ksState>
    <ksState>
      <x>-685.2049254125427</x>
      <y>-81.65753800854495</y>
      <steeringAngle>0.17766666666666667</steeringAngle>
      <velocity>4.000000000000002</velocity>
      <orientation>0.19816465081978482</orientation>
      <time>15</time>
    </ksState>
    <ksState>
      <x>-684.7830311672483</x>
      <y>-81.52664421209991</y>
      <steeringAngle>0.14213333333333333</steeringAngle>
      <velocity>4.8000000000000025</velocity>
      <orientation>0.22558955053813723</orientation>
      <time>16</time>
    </ksState>
    <ksState>
      <x>-684.2862243515766</x>
      <y>-81.36894803502304</y>
      <steeringAngle>0.10660000000000003</steeringAngle>
      <velocity>5.600000000000005</velocity>
      <orientation>0.25070576281705514</orientation>
      <time>17</time>
    </ksState>
    <ksState>
      <x>-683.71424107535</x>
      <y>-81.18534964680491</y>
      <steeringAngle>0.07106666666666671</steeringAngle>
      <velocity>6.400000000000004</velocity>
      <orientation>0.2713375324165146</orientation>
      <time>18</time>
    </ksState>
    <ksState>
      <x>-683.0660246627959</x>
      <y>-80.97889267253491</y>
      <steeringAngle>0.035533333333333375</steeringAngle>
      <velocity>7.200000000000006</velocity>
      <orientation>0.2853142005093069</orientation>
      <time>19</time>
    </ksState>
    <ksState>
      <x>-682.3395693815115</x>
      <y>-80.75545440204951</y>
      <steeringAngle>2.6346112791397758e-17</steeringAngle>
      <velocity>8.000000000000007</velocity>
      <orientation>0.29045921328887536</orientation>
      <time>20</time>
    </ksState>
    <ksState>
      <x>-681.5730794123757</x>
      <y>-80.526340615441</y>
      <steeringAngle>0.0</steeringAngle>
      <velocity>8.0</velocity>
      <orientation>0.29045921328887536</orientation>
      <time>21</time>
    </ksState>
    <ksState>
      <x>-680.8065894432398</x>
      <y>-80.29722682883249</y>
      <steeringAngle>0.0</steeringAngle>
      <velocity>8.0</velocity>
      <orientation>0.29045921328887536</orientation>
      <time>22</time>
    </ksState>
    <ksState>
      <x>-680.040099474104</x>
      <y>-80.06811304222398</y>
      <steeringAngle>0.0</steeringAngle>
      <velocity>8.0</velocity>
      <orientation>0.29045921328887536</orientation>
      <time>23</time>
    </ksState>
    <ksState>
      <x>-679.273609504968</x>
      <y>-79.83899925561546</y>
      <steeringAngle>0.0</steeringAngle>
      <velocity>8.0</velocity>
      <orientation>0.29045921328887536</orientation>
      <time>24</time>
    </ksState>
    <ksState>
      <x>-678.5071195358322</x>
      <y>-79.60988546900695</y>
      <steeringAngle>0.0</steeringAngle>
      <velocity>8.0</velocity>
      <orientation>0.29045921328887536</orientation>
      <time>25</time>
    </ksState>
    <ksState>
      <x>-677.7379855843914</x>
      <y>-79.38970113733905</y>
      <steeringAngle>-0.03553333333333333</steeringAngle>
      <velocity>8.0</velocity>
      <orientation>0.2849466782860366</orientation>
      <time>26</time>
    </ksState>
    <ksState>
      <x>-676.9621877607328</x>
      <y>-79.19312338975232</y>
      <steeringAngle>-0.07106666666666667</steeringAngle>
      <velocity>8.0</velocity>
      <orientation>0.2683951574057669</orientation>
      <time>27</time>
    </ksState>
    <ksState>
      <x>-676.1782835447227</x>
      <y>-79.02898764488094</y>
      <steeringAngle>-0.10659999999999997</steeringAngle>
      <velocity>8.0</velocity>
      <orientation>0.24076267811507204</orientation>
      <time>28</time>
    </ksState>
    <ksState>
      <x>-675.3859042072536</x>
      <y>-78.9064454908869</y>
      <steeringAngle>-0.1421333333333333</steeringAngle>
      <velocity>8.0</velocity>
      <orientation>0.20197882584233712</orientation>
      <time>29</time>
    </ksState>
    <ksState>
      <x>-674.5860828599367</x>
      <y>-78.8349530492473</y>
      <steeringAngle>-0.17766666666666667</steeringAngle>
      <velocity>8.0</velocity>
      <orientation>0.15194401359318244</orientation>
      <time>30</time>
    </ksState>
    <ksState>
      <x>-673.8236401009906</x>
      <y>-78.80572239326857</y>
      <steeringAngle>-0.1421333333333334</steeringAngle>
      <velocity>7.2</velocity>
      <orientation>0.10431669184754551</orientation>
      <time>31</time>
    </ksState>
    <ksState>
      <x>-673.1421190228081</x>
      <y>-78.79349467295161</y>
      <steeringAngle>-0.10660000000000011</steeringAngle>
      <velocity>6.4</velocity>
      <orientation>0.07125712139957754</orientation>
      <time>32</time>
    </ksState>
    <ksState>
      <x>-672.5414141558061</x>
      <y>-78.78698549441044</y>
      <steeringAngle>-0.07106666666666674</steeringAngle>
      <velocity>5.600000000000001</velocity>
      <orientation>0.05044017310568907</orientation>
      <time>33</time>
    </ksState>
  </ksTrajectory>
</CommonRoadSolution>
