<?xml version="1.0" ?>
<CommonRoadSolution benchmark_id="KS2:SM1:ITA_Empoli-3_1_T-1:2020a" computation_time="2.881205855999724" date="2023-01-12T15:00:04">
  <ksTrajectory planningProblem="1">
    <ksState>
      <x>-388.21367</x>
      <y>-927.42478</y>
      <steeringAngle>0.0</steeringAngle>
      <velocity>0.0</velocity>
      <orientation>-1.5882699</orientation>
      <time>0</time>
    </ksState>
    <ksState>
      <x>-388.2148976073401</x>
      <y>-927.4647645583548</y>
      <steeringAngle>-0.03553333333333333</steeringAngle>
      <velocity>0.8</velocity>
      <orientation>-1.588637431778242</orientation>
      <time>1</time>
    </ksState>
    <ksState>
      <x>-388.2208392938708</x>
      <y>-927.5846728120306</y>
      <steeringAngle>-0.0710666666666667</steeringAngle>
      <velocity>1.6</velocity>
      <orientation>-1.5912122783702276</orientation>
      <time>2</time>
    </ksState>
    <ksState>
      <x>-388.23553333320314</x>
      <y>-927.7843781137518</y>
      <steeringAngle>-0.10660000000000003</steeringAngle>
      <velocity>2.4000000000000004</velocity>
      <orientation>-1.5982129826070648</orientation>
      <time>3</time>
    </ksState>
    <ksState>
      <x>-388.2644641342853</x>
      <y>-928.0635489416688</y>
      <steeringAngle>-0.14213333333333342</steeringAngle>
      <velocity>3.2000000000000015</velocity>
      <orientation>-1.611880623547885</orientation>
      <time>4</time>
    </ksState>
    <ksState>
      <x>-388.3152858148414</x>
      <y>-928.4213708616476</y>
      <steeringAngle>-0.17766666666666683</steeringAngle>
      <velocity>4.0000000000000036</velocity>
      <orientation>-1.6344905394211051</orientation>
      <time>5</time>
    </ksState>
    <ksState>
      <x>-388.393461582012</x>
      <y>-928.8565409114168</y>
      <steeringAngle>-0.17766666666666667</steeringAngle>
      <velocity>4.800000000000002</velocity>
      <orientation>-1.6651260764634392</orientation>
      <time>6</time>
    </ksState>
    <ksState>
      <x>-388.5029825699876</x>
      <y>-929.367450535885</y>
      <steeringAngle>-0.17766666666666667</steeringAngle>
      <velocity>5.600000000000001</velocity>
      <orientation>-1.7013317111399793</orientation>
      <time>7</time>
    </ksState>
    <ksState>
      <x>-388.65223383783785</x>
      <y>-929.9515769933873</y>
      <steeringAngle>-0.17766666666666667</steeringAngle>
      <velocity>6.3999999999999995</velocity>
      <orientation>-1.7431074434496192</orientation>
      <time>8</time>
    </ksState>
    <ksState>
      <x>-388.8507031773187</x>
      <y>-930.6053812729377</y>
      <steeringAngle>-0.17766666666666667</steeringAngle>
      <velocity>7.200000000000002</velocity>
      <orientation>-1.7904532733917162</orientation>
      <time>9</time>
    </ksState>
    <ksState>
      <x>-389.10885359072984</x>
      <y>-931.3240536716922</y>
      <steeringAngle>-0.17766666666666667</steeringAngle>
      <velocity>8.0</velocity>
      <orientation>-1.8433692009658662</orientation>
      <time>10</time>
    </ksState>
    <ksState>
      <x>-389.3962528921657</x>
      <y>-932.0308598922736</y>
      <steeringAngle>-0.1421333333333334</steeringAngle>
      <velocity>7.2</velocity>
      <orientation>-1.890996522711503</orientation>
      <time>11</time>
    </ksState>
    <ksState>
      <x>-389.6658158412926</x>
      <y>-932.6569240372372</y>
      <steeringAngle>-0.10660000000000011</steeringAngle>
      <velocity>6.4</velocity>
      <orientation>-1.924056093159471</orientation>
      <time>12</time>
    </ksState>
    <ksState>
      <x>-389.90730311245756</x>
      <y>-933.2069900373775</y>
      <steeringAngle>-0.07106666666666674</steeringAngle>
      <velocity>5.600000000000001</velocity>
      <orientation>-1.9448730414533595</orientation>
      <time>13</time>
    </ksState>
    <ksState>
      <x>-390.11456805459056</x>
      <y>-933.6841550740337</y>
      <steeringAngle>-0.03553333333333339</steeringAngle>
      <velocity>4.800000000000001</velocity>
      <orientation>-1.9557236511110225</orientation>
      <time>14</time>
    </ksState>
    <ksState>
      <x>-390.28474316318255</x>
      <y>-934.0899407157037</y>
      <steeringAngle>-5.5294310796760726e-17</steeringAngle>
      <velocity>4.0</velocity>
      <orientation>-1.958847426948188</orientation>
      <time>15</time>
    </ksState>
    <ksState>
      <x>-390.4360972188312</x>
      <y>-934.460200016517</y>
      <steeringAngle>0.0</steeringAngle>
      <velocity>4.0</velocity>
      <orientation>-1.958847426948188</orientation>
      <time>16</time>
    </ksState>
    <ksState>
      <x>-390.58745127447986</x>
      <y>-934.8304593173302</y>
      <steeringAngle>0.0</steeringAngle>
      <velocity>4.0</velocity>
      <orientation>-1.958847426948188</orientation>
      <time>17</time>
    </ksState>
    <ksState>
      <x>-390.73880533012857</x>
      <y>-935.2007186181435</y>
      <steeringAngle>0.0</steeringAngle>
      <velocity>4.0</velocity>
      <orientation>-1.958847426948188</orientation>
      <time>18</time>
    </ksState>
    <ksState>
      <x>-390.8901593857772</x>
      <y>-935.5709779189566</y>
      <steeringAngle>0.0</steeringAngle>
      <velocity>4.0</velocity>
      <orientation>-1.958847426948188</orientation>
      <time>19</time>
    </ksState>
    <ksState>
      <x>-391.0415134414259</x>
      <y>-935.9412372197698</y>
      <steeringAngle>0.0</steeringAngle>
      <velocity>4.0</velocity>
      <orientation>-1.958847426948188</orientation>
      <time>20</time>
    </ksState>
    <ksState>
      <x>-391.2080029030283</x>
      <y>-936.3485224516156</y>
      <steeringAngle>0.0</steeringAngle>
      <velocity>4.8</velocity>
      <orientation>-1.958847426948188</orientation>
      <time>21</time>
    </ksState>
    <ksState>
      <x>-391.4047631757775</x>
      <y>-936.829859543666</y>
      <steeringAngle>0.0</steeringAngle>
      <velocity>5.6</velocity>
      <orientation>-1.958847426948188</orientation>
      <time>22</time>
    </ksState>
    <ksState>
      <x>-391.6317942596675</x>
      <y>-937.385248495906</y>
      <steeringAngle>0.0</steeringAngle>
      <velocity>6.4</velocity>
      <orientation>-1.958847426948188</orientation>
      <time>23</time>
    </ksState>
    <ksState>
      <x>-391.88909615469476</x>
      <y>-938.0146893083271</y>
      <steeringAngle>0.0</steeringAngle>
      <velocity>7.199999999999999</velocity>
      <orientation>-1.958847426948188</orientation>
      <time>24</time>
    </ksState>
    <ksState>
      <x>-392.1766688608571</x>
      <y>-938.7181819809238</y>
      <steeringAngle>0.0</steeringAngle>
      <velocity>7.999999999999998</velocity>
      <orientation>-1.958847426948188</orientation>
      <time>25</time>
    </ksState>
    <ksState>
      <x>-392.487988082419</x>
      <y>-939.4551545160002</y>
      <steeringAngle>-0.03553333333333333</steeringAngle>
      <velocity>8.0</velocity>
      <orientation>-1.9643599619510268</orientation>
      <time>26</time>
    </ksState>
    <ksState>
      <x>-392.8218677044534</x>
      <y>-940.1824986381528</y>
      <steeringAngle>-0.07106666666666667</steeringAngle>
      <velocity>8.0</velocity>
      <orientation>-1.9809114828312964</orientation>
      <time>27</time>
    </ksState>
    <ksState>
      <x>-393.1860915506625</x>
      <y>-940.8957919526282</y>
      <steeringAngle>-0.10659999999999997</steeringAngle>
      <velocity>8.0</velocity>
      <orientation>-2.0085439621219914</orientation>
      <time>28</time>
    </ksState>
    <ksState>
      <x>-393.5880156376893</x>
      <y>-941.5895776704269</y>
      <steeringAngle>-0.1421333333333333</steeringAngle>
      <velocity>8.0</velocity>
      <orientation>-2.047327814394726</orientation>
      <time>29</time>
    </ksState>
    <ksState>
      <x>-394.0343532210895</x>
      <y>-942.25711652209</y>
      <steeringAngle>-0.17766666666666667</steeringAngle>
      <velocity>8.0</velocity>
      <orientation>-2.0973626266438807</orientation>
      <time>30</time>
    </ksState>
    <ksState>
      <x>-394.4901318939412</x>
      <y>-942.8690308897035</y>
      <steeringAngle>-0.1421333333333334</steeringAngle>
      <velocity>7.2</velocity>
      <orientation>-2.144989948389518</orientation>
      <time>31</time>
    </ksState>
    <ksState>
      <x>-394.908358300611</x>
      <y>-943.4072754158394</y>
      <steeringAngle>-0.10660000000000011</steeringAngle>
      <velocity>6.4</velocity>
      <orientation>-2.1780495188374855</orientation>
      <time>32</time>
    </ksState>
    <ksState>
      <x>-395.28031364015726</x>
      <y>-943.8790146785981</y>
      <steeringAngle>-0.07106666666666674</steeringAngle>
      <velocity>5.600000000000001</velocity>
      <orientation>-2.1988664671313742</orientation>
      <time>33</time>
    </ksState>
  </ksTrajectory>
</CommonRoadSolution>
