<?xml version="1.0" ?>
<CommonRoadSolution benchmark_id="KS2:SM1:GRC_Perama-7_1_T-1:2020a" computation_time="36.22864558400033" date="2023-01-12T15:00:04">
  <ksTrajectory planningProblem="1">
    <ksState>
      <x>75.342433</x>
      <y>-733.77184</y>
      <steeringAngle>0.0</steeringAngle>
      <velocity>4.0</velocity>
      <orientation>-2.6515178</orientation>
      <time>0</time>
    </ksState>
    <ksState>
      <x>74.99153774418903</x>
      <y>-733.9638981482091</y>
      <steeringAngle>0.035533333333333326</steeringAngle>
      <velocity>4.0</velocity>
      <orientation>-2.6487615254673997</orientation>
      <time>1</time>
    </ksState>
    <ksState>
      <x>74.64545172292769</x>
      <y>-734.164790737752</y>
      <steeringAngle>0.07106666666666711</steeringAngle>
      <velocity>4.0</velocity>
      <orientation>-2.6404857649241142</orientation>
      <time>2</time>
    </ksState>
    <ksState>
      <x>74.30544150843517</x>
      <y>-734.3763790080466</y>
      <steeringAngle>0.10660000000000043</steeringAngle>
      <velocity>4.0</velocity>
      <orientation>-2.6266695251049774</orientation>
      <time>3</time>
    </ksState>
    <ksState>
      <x>73.9729663754284</x>
      <y>-734.6004462065414</y>
      <steeringAngle>0.14213333333333378</steeringAngle>
      <velocity>4.0</velocity>
      <orientation>-2.6072775987194317</orientation>
      <time>4</time>
    </ksState>
    <ksState>
      <x>73.64971205568071</x>
      <y>-734.8386722488635</y>
      <steeringAngle>0.1776666666666672</steeringAngle>
      <velocity>4.0</velocity>
      <orientation>-2.582260192268034</orientation>
      <time>5</time>
    </ksState>
    <ksState>
      <x>73.33272207337639</x>
      <y>-735.085226884334</y>
      <steeringAngle>0.1421333333333333</steeringAngle>
      <velocity>4.0</velocity>
      <orientation>-2.5572427859235107</orientation>
      <time>6</time>
    </ksState>
    <ksState>
      <x>73.01680051943573</x>
      <y>-735.3321276448404</y>
      <steeringAngle>0.10659999999999999</steeringAngle>
      <velocity>4.0</velocity>
      <orientation>-2.5378508596327602</orientation>
      <time>7</time>
    </ksState>
    <ksState>
      <x>72.70047013800598</x>
      <y>-735.5777415507156</y>
      <steeringAngle>0.07106666666666664</steeringAngle>
      <velocity>4.0</velocity>
      <orientation>-2.524034619897807</orientation>
      <time>8</time>
    </ksState>
    <ksState>
      <x>72.38227901693188</x>
      <y>-735.8204274664043</y>
      <steeringAngle>0.03553333333333332</steeringAngle>
      <velocity>4.0</velocity>
      <orientation>-2.515758859435542</orientation>
      <time>9</time>
    </ksState>
    <ksState>
      <x>72.06082165548871</x>
      <y>-736.0585070138071</y>
      <steeringAngle>-2.2985086056692694e-17</steeringAngle>
      <velocity>4.0</velocity>
      <orientation>-2.5130025961407014</orientation>
      <time>10</time>
    </ksState>
    <ksState>
      <x>71.76747259931626</x>
      <y>-736.2672096873972</y>
      <steeringAngle>-0.03553333333333333</steeringAngle>
      <velocity>3.2</velocity>
      <orientation>-2.515391344520494</orientation>
      <time>11</time>
    </ksState>
    <ksState>
      <x>71.53545112133226</x>
      <y>-736.4241496346951</y>
      <steeringAngle>-0.07106666666666668</steeringAngle>
      <velocity>2.4</velocity>
      <orientation>-2.5210922595262906</orientation>
      <time>12</time>
    </ksState>
    <ksState>
      <x>71.36675407551465</x>
      <y>-736.532011976621</y>
      <steeringAngle>-0.10660000000000003</steeringAngle>
      <velocity>1.5999999999999994</velocity>
      <orientation>-2.527907793271022</orientation>
      <time>13</time>
    </ksState>
    <ksState>
      <x>71.26379151442943</x>
      <y>-736.5941789277359</y>
      <steeringAngle>-0.14213333333333342</steeringAngle>
      <velocity>0.7999999999999988</velocity>
      <orientation>-2.533632054757502</orientation>
      <time>14</time>
    </ksState>
    <ksState>
      <x>71.2289792498107</x>
      <y>-736.6141746030514</y>
      <steeringAngle>-0.17766666666666675</steeringAngle>
      <velocity>-1.5265566588595902e-15</velocity>
      <orientation>-2.5360395492320578</orientation>
      <time>15</time>
    </ksState>
    <ksState>
      <x>71.19411724072383</x>
      <y>-736.6340839426995</y>
      <steeringAngle>-0.14213333333333333</steeringAngle>
      <velocity>0.8</velocity>
      <orientation>-2.5384470464428603</orientation>
      <time>16</time>
    </ksState>
    <ksState>
      <x>71.09048667455848</x>
      <y>-736.6951352268009</y>
      <steeringAngle>-0.10660000000000001</steeringAngle>
      <velocity>1.6</velocity>
      <orientation>-2.5441713330631948</orientation>
      <time>17</time>
    </ksState>
    <ksState>
      <x>70.91929403243853</x>
      <y>-736.7989997468311</y>
      <steeringAngle>-0.07106666666666664</steeringAngle>
      <velocity>2.4000000000000004</velocity>
      <orientation>-2.5509868468261736</orientation>
      <time>18</time>
    </ksState>
    <ksState>
      <x>70.68173465087982</x>
      <y>-736.9474334743022</y>
      <steeringAngle>-0.03553333333333332</steeringAngle>
      <velocity>3.1999999999999993</velocity>
      <orientation>-2.5566877675391035</orientation>
      <time>19</time>
    </ksState>
    <ksState>
      <x>70.37938747425453</x>
      <y>-737.1428782993924</y>
      <steeringAngle>2.6020852139652106e-18</steeringAngle>
      <velocity>3.999999999999999</velocity>
      <orientation>-2.55907651912743</orientation>
      <time>20</time>
    </ksState>
    <ksState>
      <x>70.00925711718058</x>
      <y>-737.3808302445764</y>
      <steeringAngle>-0.035533333333333326</steeringAngle>
      <velocity>4.799999999999999</velocity>
      <orientation>-2.562200297796621</orientation>
      <time>21</time>
    </ksState>
    <ksState>
      <x>69.56437441345687</x>
      <y>-737.650469643178</y>
      <steeringAngle>-0.07106666666666667</steeringAngle>
      <velocity>5.599999999999998</velocity>
      <orientation>-2.5730509088577938</orientation>
      <time>22</time>
    </ksState>
    <ksState>
      <x>69.03997232148487</x>
      <y>-737.9434574179878</y>
      <steeringAngle>-0.10659999999999999</steeringAngle>
      <velocity>6.3999999999999995</velocity>
      <orientation>-2.593867857858122</orientation>
      <time>23</time>
    </ksState>
    <ksState>
      <x>68.43014982105917</x>
      <y>-738.247818427483</y>
      <steeringAngle>-0.14213333333333333</steeringAngle>
      <velocity>7.199999999999999</velocity>
      <orientation>-2.626927428839287</orientation>
      <time>24</time>
    </ksState>
    <ksState>
      <x>67.72832841743845</x>
      <y>-738.5468765351035</y>
      <steeringAngle>-0.17766666666666664</steeringAngle>
      <velocity>7.9999999999999964</velocity>
      <orientation>-2.6745547509208336</orientation>
      <time>25</time>
    </ksState>
    <ksState>
      <x>66.97065236850214</x>
      <y>-738.8152791200692</y>
      <steeringAngle>-0.17766666666666667</steeringAngle>
      <velocity>8.0</velocity>
      <orientation>-2.7302557272313455</orientation>
      <time>26</time>
    </ksState>
    <ksState>
      <x>66.1992088080435</x>
      <y>-739.0410839804832</y>
      <steeringAngle>-0.17766666666666667</steeringAngle>
      <velocity>8.0</velocity>
      <orientation>-2.7859567035418573</orientation>
      <time>27</time>
    </ksState>
    <ksState>
      <x>65.4163906283835</x>
      <y>-739.2235907003319</y>
      <steeringAngle>-0.17766666666666667</steeringAngle>
      <velocity>8.0</velocity>
      <orientation>-2.8416576798523687</orientation>
      <time>28</time>
    </ksState>
    <ksState>
      <x>64.62462597223058</x>
      <y>-739.3622331809175</y>
      <steeringAngle>-0.17766666666666667</steeringAngle>
      <velocity>8.0</velocity>
      <orientation>-2.8973586561628806</orientation>
      <time>29</time>
    </ksState>
    <ksState>
      <x>63.82637073173931</x>
      <y>-739.4565813811206</y>
      <steeringAngle>-0.17766666666666667</steeringAngle>
      <velocity>8.0</velocity>
      <orientation>-2.9530596324733924</orientation>
      <time>30</time>
    </ksState>
    <ksState>
      <x>63.06550756013559</x>
      <y>-739.5136832726427</y>
      <steeringAngle>-0.1421333333333334</steeringAngle>
      <velocity>7.2</velocity>
      <orientation>-3.0006869542190295</orientation>
      <time>31</time>
    </ksState>
    <ksState>
      <x>62.38488992642786</x>
      <y>-739.5508334252304</y>
      <steeringAngle>-0.10660000000000011</steeringAngle>
      <velocity>6.4</velocity>
      <orientation>-3.0337465246669972</orientation>
      <time>32</time>
    </ksState>
    <ksState>
      <x>61.78482522427798</x>
      <y>-739.5793125382568</y>
      <steeringAngle>-0.07106666666666674</steeringAngle>
      <velocity>5.600000000000001</velocity>
      <orientation>-3.054563472960886</orientation>
      <time>33</time>
    </ksState>
  </ksTrajectory>
</CommonRoadSolution>
