<?xml version="1.0" ?>
<CommonRoadSolution benchmark_id="KS2:SM1:BEL_Beringen-8_1_T-1:2020a" computation_time="1.961161854999773" date="2023-01-12T15:00:04">
  <ksTrajectory planningProblem="1">
    <ksState>
      <x>1000.9426</x>
      <y>873.36308</y>
      <steeringAngle>0.0</steeringAngle>
      <velocity>4.0</velocity>
      <orientation>-2.4333111</orientation>
      <time>0</time>
    </ksState>
    <ksState>
      <x>1000.6416020358504</x>
      <y>873.0996145593405</y>
      <steeringAngle>0.035533333333333326</steeringAngle>
      <velocity>4.0</velocity>
      <orientation>-2.4305548254673996</orientation>
      <time>1</time>
    </ksState>
    <ksState>
      <x>1000.3472117387419</x>
      <y>872.8285652656425</y>
      <steeringAngle>0.07106666666666711</steeringAngle>
      <velocity>4.0</velocity>
      <orientation>-2.422279064924114</orientation>
      <time>2</time>
    </ksState>
    <ksState>
      <x>1000.0610685665725</x>
      <y>872.5483892011646</y>
      <steeringAngle>0.10660000000000043</steeringAngle>
      <velocity>4.0</velocity>
      <orientation>-2.4084628251049773</orientation>
      <time>3</time>
    </ksState>
    <ksState>
      <x>999.7849832265895</x>
      <y>872.2576613068104</y>
      <steeringAngle>0.14213333333333378</steeringAngle>
      <velocity>4.0</velocity>
      <orientation>-2.3890708987194316</orientation>
      <time>4</time>
    </ksState>
    <ksState>
      <x>999.5209651439826</x>
      <y>871.9551064282634</y>
      <steeringAngle>0.1776666666666672</steeringAngle>
      <velocity>4.0</velocity>
      <orientation>-2.364053492268034</orientation>
      <time>5</time>
    </ksState>
    <ksState>
      <x>999.2902225620135</x>
      <y>871.6769035722338</y>
      <steeringAngle>0.1421333333333333</steeringAngle>
      <velocity>3.1999999999999993</velocity>
      <orientation>-2.3414435772945916</orientation>
      <time>6</time>
    </ksState>
    <ksState>
      <x>999.1106625904706</x>
      <y>871.4611754043763</y>
      <steeringAngle>0.10659999999999997</steeringAngle>
      <velocity>2.3999999999999977</velocity>
      <orientation>-2.3277759364238846</orientation>
      <time>7</time>
    </ksState>
    <ksState>
      <x>998.9811242666233</x>
      <y>871.3084672698492</y>
      <steeringAngle>0.07106666666666664</steeringAngle>
      <velocity>1.5999999999999976</velocity>
      <orientation>-2.3207752305706655</orientation>
      <time>8</time>
    </ksState>
    <ksState>
      <x>998.9021381233737</x>
      <y>871.2180531162825</y>
      <steeringAngle>0.0355333333333333</steeringAngle>
      <velocity>0.7999999999999972</velocity>
      <orientation>-2.318200386096698</orientation>
      <time>9</time>
    </ksState>
    <ksState>
      <x>998.8753386722552</x>
      <y>871.1883535499541</y>
      <steeringAngle>-2.5153490401663703e-17</steeringAngle>
      <velocity>-2.914335439641036e-15</velocity>
      <orientation>-2.317832874518167</orientation>
      <time>10</time>
    </ksState>
    <ksState>
      <x>998.8477720690934</x>
      <y>871.159364684562</y>
      <steeringAngle>-0.03553333333333333</steeringAngle>
      <velocity>0.8</velocity>
      <orientation>-2.318200406296409</orientation>
      <time>11</time>
    </ksState>
    <ksState>
      <x>998.7634186287858</x>
      <y>871.0739375808612</y>
      <steeringAngle>-0.0710666666666667</steeringAngle>
      <velocity>1.6</velocity>
      <orientation>-2.3207752528883945</orientation>
      <time>12</time>
    </ksState>
    <ksState>
      <x>998.6193523725551</x>
      <y>870.9348583367477</y>
      <steeringAngle>-0.10660000000000003</steeringAngle>
      <velocity>2.4000000000000004</velocity>
      <orientation>-2.327775957125232</orientation>
      <time>13</time>
    </ksState>
    <ksState>
      <x>998.4117058351313</x>
      <y>870.746029689803</y>
      <steeringAngle>-0.14213333333333342</steeringAngle>
      <velocity>3.2000000000000015</velocity>
      <orientation>-2.3414435980660517</orientation>
      <time>14</time>
    </ksState>
    <ksState>
      <x>998.1353159898625</x>
      <y>870.5131605783603</y>
      <steeringAngle>-0.17766666666666683</steeringAngle>
      <velocity>4.0000000000000036</velocity>
      <orientation>-2.364053513939272</orientation>
      <time>15</time>
    </ksState>
    <ksState>
      <x>997.8219991110509</x>
      <y>870.2619547452174</y>
      <steeringAngle>-0.1421333333333333</steeringAngle>
      <velocity>4.0</velocity>
      <orientation>-2.3890709202837956</orientation>
      <time>16</time>
    </ksState>
    <ksState>
      <x>997.5085931928433</x>
      <y>870.011868471673</y>
      <steeringAngle>-0.10659999999999999</steeringAngle>
      <velocity>4.0</velocity>
      <orientation>-2.408462846574546</orientation>
      <time>17</time>
    </ksState>
    <ksState>
      <x>997.1963443156467</x>
      <y>869.7610862161916</y>
      <steeringAngle>-0.07106666666666664</steeringAngle>
      <velocity>4.0</velocity>
      <orientation>-2.422279086309499</orientation>
      <time>18</time>
    </ksState>
    <ksState>
      <x>996.8865123682205</x>
      <y>869.5078152001672</y>
      <steeringAngle>-0.03553333333333332</steeringAngle>
      <velocity>4.0</velocity>
      <orientation>-2.4305548467717646</orientation>
      <time>19</time>
    </ksState>
    <ksState>
      <x>996.5804042255718</x>
      <y>869.2502991596538</y>
      <steeringAngle>2.2985086056692694e-17</steeringAngle>
      <velocity>4.0</velocity>
      <orientation>-2.433311110066605</orientation>
      <time>20</time>
    </ksState>
    <ksState>
      <x>996.2462326271859</x>
      <y>868.9640661361632</y>
      <steeringAngle>0.0</steeringAngle>
      <velocity>4.8</velocity>
      <orientation>-2.433311110066605</orientation>
      <time>21</time>
    </ksState>
    <ksState>
      <x>995.8513025564738</x>
      <y>868.6257907448573</y>
      <steeringAngle>0.0</steeringAngle>
      <velocity>5.6</velocity>
      <orientation>-2.433311110066605</orientation>
      <time>22</time>
    </ksState>
    <ksState>
      <x>995.3956140134476</x>
      <y>868.2354729857467</y>
      <steeringAngle>0.0</steeringAngle>
      <velocity>6.4</velocity>
      <orientation>-2.433311110066605</orientation>
      <time>23</time>
    </ksState>
    <ksState>
      <x>994.8791669981143</x>
      <y>867.7931128588373</y>
      <steeringAngle>0.0</steeringAngle>
      <velocity>7.199999999999999</velocity>
      <orientation>-2.433311110066605</orientation>
      <time>24</time>
    </ksState>
    <ksState>
      <x>994.3019615104786</x>
      <y>867.2987103641328</y>
      <steeringAngle>0.0</steeringAngle>
      <velocity>7.999999999999998</velocity>
      <orientation>-2.433311110066605</orientation>
      <time>25</time>
    </ksState>
    <ksState>
      <x>993.7191695562418</x>
      <y>866.8108619690622</y>
      <steeringAngle>-0.03553333333333333</steeringAngle>
      <velocity>7.199999999999999</velocity>
      <orientation>-2.438456123049097</orientation>
      <time>26</time>
    </ksState>
    <ksState>
      <x>993.1849876312731</x>
      <y>866.3896537713151</y>
      <steeringAngle>-0.07106666666666664</steeringAngle>
      <velocity>6.400000000000001</velocity>
      <orientation>-2.4524327951700604</orientation>
      <time>27</time>
    </ksState>
    <ksState>
      <x>992.6998476016079</x>
      <y>866.0354454830122</y>
      <steeringAngle>-0.10659999999999997</steeringAngle>
      <velocity>5.600000000000004</velocity>
      <orientation>-2.473064563035942</orientation>
      <time>28</time>
    </ksState>
    <ksState>
      <x>992.2661789790513</x>
      <y>865.7463579435882</y>
      <steeringAngle>-0.1421333333333333</steeringAngle>
      <velocity>4.800000000000003</velocity>
      <orientation>-2.49818077054459</orientation>
      <time>29</time>
    </ksState>
    <ksState>
      <x>991.8877372672995</x>
      <y>865.5185986924757</y>
      <steeringAngle>-0.17766666666666653</steeringAngle>
      <velocity>4.000000000000006</velocity>
      <orientation>-2.52560566712974</orientation>
      <time>30</time>
    </ksState>
    <ksState>
      <x>991.5029344065996</x>
      <y>865.3016777424558</y>
      <steeringAngle>-0.14213333333333333</steeringAngle>
      <velocity>4.8000000000000025</velocity>
      <orientation>-2.5530305668480926</orientation>
      <time>31</time>
    </ksState>
    <ksState>
      <x>991.0472159748322</x>
      <y>865.0486840521985</y>
      <steeringAngle>-0.10660000000000003</steeringAngle>
      <velocity>5.600000000000005</velocity>
      <orientation>-2.5781467791270103</orientation>
      <time>32</time>
    </ksState>
    <ksState>
      <x>990.5210553675794</x>
      <y>864.7588077823617</y>
      <steeringAngle>-0.07106666666666671</steeringAngle>
      <velocity>6.400000000000004</velocity>
      <orientation>-2.59877854872647</orientation>
      <time>33</time>
    </ksState>
  </ksTrajectory>
</CommonRoadSolution>
