<?xml version="1.0" ?>
<CommonRoadSolution benchmark_id="KS2:SM1:GRC_Perama-3_2_T-1:2020a" computation_time="1.432958342999882" date="2023-01-12T15:00:04">
  <ksTrajectory planningProblem="1">
    <ksState>
      <x>-697.11671</x>
      <y>-624.91163</y>
      <steeringAngle>0.0</steeringAngle>
      <velocity>8.0</velocity>
      <orientation>-3.0450286</orientation>
      <time>0</time>
    </ksState>
    <ksState>
      <x>-697.9120611997231</x>
      <y>-624.9980281728389</y>
      <steeringAngle>0.03553333333333333</steeringAngle>
      <velocity>8.0</velocity>
      <orientation>-3.0395160649971613</orientation>
      <time>1</time>
    </ksState>
    <ksState>
      <x>-698.7046734732515</x>
      <y>-625.1088020772197</y>
      <steeringAngle>0.07106666666666667</steeringAngle>
      <velocity>8.0</velocity>
      <orientation>-3.022964544116892</orientation>
      <time>2</time>
    </ksState>
    <ksState>
      <x>-699.4925478639196</x>
      <y>-625.2526780903423</y>
      <steeringAngle>0.10659999999999997</steeringAngle>
      <velocity>8.0</velocity>
      <orientation>-2.9953320648261967</orientation>
      <time>3</time>
    </ksState>
    <ksState>
      <x>-700.2725717122055</x>
      <y>-625.4382700892512</y>
      <steeringAngle>0.1421333333333333</steeringAngle>
      <velocity>8.0</velocity>
      <orientation>-2.956548212553462</orientation>
      <time>4</time>
    </ksState>
    <ksState>
      <x>-701.0402192615783</x>
      <y>-625.6739448583237</y>
      <steeringAngle>0.17766666666666667</steeringAngle>
      <velocity>8.0</velocity>
      <orientation>-2.9065134003043074</orientation>
      <time>5</time>
    </ksState>
    <ksState>
      <x>-701.7548250843089</x>
      <y>-625.9431476862918</y>
      <steeringAngle>0.17766666666666667</steeringAngle>
      <velocity>7.2</velocity>
      <orientation>-2.85359747285993</orientation>
      <time>6</time>
    </ksState>
    <ksState>
      <x>-702.381350818129</x>
      <y>-626.2157565853252</y>
      <steeringAngle>0.17766666666666667</steeringAngle>
      <velocity>6.4</velocity>
      <orientation>-2.8062516430671187</orientation>
      <time>7</time>
    </ksState>
    <ksState>
      <x>-702.9229151003108</x>
      <y>-626.4806863508927</y>
      <steeringAngle>0.17766666666666667</steeringAngle>
      <velocity>5.599999999999999</velocity>
      <orientation>-2.764475910911934</orientation>
      <time>8</time>
    </ksState>
    <ksState>
      <x>-703.3829721795568</x>
      <y>-626.7284180124757</y>
      <steeringAngle>0.17766666666666667</steeringAngle>
      <velocity>4.799999999999999</velocity>
      <orientation>-2.7282702763904196</orientation>
      <time>9</time>
    </ksState>
    <ksState>
      <x>-703.7650355051852</x>
      <y>-626.9509310226697</y>
      <steeringAngle>0.17766666666666667</steeringAngle>
      <velocity>4.0</velocity>
      <orientation>-2.6976347395010896</orientation>
      <time>10</time>
    </ksState>
    <ksState>
      <x>-704.07415025753</x>
      <y>-627.1382463667275</y>
      <steeringAngle>0.1421333333333333</steeringAngle>
      <velocity>3.1999999999999993</velocity>
      <orientation>-2.675024824527647</orientation>
      <time>11</time>
    </ksState>
    <ksState>
      <x>-704.3144477779996</x>
      <y>-627.283289558377</y>
      <steeringAngle>0.10659999999999997</steeringAngle>
      <velocity>2.3999999999999977</velocity>
      <orientation>-2.66135718365694</orientation>
      <time>12</time>
    </ksState>
    <ksState>
      <x>-704.4868464703887</x>
      <y>-627.3851651813615</y>
      <steeringAngle>0.07106666666666664</steeringAngle>
      <velocity>1.5999999999999976</velocity>
      <orientation>-2.654356477803721</orientation>
      <time>13</time>
    </ksState>
    <ksState>
      <x>-704.5910827775649</x>
      <y>-627.4447329768292</y>
      <steeringAngle>0.0355333333333333</steeringAngle>
      <velocity>0.7999999999999972</velocity>
      <orientation>-2.6517816333297537</orientation>
      <time>14</time>
    </ksState>
    <ksState>
      <x>-704.6261294283692</x>
      <y>-627.4640204620918</y>
      <steeringAngle>-2.5153490401663703e-17</steeringAngle>
      <velocity>-2.914335439641036e-15</velocity>
      <orientation>-2.6514141217512224</orientation>
      <time>15</time>
    </ksState>
    <ksState>
      <x>-704.6261294283692</x>
      <y>-627.4640204620918</y>
      <steeringAngle>-0.03553333333333333</steeringAngle>
      <velocity>0.0</velocity>
      <orientation>-2.6514141217512224</orientation>
      <time>16</time>
    </ksState>
    <ksState>
      <x>-704.6261294283692</x>
      <y>-627.4640204620918</y>
      <steeringAngle>-0.07106666666666667</steeringAngle>
      <velocity>0.0</velocity>
      <orientation>-2.6514141217512224</orientation>
      <time>17</time>
    </ksState>
    <ksState>
      <x>-704.6261294283692</x>
      <y>-627.4640204620918</y>
      <steeringAngle>-0.10660000000000001</steeringAngle>
      <velocity>0.0</velocity>
      <orientation>-2.6514141217512224</orientation>
      <time>18</time>
    </ksState>
    <ksState>
      <x>-704.6261294283692</x>
      <y>-627.4640204620918</y>
      <steeringAngle>-0.14213333333333336</steeringAngle>
      <velocity>0.0</velocity>
      <orientation>-2.6514141217512224</orientation>
      <time>19</time>
    </ksState>
    <ksState>
      <x>-704.6261294283692</x>
      <y>-627.4640204620918</y>
      <steeringAngle>-0.1776666666666667</steeringAngle>
      <velocity>0.0</velocity>
      <orientation>-2.6514141217512224</orientation>
      <time>20</time>
    </ksState>
    <ksState>
      <x>-704.6633061227346</x>
      <y>-627.4793042132853</y>
      <steeringAngle>-0.17766666666666667</steeringAngle>
      <velocity>0.7999999999999999</velocity>
      <orientation>-2.654199170617358</orientation>
      <time>21</time>
    </ksState>
    <ksState>
      <x>-704.7750894932991</x>
      <y>-627.5245335730899</y>
      <steeringAngle>-0.17766666666666667</steeringAngle>
      <velocity>1.6000000000000005</velocity>
      <orientation>-2.6625543171332455</orientation>
      <time>22</time>
    </ksState>
    <ksState>
      <x>-704.9622223270849</x>
      <y>-627.5978353649621</y>
      <steeringAngle>-0.17766666666666667</steeringAngle>
      <velocity>2.4000000000000017</velocity>
      <orientation>-2.676479561286696</orientation>
      <time>23</time>
    </ksState>
    <ksState>
      <x>-705.2258844429962</x>
      <y>-627.6960651287443</y>
      <steeringAngle>-0.17766666666666667</steeringAngle>
      <velocity>3.2000000000000024</velocity>
      <orientation>-2.6959749030740223</orientation>
      <time>24</time>
    </ksState>
    <ksState>
      <x>-705.5676045977475</x>
      <y>-627.8147756697601</y>
      <steeringAngle>-0.17766666666666667</steeringAngle>
      <velocity>4.000000000000002</velocity>
      <orientation>-2.7210403424937146</orientation>
      <time>25</time>
    </ksState>
    <ksState>
      <x>-705.91365954823</x>
      <y>-627.9213635492366</y>
      <steeringAngle>-0.21319999999999997</steeringAngle>
      <velocity>3.2</velocity>
      <orientation>-2.7485818880571493</orientation>
      <time>26</time>
    </ksState>
    <ksState>
      <x>-706.187046829972</x>
      <y>-627.991777281169</y>
      <steeringAngle>-0.24873333333333342</steeringAngle>
      <velocity>2.4000000000000004</velocity>
      <orientation>-2.774020118443799</orientation>
      <time>27</time>
    </ksState>
    <ksState>
      <x>-706.3848927004368</x>
      <y>-628.0336291716126</y>
      <steeringAngle>-0.2842666666666668</steeringAngle>
      <velocity>1.600000000000001</velocity>
      <orientation>-2.7950950182343783</orientation>
      <time>28</time>
    </ksState>
    <ksState>
      <x>-706.5048622733798</x>
      <y>-628.0542677507713</y>
      <steeringAngle>-0.3197999999999999</steeringAngle>
      <velocity>0.8000000000000007</velocity>
      <orientation>-2.809493445535083</orientation>
      <time>29</time>
    </ksState>
    <ksState>
      <x>-706.5451692959834</x>
      <y>-628.0600183812398</y>
      <steeringAngle>-0.3553333333333332</steeringAngle>
      <velocity>5.551115123125783e-16</velocity>
      <orientation>-2.8148350871708123</orientation>
      <time>30</time>
    </ksState>
    <ksState>
      <x>-706.5451692959834</x>
      <y>-628.0600183812398</y>
      <steeringAngle>-0.3198</steeringAngle>
      <velocity>0.0</velocity>
      <orientation>-2.8148350871708123</orientation>
      <time>31</time>
    </ksState>
    <ksState>
      <x>-706.5451692959834</x>
      <y>-628.0600183812398</y>
      <steeringAngle>-0.2842666666666666</steeringAngle>
      <velocity>0.0</velocity>
      <orientation>-2.8148350871708123</orientation>
      <time>32</time>
    </ksState>
    <ksState>
      <x>-706.5451692959834</x>
      <y>-628.0600183812398</y>
      <steeringAngle>-0.24873333333333333</steeringAngle>
      <velocity>0.0</velocity>
      <orientation>-2.8148350871708123</orientation>
      <time>33</time>
    </ksState>
  </ksTrajectory>
</CommonRoadSolution>
