<?xml version="1.0" ?>
<CommonRoadSolution benchmark_id="KS2:SM1:DEU_Lohmar-9_1_T-1:2020a" computation_time="1.577790622000066" date="2023-01-12T15:00:04">
  <ksTrajectory planningProblem="123">
    <ksState>
      <x>171.0652</x>
      <y>-334.30127</y>
      <steeringAngle>0.0</steeringAngle>
      <velocity>4.0</velocity>
      <orientation>-1.5790998</orientation>
      <time>0</time>
    </ksState>
    <ksState>
      <x>171.06645588155504</x>
      <y>-334.7412882180388</y>
      <steeringAngle>0.035533333333333326</steeringAngle>
      <velocity>4.799999999999999</velocity>
      <orientation>-1.5759760213308092</orientation>
      <time>1</time>
    </ksState>
    <ksState>
      <x>171.0817098595425</x>
      <y>-335.26128181560165</y>
      <steeringAngle>0.07106666666666667</steeringAngle>
      <velocity>5.599999999999998</velocity>
      <orientation>-1.5651254102696364</orientation>
      <time>2</time>
    </ksState>
    <ksState>
      <x>171.1205529243868</x>
      <y>-335.8607237281888</y>
      <steeringAngle>0.10659999999999999</steeringAngle>
      <velocity>6.3999999999999995</velocity>
      <orientation>-1.5443084612693085</orientation>
      <time>3</time>
    </ksState>
    <ksState>
      <x>171.19624492722247</x>
      <y>-336.5380639874626</y>
      <steeringAngle>0.14213333333333333</steeringAngle>
      <velocity>7.199999999999999</velocity>
      <orientation>-1.5112488902881434</orientation>
      <time>4</time>
    </ksState>
    <ksState>
      <x>171.32636075617378</x>
      <y>-337.28976798862925</y>
      <steeringAngle>0.17766666666666664</steeringAngle>
      <velocity>7.9999999999999964</velocity>
      <orientation>-1.4636215682065967</orientation>
      <time>5</time>
    </ksState>
    <ksState>
      <x>171.5031000532004</x>
      <y>-338.07322395449256</y>
      <steeringAngle>0.14213333333333336</steeringAngle>
      <velocity>8.0</velocity>
      <orientation>-1.4135867566578484</orientation>
      <time>6</time>
    </ksState>
    <ksState>
      <x>171.69869068512284</x>
      <y>-338.85090680388004</y>
      <steeringAngle>0.1066000000000001</steeringAngle>
      <velocity>8.0</velocity>
      <orientation>-1.374802904650851</orientation>
      <time>7</time>
    </ksState>
    <ksState>
      <x>171.90447860401204</x>
      <y>-339.62499605372534</y>
      <steeringAngle>0.07106666666666674</steeringAngle>
      <velocity>8.0</velocity>
      <orientation>-1.347170425621164</orientation>
      <time>8</time>
    </ksState>
    <ksState>
      <x>172.11197411605906</x>
      <y>-340.3979902978229</y>
      <steeringAngle>0.035533333333333354</steeringAngle>
      <velocity>8.0</velocity>
      <orientation>-1.3306189049921346</orientation>
      <time>9</time>
    </ksState>
    <ksState>
      <x>172.31274072094155</x>
      <y>-341.172434663584</y>
      <steeringAngle>2.0816681711721685e-17</steeringAngle>
      <velocity>8.0</velocity>
      <orientation>-1.3251063785337298</orientation>
      <time>10</time>
    </ksState>
    <ksState>
      <x>172.51634832701203</x>
      <y>-341.94612201511643</y>
      <steeringAngle>0.03553333333333333</steeringAngle>
      <velocity>8.0</velocity>
      <orientation>-1.319593843530891</orientation>
      <time>11</time>
    </ksState>
    <ksState>
      <x>172.74365419366586</x>
      <y>-342.71347924419837</y>
      <steeringAngle>0.07106666666666667</steeringAngle>
      <velocity>8.0</velocity>
      <orientation>-1.3030423226506214</orientation>
      <time>12</time>
    </ksState>
    <ksState>
      <x>173.00299085431814</x>
      <y>-343.4712330690416</y>
      <steeringAngle>0.10659999999999997</steeringAngle>
      <velocity>8.0</velocity>
      <orientation>-1.2754098433599266</orientation>
      <time>13</time>
    </ksState>
    <ksState>
      <x>173.3024141237823</x>
      <y>-344.21502558020114</y>
      <steeringAngle>0.1421333333333333</steeringAngle>
      <velocity>8.0</velocity>
      <orientation>-1.2366259910871915</orientation>
      <time>14</time>
    </ksState>
    <ksState>
      <x>173.64952551743426</x>
      <y>-344.939138166221</y>
      <steeringAngle>0.17766666666666667</steeringAngle>
      <velocity>8.0</velocity>
      <orientation>-1.1865911788380368</orientation>
      <time>15</time>
    </ksState>
    <ksState>
      <x>174.04248344832186</x>
      <y>-345.6403492666042</y>
      <steeringAngle>0.17766666666666667</steeringAngle>
      <velocity>8.0</velocity>
      <orientation>-1.130890202527525</orientation>
      <time>16</time>
    </ksState>
    <ksState>
      <x>174.47386990501454</x>
      <y>-346.3185960704609</y>
      <steeringAngle>0.17766666666666667</steeringAngle>
      <velocity>8.0</velocity>
      <orientation>-1.0751892262170133</orientation>
      <time>17</time>
    </ksState>
    <ksState>
      <x>174.9423468009814</x>
      <y>-346.9717747620464</y>
      <steeringAngle>0.17766666666666667</steeringAngle>
      <velocity>8.0</velocity>
      <orientation>-1.0194882499065017</orientation>
      <time>18</time>
    </ksState>
    <ksState>
      <x>175.44646101620748</x>
      <y>-347.59785931397437</y>
      <steeringAngle>0.17766666666666667</steeringAngle>
      <velocity>8.0</velocity>
      <orientation>-0.9637872735959897</orientation>
      <time>19</time>
    </ksState>
    <ksState>
      <x>175.98464889173556</x>
      <y>-348.19490773955465</y>
      <steeringAngle>0.17766666666666667</steeringAngle>
      <velocity>8.0</velocity>
      <orientation>-0.908086297285478</orientation>
      <time>20</time>
    </ksState>
    <ksState>
      <x>176.5552410579714</x>
      <y>-348.76106807248016</y>
      <steeringAngle>0.17766666666666667</steeringAngle>
      <velocity>8.0</velocity>
      <orientation>-0.8523853209749662</orientation>
      <time>21</time>
    </ksState>
    <ksState>
      <x>177.15646769593053</x>
      <y>-349.2945842688305</y>
      <steeringAngle>0.17766666666666667</steeringAngle>
      <velocity>8.0</velocity>
      <orientation>-0.7966843446644545</orientation>
      <time>22</time>
    </ksState>
    <ksState>
      <x>177.78646390107596</x>
      <y>-349.79380144271215</y>
      <steeringAngle>0.17766666666666667</steeringAngle>
      <velocity>8.0</velocity>
      <orientation>-0.7409833683539427</orientation>
      <time>23</time>
    </ksState>
    <ksState>
      <x>178.44327555336375</x>
      <y>-350.25717112404107</y>
      <steeringAngle>0.17766666666666667</steeringAngle>
      <velocity>8.0</velocity>
      <orientation>-0.6852823920434309</orientation>
      <time>24</time>
    </ksState>
    <ksState>
      <x>179.12486535748184</x>
      <y>-350.68325603432964</y>
      <steeringAngle>0.17766666666666667</steeringAngle>
      <velocity>8.0</velocity>
      <orientation>-0.6295814157329191</orientation>
      <time>25</time>
    </ksState>
    <ksState>
      <x>179.8291191290352</x>
      <y>-351.07073450857166</y>
      <steeringAngle>0.17766666666666667</steeringAngle>
      <velocity>8.0</velocity>
      <orientation>-0.5738804394224074</orientation>
      <time>26</time>
    </ksState>
    <ksState>
      <x>180.55385247563356</x>
      <y>-351.41840472341335</y>
      <steeringAngle>0.17766666666666667</steeringAngle>
      <velocity>8.0</velocity>
      <orientation>-0.5181794631118957</orientation>
      <time>27</time>
    </ksState>
    <ksState>
      <x>181.29681739342143</x>
      <y>-351.7251882564338</y>
      <steeringAngle>0.17766666666666667</steeringAngle>
      <velocity>8.0</velocity>
      <orientation>-0.4624784868013839</orientation>
      <time>28</time>
    </ksState>
    <ksState>
      <x>182.05570935639776</x>
      <y>-351.99013352754804</y>
      <steeringAngle>0.17766666666666667</steeringAngle>
      <velocity>8.0</velocity>
      <orientation>-0.4067775104908721</orientation>
      <time>29</time>
    </ksState>
    <ksState>
      <x>182.82817443686153</x>
      <y>-352.21241873019864</y>
      <steeringAngle>0.17766666666666667</steeringAngle>
      <velocity>8.0</velocity>
      <orientation>-0.3510765341803603</orientation>
      <time>30</time>
    </ksState>
    <ksState>
      <x>183.61181656503265</x>
      <y>-352.3913543546659</y>
      <steeringAngle>0.17766666666666667</steeringAngle>
      <velocity>8.0</velocity>
      <orientation>-0.2953755578698485</orientation>
      <time>31</time>
    </ksState>
    <ksState>
      <x>184.404205115103</x>
      <y>-352.5263854165631</y>
      <steeringAngle>0.17766666666666667</steeringAngle>
      <velocity>8.0</velocity>
      <orientation>-0.23967458155933674</orientation>
      <time>32</time>
    </ksState>
    <ksState>
      <x>185.20288222609813</x>
      <y>-352.61709306546123</y>
      <steeringAngle>0.17766666666666667</steeringAngle>
      <velocity>8.0</velocity>
      <orientation>-0.18397360524882506</orientation>
      <time>33</time>
    </ksState>
    <ksState>
      <x>186.0053705641328</x>
      <y>-352.6631959447016</y>
      <steeringAngle>0.17766666666666667</steeringAngle>
      <velocity>8.0</velocity>
      <orientation>-0.12827262893831323</orientation>
      <time>34</time>
    </ksState>
    <ksState>
      <x>186.8091809743274</x>
      <y>-352.6645510520996</y>
      <steeringAngle>0.17766666666666667</steeringAngle>
      <velocity>8.0</velocity>
      <orientation>-0.07257165262780141</orientation>
      <time>35</time>
    </ksState>
    <ksState>
      <x>187.57154098083492</x>
      <y>-352.6332363208046</y>
      <steeringAngle>0.1421333333333334</steeringAngle>
      <velocity>7.2</velocity>
      <orientation>-0.02494433088216448</orientation>
      <time>36</time>
    </ksState>
    <ksState>
      <x>188.25188592837458</x>
      <y>-352.5913883876597</y>
      <steeringAngle>0.10660000000000011</steeringAngle>
      <velocity>6.4</velocity>
      <orientation>0.008115239565803484</orientation>
      <time>37</time>
    </ksState>
    <ksState>
      <x>188.85121568330868</x>
      <y>-352.55024775694477</y>
      <steeringAngle>0.07106666666666674</steeringAngle>
      <velocity>5.600000000000001</velocity>
      <orientation>0.028932187859691955</orientation>
      <time>38</time>
    </ksState>
    <ksState>
      <x>189.37036516259587</x>
      <y>-352.51664646827453</y>
      <steeringAngle>0.03553333333333339</steeringAngle>
      <velocity>4.800000000000001</velocity>
      <orientation>0.039782797517354834</orientation>
      <time>39</time>
    </ksState>
    <ksState>
      <x>189.80979603211424</x>
      <y>-352.4937977159196</y>
      <steeringAngle>5.5294310796760726e-17</steeringAngle>
      <velocity>4.0</velocity>
      <orientation>0.04290657335452039</orientation>
      <time>40</time>
    </ksState>
    <ksState>
      <x>190.2499992497336</x>
      <y>-352.4798245256768</y>
      <steeringAngle>-0.035533333333333326</steeringAngle>
      <velocity>4.799999999999999</velocity>
      <orientation>0.039782794685329574</orientation>
      <time>41</time>
    </ksState>
    <ksState>
      <x>190.77068791115556</x>
      <y>-352.47707653247886</y>
      <steeringAngle>-0.07106666666666667</steeringAngle>
      <velocity>5.599999999999998</velocity>
      <orientation>0.028932183624156792</orientation>
      <time>42</time>
    </ksState>
    <ksState>
      <x>191.37166703317425</x>
      <y>-352.49516311933877</y>
      <steeringAngle>-0.10659999999999999</steeringAngle>
      <velocity>6.3999999999999995</velocity>
      <orientation>0.0081152346238288</orientation>
      <time>43</time>
    </ksState>
    <ksState>
      <x>192.05184593315377</x>
      <y>-352.54739908324984</y>
      <steeringAngle>-0.14213333333333333</steeringAngle>
      <velocity>7.199999999999999</velocity>
      <orientation>-0.024944336357336352</orientation>
      <time>44</time>
    </ksState>
    <ksState>
      <x>192.80829888033438</x>
      <y>-352.651484357477</y>
      <steeringAngle>-0.17766666666666664</steeringAngle>
      <velocity>7.9999999999999964</velocity>
      <orientation>-0.07257165843888298</orientation>
      <time>45</time>
    </ksState>
    <ksState>
      <x>193.59740035508335</x>
      <y>-352.801013258059</y>
      <steeringAngle>-0.14213333333333336</steeringAngle>
      <velocity>8.0</velocity>
      <orientation>-0.12260646998763142</orientation>
      <time>46</time>
    </ksState>
    <ksState>
      <x>194.38138435376263</x>
      <y>-352.96958193647254</y>
      <steeringAngle>-0.1066000000000001</steeringAngle>
      <velocity>8.0</velocity>
      <orientation>-0.16139032199462877</orientation>
      <time>47</time>
    </ksState>
    <ksState>
      <x>195.16212969145658</x>
      <y>-353.1484661223468</y>
      <steeringAngle>-0.07106666666666674</steeringAngle>
      <velocity>8.0</velocity>
      <orientation>-0.18902280102431568</orientation>
      <time>48</time>
    </ksState>
    <ksState>
      <x>195.94183975512948</x>
      <y>-353.3290947621992</y>
      <steeringAngle>-0.035533333333333354</steeringAngle>
      <velocity>8.0</velocity>
      <orientation>-0.205574321653345</orientation>
      <time>49</time>
    </ksState>
    <ksState>
      <x>196.72276627779812</x>
      <y>-353.5029483543042</y>
      <steeringAngle>-2.0816681711721685e-17</steeringAngle>
      <velocity>8.0</velocity>
      <orientation>-0.21108684811174983</orientation>
      <time>50</time>
    </ksState>
    <ksState>
      <x>197.50693694626142</x>
      <y>-353.66145557146746</y>
      <steeringAngle>0.03553333333333333</steeringAngle>
      <velocity>8.0</velocity>
      <orientation>-0.20557431310891106</orientation>
      <time>51</time>
    </ksState>
    <ksState>
      <x>198.29587876321037</x>
      <y>-353.79590215382945</y>
      <steeringAngle>0.07106666666666667</steeringAngle>
      <velocity>8.0</velocity>
      <orientation>-0.1890227922286414</orientation>
      <time>52</time>
    </ksState>
    <ksState>
      <x>199.09032915528846</x>
      <y>-353.8973661235419</y>
      <steeringAngle>0.10659999999999997</steeringAngle>
      <velocity>8.0</velocity>
      <orientation>-0.1613903129379465</orientation>
      <time>53</time>
    </ksState>
    <ksState>
      <x>199.88993006998257</x>
      <y>-353.95669546850695</y>
      <steeringAngle>0.1421333333333333</steeringAngle>
      <velocity>8.0</velocity>
      <orientation>-0.12260646066521158</orientation>
      <time>54</time>
    </ksState>
    <ksState>
      <x>200.69290188136415</x>
      <y>-353.96454575270394</y>
      <steeringAngle>0.17766666666666667</steeringAngle>
      <velocity>8.0</velocity>
      <orientation>-0.0725716484160569</orientation>
      <time>55</time>
    </ksState>
    <ksState>
      <x>201.4552618877398</x>
      <y>-353.93323101819806</y>
      <steeringAngle>0.1421333333333334</steeringAngle>
      <velocity>7.2</velocity>
      <orientation>-0.024944326670419972</orientation>
      <time>56</time>
    </ksState>
    <ksState>
      <x>202.13560683510318</x>
      <y>-353.8913830821877</y>
      <steeringAngle>0.10660000000000011</steeringAngle>
      <velocity>6.4</velocity>
      <orientation>0.008115243777547992</orientation>
      <time>57</time>
    </ksState>
    <ksState>
      <x>202.73493658986402</x>
      <y>-353.8502424489485</y>
      <steeringAngle>0.07106666666666674</steeringAngle>
      <velocity>5.600000000000001</velocity>
      <orientation>0.028932192071436463</orientation>
      <time>58</time>
    </ksState>
    <ksState>
      <x>203.25408606900967</x>
      <y>-353.8166411580918</y>
      <steeringAngle>0.03553333333333339</steeringAngle>
      <velocity>4.800000000000001</velocity>
      <orientation>0.03978280172909934</orientation>
      <time>59</time>
    </ksState>
    <ksState>
      <x>203.69351693843183</x>
      <y>-353.79379240388613</y>
      <steeringAngle>5.5294310796760726e-17</steeringAngle>
      <velocity>4.0</velocity>
      <orientation>0.0429065775662649</orientation>
      <time>60</time>
    </ksState>
    <ksState>
      <x>204.13372015607186</x>
      <y>-353.7798192117894</y>
      <steeringAngle>-0.035533333333333326</steeringAngle>
      <velocity>4.799999999999999</velocity>
      <orientation>0.03978279889707408</orientation>
      <time>61</time>
    </ksState>
    <ksState>
      <x>204.6544088175762</x>
      <y>-353.77707121639924</y>
      <steeringAngle>-0.07106666666666667</steeringAngle>
      <velocity>5.599999999999998</velocity>
      <orientation>0.0289321878359013</orientation>
      <time>62</time>
    </ksState>
    <ksState>
      <x>205.25538793977944</x>
      <y>-353.7951578007305</y>
      <steeringAngle>-0.10659999999999999</steeringAngle>
      <velocity>6.3999999999999995</velocity>
      <orientation>0.008115238835573309</orientation>
      <time>63</time>
    </ksState>
    <ksState>
      <x>205.9355668401017</x>
      <y>-353.84739376178305</y>
      <steeringAngle>-0.14213333333333333</steeringAngle>
      <velocity>7.199999999999999</velocity>
      <orientation>-0.024944332145591844</orientation>
      <time>64</time>
    </ksState>
    <ksState>
      <x>206.69201978785745</x>
      <y>-353.9514790328366</y>
      <steeringAngle>-0.17766666666666664</steeringAngle>
      <velocity>7.9999999999999964</velocity>
      <orientation>-0.07257165422713847</orientation>
      <time>65</time>
    </ksState>
    <ksState>
      <x>207.4811212632362</x>
      <y>-354.1010079300951</y>
      <steeringAngle>-0.14213333333333336</steeringAngle>
      <velocity>8.0</velocity>
      <orientation>-0.12260646577588691</orientation>
      <time>66</time>
    </ksState>
    <ksState>
      <x>208.26510526262544</x>
      <y>-354.26957660520674</y>
      <steeringAngle>-0.1066000000000001</steeringAngle>
      <velocity>8.0</velocity>
      <orientation>-0.16139031778288426</orientation>
      <time>67</time>
    </ksState>
    <ksState>
      <x>209.04585060107283</x>
      <y>-354.4484607877927</y>
      <steeringAngle>-0.07106666666666674</steeringAngle>
      <velocity>8.0</velocity>
      <orientation>-0.18902279681257117</orientation>
      <time>68</time>
    </ksState>
    <ksState>
      <x>209.8255606655065</x>
      <y>-354.62908942436115</y>
      <steeringAngle>-0.035533333333333354</steeringAngle>
      <velocity>8.0</velocity>
      <orientation>-0.20557431744160048</orientation>
      <time>69</time>
    </ksState>
    <ksState>
      <x>210.60648718890735</x>
      <y>-354.8029430131771</y>
      <steeringAngle>-2.0816681711721685e-17</steeringAngle>
      <velocity>8.0</velocity>
      <orientation>-0.21108684390000532</orientation>
      <time>70</time>
    </ksState>
    <ksState>
      <x>211.3906578580382</x>
      <y>-354.96145022703763</y>
      <steeringAngle>0.03553333333333333</steeringAngle>
      <velocity>8.0</velocity>
      <orientation>-0.20557430889716655</orientation>
      <time>71</time>
    </ksState>
    <ksState>
      <x>212.17959967555345</x>
      <y>-355.0958968060768</y>
      <steeringAngle>0.07106666666666667</steeringAngle>
      <velocity>8.0</velocity>
      <orientation>-0.1890227880168969</orientation>
      <time>72</time>
    </ksState>
    <ksState>
      <x>212.9740500680589</x>
      <y>-355.19736077244323</y>
      <steeringAngle>0.10659999999999997</steeringAngle>
      <velocity>8.0</velocity>
      <orientation>-0.161390308726202</orientation>
      <time>73</time>
    </ksState>
    <ksState>
      <x>213.77365098300288</x>
      <y>-355.2566901140406</y>
      <steeringAngle>0.1421333333333333</steeringAngle>
      <velocity>8.0</velocity>
      <orientation>-0.12260645645346707</orientation>
      <time>74</time>
    </ksState>
    <ksState>
      <x>214.57662279441746</x>
      <y>-355.26454039485566</y>
      <steeringAngle>0.17766666666666667</steeringAngle>
      <velocity>8.0</velocity>
      <orientation>-0.07257164420431239</orientation>
      <time>75</time>
    </ksState>
    <ksState>
      <x>215.37905401370125</x>
      <y>-355.2307148441728</y>
      <steeringAngle>0.14213333333333336</steeringAngle>
      <velocity>8.0</velocity>
      <orientation>-0.022536832655563957</orientation>
      <time>76</time>
    </ksState>
    <ksState>
      <x>216.17917536975577</x>
      <y>-355.1773095531173</y>
      <steeringAngle>0.1066000000000001</steeringAngle>
      <velocity>8.0</velocity>
      <orientation>0.016247019351433384</orientation>
      <time>77</time>
    </ksState>
    <ksState>
      <x>216.97758409417938</x>
      <y>-355.11322879897824</y>
      <steeringAngle>0.07106666666666674</steeringAngle>
      <velocity>8.0</velocity>
      <orientation>0.04387949838112029</orientation>
      <time>78</time>
    </ksState>
    <ksState>
      <x>217.77522073804474</x>
      <y>-355.04727219740624</y>
      <steeringAngle>0.035533333333333354</steeringAngle>
      <velocity>8.0</velocity>
      <orientation>0.060431019010149634</orientation>
      <time>79</time>
    </ksState>
    <ksState>
      <x>218.573081146276</x>
      <y>-354.98819534684543</y>
      <steeringAngle>2.0816681711721685e-17</steeringAngle>
      <velocity>8.0</velocity>
      <orientation>0.06594354546855447</orientation>
      <time>80</time>
    </ksState>
    <ksState>
      <x>219.37193197764634</x>
      <y>-354.9447727215223</y>
      <steeringAngle>-0.03553333333333333</steeringAngle>
      <velocity>8.0</velocity>
      <orientation>0.06043101046571569</orientation>
      <time>81</time>
    </ksState>
    <ksState>
      <x>220.1720237984639</x>
      <y>-354.92584780936005</y>
      <steeringAngle>-0.07106666666666667</steeringAngle>
      <velocity>8.0</velocity>
      <orientation>0.043879489585446046</orientation>
      <time>82</time>
    </ksState>
    <ksState>
      <x>220.9727958581011</x>
      <y>-354.9403554324335</y>
      <steeringAngle>-0.10659999999999997</steeringAngle>
      <velocity>8.0</velocity>
      <orientation>0.016247010294751146</orientation>
      <time>83</time>
    </ksState>
    <ksState>
      <x>221.7725701747035</x>
      <y>-354.99729958451974</y>
      <steeringAngle>-0.1421333333333333</steeringAngle>
      <velocity>8.0</velocity>
      <orientation>-0.02253684197798378</orientation>
      <time>84</time>
    </ksState>
    <ksState>
      <x>222.56823430949083</x>
      <y>-355.1056690518455</y>
      <steeringAngle>-0.17766666666666667</steeringAngle>
      <velocity>8.0</velocity>
      <orientation>-0.07257165422713846</orientation>
      <time>85</time>
    </ksState>
    <ksState>
      <x>223.35733578486958</x>
      <y>-355.255197949104</y>
      <steeringAngle>-0.14213333333333336</steeringAngle>
      <velocity>8.0</velocity>
      <orientation>-0.1226064657758869</orientation>
      <time>86</time>
    </ksState>
    <ksState>
      <x>224.14131978425883</x>
      <y>-355.42376662421566</y>
      <steeringAngle>-0.1066000000000001</steeringAngle>
      <velocity>8.0</velocity>
      <orientation>-0.16139031778288424</orientation>
      <time>87</time>
    </ksState>
    <ksState>
      <x>224.92206512270621</x>
      <y>-355.60265080680165</y>
      <steeringAngle>-0.07106666666666674</steeringAngle>
      <velocity>8.0</velocity>
      <orientation>-0.18902279681257114</orientation>
      <time>88</time>
    </ksState>
    <ksState>
      <x>225.70177518713987</x>
      <y>-355.7832794433701</y>
      <steeringAngle>-0.035533333333333354</steeringAngle>
      <velocity>8.0</velocity>
      <orientation>-0.20557431744160048</orientation>
      <time>89</time>
    </ksState>
    <ksState>
      <x>226.48270171054074</x>
      <y>-355.95713303218605</y>
      <steeringAngle>-2.0816681711721685e-17</steeringAngle>
      <velocity>8.0</velocity>
      <orientation>-0.21108684390000532</orientation>
      <time>90</time>
    </ksState>
    <ksState>
      <x>227.22761660452073</x>
      <y>-356.10794523070774</y>
      <steeringAngle>0.03553333333333333</steeringAngle>
      <velocity>7.199999999999999</velocity>
      <orientation>-0.205941830917513</orientation>
      <time>91</time>
    </ksState>
    <ksState>
      <x>227.89802214856397</x>
      <y>-356.22337088352657</y>
      <steeringAngle>0.07106666666666664</steeringAngle>
      <velocity>6.400000000000001</velocity>
      <orientation>-0.19196515879654988</orientation>
      <time>92</time>
    </ksState>
    <ksState>
      <x>228.49336719629946</x>
      <y>-356.3032998146024</y>
      <steeringAngle>0.10659999999999997</steeringAngle>
      <velocity>5.600000000000004</velocity>
      <orientation>-0.17133339093066852</orientation>
      <time>93</time>
    </ksState>
    <ksState>
      <x>229.01241267915125</x>
      <y>-356.3505424475873</y>
      <steeringAngle>0.1421333333333333</steeringAngle>
      <velocity>4.800000000000003</velocity>
      <orientation>-0.14621718342202025</orientation>
      <time>94</time>
    </ksState>
    <ksState>
      <x>229.45366665335544</x>
      <y>-356.37022329894364</y>
      <steeringAngle>0.17766666666666653</steeringAngle>
      <velocity>4.000000000000006</velocity>
      <orientation>-0.11879228683687044</orientation>
      <time>95</time>
    </ksState>
    <ksState>
      <x>229.81504855735014</x>
      <y>-356.3767108024673</y>
      <steeringAngle>0.1421333333333333</steeringAngle>
      <velocity>3.1999999999999993</velocity>
      <orientation>-0.09618237186342812</orientation>
      <time>96</time>
    </ksState>
    <ksState>
      <x>230.0956726650946</x>
      <y>-356.3822367358984</y>
      <steeringAngle>0.10659999999999997</steeringAngle>
      <velocity>2.3999999999999977</velocity>
      <orientation>-0.08251473099272079</orientation>
      <time>97</time>
    </ksState>
    <ksState>
      <x>230.29583803690525</x>
      <y>-356.3880484158493</y>
      <steeringAngle>0.07106666666666664</steeringAngle>
      <velocity>1.5999999999999976</velocity>
      <orientation>-0.07551402513950164</orientation>
      <time>98</time>
    </ksState>
    <ksState>
      <x>230.41578044272455</x>
      <y>-356.3932780694589</y>
      <steeringAngle>0.0355333333333333</steeringAngle>
      <velocity>0.7999999999999972</velocity>
      <orientation>-0.07293918066553438</orientation>
      <time>99</time>
    </ksState>
  </ksTrajectory>
</CommonRoadSolution>
