<?xml version="1.0" ?>
<CommonRoadSolution benchmark_id="KS2:SM1:DEU_BadEssen-4_1_T-1:2020a" computation_time="0.5215758230001484" date="2023-01-12T15:00:04">
  <ksTrajectory planningProblem="1">
    <ksState>
      <x>-463.1657</x>
      <y>205.09055</y>
      <steeringAngle>0.0</steeringAngle>
      <velocity>4.0</velocity>
      <orientation>-0.37943503</orientation>
      <time>0</time>
    </ksState>
    <ksState>
      <x>-462.7551838249184</x>
      <y>204.93213889104345</y>
      <steeringAngle>0.035533333333333326</steeringAngle>
      <velocity>4.799999999999999</velocity>
      <orientation>-0.37631125133080917</orientation>
      <time>1</time>
    </ksState>
    <ksState>
      <x>-462.26506049708314</x>
      <y>204.7577681685512</y>
      <steeringAngle>0.07106666666666667</steeringAngle>
      <velocity>5.599999999999998</velocity>
      <orientation>-0.3654606402696364</orientation>
      <time>2</time>
    </ksState>
    <ksState>
      <x>-461.6923428309183</x>
      <y>204.57656699549926</y>
      <steeringAngle>0.10659999999999999</steeringAngle>
      <velocity>6.3999999999999995</velocity>
      <orientation>-0.34464369126930844</orientation>
      <time>3</time>
    </ksState>
    <ksState>
      <x>-461.0336663165174</x>
      <y>204.40145458730686</y>
      <steeringAngle>0.14213333333333333</steeringAngle>
      <velocity>7.199999999999999</velocity>
      <orientation>-0.31158412028814325</orientation>
      <time>4</time>
    </ksState>
    <ksState>
      <x>-460.2859510262894</x>
      <y>204.25009118660154</y>
      <steeringAngle>0.17766666666666664</steeringAngle>
      <velocity>7.9999999999999964</velocity>
      <orientation>-0.2639567982065966</orientation>
      <time>5</time>
    </ksState>
    <ksState>
      <x>-459.48971176776547</x>
      <y>204.14001854725234</y>
      <steeringAngle>0.17766666666666667</steeringAngle>
      <velocity>8.0</velocity>
      <orientation>-0.20825582189608483</orientation>
      <time>6</time>
    </ksState>
    <ksState>
      <x>-458.68857937562717</x>
      <y>204.0744449837805</y>
      <steeringAngle>0.17766666666666667</steeringAngle>
      <velocity>8.0</velocity>
      <orientation>-0.15255484558557308</orientation>
      <time>7</time>
    </ksState>
    <ksState>
      <x>-457.885038833348</x>
      <y>204.05357390067928</y>
      <steeringAngle>0.17766666666666667</steeringAngle>
      <velocity>8.0</velocity>
      <orientation>-0.0968538692750614</orientation>
      <time>8</time>
    </ksState>
    <ksState>
      <x>-457.0815825601864</x>
      <y>204.07747003579055</y>
      <steeringAngle>0.17766666666666667</steeringAngle>
      <velocity>8.0</velocity>
      <orientation>-0.041152892964549576</orientation>
      <time>9</time>
    </ksState>
    <ksState>
      <x>-456.2807027134002</x>
      <y>204.14605926865514</y>
      <steeringAngle>0.17766666666666667</steeringAngle>
      <velocity>8.0</velocity>
      <orientation>0.014548083345962248</orientation>
      <time>10</time>
    </ksState>
    <ksState>
      <x>-455.5238782748146</x>
      <y>204.24359023374035</y>
      <steeringAngle>0.1421333333333334</steeringAngle>
      <velocity>7.2</velocity>
      <orientation>0.062175405091599176</orientation>
      <time>11</time>
    </ksState>
    <ksState>
      <x>-454.8496829420477</x>
      <y>204.3444809996975</y>
      <steeringAngle>0.10660000000000011</steeringAngle>
      <velocity>6.4</velocity>
      <orientation>0.09523497553956714</orientation>
      <time>12</time>
    </ksState>
    <ksState>
      <x>-454.2561425924186</x>
      <y>204.4376191562144</y>
      <steeringAngle>0.07106666666666674</steeringAngle>
      <velocity>5.600000000000001</velocity>
      <orientation>0.11605192383345561</orientation>
      <time>13</time>
    </ksState>
    <ksState>
      <x>-453.7418309536202</x>
      <y>204.51627015676294</y>
      <steeringAngle>0.03553333333333339</steeringAngle>
      <velocity>4.800000000000001</velocity>
      <orientation>0.1269025334911185</orientation>
      <time>14</time>
    </ksState>
    <ksState>
      <x>-453.30600846546935</x>
      <y>204.57727248751743</y>
      <steeringAngle>5.5294310796760726e-17</steeringAngle>
      <velocity>4.0</velocity>
      <orientation>0.13002630932828405</orientation>
      <time>15</time>
    </ksState>
    <ksState>
      <x>-452.8690934860462</x>
      <y>204.62945399957133</y>
      <steeringAngle>-0.035533333333333326</steeringAngle>
      <velocity>4.799999999999999</velocity>
      <orientation>0.12690253065909324</orientation>
      <time>16</time>
    </ksState>
    <ksState>
      <x>-452.3510951879685</x>
      <y>204.67745179680543</y>
      <steeringAngle>-0.07106666666666667</steeringAngle>
      <velocity>5.599999999999998</velocity>
      <orientation>0.11605191959792045</orientation>
      <time>17</time>
    </ksState>
    <ksState>
      <x>-451.75137217414385</x>
      <y>204.71168185584352</y>
      <steeringAngle>-0.10659999999999999</steeringAngle>
      <velocity>6.3999999999999995</velocity>
      <orientation>0.09523497059759245</orientation>
      <time>18</time>
    </ksState>
    <ksState>
      <x>-451.06985290061954</x>
      <y>204.7187942352841</y>
      <steeringAngle>-0.14213333333333333</steeringAngle>
      <velocity>7.199999999999999</velocity>
      <orientation>0.062175399616427304</orientation>
      <time>19</time>
    </ksState>
    <ksState>
      <x>-450.3079118329386</x>
      <y>204.68091490457724</y>
      <steeringAngle>-0.17766666666666664</steeringAngle>
      <velocity>7.9999999999999964</velocity>
      <orientation>0.014548077534880674</orientation>
      <time>20</time>
    </ksState>
    <ksState>
      <x>-449.54887050307144</x>
      <y>204.5965926657146</y>
      <steeringAngle>-0.17766666666666667</steeringAngle>
      <velocity>7.2</velocity>
      <orientation>-0.038367849909496696</orientation>
      <time>21</time>
    </ksState>
    <ksState>
      <x>-448.87434636441816</x>
      <y>204.48720695167208</y>
      <steeringAngle>-0.17766666666666667</steeringAngle>
      <velocity>6.4</velocity>
      <orientation>-0.08571367970230788</orientation>
      <time>22</time>
    </ksState>
    <ksState>
      <x>-448.2840560419373</x>
      <y>204.36427102334505</y>
      <steeringAngle>-0.17766666666666667</steeringAngle>
      <velocity>5.599999999999999</velocity>
      <orientation>-0.12748941185749263</orientation>
      <time>23</time>
    </ksState>
    <ksState>
      <x>-447.77700393652526</x>
      <y>204.23786322031967</y>
      <steeringAngle>-0.17766666666666667</steeringAngle>
      <velocity>4.799999999999999</velocity>
      <orientation>-0.16369504637900711</orientation>
      <time>24</time>
    </ksState>
    <ksState>
      <x>-447.3517668503781</x>
      <y>204.1166243816886</y>
      <steeringAngle>-0.17766666666666667</steeringAngle>
      <velocity>4.0</velocity>
      <orientation>-0.19433058326833713</orientation>
      <time>25</time>
    </ksState>
    <ksState>
      <x>-447.0067755510175</x>
      <y>204.00778569028154</y>
      <steeringAngle>-0.17766666666666667</steeringAngle>
      <velocity>3.2000000000000006</velocity>
      <orientation>-0.21939602253651472</orientation>
      <time>26</time>
    </ksState>
    <ksState>
      <x>-446.7403987594119</x>
      <y>203.91717552107698</y>
      <steeringAngle>-0.17766666666666667</steeringAngle>
      <velocity>2.4000000000000012</velocity>
      <orientation>-0.2388913641665445</orientation>
      <time>27</time>
    </ksState>
    <ksState>
      <x>-446.5512361860499</x>
      <y>203.84928317470175</y>
      <steeringAngle>-0.17766666666666667</steeringAngle>
      <velocity>1.6000000000000005</velocity>
      <orientation>-0.2528166081655255</orientation>
      <time>28</time>
    </ksState>
    <ksState>
      <x>-446.43819889363493</x>
      <y>203.8072857103666</y>
      <steeringAngle>-0.17766666666666667</steeringAngle>
      <velocity>0.8000000000000004</velocity>
      <orientation>-0.2611717545362796</orientation>
      <time>29</time>
    </ksState>
    <ksState>
      <x>-446.40059826300944</x>
      <y>203.79307685068156</y>
      <steeringAngle>-0.17766666666666667</steeringAngle>
      <velocity>2.7755575615628914e-16</velocity>
      <orientation>-0.26395680328249493</orientation>
      <time>30</time>
    </ksState>
    <ksState>
      <x>-446.40059826300944</x>
      <y>203.79307685068156</y>
      <steeringAngle>-0.14213333333333336</steeringAngle>
      <velocity>0.0</velocity>
      <orientation>-0.26395680328249493</orientation>
      <time>31</time>
    </ksState>
    <ksState>
      <x>-446.40059826300944</x>
      <y>203.79307685068156</y>
      <steeringAngle>-0.10660000000000001</steeringAngle>
      <velocity>0.0</velocity>
      <orientation>-0.26395680328249493</orientation>
      <time>32</time>
    </ksState>
    <ksState>
      <x>-446.40059826300944</x>
      <y>203.79307685068156</y>
      <steeringAngle>-0.07106666666666668</steeringAngle>
      <velocity>0.0</velocity>
      <orientation>-0.26395680328249493</orientation>
      <time>33</time>
    </ksState>
  </ksTrajectory>
</CommonRoadSolution>
