<?xml version="1.0" ?>
<CommonRoadSolution benchmark_id="KS2:SM1:DEU_Moelln-7_1_T-1:2020a" computation_time="0.5172031560005053" date="2023-01-12T15:00:04">
  <ksTrajectory planningProblem="1">
    <ksState>
      <x>466.41762</x>
      <y>982.75127</y>
      <steeringAngle>0.0</steeringAngle>
      <velocity>12.0</velocity>
      <orientation>2.2306081</orientation>
      <time>0</time>
    </ksState>
    <ksState>
      <x>465.7178902532546</x>
      <y>983.6765064299118</y>
      <steeringAngle>-0.03553333333333333</steeringAngle>
      <velocity>11.200000000000001</velocity>
      <orientation>2.222706826227656</orientation>
      <time>1</time>
    </ksState>
    <ksState>
      <x>465.0965556088015</x>
      <y>984.560368455409</y>
      <steeringAngle>-0.07106666666666667</steeringAngle>
      <velocity>10.400000000000007</velocity>
      <orientation>2.200454395429166</orientation>
      <time>2</time>
    </ksState>
    <ksState>
      <x>464.56087726392656</x>
      <y>985.4060859030716</y>
      <steeringAngle>-0.10660000000000001</steeringAngle>
      <velocity>9.60000000000001</velocity>
      <orientation>2.1660063845444943</orientation>
      <time>3</time>
    </ksState>
    <ksState>
      <x>464.11454640974665</x>
      <y>986.2128901619396</y>
      <steeringAngle>-0.14213333333333344</steeringAngle>
      <velocity>8.800000000000008</velocity>
      <orientation>2.1214982524236494</orientation>
      <time>4</time>
    </ksState>
    <ksState>
      <x>463.7578085194871</x>
      <y>986.9768390288898</y>
      <steeringAngle>-0.17766666666666675</steeringAngle>
      <velocity>8.000000000000009</velocity>
      <orientation>2.0690559546086678</orientation>
      <time>5</time>
    </ksState>
    <ksState>
      <x>463.4875439041524</x>
      <y>987.6917834449433</y>
      <steeringAngle>-0.21320000000000014</steeringAngle>
      <velocity>7.200000000000003</velocity>
      <orientation>2.0108066275371748</orientation>
      <time>6</time>
    </ksState>
    <ksState>
      <x>463.29742066940145</x>
      <y>988.350391326083</y>
      <steeringAngle>-0.24873333333333347</steeringAngle>
      <velocity>6.400000000000004</velocity>
      <orientation>1.9488895400513955</orientation>
      <time>7</time>
    </ksState>
    <ksState>
      <x>463.1781977064986</x>
      <y>988.9451385593136</y>
      <steeringAngle>-0.2842666666666668</steeringAngle>
      <velocity>5.600000000000001</velocity>
      <orientation>1.8854673972874745</orientation>
      <time>8</time>
    </ksState>
    <ksState>
      <x>463.1182124367934</x>
      <y>989.4691754221917</y>
      <steeringAngle>-0.3198</steeringAngle>
      <velocity>4.800000000000002</velocity>
      <orientation>1.8227382975455217</orientation>
      <time>9</time>
    </ksState>
    <ksState>
      <x>463.1040471819583</x>
      <y>989.916984585089</y>
      <steeringAngle>-0.3553333333333332</steeringAngle>
      <velocity>4.000000000000001</velocity>
      <orientation>1.762948463497307</orientation>
      <time>10</time>
    </ksState>
    <ksState>
      <x>463.12133362211296</x>
      <y>990.284765131651</y>
      <steeringAngle>-0.3908666666666668</steeringAngle>
      <velocity>3.2000000000000006</velocity>
      <orientation>1.7084060767241243</orientation>
      <time>11</time>
    </ksState>
    <ksState>
      <x>463.1556354851475</x>
      <y>990.5705064616144</y>
      <steeringAngle>-0.4264</steeringAngle>
      <velocity>2.3999999999999995</velocity>
      <orientation>1.6614964399276073</orientation>
      <time>12</time>
    </ksState>
    <ksState>
      <x>463.19334584672987</x>
      <y>990.7737503065935</y>
      <steeringAngle>-0.4619333333333332</steeringAngle>
      <velocity>1.5999999999999996</velocity>
      <orientation>1.6246988154022106</orientation>
      <time>13</time>
    </ksState>
    <ksState>
      <x>463.22255155034884</x>
      <y>990.8950757354094</y>
      <steeringAngle>-0.49746666666666656</steeringAngle>
      <velocity>0.7999999999999986</velocity>
      <orientation>1.600605379252229</orientation>
      <time>14</time>
    </ksState>
    <ksState>
      <x>463.2338511261608</x>
      <y>990.9353765447427</y>
      <steeringAngle>-0.5329999999999998</steeringAngle>
      <velocity>-1.5265566588595902e-15</velocity>
      <orientation>1.5919427131146484</orientation>
      <time>15</time>
    </ksState>
    <ksState>
      <x>463.2338511261608</x>
      <y>990.9353765447427</y>
      <steeringAngle>-0.49746666666666667</steeringAngle>
      <velocity>0.0</velocity>
      <orientation>1.5919427131146484</orientation>
      <time>16</time>
    </ksState>
    <ksState>
      <x>463.2338511261608</x>
      <y>990.9353765447427</y>
      <steeringAngle>-0.4619333333333333</steeringAngle>
      <velocity>0.0</velocity>
      <orientation>1.5919427131146484</orientation>
      <time>17</time>
    </ksState>
    <ksState>
      <x>463.2338511261608</x>
      <y>990.9353765447427</y>
      <steeringAngle>-0.42639999999999995</steeringAngle>
      <velocity>0.0</velocity>
      <orientation>1.5919427131146484</orientation>
      <time>18</time>
    </ksState>
    <ksState>
      <x>463.2338511261608</x>
      <y>990.9353765447427</y>
      <steeringAngle>-0.3908666666666666</steeringAngle>
      <velocity>0.0</velocity>
      <orientation>1.5919427131146484</orientation>
      <time>19</time>
    </ksState>
    <ksState>
      <x>463.2338511261608</x>
      <y>990.9353765447427</y>
      <steeringAngle>-0.3553333333333333</steeringAngle>
      <velocity>0.0</velocity>
      <orientation>1.5919427131146484</orientation>
      <time>20</time>
    </ksState>
    <ksState>
      <x>463.2338511261608</x>
      <y>990.9353765447427</y>
      <steeringAngle>-0.3198</steeringAngle>
      <velocity>0.0</velocity>
      <orientation>1.5919427131146484</orientation>
      <time>21</time>
    </ksState>
    <ksState>
      <x>463.2338511261608</x>
      <y>990.9353765447427</y>
      <steeringAngle>-0.2842666666666666</steeringAngle>
      <velocity>0.0</velocity>
      <orientation>1.5919427131146484</orientation>
      <time>22</time>
    </ksState>
    <ksState>
      <x>463.2338511261608</x>
      <y>990.9353765447427</y>
      <steeringAngle>-0.24873333333333333</steeringAngle>
      <velocity>0.0</velocity>
      <orientation>1.5919427131146484</orientation>
      <time>23</time>
    </ksState>
    <ksState>
      <x>463.2338511261608</x>
      <y>990.9353765447427</y>
      <steeringAngle>-0.21320000000000003</steeringAngle>
      <velocity>0.0</velocity>
      <orientation>1.5919427131146484</orientation>
      <time>24</time>
    </ksState>
    <ksState>
      <x>463.2338511261608</x>
      <y>990.9353765447427</y>
      <steeringAngle>-0.1776666666666667</steeringAngle>
      <velocity>0.0</velocity>
      <orientation>1.5919427131146484</orientation>
      <time>25</time>
    </ksState>
    <ksState>
      <x>463.2338511261608</x>
      <y>990.9353765447427</y>
      <steeringAngle>-0.14213333333333336</steeringAngle>
      <velocity>0.0</velocity>
      <orientation>1.5919427131146484</orientation>
      <time>26</time>
    </ksState>
    <ksState>
      <x>463.2338511261608</x>
      <y>990.9353765447427</y>
      <steeringAngle>-0.10660000000000001</steeringAngle>
      <velocity>0.0</velocity>
      <orientation>1.5919427131146484</orientation>
      <time>27</time>
    </ksState>
    <ksState>
      <x>463.2338511261608</x>
      <y>990.9353765447427</y>
      <steeringAngle>-0.07106666666666668</steeringAngle>
      <velocity>0.0</velocity>
      <orientation>1.5919427131146484</orientation>
      <time>28</time>
    </ksState>
    <ksState>
      <x>463.2338511261608</x>
      <y>990.9353765447427</y>
      <steeringAngle>-0.03553333333333333</steeringAngle>
      <velocity>0.0</velocity>
      <orientation>1.5919427131146484</orientation>
      <time>29</time>
    </ksState>
    <ksState>
      <x>463.2338511261608</x>
      <y>990.9353765447427</y>
      <steeringAngle>-0.0</steeringAngle>
      <velocity>0.0</velocity>
      <orientation>1.5919427131146484</orientation>
      <time>30</time>
    </ksState>
    <ksState>
      <x>463.2338511261608</x>
      <y>990.9353765447427</y>
      <steeringAngle>0.0</steeringAngle>
      <velocity>0.0</velocity>
      <orientation>1.5919427131146484</orientation>
      <time>31</time>
    </ksState>
    <ksState>
      <x>463.2338511261608</x>
      <y>990.9353765447427</y>
      <steeringAngle>0.0</steeringAngle>
      <velocity>0.0</velocity>
      <orientation>1.5919427131146484</orientation>
      <time>32</time>
    </ksState>
    <ksState>
      <x>463.2338511261608</x>
      <y>990.9353765447427</y>
      <steeringAngle>0.0</steeringAngle>
      <velocity>0.0</velocity>
      <orientation>1.5919427131146484</orientation>
      <time>33</time>
    </ksState>
  </ksTrajectory>
</CommonRoadSolution>
