<?xml version="1.0" ?>
<CommonRoadSolution benchmark_id="KS2:SM1:HRV_Pula-23_1_T-1:2020a" computation_time="0.8663075210006355" date="2023-01-12T15:00:04">
  <ksTrajectory planningProblem="1">
    <ksState>
      <x>479.76184</x>
      <y>-434.92359</y>
      <steeringAngle>0.0</steeringAngle>
      <velocity>12.0</velocity>
      <orientation>-3.2850169</orientation>
      <time>0</time>
    </ksState>
    <ksState>
      <x>478.615842421638</x>
      <y>-434.74366301451664</y>
      <steeringAngle>-0.03553333333333333</steeringAngle>
      <velocity>11.200000000000001</velocity>
      <orientation>-3.292918173772344</orientation>
      <time>1</time>
    </ksState>
    <ksState>
      <x>477.5549881275758</x>
      <y>-434.5390732120255</y>
      <steeringAngle>-0.07106666666666667</steeringAngle>
      <velocity>10.400000000000007</velocity>
      <orientation>-3.315170604570834</orientation>
      <time>2</time>
    </ksState>
    <ksState>
      <x>476.58225959296215</x>
      <y>-434.3024543446523</y>
      <steeringAngle>-0.10660000000000001</steeringAngle>
      <velocity>9.60000000000001</velocity>
      <orientation>-3.3496186154555057</orientation>
      <time>3</time>
    </ksState>
    <ksState>
      <x>475.70084673372276</x>
      <y>-434.0317964146221</y>
      <steeringAngle>-0.14213333333333344</steeringAngle>
      <velocity>8.800000000000008</velocity>
      <orientation>-3.3941267475763506</orientation>
      <time>4</time>
    </ksState>
    <ksState>
      <x>474.9136635877375</x>
      <y>-433.72976580634224</y>
      <steeringAngle>-0.17766666666666675</steeringAngle>
      <velocity>8.000000000000009</velocity>
      <orientation>-3.4465690453913322</orientation>
      <time>5</time>
    </ksState>
    <ksState>
      <x>474.2196038864907</x>
      <y>-433.4113120803918</y>
      <steeringAngle>-0.17766666666666667</steeringAngle>
      <velocity>7.2</velocity>
      <orientation>-3.4994849728357096</orientation>
      <time>6</time>
    </ksState>
    <ksState>
      <x>473.6136470800715</x>
      <y>-433.0956121346756</y>
      <steeringAngle>-0.17766666666666667</steeringAngle>
      <velocity>6.4</velocity>
      <orientation>-3.546830802628521</orientation>
      <time>7</time>
    </ksState>
    <ksState>
      <x>473.0919079530132</x>
      <y>-432.7935062993872</y>
      <steeringAngle>-0.17766666666666667</steeringAngle>
      <velocity>5.599999999999999</velocity>
      <orientation>-3.5886065347837057</orientation>
      <time>8</time>
    </ksState>
    <ksState>
      <x>472.65027588407384</x>
      <y>-432.5142490559731</y>
      <steeringAngle>-0.17766666666666667</steeringAngle>
      <velocity>4.799999999999999</velocity>
      <orientation>-3.62481216930522</orientation>
      <time>9</time>
    </ksState>
    <ksState>
      <x>472.2846858461781</x>
      <y>-432.2655959870453</y>
      <steeringAngle>-0.17766666666666667</steeringAngle>
      <velocity>4.0</velocity>
      <orientation>-3.65544770619455</orientation>
      <time>10</time>
    </ksState>
    <ksState>
      <x>471.98940804160776</x>
      <y>-432.0571493838949</y>
      <steeringAngle>-0.1421333333333333</steeringAngle>
      <velocity>3.1999999999999993</velocity>
      <orientation>-3.6780576211679925</orientation>
      <time>11</time>
    </ksState>
    <ksState>
      <x>471.7598271331074</x>
      <y>-431.8956779243739</y>
      <steeringAngle>-0.10659999999999997</steeringAngle>
      <velocity>2.3999999999999977</velocity>
      <orientation>-3.6917252620386996</orientation>
      <time>12</time>
    </ksState>
    <ksState>
      <x>471.5949644233663</x>
      <y>-431.782010696763</y>
      <steeringAngle>-0.07106666666666664</steeringAngle>
      <velocity>1.5999999999999976</velocity>
      <orientation>-3.6987259678919187</orientation>
      <time>13</time>
    </ksState>
    <ksState>
      <x>471.4951428704862</x>
      <y>-431.7153084661316</y>
      <steeringAngle>-0.0355333333333333</steeringAngle>
      <velocity>0.7999999999999972</velocity>
      <orientation>-3.701300812365886</orientation>
      <time>14</time>
    </ksState>
    <ksState>
      <x>471.46152883951476</x>
      <y>-431.693620410843</y>
      <steeringAngle>2.5153490401663703e-17</steeringAngle>
      <velocity>-2.914335439641036e-15</velocity>
      <orientation>-3.7016683239444172</orientation>
      <time>15</time>
    </ksState>
    <ksState>
      <x>471.46152883951476</x>
      <y>-431.693620410843</y>
      <steeringAngle>0.0</steeringAngle>
      <velocity>0.0</velocity>
      <orientation>-3.7016683239444172</orientation>
      <time>16</time>
    </ksState>
    <ksState>
      <x>471.46152883951476</x>
      <y>-431.693620410843</y>
      <steeringAngle>0.0</steeringAngle>
      <velocity>0.0</velocity>
      <orientation>-3.7016683239444172</orientation>
      <time>17</time>
    </ksState>
    <ksState>
      <x>471.46152883951476</x>
      <y>-431.693620410843</y>
      <steeringAngle>0.0</steeringAngle>
      <velocity>0.0</velocity>
      <orientation>-3.7016683239444172</orientation>
      <time>18</time>
    </ksState>
    <ksState>
      <x>471.46152883951476</x>
      <y>-431.693620410843</y>
      <steeringAngle>0.0</steeringAngle>
      <velocity>0.0</velocity>
      <orientation>-3.7016683239444172</orientation>
      <time>19</time>
    </ksState>
    <ksState>
      <x>471.46152883951476</x>
      <y>-431.693620410843</y>
      <steeringAngle>0.0</steeringAngle>
      <velocity>0.0</velocity>
      <orientation>-3.7016683239444172</orientation>
      <time>20</time>
    </ksState>
    <ksState>
      <x>471.46152883951476</x>
      <y>-431.693620410843</y>
      <steeringAngle>0.0</steeringAngle>
      <velocity>0.0</velocity>
      <orientation>-3.7016683239444172</orientation>
      <time>21</time>
    </ksState>
    <ksState>
      <x>471.46152883951476</x>
      <y>-431.693620410843</y>
      <steeringAngle>0.0</steeringAngle>
      <velocity>0.0</velocity>
      <orientation>-3.7016683239444172</orientation>
      <time>22</time>
    </ksState>
    <ksState>
      <x>471.46152883951476</x>
      <y>-431.693620410843</y>
      <steeringAngle>0.0</steeringAngle>
      <velocity>0.0</velocity>
      <orientation>-3.7016683239444172</orientation>
      <time>23</time>
    </ksState>
    <ksState>
      <x>471.46152883951476</x>
      <y>-431.693620410843</y>
      <steeringAngle>0.0</steeringAngle>
      <velocity>0.0</velocity>
      <orientation>-3.7016683239444172</orientation>
      <time>24</time>
    </ksState>
    <ksState>
      <x>471.46152883951476</x>
      <y>-431.693620410843</y>
      <steeringAngle>0.0</steeringAngle>
      <velocity>0.0</velocity>
      <orientation>-3.7016683239444172</orientation>
      <time>25</time>
    </ksState>
    <ksState>
      <x>471.46152883951476</x>
      <y>-431.693620410843</y>
      <steeringAngle>0.0</steeringAngle>
      <velocity>0.0</velocity>
      <orientation>-3.7016683239444172</orientation>
      <time>26</time>
    </ksState>
    <ksState>
      <x>471.46152883951476</x>
      <y>-431.693620410843</y>
      <steeringAngle>0.0</steeringAngle>
      <velocity>0.0</velocity>
      <orientation>-3.7016683239444172</orientation>
      <time>27</time>
    </ksState>
    <ksState>
      <x>471.46152883951476</x>
      <y>-431.693620410843</y>
      <steeringAngle>0.0</steeringAngle>
      <velocity>0.0</velocity>
      <orientation>-3.7016683239444172</orientation>
      <time>28</time>
    </ksState>
    <ksState>
      <x>471.46152883951476</x>
      <y>-431.693620410843</y>
      <steeringAngle>0.0</steeringAngle>
      <velocity>0.0</velocity>
      <orientation>-3.7016683239444172</orientation>
      <time>29</time>
    </ksState>
    <ksState>
      <x>471.46152883951476</x>
      <y>-431.693620410843</y>
      <steeringAngle>0.0</steeringAngle>
      <velocity>0.0</velocity>
      <orientation>-3.7016683239444172</orientation>
      <time>30</time>
    </ksState>
    <ksState>
      <x>471.46152883951476</x>
      <y>-431.693620410843</y>
      <steeringAngle>0.0</steeringAngle>
      <velocity>0.0</velocity>
      <orientation>-3.7016683239444172</orientation>
      <time>31</time>
    </ksState>
    <ksState>
      <x>471.46152883951476</x>
      <y>-431.693620410843</y>
      <steeringAngle>0.0</steeringAngle>
      <velocity>0.0</velocity>
      <orientation>-3.7016683239444172</orientation>
      <time>32</time>
    </ksState>
    <ksState>
      <x>471.46152883951476</x>
      <y>-431.693620410843</y>
      <steeringAngle>0.0</steeringAngle>
      <velocity>0.0</velocity>
      <orientation>-3.7016683239444172</orientation>
      <time>33</time>
    </ksState>
  </ksTrajectory>
</CommonRoadSolution>
