<?xml version="1.0" ?>
<CommonRoadSolution benchmark_id="KS2:SM1:DEU_Guetersloh-16_5_T-1:2020a" computation_time="1.037339720000091" date="2023-01-12T15:00:04">
  <ksTrajectory planningProblem="1">
    <ksState>
      <x>445.5129</x>
      <y>-179.15203</y>
      <steeringAngle>0.0</steeringAngle>
      <velocity>0.0</velocity>
      <orientation>1.8903229</orientation>
      <time>0</time>
    </ksState>
    <ksState>
      <x>445.50083736255226</x>
      <y>-179.11388862214855</y>
      <steeringAngle>-0.03553333333333333</steeringAngle>
      <velocity>0.8</velocity>
      <orientation>1.889955368221758</orientation>
      <time>1</time>
    </ksState>
    <ksState>
      <x>445.4667962743968</x>
      <y>-178.99876044464352</y>
      <steeringAngle>-0.0710666666666667</steeringAngle>
      <velocity>1.6</velocity>
      <orientation>1.8873805216297723</orientation>
      <time>2</time>
    </ksState>
    <ksState>
      <x>445.41462973649203</x>
      <y>-178.8054297056223</y>
      <steeringAngle>-0.10660000000000003</steeringAngle>
      <velocity>2.4000000000000004</velocity>
      <orientation>1.8803798173929351</orientation>
      <time>3</time>
    </ksState>
    <ksState>
      <x>445.3496232845353</x>
      <y>-178.53239581832054</y>
      <steeringAngle>-0.14213333333333342</steeringAngle>
      <velocity>3.2000000000000015</velocity>
      <orientation>1.8667121764521148</orientation>
      <time>4</time>
    </ksState>
    <ksState>
      <x>445.2792697972465</x>
      <y>-178.17789651443113</y>
      <steeringAngle>-0.17766666666666683</steeringAngle>
      <velocity>4.0000000000000036</velocity>
      <orientation>1.8441022605788948</orientation>
      <time>5</time>
    </ksState>
    <ksState>
      <x>445.22460672986256</x>
      <y>-177.81994825857706</y>
      <steeringAngle>-0.21319999999999997</steeringAngle>
      <velocity>3.2</velocity>
      <orientation>1.8165607150154601</orientation>
      <time>6</time>
    </ksState>
    <ksState>
      <x>445.1950649358955</x>
      <y>-177.53918860714532</y>
      <steeringAngle>-0.24873333333333342</steeringAngle>
      <velocity>2.4000000000000004</velocity>
      <orientation>1.7911224846288107</orientation>
      <time>7</time>
    </ksState>
    <ksState>
      <x>445.18269286263217</x>
      <y>-177.33734336693186</y>
      <steeringAngle>-0.2842666666666668</steeringAngle>
      <velocity>1.600000000000001</velocity>
      <orientation>1.770047584838231</orientation>
      <time>8</time>
    </ksState>
    <ksState>
      <x>445.17987893707533</x>
      <y>-177.21564401933796</y>
      <steeringAngle>-0.3197999999999999</steeringAngle>
      <velocity>0.8000000000000007</velocity>
      <orientation>1.7556491575375266</orientation>
      <time>9</time>
    </ksState>
    <ksState>
      <x>445.18010417464126</x>
      <y>-177.17492946309576</y>
      <steeringAngle>-0.3553333333333332</steeringAngle>
      <velocity>5.551115123125783e-16</velocity>
      <orientation>1.7503075159017973</orientation>
      <time>10</time>
    </ksState>
    <ksState>
      <x>445.18010417464126</x>
      <y>-177.17492946309576</y>
      <steeringAngle>-0.3198</steeringAngle>
      <velocity>0.0</velocity>
      <orientation>1.7503075159017973</orientation>
      <time>11</time>
    </ksState>
    <ksState>
      <x>445.18010417464126</x>
      <y>-177.17492946309576</y>
      <steeringAngle>-0.2842666666666666</steeringAngle>
      <velocity>0.0</velocity>
      <orientation>1.7503075159017973</orientation>
      <time>12</time>
    </ksState>
    <ksState>
      <x>445.18010417464126</x>
      <y>-177.17492946309576</y>
      <steeringAngle>-0.24873333333333333</steeringAngle>
      <velocity>0.0</velocity>
      <orientation>1.7503075159017973</orientation>
      <time>13</time>
    </ksState>
    <ksState>
      <x>445.18010417464126</x>
      <y>-177.17492946309576</y>
      <steeringAngle>-0.21320000000000003</steeringAngle>
      <velocity>0.0</velocity>
      <orientation>1.7503075159017973</orientation>
      <time>14</time>
    </ksState>
    <ksState>
      <x>445.18010417464126</x>
      <y>-177.17492946309576</y>
      <steeringAngle>-0.1776666666666667</steeringAngle>
      <velocity>0.0</velocity>
      <orientation>1.7503075159017973</orientation>
      <time>15</time>
    </ksState>
    <ksState>
      <x>445.17638197296367</x>
      <y>-177.13495588810596</y>
      <steeringAngle>-0.14213333333333333</steeringAngle>
      <velocity>0.8</velocity>
      <orientation>1.7479000186909948</orientation>
      <time>16</time>
    </ksState>
    <ksState>
      <x>445.1636155280526</x>
      <y>-177.0153583487562</y>
      <steeringAngle>-0.10660000000000001</steeringAngle>
      <velocity>1.6</velocity>
      <orientation>1.7421757320706601</orientation>
      <time>17</time>
    </ksState>
    <ksState>
      <x>445.13978434526655</x>
      <y>-176.8165447829109</y>
      <steeringAngle>-0.07106666666666664</steeringAngle>
      <velocity>2.4000000000000004</velocity>
      <orientation>1.7353602183076815</orientation>
      <time>18</time>
    </ksState>
    <ksState>
      <x>445.10279542532066</x>
      <y>-176.5388779843577</y>
      <steeringAngle>-0.03553333333333332</steeringAngle>
      <velocity>3.1999999999999993</velocity>
      <orientation>1.7296592975947518</orientation>
      <time>19</time>
    </ksState>
    <ksState>
      <x>445.04977263193496</x>
      <y>-176.1827865940527</y>
      <steeringAngle>2.6020852139652106e-18</steeringAngle>
      <velocity>3.999999999999999</velocity>
      <orientation>1.7272705460064248</orientation>
      <time>20</time>
    </ksState>
    <ksState>
      <x>444.99367150052467</x>
      <y>-175.82718476290646</y>
      <steeringAngle>0.0</steeringAngle>
      <velocity>3.2</velocity>
      <orientation>1.7272705460064248</orientation>
      <time>21</time>
    </ksState>
    <ksState>
      <x>444.950037287257</x>
      <y>-175.55060556123004</y>
      <steeringAngle>0.0</steeringAngle>
      <velocity>2.4000000000000004</velocity>
      <orientation>1.7272705460064248</orientation>
      <time>22</time>
    </ksState>
    <ksState>
      <x>444.9188699921161</x>
      <y>-175.3530489889228</y>
      <steeringAngle>0.0</steeringAngle>
      <velocity>1.6</velocity>
      <orientation>1.7272705460064248</orientation>
      <time>23</time>
    </ksState>
    <ksState>
      <x>444.90016961509565</x>
      <y>-175.23451504594473</y>
      <steeringAngle>0.0</steeringAngle>
      <velocity>0.7999999999999998</velocity>
      <orientation>1.7272705460064248</orientation>
      <time>24</time>
    </ksState>
    <ksState>
      <x>444.8939361561874</x>
      <y>-175.19500373224344</y>
      <steeringAngle>0.0</steeringAngle>
      <velocity>-3.3306690738754696e-16</velocity>
      <orientation>1.7272705460064248</orientation>
      <time>25</time>
    </ksState>
    <ksState>
      <x>444.88770269701075</x>
      <y>-175.15549241684084</y>
      <steeringAngle>0.0</steeringAngle>
      <velocity>0.8</velocity>
      <orientation>1.7272705460064248</orientation>
      <time>26</time>
    </ksState>
    <ksState>
      <x>444.86900231966547</x>
      <y>-175.03695847180376</y>
      <steeringAngle>0.0</steeringAngle>
      <velocity>1.6</velocity>
      <orientation>1.7272705460064248</orientation>
      <time>27</time>
    </ksState>
    <ksState>
      <x>444.83783502417884</x>
      <y>-174.83940189730507</y>
      <steeringAngle>0.0</steeringAngle>
      <velocity>2.4000000000000004</velocity>
      <orientation>1.7272705460064248</orientation>
      <time>28</time>
    </ksState>
    <ksState>
      <x>444.7942008105591</x>
      <y>-174.56282269339715</y>
      <steeringAngle>0.0</steeringAngle>
      <velocity>3.2000000000000006</velocity>
      <orientation>1.7272705460064248</orientation>
      <time>29</time>
    </ksState>
    <ksState>
      <x>444.7380996788097</x>
      <y>-174.20722086010144</y>
      <steeringAngle>0.0</steeringAngle>
      <velocity>4.000000000000001</velocity>
      <orientation>1.7272705460064248</orientation>
      <time>30</time>
    </ksState>
    <ksState>
      <x>444.67576508817587</x>
      <y>-173.8121077132555</y>
      <steeringAngle>0.0</steeringAngle>
      <velocity>4.0</velocity>
      <orientation>1.7272705460064248</orientation>
      <time>31</time>
    </ksState>
    <ksState>
      <x>444.613430497542</x>
      <y>-173.41699456640953</y>
      <steeringAngle>0.0</steeringAngle>
      <velocity>4.0</velocity>
      <orientation>1.7272705460064248</orientation>
      <time>32</time>
    </ksState>
    <ksState>
      <x>444.5510959069082</x>
      <y>-173.02188141956358</y>
      <steeringAngle>0.0</steeringAngle>
      <velocity>4.0</velocity>
      <orientation>1.7272705460064248</orientation>
      <time>33</time>
    </ksState>
  </ksTrajectory>
</CommonRoadSolution>
