<?xml version="1.0" ?>
<CommonRoadSolution benchmark_id="KS2:SM1:DEU_Flensburg-95_1_T-1:2020a" computation_time="2.042643830000088" date="2023-01-12T15:00:04">
  <ksTrajectory planningProblem="123">
    <ksState>
      <x>259.42987</x>
      <y>707.57787</y>
      <steeringAngle>0.0</steeringAngle>
      <velocity>0.0</velocity>
      <orientation>0.15868054</orientation>
      <time>0</time>
    </ksState>
    <ksState>
      <x>259.4694509264638</x>
      <y>707.5836684641819</y>
      <steeringAngle>-0.03553333333333333</steeringAngle>
      <velocity>0.8</velocity>
      <orientation>0.15831300822175803</orientation>
      <time>1</time>
    </ksState>
    <ksState>
      <x>259.5885448409637</x>
      <y>707.5988319884265</y>
      <steeringAngle>-0.0710666666666667</steeringAngle>
      <velocity>1.6</velocity>
      <orientation>0.1557381616297724</orientation>
      <time>2</time>
    </ksState>
    <ksState>
      <x>259.7877347413671</x>
      <y>707.619362597399</y>
      <steeringAngle>-0.10660000000000003</steeringAngle>
      <velocity>2.4000000000000004</velocity>
      <orientation>0.14873745739293517</orientation>
      <time>3</time>
    </ksState>
    <ksState>
      <x>260.0676553486877</x>
      <y>707.6398026563111</y>
      <steeringAngle>-0.14213333333333342</steeringAngle>
      <velocity>3.2000000000000015</velocity>
      <orientation>0.13506981645211502</orientation>
      <time>4</time>
    </ksState>
    <ksState>
      <x>260.428846174296</x>
      <y>707.652473770241</y>
      <steeringAngle>-0.17766666666666683</steeringAngle>
      <velocity>4.0000000000000036</velocity>
      <orientation>0.11245990057889488</orientation>
      <time>5</time>
    </ksState>
    <ksState>
      <x>260.8307908837898</x>
      <y>707.6523927179708</y>
      <steeringAngle>-0.17766666666666667</steeringAngle>
      <velocity>4.0</velocity>
      <orientation>0.08460941242363898</orientation>
      <time>6</time>
    </ksState>
    <ksState>
      <x>261.2325774975423</x>
      <y>707.641118793938</y>
      <steeringAngle>-0.17766666666666667</steeringAngle>
      <velocity>4.0</velocity>
      <orientation>0.056758924268383096</orientation>
      <time>7</time>
    </ksState>
    <ksState>
      <x>261.63389435633985</x>
      <y>707.6186607356304</y>
      <steeringAngle>-0.17766666666666667</steeringAngle>
      <velocity>4.0</velocity>
      <orientation>0.02890843611312721</orientation>
      <time>8</time>
    </ksState>
    <ksState>
      <x>262.03443019871645</x>
      <y>707.5850359617627</y>
      <steeringAngle>-0.17766666666666667</steeringAngle>
      <velocity>4.0</velocity>
      <orientation>0.0010579479578713552</orientation>
      <time>9</time>
    </ksState>
    <ksState>
      <x>262.43387436913116</x>
      <y>707.540270550635</y>
      <steeringAngle>-0.17766666666666667</steeringAngle>
      <velocity>4.0</velocity>
      <orientation>-0.026792540197384473</orientation>
      <time>10</time>
    </ksState>
    <ksState>
      <x>262.79250362594445</x>
      <y>707.4942606868648</y>
      <steeringAngle>-0.1421333333333333</steeringAngle>
      <velocity>3.1999999999999993</velocity>
      <orientation>-0.04940245517082679</orientation>
      <time>11</time>
    </ksState>
    <ksState>
      <x>263.0710611496089</x>
      <y>707.4590138280414</y>
      <steeringAngle>-0.10659999999999997</steeringAngle>
      <velocity>2.3999999999999977</velocity>
      <orientation>-0.06307009604153413</orientation>
      <time>12</time>
    </ksState>
    <ksState>
      <x>263.2700238219793</x>
      <y>707.4357223064458</y>
      <steeringAngle>-0.07106666666666664</steeringAngle>
      <velocity>1.5999999999999976</velocity>
      <orientation>-0.07007080189475326</orientation>
      <time>13</time>
    </ksState>
    <ksState>
      <x>263.38949906429264</x>
      <y>707.4234941518664</y>
      <steeringAngle>-0.0355333333333333</steeringAngle>
      <velocity>0.7999999999999972</velocity>
      <orientation>-0.07264564636872053</orientation>
      <time>14</time>
    </ksState>
    <ksState>
      <x>263.4293692094015</x>
      <y>707.4200598213611</y>
      <steeringAngle>2.5153490401663703e-17</steeringAngle>
      <velocity>-2.914335439641036e-15</velocity>
      <orientation>-0.07301315794725174</orientation>
      <time>15</time>
    </ksState>
    <ksState>
      <x>263.4692626390579</x>
      <y>707.4171418891478</y>
      <steeringAngle>0.0</steeringAngle>
      <velocity>0.8</velocity>
      <orientation>-0.07301315794725174</orientation>
      <time>16</time>
    </ksState>
    <ksState>
      <x>263.58894292684505</x>
      <y>707.4083880925948</y>
      <steeringAngle>0.0</steeringAngle>
      <velocity>1.6</velocity>
      <orientation>-0.07301315794725174</orientation>
      <time>17</time>
    </ksState>
    <ksState>
      <x>263.7884100725884</x>
      <y>707.3937984317146</y>
      <steeringAngle>0.0</steeringAngle>
      <velocity>2.4000000000000004</velocity>
      <orientation>-0.07301315794725174</orientation>
      <time>18</time>
    </ksState>
    <ksState>
      <x>264.06766407623513</x>
      <y>707.3733729065111</y>
      <steeringAngle>0.0</steeringAngle>
      <velocity>3.2000000000000006</velocity>
      <orientation>-0.07301315794725174</orientation>
      <time>19</time>
    </ksState>
    <ksState>
      <x>264.4267049377635</x>
      <y>707.3471115169859</y>
      <steeringAngle>0.0</steeringAngle>
      <velocity>4.000000000000001</velocity>
      <orientation>-0.07301315794725174</orientation>
      <time>20</time>
    </ksState>
    <ksState>
      <x>264.825639227078</x>
      <y>707.3179321953844</y>
      <steeringAngle>0.0</steeringAngle>
      <velocity>4.0</velocity>
      <orientation>-0.07301315794725174</orientation>
      <time>21</time>
    </ksState>
    <ksState>
      <x>265.22457351639247</x>
      <y>707.2887528737829</y>
      <steeringAngle>0.0</steeringAngle>
      <velocity>4.0</velocity>
      <orientation>-0.07301315794725174</orientation>
      <time>22</time>
    </ksState>
    <ksState>
      <x>265.623507805707</x>
      <y>707.2595735521812</y>
      <steeringAngle>0.0</steeringAngle>
      <velocity>4.0</velocity>
      <orientation>-0.07301315794725174</orientation>
      <time>23</time>
    </ksState>
    <ksState>
      <x>266.0224420950215</x>
      <y>707.2303942305797</y>
      <steeringAngle>0.0</steeringAngle>
      <velocity>4.0</velocity>
      <orientation>-0.07301315794725174</orientation>
      <time>24</time>
    </ksState>
    <ksState>
      <x>266.42137638433604</x>
      <y>707.2012149089782</y>
      <steeringAngle>0.0</steeringAngle>
      <velocity>4.0</velocity>
      <orientation>-0.07301315794725174</orientation>
      <time>25</time>
    </ksState>
    <ksState>
      <x>266.85983860526386</x>
      <y>707.1642217979492</y>
      <steeringAngle>-0.035533333333333326</steeringAngle>
      <velocity>4.799999999999999</velocity>
      <orientation>-0.07613693661644255</orientation>
      <time>26</time>
    </ksState>
    <ksState>
      <x>267.3768749130028</x>
      <y>707.1067806817476</y>
      <steeringAngle>-0.07106666666666667</steeringAngle>
      <velocity>5.599999999999998</velocity>
      <orientation>-0.08698754767761534</orientation>
      <time>27</time>
    </ksState>
    <ksState>
      <x>267.9711809368663</x>
      <y>707.0193750740776</y>
      <steeringAngle>-0.10659999999999999</steeringAngle>
      <velocity>6.3999999999999995</velocity>
      <orientation>-0.10780449667794334</orientation>
      <time>28</time>
    </ksState>
    <ksState>
      <x>268.64013477167646</x>
      <y>706.8889148386833</y>
      <steeringAngle>-0.14213333333333333</steeringAngle>
      <velocity>7.199999999999999</velocity>
      <orientation>-0.14086406765910847</orientation>
      <time>29</time>
    </ksState>
    <ksState>
      <x>269.37878593608235</x>
      <y>706.6981702669767</y>
      <steeringAngle>-0.17766666666666664</steeringAngle>
      <velocity>7.9999999999999964</velocity>
      <orientation>-0.1884913897406551</orientation>
      <time>30</time>
    </ksState>
    <ksState>
      <x>270.103014980631</x>
      <y>706.4538737844391</y>
      <steeringAngle>-0.21320000000000014</steeringAngle>
      <velocity>7.200000000000003</velocity>
      <orientation>-0.24674071681214796</orientation>
      <time>31</time>
    </ksState>
    <ksState>
      <x>270.73286653293536</x>
      <y>706.1833221118306</y>
      <steeringAngle>-0.24873333333333347</steeringAngle>
      <velocity>6.400000000000004</velocity>
      <orientation>-0.30865780429792733</orientation>
      <time>32</time>
    </ksState>
    <ksState>
      <x>271.26838124314725</x>
      <y>705.8984319900898</y>
      <steeringAngle>-0.2842666666666668</steeringAngle>
      <velocity>5.600000000000001</velocity>
      <orientation>-0.37207994706184844</orientation>
      <time>33</time>
    </ksState>
    <ksState>
      <x>271.7116565542803</x>
      <y>705.6125651246144</y>
      <steeringAngle>-0.3198</steeringAngle>
      <velocity>4.800000000000002</velocity>
      <orientation>-0.43480904680380106</orientation>
      <time>34</time>
    </ksState>
    <ksState>
      <x>272.0669330445349</x>
      <y>705.3395956825669</y>
      <steeringAngle>-0.3553333333333332</steeringAngle>
      <velocity>4.000000000000001</velocity>
      <orientation>-0.4945988808520158</orientation>
      <time>35</time>
    </ksState>
    <ksState>
      <x>272.369834759859</x>
      <y>705.0645950067778</y>
      <steeringAngle>-0.39086666666666653</steeringAngle>
      <velocity>4.0</velocity>
      <orientation>-0.555319247158003</orientation>
      <time>36</time>
    </ksState>
    <ksState>
      <x>272.64944264260805</x>
      <y>704.7631874483851</y>
      <steeringAngle>-0.42639999999999995</steeringAngle>
      <velocity>4.0</velocity>
      <orientation>-0.6224888606144066</orientation>
      <time>37</time>
    </ksState>
    <ksState>
      <x>272.9013244301313</x>
      <y>704.435374981943</y>
      <steeringAngle>-0.4619333333333333</steeringAngle>
      <velocity>4.0</velocity>
      <orientation>-0.6963094442467506</orientation>
      <time>38</time>
    </ksState>
    <ksState>
      <x>273.1205743703481</x>
      <y>704.0818722597828</y>
      <steeringAngle>-0.49746666666666667</steeringAngle>
      <velocity>4.0</velocity>
      <orientation>-0.777009986059971</orientation>
      <time>39</time>
    </ksState>
    <ksState>
      <x>273.30185856293605</x>
      <y>703.7042741174932</y>
      <steeringAngle>-0.533</steeringAngle>
      <velocity>4.0</velocity>
      <orientation>-0.8648498526597796</orientation>
      <time>40</time>
    </ksState>
    <ksState>
      <x>273.4394984723958</x>
      <y>703.3052446170055</y>
      <steeringAngle>-0.5685333333333333</steeringAngle>
      <velocity>4.0</velocity>
      <orientation>-0.9601224923090095</orientation>
      <time>41</time>
    </ksState>
    <ksState>
      <x>273.52760463658683</x>
      <y>702.8887248387077</y>
      <steeringAngle>-0.6040666666666665</steeringAngle>
      <velocity>4.0</velocity>
      <orientation>-1.0631598455274722</orientation>
      <time>42</time>
    </ksState>
    <ksState>
      <x>273.5602747362019</x>
      <y>702.4601534358962</y>
      <steeringAngle>-0.6396</steeringAngle>
      <velocity>4.0</velocity>
      <orientation>-1.1743376283029627</orientation>
      <time>43</time>
    </ksState>
    <ksState>
      <x>273.5318729536069</x>
      <y>702.0266895241444</y>
      <steeringAngle>-0.6751333333333333</steeringAngle>
      <velocity>4.0</velocity>
      <orientation>-1.2940816771828931</orientation>
      <time>44</time>
    </ksState>
    <ksState>
      <x>273.43740945215166</x>
      <y>701.5974209387053</y>
      <steeringAngle>-0.7106666666666664</steeringAngle>
      <velocity>4.0</velocity>
      <orientation>-1.422875614867204</orientation>
      <time>45</time>
    </ksState>
    <ksState>
      <x>273.28797547674606</x>
      <y>701.1837887053516</y>
      <steeringAngle>-0.6751333333333331</steeringAngle>
      <velocity>4.0</velocity>
      <orientation>-1.5516695521857518</orientation>
      <time>46</time>
    </ksState>
    <ksState>
      <x>273.1012799093824</x>
      <y>700.7913068266773</y>
      <steeringAngle>-0.6396000000000001</steeringAngle>
      <velocity>4.0</velocity>
      <orientation>-1.6714136006966775</orientation>
      <time>47</time>
    </ksState>
    <ksState>
      <x>272.8826403979423</x>
      <y>700.4210185905991</y>
      <steeringAngle>-0.6040666666666666</steeringAngle>
      <velocity>4.0</velocity>
      <orientation>-1.7825913830206743</orientation>
      <time>48</time>
    </ksState>
    <ksState>
      <x>272.636840506251</x>
      <y>700.073183844223</y>
      <steeringAngle>-0.5685333333333331</steeringAngle>
      <velocity>4.0</velocity>
      <orientation>-1.8856287354341585</orientation>
      <time>49</time>
    </ksState>
    <ksState>
      <x>272.3681332648496</x>
      <y>699.747449545413</y>
      <steeringAngle>-0.5329999999999997</steeringAngle>
      <velocity>4.0</velocity>
      <orientation>-1.980901373944403</orientation>
      <time>50</time>
    </ksState>
    <ksState>
      <x>272.11008832206136</x>
      <y>699.4723642572476</y>
      <steeringAngle>-0.4974666666666667</steeringAngle>
      <velocity>3.1999999999999993</velocity>
      <orientation>-2.0600785770536425</orientation>
      <time>51</time>
    </ksState>
    <ksState>
      <x>271.90149072693424</x>
      <y>699.2689711782682</y>
      <steeringAngle>-0.4619333333333334</steeringAngle>
      <velocity>2.3999999999999986</velocity>
      <orientation>-2.1166856844558515</orientation>
      <time>52</time>
    </ksState>
    <ksState>
      <x>271.7499661384426</x>
      <y>699.1282027111214</y>
      <steeringAngle>-0.4264000000000001</steeringAngle>
      <velocity>1.5999999999999979</velocity>
      <orientation>-2.15370864466991</orientation>
      <time>53</time>
    </ksState>
    <ksState>
      <x>271.65898307586707</x>
      <y>699.0448150423975</y>
      <steeringAngle>-0.39086666666666675</steeringAngle>
      <velocity>0.7999999999999972</velocity>
      <orientation>-2.1739686138927365</orientation>
      <time>54</time>
    </ksState>
    <ksState>
      <x>271.62896668269184</x>
      <y>699.0169529508161</y>
      <steeringAngle>-0.3553333333333332</steeringAngle>
      <velocity>-2.914335439641036e-15</velocity>
      <orientation>-2.1801465886401132</orientation>
      <time>55</time>
    </ksState>
    <ksState>
      <x>271.62896668269184</x>
      <y>699.0169529508161</y>
      <steeringAngle>-0.3198</steeringAngle>
      <velocity>0.0</velocity>
      <orientation>-2.1801465886401132</orientation>
      <time>56</time>
    </ksState>
    <ksState>
      <x>271.62896668269184</x>
      <y>699.0169529508161</y>
      <steeringAngle>-0.2842666666666666</steeringAngle>
      <velocity>0.0</velocity>
      <orientation>-2.1801465886401132</orientation>
      <time>57</time>
    </ksState>
    <ksState>
      <x>271.62896668269184</x>
      <y>699.0169529508161</y>
      <steeringAngle>-0.24873333333333333</steeringAngle>
      <velocity>0.0</velocity>
      <orientation>-2.1801465886401132</orientation>
      <time>58</time>
    </ksState>
    <ksState>
      <x>271.62896668269184</x>
      <y>699.0169529508161</y>
      <steeringAngle>-0.21320000000000003</steeringAngle>
      <velocity>0.0</velocity>
      <orientation>-2.1801465886401132</orientation>
      <time>59</time>
    </ksState>
    <ksState>
      <x>271.62896668269184</x>
      <y>699.0169529508161</y>
      <steeringAngle>-0.1776666666666667</steeringAngle>
      <velocity>0.0</velocity>
      <orientation>-2.1801465886401132</orientation>
      <time>60</time>
    </ksState>
    <ksState>
      <x>271.62896668269184</x>
      <y>699.0169529508161</y>
      <steeringAngle>-0.14213333333333336</steeringAngle>
      <velocity>0.0</velocity>
      <orientation>-2.1801465886401132</orientation>
      <time>61</time>
    </ksState>
    <ksState>
      <x>271.62896668269184</x>
      <y>699.0169529508161</y>
      <steeringAngle>-0.10660000000000001</steeringAngle>
      <velocity>0.0</velocity>
      <orientation>-2.1801465886401132</orientation>
      <time>62</time>
    </ksState>
    <ksState>
      <x>271.62896668269184</x>
      <y>699.0169529508161</y>
      <steeringAngle>-0.07106666666666668</steeringAngle>
      <velocity>0.0</velocity>
      <orientation>-2.1801465886401132</orientation>
      <time>63</time>
    </ksState>
    <ksState>
      <x>271.62896668269184</x>
      <y>699.0169529508161</y>
      <steeringAngle>-0.03553333333333333</steeringAngle>
      <velocity>0.0</velocity>
      <orientation>-2.1801465886401132</orientation>
      <time>64</time>
    </ksState>
    <ksState>
      <x>271.62896668269184</x>
      <y>699.0169529508161</y>
      <steeringAngle>-0.0</steeringAngle>
      <velocity>0.0</velocity>
      <orientation>-2.1801465886401132</orientation>
      <time>65</time>
    </ksState>
    <ksState>
      <x>271.62896668269184</x>
      <y>699.0169529508161</y>
      <steeringAngle>0.0</steeringAngle>
      <velocity>0.0</velocity>
      <orientation>-2.1801465886401132</orientation>
      <time>66</time>
    </ksState>
    <ksState>
      <x>271.62896668269184</x>
      <y>699.0169529508161</y>
      <steeringAngle>0.0</steeringAngle>
      <velocity>0.0</velocity>
      <orientation>-2.1801465886401132</orientation>
      <time>67</time>
    </ksState>
    <ksState>
      <x>271.62896668269184</x>
      <y>699.0169529508161</y>
      <steeringAngle>0.0</steeringAngle>
      <velocity>0.0</velocity>
      <orientation>-2.1801465886401132</orientation>
      <time>68</time>
    </ksState>
    <ksState>
      <x>271.62896668269184</x>
      <y>699.0169529508161</y>
      <steeringAngle>0.0</steeringAngle>
      <velocity>0.0</velocity>
      <orientation>-2.1801465886401132</orientation>
      <time>69</time>
    </ksState>
    <ksState>
      <x>271.62896668269184</x>
      <y>699.0169529508161</y>
      <steeringAngle>0.0</steeringAngle>
      <velocity>0.0</velocity>
      <orientation>-2.1801465886401132</orientation>
      <time>70</time>
    </ksState>
    <ksState>
      <x>271.62896668269184</x>
      <y>699.0169529508161</y>
      <steeringAngle>0.03553333333333333</steeringAngle>
      <velocity>0.0</velocity>
      <orientation>-2.1801465886401132</orientation>
      <time>71</time>
    </ksState>
    <ksState>
      <x>271.62896668269184</x>
      <y>699.0169529508161</y>
      <steeringAngle>0.07106666666666667</steeringAngle>
      <velocity>0.0</velocity>
      <orientation>-2.1801465886401132</orientation>
      <time>72</time>
    </ksState>
    <ksState>
      <x>271.62896668269184</x>
      <y>699.0169529508161</y>
      <steeringAngle>0.10660000000000001</steeringAngle>
      <velocity>0.0</velocity>
      <orientation>-2.1801465886401132</orientation>
      <time>73</time>
    </ksState>
    <ksState>
      <x>271.62896668269184</x>
      <y>699.0169529508161</y>
      <steeringAngle>0.14213333333333336</steeringAngle>
      <velocity>0.0</velocity>
      <orientation>-2.1801465886401132</orientation>
      <time>74</time>
    </ksState>
    <ksState>
      <x>271.62896668269184</x>
      <y>699.0169529508161</y>
      <steeringAngle>0.1776666666666667</steeringAngle>
      <velocity>0.0</velocity>
      <orientation>-2.1801465886401132</orientation>
      <time>75</time>
    </ksState>
    <ksState>
      <x>271.60982199498045</x>
      <y>698.9815445075724</y>
      <steeringAngle>0.21319999999999997</steeringAngle>
      <velocity>0.8</velocity>
      <orientation>-2.1769803551589595</orientation>
      <time>76</time>
    </ksState>
    <ksState>
      <x>271.55494356637126</x>
      <y>698.8736816191007</y>
      <steeringAngle>0.24873333333333328</steeringAngle>
      <velocity>1.6000000000000005</velocity>
      <orientation>-2.1659397628485597</orientation>
      <time>77</time>
    </ksState>
    <ksState>
      <x>271.4697867360464</x>
      <y>698.6902157011233</y>
      <steeringAngle>0.2842666666666665</steeringAngle>
      <velocity>2.400000000000001</velocity>
      <orientation>-2.1446674414476</orientation>
      <time>78</time>
    </ksState>
    <ksState>
      <x>271.36269244175134</x>
      <y>698.4270729144123</y>
      <steeringAngle>0.31979999999999986</steeringAngle>
      <velocity>3.200000000000001</velocity>
      <orientation>-2.1107351851679037</orientation>
      <time>79</time>
    </ksState>
    <ksState>
      <x>271.2459152615899</x>
      <y>698.0795188702244</y>
      <steeringAngle>0.3553333333333332</steeringAngle>
      <velocity>4.0</velocity>
      <orientation>-2.0616286243799267</orientation>
      <time>80</time>
    </ksState>
    <ksState>
      <x>271.1266360302956</x>
      <y>697.647557114868</y>
      <steeringAngle>0.31979999999999975</steeringAngle>
      <velocity>4.800000000000001</velocity>
      <orientation>-2.001838789348178</orientation>
      <time>81</time>
    </ksState>
    <ksState>
      <x>271.0068378104411</x>
      <y>697.1337646725225</y>
      <steeringAngle>0.28426666666666645</steeringAngle>
      <velocity>5.600000000000004</velocity>
      <orientation>-1.9391096892168544</orientation>
      <time>82</time>
    </ksState>
    <ksState>
      <x>270.8942745794535</x>
      <y>696.53758683584</y>
      <steeringAngle>0.2487333333333331</steeringAngle>
      <velocity>6.400000000000004</velocity>
      <orientation>-1.8756875525241787</orientation>
      <time>83</time>
    </ksState>
    <ksState>
      <x>270.7956821062513</x>
      <y>695.8590679051919</y>
      <steeringAngle>0.21319999999999992</steeringAngle>
      <velocity>7.200000000000004</velocity>
      <orientation>-1.8137704638463796</orientation>
      <time>84</time>
    </ksState>
    <ksState>
      <x>270.7160614679046</x>
      <y>695.0987539485274</y>
      <steeringAngle>0.17766666666666656</steeringAngle>
      <velocity>8.000000000000004</velocity>
      <orientation>-1.7555211342454144</orientation>
      <time>85</time>
    </ksState>
    <ksState>
      <x>270.6693557844824</x>
      <y>694.2963005094518</y>
      <steeringAngle>0.17766666666666667</steeringAngle>
      <velocity>8.0</velocity>
      <orientation>-1.6998201579349026</orientation>
      <time>86</time>
    </ksState>
    <ksState>
      <x>270.6673968610901</x>
      <y>693.4924913501492</y>
      <steeringAngle>0.17766666666666667</steeringAngle>
      <velocity>8.0</velocity>
      <orientation>-1.644119181624391</orientation>
      <time>87</time>
    </ksState>
    <ksState>
      <x>270.71019077984886</x>
      <y>692.689819757458</y>
      <steeringAngle>0.17766666666666667</steeringAngle>
      <velocity>8.0</velocity>
      <orientation>-1.5884182053138791</orientation>
      <time>88</time>
    </ksState>
    <ksState>
      <x>270.7976048027192</x>
      <y>691.8907754553311</y>
      <steeringAngle>0.17766666666666667</steeringAngle>
      <velocity>8.0</velocity>
      <orientation>-1.5327172290033675</orientation>
      <time>89</time>
    </ksState>
    <ksState>
      <x>270.9293677897258</x>
      <y>691.0978369160304</y>
      <steeringAngle>0.17766666666666667</steeringAngle>
      <velocity>8.0</velocity>
      <orientation>-1.4770162526928556</orientation>
      <time>90</time>
    </ksState>
    <ksState>
      <x>271.0955974002529</x>
      <y>690.3120839356706</y>
      <steeringAngle>0.14213333333333336</steeringAngle>
      <velocity>8.0</velocity>
      <orientation>-1.4269814411441073</orientation>
      <time>91</time>
    </ksState>
    <ksState>
      <x>271.28075398133217</x>
      <y>689.5318510537628</y>
      <steeringAngle>0.1066000000000001</steeringAngle>
      <velocity>8.0</velocity>
      <orientation>-1.3881975891371099</orientation>
      <time>92</time>
    </ksState>
    <ksState>
      <x>271.47615506829817</x>
      <y>688.7550748636672</y>
      <steeringAngle>0.07106666666666674</steeringAngle>
      <velocity>8.0</velocity>
      <orientation>-1.360565110107423</orientation>
      <time>93</time>
    </ksState>
    <ksState>
      <x>271.6732782620562</x>
      <y>687.9793707091015</y>
      <steeringAngle>0.035533333333333354</steeringAngle>
      <velocity>8.0</velocity>
      <orientation>-1.3440135894783936</orientation>
      <time>94</time>
    </ksState>
    <ksState>
      <x>271.8636537289414</x>
      <y>687.2023066918524</y>
      <steeringAngle>2.0816681711721685e-17</steeringAngle>
      <velocity>8.0</velocity>
      <orientation>-1.3385010630199887</orientation>
      <time>95</time>
    </ksState>
    <ksState>
      <x>272.0302292948101</x>
      <y>686.4607575705181</y>
      <steeringAngle>-0.03553333333333333</steeringAngle>
      <velocity>7.199999999999999</velocity>
      <orientation>-1.343646076002481</orientation>
      <time>96</time>
    </ksState>
    <ksState>
      <x>272.1598461659427</x>
      <y>685.792950606246</y>
      <steeringAngle>-0.07106666666666664</steeringAngle>
      <velocity>6.400000000000001</velocity>
      <orientation>-1.3576227481234442</orientation>
      <time>97</time>
    </ksState>
    <ksState>
      <x>272.2523825030092</x>
      <y>685.1994344849751</y>
      <steeringAngle>-0.10659999999999997</steeringAngle>
      <velocity>5.600000000000004</velocity>
      <orientation>-1.3782545159893256</orientation>
      <time>98</time>
    </ksState>
    <ksState>
      <x>272.31062182090864</x>
      <y>684.6815075968038</y>
      <steeringAngle>-0.1421333333333333</steeringAngle>
      <velocity>4.800000000000003</velocity>
      <orientation>-1.4033707234979738</orientation>
      <time>99</time>
    </ksState>
  </ksTrajectory>
</CommonRoadSolution>
