<?xml version="1.0" ?>
<CommonRoadSolution benchmark_id="KS2:SM1:BEL_Putte-4_2_T-1:2020a" computation_time="1.3701190099995983" date="2023-01-12T15:00:04">
  <ksTrajectory planningProblem="1">
    <ksState>
      <x>-716.88753</x>
      <y>-779.29154</y>
      <steeringAngle>0.0</steeringAngle>
      <velocity>12.0</velocity>
      <orientation>-0.16572116</orientation>
      <time>0</time>
    </ksState>
    <ksState>
      <x>-715.7411178450134</x>
      <y>-779.4688062985903</y>
      <steeringAngle>0.03553333333333333</steeringAngle>
      <velocity>11.200000000000001</velocity>
      <orientation>-0.15781988622765594</orientation>
      <time>1</time>
    </ksState>
    <ksState>
      <x>-714.6683091347091</x>
      <y>-779.5966745573911</y>
      <steeringAngle>0.07106666666666667</steeringAngle>
      <velocity>10.400000000000007</velocity>
      <orientation>-0.13556745542916598</orientation>
      <time>2</time>
    </ksState>
    <ksState>
      <x>-713.6697038151585</x>
      <y>-779.6672203312821</y>
      <steeringAngle>0.10660000000000001</steeringAngle>
      <velocity>9.60000000000001</velocity>
      <orientation>-0.10111944454449429</orientation>
      <time>3</time>
    </ksState>
    <ksState>
      <x>-712.7477290497845</x>
      <y>-779.6775583936884</y>
      <steeringAngle>0.14213333333333344</steeringAngle>
      <velocity>8.800000000000008</velocity>
      <orientation>-0.05661131242364939</orientation>
      <time>4</time>
    </ksState>
    <ksState>
      <x>-711.9059719665996</x>
      <y>-779.6293421457092</y>
      <steeringAngle>0.17766666666666675</steeringAngle>
      <velocity>8.000000000000009</velocity>
      <orientation>-0.004169014608667948</orientation>
      <time>5</time>
    </ksState>
    <ksState>
      <x>-711.1475285138728</x>
      <y>-779.5459937119867</y>
      <steeringAngle>0.1421333333333334</steeringAngle>
      <velocity>7.2</velocity>
      <orientation>0.04345830713696898</orientation>
      <time>6</time>
    </ksState>
    <ksState>
      <x>-710.4716289660018</x>
      <y>-779.4577421600559</y>
      <steeringAngle>0.10660000000000011</steeringAngle>
      <velocity>6.4</velocity>
      <orientation>0.07651787758493694</orientation>
      <time>7</time>
    </ksState>
    <ksState>
      <x>-709.8765075135648</x>
      <y>-779.3757334935283</y>
      <steeringAngle>0.07106666666666674</steeringAngle>
      <velocity>5.600000000000001</velocity>
      <orientation>0.09733482587882542</orientation>
      <time>8</time>
    </ksState>
    <ksState>
      <x>-709.3608642217954</x>
      <y>-779.3067267963245</y>
      <steeringAngle>0.03553333333333339</steeringAngle>
      <velocity>4.800000000000001</velocity>
      <orientation>0.1081854355364883</orientation>
      <time>9</time>
    </ksState>
    <ksState>
      <x>-708.9240188797196</x>
      <y>-779.2538962494286</y>
      <steeringAngle>5.5294310796760726e-17</steeringAngle>
      <velocity>4.0</velocity>
      <orientation>0.11130921137365385</orientation>
      <time>10</time>
    </ksState>
    <ksState>
      <x>-708.5658421943492</x>
      <y>-779.2175653152532</y>
      <steeringAngle>-0.03553333333333333</steeringAngle>
      <velocity>3.2</velocity>
      <orientation>0.1089204629938613</orientation>
      <time>11</time>
    </ksState>
    <ksState>
      <x>-708.2865670493961</x>
      <y>-779.1958972116184</y>
      <steeringAngle>-0.07106666666666668</steeringAngle>
      <velocity>2.4</velocity>
      <orientation>0.10321954798806465</orientation>
      <time>12</time>
    </ksState>
    <ksState>
      <x>-708.0866012024104</x>
      <y>-779.1855706384861</y>
      <steeringAngle>-0.10660000000000003</steeringAngle>
      <velocity>1.5999999999999994</velocity>
      <orientation>0.0964040142433332</orientation>
      <time>13</time>
    </ksState>
    <ksState>
      <x>-707.966366823796</x>
      <y>-779.18245407061</y>
      <steeringAngle>-0.14213333333333342</steeringAngle>
      <velocity>0.7999999999999988</velocity>
      <orientation>0.09067975275685347</orientation>
      <time>14</time>
    </ksState>
    <ksState>
      <x>-707.9262209172273</x>
      <y>-779.1822897995308</y>
      <steeringAngle>-0.17766666666666675</steeringAngle>
      <velocity>-1.5265566588595902e-15</velocity>
      <orientation>0.08827225828229765</orientation>
      <time>15</time>
    </ksState>
    <ksState>
      <x>-707.8859812554095</x>
      <y>-779.1833128035904</y>
      <steeringAngle>-0.21319999999999997</steeringAngle>
      <velocity>0.8</velocity>
      <orientation>0.08510602480114401</orientation>
      <time>16</time>
    </ksState>
    <ksState>
      <x>-707.7651142771625</x>
      <y>-779.1894134761377</y>
      <steeringAngle>-0.24873333333333328</steeringAngle>
      <velocity>1.6000000000000005</velocity>
      <orientation>0.07406543249074414</orientation>
      <time>17</time>
    </ksState>
    <ksState>
      <x>-707.5636050203968</x>
      <y>-779.2068905539251</y>
      <steeringAngle>-0.2842666666666665</steeringAngle>
      <velocity>2.400000000000001</velocity>
      <orientation>0.05279311108978416</orientation>
      <time>18</time>
    </ksState>
    <ksState>
      <x>-707.2820725603905</x>
      <y>-779.2450060105184</y>
      <steeringAngle>-0.31979999999999986</steeringAngle>
      <velocity>3.200000000000001</velocity>
      <orientation>0.018860854810088062</orientation>
      <time>19</time>
    </ksState>
    <ksState>
      <x>-706.92251135932</x>
      <y>-779.3167448850741</y>
      <steeringAngle>-0.3553333333333332</steeringAngle>
      <velocity>4.0</velocity>
      <orientation>-0.030245705977888768</orientation>
      <time>20</time>
    </ksState>
    <ksState>
      <x>-706.566758758015</x>
      <y>-779.4063858333275</y>
      <steeringAngle>-0.31979999999999975</steeringAngle>
      <velocity>3.2</velocity>
      <orientation>-0.07935226603567712</orientation>
      <time>21</time>
    </ksState>
    <ksState>
      <x>-706.2925942103986</x>
      <y>-779.481469665258</y>
      <steeringAngle>-0.2842666666666663</steeringAngle>
      <velocity>2.4000000000000004</velocity>
      <orientation>-0.11328452140189149</orientation>
      <time>22</time>
    </ksState>
    <ksState>
      <x>-706.0977874456031</x>
      <y>-779.5362799140238</y>
      <steeringAngle>-0.24873333333333292</steeringAngle>
      <velocity>1.6000000000000008</velocity>
      <orientation>-0.13455684234883025</orientation>
      <time>23</time>
    </ksState>
    <ksState>
      <x>-705.9811044009527</x>
      <y>-779.5686113612373</y>
      <steeringAngle>-0.21319999999999967</steeringAngle>
      <velocity>0.8000000000000008</velocity>
      <orientation>-0.14559743308988507</orientation>
      <time>24</time>
    </ksState>
    <ksState>
      <x>-705.9421795625183</x>
      <y>-779.5789371339869</y>
      <steeringAngle>-0.1776666666666663</steeringAngle>
      <velocity>6.661338147750939e-16</velocity>
      <orientation>-0.14876367063176335</orientation>
      <time>25</time>
    </ksState>
    <ksState>
      <x>-705.9421795625183</x>
      <y>-779.5789371339869</y>
      <steeringAngle>-0.14213333333333336</steeringAngle>
      <velocity>0.0</velocity>
      <orientation>-0.14876367063176335</orientation>
      <time>26</time>
    </ksState>
    <ksState>
      <x>-705.9421795625183</x>
      <y>-779.5789371339869</y>
      <steeringAngle>-0.10660000000000001</steeringAngle>
      <velocity>0.0</velocity>
      <orientation>-0.14876367063176335</orientation>
      <time>27</time>
    </ksState>
    <ksState>
      <x>-705.9421795625183</x>
      <y>-779.5789371339869</y>
      <steeringAngle>-0.07106666666666668</steeringAngle>
      <velocity>0.0</velocity>
      <orientation>-0.14876367063176335</orientation>
      <time>28</time>
    </ksState>
    <ksState>
      <x>-705.9421795625183</x>
      <y>-779.5789371339869</y>
      <steeringAngle>-0.03553333333333333</steeringAngle>
      <velocity>0.0</velocity>
      <orientation>-0.14876367063176335</orientation>
      <time>29</time>
    </ksState>
    <ksState>
      <x>-705.9421795625183</x>
      <y>-779.5789371339869</y>
      <steeringAngle>-0.0</steeringAngle>
      <velocity>0.0</velocity>
      <orientation>-0.14876367063176335</orientation>
      <time>30</time>
    </ksState>
    <ksState>
      <x>-705.9421795625183</x>
      <y>-779.5789371339869</y>
      <steeringAngle>0.0</steeringAngle>
      <velocity>0.0</velocity>
      <orientation>-0.14876367063176335</orientation>
      <time>31</time>
    </ksState>
    <ksState>
      <x>-705.9421795625183</x>
      <y>-779.5789371339869</y>
      <steeringAngle>0.0</steeringAngle>
      <velocity>0.0</velocity>
      <orientation>-0.14876367063176335</orientation>
      <time>32</time>
    </ksState>
    <ksState>
      <x>-705.9421795625183</x>
      <y>-779.5789371339869</y>
      <steeringAngle>0.0</steeringAngle>
      <velocity>0.0</velocity>
      <orientation>-0.14876367063176335</orientation>
      <time>33</time>
    </ksState>
  </ksTrajectory>
</CommonRoadSolution>
