<?xml version="1.0" ?>
<CommonRoadSolution benchmark_id="KS2:SM1:DEU_Lohmar-57_1_T-1:2020a" computation_time="1.219057053999677" date="2023-01-12T15:00:04">
  <ksTrajectory planningProblem="123">
    <ksState>
      <x>186.84952</x>
      <y>-10.803866</y>
      <steeringAngle>0.0</steeringAngle>
      <velocity>12.0</velocity>
      <orientation>0.32840711</orientation>
      <time>0</time>
    </ksState>
    <ksState>
      <x>187.98538876961672</x>
      <y>-10.416823188143985</y>
      <steeringAngle>0.0</steeringAngle>
      <velocity>12.0</velocity>
      <orientation>0.32840711</orientation>
      <time>1</time>
    </ksState>
    <ksState>
      <x>189.12125753923345</x>
      <y>-10.02978037628797</y>
      <steeringAngle>0.0</steeringAngle>
      <velocity>12.0</velocity>
      <orientation>0.32840711</orientation>
      <time>2</time>
    </ksState>
    <ksState>
      <x>190.25712630885016</x>
      <y>-9.642737564431956</y>
      <steeringAngle>0.0</steeringAngle>
      <velocity>12.0</velocity>
      <orientation>0.32840711</orientation>
      <time>3</time>
    </ksState>
    <ksState>
      <x>191.39299507846687</x>
      <y>-9.255694752575941</y>
      <steeringAngle>0.0</steeringAngle>
      <velocity>12.0</velocity>
      <orientation>0.32840711</orientation>
      <time>4</time>
    </ksState>
    <ksState>
      <x>192.52886384808357</x>
      <y>-8.868651940719927</y>
      <steeringAngle>0.0</steeringAngle>
      <velocity>12.0</velocity>
      <orientation>0.32840711</orientation>
      <time>5</time>
    </ksState>
    <ksState>
      <x>193.66473261770028</x>
      <y>-8.481609128863912</y>
      <steeringAngle>0.0</steeringAngle>
      <velocity>12.0</velocity>
      <orientation>0.32840711</orientation>
      <time>6</time>
    </ksState>
    <ksState>
      <x>194.80060138731702</x>
      <y>-8.094566317007898</y>
      <steeringAngle>0.0</steeringAngle>
      <velocity>12.0</velocity>
      <orientation>0.32840711</orientation>
      <time>7</time>
    </ksState>
    <ksState>
      <x>195.93647015693372</x>
      <y>-7.707523505151882</y>
      <steeringAngle>0.0</steeringAngle>
      <velocity>12.0</velocity>
      <orientation>0.32840711</orientation>
      <time>8</time>
    </ksState>
    <ksState>
      <x>197.07233892655043</x>
      <y>-7.320480693295867</y>
      <steeringAngle>0.0</steeringAngle>
      <velocity>12.0</velocity>
      <orientation>0.32840711</orientation>
      <time>9</time>
    </ksState>
    <ksState>
      <x>198.20820769616714</x>
      <y>-6.933437881439852</y>
      <steeringAngle>0.0</steeringAngle>
      <velocity>12.0</velocity>
      <orientation>0.32840711</orientation>
      <time>10</time>
    </ksState>
    <ksState>
      <x>199.30155995672956</x>
      <y>-6.545797579046363</y>
      <steeringAngle>0.03553333333333333</steeringAngle>
      <velocity>11.200000000000001</velocity>
      <orientation>0.33630838377234407</orientation>
      <time>11</time>
    </ksState>
    <ksState>
      <x>200.30668530400655</x>
      <y>-6.149575599879542</y>
      <steeringAngle>0.07106666666666667</steeringAngle>
      <velocity>10.400000000000007</velocity>
      <orientation>0.358560814570834</orientation>
      <time>12</time>
    </ksState>
    <ksState>
      <x>201.21929727397264</x>
      <y>-5.738079934381986</y>
      <steeringAngle>0.10660000000000001</steeringAngle>
      <velocity>9.60000000000001</velocity>
      <orientation>0.39300882545550575</orientation>
      <time>13</time>
    </ksState>
    <ksState>
      <x>202.0358906743065</x>
      <y>-5.309921596787274</y>
      <steeringAngle>0.14213333333333344</steeringAngle>
      <velocity>8.800000000000008</velocity>
      <orientation>0.4375169575763506</orientation>
      <time>14</time>
    </ksState>
    <ksState>
      <x>202.75409160961144</x>
      <y>-4.868257459474379</y>
      <steeringAngle>0.17766666666666675</steeringAngle>
      <velocity>8.000000000000009</velocity>
      <orientation>0.48995925539133206</orientation>
      <time>15</time>
    </ksState>
    <ksState>
      <x>203.414834472733</x>
      <y>-4.411684465973696</y>
      <steeringAngle>0.14213333333333336</steeringAngle>
      <velocity>8.0</velocity>
      <orientation>0.5399940669400805</orientation>
      <time>16</time>
    </ksState>
    <ksState>
      <x>204.06318096435152</x>
      <y>-3.9397807296744256</y>
      <steeringAngle>0.1066000000000001</steeringAngle>
      <velocity>8.0</velocity>
      <orientation>0.5787779189470779</orientation>
      <time>17</time>
    </ksState>
    <ksState>
      <x>204.7043851950942</x>
      <y>-3.4597599293287944</y>
      <steeringAngle>0.07106666666666674</steeringAngle>
      <velocity>8.0</velocity>
      <orientation>0.6064103979767648</orientation>
      <time>18</time>
    </ksState>
    <ksState>
      <x>205.34393587321765</x>
      <y>-2.978564107402236</y>
      <steeringAngle>0.035533333333333354</steeringAngle>
      <velocity>8.0</velocity>
      <orientation>0.6229619186057941</orientation>
      <time>19</time>
    </ksState>
    <ksState>
      <x>205.9873450048465</x>
      <y>-2.503068582048181</y>
      <steeringAngle>2.0816681711721685e-17</steeringAngle>
      <velocity>8.0</velocity>
      <orientation>0.6284744450641989</orientation>
      <time>20</time>
    </ksState>
    <ksState>
      <x>206.62899078088014</x>
      <y>-2.0252204123654307</y>
      <steeringAngle>0.03553333333333333</steeringAngle>
      <velocity>8.0</velocity>
      <orientation>0.6339869800670377</orientation>
      <time>21</time>
    </ksState>
    <ksState>
      <x>207.25591314050095</x>
      <y>-1.5277533993414174</y>
      <steeringAngle>0.07106666666666667</steeringAngle>
      <velocity>8.0</velocity>
      <orientation>0.6505385009473074</orientation>
      <time>22</time>
    </ksState>
    <ksState>
      <x>207.8619634531914</x>
      <y>-1.0041606366807265</y>
      <steeringAngle>0.10659999999999997</steeringAngle>
      <velocity>8.0</velocity>
      <orientation>0.6781709802380023</orientation>
      <time>23</time>
    </ksState>
    <ksState>
      <x>208.44009031297364</x>
      <y>-0.44859702380458377</y>
      <steeringAngle>0.1421333333333333</steeringAngle>
      <velocity>8.0</velocity>
      <orientation>0.7169548325107371</orientation>
      <time>24</time>
    </ksState>
    <ksState>
      <x>208.98214977136155</x>
      <y>0.14385289003419133</y>
      <steeringAngle>0.17766666666666667</steeringAngle>
      <velocity>8.0</velocity>
      <orientation>0.7669896447598918</orientation>
      <time>25</time>
    </ksState>
    <ksState>
      <x>209.49282681347745</x>
      <y>0.7637310943743544</y>
      <steeringAngle>0.14213333333333336</steeringAngle>
      <velocity>8.0</velocity>
      <orientation>0.8170244563086403</orientation>
      <time>26</time>
    </ksState>
    <ksState>
      <x>209.98738716915798</x>
      <y>1.3949650954519248</y>
      <steeringAngle>0.1066000000000001</steeringAngle>
      <velocity>8.0</velocity>
      <orientation>0.8558083083156376</orientation>
      <time>27</time>
    </ksState>
    <ksState>
      <x>210.4728575641643</x>
      <y>2.0320532603547035</y>
      <steeringAngle>0.07106666666666674</steeringAngle>
      <velocity>8.0</velocity>
      <orientation>0.8834407873453245</orientation>
      <time>28</time>
    </ksState>
    <ksState>
      <x>210.95641608446448</x>
      <y>2.669819398035928</y>
      <steeringAngle>0.035533333333333354</steeringAngle>
      <velocity>8.0</velocity>
      <orientation>0.8999923079743539</orientation>
      <time>29</time>
    </ksState>
    <ksState>
      <x>211.44524497645955</x>
      <y>3.3031578696654242</y>
      <steeringAngle>2.0816681711721685e-17</steeringAngle>
      <velocity>8.0</velocity>
      <orientation>0.9055048344327588</orientation>
      <time>30</time>
    </ksState>
    <ksState>
      <x>211.94638748865083</x>
      <y>3.926779836601809</y>
      <steeringAngle>-0.03553333333333333</steeringAngle>
      <velocity>8.0</velocity>
      <orientation>0.89999229942992</orientation>
      <time>31</time>
    </ksState>
    <ksState>
      <x>212.46659359879956</x>
      <y>4.534966220043146</y>
      <steeringAngle>-0.07106666666666667</steeringAngle>
      <velocity>8.0</velocity>
      <orientation>0.8834407785496503</orientation>
      <time>32</time>
    </ksState>
    <ksState>
      <x>213.0121394803774</x>
      <y>5.121333045261196</y>
      <steeringAngle>-0.10659999999999997</steeringAngle>
      <velocity>8.0</velocity>
      <orientation>0.8558082992589554</orientation>
      <time>33</time>
    </ksState>
    <ksState>
      <x>213.5886067196075</x>
      <y>5.6786185340800746</y>
      <steeringAngle>-0.1421333333333333</steeringAngle>
      <velocity>8.0</velocity>
      <orientation>0.8170244469862205</orientation>
      <time>34</time>
    </ksState>
    <ksState>
      <x>214.20060766777542</x>
      <y>6.198503325429964</y>
      <steeringAngle>-0.17766666666666667</steeringAngle>
      <velocity>8.0</velocity>
      <orientation>0.7669896347370658</orientation>
      <time>35</time>
    </ksState>
    <ksState>
      <x>214.8388631721926</x>
      <y>6.686017366911297</y>
      <steeringAngle>-0.14213333333333336</steeringAngle>
      <velocity>8.0</velocity>
      <orientation>0.7169548231883174</orientation>
      <time>36</time>
    </ksState>
    <ksState>
      <x>215.48787354308928</x>
      <y>7.157007651307641</y>
      <steeringAngle>-0.1066000000000001</steeringAngle>
      <velocity>8.0</velocity>
      <orientation>0.6781709711813201</orientation>
      <time>37</time>
    </ksState>
    <ksState>
      <x>216.1423995207036</x>
      <y>7.618698650694467</y>
      <steeringAngle>-0.07106666666666674</steeringAngle>
      <velocity>8.0</velocity>
      <orientation>0.6505384921516332</orientation>
      <time>38</time>
    </ksState>
    <ksState>
      <x>216.7975326379735</x>
      <y>8.078454115679927</y>
      <steeringAngle>-0.035533333333333354</steeringAngle>
      <velocity>8.0</velocity>
      <orientation>0.6339869715226039</orientation>
      <time>39</time>
    </ksState>
    <ksState>
      <x>217.44843508538256</x>
      <y>8.543639357548159</y>
      <steeringAngle>-2.0816681711721685e-17</steeringAngle>
      <velocity>8.0</velocity>
      <orientation>0.628474445064199</orientation>
      <time>40</time>
    </ksState>
    <ksState>
      <x>218.0900808614162</x>
      <y>9.02148752723091</y>
      <steeringAngle>0.03553333333333333</steeringAngle>
      <velocity>8.0</velocity>
      <orientation>0.6339869800670378</orientation>
      <time>41</time>
    </ksState>
    <ksState>
      <x>218.717003221037</x>
      <y>9.518954540254924</y>
      <steeringAngle>0.07106666666666667</steeringAngle>
      <velocity>8.0</velocity>
      <orientation>0.6505385009473075</orientation>
      <time>42</time>
    </ksState>
    <ksState>
      <x>219.32305353372746</x>
      <y>10.042547302915615</y>
      <steeringAngle>0.10659999999999997</steeringAngle>
      <velocity>8.0</velocity>
      <orientation>0.6781709802380024</orientation>
      <time>43</time>
    </ksState>
    <ksState>
      <x>219.9011803935097</x>
      <y>10.598110915791757</y>
      <steeringAngle>0.1421333333333333</steeringAngle>
      <velocity>8.0</velocity>
      <orientation>0.7169548325107373</orientation>
      <time>44</time>
    </ksState>
    <ksState>
      <x>220.4432398518976</x>
      <y>11.190560829630533</y>
      <steeringAngle>0.17766666666666667</steeringAngle>
      <velocity>8.0</velocity>
      <orientation>0.766989644759892</orientation>
      <time>45</time>
    </ksState>
    <ksState>
      <x>220.9539168940135</x>
      <y>11.810439033970695</y>
      <steeringAngle>0.14213333333333336</steeringAngle>
      <velocity>8.0</velocity>
      <orientation>0.8170244563086404</orientation>
      <time>46</time>
    </ksState>
    <ksState>
      <x>221.44847724969404</x>
      <y>12.441673035048264</y>
      <steeringAngle>0.1066000000000001</steeringAngle>
      <velocity>8.0</velocity>
      <orientation>0.8558083083156377</orientation>
      <time>47</time>
    </ksState>
    <ksState>
      <x>221.93394764470034</x>
      <y>13.078761199951044</y>
      <steeringAngle>0.07106666666666674</steeringAngle>
      <velocity>8.0</velocity>
      <orientation>0.8834407873453246</orientation>
      <time>48</time>
    </ksState>
    <ksState>
      <x>222.41750616500053</x>
      <y>13.71652733763227</y>
      <steeringAngle>0.035533333333333354</steeringAngle>
      <velocity>8.0</velocity>
      <orientation>0.8999923079743539</orientation>
      <time>49</time>
    </ksState>
    <ksState>
      <x>222.9063350569956</x>
      <y>14.349865809261766</y>
      <steeringAngle>2.0816681711721685e-17</steeringAngle>
      <velocity>8.0</velocity>
      <orientation>0.9055048344327588</orientation>
      <time>50</time>
    </ksState>
    <ksState>
      <x>223.40747756918688</x>
      <y>14.973487776198152</y>
      <steeringAngle>-0.03553333333333333</steeringAngle>
      <velocity>8.0</velocity>
      <orientation>0.89999229942992</orientation>
      <time>51</time>
    </ksState>
    <ksState>
      <x>223.92768367933562</x>
      <y>15.581674159639489</y>
      <steeringAngle>-0.07106666666666667</steeringAngle>
      <velocity>8.0</velocity>
      <orientation>0.8834407785496503</orientation>
      <time>52</time>
    </ksState>
    <ksState>
      <x>224.47322956091347</x>
      <y>16.168040984857537</y>
      <steeringAngle>-0.10659999999999997</steeringAngle>
      <velocity>8.0</velocity>
      <orientation>0.8558082992589554</orientation>
      <time>53</time>
    </ksState>
    <ksState>
      <x>225.04969680014355</x>
      <y>16.725326473676418</y>
      <steeringAngle>-0.1421333333333333</steeringAngle>
      <velocity>8.0</velocity>
      <orientation>0.8170244469862205</orientation>
      <time>54</time>
    </ksState>
    <ksState>
      <x>225.66169774831147</x>
      <y>17.245211265026306</y>
      <steeringAngle>-0.17766666666666667</steeringAngle>
      <velocity>8.0</velocity>
      <orientation>0.7669896347370658</orientation>
      <time>55</time>
    </ksState>
    <ksState>
      <x>226.29995325272864</x>
      <y>17.732725306507636</y>
      <steeringAngle>-0.14213333333333336</steeringAngle>
      <velocity>8.0</velocity>
      <orientation>0.7169548231883174</orientation>
      <time>56</time>
    </ksState>
    <ksState>
      <x>226.94896362362533</x>
      <y>18.203715590903983</y>
      <steeringAngle>-0.1066000000000001</steeringAngle>
      <velocity>8.0</velocity>
      <orientation>0.6781709711813201</orientation>
      <time>57</time>
    </ksState>
    <ksState>
      <x>227.60348960123966</x>
      <y>18.665406590290807</y>
      <steeringAngle>-0.07106666666666674</steeringAngle>
      <velocity>8.0</velocity>
      <orientation>0.6505384921516332</orientation>
      <time>58</time>
    </ksState>
    <ksState>
      <x>228.25862271850954</x>
      <y>19.125162055276263</y>
      <steeringAngle>-0.035533333333333354</steeringAngle>
      <velocity>8.0</velocity>
      <orientation>0.6339869715226039</orientation>
      <time>59</time>
    </ksState>
    <ksState>
      <x>228.9095251659186</x>
      <y>19.590347297144497</y>
      <steeringAngle>-2.0816681711721685e-17</steeringAngle>
      <velocity>8.0</velocity>
      <orientation>0.628474445064199</orientation>
      <time>60</time>
    </ksState>
    <ksState>
      <x>229.55666543822954</x>
      <y>20.060676403147234</y>
      <steeringAngle>0.0</steeringAngle>
      <velocity>8.0</velocity>
      <orientation>0.628474445064199</orientation>
      <time>61</time>
    </ksState>
    <ksState>
      <x>230.20380571054048</x>
      <y>20.53100550914997</y>
      <steeringAngle>0.0</steeringAngle>
      <velocity>8.0</velocity>
      <orientation>0.628474445064199</orientation>
      <time>62</time>
    </ksState>
    <ksState>
      <x>230.8509459828514</x>
      <y>21.0013346151527</y>
      <steeringAngle>0.0</steeringAngle>
      <velocity>8.0</velocity>
      <orientation>0.628474445064199</orientation>
      <time>63</time>
    </ksState>
    <ksState>
      <x>231.49808625516235</x>
      <y>21.471663721155437</y>
      <steeringAngle>0.0</steeringAngle>
      <velocity>8.0</velocity>
      <orientation>0.628474445064199</orientation>
      <time>64</time>
    </ksState>
    <ksState>
      <x>232.14522652747328</x>
      <y>21.941992827158174</y>
      <steeringAngle>0.0</steeringAngle>
      <velocity>8.0</velocity>
      <orientation>0.628474445064199</orientation>
      <time>65</time>
    </ksState>
    <ksState>
      <x>232.78687230350693</x>
      <y>22.41984099684092</y>
      <steeringAngle>0.03553333333333333</steeringAngle>
      <velocity>8.0</velocity>
      <orientation>0.6339869800670378</orientation>
      <time>66</time>
    </ksState>
    <ksState>
      <x>233.41379466312773</x>
      <y>22.917308009864936</y>
      <steeringAngle>0.07106666666666667</steeringAngle>
      <velocity>8.0</velocity>
      <orientation>0.6505385009473075</orientation>
      <time>67</time>
    </ksState>
    <ksState>
      <x>234.0198449758182</x>
      <y>23.440900772525627</y>
      <steeringAngle>0.10659999999999997</steeringAngle>
      <velocity>8.0</velocity>
      <orientation>0.6781709802380024</orientation>
      <time>68</time>
    </ksState>
    <ksState>
      <x>234.59797183560042</x>
      <y>23.996464385401772</y>
      <steeringAngle>0.1421333333333333</steeringAngle>
      <velocity>8.0</velocity>
      <orientation>0.7169548325107373</orientation>
      <time>69</time>
    </ksState>
    <ksState>
      <x>235.14003129398833</x>
      <y>24.588914299240546</y>
      <steeringAngle>0.17766666666666667</steeringAngle>
      <velocity>8.0</velocity>
      <orientation>0.766989644759892</orientation>
      <time>70</time>
    </ksState>
    <ksState>
      <x>235.65070833610423</x>
      <y>25.208792503580707</y>
      <steeringAngle>0.14213333333333336</steeringAngle>
      <velocity>8.0</velocity>
      <orientation>0.8170244563086404</orientation>
      <time>71</time>
    </ksState>
    <ksState>
      <x>236.14526869178476</x>
      <y>25.84002650465828</y>
      <steeringAngle>0.1066000000000001</steeringAngle>
      <velocity>8.0</velocity>
      <orientation>0.8558083083156377</orientation>
      <time>72</time>
    </ksState>
    <ksState>
      <x>236.63073908679107</x>
      <y>26.477114669561058</y>
      <steeringAngle>0.07106666666666674</steeringAngle>
      <velocity>8.0</velocity>
      <orientation>0.8834407873453246</orientation>
      <time>73</time>
    </ksState>
    <ksState>
      <x>237.11429760709126</x>
      <y>27.11488080724228</y>
      <steeringAngle>0.035533333333333354</steeringAngle>
      <velocity>8.0</velocity>
      <orientation>0.8999923079743539</orientation>
      <time>74</time>
    </ksState>
    <ksState>
      <x>237.60312649908633</x>
      <y>27.74821927887178</y>
      <steeringAngle>2.0816681711721685e-17</steeringAngle>
      <velocity>8.0</velocity>
      <orientation>0.9055048344327588</orientation>
      <time>75</time>
    </ksState>
    <ksState>
      <x>238.1042690112776</x>
      <y>28.371841245808163</y>
      <steeringAngle>-0.03553333333333333</steeringAngle>
      <velocity>8.0</velocity>
      <orientation>0.89999229942992</orientation>
      <time>76</time>
    </ksState>
    <ksState>
      <x>238.62447512142634</x>
      <y>28.9800276292495</y>
      <steeringAngle>-0.07106666666666667</steeringAngle>
      <velocity>8.0</velocity>
      <orientation>0.8834407785496503</orientation>
      <time>77</time>
    </ksState>
    <ksState>
      <x>239.1700210030042</x>
      <y>29.566394454467552</y>
      <steeringAngle>-0.10659999999999997</steeringAngle>
      <velocity>8.0</velocity>
      <orientation>0.8558082992589554</orientation>
      <time>78</time>
    </ksState>
    <ksState>
      <x>239.74648824223428</x>
      <y>30.123679943286426</y>
      <steeringAngle>-0.1421333333333333</steeringAngle>
      <velocity>8.0</velocity>
      <orientation>0.8170244469862205</orientation>
      <time>79</time>
    </ksState>
    <ksState>
      <x>240.3584891904022</x>
      <y>30.64356473463632</y>
      <steeringAngle>-0.17766666666666667</steeringAngle>
      <velocity>8.0</velocity>
      <orientation>0.7669896347370658</orientation>
      <time>80</time>
    </ksState>
    <ksState>
      <x>240.99674469481937</x>
      <y>31.13107877611765</y>
      <steeringAngle>-0.14213333333333336</steeringAngle>
      <velocity>8.0</velocity>
      <orientation>0.7169548231883174</orientation>
      <time>81</time>
    </ksState>
    <ksState>
      <x>241.64575506571606</x>
      <y>31.602069060513998</y>
      <steeringAngle>-0.1066000000000001</steeringAngle>
      <velocity>8.0</velocity>
      <orientation>0.6781709711813201</orientation>
      <time>82</time>
    </ksState>
    <ksState>
      <x>242.3002810433304</x>
      <y>32.06376005990082</y>
      <steeringAngle>-0.07106666666666674</steeringAngle>
      <velocity>8.0</velocity>
      <orientation>0.6505384921516332</orientation>
      <time>83</time>
    </ksState>
    <ksState>
      <x>242.95541416060027</x>
      <y>32.52351552488628</y>
      <steeringAngle>-0.035533333333333354</steeringAngle>
      <velocity>8.0</velocity>
      <orientation>0.6339869715226039</orientation>
      <time>84</time>
    </ksState>
    <ksState>
      <x>243.60631660800934</x>
      <y>32.98870076675451</y>
      <steeringAngle>-2.0816681711721685e-17</steeringAngle>
      <velocity>8.0</velocity>
      <orientation>0.628474445064199</orientation>
      <time>85</time>
    </ksState>
    <ksState>
      <x>244.25345688032027</x>
      <y>33.45902987275725</y>
      <steeringAngle>0.0</steeringAngle>
      <velocity>8.0</velocity>
      <orientation>0.628474445064199</orientation>
      <time>86</time>
    </ksState>
    <ksState>
      <x>244.9005971526312</x>
      <y>33.92935897875998</y>
      <steeringAngle>0.0</steeringAngle>
      <velocity>8.0</velocity>
      <orientation>0.628474445064199</orientation>
      <time>87</time>
    </ksState>
    <ksState>
      <x>245.54773742494214</x>
      <y>34.399688084762715</y>
      <steeringAngle>0.0</steeringAngle>
      <velocity>8.0</velocity>
      <orientation>0.628474445064199</orientation>
      <time>88</time>
    </ksState>
    <ksState>
      <x>246.19487769725308</x>
      <y>34.87001719076545</y>
      <steeringAngle>0.0</steeringAngle>
      <velocity>8.0</velocity>
      <orientation>0.628474445064199</orientation>
      <time>89</time>
    </ksState>
    <ksState>
      <x>246.842017969564</x>
      <y>35.34034629676819</y>
      <steeringAngle>0.0</steeringAngle>
      <velocity>8.0</velocity>
      <orientation>0.628474445064199</orientation>
      <time>90</time>
    </ksState>
    <ksState>
      <x>247.48915824187495</x>
      <y>35.810675402770926</y>
      <steeringAngle>0.0</steeringAngle>
      <velocity>8.0</velocity>
      <orientation>0.628474445064199</orientation>
      <time>91</time>
    </ksState>
    <ksState>
      <x>248.13629851418588</x>
      <y>36.281004508773655</y>
      <steeringAngle>0.0</steeringAngle>
      <velocity>8.0</velocity>
      <orientation>0.628474445064199</orientation>
      <time>92</time>
    </ksState>
    <ksState>
      <x>248.78343878649682</x>
      <y>36.75133361477639</y>
      <steeringAngle>0.0</steeringAngle>
      <velocity>8.0</velocity>
      <orientation>0.628474445064199</orientation>
      <time>93</time>
    </ksState>
    <ksState>
      <x>249.43057905880775</x>
      <y>37.22166272077913</y>
      <steeringAngle>0.0</steeringAngle>
      <velocity>8.0</velocity>
      <orientation>0.628474445064199</orientation>
      <time>94</time>
    </ksState>
    <ksState>
      <x>250.0777193311187</x>
      <y>37.691991826781866</y>
      <steeringAngle>0.0</steeringAngle>
      <velocity>8.0</velocity>
      <orientation>0.628474445064199</orientation>
      <time>95</time>
    </ksState>
    <ksState>
      <x>250.69754876758427</x>
      <y>38.13182587297085</y>
      <steeringAngle>-0.03553333333333333</steeringAngle>
      <velocity>7.199999999999999</velocity>
      <orientation>0.6233294320817067</orientation>
      <time>96</time>
    </ksState>
    <ksState>
      <x>251.26361017848396</x>
      <y>38.50910713927333</y>
      <steeringAngle>-0.07106666666666664</steeringAngle>
      <velocity>6.400000000000001</velocity>
      <orientation>0.6093527599607436</orientation>
      <time>97</time>
    </ksState>
    <ksState>
      <x>251.77544439525096</x>
      <y>38.82351148789558</y>
      <steeringAngle>-0.10659999999999997</steeringAngle>
      <velocity>5.600000000000004</velocity>
      <orientation>0.5887209920948622</orientation>
      <time>98</time>
    </ksState>
    <ksState>
      <x>252.2307794501699</x>
      <y>39.07710578475998</y>
      <steeringAngle>-0.1421333333333333</steeringAngle>
      <velocity>4.800000000000003</velocity>
      <orientation>0.563604784586214</orientation>
      <time>99</time>
    </ksState>
  </ksTrajectory>
</CommonRoadSolution>
