<?xml version="1.0" ?>
<CommonRoadSolution benchmark_id="KS2:SM1:DEU_Lohmar-68_1_T-1:2020a" computation_time="2.9672612710000976" date="2023-01-12T15:00:04">
  <ksTrajectory planningProblem="123">
    <ksState>
      <x>-127.40821</x>
      <y>352.06369</y>
      <steeringAngle>0.0</steeringAngle>
      <velocity>4.0</velocity>
      <orientation>0.018409484</orientation>
      <time>0</time>
    </ksState>
    <ksState>
      <x>-126.96812700157756</x>
      <y>352.0668813144411</y>
      <steeringAngle>-0.035533333333333326</steeringAngle>
      <velocity>4.799999999999999</velocity>
      <orientation>0.015285705330809186</orientation>
      <time>1</time>
    </ksState>
    <ksState>
      <x>-126.44791768844291</x>
      <y>352.05688292697783</y>
      <steeringAngle>-0.07106666666666667</steeringAngle>
      <velocity>5.599999999999998</velocity>
      <orientation>0.004435094269636404</orientation>
      <time>2</time>
    </ksState>
    <ksState>
      <x>-125.84801219051474</x>
      <y>352.0240979245143</y>
      <steeringAngle>-0.10659999999999999</steeringAngle>
      <velocity>6.3999999999999995</velocity>
      <orientation>-0.01638185473069159</orientation>
      <time>3</time>
    </ksState>
    <ksState>
      <x>-125.16982647940935</x>
      <y>351.9552497650666</y>
      <steeringAngle>-0.14213333333333333</steeringAngle>
      <velocity>7.199999999999999</velocity>
      <orientation>-0.04944142571185674</orientation>
      <time>4</time>
    </ksState>
    <ksState>
      <x>-124.41671762349343</x>
      <y>351.8327262945862</y>
      <steeringAngle>-0.17766666666666664</steeringAngle>
      <velocity>7.9999999999999964</velocity>
      <orientation>-0.09706874779340337</orientation>
      <time>5</time>
    </ksState>
    <ksState>
      <x>-123.67320992978195</x>
      <y>351.6555687665496</y>
      <steeringAngle>-0.21320000000000014</steeringAngle>
      <velocity>7.200000000000003</velocity>
      <orientation>-0.1553180748648962</orientation>
      <time>6</time>
    </ksState>
    <ksState>
      <x>-123.02128861815918</x>
      <y>351.44364946836413</y>
      <steeringAngle>-0.24873333333333347</steeringAngle>
      <velocity>6.400000000000004</velocity>
      <orientation>-0.21723516235067558</orientation>
      <time>7</time>
    </ksState>
    <ksState>
      <x>-122.46200115117217</x>
      <y>351.2088390861615</y>
      <steeringAngle>-0.2842666666666668</steeringAngle>
      <velocity>5.600000000000001</velocity>
      <orientation>-0.2806573051145967</orientation>
      <time>8</time>
    </ksState>
    <ksState>
      <x>-121.99447870648544</x>
      <y>350.9646350117669</y>
      <steeringAngle>-0.3198</steeringAngle>
      <velocity>4.800000000000002</velocity>
      <orientation>-0.3433864048565493</orientation>
      <time>9</time>
    </ksState>
    <ksState>
      <x>-121.6157650619806</x>
      <y>350.7252406169179</y>
      <steeringAngle>-0.3553333333333332</steeringAngle>
      <velocity>4.000000000000001</velocity>
      <orientation>-0.40317623890476406</orientation>
      <time>10</time>
    </ksState>
    <ksState>
      <x>-121.25224212615102</x>
      <y>350.4631918271198</y>
      <steeringAngle>-0.31979999999999975</steeringAngle>
      <velocity>4.800000000000001</velocity>
      <orientation>-0.4629660739365126</orientation>
      <time>11</time>
    </ksState>
    <ksState>
      <x>-120.83706468346483</x>
      <y>350.13767381167946</y>
      <steeringAngle>-0.28426666666666645</steeringAngle>
      <velocity>5.600000000000004</velocity>
      <orientation>-0.5256951740678362</orientation>
      <time>12</time>
    </ksState>
    <ksState>
      <x>-120.37593023689222</x>
      <y>349.7433978726393</y>
      <steeringAngle>-0.2487333333333331</steeringAngle>
      <velocity>6.400000000000004</velocity>
      <orientation>-0.5891173107605121</orientation>
      <time>13</time>
    </ksState>
    <ksState>
      <x>-119.87411765951748</x>
      <y>349.27617998748457</y>
      <steeringAngle>-0.21319999999999992</steeringAngle>
      <velocity>7.200000000000004</velocity>
      <orientation>-0.651034399438311</orientation>
      <time>14</time>
    </ksState>
    <ksState>
      <x>-119.33586773162517</x>
      <y>348.73331372967004</y>
      <steeringAngle>-0.17766666666666656</steeringAngle>
      <velocity>8.000000000000004</velocity>
      <orientation>-0.7092837290392763</orientation>
      <time>15</time>
    </ksState>
    <ksState>
      <x>-118.7902899337144</x>
      <y>348.1439200615779</y>
      <steeringAngle>-0.14213333333333336</steeringAngle>
      <velocity>8.0</velocity>
      <orientation>-0.7593185405880247</orientation>
      <time>16</time>
    </ksState>
    <ksState>
      <x>-118.26014706259824</x>
      <y>347.54225998667516</y>
      <steeringAngle>-0.1066000000000001</steeringAngle>
      <velocity>8.0</velocity>
      <orientation>-0.798102392595022</orientation>
      <time>17</time>
    </ksState>
    <ksState>
      <x>-117.73874138926814</x>
      <y>346.93423123891245</y>
      <steeringAngle>-0.07106666666666674</steeringAngle>
      <velocity>8.0</velocity>
      <orientation>-0.8257348716247089</orientation>
      <time>18</time>
    </ksState>
    <ksState>
      <x>-117.21920530695158</x>
      <y>346.32541538161325</y>
      <steeringAngle>-0.035533333333333354</steeringAngle>
      <velocity>8.0</velocity>
      <orientation>-0.8422863922537382</orientation>
      <time>19</time>
    </ksState>
    <ksState>
      <x>-116.6946629863472</x>
      <y>345.72132378326904</y>
      <steeringAngle>-2.0816681711721685e-17</steeringAngle>
      <velocity>8.0</velocity>
      <orientation>-0.8477989187121431</orientation>
      <time>20</time>
    </ksState>
    <ksState>
      <x>-116.1653548462972</x>
      <y>345.12146305536896</y>
      <steeringAngle>0.0</steeringAngle>
      <velocity>8.0</velocity>
      <orientation>-0.8477989187121431</orientation>
      <time>21</time>
    </ksState>
    <ksState>
      <x>-115.63604670624721</x>
      <y>344.5216023274689</y>
      <steeringAngle>0.0</steeringAngle>
      <velocity>8.0</velocity>
      <orientation>-0.8477989187121431</orientation>
      <time>22</time>
    </ksState>
    <ksState>
      <x>-115.10673856619722</x>
      <y>343.9217415995688</y>
      <steeringAngle>0.0</steeringAngle>
      <velocity>8.0</velocity>
      <orientation>-0.8477989187121431</orientation>
      <time>23</time>
    </ksState>
    <ksState>
      <x>-114.57743042614723</x>
      <y>343.3218808716687</y>
      <steeringAngle>0.0</steeringAngle>
      <velocity>8.0</velocity>
      <orientation>-0.8477989187121431</orientation>
      <time>24</time>
    </ksState>
    <ksState>
      <x>-114.04812228609724</x>
      <y>342.72202014376865</y>
      <steeringAngle>0.0</steeringAngle>
      <velocity>8.0</velocity>
      <orientation>-0.8477989187121431</orientation>
      <time>25</time>
    </ksState>
    <ksState>
      <x>-113.51881414604725</x>
      <y>342.12215941586857</y>
      <steeringAngle>0.0</steeringAngle>
      <velocity>8.0</velocity>
      <orientation>-0.8477989187121431</orientation>
      <time>26</time>
    </ksState>
    <ksState>
      <x>-112.98950600599726</x>
      <y>341.5222986879685</y>
      <steeringAngle>0.0</steeringAngle>
      <velocity>8.0</velocity>
      <orientation>-0.8477989187121431</orientation>
      <time>27</time>
    </ksState>
    <ksState>
      <x>-112.46019786594726</x>
      <y>340.9224379600684</y>
      <steeringAngle>0.0</steeringAngle>
      <velocity>8.0</velocity>
      <orientation>-0.8477989187121431</orientation>
      <time>28</time>
    </ksState>
    <ksState>
      <x>-111.93088972589727</x>
      <y>340.3225772321683</y>
      <steeringAngle>0.0</steeringAngle>
      <velocity>8.0</velocity>
      <orientation>-0.8477989187121431</orientation>
      <time>29</time>
    </ksState>
    <ksState>
      <x>-111.40158158584728</x>
      <y>339.7227165042682</y>
      <steeringAngle>0.0</steeringAngle>
      <velocity>8.0</velocity>
      <orientation>-0.8477989187121431</orientation>
      <time>30</time>
    </ksState>
    <ksState>
      <x>-110.87227344579729</x>
      <y>339.1228557763681</y>
      <steeringAngle>0.0</steeringAngle>
      <velocity>8.0</velocity>
      <orientation>-0.8477989187121431</orientation>
      <time>31</time>
    </ksState>
    <ksState>
      <x>-110.3429653057473</x>
      <y>338.52299504846803</y>
      <steeringAngle>0.0</steeringAngle>
      <velocity>8.0</velocity>
      <orientation>-0.8477989187121431</orientation>
      <time>32</time>
    </ksState>
    <ksState>
      <x>-109.81365716569731</x>
      <y>337.92313432056795</y>
      <steeringAngle>0.0</steeringAngle>
      <velocity>8.0</velocity>
      <orientation>-0.8477989187121431</orientation>
      <time>33</time>
    </ksState>
    <ksState>
      <x>-109.28434902564732</x>
      <y>337.3232735926679</y>
      <steeringAngle>0.0</steeringAngle>
      <velocity>8.0</velocity>
      <orientation>-0.8477989187121431</orientation>
      <time>34</time>
    </ksState>
    <ksState>
      <x>-108.75504088559732</x>
      <y>336.72341286476774</y>
      <steeringAngle>0.0</steeringAngle>
      <velocity>8.0</velocity>
      <orientation>-0.8477989187121431</orientation>
      <time>35</time>
    </ksState>
    <ksState>
      <x>-108.23273154438189</x>
      <y>336.1174086343781</y>
      <steeringAngle>-0.03553333333333333</steeringAngle>
      <velocity>8.0</velocity>
      <orientation>-0.8533114537149818</orientation>
      <time>36</time>
    </ksState>
    <ksState>
      <x>-107.72906139313288</x>
      <y>335.49545891552594</y>
      <steeringAngle>-0.07106666666666667</steeringAngle>
      <velocity>8.0</velocity>
      <orientation>-0.8698629745952515</orientation>
      <time>37</time>
    </ksState>
    <ksState>
      <x>-107.25144747949301</x>
      <y>334.8525504367201</y>
      <steeringAngle>-0.10659999999999997</steeringAngle>
      <velocity>8.0</velocity>
      <orientation>-0.8974954538859464</orientation>
      <time>38</time>
    </ksState>
    <ksState>
      <x>-106.80804401097278</x>
      <y>334.18451229555006</y>
      <steeringAngle>-0.1421333333333333</steeringAngle>
      <velocity>8.0</velocity>
      <orientation>-0.9362793061586814</orientation>
      <time>39</time>
    </ksState>
    <ksState>
      <x>-106.4078693011292</x>
      <y>333.48831867417954</y>
      <steeringAngle>-0.17766666666666667</steeringAngle>
      <velocity>8.0</velocity>
      <orientation>-0.986314118407836</orientation>
      <time>40</time>
    </ksState>
    <ksState>
      <x>-106.04429281286791</x>
      <y>332.772181699332</y>
      <steeringAngle>-0.14213333333333336</steeringAngle>
      <velocity>8.0</velocity>
      <orientation>-1.0363489299565845</orientation>
      <time>41</time>
    </ksState>
    <ksState>
      <x>-105.69891761455237</x>
      <y>332.0484674726404</y>
      <steeringAngle>-0.1066000000000001</steeringAngle>
      <velocity>8.0</velocity>
      <orientation>-1.0751327819635819</orientation>
      <time>42</time>
    </ksState>
    <ksState>
      <x>-105.36368831603878</x>
      <y>331.32101702642103</y>
      <steeringAngle>-0.07106666666666674</steeringAngle>
      <velocity>8.0</velocity>
      <orientation>-1.1027652609932688</orientation>
      <time>43</time>
    </ksState>
    <ksState>
      <x>-105.03047259935727</x>
      <y>330.59332081570926</y>
      <steeringAngle>-0.035533333333333354</steeringAngle>
      <velocity>8.0</velocity>
      <orientation>-1.119316781622298</orientation>
      <time>44</time>
    </ksState>
    <ksState>
      <x>-104.69114943583875</x>
      <y>329.8687995282409</y>
      <steeringAngle>-2.0816681711721685e-17</steeringAngle>
      <velocity>8.0</velocity>
      <orientation>-1.1248293080807028</orientation>
      <time>45</time>
    </ksState>
    <ksState>
      <x>-104.35449721814732</x>
      <y>329.14304925473465</y>
      <steeringAngle>-0.03553333333333333</steeringAngle>
      <velocity>8.0</velocity>
      <orientation>-1.1303418430835417</orientation>
      <time>46</time>
    </ksState>
    <ksState>
      <x>-104.04013461157986</x>
      <y>328.40705929173805</y>
      <steeringAngle>-0.07106666666666667</steeringAngle>
      <velocity>8.0</velocity>
      <orientation>-1.1468933639638113</orientation>
      <time>47</time>
    </ksState>
    <ksState>
      <x>-103.75656699773704</x>
      <y>327.65803608048066</y>
      <steeringAngle>-0.10659999999999997</steeringAngle>
      <velocity>8.0</velocity>
      <orientation>-1.174525843254506</orientation>
      <time>48</time>
    </ksState>
    <ksState>
      <x>-103.51277842321603</x>
      <y>326.8941979268862</y>
      <steeringAngle>-0.1421333333333333</steeringAngle>
      <velocity>8.0</velocity>
      <orientation>-1.213309695527241</orientation>
      <time>49</time>
    </ksState>
    <ksState>
      <x>-103.31827091273783</x>
      <y>326.11510089493</y>
      <steeringAngle>-0.17766666666666667</steeringAngle>
      <velocity>8.0</velocity>
      <orientation>-1.2633445077763956</orientation>
      <time>50</time>
    </ksState>
    <ksState>
      <x>-103.17368085116419</x>
      <y>325.32440078942716</y>
      <steeringAngle>-0.17766666666666667</steeringAngle>
      <velocity>8.0</velocity>
      <orientation>-1.3190454840869075</orientation>
      <time>51</time>
    </ksState>
    <ksState>
      <x>-103.07333502020315</x>
      <y>324.52687730001236</y>
      <steeringAngle>-0.17766666666666667</steeringAngle>
      <velocity>8.0</velocity>
      <orientation>-1.374746460397419</orientation>
      <time>52</time>
    </ksState>
    <ksState>
      <x>-103.01754468230804</x>
      <y>323.7250042156694</y>
      <steeringAngle>-0.17766666666666667</steeringAngle>
      <velocity>8.0</velocity>
      <orientation>-1.4304474367079307</orientation>
      <time>53</time>
    </ksState>
    <ksState>
      <x>-103.00648288774374</x>
      <y>322.9212687835421</y>
      <steeringAngle>-0.17766666666666667</steeringAngle>
      <velocity>8.0</velocity>
      <orientation>-1.4861484130184426</orientation>
      <time>54</time>
    </ksState>
    <ksState>
      <x>-103.04018394840854</x>
      <y>322.11816402676163</y>
      <steeringAngle>-0.17766666666666667</steeringAngle>
      <velocity>8.0</velocity>
      <orientation>-1.5418493893289544</orientation>
      <time>55</time>
    </ksState>
    <ksState>
      <x>-103.10897204156159</x>
      <y>321.3179714075751</y>
      <steeringAngle>-0.14213333333333336</steeringAngle>
      <velocity>8.0</velocity>
      <orientation>-1.5918842008777028</orientation>
      <time>56</time>
    </ksState>
    <ksState>
      <x>-103.19722051164557</x>
      <y>320.5209403435286</y>
      <steeringAngle>-0.1066000000000001</steeringAngle>
      <velocity>8.0</velocity>
      <orientation>-1.6306680528847002</orientation>
      <time>57</time>
    </ksState>
    <ksState>
      <x>-103.29605959874986</x>
      <y>319.7260858479464</y>
      <steeringAngle>-0.07106666666666674</steeringAngle>
      <velocity>8.0</velocity>
      <orientation>-1.658300531914387</orientation>
      <time>58</time>
    </ksState>
    <ksState>
      <x>-103.39673907748794</x>
      <y>318.9320845057002</y>
      <steeringAngle>-0.035533333333333354</steeringAngle>
      <velocity>8.0</velocity>
      <orientation>-1.6748520525434165</orientation>
      <time>59</time>
    </ksState>
    <ksState>
      <x>-103.49055510921428</x>
      <y>318.1375595800458</y>
      <steeringAngle>-2.0816681711721685e-17</steeringAngle>
      <velocity>8.0</velocity>
      <orientation>-1.6803645790018213</orientation>
      <time>60</time>
    </ksState>
    <ksState>
      <x>-103.58728859025454</x>
      <y>317.3433991373033</y>
      <steeringAngle>-0.03553333333333333</steeringAngle>
      <velocity>8.0</velocity>
      <orientation>-1.6858771140046602</orientation>
      <time>61</time>
    </ksState>
    <ksState>
      <x>-103.70836012524963</x>
      <y>316.55229436709055</y>
      <steeringAngle>-0.07106666666666667</steeringAngle>
      <velocity>8.0</velocity>
      <orientation>-1.7024286348849298</orientation>
      <time>62</time>
    </ksState>
    <ksState>
      <x>-103.86246935945734</x>
      <y>315.76635753339787</y>
      <steeringAngle>-0.10659999999999997</steeringAngle>
      <velocity>8.0</velocity>
      <orientation>-1.7300611141756246</orientation>
      <time>63</time>
    </ksState>
    <ksState>
      <x>-104.05818896508788</x>
      <y>314.9888130459726</y>
      <steeringAngle>-0.1421333333333333</steeringAngle>
      <velocity>8.0</velocity>
      <orientation>-1.7688449664483596</orientation>
      <time>64</time>
    </ksState>
    <ksState>
      <x>-104.30382616690049</x>
      <y>314.2242950789365</y>
      <steeringAngle>-0.17766666666666667</steeringAngle>
      <velocity>8.0</velocity>
      <orientation>-1.8188797786975144</orientation>
      <time>65</time>
    </ksState>
    <ksState>
      <x>-104.57383174549706</x>
      <y>313.51066325548345</y>
      <steeringAngle>-0.1421333333333334</steeringAngle>
      <velocity>7.2</velocity>
      <orientation>-1.8665071004431513</orientation>
      <time>66</time>
    </ksState>
    <ksState>
      <x>-104.82798344917751</x>
      <y>312.87818605536665</y>
      <steeringAngle>-0.10660000000000011</steeringAngle>
      <velocity>6.4</velocity>
      <orientation>-1.8995666708911192</orientation>
      <time>67</time>
    </ksState>
    <ksState>
      <x>-105.05592885804766</x>
      <y>312.3223717003703</y>
      <steeringAngle>-0.07106666666666674</steeringAngle>
      <velocity>5.600000000000001</velocity>
      <orientation>-1.9203836191850077</orientation>
      <time>68</time>
    </ksState>
    <ksState>
      <x>-105.25144732351598</x>
      <y>311.84027445073554</y>
      <steeringAngle>-0.03553333333333339</steeringAngle>
      <velocity>4.800000000000001</velocity>
      <orientation>-1.9312342288426707</orientation>
      <time>69</time>
    </ksState>
    <ksState>
      <x>-105.4116349422882</x>
      <y>311.43044341071794</y>
      <steeringAngle>-5.5294310796760726e-17</steeringAngle>
      <velocity>4.0</velocity>
      <orientation>-1.934358004679836</orientation>
      <time>70</time>
    </ksState>
    <ksState>
      <x>-105.55387708422951</x>
      <y>311.0565889295947</y>
      <steeringAngle>0.0</steeringAngle>
      <velocity>4.0</velocity>
      <orientation>-1.934358004679836</orientation>
      <time>71</time>
    </ksState>
    <ksState>
      <x>-105.69611922617081</x>
      <y>310.6827344484714</y>
      <steeringAngle>0.0</steeringAngle>
      <velocity>4.0</velocity>
      <orientation>-1.934358004679836</orientation>
      <time>72</time>
    </ksState>
    <ksState>
      <x>-105.83836136811212</x>
      <y>310.3088799673481</y>
      <steeringAngle>0.0</steeringAngle>
      <velocity>4.0</velocity>
      <orientation>-1.934358004679836</orientation>
      <time>73</time>
    </ksState>
    <ksState>
      <x>-105.98060351005341</x>
      <y>309.93502548622484</y>
      <steeringAngle>0.0</steeringAngle>
      <velocity>4.0</velocity>
      <orientation>-1.934358004679836</orientation>
      <time>74</time>
    </ksState>
    <ksState>
      <x>-106.12284565199472</x>
      <y>309.5611710051016</y>
      <steeringAngle>0.0</steeringAngle>
      <velocity>4.0</velocity>
      <orientation>-1.934358004679836</orientation>
      <time>75</time>
    </ksState>
    <ksState>
      <x>-106.24742261475643</x>
      <y>309.2233973307722</y>
      <steeringAngle>0.03553333333333333</steeringAngle>
      <velocity>3.2</velocity>
      <orientation>-1.9319692563000435</orientation>
      <time>76</time>
    </ksState>
    <ksState>
      <x>-106.33810808412355</x>
      <y>308.95836854186535</y>
      <steeringAngle>0.07106666666666668</steeringAngle>
      <velocity>2.4</velocity>
      <orientation>-1.926268341294247</orientation>
      <time>77</time>
    </ksState>
    <ksState>
      <x>-106.39801647945643</x>
      <y>308.7673084407402</y>
      <steeringAngle>0.10660000000000003</steeringAngle>
      <velocity>1.5999999999999994</velocity>
      <orientation>-1.9194528075495154</orientation>
      <time>78</time>
    </ksState>
    <ksState>
      <x>-106.43104320663547</x>
      <y>308.651657007165</y>
      <steeringAngle>0.14213333333333342</steeringAngle>
      <velocity>0.7999999999999988</velocity>
      <orientation>-1.9137285460630358</orientation>
      <time>79</time>
    </ksState>
    <ksState>
      <x>-106.44122212608444</x>
      <y>308.61282261006585</y>
      <steeringAngle>0.17766666666666675</steeringAngle>
      <velocity>-1.5265566588595902e-15</velocity>
      <orientation>-1.91132105158848</orientation>
      <time>80</time>
    </ksState>
    <ksState>
      <x>-106.44122212608444</x>
      <y>308.61282261006585</y>
      <steeringAngle>0.14213333333333336</steeringAngle>
      <velocity>0.0</velocity>
      <orientation>-1.91132105158848</orientation>
      <time>81</time>
    </ksState>
    <ksState>
      <x>-106.44122212608444</x>
      <y>308.61282261006585</y>
      <steeringAngle>0.10660000000000001</steeringAngle>
      <velocity>0.0</velocity>
      <orientation>-1.91132105158848</orientation>
      <time>82</time>
    </ksState>
    <ksState>
      <x>-106.44122212608444</x>
      <y>308.61282261006585</y>
      <steeringAngle>0.07106666666666668</steeringAngle>
      <velocity>0.0</velocity>
      <orientation>-1.91132105158848</orientation>
      <time>83</time>
    </ksState>
    <ksState>
      <x>-106.44122212608444</x>
      <y>308.61282261006585</y>
      <steeringAngle>0.03553333333333333</steeringAngle>
      <velocity>0.0</velocity>
      <orientation>-1.91132105158848</orientation>
      <time>84</time>
    </ksState>
    <ksState>
      <x>-106.44122212608444</x>
      <y>308.61282261006585</y>
      <steeringAngle>0.0</steeringAngle>
      <velocity>0.0</velocity>
      <orientation>-1.91132105158848</orientation>
      <time>85</time>
    </ksState>
    <ksState>
      <x>-106.4540829438661</x>
      <y>308.5749429150751</y>
      <steeringAngle>0.03553333333333333</steeringAngle>
      <velocity>0.8</velocity>
      <orientation>-1.910953519810238</orientation>
      <time>86</time>
    </ksState>
    <ksState>
      <x>-106.49053382883247</x>
      <y>308.4605548653339</y>
      <steeringAngle>0.0710666666666667</steeringAngle>
      <velocity>1.6</velocity>
      <orientation>-1.9083786732182524</orientation>
      <time>87</time>
    </ksState>
    <ksState>
      <x>-106.54674815630716</x>
      <y>308.2683620670452</y>
      <steeringAngle>0.10660000000000003</steeringAngle>
      <velocity>2.4000000000000004</velocity>
      <orientation>-1.9013779689814152</orientation>
      <time>88</time>
    </ksState>
    <ksState>
      <x>-106.6174730630381</x>
      <y>307.99675328592974</y>
      <steeringAngle>0.14213333333333342</steeringAngle>
      <velocity>3.2000000000000015</velocity>
      <orientation>-1.887710328040595</orientation>
      <time>89</time>
    </ksState>
    <ksState>
      <x>-106.6952543237916</x>
      <y>307.64380931713674</y>
      <steeringAngle>0.17766666666666683</steeringAngle>
      <velocity>4.0000000000000036</velocity>
      <orientation>-1.8651004121673749</orientation>
      <time>90</time>
    </ksState>
    <ksState>
      <x>-106.77211467870504</x>
      <y>307.24964650433486</y>
      <steeringAngle>0.1421333333333333</steeringAngle>
      <velocity>4.0</velocity>
      <orientation>-1.8400830058228517</orientation>
      <time>91</time>
    </ksState>
    <ksState>
      <x>-106.84794229580108</x>
      <y>306.8559250466158</y>
      <steeringAngle>0.10659999999999999</steeringAngle>
      <velocity>4.0</velocity>
      <orientation>-1.820691079532101</orientation>
      <time>92</time>
    </ksState>
    <ksState>
      <x>-106.92492381714354</x>
      <y>306.46290475916675</y>
      <steeringAngle>0.07106666666666664</steeringAngle>
      <velocity>4.0</velocity>
      <orientation>-1.8068748397971481</orientation>
      <time>93</time>
    </ksState>
    <ksState>
      <x>-107.00523214430366</x>
      <y>306.0708682611301</y>
      <steeringAngle>0.03553333333333332</steeringAngle>
      <velocity>4.0</velocity>
      <orientation>-1.7985990793348827</orientation>
      <time>94</time>
    </ksState>
    <ksState>
      <x>-107.09102967723474</x>
      <y>305.68015674420167</y>
      <steeringAngle>-2.2985086056692694e-17</steeringAngle>
      <velocity>4.0</velocity>
      <orientation>-1.7958428160400424</orientation>
      <time>95</time>
    </ksState>
    <ksState>
      <x>-107.17136428156525</x>
      <y>305.32923460097453</y>
      <steeringAngle>0.0</steeringAngle>
      <velocity>3.2</velocity>
      <orientation>-1.7958428160400424</orientation>
      <time>96</time>
    </ksState>
    <ksState>
      <x>-107.23384675152637</x>
      <y>305.0562951565642</y>
      <steeringAngle>0.0</steeringAngle>
      <velocity>2.4000000000000004</velocity>
      <orientation>-1.7958428160400424</orientation>
      <time>97</time>
    </ksState>
    <ksState>
      <x>-107.27847708714089</x>
      <y>304.86133841087144</y>
      <steeringAngle>0.0</steeringAngle>
      <velocity>1.6</velocity>
      <orientation>-1.7958428160400424</orientation>
      <time>98</time>
    </ksState>
    <ksState>
      <x>-107.30525528841781</x>
      <y>304.7443643638567</y>
      <steeringAngle>0.0</steeringAngle>
      <velocity>0.7999999999999998</velocity>
      <orientation>-1.7958428160400424</orientation>
      <time>99</time>
    </ksState>
  </ksTrajectory>
</CommonRoadSolution>
