<?xml version="1.0" ?>
<CommonRoadSolution benchmark_id="KS2:SM1:ESP_Ceuta-15_2_T-1:2020a" computation_time="1.2019515779993526" date="2023-01-12T15:00:04">
  <ksTrajectory planningProblem="1">
    <ksState>
      <x>-210.17183</x>
      <y>-1015.0671</y>
      <steeringAngle>0.0</steeringAngle>
      <velocity>0.0</velocity>
      <orientation>1.0042025</orientation>
      <time>0</time>
    </ksState>
    <ksState>
      <x>-210.1499134492622</x>
      <y>-1015.033634544223</y>
      <steeringAngle>-0.03553333333333333</steeringAngle>
      <velocity>0.8</velocity>
      <orientation>1.0038349682217582</orientation>
      <time>1</time>
    </ksState>
    <ksState>
      <x>-210.0822607288126</x>
      <y>-1014.9344559056248</y>
      <steeringAngle>-0.0710666666666667</steeringAngle>
      <velocity>1.6</velocity>
      <orientation>1.0012601216297725</orientation>
      <time>2</time>
    </ksState>
    <ksState>
      <x>-209.96549335767708</x>
      <y>-1014.7717798368083</y>
      <steeringAngle>-0.10660000000000003</steeringAngle>
      <velocity>2.4000000000000004</velocity>
      <orientation>0.9942594173929353</orientation>
      <time>3</time>
    </ksState>
    <ksState>
      <x>-209.7951062561668</x>
      <y>-1014.5487516366854</y>
      <steeringAngle>-0.14213333333333342</steeringAngle>
      <velocity>3.2000000000000015</velocity>
      <orientation>0.9805917764521151</orientation>
      <time>4</time>
    </ksState>
    <ksState>
      <x>-209.56499566746885</x>
      <y>-1014.2700609719676</y>
      <steeringAngle>-0.17766666666666683</steeringAngle>
      <velocity>4.0000000000000036</velocity>
      <orientation>0.957981860578895</orientation>
      <time>5</time>
    </ksState>
    <ksState>
      <x>-209.322290470779</x>
      <y>-1014.0013432905537</y>
      <steeringAngle>-0.21319999999999997</steeringAngle>
      <velocity>3.2</velocity>
      <orientation>0.9304403150154603</orientation>
      <time>6</time>
    </ksState>
    <ksState>
      <x>-209.12349017637166</x>
      <y>-1013.8009009237586</y>
      <steeringAngle>-0.24873333333333342</steeringAngle>
      <velocity>2.4000000000000004</velocity>
      <orientation>0.9050020846288109</orientation>
      <time>7</time>
    </ksState>
    <ksState>
      <x>-208.97496037262542</x>
      <y>-1013.6636658459075</y>
      <steeringAngle>-0.2842666666666668</steeringAngle>
      <velocity>1.600000000000001</velocity>
      <orientation>0.8839271848382312</orientation>
      <time>8</time>
    </ksState>
    <ksState>
      <x>-208.88246872092998</x>
      <y>-1013.5845207655269</y>
      <steeringAngle>-0.3197999999999999</steeringAngle>
      <velocity>0.8000000000000007</velocity>
      <orientation>0.8695287575375268</orientation>
      <time>9</time>
    </ksState>
    <ksState>
      <x>-208.85078780174186</x>
      <y>-1013.5589464584716</y>
      <steeringAngle>-0.3553333333333332</steeringAngle>
      <velocity>5.551115123125783e-16</velocity>
      <orientation>0.8641871159017974</orientation>
      <time>10</time>
    </ksState>
    <ksState>
      <x>-208.85078780174186</x>
      <y>-1013.5589464584716</y>
      <steeringAngle>-0.3198</steeringAngle>
      <velocity>0.0</velocity>
      <orientation>0.8641871159017974</orientation>
      <time>11</time>
    </ksState>
    <ksState>
      <x>-208.85078780174186</x>
      <y>-1013.5589464584716</y>
      <steeringAngle>-0.2842666666666666</steeringAngle>
      <velocity>0.0</velocity>
      <orientation>0.8641871159017974</orientation>
      <time>12</time>
    </ksState>
    <ksState>
      <x>-208.85078780174186</x>
      <y>-1013.5589464584716</y>
      <steeringAngle>-0.24873333333333333</steeringAngle>
      <velocity>0.0</velocity>
      <orientation>0.8641871159017974</orientation>
      <time>13</time>
    </ksState>
    <ksState>
      <x>-208.85078780174186</x>
      <y>-1013.5589464584716</y>
      <steeringAngle>-0.21320000000000003</steeringAngle>
      <velocity>0.0</velocity>
      <orientation>0.8641871159017974</orientation>
      <time>14</time>
    </ksState>
    <ksState>
      <x>-208.85078780174186</x>
      <y>-1013.5589464584716</y>
      <steeringAngle>-0.1776666666666667</steeringAngle>
      <velocity>0.0</velocity>
      <orientation>0.8641871159017974</orientation>
      <time>15</time>
    </ksState>
    <ksState>
      <x>-208.85078780174186</x>
      <y>-1013.5589464584716</y>
      <steeringAngle>-0.14213333333333336</steeringAngle>
      <velocity>0.0</velocity>
      <orientation>0.8641871159017974</orientation>
      <time>16</time>
    </ksState>
    <ksState>
      <x>-208.85078780174186</x>
      <y>-1013.5589464584716</y>
      <steeringAngle>-0.10660000000000001</steeringAngle>
      <velocity>0.0</velocity>
      <orientation>0.8641871159017974</orientation>
      <time>17</time>
    </ksState>
    <ksState>
      <x>-208.85078780174186</x>
      <y>-1013.5589464584716</y>
      <steeringAngle>-0.07106666666666668</steeringAngle>
      <velocity>0.0</velocity>
      <orientation>0.8641871159017974</orientation>
      <time>18</time>
    </ksState>
    <ksState>
      <x>-208.85078780174186</x>
      <y>-1013.5589464584716</y>
      <steeringAngle>-0.03553333333333333</steeringAngle>
      <velocity>0.0</velocity>
      <orientation>0.8641871159017974</orientation>
      <time>19</time>
    </ksState>
    <ksState>
      <x>-208.85078780174186</x>
      <y>-1013.5589464584716</y>
      <steeringAngle>-0.0</steeringAngle>
      <velocity>0.0</velocity>
      <orientation>0.8641871159017974</orientation>
      <time>20</time>
    </ksState>
    <ksState>
      <x>-208.85078780174186</x>
      <y>-1013.5589464584716</y>
      <steeringAngle>0.0</steeringAngle>
      <velocity>0.0</velocity>
      <orientation>0.8641871159017974</orientation>
      <time>21</time>
    </ksState>
    <ksState>
      <x>-208.85078780174186</x>
      <y>-1013.5589464584716</y>
      <steeringAngle>0.0</steeringAngle>
      <velocity>0.0</velocity>
      <orientation>0.8641871159017974</orientation>
      <time>22</time>
    </ksState>
    <ksState>
      <x>-208.85078780174186</x>
      <y>-1013.5589464584716</y>
      <steeringAngle>0.0</steeringAngle>
      <velocity>0.0</velocity>
      <orientation>0.8641871159017974</orientation>
      <time>23</time>
    </ksState>
    <ksState>
      <x>-208.85078780174186</x>
      <y>-1013.5589464584716</y>
      <steeringAngle>0.0</steeringAngle>
      <velocity>0.0</velocity>
      <orientation>0.8641871159017974</orientation>
      <time>24</time>
    </ksState>
    <ksState>
      <x>-208.85078780174186</x>
      <y>-1013.5589464584716</y>
      <steeringAngle>0.0</steeringAngle>
      <velocity>0.0</velocity>
      <orientation>0.8641871159017974</orientation>
      <time>25</time>
    </ksState>
    <ksState>
      <x>-208.85078780174186</x>
      <y>-1013.5589464584716</y>
      <steeringAngle>0.0</steeringAngle>
      <velocity>0.0</velocity>
      <orientation>0.8641871159017974</orientation>
      <time>26</time>
    </ksState>
    <ksState>
      <x>-208.85078780174186</x>
      <y>-1013.5589464584716</y>
      <steeringAngle>0.0</steeringAngle>
      <velocity>0.0</velocity>
      <orientation>0.8641871159017974</orientation>
      <time>27</time>
    </ksState>
    <ksState>
      <x>-208.85078780174186</x>
      <y>-1013.5589464584716</y>
      <steeringAngle>0.0</steeringAngle>
      <velocity>0.0</velocity>
      <orientation>0.8641871159017974</orientation>
      <time>28</time>
    </ksState>
    <ksState>
      <x>-208.85078780174186</x>
      <y>-1013.5589464584716</y>
      <steeringAngle>0.0</steeringAngle>
      <velocity>0.0</velocity>
      <orientation>0.8641871159017974</orientation>
      <time>29</time>
    </ksState>
    <ksState>
      <x>-208.85078780174186</x>
      <y>-1013.5589464584716</y>
      <steeringAngle>0.0</steeringAngle>
      <velocity>0.0</velocity>
      <orientation>0.8641871159017974</orientation>
      <time>30</time>
    </ksState>
    <ksState>
      <x>-208.85078780174186</x>
      <y>-1013.5589464584716</y>
      <steeringAngle>0.0</steeringAngle>
      <velocity>0.0</velocity>
      <orientation>0.8641871159017974</orientation>
      <time>31</time>
    </ksState>
    <ksState>
      <x>-208.85078780174186</x>
      <y>-1013.5589464584716</y>
      <steeringAngle>0.0</steeringAngle>
      <velocity>0.0</velocity>
      <orientation>0.8641871159017974</orientation>
      <time>32</time>
    </ksState>
    <ksState>
      <x>-208.85078780174186</x>
      <y>-1013.5589464584716</y>
      <steeringAngle>0.0</steeringAngle>
      <velocity>0.0</velocity>
      <orientation>0.8641871159017974</orientation>
      <time>33</time>
    </ksState>
  </ksTrajectory>
</CommonRoadSolution>
