<?xml version="1.0" ?>
<CommonRoadSolution benchmark_id="KS2:SM1:DEU_Guetersloh-12_1_T-1:2020a" computation_time="0.5236660089994984" date="2023-01-12T15:00:04">
  <ksTrajectory planningProblem="1">
    <ksState>
      <x>647.30887</x>
      <y>438.87649</y>
      <steeringAngle>0.0</steeringAngle>
      <velocity>4.0</velocity>
      <orientation>3.1234955</orientation>
      <time>0</time>
    </ksState>
    <ksState>
      <x>646.868860584719</x>
      <y>438.87954350757525</y>
      <steeringAngle>0.035533333333333326</steeringAngle>
      <velocity>4.799999999999999</velocity>
      <orientation>3.126619278669191</orientation>
      <time>1</time>
    </ksState>
    <ksState>
      <x>646.3487425346585</x>
      <y>438.8693828308193</y>
      <steeringAngle>0.07106666666666667</steeringAngle>
      <velocity>5.599999999999998</velocity>
      <orientation>3.137469889730364</orientation>
      <time>2</time>
    </ksState>
    <ksState>
      <x>645.7489489594485</x>
      <y>438.8364122774509</y>
      <steeringAngle>0.10659999999999999</steeringAngle>
      <velocity>6.3999999999999995</velocity>
      <orientation>3.158286838730692</orientation>
      <time>3</time>
    </ksState>
    <ksState>
      <x>645.0708998924257</x>
      <y>438.76735745259566</y>
      <steeringAngle>0.14213333333333333</steeringAngle>
      <velocity>7.199999999999999</velocity>
      <orientation>3.191346409711857</orientation>
      <time>4</time>
    </ksState>
    <ksState>
      <x>644.3179576487865</x>
      <y>438.64460969474436</y>
      <steeringAngle>0.17766666666666664</steeringAngle>
      <velocity>7.9999999999999964</velocity>
      <orientation>3.2389737317934038</orientation>
      <time>5</time>
    </ksState>
    <ksState>
      <x>643.5745053230222</x>
      <y>438.4672199552895</y>
      <steeringAngle>0.21320000000000014</steeringAngle>
      <velocity>7.200000000000003</velocity>
      <orientation>3.2972230588648967</orientation>
      <time>6</time>
    </ksState>
    <ksState>
      <x>642.9226502320373</x>
      <y>438.25509705259304</y>
      <steeringAngle>0.24873333333333347</steeringAngle>
      <velocity>6.400000000000004</velocity>
      <orientation>3.359140146350676</orientation>
      <time>7</time>
    </ksState>
    <ksState>
      <x>642.3634361307514</x>
      <y>438.02011199936214</y>
      <steeringAngle>0.2842666666666668</steeringAngle>
      <velocity>5.600000000000001</velocity>
      <orientation>3.4225622891145973</orientation>
      <time>8</time>
    </ksState>
    <ksState>
      <x>641.8959899812256</x>
      <y>437.7757619154041</y>
      <steeringAngle>0.3198</steeringAngle>
      <velocity>4.800000000000002</velocity>
      <orientation>3.4852913888565498</orientation>
      <time>9</time>
    </ksState>
    <ksState>
      <x>641.517351125341</x>
      <y>437.53624924844553</y>
      <steeringAngle>0.3553333333333332</steeringAngle>
      <velocity>4.000000000000001</velocity>
      <orientation>3.5450812229047646</orientation>
      <time>10</time>
    </ksState>
    <ksState>
      <x>641.1906850004881</x>
      <y>437.28994848981</y>
      <steeringAngle>0.39086666666666653</steeringAngle>
      <velocity>4.0</velocity>
      <orientation>3.605801589210752</orientation>
      <time>11</time>
    </ksState>
    <ksState>
      <x>640.8848134809559</x>
      <y>437.01523100239666</y>
      <steeringAngle>0.42639999999999995</steeringAngle>
      <velocity>4.0</velocity>
      <orientation>3.6729712026671555</orientation>
      <time>12</time>
    </ksState>
    <ksState>
      <x>640.6041506254677</x>
      <y>436.71169548620475</y>
      <steeringAngle>0.4619333333333333</steeringAngle>
      <velocity>4.0</velocity>
      <orientation>3.7467917862994993</orientation>
      <time>13</time>
    </ksState>
    <ksState>
      <x>640.3536468607938</x>
      <y>436.3796072829455</y>
      <steeringAngle>0.49746666666666667</steeringAngle>
      <velocity>4.0</velocity>
      <orientation>3.8274923281127196</orientation>
      <time>14</time>
    </ksState>
    <ksState>
      <x>640.1387590689941</x>
      <y>436.020069312102</y>
      <steeringAngle>0.533</steeringAngle>
      <velocity>4.0</velocity>
      <orientation>3.915332194712528</orientation>
      <time>15</time>
    </ksState>
    <ksState>
      <x>639.9653846206941</x>
      <y>435.6352179283027</y>
      <steeringAngle>0.5685333333333333</steeringAngle>
      <velocity>4.0</velocity>
      <orientation>4.010604834361758</orientation>
      <time>16</time>
    </ksState>
    <ksState>
      <x>639.8397471269501</x>
      <y>435.2284420169616</y>
      <steeringAngle>0.6040666666666665</steeringAngle>
      <velocity>4.0</velocity>
      <orientation>4.11364218758022</orientation>
      <time>17</time>
    </ksState>
    <ksState>
      <x>639.7682192582979</x>
      <y>434.804620655156</y>
      <steeringAngle>0.6396</steeringAngle>
      <velocity>4.0</velocity>
      <orientation>4.224819970355711</orientation>
      <time>18</time>
    </ksState>
    <ksState>
      <x>639.7570648240371</x>
      <y>434.370370493795</y>
      <steeringAngle>0.6751333333333333</steeringAngle>
      <velocity>4.0</velocity>
      <orientation>4.344564019235642</orientation>
      <time>19</time>
    </ksState>
    <ksState>
      <x>639.8120798150347</x>
      <y>433.9342876779014</y>
      <steeringAngle>0.7106666666666664</steeringAngle>
      <velocity>4.0</velocity>
      <orientation>4.473357956919952</orientation>
      <time>20</time>
    </ksState>
    <ksState>
      <x>639.9226285828794</x>
      <y>433.5490649573061</y>
      <steeringAngle>0.7462000000000002</steeringAngle>
      <velocity>3.2</velocity>
      <orientation>4.597748061968705</orientation>
      <time>21</time>
    </ksState>
    <ksState>
      <x>640.0523255087465</x>
      <y>433.2604954978241</y>
      <steeringAngle>0.7817333333333336</steeringAngle>
      <velocity>2.4000000000000017</velocity>
      <orientation>4.701608936150894</orientation>
      <time>22</time>
    </ksState>
    <ksState>
      <x>640.171202676364</x>
      <y>433.06391477226464</y>
      <steeringAngle>0.8172666666666673</steeringAngle>
      <velocity>1.6000000000000023</velocity>
      <orientation>4.781207870889839</orientation>
      <time>23</time>
    </ksState>
    <ksState>
      <x>640.2549957293893</x>
      <y>432.9513264357239</y>
      <steeringAngle>0.8528000000000004</steeringAngle>
      <velocity>0.8000000000000015</velocity>
      <orientation>4.8324117584233734</orientation>
      <time>24</time>
    </ksState>
    <ksState>
      <x>640.2858051914287</x>
      <y>432.91499152992833</y>
      <steeringAngle>0.888333333333334</steeringAngle>
      <velocity>1.4155343563970746e-15</velocity>
      <orientation>4.850601173019999</orientation>
      <time>25</time>
    </ksState>
    <ksState>
      <x>640.2858051914287</x>
      <y>432.91499152992833</y>
      <steeringAngle>0.8527999999999999</steeringAngle>
      <velocity>0.0</velocity>
      <orientation>4.850601173019999</orientation>
      <time>26</time>
    </ksState>
    <ksState>
      <x>640.2858051914287</x>
      <y>432.91499152992833</y>
      <steeringAngle>0.8172666666666665</steeringAngle>
      <velocity>0.0</velocity>
      <orientation>4.850601173019999</orientation>
      <time>27</time>
    </ksState>
    <ksState>
      <x>640.2858051914287</x>
      <y>432.91499152992833</y>
      <steeringAngle>0.7817333333333331</steeringAngle>
      <velocity>0.0</velocity>
      <orientation>4.850601173019999</orientation>
      <time>28</time>
    </ksState>
    <ksState>
      <x>640.2858051914287</x>
      <y>432.91499152992833</y>
      <steeringAngle>0.7461999999999996</steeringAngle>
      <velocity>0.0</velocity>
      <orientation>4.850601173019999</orientation>
      <time>29</time>
    </ksState>
    <ksState>
      <x>640.2858051914287</x>
      <y>432.91499152992833</y>
      <steeringAngle>0.7106666666666662</steeringAngle>
      <velocity>0.0</velocity>
      <orientation>4.850601173019999</orientation>
      <time>30</time>
    </ksState>
    <ksState>
      <x>640.2858051914287</x>
      <y>432.91499152992833</y>
      <steeringAngle>0.6751333333333334</steeringAngle>
      <velocity>0.0</velocity>
      <orientation>4.850601173019999</orientation>
      <time>31</time>
    </ksState>
    <ksState>
      <x>640.2858051914287</x>
      <y>432.91499152992833</y>
      <steeringAngle>0.6396</steeringAngle>
      <velocity>0.0</velocity>
      <orientation>4.850601173019999</orientation>
      <time>32</time>
    </ksState>
    <ksState>
      <x>640.2858051914287</x>
      <y>432.91499152992833</y>
      <steeringAngle>0.6040666666666666</steeringAngle>
      <velocity>0.0</velocity>
      <orientation>4.850601173019999</orientation>
      <time>33</time>
    </ksState>
  </ksTrajectory>
</CommonRoadSolution>
