<?xml version="1.0" ?>
<CommonRoadSolution benchmark_id="KS2:SM1:ESP_Berga-10_1_T-1:2020a" computation_time="1.312277596000058" date="2023-01-12T15:00:04">
  <ksTrajectory planningProblem="1">
    <ksState>
      <x>-195.05916</x>
      <y>356.53266</y>
      <steeringAngle>0.0</steeringAngle>
      <velocity>0.0</velocity>
      <orientation>-3.090059</orientation>
      <time>0</time>
    </ksState>
    <ksState>
      <x>-195.09907956345128</x>
      <y>356.5300714906874</y>
      <steeringAngle>0.03553333333333333</steeringAngle>
      <velocity>0.8</velocity>
      <orientation>-3.089691468221758</orientation>
      <time>1</time>
    </ksState>
    <ksState>
      <x>-195.2187159365288</x>
      <y>356.520049955112</y>
      <steeringAngle>0.0710666666666667</steeringAngle>
      <velocity>1.6</velocity>
      <orientation>-3.0871166216297725</orientation>
      <time>2</time>
    </ksState>
    <ksState>
      <x>-195.4178050280792</x>
      <y>356.49856377459696</y>
      <steeringAngle>0.10660000000000003</steeringAngle>
      <velocity>2.4000000000000004</velocity>
      <orientation>-3.080115917392935</orientation>
      <time>3</time>
    </ksState>
    <ksState>
      <x>-195.6958287452372</x>
      <y>356.46014301056596</y>
      <steeringAngle>0.14213333333333342</steeringAngle>
      <velocity>3.2000000000000015</velocity>
      <orientation>-3.0664482764521153</orientation>
      <time>4</time>
    </ksState>
    <ksState>
      <x>-196.0517124767693</x>
      <y>356.39716571892376</y>
      <steeringAngle>0.17766666666666683</steeringAngle>
      <velocity>4.0000000000000036</velocity>
      <orientation>-3.043838360578895</orientation>
      <time>5</time>
    </ksState>
    <ksState>
      <x>-196.44423158493626</x>
      <y>356.30880270296626</y>
      <steeringAngle>0.21319999999999995</steeringAngle>
      <velocity>4.0</velocity>
      <orientation>-3.0131305779413946</orientation>
      <time>6</time>
    </ksState>
    <ksState>
      <x>-196.83235540314809</x>
      <y>356.1991886349767</y>
      <steeringAngle>0.24873333333333336</steeringAngle>
      <velocity>4.0</velocity>
      <orientation>-2.9766517368187</orientation>
      <time>7</time>
    </ksState>
    <ksState>
      <x>-197.2143071501813</x>
      <y>356.0661681265338</y>
      <steeringAngle>0.2842666666666667</steeringAngle>
      <velocity>4.0</velocity>
      <orientation>-2.9343045029732524</orientation>
      <time>8</time>
    </ksState>
    <ksState>
      <x>-197.58787733126937</x>
      <y>355.9076954372902</y>
      <steeringAngle>0.31980000000000003</steeringAngle>
      <velocity>4.0</velocity>
      <orientation>-2.8859738216061173</orientation>
      <time>9</time>
    </ksState>
    <ksState>
      <x>-197.9503771497229</x>
      <y>355.7218954606829</y>
      <steeringAngle>0.35533333333333333</steeringAngle>
      <velocity>4.0</velocity>
      <orientation>-2.831525620427839</orientation>
      <time>10</time>
    </ksState>
    <ksState>
      <x>-198.29859514795874</x>
      <y>355.5071420054478</y>
      <steeringAngle>0.39086666666666653</steeringAngle>
      <velocity>4.0</velocity>
      <orientation>-2.7708052541218517</orientation>
      <time>11</time>
    </ksState>
    <ksState>
      <x>-198.62876009279225</x>
      <y>355.2621558965463</y>
      <steeringAngle>0.42639999999999995</steeringAngle>
      <velocity>4.0</velocity>
      <orientation>-2.703635640665448</orientation>
      <time>12</time>
    </ksState>
    <ksState>
      <x>-198.93651460908097</x>
      <y>354.9861258153149</y>
      <steeringAngle>0.4619333333333333</steeringAngle>
      <velocity>4.0</velocity>
      <orientation>-2.6298150570331043</orientation>
      <time>13</time>
    </ksState>
    <ksState>
      <x>-199.21690510439055</x>
      <y>354.67885414236105</y>
      <steeringAngle>0.49746666666666667</steeringAngle>
      <velocity>4.0</velocity>
      <orientation>-2.549114515219884</orientation>
      <time>14</time>
    </ksState>
    <ksState>
      <x>-199.46439560542237</x>
      <y>354.34092993866767</y>
      <steeringAngle>0.533</steeringAngle>
      <velocity>4.0</velocity>
      <orientation>-2.4612746486200754</orientation>
      <time>15</time>
    </ksState>
    <ksState>
      <x>-199.653772776923</x>
      <y>354.01163315752206</y>
      <steeringAngle>0.5685333333333333</steeringAngle>
      <velocity>3.199999999999999</velocity>
      <orientation>-2.3756557954232225</orientation>
      <time>16</time>
    </ksState>
    <ksState>
      <x>-199.77491425727783</x>
      <y>353.7393260433471</y>
      <steeringAngle>0.6040666666666664</steeringAngle>
      <velocity>2.3999999999999995</velocity>
      <orientation>-2.3036620506100043</orientation>
      <time>17</time>
    </ksState>
    <ksState>
      <x>-199.84451009869346</x>
      <y>353.53596120396713</y>
      <steeringAngle>0.6395999999999996</steeringAngle>
      <velocity>1.5999999999999983</velocity>
      <orientation>-2.2482122158339912</orientation>
      <time>18</time>
    </ksState>
    <ksState>
      <x>-199.87783255372196</x>
      <y>353.40996123739467</y>
      <steeringAngle>0.675133333333333</steeringAngle>
      <velocity>0.7999999999999986</velocity>
      <orientation>-2.212435610915162</orientation>
      <time>19</time>
    </ksState>
    <ksState>
      <x>-199.88699930438156</x>
      <y>353.3670243979378</y>
      <steeringAngle>0.7106666666666662</steeringAngle>
      <velocity>-1.27675647831893e-15</velocity>
      <orientation>-2.199711413816554</orientation>
      <time>20</time>
    </ksState>
    <ksState>
      <x>-199.88699930438156</x>
      <y>353.3670243979378</y>
      <steeringAngle>0.6751333333333334</steeringAngle>
      <velocity>0.0</velocity>
      <orientation>-2.199711413816554</orientation>
      <time>21</time>
    </ksState>
    <ksState>
      <x>-199.88699930438156</x>
      <y>353.3670243979378</y>
      <steeringAngle>0.6396</steeringAngle>
      <velocity>0.0</velocity>
      <orientation>-2.199711413816554</orientation>
      <time>22</time>
    </ksState>
    <ksState>
      <x>-199.88699930438156</x>
      <y>353.3670243979378</y>
      <steeringAngle>0.6040666666666666</steeringAngle>
      <velocity>0.0</velocity>
      <orientation>-2.199711413816554</orientation>
      <time>23</time>
    </ksState>
    <ksState>
      <x>-199.88699930438156</x>
      <y>353.3670243979378</y>
      <steeringAngle>0.5685333333333333</steeringAngle>
      <velocity>0.0</velocity>
      <orientation>-2.199711413816554</orientation>
      <time>24</time>
    </ksState>
    <ksState>
      <x>-199.88699930438156</x>
      <y>353.3670243979378</y>
      <steeringAngle>0.5329999999999999</steeringAngle>
      <velocity>0.0</velocity>
      <orientation>-2.199711413816554</orientation>
      <time>25</time>
    </ksState>
    <ksState>
      <x>-199.88699930438156</x>
      <y>353.3670243979378</y>
      <steeringAngle>0.49746666666666667</steeringAngle>
      <velocity>0.0</velocity>
      <orientation>-2.199711413816554</orientation>
      <time>26</time>
    </ksState>
    <ksState>
      <x>-199.88699930438156</x>
      <y>353.3670243979378</y>
      <steeringAngle>0.4619333333333333</steeringAngle>
      <velocity>0.0</velocity>
      <orientation>-2.199711413816554</orientation>
      <time>27</time>
    </ksState>
    <ksState>
      <x>-199.88699930438156</x>
      <y>353.3670243979378</y>
      <steeringAngle>0.42639999999999995</steeringAngle>
      <velocity>0.0</velocity>
      <orientation>-2.199711413816554</orientation>
      <time>28</time>
    </ksState>
    <ksState>
      <x>-199.88699930438156</x>
      <y>353.3670243979378</y>
      <steeringAngle>0.3908666666666666</steeringAngle>
      <velocity>0.0</velocity>
      <orientation>-2.199711413816554</orientation>
      <time>29</time>
    </ksState>
    <ksState>
      <x>-199.88699930438156</x>
      <y>353.3670243979378</y>
      <steeringAngle>0.3553333333333333</steeringAngle>
      <velocity>0.0</velocity>
      <orientation>-2.199711413816554</orientation>
      <time>30</time>
    </ksState>
    <ksState>
      <x>-199.88699930438156</x>
      <y>353.3670243979378</y>
      <steeringAngle>0.3198</steeringAngle>
      <velocity>0.0</velocity>
      <orientation>-2.199711413816554</orientation>
      <time>31</time>
    </ksState>
    <ksState>
      <x>-199.88699930438156</x>
      <y>353.3670243979378</y>
      <steeringAngle>0.2842666666666666</steeringAngle>
      <velocity>0.0</velocity>
      <orientation>-2.199711413816554</orientation>
      <time>32</time>
    </ksState>
    <ksState>
      <x>-199.88699930438156</x>
      <y>353.3670243979378</y>
      <steeringAngle>0.24873333333333333</steeringAngle>
      <velocity>0.0</velocity>
      <orientation>-2.199711413816554</orientation>
      <time>33</time>
    </ksState>
  </ksTrajectory>
</CommonRoadSolution>
