<?xml version="1.0" ?>
<CommonRoadSolution benchmark_id="KS2:SM1:ITA_SanGiorgioaCremano-2_1_T-1:2020a" computation_time="1.0665383659998042" date="2023-01-12T15:00:04">
  <ksTrajectory planningProblem="1">
    <ksState>
      <x>-612.15232</x>
      <y>86.333835</y>
      <steeringAngle>0.0</steeringAngle>
      <velocity>4.0</velocity>
      <orientation>0.26997546</orientation>
      <time>0</time>
    </ksState>
    <ksState>
      <x>-611.7656706646521</x>
      <y>86.43638305858336</y>
      <steeringAngle>-0.035533333333333326</steeringAngle>
      <velocity>4.0</velocity>
      <orientation>0.2672191854673996</orientation>
      <time>1</time>
    </ksState>
    <ksState>
      <x>-611.3764205107204</x>
      <y>86.5292145419816</y>
      <steeringAngle>-0.07106666666666711</steeringAngle>
      <velocity>4.0</velocity>
      <orientation>0.25894342492411415</orientation>
      <time>2</time>
    </ksState>
    <ksState>
      <x>-610.9842052358308</x>
      <y>86.61010780640311</y>
      <steeringAngle>-0.10660000000000043</steeringAngle>
      <velocity>4.0</velocity>
      <orientation>0.24512718510497733</orientation>
      <time>3</time>
    </ksState>
    <ksState>
      <x>-610.5888539418236</x>
      <y>86.67676497282979</y>
      <steeringAngle>-0.14213333333333378</steeringAngle>
      <velocity>4.0</velocity>
      <orientation>0.2257352587194315</orientation>
      <time>4</time>
    </ksState>
    <ksState>
      <x>-610.1904310581951</x>
      <y>86.72680703790614</y>
      <steeringAngle>-0.1776666666666672</steeringAngle>
      <velocity>4.0</velocity>
      <orientation>0.20071785226803418</orientation>
      <time>5</time>
    </ksState>
    <ksState>
      <x>-609.8294610046977</x>
      <y>86.7553661920045</y>
      <steeringAngle>-0.21319999999999997</steeringAngle>
      <velocity>3.2</velocity>
      <orientation>0.17317630670459955</orientation>
      <time>6</time>
    </ksState>
    <ksState>
      <x>-609.5472981944911</x>
      <y>86.7644682796323</y>
      <steeringAngle>-0.24873333333333342</steeringAngle>
      <velocity>2.4000000000000004</velocity>
      <orientation>0.14773807631795005</orientation>
      <time>7</time>
    </ksState>
    <ksState>
      <x>-609.3450872084838</x>
      <y>86.7621690772381</y>
      <steeringAngle>-0.2842666666666668</steeringAngle>
      <velocity>1.600000000000001</velocity>
      <orientation>0.12666317652737036</orientation>
      <time>8</time>
    </ksState>
    <ksState>
      <x>-609.2235042607348</x>
      <y>86.75614942621337</y>
      <steeringAngle>-0.3197999999999999</steeringAngle>
      <velocity>0.8000000000000007</velocity>
      <orientation>0.11226474922666592</orientation>
      <time>9</time>
    </ksState>
    <ksState>
      <x>-609.1829132557126</x>
      <y>86.75297198490846</y>
      <steeringAngle>-0.3553333333333332</steeringAngle>
      <velocity>5.551115123125783e-16</velocity>
      <orientation>0.10692310759093661</orientation>
      <time>10</time>
    </ksState>
    <ksState>
      <x>-609.1829132557126</x>
      <y>86.75297198490846</y>
      <steeringAngle>-0.3198</steeringAngle>
      <velocity>0.0</velocity>
      <orientation>0.10692310759093661</orientation>
      <time>11</time>
    </ksState>
    <ksState>
      <x>-609.1829132557126</x>
      <y>86.75297198490846</y>
      <steeringAngle>-0.2842666666666666</steeringAngle>
      <velocity>0.0</velocity>
      <orientation>0.10692310759093661</orientation>
      <time>12</time>
    </ksState>
    <ksState>
      <x>-609.1829132557126</x>
      <y>86.75297198490846</y>
      <steeringAngle>-0.24873333333333333</steeringAngle>
      <velocity>0.0</velocity>
      <orientation>0.10692310759093661</orientation>
      <time>13</time>
    </ksState>
    <ksState>
      <x>-609.1829132557126</x>
      <y>86.75297198490846</y>
      <steeringAngle>-0.21320000000000003</steeringAngle>
      <velocity>0.0</velocity>
      <orientation>0.10692310759093661</orientation>
      <time>14</time>
    </ksState>
    <ksState>
      <x>-609.1829132557126</x>
      <y>86.75297198490846</y>
      <steeringAngle>-0.1776666666666667</steeringAngle>
      <velocity>0.0</velocity>
      <orientation>0.10692310759093661</orientation>
      <time>15</time>
    </ksState>
    <ksState>
      <x>-609.1427184163969</x>
      <y>86.75324501763893</y>
      <steeringAngle>-0.17766666666666667</steeringAngle>
      <velocity>0.7999999999999999</velocity>
      <orientation>0.10413805872480057</orientation>
      <time>16</time>
    </ksState>
    <ksState>
      <x>-609.02213153844</x>
      <y>86.75339262432598</y>
      <steeringAngle>-0.17766666666666667</steeringAngle>
      <velocity>1.6000000000000005</velocity>
      <orientation>0.09578291220891356</orientation>
      <time>17</time>
    </ksState>
    <ksState>
      <x>-608.821164181188</x>
      <y>86.75139976419948</y>
      <steeringAngle>-0.17766666666666667</steeringAngle>
      <velocity>2.4000000000000017</velocity>
      <orientation>0.08185766805546295</orientation>
      <time>18</time>
    </ksState>
    <ksState>
      <x>-608.5398979637507</x>
      <y>86.74390891724465</y>
      <steeringAngle>-0.17766666666666667</steeringAngle>
      <velocity>3.2000000000000024</velocity>
      <orientation>0.06236232626813683</orientation>
      <time>19</time>
    </ksState>
    <ksState>
      <x>-608.1785780288495</x>
      <y>86.7262238570372</y>
      <steeringAngle>-0.17766666666666667</steeringAngle>
      <velocity>4.000000000000002</velocity>
      <orientation>0.03729688684844447</orientation>
      <time>20</time>
    </ksState>
    <ksState>
      <x>-607.8176170278434</x>
      <y>86.7032716315226</y>
      <steeringAngle>-0.1421333333333333</steeringAngle>
      <velocity>3.1999999999999993</velocity>
      <orientation>0.014686971875002154</orientation>
      <time>21</time>
    </ksState>
    <ksState>
      <x>-607.5372797373826</x>
      <y>86.68593158128074</y>
      <steeringAngle>-0.10659999999999997</steeringAngle>
      <velocity>2.3999999999999977</velocity>
      <orientation>0.0010193310042948128</orientation>
      <time>22</time>
    </ksState>
    <ksState>
      <x>-607.3371665486255</x>
      <y>86.67542563112922</y>
      <steeringAngle>-0.07106666666666664</steeringAngle>
      <velocity>1.5999999999999976</velocity>
      <orientation>-0.005981374848924324</orientation>
      <time>23</time>
    </ksState>
    <ksState>
      <x>-607.2171130832926</x>
      <y>86.6708712972079</y>
      <steeringAngle>-0.0355333333333333</steeringAngle>
      <velocity>0.7999999999999972</velocity>
      <orientation>-0.008556219322891592</orientation>
      <time>24</time>
    </ksState>
    <ksState>
      <x>-607.1770913905259</x>
      <y>86.66999645716243</y>
      <steeringAngle>2.5153490401663703e-17</steeringAngle>
      <velocity>-2.914335439641036e-15</velocity>
      <orientation>-0.008923730901422795</orientation>
      <time>25</time>
    </ksState>
    <ksState>
      <x>-607.1770913905259</x>
      <y>86.66999645716243</y>
      <steeringAngle>0.0</steeringAngle>
      <velocity>0.0</velocity>
      <orientation>-0.008923730901422795</orientation>
      <time>26</time>
    </ksState>
    <ksState>
      <x>-607.1770913905259</x>
      <y>86.66999645716243</y>
      <steeringAngle>0.0</steeringAngle>
      <velocity>0.0</velocity>
      <orientation>-0.008923730901422795</orientation>
      <time>27</time>
    </ksState>
    <ksState>
      <x>-607.1770913905259</x>
      <y>86.66999645716243</y>
      <steeringAngle>0.0</steeringAngle>
      <velocity>0.0</velocity>
      <orientation>-0.008923730901422795</orientation>
      <time>28</time>
    </ksState>
    <ksState>
      <x>-607.1770913905259</x>
      <y>86.66999645716243</y>
      <steeringAngle>0.0</steeringAngle>
      <velocity>0.0</velocity>
      <orientation>-0.008923730901422795</orientation>
      <time>29</time>
    </ksState>
    <ksState>
      <x>-607.1770913905259</x>
      <y>86.66999645716243</y>
      <steeringAngle>0.0</steeringAngle>
      <velocity>0.0</velocity>
      <orientation>-0.008923730901422795</orientation>
      <time>30</time>
    </ksState>
    <ksState>
      <x>-607.1770913905259</x>
      <y>86.66999645716243</y>
      <steeringAngle>0.0</steeringAngle>
      <velocity>0.0</velocity>
      <orientation>-0.008923730901422795</orientation>
      <time>31</time>
    </ksState>
    <ksState>
      <x>-607.1770913905259</x>
      <y>86.66999645716243</y>
      <steeringAngle>0.0</steeringAngle>
      <velocity>0.0</velocity>
      <orientation>-0.008923730901422795</orientation>
      <time>32</time>
    </ksState>
    <ksState>
      <x>-607.1770913905259</x>
      <y>86.66999645716243</y>
      <steeringAngle>0.0</steeringAngle>
      <velocity>0.0</velocity>
      <orientation>-0.008923730901422795</orientation>
      <time>33</time>
    </ksState>
  </ksTrajectory>
</CommonRoadSolution>
