<?xml version="1.0" ?>
<CommonRoadSolution benchmark_id="KS2:SM1:BEL_Nivelles-1_1_T-1:2020a" computation_time="0.8163319880000017" date="2023-01-12T15:00:04">
  <ksTrajectory planningProblem="1">
    <ksState>
      <x>861.1144</x>
      <y>550.74041</y>
      <steeringAngle>0.0</steeringAngle>
      <velocity>8.0</velocity>
      <orientation>-2.3505636</orientation>
      <time>0</time>
    </ksState>
    <ksState>
      <x>860.5861717437942</x>
      <y>550.1939510099174</y>
      <steeringAngle>0.03553333333333333</steeringAngle>
      <velocity>7.199999999999999</velocity>
      <orientation>-2.345418587017508</orientation>
      <time>1</time>
    </ksState>
    <ksState>
      <x>860.1278854492946</x>
      <y>549.6912181314558</y>
      <steeringAngle>0.07106666666666664</steeringAngle>
      <velocity>6.400000000000001</velocity>
      <orientation>-2.3314419148965446</orientation>
      <time>2</time>
    </ksState>
    <ksState>
      <x>859.7399307558821</x>
      <y>549.232616435269</y>
      <steeringAngle>0.10659999999999997</steeringAngle>
      <velocity>5.600000000000004</velocity>
      <orientation>-2.3108101470306632</orientation>
      <time>3</time>
    </ksState>
    <ksState>
      <x>859.420606829942</x>
      <y>548.8207034469302</y>
      <steeringAngle>0.1421333333333333</steeringAngle>
      <velocity>4.800000000000003</velocity>
      <orientation>-2.285693939522015</orientation>
      <time>4</time>
    </ksState>
    <ksState>
      <x>859.1663991332431</x>
      <y>548.4594959544827</y>
      <steeringAngle>0.17766666666666653</steeringAngle>
      <velocity>4.000000000000006</velocity>
      <orientation>-2.258269042936865</orientation>
      <time>5</time>
    </ksState>
    <ksState>
      <x>858.9723095717886</x>
      <y>548.1538094370517</y>
      <steeringAngle>0.21319999999999997</steeringAngle>
      <velocity>3.2</velocity>
      <orientation>-2.2307274973734303</orientation>
      <time>6</time>
    </ksState>
    <ksState>
      <x>858.8322801306399</x>
      <y>547.9086758916636</y>
      <steeringAngle>0.24873333333333342</steeringAngle>
      <velocity>2.4000000000000004</velocity>
      <orientation>-2.2052892669867807</orientation>
      <time>7</time>
    </ksState>
    <ksState>
      <x>858.7397260571465</x>
      <y>547.7288751333965</y>
      <steeringAngle>0.2842666666666668</steeringAngle>
      <velocity>1.600000000000001</velocity>
      <orientation>-2.1842143671962013</orientation>
      <time>8</time>
    </ksState>
    <ksState>
      <x>858.6881749037173</x>
      <y>547.6185976290635</y>
      <steeringAngle>0.3197999999999999</steeringAngle>
      <velocity>0.8000000000000007</velocity>
      <orientation>-2.169815939895497</orientation>
      <time>9</time>
    </ksState>
    <ksState>
      <x>858.6719964489688</x>
      <y>547.581234767504</y>
      <steeringAngle>0.3553333333333332</steeringAngle>
      <velocity>5.551115123125783e-16</velocity>
      <orientation>-2.1644742982597673</orientation>
      <time>10</time>
    </ksState>
    <ksState>
      <x>858.6719964489688</x>
      <y>547.581234767504</y>
      <steeringAngle>0.3198</steeringAngle>
      <velocity>0.0</velocity>
      <orientation>-2.1644742982597673</orientation>
      <time>11</time>
    </ksState>
    <ksState>
      <x>858.6719964489688</x>
      <y>547.581234767504</y>
      <steeringAngle>0.2842666666666666</steeringAngle>
      <velocity>0.0</velocity>
      <orientation>-2.1644742982597673</orientation>
      <time>12</time>
    </ksState>
    <ksState>
      <x>858.6719964489688</x>
      <y>547.581234767504</y>
      <steeringAngle>0.24873333333333333</steeringAngle>
      <velocity>0.0</velocity>
      <orientation>-2.1644742982597673</orientation>
      <time>13</time>
    </ksState>
    <ksState>
      <x>858.6719964489688</x>
      <y>547.581234767504</y>
      <steeringAngle>0.21320000000000003</steeringAngle>
      <velocity>0.0</velocity>
      <orientation>-2.1644742982597673</orientation>
      <time>14</time>
    </ksState>
    <ksState>
      <x>858.6719964489688</x>
      <y>547.581234767504</y>
      <steeringAngle>0.1776666666666667</steeringAngle>
      <velocity>0.0</velocity>
      <orientation>-2.1644742982597673</orientation>
      <time>15</time>
    </ksState>
    <ksState>
      <x>858.6719964489688</x>
      <y>547.581234767504</y>
      <steeringAngle>0.14213333333333336</steeringAngle>
      <velocity>0.0</velocity>
      <orientation>-2.1644742982597673</orientation>
      <time>16</time>
    </ksState>
    <ksState>
      <x>858.6719964489688</x>
      <y>547.581234767504</y>
      <steeringAngle>0.10660000000000001</steeringAngle>
      <velocity>0.0</velocity>
      <orientation>-2.1644742982597673</orientation>
      <time>17</time>
    </ksState>
    <ksState>
      <x>858.6719964489688</x>
      <y>547.581234767504</y>
      <steeringAngle>0.07106666666666668</steeringAngle>
      <velocity>0.0</velocity>
      <orientation>-2.1644742982597673</orientation>
      <time>18</time>
    </ksState>
    <ksState>
      <x>858.6719964489688</x>
      <y>547.581234767504</y>
      <steeringAngle>0.03553333333333333</steeringAngle>
      <velocity>0.0</velocity>
      <orientation>-2.1644742982597673</orientation>
      <time>19</time>
    </ksState>
    <ksState>
      <x>858.6719964489688</x>
      <y>547.581234767504</y>
      <steeringAngle>0.0</steeringAngle>
      <velocity>0.0</velocity>
      <orientation>-2.1644742982597673</orientation>
      <time>20</time>
    </ksState>
    <ksState>
      <x>858.6719964489688</x>
      <y>547.581234767504</y>
      <steeringAngle>0.0</steeringAngle>
      <velocity>0.0</velocity>
      <orientation>-2.1644742982597673</orientation>
      <time>21</time>
    </ksState>
    <ksState>
      <x>858.6719964489688</x>
      <y>547.581234767504</y>
      <steeringAngle>0.0</steeringAngle>
      <velocity>0.0</velocity>
      <orientation>-2.1644742982597673</orientation>
      <time>22</time>
    </ksState>
    <ksState>
      <x>858.6719964489688</x>
      <y>547.581234767504</y>
      <steeringAngle>0.0</steeringAngle>
      <velocity>0.0</velocity>
      <orientation>-2.1644742982597673</orientation>
      <time>23</time>
    </ksState>
    <ksState>
      <x>858.6719964489688</x>
      <y>547.581234767504</y>
      <steeringAngle>0.0</steeringAngle>
      <velocity>0.0</velocity>
      <orientation>-2.1644742982597673</orientation>
      <time>24</time>
    </ksState>
    <ksState>
      <x>858.6719964489688</x>
      <y>547.581234767504</y>
      <steeringAngle>0.0</steeringAngle>
      <velocity>0.0</velocity>
      <orientation>-2.1644742982597673</orientation>
      <time>25</time>
    </ksState>
    <ksState>
      <x>858.6719964489688</x>
      <y>547.581234767504</y>
      <steeringAngle>0.0</steeringAngle>
      <velocity>0.0</velocity>
      <orientation>-2.1644742982597673</orientation>
      <time>26</time>
    </ksState>
    <ksState>
      <x>858.6719964489688</x>
      <y>547.581234767504</y>
      <steeringAngle>0.0</steeringAngle>
      <velocity>0.0</velocity>
      <orientation>-2.1644742982597673</orientation>
      <time>27</time>
    </ksState>
    <ksState>
      <x>858.6719964489688</x>
      <y>547.581234767504</y>
      <steeringAngle>0.0</steeringAngle>
      <velocity>0.0</velocity>
      <orientation>-2.1644742982597673</orientation>
      <time>28</time>
    </ksState>
    <ksState>
      <x>858.6719964489688</x>
      <y>547.581234767504</y>
      <steeringAngle>0.0</steeringAngle>
      <velocity>0.0</velocity>
      <orientation>-2.1644742982597673</orientation>
      <time>29</time>
    </ksState>
    <ksState>
      <x>858.6719964489688</x>
      <y>547.581234767504</y>
      <steeringAngle>0.0</steeringAngle>
      <velocity>0.0</velocity>
      <orientation>-2.1644742982597673</orientation>
      <time>30</time>
    </ksState>
    <ksState>
      <x>858.6719964489688</x>
      <y>547.581234767504</y>
      <steeringAngle>0.0</steeringAngle>
      <velocity>0.0</velocity>
      <orientation>-2.1644742982597673</orientation>
      <time>31</time>
    </ksState>
    <ksState>
      <x>858.6719964489688</x>
      <y>547.581234767504</y>
      <steeringAngle>0.0</steeringAngle>
      <velocity>0.0</velocity>
      <orientation>-2.1644742982597673</orientation>
      <time>32</time>
    </ksState>
    <ksState>
      <x>858.6719964489688</x>
      <y>547.581234767504</y>
      <steeringAngle>0.0</steeringAngle>
      <velocity>0.0</velocity>
      <orientation>-2.1644742982597673</orientation>
      <time>33</time>
    </ksState>
  </ksTrajectory>
</CommonRoadSolution>
