<?xml version="1.0" ?>
<CommonRoadSolution benchmark_id="KS2:SM1:DEU_Ibbenbueren-4_2_T-1:2020a" computation_time="2.8759019799999805" date="2023-01-12T15:00:04">
  <ksTrajectory planningProblem="1">
    <ksState>
      <x>69.045915</x>
      <y>-152.69299</y>
      <steeringAngle>0.0</steeringAngle>
      <velocity>0.0</velocity>
      <orientation>-1.9929403</orientation>
      <time>0</time>
    </ksState>
    <ksState>
      <x>69.03000871520771</x>
      <y>-152.7296950681884</y>
      <steeringAngle>0.03553333333333333</steeringAngle>
      <velocity>0.8</velocity>
      <orientation>-1.9925727682217582</orientation>
      <time>1</time>
    </ksState>
    <ksState>
      <x>68.98435327112115</x>
      <y>-152.84073052812656</y>
      <steeringAngle>0.0710666666666667</steeringAngle>
      <velocity>1.6</velocity>
      <orientation>-1.9899979216297725</orientation>
      <time>2</time>
    </ksState>
    <ksState>
      <x>68.91265686032824</x>
      <y>-153.02770043748873</y>
      <steeringAngle>0.10660000000000003</steeringAngle>
      <velocity>2.4000000000000004</velocity>
      <orientation>-1.9829972173929353</orientation>
      <time>3</time>
    </ksState>
    <ksState>
      <x>68.82002349751923</x>
      <y>-153.29263892564362</y>
      <steeringAngle>0.14213333333333342</steeringAngle>
      <velocity>3.2000000000000015</velocity>
      <orientation>-1.969329576452115</orientation>
      <time>4</time>
    </ksState>
    <ksState>
      <x>68.71372612259977</x>
      <y>-153.6380665413853</y>
      <steeringAngle>0.17766666666666683</steeringAngle>
      <velocity>4.0000000000000036</velocity>
      <orientation>-1.946719660578895</orientation>
      <time>5</time>
    </ksState>
    <ksState>
      <x>68.61330775111226</x>
      <y>-154.02767586305654</y>
      <steeringAngle>0.21319999999999995</steeringAngle>
      <velocity>4.0</velocity>
      <orientation>-1.9160118779413948</orientation>
      <time>6</time>
    </ksState>
    <ksState>
      <x>68.53380558560758</x>
      <y>-154.42306775453213</y>
      <steeringAngle>0.24873333333333336</steeringAngle>
      <velocity>4.0</velocity>
      <orientation>-1.8795330368187007</orientation>
      <time>7</time>
    </ksState>
    <ksState>
      <x>68.47794819936581</x>
      <y>-154.82364427048174</y>
      <steeringAngle>0.2842666666666667</steeringAngle>
      <velocity>4.0</velocity>
      <orientation>-1.8371858029732526</orientation>
      <time>8</time>
    </ksState>
    <ksState>
      <x>68.44856397771203</x>
      <y>-155.22837237792191</y>
      <steeringAngle>0.31980000000000003</steeringAngle>
      <velocity>4.0</velocity>
      <orientation>-1.7888551216061175</orientation>
      <time>9</time>
    </ksState>
    <ksState>
      <x>68.44854809888449</x>
      <y>-155.63571467800128</y>
      <steeringAngle>0.35533333333333333</steeringAngle>
      <velocity>4.0</velocity>
      <orientation>-1.7344069204278392</orientation>
      <time>10</time>
    </ksState>
    <ksState>
      <x>68.47212690885335</x>
      <y>-156.00238246987203</y>
      <steeringAngle>0.35533333333333333</steeringAngle>
      <velocity>3.2000000000000015</velocity>
      <orientation>-1.6826058844946696</orientation>
      <time>11</time>
    </ksState>
    <ksState>
      <x>68.50357479286616</x>
      <y>-156.28643468000715</y>
      <steeringAngle>0.35533333333333333</steeringAngle>
      <velocity>2.4000000000000026</velocity>
      <orientation>-1.642316189927525</orientation>
      <time>12</time>
    </ksState>
    <ksState>
      <x>68.533030519859</x>
      <y>-156.48843925932232</y>
      <steeringAngle>0.35533333333333333</steeringAngle>
      <velocity>1.600000000000003</velocity>
      <orientation>-1.6135378367117024</orientation>
      <time>13</time>
    </ksState>
    <ksState>
      <x>68.55348990131735</x>
      <y>-156.60920570121183</y>
      <steeringAngle>0.35533333333333333</steeringAngle>
      <velocity>0.8000000000000022</velocity>
      <orientation>-1.5962708248413855</orientation>
      <time>14</time>
    </ksState>
    <ksState>
      <x>68.5607727203431</x>
      <y>-156.64938045489592</y>
      <steeringAngle>0.35533333333333333</steeringAngle>
      <velocity>1.8318679906315083e-15</velocity>
      <orientation>-1.5905151543089528</orientation>
      <time>15</time>
    </ksState>
    <ksState>
      <x>68.5607727203431</x>
      <y>-156.64938045489592</y>
      <steeringAngle>0.3198</steeringAngle>
      <velocity>0.0</velocity>
      <orientation>-1.5905151543089528</orientation>
      <time>16</time>
    </ksState>
    <ksState>
      <x>68.5607727203431</x>
      <y>-156.64938045489592</y>
      <steeringAngle>0.2842666666666666</steeringAngle>
      <velocity>0.0</velocity>
      <orientation>-1.5905151543089528</orientation>
      <time>17</time>
    </ksState>
    <ksState>
      <x>68.5607727203431</x>
      <y>-156.64938045489592</y>
      <steeringAngle>0.24873333333333333</steeringAngle>
      <velocity>0.0</velocity>
      <orientation>-1.5905151543089528</orientation>
      <time>18</time>
    </ksState>
    <ksState>
      <x>68.5607727203431</x>
      <y>-156.64938045489592</y>
      <steeringAngle>0.21320000000000003</steeringAngle>
      <velocity>0.0</velocity>
      <orientation>-1.5905151543089528</orientation>
      <time>19</time>
    </ksState>
    <ksState>
      <x>68.5607727203431</x>
      <y>-156.64938045489592</y>
      <steeringAngle>0.1776666666666667</steeringAngle>
      <velocity>0.0</velocity>
      <orientation>-1.5905151543089528</orientation>
      <time>20</time>
    </ksState>
    <ksState>
      <x>68.5607727203431</x>
      <y>-156.64938045489592</y>
      <steeringAngle>0.14213333333333336</steeringAngle>
      <velocity>0.0</velocity>
      <orientation>-1.5905151543089528</orientation>
      <time>21</time>
    </ksState>
    <ksState>
      <x>68.5607727203431</x>
      <y>-156.64938045489592</y>
      <steeringAngle>0.10660000000000001</steeringAngle>
      <velocity>0.0</velocity>
      <orientation>-1.5905151543089528</orientation>
      <time>22</time>
    </ksState>
    <ksState>
      <x>68.5607727203431</x>
      <y>-156.64938045489592</y>
      <steeringAngle>0.07106666666666668</steeringAngle>
      <velocity>0.0</velocity>
      <orientation>-1.5905151543089528</orientation>
      <time>23</time>
    </ksState>
    <ksState>
      <x>68.5607727203431</x>
      <y>-156.64938045489592</y>
      <steeringAngle>0.03553333333333333</steeringAngle>
      <velocity>0.0</velocity>
      <orientation>-1.5905151543089528</orientation>
      <time>24</time>
    </ksState>
    <ksState>
      <x>68.5607727203431</x>
      <y>-156.64938045489592</y>
      <steeringAngle>0.0</steeringAngle>
      <velocity>0.0</velocity>
      <orientation>-1.5905151543089528</orientation>
      <time>25</time>
    </ksState>
    <ksState>
      <x>68.5594553406707</x>
      <y>-156.68936215617794</y>
      <steeringAngle>-0.03553333333333333</steeringAngle>
      <velocity>0.8</velocity>
      <orientation>-1.5908826860871947</orientation>
      <time>26</time>
    </ksState>
    <ksState>
      <x>68.55324444481948</x>
      <y>-156.80925676702913</y>
      <steeringAngle>-0.0710666666666667</steeringAngle>
      <velocity>1.6</velocity>
      <orientation>-1.5934575326791804</orientation>
      <time>27</time>
    </ksState>
    <ksState>
      <x>68.53810205371222</x>
      <y>-157.0089285735493</y>
      <steeringAngle>-0.10660000000000003</steeringAngle>
      <velocity>2.4000000000000004</velocity>
      <orientation>-1.6004582369160176</orientation>
      <time>28</time>
    </ksState>
    <ksState>
      <x>68.50854451657489</x>
      <y>-157.28803374084197</y>
      <steeringAngle>-0.14213333333333342</steeringAngle>
      <velocity>3.2000000000000015</velocity>
      <orientation>-1.614125877856838</orientation>
      <time>29</time>
    </ksState>
    <ksState>
      <x>68.4569195635863</x>
      <y>-157.64574065139962</y>
      <steeringAngle>-0.17766666666666683</steeringAngle>
      <velocity>4.0000000000000036</velocity>
      <orientation>-1.636735793730058</orientation>
      <time>30</time>
    </ksState>
    <ksState>
      <x>68.38990308512852</x>
      <y>-158.041695988235</y>
      <steeringAngle>-0.1421333333333333</steeringAngle>
      <velocity>4.0</velocity>
      <orientation>-1.6617532000745812</orientation>
      <time>31</time>
    </ksState>
    <ksState>
      <x>68.32207573788362</x>
      <y>-158.43687425781545</y>
      <steeringAngle>-0.10659999999999999</steeringAngle>
      <velocity>4.0</velocity>
      <orientation>-1.6811451263653319</orientation>
      <time>32</time>
    </ksState>
    <ksState>
      <x>68.25557539096056</x>
      <y>-158.83180311828767</y>
      <steeringAngle>-0.07106666666666664</steeringAngle>
      <velocity>4.0</velocity>
      <orientation>-1.6949613661002847</orientation>
      <time>33</time>
    </ksState>
  </ksTrajectory>
</CommonRoadSolution>
