<?xml version="1.0" ?>
<CommonRoadSolution benchmark_id="KS2:SM1:ITA_Foggia-6_1_T-1:2020a" computation_time="1.5242675169993163" date="2023-01-12T15:00:04">
  <ksTrajectory planningProblem="1">
    <ksState>
      <x>-71.563138</x>
      <y>-864.15028</y>
      <steeringAngle>0.0</steeringAngle>
      <velocity>8.0</velocity>
      <orientation>-2.9747406</orientation>
      <time>0</time>
    </ksState>
    <ksState>
      <x>-72.35045757504571</x>
      <y>-864.2923224652026</y>
      <steeringAngle>0.03553333333333333</steeringAngle>
      <velocity>8.0</velocity>
      <orientation>-2.969228064997161</orientation>
      <time>1</time>
    </ksState>
    <ksState>
      <x>-73.13333307579371</x>
      <y>-864.4584881185972</y>
      <steeringAngle>0.07106666666666667</steeringAngle>
      <velocity>8.0</velocity>
      <orientation>-2.952676544116892</orientation>
      <time>2</time>
    </ksState>
    <ksState>
      <x>-73.90915762668715</x>
      <y>-864.6573414033422</y>
      <steeringAngle>0.10659999999999997</steeringAngle>
      <velocity>8.0</velocity>
      <orientation>-2.9250440648261966</orientation>
      <time>3</time>
    </ksState>
    <ksState>
      <x>-74.67422130015167</x>
      <y>-864.8972563247178</y>
      <steeringAngle>0.1421333333333333</steeringAngle>
      <velocity>8.0</velocity>
      <orientation>-2.886260212553462</orientation>
      <time>4</time>
    </ksState>
    <ksState>
      <x>-75.42342191415433</x>
      <y>-865.1862611634547</y>
      <steeringAngle>0.17766666666666667</steeringAngle>
      <velocity>8.0</velocity>
      <orientation>-2.8362254003043073</orientation>
      <time>5</time>
    </ksState>
    <ksState>
      <x>-76.11422271157906</x>
      <y>-865.5133433222857</y>
      <steeringAngle>0.21320000000000014</steeringAngle>
      <velocity>7.200000000000003</velocity>
      <orientation>-2.7779760732328143</orientation>
      <time>6</time>
    </ksState>
    <ksState>
      <x>-76.70822826344279</x>
      <y>-865.8554961972501</y>
      <steeringAngle>0.24873333333333347</steeringAngle>
      <velocity>6.400000000000004</velocity>
      <orientation>-2.716058985747035</orientation>
      <time>7</time>
    </ksState>
    <ksState>
      <x>-77.20686855323952</x>
      <y>-866.2008890861612</y>
      <steeringAngle>0.2842666666666668</steeringAngle>
      <velocity>5.600000000000001</velocity>
      <orientation>-2.6526368429831138</orientation>
      <time>8</time>
    </ksState>
    <ksState>
      <x>-77.61378482269231</x>
      <y>-866.5364960227572</y>
      <steeringAngle>0.3198</steeringAngle>
      <velocity>4.800000000000002</velocity>
      <orientation>-2.5899077432411612</orientation>
      <time>9</time>
    </ksState>
    <ksState>
      <x>-77.93480658593272</x>
      <y>-866.8490319860404</y>
      <steeringAngle>0.3553333333333332</steeringAngle>
      <velocity>4.000000000000001</velocity>
      <orientation>-2.5301179091929464</orientation>
      <time>10</time>
    </ksState>
    <ksState>
      <x>-78.20357402400457</x>
      <y>-867.1574779052273</y>
      <steeringAngle>0.39086666666666653</steeringAngle>
      <velocity>4.0</velocity>
      <orientation>-2.4693975428869592</orientation>
      <time>11</time>
    </ksState>
    <ksState>
      <x>-78.44612723949335</x>
      <y>-867.4894342608039</y>
      <steeringAngle>0.42639999999999995</steeringAngle>
      <velocity>4.0</velocity>
      <orientation>-2.4022279294305555</orientation>
      <time>12</time>
    </ksState>
    <ksState>
      <x>-78.65806443783855</x>
      <y>-867.8443822457233</y>
      <steeringAngle>0.4619333333333333</steeringAngle>
      <velocity>4.0</velocity>
      <orientation>-2.3284073457982117</orientation>
      <time>13</time>
    </ksState>
    <ksState>
      <x>-78.83459667062137</x>
      <y>-868.2210400236178</y>
      <steeringAngle>0.49746666666666667</steeringAngle>
      <velocity>4.0</velocity>
      <orientation>-2.2477068039849915</orientation>
      <time>14</time>
    </ksState>
    <ksState>
      <x>-78.97061240023275</x>
      <y>-868.6172016533109</y>
      <steeringAngle>0.533</steeringAngle>
      <velocity>4.0</velocity>
      <orientation>-2.159866937385183</orientation>
      <time>15</time>
    </ksState>
    <ksState>
      <x>-79.05369575384661</x>
      <y>-868.9878729895519</y>
      <steeringAngle>0.5685333333333333</steeringAngle>
      <velocity>3.199999999999999</velocity>
      <orientation>-2.07424808418833</orientation>
      <time>16</time>
    </ksState>
    <ksState>
      <x>-79.08853773627462</x>
      <y>-869.2838670079938</y>
      <steeringAngle>0.6040666666666664</steeringAngle>
      <velocity>2.3999999999999995</velocity>
      <orientation>-2.0022543393751118</orientation>
      <time>17</time>
    </ksState>
    <ksState>
      <x>-79.09462431236811</x>
      <y>-869.4987246181216</y>
      <steeringAngle>0.6395999999999996</steeringAngle>
      <velocity>1.5999999999999983</velocity>
      <orientation>-1.9468045045990987</orientation>
      <time>18</time>
    </ksState>
    <ksState>
      <x>-79.0890396269057</x>
      <y>-869.6289367100089</y>
      <steeringAngle>0.675133333333333</steeringAngle>
      <velocity>0.7999999999999986</velocity>
      <orientation>-1.9110278996802696</orientation>
      <time>19</time>
    </ksState>
    <ksState>
      <x>-79.08504670202059</x>
      <y>-869.6726592219571</y>
      <steeringAngle>0.7106666666666662</steeringAngle>
      <velocity>-1.27675647831893e-15</velocity>
      <orientation>-1.8983037025816616</orientation>
      <time>20</time>
    </ksState>
    <ksState>
      <x>-79.08504670202059</x>
      <y>-869.6726592219571</y>
      <steeringAngle>0.6751333333333334</steeringAngle>
      <velocity>0.0</velocity>
      <orientation>-1.8983037025816616</orientation>
      <time>21</time>
    </ksState>
    <ksState>
      <x>-79.08504670202059</x>
      <y>-869.6726592219571</y>
      <steeringAngle>0.6396</steeringAngle>
      <velocity>0.0</velocity>
      <orientation>-1.8983037025816616</orientation>
      <time>22</time>
    </ksState>
    <ksState>
      <x>-79.08504670202059</x>
      <y>-869.6726592219571</y>
      <steeringAngle>0.6040666666666666</steeringAngle>
      <velocity>0.0</velocity>
      <orientation>-1.8983037025816616</orientation>
      <time>23</time>
    </ksState>
    <ksState>
      <x>-79.08504670202059</x>
      <y>-869.6726592219571</y>
      <steeringAngle>0.5685333333333333</steeringAngle>
      <velocity>0.0</velocity>
      <orientation>-1.8983037025816616</orientation>
      <time>24</time>
    </ksState>
    <ksState>
      <x>-79.08504670202059</x>
      <y>-869.6726592219571</y>
      <steeringAngle>0.5329999999999999</steeringAngle>
      <velocity>0.0</velocity>
      <orientation>-1.8983037025816616</orientation>
      <time>25</time>
    </ksState>
    <ksState>
      <x>-79.08504670202059</x>
      <y>-869.6726592219571</y>
      <steeringAngle>0.49746666666666667</steeringAngle>
      <velocity>0.0</velocity>
      <orientation>-1.8983037025816616</orientation>
      <time>26</time>
    </ksState>
    <ksState>
      <x>-79.08504670202059</x>
      <y>-869.6726592219571</y>
      <steeringAngle>0.4619333333333333</steeringAngle>
      <velocity>0.0</velocity>
      <orientation>-1.8983037025816616</orientation>
      <time>27</time>
    </ksState>
    <ksState>
      <x>-79.08504670202059</x>
      <y>-869.6726592219571</y>
      <steeringAngle>0.42639999999999995</steeringAngle>
      <velocity>0.0</velocity>
      <orientation>-1.8983037025816616</orientation>
      <time>28</time>
    </ksState>
    <ksState>
      <x>-79.08504670202059</x>
      <y>-869.6726592219571</y>
      <steeringAngle>0.3908666666666666</steeringAngle>
      <velocity>0.0</velocity>
      <orientation>-1.8983037025816616</orientation>
      <time>29</time>
    </ksState>
    <ksState>
      <x>-79.08504670202059</x>
      <y>-869.6726592219571</y>
      <steeringAngle>0.3553333333333333</steeringAngle>
      <velocity>0.0</velocity>
      <orientation>-1.8983037025816616</orientation>
      <time>30</time>
    </ksState>
    <ksState>
      <x>-79.08504670202059</x>
      <y>-869.6726592219571</y>
      <steeringAngle>0.3198</steeringAngle>
      <velocity>0.0</velocity>
      <orientation>-1.8983037025816616</orientation>
      <time>31</time>
    </ksState>
    <ksState>
      <x>-79.08504670202059</x>
      <y>-869.6726592219571</y>
      <steeringAngle>0.2842666666666666</steeringAngle>
      <velocity>0.0</velocity>
      <orientation>-1.8983037025816616</orientation>
      <time>32</time>
    </ksState>
    <ksState>
      <x>-79.08504670202059</x>
      <y>-869.6726592219571</y>
      <steeringAngle>0.24873333333333333</steeringAngle>
      <velocity>0.0</velocity>
      <orientation>-1.8983037025816616</orientation>
      <time>33</time>
    </ksState>
  </ksTrajectory>
</CommonRoadSolution>
