<?xml version="1.0" ?>
<CommonRoadSolution benchmark_id="KS2:SM1:ESP_Monzon-9_1_T-1:2020a" computation_time="3.5325775849996717" date="2023-01-12T15:00:04">
  <ksTrajectory planningProblem="1">
    <ksState>
      <x>-523.16852</x>
      <y>-651.56755</y>
      <steeringAngle>0.0</steeringAngle>
      <velocity>4.0</velocity>
      <orientation>1.4329315</orientation>
      <time>0</time>
    </ksState>
    <ksState>
      <x>-523.113548593799</x>
      <y>-651.1713453249894</y>
      <steeringAngle>0.0</steeringAngle>
      <velocity>4.0</velocity>
      <orientation>1.4329315</orientation>
      <time>1</time>
    </ksState>
    <ksState>
      <x>-523.058577187598</x>
      <y>-650.7751406499787</y>
      <steeringAngle>0.0</steeringAngle>
      <velocity>4.0</velocity>
      <orientation>1.4329315</orientation>
      <time>2</time>
    </ksState>
    <ksState>
      <x>-523.003605781397</x>
      <y>-650.378935974968</y>
      <steeringAngle>0.0</steeringAngle>
      <velocity>4.0</velocity>
      <orientation>1.4329315</orientation>
      <time>3</time>
    </ksState>
    <ksState>
      <x>-522.9486343751961</x>
      <y>-649.9827312999574</y>
      <steeringAngle>0.0</steeringAngle>
      <velocity>4.0</velocity>
      <orientation>1.4329315</orientation>
      <time>4</time>
    </ksState>
    <ksState>
      <x>-522.8936629689952</x>
      <y>-649.5865266249468</y>
      <steeringAngle>0.0</steeringAngle>
      <velocity>4.0</velocity>
      <orientation>1.4329315</orientation>
      <time>5</time>
    </ksState>
    <ksState>
      <x>-522.8331944220329</x>
      <y>-649.1507014814172</y>
      <steeringAngle>0.0</steeringAngle>
      <velocity>4.8</velocity>
      <orientation>1.4329315</orientation>
      <time>6</time>
    </ksState>
    <ksState>
      <x>-522.7617315938242</x>
      <y>-648.6356354028406</y>
      <steeringAngle>0.0</steeringAngle>
      <velocity>5.6</velocity>
      <orientation>1.4329315</orientation>
      <time>7</time>
    </ksState>
    <ksState>
      <x>-522.6792744843713</x>
      <y>-648.0413283892331</y>
      <steeringAngle>0.0</steeringAngle>
      <velocity>6.4</velocity>
      <orientation>1.4329315</orientation>
      <time>8</time>
    </ksState>
    <ksState>
      <x>-522.5858230936755</x>
      <y>-647.3677804406036</y>
      <steeringAngle>0.0</steeringAngle>
      <velocity>7.199999999999999</velocity>
      <orientation>1.4329315</orientation>
      <time>9</time>
    </ksState>
    <ksState>
      <x>-522.4813774217375</x>
      <y>-646.6149915569582</y>
      <steeringAngle>0.0</steeringAngle>
      <velocity>7.999999999999998</velocity>
      <orientation>1.4329315</orientation>
      <time>10</time>
    </ksState>
    <ksState>
      <x>-522.3714346093356</x>
      <y>-645.8225822069369</y>
      <steeringAngle>0.0</steeringAngle>
      <velocity>8.0</velocity>
      <orientation>1.4329315</orientation>
      <time>11</time>
    </ksState>
    <ksState>
      <x>-522.2614917969337</x>
      <y>-645.0301728569157</y>
      <steeringAngle>0.0</steeringAngle>
      <velocity>8.0</velocity>
      <orientation>1.4329315</orientation>
      <time>12</time>
    </ksState>
    <ksState>
      <x>-522.1515489845317</x>
      <y>-644.2377635068943</y>
      <steeringAngle>0.0</steeringAngle>
      <velocity>8.0</velocity>
      <orientation>1.4329315</orientation>
      <time>13</time>
    </ksState>
    <ksState>
      <x>-522.0416061721298</x>
      <y>-643.4453541568731</y>
      <steeringAngle>0.0</steeringAngle>
      <velocity>8.0</velocity>
      <orientation>1.4329315</orientation>
      <time>14</time>
    </ksState>
    <ksState>
      <x>-521.9316633597278</x>
      <y>-642.6529448068518</y>
      <steeringAngle>0.0</steeringAngle>
      <velocity>8.0</velocity>
      <orientation>1.4329315</orientation>
      <time>15</time>
    </ksState>
    <ksState>
      <x>-521.8217205473259</x>
      <y>-641.8605354568305</y>
      <steeringAngle>0.0</steeringAngle>
      <velocity>8.0</velocity>
      <orientation>1.4329315</orientation>
      <time>16</time>
    </ksState>
    <ksState>
      <x>-521.711777734924</x>
      <y>-641.0681261068092</y>
      <steeringAngle>0.0</steeringAngle>
      <velocity>8.0</velocity>
      <orientation>1.4329315</orientation>
      <time>17</time>
    </ksState>
    <ksState>
      <x>-521.601834922522</x>
      <y>-640.2757167567879</y>
      <steeringAngle>0.0</steeringAngle>
      <velocity>8.0</velocity>
      <orientation>1.4329315</orientation>
      <time>18</time>
    </ksState>
    <ksState>
      <x>-521.4918921101201</x>
      <y>-639.4833074067667</y>
      <steeringAngle>0.0</steeringAngle>
      <velocity>8.0</velocity>
      <orientation>1.4329315</orientation>
      <time>19</time>
    </ksState>
    <ksState>
      <x>-521.3819492977182</x>
      <y>-638.6908980567454</y>
      <steeringAngle>0.0</steeringAngle>
      <velocity>8.0</velocity>
      <orientation>1.4329315</orientation>
      <time>20</time>
    </ksState>
    <ksState>
      <x>-521.2720064853162</x>
      <y>-637.898488706724</y>
      <steeringAngle>0.0</steeringAngle>
      <velocity>8.0</velocity>
      <orientation>1.4329315</orientation>
      <time>21</time>
    </ksState>
    <ksState>
      <x>-521.1620636729143</x>
      <y>-637.1060793567028</y>
      <steeringAngle>0.0</steeringAngle>
      <velocity>8.0</velocity>
      <orientation>1.4329315</orientation>
      <time>22</time>
    </ksState>
    <ksState>
      <x>-521.0521208605123</x>
      <y>-636.3136700066815</y>
      <steeringAngle>0.0</steeringAngle>
      <velocity>8.0</velocity>
      <orientation>1.4329315</orientation>
      <time>23</time>
    </ksState>
    <ksState>
      <x>-520.9421780481105</x>
      <y>-635.5212606566603</y>
      <steeringAngle>0.0</steeringAngle>
      <velocity>8.0</velocity>
      <orientation>1.4329315</orientation>
      <time>24</time>
    </ksState>
    <ksState>
      <x>-520.8322352357085</x>
      <y>-634.728851306639</y>
      <steeringAngle>0.0</steeringAngle>
      <velocity>8.0</velocity>
      <orientation>1.4329315</orientation>
      <time>25</time>
    </ksState>
    <ksState>
      <x>-520.7222924233065</x>
      <y>-633.9364419566176</y>
      <steeringAngle>0.0</steeringAngle>
      <velocity>8.0</velocity>
      <orientation>1.4329315</orientation>
      <time>26</time>
    </ksState>
    <ksState>
      <x>-520.6123496109046</x>
      <y>-633.1440326065964</y>
      <steeringAngle>0.0</steeringAngle>
      <velocity>8.0</velocity>
      <orientation>1.4329315</orientation>
      <time>27</time>
    </ksState>
    <ksState>
      <x>-520.5024067985026</x>
      <y>-632.3516232565751</y>
      <steeringAngle>0.0</steeringAngle>
      <velocity>8.0</velocity>
      <orientation>1.4329315</orientation>
      <time>28</time>
    </ksState>
    <ksState>
      <x>-520.3924639861008</x>
      <y>-631.5592139065539</y>
      <steeringAngle>0.0</steeringAngle>
      <velocity>8.0</velocity>
      <orientation>1.4329315</orientation>
      <time>29</time>
    </ksState>
    <ksState>
      <x>-520.2825211736988</x>
      <y>-630.7668045565325</y>
      <steeringAngle>0.0</steeringAngle>
      <velocity>8.0</velocity>
      <orientation>1.4329315</orientation>
      <time>30</time>
    </ksState>
    <ksState>
      <x>-520.1695481999566</x>
      <y>-630.0152198136725</y>
      <steeringAngle>-0.03553333333333333</steeringAngle>
      <velocity>7.199999999999999</velocity>
      <orientation>1.4277864870175077</orientation>
      <time>31</time>
    </ksState>
    <ksState>
      <x>-520.0487970726373</x>
      <y>-629.3457529809887</y>
      <steeringAngle>-0.07106666666666664</steeringAngle>
      <velocity>6.400000000000001</velocity>
      <orientation>1.4138098148965446</orientation>
      <time>32</time>
    </ksState>
    <ksState>
      <x>-519.9203526998523</x>
      <y>-628.7589596587824</y>
      <steeringAngle>-0.10659999999999997</steeringAngle>
      <velocity>5.600000000000004</velocity>
      <orientation>1.3931780470306632</orientation>
      <time>33</time>
    </ksState>
  </ksTrajectory>
</CommonRoadSolution>
