<?xml version="1.0" ?>
<CommonRoadSolution benchmark_id="KS2:SM1:DEU_Muehlhausen-1_3_T-1:2020a" computation_time="0.948032487999626" date="2023-01-12T15:00:04">
  <ksTrajectory planningProblem="1">
    <ksState>
      <x>-689.28569</x>
      <y>650.90698</y>
      <steeringAngle>0.0</steeringAngle>
      <velocity>12.0</velocity>
      <orientation>0.016498953</orientation>
      <time>0</time>
    </ksState>
    <ksState>
      <x>-688.1256900004886</x>
      <y>650.9261187854719</y>
      <steeringAngle>0.0</steeringAngle>
      <velocity>11.200000000000001</velocity>
      <orientation>0.016498953</orientation>
      <time>1</time>
    </ksState>
    <ksState>
      <x>-687.045690001428</x>
      <y>650.9439376546965</y>
      <steeringAngle>0.0</steeringAngle>
      <velocity>10.4</velocity>
      <orientation>0.016498953</orientation>
      <time>2</time>
    </ksState>
    <ksState>
      <x>-686.0456900025089</x>
      <y>650.9604366076786</y>
      <steeringAngle>0.0</steeringAngle>
      <velocity>9.599999999999998</velocity>
      <orientation>0.016498953</orientation>
      <time>3</time>
    </ksState>
    <ksState>
      <x>-685.1256900036428</x>
      <y>650.9756156444199</y>
      <steeringAngle>0.0</steeringAngle>
      <velocity>8.799999999999999</velocity>
      <orientation>0.016498953</orientation>
      <time>4</time>
    </ksState>
    <ksState>
      <x>-684.2856900048013</x>
      <y>650.9894747649207</y>
      <steeringAngle>0.0</steeringAngle>
      <velocity>7.999999999999997</velocity>
      <orientation>0.016498953</orientation>
      <time>5</time>
    </ksState>
    <ksState>
      <x>-683.5255687407474</x>
      <y>650.9934027465941</y>
      <steeringAngle>-0.03553333333333333</steeringAngle>
      <velocity>7.199999999999999</velocity>
      <orientation>0.011353940017507676</orientation>
      <time>6</time>
    </ksState>
    <ksState>
      <x>-682.8454039554321</x>
      <y>650.9770183760312</y>
      <steeringAngle>-0.07106666666666664</steeringAngle>
      <velocity>6.400000000000001</velocity>
      <orientation>-0.0026227321034554343</orientation>
      <time>7</time>
    </ksState>
    <ksState>
      <x>-682.2457577172606</x>
      <y>650.9403197054847</y>
      <steeringAngle>-0.10659999999999997</steeringAngle>
      <velocity>5.600000000000004</velocity>
      <orientation>-0.0232544999693368</orientation>
      <time>8</time>
    </ksState>
    <ksState>
      <x>-681.7273023133766</x>
      <y>650.8863036932212</y>
      <steeringAngle>-0.1421333333333333</steeringAngle>
      <velocity>4.800000000000003</velocity>
      <orientation>-0.04837070747798507</orientation>
      <time>9</time>
    </ksState>
    <ksState>
      <x>-681.2905106710535</x>
      <y>650.8202869267976</y>
      <steeringAngle>-0.17766666666666653</steeringAngle>
      <velocity>4.000000000000006</velocity>
      <orientation>-0.07579560406313487</orientation>
      <time>10</time>
    </ksState>
    <ksState>
      <x>-680.935069190678</x>
      <y>650.7530098028238</y>
      <steeringAngle>-0.17766666666666667</steeringAngle>
      <velocity>3.2000000000000006</velocity>
      <orientation>-0.10086104333131246</orientation>
      <time>11</time>
    </ksState>
    <ksState>
      <x>-680.6598462374019</x>
      <y>650.6945365280794</y>
      <steeringAngle>-0.17766666666666667</steeringAngle>
      <velocity>2.4000000000000012</velocity>
      <orientation>-0.12035638496134224</orientation>
      <time>12</time>
    </ksState>
    <ksState>
      <x>-680.4639822415047</x>
      <y>650.649490496418</y>
      <steeringAngle>-0.17766666666666667</steeringAngle>
      <velocity>1.6000000000000005</velocity>
      <orientation>-0.13428162896032322</orientation>
      <time>13</time>
    </ksState>
    <ksState>
      <x>-680.3467716181942</x>
      <y>650.6211552485764</y>
      <steeringAngle>-0.17766666666666667</steeringAngle>
      <velocity>0.8000000000000004</velocity>
      <orientation>-0.14263677533107733</orientation>
      <time>14</time>
    </ksState>
    <ksState>
      <x>-680.3077545274668</x>
      <y>650.6114926532648</y>
      <steeringAngle>-0.17766666666666667</steeringAngle>
      <velocity>2.7755575615628914e-16</velocity>
      <orientation>-0.1454218240772927</orientation>
      <time>15</time>
    </ksState>
    <ksState>
      <x>-680.3077545274668</x>
      <y>650.6114926532648</y>
      <steeringAngle>-0.14213333333333336</steeringAngle>
      <velocity>0.0</velocity>
      <orientation>-0.1454218240772927</orientation>
      <time>16</time>
    </ksState>
    <ksState>
      <x>-680.3077545274668</x>
      <y>650.6114926532648</y>
      <steeringAngle>-0.10660000000000001</steeringAngle>
      <velocity>0.0</velocity>
      <orientation>-0.1454218240772927</orientation>
      <time>17</time>
    </ksState>
    <ksState>
      <x>-680.3077545274668</x>
      <y>650.6114926532648</y>
      <steeringAngle>-0.07106666666666668</steeringAngle>
      <velocity>0.0</velocity>
      <orientation>-0.1454218240772927</orientation>
      <time>18</time>
    </ksState>
    <ksState>
      <x>-680.3077545274668</x>
      <y>650.6114926532648</y>
      <steeringAngle>-0.03553333333333333</steeringAngle>
      <velocity>0.0</velocity>
      <orientation>-0.1454218240772927</orientation>
      <time>19</time>
    </ksState>
    <ksState>
      <x>-680.3077545274668</x>
      <y>650.6114926532648</y>
      <steeringAngle>-0.0</steeringAngle>
      <velocity>0.0</velocity>
      <orientation>-0.1454218240772927</orientation>
      <time>20</time>
    </ksState>
    <ksState>
      <x>-680.2681002020508</x>
      <y>650.606219475626</y>
      <steeringAngle>0.03553333333333333</steeringAngle>
      <velocity>0.8</velocity>
      <orientation>-0.14505429229905073</orientation>
      <time>21</time>
    </ksState>
    <ksState>
      <x>-680.1488157123986</x>
      <y>650.5926362703037</y>
      <steeringAngle>0.0710666666666667</steeringAngle>
      <velocity>1.6</velocity>
      <orientation>-0.14247944570706508</orientation>
      <time>22</time>
    </ksState>
    <ksState>
      <x>-679.9493711183517</x>
      <y>650.5747483908053</y>
      <steeringAngle>0.10660000000000003</steeringAngle>
      <velocity>2.4000000000000004</velocity>
      <orientation>-0.13547874147022787</orientation>
      <time>23</time>
    </ksState>
    <ksState>
      <x>-679.6692041137945</x>
      <y>650.5580214075567</y>
      <steeringAngle>0.14213333333333342</steeringAngle>
      <velocity>3.2000000000000015</velocity>
      <orientation>-0.12181110052940772</orientation>
      <time>24</time>
    </ksState>
    <ksState>
      <x>-679.3078770374518</x>
      <y>650.550140193602</y>
      <steeringAngle>0.17766666666666683</steeringAngle>
      <velocity>4.0000000000000036</velocity>
      <orientation>-0.09920118465618757</orientation>
      <time>25</time>
    </ksState>
    <ksState>
      <x>-678.9458711467263</x>
      <y>650.5583096418604</y>
      <steeringAngle>0.21319999999999997</steeringAngle>
      <velocity>3.2</velocity>
      <orientation>-0.07165963909275294</orientation>
      <time>26</time>
    </ksState>
    <ksState>
      <x>-678.6642385942731</x>
      <y>650.5778494694322</y>
      <steeringAngle>0.24873333333333342</steeringAngle>
      <velocity>2.4000000000000004</velocity>
      <orientation>-0.046221408706103445</orientation>
      <time>27</time>
    </ksState>
    <ksState>
      <x>-678.4633016765947</x>
      <y>650.6006293796062</y>
      <steeringAngle>0.2842666666666668</steeringAngle>
      <velocity>1.600000000000001</velocity>
      <orientation>-0.025146508915523752</orientation>
      <time>28</time>
    </ksState>
    <ksState>
      <x>-678.3429547314959</x>
      <y>650.6189395458322</y>
      <steeringAngle>0.3197999999999999</steeringAngle>
      <velocity>0.8000000000000007</velocity>
      <orientation>-0.010748081614819313</orientation>
      <time>29</time>
    </ksState>
    <ksState>
      <x>-678.3028947144284</x>
      <y>650.626214217956</y>
      <steeringAngle>0.3553333333333332</steeringAngle>
      <velocity>5.551115123125783e-16</velocity>
      <orientation>-0.0054064399790900025</orientation>
      <time>30</time>
    </ksState>
    <ksState>
      <x>-678.3028947144284</x>
      <y>650.626214217956</y>
      <steeringAngle>0.3198</steeringAngle>
      <velocity>0.0</velocity>
      <orientation>-0.0054064399790900025</orientation>
      <time>31</time>
    </ksState>
    <ksState>
      <x>-678.3028947144284</x>
      <y>650.626214217956</y>
      <steeringAngle>0.2842666666666666</steeringAngle>
      <velocity>0.0</velocity>
      <orientation>-0.0054064399790900025</orientation>
      <time>32</time>
    </ksState>
    <ksState>
      <x>-678.3028947144284</x>
      <y>650.626214217956</y>
      <steeringAngle>0.24873333333333333</steeringAngle>
      <velocity>0.0</velocity>
      <orientation>-0.0054064399790900025</orientation>
      <time>33</time>
    </ksState>
  </ksTrajectory>
</CommonRoadSolution>
