<?xml version="1.0" ?>
<CommonRoadSolution benchmark_id="KS2:SM1:DEU_Lohmar-43_1_T-1:2020a" computation_time="62.19627274499999" date="2023-01-12T15:00:04">
  <ksTrajectory planningProblem="123">
    <ksState>
      <x>-107.94712</x>
      <y>271.8913</y>
      <steeringAngle>0.0</steeringAngle>
      <velocity>16.0</velocity>
      <orientation>1.2956823</orientation>
      <time>0</time>
    </ksState>
    <ksState>
      <x>-107.52333558326717</x>
      <y>273.3926349949594</y>
      <steeringAngle>0.0</steeringAngle>
      <velocity>15.2</velocity>
      <orientation>1.2956823</orientation>
      <time>1</time>
    </ksState>
    <ksState>
      <x>-107.1212837008789</x>
      <y>274.8169784511732</y>
      <steeringAngle>0.0</steeringAngle>
      <velocity>14.400000000000002</velocity>
      <orientation>1.2956823</orientation>
      <time>2</time>
    </ksState>
    <ksState>
      <x>-106.74096435273464</x>
      <y>276.16433036899775</y>
      <steeringAngle>0.0</steeringAngle>
      <velocity>13.600000000000001</velocity>
      <orientation>1.2956823</orientation>
      <time>3</time>
    </ksState>
    <ksState>
      <x>-106.38237753880392</x>
      <y>277.4346907485409</y>
      <steeringAngle>0.0</steeringAngle>
      <velocity>12.800000000000004</velocity>
      <orientation>1.2956823</orientation>
      <time>4</time>
    </ksState>
    <ksState>
      <x>-106.04552325907713</x>
      <y>278.6280595898367</y>
      <steeringAngle>0.0</steeringAngle>
      <velocity>12.000000000000002</velocity>
      <orientation>1.2956823</orientation>
      <time>5</time>
    </ksState>
    <ksState>
      <x>-105.7441572211964</x>
      <y>279.7482661247796</y>
      <steeringAngle>0.03553333333333333</steeringAngle>
      <velocity>11.200000000000001</velocity>
      <orientation>1.303583573772344</orientation>
      <time>6</time>
    </ksState>
    <ksState>
      <x>-105.49992959211947</x>
      <y>280.80070219680914</y>
      <steeringAngle>0.07106666666666667</steeringAngle>
      <velocity>10.400000000000007</velocity>
      <orientation>1.325836004570834</orientation>
      <time>7</time>
    </ksState>
    <ksState>
      <x>-105.32078294811237</x>
      <y>281.7856365958377</y>
      <steeringAngle>0.10660000000000001</steeringAngle>
      <velocity>9.60000000000001</velocity>
      <orientation>1.3602840154555056</orientation>
      <time>8</time>
    </ksState>
    <ksState>
      <x>-105.20985025461711</x>
      <y>282.70097166073714</y>
      <steeringAngle>0.14213333333333344</steeringAngle>
      <velocity>8.800000000000008</velocity>
      <orientation>1.4047921475763505</orientation>
      <time>9</time>
    </ksState>
    <ksState>
      <x>-105.16587961767641</x>
      <y>283.54296119555823</y>
      <steeringAngle>0.17766666666666675</steeringAngle>
      <velocity>8.000000000000009</velocity>
      <orientation>1.457234445391332</orientation>
      <time>10</time>
    </ksState>
    <ksState>
      <x>-105.16679411952295</x>
      <y>284.3461045160476</y>
      <steeringAngle>0.14213333333333336</steeringAngle>
      <velocity>8.0</velocity>
      <orientation>1.5072692569400803</orientation>
      <time>11</time>
    </ksState>
    <ksState>
      <x>-105.18736657043948</x>
      <y>285.147742267024</y>
      <steeringAngle>0.1066000000000001</steeringAngle>
      <velocity>8.0</velocity>
      <orientation>1.5460531089470777</orientation>
      <time>12</time>
    </ksState>
    <ksState>
      <x>-105.21867569876089</x>
      <y>285.9481062921841</y>
      <steeringAngle>0.07106666666666674</steeringAngle>
      <velocity>8.0</velocity>
      <orientation>1.5736855879767646</orientation>
      <time>13</time>
    </ksState>
    <ksState>
      <x>-105.25189073774045</x>
      <y>286.74777575522074</y>
      <steeringAngle>0.035533333333333354</steeringAngle>
      <velocity>8.0</velocity>
      <orientation>1.590237108605794</orientation>
      <time>14</time>
    </ksState>
    <ksState>
      <x>-105.2782226349907</x>
      <y>287.54738687100286</y>
      <steeringAngle>2.0816681711721685e-17</steeringAngle>
      <velocity>8.0</velocity>
      <orientation>1.5957496350641989</orientation>
      <time>15</time>
    </ksState>
    <ksState>
      <x>-105.29818320998845</x>
      <y>288.34713781688896</y>
      <steeringAngle>0.0</steeringAngle>
      <velocity>8.0</velocity>
      <orientation>1.5957496350641989</orientation>
      <time>16</time>
    </ksState>
    <ksState>
      <x>-105.3181437849862</x>
      <y>289.1468887627751</y>
      <steeringAngle>0.0</steeringAngle>
      <velocity>8.0</velocity>
      <orientation>1.5957496350641989</orientation>
      <time>17</time>
    </ksState>
    <ksState>
      <x>-105.33810435998394</x>
      <y>289.9466397086612</y>
      <steeringAngle>0.0</steeringAngle>
      <velocity>8.0</velocity>
      <orientation>1.5957496350641989</orientation>
      <time>18</time>
    </ksState>
    <ksState>
      <x>-105.3580649349817</x>
      <y>290.7463906545474</y>
      <steeringAngle>0.0</steeringAngle>
      <velocity>8.0</velocity>
      <orientation>1.5957496350641989</orientation>
      <time>19</time>
    </ksState>
    <ksState>
      <x>-105.37802550997945</x>
      <y>291.5461416004335</y>
      <steeringAngle>0.0</steeringAngle>
      <velocity>8.0</velocity>
      <orientation>1.5957496350641989</orientation>
      <time>20</time>
    </ksState>
    <ksState>
      <x>-105.3979860849772</x>
      <y>292.3458925463196</y>
      <steeringAngle>0.0</steeringAngle>
      <velocity>8.0</velocity>
      <orientation>1.5957496350641989</orientation>
      <time>21</time>
    </ksState>
    <ksState>
      <x>-105.41794665997496</x>
      <y>293.14564349220575</y>
      <steeringAngle>0.0</steeringAngle>
      <velocity>8.0</velocity>
      <orientation>1.5957496350641989</orientation>
      <time>22</time>
    </ksState>
    <ksState>
      <x>-105.4379072349727</x>
      <y>293.94539443809185</y>
      <steeringAngle>0.0</steeringAngle>
      <velocity>8.0</velocity>
      <orientation>1.5957496350641989</orientation>
      <time>23</time>
    </ksState>
    <ksState>
      <x>-105.45786780997045</x>
      <y>294.745145383978</y>
      <steeringAngle>0.0</steeringAngle>
      <velocity>8.0</velocity>
      <orientation>1.5957496350641989</orientation>
      <time>24</time>
    </ksState>
    <ksState>
      <x>-105.4778283849682</x>
      <y>295.5448963298641</y>
      <steeringAngle>0.0</steeringAngle>
      <velocity>8.0</velocity>
      <orientation>1.5957496350641989</orientation>
      <time>25</time>
    </ksState>
    <ksState>
      <x>-105.48847861993889</x>
      <y>296.34485554611587</y>
      <steeringAngle>-0.03553333333333333</steeringAngle>
      <velocity>8.0</velocity>
      <orientation>1.59023710006136</orientation>
      <time>26</time>
    </ksState>
    <ksState>
      <x>-105.47460086518242</x>
      <y>297.1450508235091</y>
      <steeringAngle>-0.07106666666666667</steeringAngle>
      <velocity>8.0</velocity>
      <orientation>1.5736855791810904</orientation>
      <time>27</time>
    </ksState>
    <ksState>
      <x>-105.42729078258013</x>
      <y>297.9445557445115</y>
      <steeringAngle>-0.10659999999999997</steeringAngle>
      <velocity>8.0</velocity>
      <orientation>1.5460530998903956</orientation>
      <time>28</time>
    </ksState>
    <ksState>
      <x>-105.33762070316385</x>
      <y>298.7413247642475</y>
      <steeringAngle>-0.1421333333333333</steeringAngle>
      <velocity>8.0</velocity>
      <orientation>1.5072692476176606</orientation>
      <time>29</time>
    </ksState>
    <ksState>
      <x>-105.19673693500715</x>
      <y>299.53187970902076</y>
      <steeringAngle>-0.17766666666666667</steeringAngle>
      <velocity>8.0</velocity>
      <orientation>1.4572344353685058</orientation>
      <time>30</time>
    </ksState>
    <ksState>
      <x>-105.0149972397461</x>
      <y>300.31419084452034</y>
      <steeringAngle>-0.14213333333333336</steeringAngle>
      <velocity>8.0</velocity>
      <orientation>1.4071996238197575</orientation>
      <time>31</time>
    </ksState>
    <ksState>
      <x>-104.8144434675235</x>
      <y>301.0906085761407</y>
      <steeringAngle>-0.1066000000000001</steeringAngle>
      <velocity>8.0</velocity>
      <orientation>1.36841577181276</orientation>
      <time>32</time>
    </ksState>
    <ksState>
      <x>-104.60371556897661</x>
      <y>301.8633676505363</y>
      <steeringAngle>-0.07106666666666674</steeringAngle>
      <velocity>8.0</velocity>
      <orientation>1.3407832927830732</orientation>
      <time>33</time>
    </ksState>
    <ksState>
      <x>-104.39128710600235</x>
      <y>302.6350208349697</y>
      <steeringAngle>-0.035533333333333354</steeringAngle>
      <velocity>8.0</velocity>
      <orientation>1.3242317721540438</orientation>
      <time>34</time>
    </ksState>
    <ksState>
      <x>-104.18557815088195</x>
      <y>303.40816708961904</y>
      <steeringAngle>-2.0816681711721685e-17</steeringAngle>
      <velocity>8.0</velocity>
      <orientation>1.318719245695639</orientation>
      <time>35</time>
    </ksState>
    <ksState>
      <x>-104.00436694360161</x>
      <y>304.1462761715658</y>
      <steeringAngle>0.03553333333333333</steeringAngle>
      <velocity>7.199999999999999</velocity>
      <orientation>1.3238642586781313</orientation>
      <time>36</time>
    </ksState>
    <ksState>
      <x>-103.86156585869143</x>
      <y>304.8113885868469</y>
      <steeringAngle>0.07106666666666664</steeringAngle>
      <velocity>6.400000000000001</velocity>
      <orientation>1.3378409307990944</orientation>
      <time>37</time>
    </ksState>
    <ksState>
      <x>-103.7573075649403</x>
      <y>305.4029581669219</y>
      <steeringAngle>0.10659999999999997</steeringAngle>
      <velocity>5.600000000000004</velocity>
      <orientation>1.3584726986649758</orientation>
      <time>38</time>
    </ksState>
    <ksState>
      <x>-103.68883477489494</x>
      <y>305.91963171633546</y>
      <steeringAngle>0.1421333333333333</steeringAngle>
      <velocity>4.800000000000003</velocity>
      <orientation>1.383588906173624</orientation>
      <time>39</time>
    </ksState>
    <ksState>
      <x>-103.65108841460017</x>
      <y>306.3597085482019</y>
      <steeringAngle>0.17766666666666653</steeringAngle>
      <velocity>4.000000000000006</velocity>
      <orientation>1.4110138027587737</orientation>
      <time>40</time>
    </ksState>
    <ksState>
      <x>-103.63354543091076</x>
      <y>306.72103541006663</y>
      <steeringAngle>0.17766666666666667</steeringAngle>
      <velocity>3.2000000000000006</velocity>
      <orientation>1.4360792420269513</orientation>
      <time>41</time>
    </ksState>
    <ksState>
      <x>-103.62616518424385</x>
      <y>307.0023045513326</y>
      <steeringAngle>0.17766666666666667</steeringAngle>
      <velocity>2.4000000000000012</velocity>
      <orientation>1.4555745836569811</orientation>
      <time>42</time>
    </ksState>
    <ksState>
      <x>-103.62425135286216</x>
      <y>307.20327267593626</y>
      <steeringAngle>0.17766666666666667</steeringAngle>
      <velocity>1.6000000000000005</velocity>
      <orientation>1.469499827655962</orientation>
      <time>43</time>
    </ksState>
    <ksState>
      <x>-103.62444640170206</x>
      <y>307.32385948468016</y>
      <steeringAngle>0.17766666666666667</steeringAngle>
      <velocity>0.8000000000000004</velocity>
      <orientation>1.4778549740267162</orientation>
      <time>44</time>
    </ksState>
    <ksState>
      <x>-103.62473532067759</x>
      <y>307.3640542062591</y>
      <steeringAngle>0.17766666666666667</steeringAngle>
      <velocity>2.7755575615628914e-16</velocity>
      <orientation>1.4806400227729315</orientation>
      <time>45</time>
    </ksState>
    <ksState>
      <x>-103.62473532067759</x>
      <y>307.3640542062591</y>
      <steeringAngle>0.14213333333333336</steeringAngle>
      <velocity>0.0</velocity>
      <orientation>1.4806400227729315</orientation>
      <time>46</time>
    </ksState>
    <ksState>
      <x>-103.62473532067759</x>
      <y>307.3640542062591</y>
      <steeringAngle>0.10660000000000001</steeringAngle>
      <velocity>0.0</velocity>
      <orientation>1.4806400227729315</orientation>
      <time>47</time>
    </ksState>
    <ksState>
      <x>-103.62473532067759</x>
      <y>307.3640542062591</y>
      <steeringAngle>0.07106666666666668</steeringAngle>
      <velocity>0.0</velocity>
      <orientation>1.4806400227729315</orientation>
      <time>48</time>
    </ksState>
    <ksState>
      <x>-103.62473532067759</x>
      <y>307.3640542062591</y>
      <steeringAngle>0.03553333333333333</steeringAngle>
      <velocity>0.0</velocity>
      <orientation>1.4806400227729315</orientation>
      <time>49</time>
    </ksState>
    <ksState>
      <x>-103.62473532067759</x>
      <y>307.3640542062591</y>
      <steeringAngle>0.0</steeringAngle>
      <velocity>0.0</velocity>
      <orientation>1.4806400227729315</orientation>
      <time>50</time>
    </ksState>
    <ksState>
      <x>-103.62473532067759</x>
      <y>307.3640542062591</y>
      <steeringAngle>0.0</steeringAngle>
      <velocity>0.0</velocity>
      <orientation>1.4806400227729315</orientation>
      <time>51</time>
    </ksState>
    <ksState>
      <x>-103.62473532067759</x>
      <y>307.3640542062591</y>
      <steeringAngle>0.0</steeringAngle>
      <velocity>0.0</velocity>
      <orientation>1.4806400227729315</orientation>
      <time>52</time>
    </ksState>
    <ksState>
      <x>-103.62473532067759</x>
      <y>307.3640542062591</y>
      <steeringAngle>0.0</steeringAngle>
      <velocity>0.0</velocity>
      <orientation>1.4806400227729315</orientation>
      <time>53</time>
    </ksState>
    <ksState>
      <x>-103.62473532067759</x>
      <y>307.3640542062591</y>
      <steeringAngle>0.0</steeringAngle>
      <velocity>0.0</velocity>
      <orientation>1.4806400227729315</orientation>
      <time>54</time>
    </ksState>
    <ksState>
      <x>-103.62473532067759</x>
      <y>307.3640542062591</y>
      <steeringAngle>0.0</steeringAngle>
      <velocity>0.0</velocity>
      <orientation>1.4806400227729315</orientation>
      <time>55</time>
    </ksState>
    <ksState>
      <x>-103.62473532067759</x>
      <y>307.3640542062591</y>
      <steeringAngle>0.03553333333333333</steeringAngle>
      <velocity>0.0</velocity>
      <orientation>1.4806400227729315</orientation>
      <time>56</time>
    </ksState>
    <ksState>
      <x>-103.62473532067759</x>
      <y>307.3640542062591</y>
      <steeringAngle>0.07106666666666667</steeringAngle>
      <velocity>0.0</velocity>
      <orientation>1.4806400227729315</orientation>
      <time>57</time>
    </ksState>
    <ksState>
      <x>-103.62473532067759</x>
      <y>307.3640542062591</y>
      <steeringAngle>0.10660000000000001</steeringAngle>
      <velocity>0.0</velocity>
      <orientation>1.4806400227729315</orientation>
      <time>58</time>
    </ksState>
    <ksState>
      <x>-103.62473532067759</x>
      <y>307.3640542062591</y>
      <steeringAngle>0.14213333333333336</steeringAngle>
      <velocity>0.0</velocity>
      <orientation>1.4806400227729315</orientation>
      <time>59</time>
    </ksState>
    <ksState>
      <x>-103.62473532067759</x>
      <y>307.3640542062591</y>
      <steeringAngle>0.1776666666666667</steeringAngle>
      <velocity>0.0</velocity>
      <orientation>1.4806400227729315</orientation>
      <time>60</time>
    </ksState>
    <ksState>
      <x>-103.62568250960302</x>
      <y>307.4042957240441</y>
      <steeringAngle>0.21319999999999997</steeringAngle>
      <velocity>0.8</velocity>
      <orientation>1.483806256254085</orientation>
      <time>61</time>
    </ksState>
    <ksState>
      <x>-103.63155545254193</x>
      <y>307.5251739817141</y>
      <steeringAngle>0.24873333333333328</steeringAngle>
      <velocity>1.6000000000000005</velocity>
      <orientation>1.494846848564485</orientation>
      <time>62</time>
    </ksState>
    <ksState>
      <x>-103.6486528468787</x>
      <y>307.72671580843297</y>
      <steeringAngle>0.2842666666666665</steeringAngle>
      <velocity>2.400000000000001</velocity>
      <orientation>1.516119169965445</orientation>
      <time>63</time>
    </ksState>
    <ksState>
      <x>-103.68623781610607</x>
      <y>308.0083195799928</y>
      <steeringAngle>0.31979999999999986</steeringAngle>
      <velocity>3.200000000000001</velocity>
      <orientation>1.550051426245141</orientation>
      <time>64</time>
    </ksState>
    <ksState>
      <x>-103.75729913399047</x>
      <y>308.3680153021501</y>
      <steeringAngle>0.3553333333333332</steeringAngle>
      <velocity>4.0</velocity>
      <orientation>1.5991579870331178</orientation>
      <time>65</time>
    </ksState>
    <ksState>
      <x>-103.85040328460515</x>
      <y>308.7234486250298</y>
      <steeringAngle>0.35533333333333333</steeringAngle>
      <velocity>3.2000000000000015</velocity>
      <orientation>1.6509590229662874</orientation>
      <time>66</time>
    </ksState>
    <ksState>
      <x>-103.93546928945986</x>
      <y>308.99628264473694</y>
      <steeringAngle>0.35533333333333333</steeringAngle>
      <velocity>2.4000000000000026</velocity>
      <orientation>1.691248717533432</orientation>
      <time>67</time>
    </ksState>
    <ksState>
      <x>-104.00292543216496</x>
      <y>309.18895635526417</y>
      <steeringAngle>0.35533333333333333</steeringAngle>
      <velocity>1.600000000000003</velocity>
      <orientation>1.7200270707492546</orientation>
      <time>68</time>
    </ksState>
    <ksState>
      <x>-104.04605063974047</x>
      <y>309.30360074565414</y>
      <steeringAngle>0.35533333333333333</steeringAngle>
      <velocity>0.8000000000000022</velocity>
      <orientation>1.7372940826195715</orientation>
      <time>69</time>
    </ksState>
    <ksState>
      <x>-104.06086482597422</x>
      <y>309.34164795544365</y>
      <steeringAngle>0.35533333333333333</steeringAngle>
      <velocity>1.8318679906315083e-15</velocity>
      <orientation>1.7430497531520042</orientation>
      <time>70</time>
    </ksState>
    <ksState>
      <x>-104.06086482597422</x>
      <y>309.34164795544365</y>
      <steeringAngle>0.3198</steeringAngle>
      <velocity>0.0</velocity>
      <orientation>1.7430497531520042</orientation>
      <time>71</time>
    </ksState>
    <ksState>
      <x>-104.06086482597422</x>
      <y>309.34164795544365</y>
      <steeringAngle>0.2842666666666666</steeringAngle>
      <velocity>0.0</velocity>
      <orientation>1.7430497531520042</orientation>
      <time>72</time>
    </ksState>
    <ksState>
      <x>-104.06086482597422</x>
      <y>309.34164795544365</y>
      <steeringAngle>0.24873333333333333</steeringAngle>
      <velocity>0.0</velocity>
      <orientation>1.7430497531520042</orientation>
      <time>73</time>
    </ksState>
    <ksState>
      <x>-104.06086482597422</x>
      <y>309.34164795544365</y>
      <steeringAngle>0.21320000000000003</steeringAngle>
      <velocity>0.0</velocity>
      <orientation>1.7430497531520042</orientation>
      <time>74</time>
    </ksState>
    <ksState>
      <x>-104.06086482597422</x>
      <y>309.34164795544365</y>
      <steeringAngle>0.1776666666666667</steeringAngle>
      <velocity>0.0</velocity>
      <orientation>1.7430497531520042</orientation>
      <time>75</time>
    </ksState>
    <ksState>
      <x>-104.06086482597422</x>
      <y>309.34164795544365</y>
      <steeringAngle>0.14213333333333336</steeringAngle>
      <velocity>0.0</velocity>
      <orientation>1.7430497531520042</orientation>
      <time>76</time>
    </ksState>
    <ksState>
      <x>-104.06086482597422</x>
      <y>309.34164795544365</y>
      <steeringAngle>0.10660000000000001</steeringAngle>
      <velocity>0.0</velocity>
      <orientation>1.7430497531520042</orientation>
      <time>77</time>
    </ksState>
    <ksState>
      <x>-104.06086482597422</x>
      <y>309.34164795544365</y>
      <steeringAngle>0.07106666666666668</steeringAngle>
      <velocity>0.0</velocity>
      <orientation>1.7430497531520042</orientation>
      <time>78</time>
    </ksState>
    <ksState>
      <x>-104.06086482597422</x>
      <y>309.34164795544365</y>
      <steeringAngle>0.03553333333333333</steeringAngle>
      <velocity>0.0</velocity>
      <orientation>1.7430497531520042</orientation>
      <time>79</time>
    </ksState>
    <ksState>
      <x>-104.06086482597422</x>
      <y>309.34164795544365</y>
      <steeringAngle>0.0</steeringAngle>
      <velocity>0.0</velocity>
      <orientation>1.7430497531520042</orientation>
      <time>80</time>
    </ksState>
    <ksState>
      <x>-104.06086482597422</x>
      <y>309.34164795544365</y>
      <steeringAngle>-0.03553333333333333</steeringAngle>
      <velocity>0.0</velocity>
      <orientation>1.7430497531520042</orientation>
      <time>81</time>
    </ksState>
    <ksState>
      <x>-104.06086482597422</x>
      <y>309.34164795544365</y>
      <steeringAngle>-0.07106666666666667</steeringAngle>
      <velocity>0.0</velocity>
      <orientation>1.7430497531520042</orientation>
      <time>82</time>
    </ksState>
    <ksState>
      <x>-104.06086482597422</x>
      <y>309.34164795544365</y>
      <steeringAngle>-0.10660000000000001</steeringAngle>
      <velocity>0.0</velocity>
      <orientation>1.7430497531520042</orientation>
      <time>83</time>
    </ksState>
    <ksState>
      <x>-104.06086482597422</x>
      <y>309.34164795544365</y>
      <steeringAngle>-0.14213333333333336</steeringAngle>
      <velocity>0.0</velocity>
      <orientation>1.7430497531520042</orientation>
      <time>84</time>
    </ksState>
    <ksState>
      <x>-104.06086482597422</x>
      <y>309.34164795544365</y>
      <steeringAngle>-0.1776666666666667</steeringAngle>
      <velocity>0.0</velocity>
      <orientation>1.7430497531520042</orientation>
      <time>85</time>
    </ksState>
    <ksState>
      <x>-104.06086482597422</x>
      <y>309.34164795544365</y>
      <steeringAngle>-0.21319999999999997</steeringAngle>
      <velocity>0.0</velocity>
      <orientation>1.7430497531520042</orientation>
      <time>86</time>
    </ksState>
    <ksState>
      <x>-104.06086482597422</x>
      <y>309.34164795544365</y>
      <steeringAngle>-0.24873333333333336</steeringAngle>
      <velocity>0.0</velocity>
      <orientation>1.7430497531520042</orientation>
      <time>87</time>
    </ksState>
    <ksState>
      <x>-104.06086482597422</x>
      <y>309.34164795544365</y>
      <steeringAngle>-0.28426666666666667</steeringAngle>
      <velocity>0.0</velocity>
      <orientation>1.7430497531520042</orientation>
      <time>88</time>
    </ksState>
    <ksState>
      <x>-104.06086482597422</x>
      <y>309.34164795544365</y>
      <steeringAngle>-0.3198</steeringAngle>
      <velocity>0.0</velocity>
      <orientation>1.7430497531520042</orientation>
      <time>89</time>
    </ksState>
    <ksState>
      <x>-104.06086482597422</x>
      <y>309.34164795544365</y>
      <steeringAngle>-0.35533333333333333</steeringAngle>
      <velocity>0.0</velocity>
      <orientation>1.7430497531520042</orientation>
      <time>90</time>
    </ksState>
    <ksState>
      <x>-104.05893679728202</x>
      <y>309.3825564285842</y>
      <steeringAngle>-0.39086666666666675</steeringAngle>
      <velocity>0.8</velocity>
      <orientation>1.736871777493979</orientation>
      <time>91</time>
    </ksState>
    <ksState>
      <x>-104.04911921055269</x>
      <y>309.50557195716493</y>
      <steeringAngle>-0.4264</steeringAngle>
      <velocity>1.6000000000000005</velocity>
      <orientation>1.7166118050336585</orientation>
      <time>92</time>
    </ksState>
    <ksState>
      <x>-104.02232132967629</x>
      <y>309.7106220857188</y>
      <steeringAngle>-0.46193333333333314</steeringAngle>
      <velocity>2.4</velocity>
      <orientation>1.6795888434140902</orientation>
      <time>93</time>
    </ksState>
    <ksState>
      <x>-103.96468006094545</x>
      <y>309.99614348426917</y>
      <steeringAngle>-0.49746666666666634</steeringAngle>
      <velocity>3.200000000000001</velocity>
      <orientation>1.6229817350169262</orientation>
      <time>94</time>
    </ksState>
    <ksState>
      <x>-103.85680130644279</x>
      <y>310.35743688308537</y>
      <steeringAngle>-0.5329999999999997</steeringAngle>
      <velocity>4.000000000000001</velocity>
      <orientation>1.5438045311442998</orientation>
      <time>95</time>
    </ksState>
    <ksState>
      <x>-103.69212371196112</x>
      <y>310.74608914000834</y>
      <steeringAngle>-0.5685333333333333</steeringAngle>
      <velocity>4.0</velocity>
      <orientation>1.44853189149507</orientation>
      <time>96</time>
    </ksState>
    <ksState>
      <x>-103.47893007604581</x>
      <y>311.1145995136573</y>
      <steeringAngle>-0.6040666666666665</steeringAngle>
      <velocity>4.0</velocity>
      <orientation>1.3454945382766073</orientation>
      <time>97</time>
    </ksState>
    <ksState>
      <x>-103.21647249078576</x>
      <y>311.45497694924325</y>
      <steeringAngle>-0.6396</steeringAngle>
      <velocity>4.0</velocity>
      <orientation>1.2343167555011167</orientation>
      <time>98</time>
    </ksState>
    <ksState>
      <x>-102.90535220152883</x>
      <y>311.75813002882256</y>
      <steeringAngle>-0.6751333333333333</steeringAngle>
      <velocity>4.0</velocity>
      <orientation>1.1145727066211863</orientation>
      <time>99</time>
    </ksState>
    <ksState>
      <x>-102.54794097628472</x>
      <y>312.0139660849634</y>
      <steeringAngle>-0.7106666666666664</steeringAngle>
      <velocity>4.0</velocity>
      <orientation>0.9857787689368755</orientation>
      <time>100</time>
    </ksState>
  </ksTrajectory>
</CommonRoadSolution>
