<?xml version="1.0" ?>
<CommonRoadSolution benchmark_id="KS2:SM1:ESP_SantBoideLlobregat-3_1_T-1:2020a" computation_time="0.7910763320005572" date="2023-01-12T15:00:04">
  <ksTrajectory planningProblem="1">
    <ksState>
      <x>-862.53088</x>
      <y>-468.59544</y>
      <steeringAngle>0.0</steeringAngle>
      <velocity>4.0</velocity>
      <orientation>-2.1092266</orientation>
      <time>0</time>
    </ksState>
    <ksState>
      <x>-862.7522885149203</x>
      <y>-468.97569764813517</y>
      <steeringAngle>0.035533333333333326</steeringAngle>
      <velocity>4.799999999999999</velocity>
      <orientation>-2.106102821330809</orientation>
      <time>1</time>
    </ksState>
    <ksState>
      <x>-863.0020592407841</x>
      <y>-469.43203152793404</y>
      <steeringAngle>0.07106666666666667</steeringAngle>
      <velocity>5.599999999999998</velocity>
      <orientation>-2.0952522102696363</orientation>
      <time>2</time>
    </ksState>
    <ksState>
      <x>-863.2716511117662</x>
      <y>-469.96883653289683</y>
      <steeringAngle>0.10659999999999999</steeringAngle>
      <velocity>6.3999999999999995</velocity>
      <orientation>-2.074435261269308</orientation>
      <time>3</time>
    </ksState>
    <ksState>
      <x>-863.5488405543848</x>
      <y>-470.5914801862228</y>
      <steeringAngle>0.14213333333333333</steeringAngle>
      <velocity>7.199999999999999</velocity>
      <orientation>-2.041375690288143</orientation>
      <time>4</time>
    </ksState>
    <ksState>
      <x>-863.8166777103471</x>
      <y>-471.30579964710824</y>
      <steeringAngle>0.17766666666666664</steeringAngle>
      <velocity>7.9999999999999964</velocity>
      <orientation>-1.9937483682065966</orientation>
      <time>5</time>
    </ksState>
    <ksState>
      <x>-864.0323864588008</x>
      <y>-472.0390514566448</y>
      <steeringAngle>0.21320000000000014</steeringAngle>
      <velocity>7.200000000000003</velocity>
      <orientation>-1.9354990411351038</orientation>
      <time>6</time>
    </ksState>
    <ksState>
      <x>-864.1724195290046</x>
      <y>-472.71009685357467</y>
      <steeringAngle>0.24873333333333347</steeringAngle>
      <velocity>6.400000000000004</velocity>
      <orientation>-1.8735819536493243</orientation>
      <time>7</time>
    </ksState>
    <ksState>
      <x>-864.2465579252041</x>
      <y>-473.31212831830703</y>
      <steeringAngle>0.2842666666666668</steeringAngle>
      <velocity>5.600000000000001</velocity>
      <orientation>-1.8101598108854033</orientation>
      <time>8</time>
    </ksState>
    <ksState>
      <x>-864.26694651971</x>
      <y>-473.8391929931344</y>
      <steeringAngle>0.3198</steeringAngle>
      <velocity>4.800000000000002</velocity>
      <orientation>-1.7474307111434506</orientation>
      <time>9</time>
    </ksState>
    <ksState>
      <x>-864.2473800655999</x>
      <y>-474.2867986842207</y>
      <steeringAngle>0.3553333333333332</steeringAngle>
      <velocity>4.000000000000001</velocity>
      <orientation>-1.687640877095236</orientation>
      <time>10</time>
    </ksState>
    <ksState>
      <x>-864.2006056915887</x>
      <y>-474.7324786714814</y>
      <steeringAngle>0.31979999999999975</steeringAngle>
      <velocity>4.800000000000001</velocity>
      <orientation>-1.6278510420634875</orientation>
      <time>11</time>
    </ksState>
    <ksState>
      <x>-864.1244191922732</x>
      <y>-475.2545226395662</y>
      <steeringAngle>0.28426666666666645</steeringAngle>
      <velocity>5.600000000000004</velocity>
      <orientation>-1.5651219419321638</orientation>
      <time>12</time>
    </ksState>
    <ksState>
      <x>-864.0113999099113</x>
      <y>-475.8506141893605</y>
      <steeringAngle>0.2487333333333331</steeringAngle>
      <velocity>6.400000000000004</velocity>
      <orientation>-1.501699805239488</orientation>
      <time>13</time>
    </ksState>
    <ksState>
      <x>-863.8552938503144</x>
      <y>-476.51825130125366</y>
      <steeringAngle>0.21319999999999992</steeringAngle>
      <velocity>7.200000000000004</velocity>
      <orientation>-1.439782716561689</orientation>
      <time>14</time>
    </ksState>
    <ksState>
      <x>-863.6516451165743</x>
      <y>-477.25509860700686</y>
      <steeringAngle>0.17766666666666656</steeringAngle>
      <velocity>8.000000000000004</velocity>
      <orientation>-1.3815333869607238</orientation>
      <time>15</time>
    </ksState>
    <ksState>
      <x>-863.424058481311</x>
      <y>-477.98336896571146</y>
      <steeringAngle>0.1421333333333334</steeringAngle>
      <velocity>7.2</velocity>
      <orientation>-1.333906065215087</orientation>
      <time>16</time>
    </ksState>
    <ksState>
      <x>-863.2075274984912</x>
      <y>-478.6296930567295</y>
      <steeringAngle>0.10660000000000011</steeringAngle>
      <velocity>6.4</velocity>
      <orientation>-1.300846494767119</orientation>
      <time>17</time>
    </ksState>
    <ksState>
      <x>-863.0126507406154</x>
      <y>-479.19794630650887</y>
      <steeringAngle>0.07106666666666674</steeringAngle>
      <velocity>5.600000000000001</velocity>
      <orientation>-1.2800295464732305</orientation>
      <time>18</time>
    </ksState>
    <ksState>
      <x>-862.8458112681374</x>
      <y>-479.69070366958704</y>
      <steeringAngle>0.03553333333333339</steeringAngle>
      <velocity>4.800000000000001</velocity>
      <orientation>-1.2691789368155675</orientation>
      <time>19</time>
    </ksState>
    <ksState>
      <x>-862.7099932554881</x>
      <y>-480.1092428218892</y>
      <steeringAngle>5.5294310796760726e-17</steeringAngle>
      <velocity>4.0</velocity>
      <orientation>-1.266055160978402</orientation>
      <time>20</time>
    </ksState>
    <ksState>
      <x>-862.5984674430061</x>
      <y>-480.4515474637963</y>
      <steeringAngle>0.03553333333333333</steeringAngle>
      <velocity>3.2</velocity>
      <orientation>-1.2636664125986095</orientation>
      <time>21</time>
    </ksState>
    <ksState>
      <x>-862.5054177826747</x>
      <y>-480.715755476574</y>
      <steeringAngle>0.07106666666666668</steeringAngle>
      <velocity>2.4</velocity>
      <orientation>-1.257965497592813</orientation>
      <time>22</time>
    </ksState>
    <ksState>
      <x>-862.4340470377037</x>
      <y>-480.90283619400805</y>
      <steeringAngle>0.10660000000000003</steeringAngle>
      <velocity>1.5999999999999994</velocity>
      <orientation>-1.2511499638480814</orientation>
      <time>23</time>
    </ksState>
    <ksState>
      <x>-862.388304903041</x>
      <y>-481.01407321982515</y>
      <steeringAngle>0.14213333333333342</steeringAngle>
      <velocity>0.7999999999999988</velocity>
      <orientation>-1.2454257023616018</orientation>
      <time>24</time>
    </ksState>
    <ksState>
      <x>-862.3722301552558</x>
      <y>-481.05086076232055</y>
      <steeringAngle>0.17766666666666675</steeringAngle>
      <velocity>-1.5265566588595902e-15</velocity>
      <orientation>-1.243018207887046</orientation>
      <time>25</time>
    </ksState>
    <ksState>
      <x>-862.3722301552558</x>
      <y>-481.05086076232055</y>
      <steeringAngle>0.14213333333333336</steeringAngle>
      <velocity>0.0</velocity>
      <orientation>-1.243018207887046</orientation>
      <time>26</time>
    </ksState>
    <ksState>
      <x>-862.3722301552558</x>
      <y>-481.05086076232055</y>
      <steeringAngle>0.10660000000000001</steeringAngle>
      <velocity>0.0</velocity>
      <orientation>-1.243018207887046</orientation>
      <time>27</time>
    </ksState>
    <ksState>
      <x>-862.3722301552558</x>
      <y>-481.05086076232055</y>
      <steeringAngle>0.07106666666666668</steeringAngle>
      <velocity>0.0</velocity>
      <orientation>-1.243018207887046</orientation>
      <time>28</time>
    </ksState>
    <ksState>
      <x>-862.3722301552558</x>
      <y>-481.05086076232055</y>
      <steeringAngle>0.03553333333333333</steeringAngle>
      <velocity>0.0</velocity>
      <orientation>-1.243018207887046</orientation>
      <time>29</time>
    </ksState>
    <ksState>
      <x>-862.3722301552558</x>
      <y>-481.05086076232055</y>
      <steeringAngle>0.0</steeringAngle>
      <velocity>0.0</velocity>
      <orientation>-1.243018207887046</orientation>
      <time>30</time>
    </ksState>
    <ksState>
      <x>-862.3722301552558</x>
      <y>-481.05086076232055</y>
      <steeringAngle>0.0</steeringAngle>
      <velocity>0.0</velocity>
      <orientation>-1.243018207887046</orientation>
      <time>31</time>
    </ksState>
    <ksState>
      <x>-862.3722301552558</x>
      <y>-481.05086076232055</y>
      <steeringAngle>0.0</steeringAngle>
      <velocity>0.0</velocity>
      <orientation>-1.243018207887046</orientation>
      <time>32</time>
    </ksState>
    <ksState>
      <x>-862.3722301552558</x>
      <y>-481.05086076232055</y>
      <steeringAngle>0.0</steeringAngle>
      <velocity>0.0</velocity>
      <orientation>-1.243018207887046</orientation>
      <time>33</time>
    </ksState>
  </ksTrajectory>
</CommonRoadSolution>
