<?xml version="1.0" ?>
<CommonRoadSolution benchmark_id="KS2:SM1:ESP_Toledo-6_2_T-1:2020a" computation_time="2.87964927899975" date="2023-01-12T15:00:04">
  <ksTrajectory planningProblem="1">
    <ksState>
      <x>761.32655</x>
      <y>-535.93142</y>
      <steeringAngle>0.0</steeringAngle>
      <velocity>4.0</velocity>
      <orientation>-1.6184905</orientation>
      <time>0</time>
    </ksState>
    <ksState>
      <x>761.3104767636776</x>
      <y>-536.3711463473101</y>
      <steeringAngle>0.035533333333333326</steeringAngle>
      <velocity>4.799999999999999</velocity>
      <orientation>-1.6153667213308092</orientation>
      <time>1</time>
    </ksState>
    <ksState>
      <x>761.3052412937109</x>
      <y>-536.8913372884124</y>
      <steeringAngle>0.07106666666666667</steeringAngle>
      <velocity>5.599999999999998</velocity>
      <orientation>-1.6045161102696364</orientation>
      <time>2</time>
    </ksState>
    <ksState>
      <x>761.3204478967359</x>
      <y>-537.4918438657928</y>
      <steeringAngle>0.10659999999999999</steeringAngle>
      <velocity>6.3999999999999995</velocity>
      <orientation>-1.5836991612693085</orientation>
      <time>3</time>
    </ksState>
    <ksState>
      <x>761.3694071765948</x>
      <y>-538.1716394932001</y>
      <steeringAngle>0.14213333333333333</steeringAngle>
      <velocity>7.199999999999999</velocity>
      <orientation>-1.5506395902881434</orientation>
      <time>4</time>
    </ksState>
    <ksState>
      <x>761.4698195828909</x>
      <y>-538.9278844158115</y>
      <steeringAngle>0.17766666666666664</steeringAngle>
      <velocity>7.9999999999999964</velocity>
      <orientation>-1.5030122682065967</orientation>
      <time>5</time>
    </ksState>
    <ksState>
      <x>761.6251308720789</x>
      <y>-539.6762605804499</y>
      <steeringAngle>0.21320000000000014</steeringAngle>
      <velocity>7.200000000000003</velocity>
      <orientation>-1.444762941135104</orientation>
      <time>6</time>
    </ksState>
    <ksState>
      <x>761.8178707221515</x>
      <y>-540.3341074742524</y>
      <steeringAngle>0.24873333333333347</steeringAngle>
      <velocity>6.400000000000004</velocity>
      <orientation>-1.3828458536493244</orientation>
      <time>7</time>
    </ksState>
    <ksState>
      <x>762.0362042069526</x>
      <y>-540.900030504119</y>
      <steeringAngle>0.2842666666666668</steeringAngle>
      <velocity>5.600000000000001</velocity>
      <orientation>-1.3194237108854034</orientation>
      <time>8</time>
    </ksState>
    <ksState>
      <x>762.2666142823225</x>
      <y>-541.3745029094334</y>
      <steeringAngle>0.3198</steeringAngle>
      <velocity>4.800000000000002</velocity>
      <orientation>-1.2566946111434507</orientation>
      <time>9</time>
    </ksState>
    <ksState>
      <x>762.494817106772</x>
      <y>-541.7600637629087</y>
      <steeringAngle>0.3553333333333332</steeringAngle>
      <velocity>4.000000000000001</velocity>
      <orientation>-1.1969047770952361</orientation>
      <time>10</time>
    </ksState>
    <ksState>
      <x>762.6990169801107</x>
      <y>-542.0646614372781</y>
      <steeringAngle>0.31979999999999975</steeringAngle>
      <velocity>3.2</velocity>
      <orientation>-1.1477982170374479</orientation>
      <time>11</time>
    </ksState>
    <ksState>
      <x>762.8620306847907</x>
      <y>-542.2973819657685</y>
      <steeringAngle>0.2842666666666663</steeringAngle>
      <velocity>2.4000000000000004</velocity>
      <orientation>-1.1138659616712334</orientation>
      <time>12</time>
    </ksState>
    <ksState>
      <x>762.979231409187</x>
      <y>-542.4622496361454</y>
      <steeringAngle>0.24873333333333292</steeringAngle>
      <velocity>1.6000000000000008</velocity>
      <orientation>-1.0925936407242947</orientation>
      <time>13</time>
    </ksState>
    <ksState>
      <x>763.0489610561206</x>
      <y>-542.5611682553312</y>
      <steeringAngle>0.21319999999999967</steeringAngle>
      <velocity>0.8000000000000008</velocity>
      <orientation>-1.0815530499832398</orientation>
      <time>14</time>
    </ksState>
    <ksState>
      <x>763.0717894447165</x>
      <y>-542.5943219721393</y>
      <steeringAngle>0.1776666666666663</steeringAngle>
      <velocity>6.661338147750939e-16</velocity>
      <orientation>-1.0783868124413616</orientation>
      <time>15</time>
    </ksState>
    <ksState>
      <x>763.0717894447165</x>
      <y>-542.5943219721393</y>
      <steeringAngle>0.14213333333333336</steeringAngle>
      <velocity>0.0</velocity>
      <orientation>-1.0783868124413616</orientation>
      <time>16</time>
    </ksState>
    <ksState>
      <x>763.0717894447165</x>
      <y>-542.5943219721393</y>
      <steeringAngle>0.10660000000000001</steeringAngle>
      <velocity>0.0</velocity>
      <orientation>-1.0783868124413616</orientation>
      <time>17</time>
    </ksState>
    <ksState>
      <x>763.0717894447165</x>
      <y>-542.5943219721393</y>
      <steeringAngle>0.07106666666666668</steeringAngle>
      <velocity>0.0</velocity>
      <orientation>-1.0783868124413616</orientation>
      <time>18</time>
    </ksState>
    <ksState>
      <x>763.0717894447165</x>
      <y>-542.5943219721393</y>
      <steeringAngle>0.03553333333333333</steeringAngle>
      <velocity>0.0</velocity>
      <orientation>-1.0783868124413616</orientation>
      <time>19</time>
    </ksState>
    <ksState>
      <x>763.0717894447165</x>
      <y>-542.5943219721393</y>
      <steeringAngle>0.0</steeringAngle>
      <velocity>0.0</velocity>
      <orientation>-1.0783868124413616</orientation>
      <time>20</time>
    </ksState>
    <ksState>
      <x>763.0717894447165</x>
      <y>-542.5943219721393</y>
      <steeringAngle>0.0</steeringAngle>
      <velocity>0.0</velocity>
      <orientation>-1.0783868124413616</orientation>
      <time>21</time>
    </ksState>
    <ksState>
      <x>763.0717894447165</x>
      <y>-542.5943219721393</y>
      <steeringAngle>0.0</steeringAngle>
      <velocity>0.0</velocity>
      <orientation>-1.0783868124413616</orientation>
      <time>22</time>
    </ksState>
    <ksState>
      <x>763.0717894447165</x>
      <y>-542.5943219721393</y>
      <steeringAngle>0.0</steeringAngle>
      <velocity>0.0</velocity>
      <orientation>-1.0783868124413616</orientation>
      <time>23</time>
    </ksState>
    <ksState>
      <x>763.0717894447165</x>
      <y>-542.5943219721393</y>
      <steeringAngle>0.0</steeringAngle>
      <velocity>0.0</velocity>
      <orientation>-1.0783868124413616</orientation>
      <time>24</time>
    </ksState>
    <ksState>
      <x>763.0717894447165</x>
      <y>-542.5943219721393</y>
      <steeringAngle>0.0</steeringAngle>
      <velocity>0.0</velocity>
      <orientation>-1.0783868124413616</orientation>
      <time>25</time>
    </ksState>
    <ksState>
      <x>763.0902334587656</x>
      <y>-542.629819722383</y>
      <steeringAngle>-0.03553333333333333</steeringAngle>
      <velocity>0.8</velocity>
      <orientation>-1.0787543442196035</orientation>
      <time>26</time>
    </ksState>
    <ksState>
      <x>763.1435717913558</x>
      <y>-542.737375825022</y>
      <steeringAngle>-0.0710666666666667</steeringAngle>
      <velocity>1.6</velocity>
      <orientation>-1.0813291908115892</orientation>
      <time>27</time>
    </ksState>
    <ksState>
      <x>763.2282180175208</x>
      <y>-542.918850723351</y>
      <steeringAngle>-0.10660000000000003</steeringAngle>
      <velocity>2.4000000000000004</velocity>
      <orientation>-1.0883298950484264</orientation>
      <time>28</time>
    </ksState>
    <ksState>
      <x>763.3392235288928</x>
      <y>-543.1766318686199</y>
      <steeringAngle>-0.14213333333333342</steeringAngle>
      <velocity>3.2000000000000015</velocity>
      <orientation>-1.1019975359892467</orientation>
      <time>29</time>
    </ksState>
    <ksState>
      <x>763.4695102943517</x>
      <y>-543.5137442065401</y>
      <steeringAngle>-0.17766666666666683</steeringAngle>
      <velocity>4.0000000000000036</velocity>
      <orientation>-1.1246074518624667</orientation>
      <time>30</time>
    </ksState>
    <ksState>
      <x>763.5849338372581</x>
      <y>-543.8569531961481</y>
      <steeringAngle>-0.21319999999999997</steeringAngle>
      <velocity>3.2</velocity>
      <orientation>-1.1521489974259014</orientation>
      <time>31</time>
    </ksState>
    <ksState>
      <x>763.6623323741285</x>
      <y>-544.1284456747791</y>
      <steeringAngle>-0.24873333333333342</steeringAngle>
      <velocity>2.4000000000000004</velocity>
      <orientation>-1.1775872278125508</orientation>
      <time>32</time>
    </ksState>
    <ksState>
      <x>763.7092420448101</x>
      <y>-544.3251537122106</y>
      <steeringAngle>-0.2842666666666668</steeringAngle>
      <velocity>1.600000000000001</velocity>
      <orientation>-1.1986621276031304</orientation>
      <time>33</time>
    </ksState>
  </ksTrajectory>
</CommonRoadSolution>
