<?xml version="1.0" ?>
<CommonRoadSolution benchmark_id="KS2:SM1:DEU_Flensburg-51_1_T-1:2020a" computation_time="62.84832084799972" date="2023-01-12T15:00:04">
  <ksTrajectory planningProblem="123">
    <ksState>
      <x>39.481867</x>
      <y>237.30336</y>
      <steeringAngle>0.0</steeringAngle>
      <velocity>4.0</velocity>
      <orientation>-0.51339154</orientation>
      <time>0</time>
    </ksState>
    <ksState>
      <x>39.83030052750955</x>
      <y>237.10690624740857</y>
      <steeringAngle>0.0</steeringAngle>
      <velocity>4.0</velocity>
      <orientation>-0.51339154</orientation>
      <time>1</time>
    </ksState>
    <ksState>
      <x>40.178734055019106</x>
      <y>236.91045249481715</y>
      <steeringAngle>0.0</steeringAngle>
      <velocity>4.0</velocity>
      <orientation>-0.51339154</orientation>
      <time>2</time>
    </ksState>
    <ksState>
      <x>40.527167582528655</x>
      <y>236.71399874222573</y>
      <steeringAngle>0.0</steeringAngle>
      <velocity>4.0</velocity>
      <orientation>-0.51339154</orientation>
      <time>3</time>
    </ksState>
    <ksState>
      <x>40.87560111003821</x>
      <y>236.51754498963433</y>
      <steeringAngle>0.0</steeringAngle>
      <velocity>4.0</velocity>
      <orientation>-0.51339154</orientation>
      <time>4</time>
    </ksState>
    <ksState>
      <x>41.22403463754776</x>
      <y>236.3210912370429</y>
      <steeringAngle>0.0</steeringAngle>
      <velocity>4.0</velocity>
      <orientation>-0.51339154</orientation>
      <time>5</time>
    </ksState>
    <ksState>
      <x>41.57246816505731</x>
      <y>236.12463748445148</y>
      <steeringAngle>0.0</steeringAngle>
      <velocity>4.0</velocity>
      <orientation>-0.51339154</orientation>
      <time>6</time>
    </ksState>
    <ksState>
      <x>41.920901692566865</x>
      <y>235.92818373186006</y>
      <steeringAngle>0.0</steeringAngle>
      <velocity>4.0</velocity>
      <orientation>-0.51339154</orientation>
      <time>7</time>
    </ksState>
    <ksState>
      <x>42.269335220076414</x>
      <y>235.73172997926864</y>
      <steeringAngle>0.0</steeringAngle>
      <velocity>4.0</velocity>
      <orientation>-0.51339154</orientation>
      <time>8</time>
    </ksState>
    <ksState>
      <x>42.61776874758597</x>
      <y>235.53527622667724</y>
      <steeringAngle>0.0</steeringAngle>
      <velocity>4.0</velocity>
      <orientation>-0.51339154</orientation>
      <time>9</time>
    </ksState>
    <ksState>
      <x>42.96620227509552</x>
      <y>235.33882247408582</y>
      <steeringAngle>0.0</steeringAngle>
      <velocity>4.0</velocity>
      <orientation>-0.51339154</orientation>
      <time>10</time>
    </ksState>
    <ksState>
      <x>43.27979244895893</x>
      <y>235.16201409725826</y>
      <steeringAngle>0.0</steeringAngle>
      <velocity>3.2</velocity>
      <orientation>-0.51339154</orientation>
      <time>11</time>
    </ksState>
    <ksState>
      <x>43.52369591723168</x>
      <y>235.02449647099903</y>
      <steeringAngle>0.0</steeringAngle>
      <velocity>2.4000000000000004</velocity>
      <orientation>-0.51339154</orientation>
      <time>12</time>
    </ksState>
    <ksState>
      <x>43.69791268000251</x>
      <y>234.92626959525808</y>
      <steeringAngle>0.0</steeringAngle>
      <velocity>1.6</velocity>
      <orientation>-0.51339154</orientation>
      <time>13</time>
    </ksState>
    <ksState>
      <x>43.80244273730677</x>
      <y>234.8673334700155</y>
      <steeringAngle>0.0</steeringAngle>
      <velocity>0.7999999999999998</velocity>
      <orientation>-0.51339154</orientation>
      <time>14</time>
    </ksState>
    <ksState>
      <x>43.83728608919059</x>
      <y>234.84768809524527</y>
      <steeringAngle>0.0</steeringAngle>
      <velocity>-3.3306690738754696e-16</velocity>
      <orientation>-0.51339154</orientation>
      <time>15</time>
    </ksState>
    <ksState>
      <x>43.83728608919059</x>
      <y>234.84768809524527</y>
      <steeringAngle>0.0</steeringAngle>
      <velocity>0.0</velocity>
      <orientation>-0.51339154</orientation>
      <time>16</time>
    </ksState>
    <ksState>
      <x>43.83728608919059</x>
      <y>234.84768809524527</y>
      <steeringAngle>0.0</steeringAngle>
      <velocity>0.0</velocity>
      <orientation>-0.51339154</orientation>
      <time>17</time>
    </ksState>
    <ksState>
      <x>43.83728608919059</x>
      <y>234.84768809524527</y>
      <steeringAngle>0.0</steeringAngle>
      <velocity>0.0</velocity>
      <orientation>-0.51339154</orientation>
      <time>18</time>
    </ksState>
    <ksState>
      <x>43.83728608919059</x>
      <y>234.84768809524527</y>
      <steeringAngle>0.0</steeringAngle>
      <velocity>0.0</velocity>
      <orientation>-0.51339154</orientation>
      <time>19</time>
    </ksState>
    <ksState>
      <x>43.83728608919059</x>
      <y>234.84768809524527</y>
      <steeringAngle>0.0</steeringAngle>
      <velocity>0.0</velocity>
      <orientation>-0.51339154</orientation>
      <time>20</time>
    </ksState>
    <ksState>
      <x>43.83728608919059</x>
      <y>234.84768809524527</y>
      <steeringAngle>0.0</steeringAngle>
      <velocity>0.0</velocity>
      <orientation>-0.51339154</orientation>
      <time>21</time>
    </ksState>
    <ksState>
      <x>43.83728608919059</x>
      <y>234.84768809524527</y>
      <steeringAngle>0.0</steeringAngle>
      <velocity>0.0</velocity>
      <orientation>-0.51339154</orientation>
      <time>22</time>
    </ksState>
    <ksState>
      <x>43.83728608919059</x>
      <y>234.84768809524527</y>
      <steeringAngle>0.0</steeringAngle>
      <velocity>0.0</velocity>
      <orientation>-0.51339154</orientation>
      <time>23</time>
    </ksState>
    <ksState>
      <x>43.83728608919059</x>
      <y>234.84768809524527</y>
      <steeringAngle>0.0</steeringAngle>
      <velocity>0.0</velocity>
      <orientation>-0.51339154</orientation>
      <time>24</time>
    </ksState>
    <ksState>
      <x>43.83728608919059</x>
      <y>234.84768809524527</y>
      <steeringAngle>0.0</steeringAngle>
      <velocity>0.0</velocity>
      <orientation>-0.51339154</orientation>
      <time>25</time>
    </ksState>
    <ksState>
      <x>43.83728608919059</x>
      <y>234.84768809524527</y>
      <steeringAngle>0.0</steeringAngle>
      <velocity>0.0</velocity>
      <orientation>-0.51339154</orientation>
      <time>26</time>
    </ksState>
    <ksState>
      <x>43.83728608919059</x>
      <y>234.84768809524527</y>
      <steeringAngle>0.0</steeringAngle>
      <velocity>0.0</velocity>
      <orientation>-0.51339154</orientation>
      <time>27</time>
    </ksState>
    <ksState>
      <x>43.83728608919059</x>
      <y>234.84768809524527</y>
      <steeringAngle>0.0</steeringAngle>
      <velocity>0.0</velocity>
      <orientation>-0.51339154</orientation>
      <time>28</time>
    </ksState>
    <ksState>
      <x>43.83728608919059</x>
      <y>234.84768809524527</y>
      <steeringAngle>0.0</steeringAngle>
      <velocity>0.0</velocity>
      <orientation>-0.51339154</orientation>
      <time>29</time>
    </ksState>
    <ksState>
      <x>43.83728608919059</x>
      <y>234.84768809524527</y>
      <steeringAngle>0.0</steeringAngle>
      <velocity>0.0</velocity>
      <orientation>-0.51339154</orientation>
      <time>30</time>
    </ksState>
    <ksState>
      <x>43.83728608919059</x>
      <y>234.84768809524527</y>
      <steeringAngle>0.0</steeringAngle>
      <velocity>0.0</velocity>
      <orientation>-0.51339154</orientation>
      <time>31</time>
    </ksState>
    <ksState>
      <x>43.83728608919059</x>
      <y>234.84768809524527</y>
      <steeringAngle>0.0</steeringAngle>
      <velocity>0.0</velocity>
      <orientation>-0.51339154</orientation>
      <time>32</time>
    </ksState>
    <ksState>
      <x>43.83728608919059</x>
      <y>234.84768809524527</y>
      <steeringAngle>0.0</steeringAngle>
      <velocity>0.0</velocity>
      <orientation>-0.51339154</orientation>
      <time>33</time>
    </ksState>
    <ksState>
      <x>43.83728608919059</x>
      <y>234.84768809524527</y>
      <steeringAngle>0.0</steeringAngle>
      <velocity>0.0</velocity>
      <orientation>-0.51339154</orientation>
      <time>34</time>
    </ksState>
    <ksState>
      <x>43.83728608919059</x>
      <y>234.84768809524527</y>
      <steeringAngle>0.0</steeringAngle>
      <velocity>0.0</velocity>
      <orientation>-0.51339154</orientation>
      <time>35</time>
    </ksState>
    <ksState>
      <x>43.83728608919059</x>
      <y>234.84768809524527</y>
      <steeringAngle>0.0</steeringAngle>
      <velocity>0.0</velocity>
      <orientation>-0.51339154</orientation>
      <time>36</time>
    </ksState>
    <ksState>
      <x>43.83728608919059</x>
      <y>234.84768809524527</y>
      <steeringAngle>0.0</steeringAngle>
      <velocity>0.0</velocity>
      <orientation>-0.51339154</orientation>
      <time>37</time>
    </ksState>
    <ksState>
      <x>43.83728608919059</x>
      <y>234.84768809524527</y>
      <steeringAngle>0.0</steeringAngle>
      <velocity>0.0</velocity>
      <orientation>-0.51339154</orientation>
      <time>38</time>
    </ksState>
    <ksState>
      <x>43.83728608919059</x>
      <y>234.84768809524527</y>
      <steeringAngle>0.0</steeringAngle>
      <velocity>0.0</velocity>
      <orientation>-0.51339154</orientation>
      <time>39</time>
    </ksState>
    <ksState>
      <x>43.83728608919059</x>
      <y>234.84768809524527</y>
      <steeringAngle>0.0</steeringAngle>
      <velocity>0.0</velocity>
      <orientation>-0.51339154</orientation>
      <time>40</time>
    </ksState>
    <ksState>
      <x>43.83728608919059</x>
      <y>234.84768809524527</y>
      <steeringAngle>0.0</steeringAngle>
      <velocity>0.0</velocity>
      <orientation>-0.51339154</orientation>
      <time>41</time>
    </ksState>
    <ksState>
      <x>43.83728608919059</x>
      <y>234.84768809524527</y>
      <steeringAngle>0.0</steeringAngle>
      <velocity>0.0</velocity>
      <orientation>-0.51339154</orientation>
      <time>42</time>
    </ksState>
    <ksState>
      <x>43.83728608919059</x>
      <y>234.84768809524527</y>
      <steeringAngle>0.0</steeringAngle>
      <velocity>0.0</velocity>
      <orientation>-0.51339154</orientation>
      <time>43</time>
    </ksState>
    <ksState>
      <x>43.83728608919059</x>
      <y>234.84768809524527</y>
      <steeringAngle>0.0</steeringAngle>
      <velocity>0.0</velocity>
      <orientation>-0.51339154</orientation>
      <time>44</time>
    </ksState>
    <ksState>
      <x>43.83728608919059</x>
      <y>234.84768809524527</y>
      <steeringAngle>0.0</steeringAngle>
      <velocity>0.0</velocity>
      <orientation>-0.51339154</orientation>
      <time>45</time>
    </ksState>
    <ksState>
      <x>43.83728608919059</x>
      <y>234.84768809524527</y>
      <steeringAngle>0.0</steeringAngle>
      <velocity>0.0</velocity>
      <orientation>-0.51339154</orientation>
      <time>46</time>
    </ksState>
    <ksState>
      <x>43.83728608919059</x>
      <y>234.84768809524527</y>
      <steeringAngle>0.0</steeringAngle>
      <velocity>0.0</velocity>
      <orientation>-0.51339154</orientation>
      <time>47</time>
    </ksState>
    <ksState>
      <x>43.83728608919059</x>
      <y>234.84768809524527</y>
      <steeringAngle>0.0</steeringAngle>
      <velocity>0.0</velocity>
      <orientation>-0.51339154</orientation>
      <time>48</time>
    </ksState>
    <ksState>
      <x>43.83728608919059</x>
      <y>234.84768809524527</y>
      <steeringAngle>0.0</steeringAngle>
      <velocity>0.0</velocity>
      <orientation>-0.51339154</orientation>
      <time>49</time>
    </ksState>
    <ksState>
      <x>43.83728608919059</x>
      <y>234.84768809524527</y>
      <steeringAngle>0.0</steeringAngle>
      <velocity>0.0</velocity>
      <orientation>-0.51339154</orientation>
      <time>50</time>
    </ksState>
    <ksState>
      <x>43.83728608919059</x>
      <y>234.84768809524527</y>
      <steeringAngle>0.0</steeringAngle>
      <velocity>0.0</velocity>
      <orientation>-0.51339154</orientation>
      <time>51</time>
    </ksState>
    <ksState>
      <x>43.83728608919059</x>
      <y>234.84768809524527</y>
      <steeringAngle>0.0</steeringAngle>
      <velocity>0.0</velocity>
      <orientation>-0.51339154</orientation>
      <time>52</time>
    </ksState>
    <ksState>
      <x>43.83728608919059</x>
      <y>234.84768809524527</y>
      <steeringAngle>0.0</steeringAngle>
      <velocity>0.0</velocity>
      <orientation>-0.51339154</orientation>
      <time>53</time>
    </ksState>
    <ksState>
      <x>43.83728608919059</x>
      <y>234.84768809524527</y>
      <steeringAngle>0.0</steeringAngle>
      <velocity>0.0</velocity>
      <orientation>-0.51339154</orientation>
      <time>54</time>
    </ksState>
    <ksState>
      <x>43.83728608919059</x>
      <y>234.84768809524527</y>
      <steeringAngle>0.0</steeringAngle>
      <velocity>0.0</velocity>
      <orientation>-0.51339154</orientation>
      <time>55</time>
    </ksState>
    <ksState>
      <x>43.83728608919059</x>
      <y>234.84768809524527</y>
      <steeringAngle>0.0</steeringAngle>
      <velocity>0.0</velocity>
      <orientation>-0.51339154</orientation>
      <time>56</time>
    </ksState>
    <ksState>
      <x>43.83728608919059</x>
      <y>234.84768809524527</y>
      <steeringAngle>0.0</steeringAngle>
      <velocity>0.0</velocity>
      <orientation>-0.51339154</orientation>
      <time>57</time>
    </ksState>
    <ksState>
      <x>43.83728608919059</x>
      <y>234.84768809524527</y>
      <steeringAngle>0.0</steeringAngle>
      <velocity>0.0</velocity>
      <orientation>-0.51339154</orientation>
      <time>58</time>
    </ksState>
    <ksState>
      <x>43.83728608919059</x>
      <y>234.84768809524527</y>
      <steeringAngle>0.0</steeringAngle>
      <velocity>0.0</velocity>
      <orientation>-0.51339154</orientation>
      <time>59</time>
    </ksState>
    <ksState>
      <x>43.83728608919059</x>
      <y>234.84768809524527</y>
      <steeringAngle>0.0</steeringAngle>
      <velocity>0.0</velocity>
      <orientation>-0.51339154</orientation>
      <time>60</time>
    </ksState>
    <ksState>
      <x>43.83728608919059</x>
      <y>234.84768809524527</y>
      <steeringAngle>0.0</steeringAngle>
      <velocity>0.0</velocity>
      <orientation>-0.51339154</orientation>
      <time>61</time>
    </ksState>
    <ksState>
      <x>43.83728608919059</x>
      <y>234.84768809524527</y>
      <steeringAngle>0.0</steeringAngle>
      <velocity>0.0</velocity>
      <orientation>-0.51339154</orientation>
      <time>62</time>
    </ksState>
    <ksState>
      <x>43.83728608919059</x>
      <y>234.84768809524527</y>
      <steeringAngle>0.0</steeringAngle>
      <velocity>0.0</velocity>
      <orientation>-0.51339154</orientation>
      <time>63</time>
    </ksState>
    <ksState>
      <x>43.83728608919059</x>
      <y>234.84768809524527</y>
      <steeringAngle>0.0</steeringAngle>
      <velocity>0.0</velocity>
      <orientation>-0.51339154</orientation>
      <time>64</time>
    </ksState>
    <ksState>
      <x>43.83728608919059</x>
      <y>234.84768809524527</y>
      <steeringAngle>0.0</steeringAngle>
      <velocity>0.0</velocity>
      <orientation>-0.51339154</orientation>
      <time>65</time>
    </ksState>
    <ksState>
      <x>43.83728608919059</x>
      <y>234.84768809524527</y>
      <steeringAngle>0.0</steeringAngle>
      <velocity>0.0</velocity>
      <orientation>-0.51339154</orientation>
      <time>66</time>
    </ksState>
    <ksState>
      <x>43.83728608919059</x>
      <y>234.84768809524527</y>
      <steeringAngle>0.0</steeringAngle>
      <velocity>0.0</velocity>
      <orientation>-0.51339154</orientation>
      <time>67</time>
    </ksState>
    <ksState>
      <x>43.83728608919059</x>
      <y>234.84768809524527</y>
      <steeringAngle>0.0</steeringAngle>
      <velocity>0.0</velocity>
      <orientation>-0.51339154</orientation>
      <time>68</time>
    </ksState>
    <ksState>
      <x>43.83728608919059</x>
      <y>234.84768809524527</y>
      <steeringAngle>0.0</steeringAngle>
      <velocity>0.0</velocity>
      <orientation>-0.51339154</orientation>
      <time>69</time>
    </ksState>
    <ksState>
      <x>43.83728608919059</x>
      <y>234.84768809524527</y>
      <steeringAngle>0.0</steeringAngle>
      <velocity>0.0</velocity>
      <orientation>-0.51339154</orientation>
      <time>70</time>
    </ksState>
    <ksState>
      <x>43.83728608919059</x>
      <y>234.84768809524527</y>
      <steeringAngle>0.0</steeringAngle>
      <velocity>0.0</velocity>
      <orientation>-0.51339154</orientation>
      <time>71</time>
    </ksState>
    <ksState>
      <x>43.83728608919059</x>
      <y>234.84768809524527</y>
      <steeringAngle>0.0</steeringAngle>
      <velocity>0.0</velocity>
      <orientation>-0.51339154</orientation>
      <time>72</time>
    </ksState>
    <ksState>
      <x>43.83728608919059</x>
      <y>234.84768809524527</y>
      <steeringAngle>0.0</steeringAngle>
      <velocity>0.0</velocity>
      <orientation>-0.51339154</orientation>
      <time>73</time>
    </ksState>
    <ksState>
      <x>43.83728608919059</x>
      <y>234.84768809524527</y>
      <steeringAngle>0.0</steeringAngle>
      <velocity>0.0</velocity>
      <orientation>-0.51339154</orientation>
      <time>74</time>
    </ksState>
    <ksState>
      <x>43.83728608919059</x>
      <y>234.84768809524527</y>
      <steeringAngle>0.0</steeringAngle>
      <velocity>0.0</velocity>
      <orientation>-0.51339154</orientation>
      <time>75</time>
    </ksState>
    <ksState>
      <x>43.83728608919059</x>
      <y>234.84768809524527</y>
      <steeringAngle>0.0</steeringAngle>
      <velocity>0.0</velocity>
      <orientation>-0.51339154</orientation>
      <time>76</time>
    </ksState>
    <ksState>
      <x>43.83728608919059</x>
      <y>234.84768809524527</y>
      <steeringAngle>0.0</steeringAngle>
      <velocity>0.0</velocity>
      <orientation>-0.51339154</orientation>
      <time>77</time>
    </ksState>
    <ksState>
      <x>43.83728608919059</x>
      <y>234.84768809524527</y>
      <steeringAngle>0.0</steeringAngle>
      <velocity>0.0</velocity>
      <orientation>-0.51339154</orientation>
      <time>78</time>
    </ksState>
    <ksState>
      <x>43.83728608919059</x>
      <y>234.84768809524527</y>
      <steeringAngle>0.0</steeringAngle>
      <velocity>0.0</velocity>
      <orientation>-0.51339154</orientation>
      <time>79</time>
    </ksState>
    <ksState>
      <x>43.83728608919059</x>
      <y>234.84768809524527</y>
      <steeringAngle>0.0</steeringAngle>
      <velocity>0.0</velocity>
      <orientation>-0.51339154</orientation>
      <time>80</time>
    </ksState>
    <ksState>
      <x>43.83728608919059</x>
      <y>234.84768809524527</y>
      <steeringAngle>0.0</steeringAngle>
      <velocity>0.0</velocity>
      <orientation>-0.51339154</orientation>
      <time>81</time>
    </ksState>
    <ksState>
      <x>43.83728608919059</x>
      <y>234.84768809524527</y>
      <steeringAngle>0.0</steeringAngle>
      <velocity>0.0</velocity>
      <orientation>-0.51339154</orientation>
      <time>82</time>
    </ksState>
    <ksState>
      <x>43.83728608919059</x>
      <y>234.84768809524527</y>
      <steeringAngle>0.0</steeringAngle>
      <velocity>0.0</velocity>
      <orientation>-0.51339154</orientation>
      <time>83</time>
    </ksState>
    <ksState>
      <x>43.83728608919059</x>
      <y>234.84768809524527</y>
      <steeringAngle>0.0</steeringAngle>
      <velocity>0.0</velocity>
      <orientation>-0.51339154</orientation>
      <time>84</time>
    </ksState>
    <ksState>
      <x>43.83728608919059</x>
      <y>234.84768809524527</y>
      <steeringAngle>0.0</steeringAngle>
      <velocity>0.0</velocity>
      <orientation>-0.51339154</orientation>
      <time>85</time>
    </ksState>
    <ksState>
      <x>43.83728608919059</x>
      <y>234.84768809524527</y>
      <steeringAngle>0.0</steeringAngle>
      <velocity>0.0</velocity>
      <orientation>-0.51339154</orientation>
      <time>86</time>
    </ksState>
    <ksState>
      <x>43.83728608919059</x>
      <y>234.84768809524527</y>
      <steeringAngle>0.0</steeringAngle>
      <velocity>0.0</velocity>
      <orientation>-0.51339154</orientation>
      <time>87</time>
    </ksState>
    <ksState>
      <x>43.83728608919059</x>
      <y>234.84768809524527</y>
      <steeringAngle>0.0</steeringAngle>
      <velocity>0.0</velocity>
      <orientation>-0.51339154</orientation>
      <time>88</time>
    </ksState>
    <ksState>
      <x>43.83728608919059</x>
      <y>234.84768809524527</y>
      <steeringAngle>0.0</steeringAngle>
      <velocity>0.0</velocity>
      <orientation>-0.51339154</orientation>
      <time>89</time>
    </ksState>
    <ksState>
      <x>43.83728608919059</x>
      <y>234.84768809524527</y>
      <steeringAngle>0.0</steeringAngle>
      <velocity>0.0</velocity>
      <orientation>-0.51339154</orientation>
      <time>90</time>
    </ksState>
    <ksState>
      <x>43.83728608919059</x>
      <y>234.84768809524527</y>
      <steeringAngle>0.0</steeringAngle>
      <velocity>0.0</velocity>
      <orientation>-0.51339154</orientation>
      <time>91</time>
    </ksState>
    <ksState>
      <x>43.83728608919059</x>
      <y>234.84768809524527</y>
      <steeringAngle>0.0</steeringAngle>
      <velocity>0.0</velocity>
      <orientation>-0.51339154</orientation>
      <time>92</time>
    </ksState>
    <ksState>
      <x>43.83728608919059</x>
      <y>234.84768809524527</y>
      <steeringAngle>0.0</steeringAngle>
      <velocity>0.0</velocity>
      <orientation>-0.51339154</orientation>
      <time>93</time>
    </ksState>
    <ksState>
      <x>43.83728608919059</x>
      <y>234.84768809524527</y>
      <steeringAngle>0.0</steeringAngle>
      <velocity>0.0</velocity>
      <orientation>-0.51339154</orientation>
      <time>94</time>
    </ksState>
    <ksState>
      <x>43.83728608919059</x>
      <y>234.84768809524527</y>
      <steeringAngle>0.0</steeringAngle>
      <velocity>0.0</velocity>
      <orientation>-0.51339154</orientation>
      <time>95</time>
    </ksState>
    <ksState>
      <x>43.83728608919059</x>
      <y>234.84768809524527</y>
      <steeringAngle>0.0</steeringAngle>
      <velocity>0.0</velocity>
      <orientation>-0.51339154</orientation>
      <time>96</time>
    </ksState>
    <ksState>
      <x>43.83728608919059</x>
      <y>234.84768809524527</y>
      <steeringAngle>0.0</steeringAngle>
      <velocity>0.0</velocity>
      <orientation>-0.51339154</orientation>
      <time>97</time>
    </ksState>
    <ksState>
      <x>43.83728608919059</x>
      <y>234.84768809524527</y>
      <steeringAngle>0.0</steeringAngle>
      <velocity>0.0</velocity>
      <orientation>-0.51339154</orientation>
      <time>98</time>
    </ksState>
    <ksState>
      <x>43.83728608919059</x>
      <y>234.84768809524527</y>
      <steeringAngle>0.0</steeringAngle>
      <velocity>0.0</velocity>
      <orientation>-0.51339154</orientation>
      <time>99</time>
    </ksState>
  </ksTrajectory>
</CommonRoadSolution>
