<?xml version="1.0" ?>
<CommonRoadSolution benchmark_id="KS2:SM1:DEU_Guetersloh-24_3_T-1:2020a" computation_time="1.2547674069992354" date="2023-01-12T15:00:04">
  <ksTrajectory planningProblem="1">
    <ksState>
      <x>424.97436</x>
      <y>-381.76597</y>
      <steeringAngle>0.0</steeringAngle>
      <velocity>0.0</velocity>
      <orientation>-0.083753866</orientation>
      <time>0</time>
    </ksState>
    <ksState>
      <x>425.0142639278831</x>
      <y>-381.7687893024139</y>
      <steeringAngle>0.03553333333333333</steeringAngle>
      <velocity>0.8</velocity>
      <orientation>-0.08338633422175802</orientation>
      <time>1</time>
    </ksState>
    <ksState>
      <x>425.13415879142053</x>
      <y>-381.77499531850975</y>
      <steeringAngle>0.0710666666666667</steeringAngle>
      <velocity>1.6</velocity>
      <orientation>-0.08081148762977237</orientation>
      <time>2</time>
    </ksState>
    <ksState>
      <x>425.33432667797877</x>
      <y>-381.78055764880264</y>
      <steeringAngle>0.10660000000000003</steeringAngle>
      <velocity>2.4000000000000004</velocity>
      <orientation>-0.07381078339293516</orientation>
      <time>3</time>
    </ksState>
    <ksState>
      <x>425.6149919878267</x>
      <y>-381.77998645788824</y>
      <steeringAngle>0.14213333333333342</steeringAngle>
      <velocity>3.2000000000000015</velocity>
      <orientation>-0.06014314245211501</orientation>
      <time>4</time>
    </ksState>
    <ksState>
      <x>425.9761179401937</x>
      <y>-381.76558450806255</y>
      <steeringAngle>0.17766666666666683</steeringAngle>
      <velocity>4.0000000000000036</velocity>
      <orientation>-0.03753322657889486</orientation>
      <time>5</time>
    </ksState>
    <ksState>
      <x>426.33708753871827</x>
      <y>-381.7427175556565</y>
      <steeringAngle>0.1421333333333333</steeringAngle>
      <velocity>3.1999999999999993</velocity>
      <orientation>-0.014923311605452544</orientation>
      <time>6</time>
    </ksState>
    <ksState>
      <x>426.6174313943309</x>
      <y>-381.725443687335</y>
      <steeringAngle>0.10659999999999997</steeringAngle>
      <velocity>2.3999999999999977</velocity>
      <orientation>-0.0012556707347452026</orientation>
      <time>7</time>
    </ksState>
    <ksState>
      <x>426.8175488275948</x>
      <y>-381.7149849616464</y>
      <steeringAngle>0.07106666666666664</steeringAngle>
      <velocity>1.5999999999999976</velocity>
      <orientation>0.0057450351184739346</orientation>
      <time>8</time>
    </ksState>
    <ksState>
      <x>426.93760442601007</x>
      <y>-381.71045895396367</y>
      <steeringAngle>0.0355333333333333</steeringAngle>
      <velocity>0.7999999999999972</velocity>
      <orientation>0.008319879592441203</orientation>
      <time>9</time>
    </ksState>
    <ksState>
      <x>426.97762667775146</x>
      <y>-381.70959355640963</y>
      <steeringAngle>-2.5153490401663703e-17</steeringAngle>
      <velocity>-2.914335439641036e-15</velocity>
      <orientation>0.008687391170972406</orientation>
      <time>10</time>
    </ksState>
    <ksState>
      <x>427.01763117538474</x>
      <y>-381.7097748242464</y>
      <steeringAngle>-0.03553333333333333</steeringAngle>
      <velocity>0.8</velocity>
      <orientation>0.008319859392730434</orientation>
      <time>11</time>
    </ksState>
    <ksState>
      <x>427.13765834978346</x>
      <y>-381.71257791367964</y>
      <steeringAngle>-0.0710666666666667</steeringAngle>
      <velocity>1.6</velocity>
      <orientation>0.005745012800744788</orientation>
      <time>12</time>
    </ksState>
    <ksState>
      <x>427.33768723003817</x>
      <y>-381.7220430626949</y>
      <steeringAngle>-0.10660000000000003</steeringAngle>
      <velocity>2.4000000000000004</velocity>
      <orientation>-0.001255691436092424</orientation>
      <time>13</time>
    </ksState>
    <ksState>
      <x>427.61752986785586</x>
      <y>-381.74366156245753</y>
      <steeringAngle>-0.14213333333333342</steeringAngle>
      <velocity>3.2000000000000015</velocity>
      <orientation>-0.014923332376912582</orientation>
      <time>14</time>
    </ksState>
    <ksState>
      <x>427.9765723190249</x>
      <y>-381.78510638330874</y>
      <steeringAngle>-0.17766666666666683</steeringAngle>
      <velocity>4.0000000000000036</velocity>
      <orientation>-0.03753324825013273</orientation>
      <time>15</time>
    </ksState>
    <ksState>
      <x>428.33458067775575</x>
      <y>-381.83874390533225</y>
      <steeringAngle>-0.17766666666666667</steeringAngle>
      <velocity>3.2000000000000006</velocity>
      <orientation>-0.06259868751831033</orientation>
      <time>16</time>
    </ksState>
    <ksState>
      <x>428.6120359633213</x>
      <y>-381.88665560285403</y>
      <steeringAngle>-0.17766666666666667</steeringAngle>
      <velocity>2.4000000000000012</velocity>
      <orientation>-0.0820940291483401</orientation>
      <time>17</time>
    </ksState>
    <ksState>
      <x>428.8096203293741</x>
      <y>-381.9241852894612</y>
      <steeringAngle>-0.17766666666666667</steeringAngle>
      <velocity>1.6000000000000005</velocity>
      <orientation>-0.09601927314732107</orientation>
      <time>18</time>
    </ksState>
    <ksState>
      <x>428.92791335574566</x>
      <y>-381.9480224858229</y>
      <steeringAngle>-0.17766666666666667</steeringAngle>
      <velocity>0.8000000000000004</velocity>
      <orientation>-0.10437441951807519</orientation>
      <time>19</time>
    </ksState>
    <ksState>
      <x>428.96729959473805</x>
      <y>-381.9561877597945</y>
      <steeringAngle>-0.17766666666666667</steeringAngle>
      <velocity>2.7755575615628914e-16</velocity>
      <orientation>-0.10715946826429054</orientation>
      <time>20</time>
    </ksState>
    <ksState>
      <x>428.96729959473805</x>
      <y>-381.9561877597945</y>
      <steeringAngle>-0.14213333333333336</steeringAngle>
      <velocity>0.0</velocity>
      <orientation>-0.10715946826429054</orientation>
      <time>21</time>
    </ksState>
    <ksState>
      <x>428.96729959473805</x>
      <y>-381.9561877597945</y>
      <steeringAngle>-0.10660000000000001</steeringAngle>
      <velocity>0.0</velocity>
      <orientation>-0.10715946826429054</orientation>
      <time>22</time>
    </ksState>
    <ksState>
      <x>428.96729959473805</x>
      <y>-381.9561877597945</y>
      <steeringAngle>-0.07106666666666668</steeringAngle>
      <velocity>0.0</velocity>
      <orientation>-0.10715946826429054</orientation>
      <time>23</time>
    </ksState>
    <ksState>
      <x>428.96729959473805</x>
      <y>-381.9561877597945</y>
      <steeringAngle>-0.03553333333333333</steeringAngle>
      <velocity>0.0</velocity>
      <orientation>-0.10715946826429054</orientation>
      <time>24</time>
    </ksState>
    <ksState>
      <x>428.96729959473805</x>
      <y>-381.9561877597945</y>
      <steeringAngle>-0.0</steeringAngle>
      <velocity>0.0</velocity>
      <orientation>-0.10715946826429054</orientation>
      <time>25</time>
    </ksState>
    <ksState>
      <x>429.0071266115448</x>
      <y>-381.9599401801971</y>
      <steeringAngle>0.03553333333333333</steeringAngle>
      <velocity>0.8</velocity>
      <orientation>-0.10679193648604857</orientation>
      <time>26</time>
    </ksState>
    <ksState>
      <x>429.12684339376403</x>
      <y>-381.96895045175285</y>
      <steeringAngle>0.0710666666666667</steeringAngle>
      <velocity>1.6</velocity>
      <orientation>-0.10421708989406292</orientation>
      <time>27</time>
    </ksState>
    <ksState>
      <x>429.32682627681345</x>
      <y>-381.9791958807194</y>
      <steeringAngle>0.10660000000000003</steeringAngle>
      <velocity>2.4000000000000004</velocity>
      <orientation>-0.0972163856572257</orientation>
      <time>28</time>
    </ksState>
    <ksState>
      <x>429.60742808067147</x>
      <y>-381.98519338709457</y>
      <steeringAngle>0.14213333333333342</steeringAngle>
      <velocity>3.2000000000000015</velocity>
      <orientation>-0.08354874471640555</orientation>
      <time>29</time>
    </ksState>
    <ksState>
      <x>429.96879217667725</x>
      <y>-381.97924698063974</y>
      <steeringAngle>0.17766666666666683</steeringAngle>
      <velocity>4.0000000000000036</velocity>
      <orientation>-0.060938828843185404</orientation>
      <time>30</time>
    </ksState>
    <ksState>
      <x>430.32994458781394</x>
      <y>-381.9648280983345</y>
      <steeringAngle>0.1421333333333333</steeringAngle>
      <velocity>3.1999999999999993</velocity>
      <orientation>-0.03832891386974309</orientation>
      <time>31</time>
    </ksState>
    <ksState>
      <x>430.61041871496616</x>
      <y>-381.95411876661495</y>
      <steeringAngle>0.10659999999999997</steeringAngle>
      <velocity>2.3999999999999977</velocity>
      <orientation>-0.024661272999035748</orientation>
      <time>32</time>
    </ksState>
    <ksState>
      <x>430.81058523944057</x>
      <y>-381.94834692325344</y>
      <steeringAngle>0.07106666666666664</steeringAngle>
      <velocity>1.5999999999999976</velocity>
      <orientation>-0.01766056714581661</orientation>
      <time>33</time>
    </ksState>
  </ksTrajectory>
</CommonRoadSolution>
