<?xml version="1.0" ?>
<CommonRoadSolution benchmark_id="KS2:SM1:DEU_Ibbenbueren-2_2_T-1:2020a" computation_time="1.1280300230000648" date="2023-01-12T15:00:04">
  <ksTrajectory planningProblem="1">
    <ksState>
      <x>464.65587</x>
      <y>809.5352</y>
      <steeringAngle>0.0</steeringAngle>
      <velocity>8.0</velocity>
      <orientation>-2.3421255</orientation>
      <time>0</time>
    </ksState>
    <ksState>
      <x>464.1048927344063</x>
      <y>808.9551377378507</y>
      <steeringAngle>0.03553333333333333</steeringAngle>
      <velocity>8.0</velocity>
      <orientation>-2.336612964997161</orientation>
      <time>1</time>
    </ksState>
    <ksState>
      <x>463.5717625192254</x>
      <y>808.3582480933595</y>
      <steeringAngle>0.07106666666666667</steeringAngle>
      <velocity>8.0</velocity>
      <orientation>-2.3200614441168916</orientation>
      <time>2</time>
    </ksState>
    <ksState>
      <x>463.06364553488754</x>
      <y>807.7391653098399</y>
      <steeringAngle>0.10659999999999997</steeringAngle>
      <velocity>8.0</velocity>
      <orientation>-2.2924289648261964</orientation>
      <time>3</time>
    </ksState>
    <ksState>
      <x>462.5884849582061</x>
      <y>807.0933294016393</y>
      <steeringAngle>0.1421333333333333</steeringAngle>
      <velocity>8.0</velocity>
      <orientation>-2.253645112553462</orientation>
      <time>4</time>
    </ksState>
    <ksState>
      <x>462.15514238539333</x>
      <y>806.417282382991</y>
      <steeringAngle>0.17766666666666667</steeringAngle>
      <velocity>8.0</velocity>
      <orientation>-2.203610300304307</orientation>
      <time>5</time>
    </ksState>
    <ksState>
      <x>461.7839427154299</x>
      <y>805.7499425524057</y>
      <steeringAngle>0.17766666666666667</steeringAngle>
      <velocity>7.2</velocity>
      <orientation>-2.1506943728599297</orientation>
      <time>6</time>
    </ksState>
    <ksState>
      <x>461.4821472046424</x>
      <y>805.1369420820638</y>
      <steeringAngle>0.17766666666666667</steeringAngle>
      <velocity>6.4</velocity>
      <orientation>-2.1033485430671184</orientation>
      <time>7</time>
    </ksState>
    <ksState>
      <x>461.2402105618519</x>
      <y>804.5847226390033</y>
      <steeringAngle>0.17766666666666667</steeringAngle>
      <velocity>5.599999999999999</velocity>
      <orientation>-2.0615728109119336</orientation>
      <time>8</time>
    </ksState>
    <ksState>
      <x>461.0493439039327</x>
      <y>804.0983139515708</y>
      <steeringAngle>0.17766666666666667</steeringAngle>
      <velocity>4.799999999999999</velocity>
      <orientation>-2.0253671763904193</orientation>
      <time>9</time>
    </ksState>
    <ksState>
      <x>460.90168181325936</x>
      <y>803.681564228747</y>
      <steeringAngle>0.17766666666666667</steeringAngle>
      <velocity>4.0</velocity>
      <orientation>-1.9947316395010892</orientation>
      <time>10</time>
    </ksState>
    <ksState>
      <x>460.77857762787175</x>
      <y>803.298935275844</y>
      <steeringAngle>0.17766666666666667</steeringAngle>
      <velocity>4.0</velocity>
      <orientation>-1.9668811513458333</orientation>
      <time>11</time>
    </ksState>
    <ksState>
      <x>460.6661761911952</x>
      <y>802.9130266060957</y>
      <steeringAngle>0.17766666666666667</steeringAngle>
      <velocity>4.0</velocity>
      <orientation>-1.9390306631905774</orientation>
      <time>12</time>
    </ksState>
    <ksState>
      <x>460.564564698307</x>
      <y>802.5241375601571</y>
      <steeringAngle>0.17766666666666667</steeringAngle>
      <velocity>4.0</velocity>
      <orientation>-1.9111801750353217</orientation>
      <time>13</time>
    </ksState>
    <ksState>
      <x>460.47382195888207</x>
      <y>802.1325697605519</y>
      <steeringAngle>0.17766666666666667</steeringAngle>
      <velocity>4.0</velocity>
      <orientation>-1.8833296868800657</orientation>
      <time>14</time>
    </ksState>
    <ksState>
      <x>460.39401835399383</x>
      <y>801.7386269068808</y>
      <steeringAngle>0.17766666666666667</steeringAngle>
      <velocity>4.0</velocity>
      <orientation>-1.8554791987248098</orientation>
      <time>15</time>
    </ksState>
    <ksState>
      <x>460.3352865569051</x>
      <y>801.3813237011639</y>
      <steeringAngle>0.21319999999999997</steeringAngle>
      <velocity>3.2</velocity>
      <orientation>-1.8279376531613751</orientation>
      <time>16</time>
    </ksState>
    <ksState>
      <x>460.30255255850204</x>
      <y>801.1009183074723</y>
      <steeringAngle>0.24873333333333342</steeringAngle>
      <velocity>2.4000000000000004</velocity>
      <orientation>-1.8024994227747257</orientation>
      <time>17</time>
    </ksState>
    <ksState>
      <x>460.28788495464335</x>
      <y>800.8992268832849</y>
      <steeringAngle>0.2842666666666668</steeringAngle>
      <velocity>1.600000000000001</velocity>
      <orientation>-1.781424522984146</orientation>
      <time>18</time>
    </ksState>
    <ksState>
      <x>460.2836866751127</x>
      <y>800.7775674248331</y>
      <steeringAngle>0.3197999999999999</steeringAngle>
      <velocity>0.8000000000000007</velocity>
      <orientation>-1.7670260956834416</orientation>
      <time>19</time>
    </ksState>
    <ksState>
      <x>460.28344870110647</x>
      <y>800.7368529410425</y>
      <steeringAngle>0.3553333333333332</steeringAngle>
      <velocity>5.551115123125783e-16</velocity>
      <orientation>-1.7616844540477123</orientation>
      <time>20</time>
    </ksState>
    <ksState>
      <x>460.28344870110647</x>
      <y>800.7368529410425</y>
      <steeringAngle>0.3198</steeringAngle>
      <velocity>0.0</velocity>
      <orientation>-1.7616844540477123</orientation>
      <time>21</time>
    </ksState>
    <ksState>
      <x>460.28344870110647</x>
      <y>800.7368529410425</y>
      <steeringAngle>0.2842666666666666</steeringAngle>
      <velocity>0.0</velocity>
      <orientation>-1.7616844540477123</orientation>
      <time>22</time>
    </ksState>
    <ksState>
      <x>460.28344870110647</x>
      <y>800.7368529410425</y>
      <steeringAngle>0.24873333333333333</steeringAngle>
      <velocity>0.0</velocity>
      <orientation>-1.7616844540477123</orientation>
      <time>23</time>
    </ksState>
    <ksState>
      <x>460.28344870110647</x>
      <y>800.7368529410425</y>
      <steeringAngle>0.21320000000000003</steeringAngle>
      <velocity>0.0</velocity>
      <orientation>-1.7616844540477123</orientation>
      <time>24</time>
    </ksState>
    <ksState>
      <x>460.28344870110647</x>
      <y>800.7368529410425</y>
      <steeringAngle>0.1776666666666667</steeringAngle>
      <velocity>0.0</velocity>
      <orientation>-1.7616844540477123</orientation>
      <time>25</time>
    </ksState>
    <ksState>
      <x>460.28344870110647</x>
      <y>800.7368529410425</y>
      <steeringAngle>0.14213333333333336</steeringAngle>
      <velocity>0.0</velocity>
      <orientation>-1.7616844540477123</orientation>
      <time>26</time>
    </ksState>
    <ksState>
      <x>460.28344870110647</x>
      <y>800.7368529410425</y>
      <steeringAngle>0.10660000000000001</steeringAngle>
      <velocity>0.0</velocity>
      <orientation>-1.7616844540477123</orientation>
      <time>27</time>
    </ksState>
    <ksState>
      <x>460.28344870110647</x>
      <y>800.7368529410425</y>
      <steeringAngle>0.07106666666666668</steeringAngle>
      <velocity>0.0</velocity>
      <orientation>-1.7616844540477123</orientation>
      <time>28</time>
    </ksState>
    <ksState>
      <x>460.28344870110647</x>
      <y>800.7368529410425</y>
      <steeringAngle>0.03553333333333333</steeringAngle>
      <velocity>0.0</velocity>
      <orientation>-1.7616844540477123</orientation>
      <time>29</time>
    </ksState>
    <ksState>
      <x>460.28344870110647</x>
      <y>800.7368529410425</y>
      <steeringAngle>0.0</steeringAngle>
      <velocity>0.0</velocity>
      <orientation>-1.7616844540477123</orientation>
      <time>30</time>
    </ksState>
    <ksState>
      <x>460.28344870110647</x>
      <y>800.7368529410425</y>
      <steeringAngle>0.0</steeringAngle>
      <velocity>0.0</velocity>
      <orientation>-1.7616844540477123</orientation>
      <time>31</time>
    </ksState>
    <ksState>
      <x>460.28344870110647</x>
      <y>800.7368529410425</y>
      <steeringAngle>0.0</steeringAngle>
      <velocity>0.0</velocity>
      <orientation>-1.7616844540477123</orientation>
      <time>32</time>
    </ksState>
    <ksState>
      <x>460.28344870110647</x>
      <y>800.7368529410425</y>
      <steeringAngle>0.0</steeringAngle>
      <velocity>0.0</velocity>
      <orientation>-1.7616844540477123</orientation>
      <time>33</time>
    </ksState>
  </ksTrajectory>
</CommonRoadSolution>
