<?xml version="1.0" ?>
<CommonRoadSolution benchmark_id="KS2:SM1:ITA_Siderno-8_4_T-1:2020a" computation_time="2.3896390799991423" date="2023-01-12T15:00:04">
  <ksTrajectory planningProblem="1">
    <ksState>
      <x>607.45826</x>
      <y>-654.86799</y>
      <steeringAngle>0.0</steeringAngle>
      <velocity>4.0</velocity>
      <orientation>-2.3090346</orientation>
      <time>0</time>
    </ksState>
    <ksState>
      <x>607.19224179463</x>
      <y>-655.1667342505822</y>
      <steeringAngle>0.035533333333333326</steeringAngle>
      <velocity>4.0</velocity>
      <orientation>-2.3062783254673995</orientation>
      <time>1</time>
    </ksState>
    <ksState>
      <x>606.9337203658959</x>
      <y>-655.4721847990037</y>
      <steeringAngle>0.07106666666666711</steeringAngle>
      <velocity>4.0</velocity>
      <orientation>-2.298002564924114</orientation>
      <time>2</time>
    </ksState>
    <ksState>
      <x>606.6845137827726</x>
      <y>-655.7856694413924</y>
      <steeringAngle>0.10660000000000043</steeringAngle>
      <velocity>4.0</velocity>
      <orientation>-2.284186325104977</orientation>
      <time>3</time>
    </ksState>
    <ksState>
      <x>606.4465954334572</x>
      <y>-656.1083777966735</y>
      <steeringAngle>0.14213333333333378</steeringAngle>
      <velocity>4.0</velocity>
      <orientation>-2.2647943987194314</orientation>
      <time>4</time>
    </ksState>
    <ksState>
      <x>606.2221173097755</x>
      <y>-656.4413261026675</y>
      <steeringAngle>0.1776666666666672</steeringAngle>
      <velocity>4.0</velocity>
      <orientation>-2.239776992268034</orientation>
      <time>5</time>
    </ksState>
    <ksState>
      <x>606.0306612717991</x>
      <y>-656.7482616706686</y>
      <steeringAngle>0.17766666666666667</steeringAngle>
      <velocity>3.2000000000000006</velocity>
      <orientation>-2.2147115529998564</orientation>
      <time>6</time>
    </ksState>
    <ksState>
      <x>605.8871050013528</x>
      <y>-656.9902500899884</y>
      <steeringAngle>0.17766666666666667</steeringAngle>
      <velocity>2.4000000000000012</velocity>
      <orientation>-2.1952162113698264</orientation>
      <time>7</time>
    </ksState>
    <ksState>
      <x>605.7874665736828</x>
      <y>-657.1647895800435</y>
      <steeringAngle>0.17766666666666667</steeringAngle>
      <velocity>1.6000000000000005</velocity>
      <orientation>-2.181290967370846</orientation>
      <time>8</time>
    </ksState>
    <ksState>
      <x>605.7288535491747</x>
      <y>-657.2701733067051</y>
      <steeringAngle>0.17766666666666667</steeringAngle>
      <velocity>0.8000000000000004</velocity>
      <orientation>-2.1729358210000913</orientation>
      <time>9</time>
    </ksState>
    <ksState>
      <x>605.7095118014013</x>
      <y>-657.3054095935421</y>
      <steeringAngle>0.17766666666666667</steeringAngle>
      <velocity>2.7755575615628914e-16</velocity>
      <orientation>-2.170150772253876</orientation>
      <time>10</time>
    </ksState>
    <ksState>
      <x>605.689818940563</x>
      <y>-657.3403943432882</y>
      <steeringAngle>0.14213333333333333</steeringAngle>
      <velocity>0.8</velocity>
      <orientation>-2.1677432750430734</orientation>
      <time>11</time>
    </ksState>
    <ksState>
      <x>605.6294111957734</x>
      <y>-657.4444013522041</y>
      <steeringAngle>0.10660000000000001</steeringAngle>
      <velocity>1.6</velocity>
      <orientation>-2.162018988422739</orientation>
      <time>12</time>
    </ksState>
    <ksState>
      <x>605.5266098291482</x>
      <y>-657.6162345220437</y>
      <steeringAngle>0.07106666666666664</steeringAngle>
      <velocity>2.4000000000000004</velocity>
      <orientation>-2.15520347465976</orientation>
      <time>13</time>
    </ksState>
    <ksState>
      <x>605.3796514934746</x>
      <y>-657.8547094238542</y>
      <steeringAngle>0.03553333333333332</steeringAngle>
      <velocity>3.1999999999999993</velocity>
      <orientation>-2.14950255394683</orientation>
      <time>14</time>
    </ksState>
    <ksState>
      <x>605.1860845582122</x>
      <y>-658.158262279945</y>
      <steeringAngle>-2.6020852139652106e-18</steeringAngle>
      <velocity>3.999999999999999</velocity>
      <orientation>-2.1471138023585037</orientation>
      <time>15</time>
    </ksState>
    <ksState>
      <x>604.9681085847174</x>
      <y>-658.4936523140531</y>
      <steeringAngle>0.0</steeringAngle>
      <velocity>4.0</velocity>
      <orientation>-2.1471138023585037</orientation>
      <time>16</time>
    </ksState>
    <ksState>
      <x>604.7501326112225</x>
      <y>-658.829042348161</y>
      <steeringAngle>0.0</steeringAngle>
      <velocity>4.0</velocity>
      <orientation>-2.1471138023585037</orientation>
      <time>17</time>
    </ksState>
    <ksState>
      <x>604.5321566377277</x>
      <y>-659.1644323822691</y>
      <steeringAngle>0.0</steeringAngle>
      <velocity>4.0</velocity>
      <orientation>-2.1471138023585037</orientation>
      <time>18</time>
    </ksState>
    <ksState>
      <x>604.3141806642329</x>
      <y>-659.4998224163771</y>
      <steeringAngle>0.0</steeringAngle>
      <velocity>4.0</velocity>
      <orientation>-2.1471138023585037</orientation>
      <time>19</time>
    </ksState>
    <ksState>
      <x>604.0962046907381</x>
      <y>-659.8352124504852</y>
      <steeringAngle>0.0</steeringAngle>
      <velocity>4.0</velocity>
      <orientation>-2.1471138023585037</orientation>
      <time>20</time>
    </ksState>
    <ksState>
      <x>603.8605516141366</x>
      <y>-660.2068106702505</y>
      <steeringAngle>0.035533333333333326</steeringAngle>
      <velocity>4.799999999999999</velocity>
      <orientation>-2.143990023689313</orientation>
      <time>21</time>
    </ksState>
    <ksState>
      <x>603.5936750542163</x>
      <y>-660.653356219009</y>
      <steeringAngle>0.07106666666666667</steeringAngle>
      <velocity>5.599999999999998</velocity>
      <orientation>-2.13313941262814</orientation>
      <time>22</time>
    </ksState>
    <ksState>
      <x>603.3039434770551</x>
      <y>-661.1795643560122</y>
      <steeringAngle>0.10659999999999999</steeringAngle>
      <velocity>6.3999999999999995</velocity>
      <orientation>-2.112322463627812</orientation>
      <time>23</time>
    </ksState>
    <ksState>
      <x>603.0033683722911</x>
      <y>-661.791261758755</y>
      <steeringAngle>0.14213333333333333</steeringAngle>
      <velocity>7.199999999999999</velocity>
      <orientation>-2.0792628926466468</orientation>
      <time>24</time>
    </ksState>
    <ksState>
      <x>602.7086663336926</x>
      <y>-662.4949234265753</y>
      <steeringAngle>0.17766666666666664</steeringAngle>
      <velocity>7.9999999999999964</velocity>
      <orientation>-2.0316355705651</orientation>
      <time>25</time>
    </ksState>
    <ksState>
      <x>602.4653381713431</x>
      <y>-663.2194783836046</y>
      <steeringAngle>0.21320000000000014</steeringAngle>
      <velocity>7.200000000000003</velocity>
      <orientation>-1.9733862434936074</orientation>
      <time>26</time>
    </ksState>
    <ksState>
      <x>602.299987642924</x>
      <y>-663.8847380233266</y>
      <steeringAngle>0.24873333333333347</steeringAngle>
      <velocity>6.400000000000004</velocity>
      <orientation>-1.9114691560078279</orientation>
      <time>27</time>
    </ksState>
    <ksState>
      <x>602.2030986195456</x>
      <y>-664.4835292252222</y>
      <steeringAngle>0.2842666666666668</steeringAngle>
      <velocity>5.600000000000001</velocity>
      <orientation>-1.8480470132439069</orientation>
      <time>28</time>
    </ksState>
    <ksState>
      <x>602.1627604276437</x>
      <y>-665.0094433783983</y>
      <steeringAngle>0.3198</steeringAngle>
      <velocity>4.800000000000002</velocity>
      <orientation>-1.7853179135019541</orientation>
      <time>29</time>
    </ksState>
    <ksState>
      <x>602.1653583696693</x>
      <y>-665.4574689931978</y>
      <steeringAngle>0.3553333333333332</steeringAngle>
      <velocity>4.000000000000001</velocity>
      <orientation>-1.7255280794537393</orientation>
      <time>30</time>
    </ksState>
    <ksState>
      <x>602.1880630877902</x>
      <y>-665.8234769538733</y>
      <steeringAngle>0.31979999999999975</steeringAngle>
      <velocity>3.2</velocity>
      <orientation>-1.676421519395951</orientation>
      <time>31</time>
    </ksState>
    <ksState>
      <x>602.2114543397466</x>
      <y>-666.106646799772</y>
      <steeringAngle>0.2842666666666663</steeringAngle>
      <velocity>2.4000000000000004</velocity>
      <orientation>-1.6424892640297366</orientation>
      <time>32</time>
    </ksState>
    <ksState>
      <x>602.2295072338666</x>
      <y>-666.3081200028249</y>
      <steeringAngle>0.24873333333333292</steeringAngle>
      <velocity>1.6000000000000008</velocity>
      <orientation>-1.6212169430827978</orientation>
      <time>33</time>
    </ksState>
  </ksTrajectory>
</CommonRoadSolution>
