<?xml version="1.0" ?>
<CommonRoadSolution benchmark_id="KS2:SM1:DEU_Guetersloh-6_3_T-1:2020a" computation_time="0.8217420270002549" date="2023-01-12T15:00:04">
  <ksTrajectory planningProblem="1">
    <ksState>
      <x>378.94642</x>
      <y>457.74344</y>
      <steeringAngle>0.0</steeringAngle>
      <velocity>4.0</velocity>
      <orientation>-0.46096473</orientation>
      <time>0</time>
    </ksState>
    <ksState>
      <x>379.3426716544375</x>
      <y>457.55212289203513</y>
      <steeringAngle>0.035533333333333326</steeringAngle>
      <velocity>4.799999999999999</velocity>
      <orientation>-0.45784095133080915</orientation>
      <time>1</time>
    </ksState>
    <ksState>
      <x>379.8169662886496</x>
      <y>457.3384160243205</y>
      <steeringAngle>0.07106666666666667</steeringAngle>
      <velocity>5.599999999999998</velocity>
      <orientation>-0.4469903402696364</orientation>
      <time>2</time>
    </ksState>
    <ksState>
      <x>380.37302463928495</x>
      <y>457.11117496081874</y>
      <steeringAngle>0.10659999999999999</steeringAngle>
      <velocity>6.3999999999999995</velocity>
      <orientation>-0.4261733912693084</orientation>
      <time>3</time>
    </ksState>
    <ksState>
      <x>381.0152521735878</x>
      <y>456.8830019994284</y>
      <steeringAngle>0.14213333333333333</steeringAngle>
      <velocity>7.199999999999999</velocity>
      <orientation>-0.39311382028814323</orientation>
      <time>4</time>
    </ksState>
    <ksState>
      <x>381.74815682823174</x>
      <y>456.67124789317563</y>
      <steeringAngle>0.17766666666666664</steeringAngle>
      <velocity>7.9999999999999964</velocity>
      <orientation>-0.3454864982065966</orientation>
      <time>5</time>
    </ksState>
    <ksState>
      <x>382.49590293641694</x>
      <y>456.5129310019665</y>
      <steeringAngle>0.21320000000000014</steeringAngle>
      <velocity>7.200000000000003</velocity>
      <orientation>-0.2872371711351038</orientation>
      <time>6</time>
    </ksState>
    <ksState>
      <x>383.1757727900947</x>
      <y>456.42524880564605</y>
      <steeringAngle>0.24873333333333347</steeringAngle>
      <velocity>6.400000000000004</velocity>
      <orientation>-0.2253200836493244</orientation>
      <time>7</time>
    </ksState>
    <ksState>
      <x>383.78173621834816</x>
      <y>456.3979228118279</y>
      <steeringAngle>0.2842666666666668</steeringAngle>
      <velocity>5.600000000000001</velocity>
      <orientation>-0.16189794088540327</orientation>
      <time>8</time>
    </ksState>
    <ksState>
      <x>384.30879808428347</x>
      <y>456.4183838898443</y>
      <steeringAngle>0.3198</steeringAngle>
      <velocity>4.800000000000002</velocity>
      <orientation>-0.09916884114345065</orientation>
      <time>9</time>
    </ksState>
    <ksState>
      <x>384.7535472155328</x>
      <y>456.47253101416476</y>
      <steeringAngle>0.3553333333333332</steeringAngle>
      <velocity>4.000000000000001</velocity>
      <orientation>-0.039379007095235896</orientation>
      <time>10</time>
    </ksState>
    <ksState>
      <x>385.1147885975327</x>
      <y>456.53721461438016</y>
      <steeringAngle>0.31979999999999975</steeringAngle>
      <velocity>3.2</velocity>
      <orientation>0.009727552962552455</orientation>
      <time>11</time>
    </ksState>
    <ksState>
      <x>385.3936010719711</x>
      <y>456.59305400538256</y>
      <steeringAngle>0.2842666666666663</steeringAngle>
      <velocity>2.4000000000000004</velocity>
      <orientation>0.04365980832876683</orientation>
      <time>12</time>
    </ksState>
    <ksState>
      <x>385.5918120531967</x>
      <y>456.63418841950147</y>
      <steeringAngle>0.24873333333333292</steeringAngle>
      <velocity>1.6000000000000008</velocity>
      <orientation>0.06493212927570557</orientation>
      <time>13</time>
    </ksState>
    <ksState>
      <x>385.7104994303382</x>
      <y>456.6583303015754</y>
      <steeringAngle>0.21319999999999967</steeringAngle>
      <velocity>0.8000000000000008</velocity>
      <orientation>0.0759727200167604</orientation>
      <time>14</time>
    </ksState>
    <ksState>
      <x>385.7500608893845</x>
      <y>456.6659252798391</y>
      <steeringAngle>0.1776666666666663</steeringAngle>
      <velocity>6.661338147750939e-16</velocity>
      <orientation>0.07913895755863869</orientation>
      <time>15</time>
    </ksState>
    <ksState>
      <x>385.7500608893845</x>
      <y>456.6659252798391</y>
      <steeringAngle>0.14213333333333336</steeringAngle>
      <velocity>0.0</velocity>
      <orientation>0.07913895755863869</orientation>
      <time>16</time>
    </ksState>
    <ksState>
      <x>385.7500608893845</x>
      <y>456.6659252798391</y>
      <steeringAngle>0.10660000000000001</steeringAngle>
      <velocity>0.0</velocity>
      <orientation>0.07913895755863869</orientation>
      <time>17</time>
    </ksState>
    <ksState>
      <x>385.7500608893845</x>
      <y>456.6659252798391</y>
      <steeringAngle>0.07106666666666668</steeringAngle>
      <velocity>0.0</velocity>
      <orientation>0.07913895755863869</orientation>
      <time>18</time>
    </ksState>
    <ksState>
      <x>385.7500608893845</x>
      <y>456.6659252798391</y>
      <steeringAngle>0.03553333333333333</steeringAngle>
      <velocity>0.0</velocity>
      <orientation>0.07913895755863869</orientation>
      <time>19</time>
    </ksState>
    <ksState>
      <x>385.7500608893845</x>
      <y>456.6659252798391</y>
      <steeringAngle>0.0</steeringAngle>
      <velocity>0.0</velocity>
      <orientation>0.07913895755863869</orientation>
      <time>20</time>
    </ksState>
    <ksState>
      <x>385.7899774031202</x>
      <y>456.66856039991114</y>
      <steeringAngle>-0.03553333333333333</steeringAngle>
      <velocity>0.8</velocity>
      <orientation>0.07877142578039671</orientation>
      <time>21</time>
    </ksState>
    <ksState>
      <x>385.909899630031</x>
      <y>456.6742130480674</y>
      <steeringAngle>-0.0710666666666667</steeringAngle>
      <velocity>1.6</velocity>
      <orientation>0.07619657918841106</orientation>
      <time>22</time>
    </ksState>
    <ksState>
      <x>386.1100910546212</x>
      <y>456.67885156593843</y>
      <steeringAngle>-0.10660000000000003</steeringAngle>
      <velocity>2.4000000000000004</velocity>
      <orientation>0.06919587495157385</orientation>
      <time>23</time>
    </ksState>
    <ksState>
      <x>386.3907507397721</x>
      <y>456.67698514099635</y>
      <steeringAngle>-0.14213333333333342</steeringAngle>
      <velocity>3.2000000000000015</velocity>
      <orientation>0.0555282340107537</orientation>
      <time>24</time>
    </ksState>
    <ksState>
      <x>386.75180638318375</x>
      <y>456.6609167872419</y>
      <steeringAngle>-0.17766666666666683</steeringAngle>
      <velocity>4.0000000000000036</velocity>
      <orientation>0.03291831813753355</orientation>
      <time>25</time>
    </ksState>
    <ksState>
      <x>387.1527095603918</x>
      <y>456.6244519177722</y>
      <steeringAngle>-0.21319999999999995</steeringAngle>
      <velocity>4.0</velocity>
      <orientation>0.002210535500033386</orientation>
      <time>26</time>
    </ksState>
    <ksState>
      <x>387.5520238000433</x>
      <y>456.56633718542685</y>
      <steeringAngle>-0.24873333333333336</steeringAngle>
      <velocity>4.0</velocity>
      <orientation>-0.0342683056226609</orientation>
      <time>27</time>
    </ksState>
    <ksState>
      <x>387.9482679801642</x>
      <y>456.484202813211</y>
      <steeringAngle>-0.2842666666666667</steeringAngle>
      <velocity>4.0</velocity>
      <orientation>-0.07661553946810892</orientation>
      <time>28</time>
    </ksState>
    <ksState>
      <x>388.3395175163359</x>
      <y>456.37573135388703</y>
      <steeringAngle>-0.31980000000000003</steeringAngle>
      <velocity>4.0</velocity>
      <orientation>-0.12494622083524395</orientation>
      <time>29</time>
    </ksState>
    <ksState>
      <x>388.7233501985706</x>
      <y>456.23871209727577</y>
      <steeringAngle>-0.35533333333333333</steeringAngle>
      <velocity>4.0</velocity>
      <orientation>-0.1793944220135224</orientation>
      <time>30</time>
    </ksState>
    <ksState>
      <x>389.06167103590343</x>
      <y>456.0972329732709</y>
      <steeringAngle>-0.31979999999999975</steeringAngle>
      <velocity>3.2</velocity>
      <orientation>-0.22850098207131075</orientation>
      <time>31</time>
    </ksState>
    <ksState>
      <x>389.32150979067126</x>
      <y>455.98227152836404</y>
      <steeringAngle>-0.2842666666666663</steeringAngle>
      <velocity>2.4000000000000004</velocity>
      <orientation>-0.2624332374375251</orientation>
      <time>32</time>
    </ksState>
    <ksState>
      <x>389.5059206340906</x>
      <y>455.8991451224277</y>
      <steeringAngle>-0.24873333333333292</steeringAngle>
      <velocity>1.6000000000000008</velocity>
      <orientation>-0.2837055583844639</orientation>
      <time>33</time>
    </ksState>
  </ksTrajectory>
</CommonRoadSolution>
