<?xml version="1.0" ?>
<CommonRoadSolution benchmark_id="KS2:SM1:DEU_Guetersloh-21_1_T-1:2020a" computation_time="1.6667353140001069" date="2023-01-12T15:00:04">
  <ksTrajectory planningProblem="1">
    <ksState>
      <x>-379.03285</x>
      <y>-16.639766</y>
      <steeringAngle>0.0</steeringAngle>
      <velocity>8.0</velocity>
      <orientation>2.6726288</orientation>
      <time>0</time>
    </ksState>
    <ksState>
      <x>-379.70688735544985</x>
      <y>-16.28860198995001</y>
      <steeringAngle>-0.03553333333333333</steeringAngle>
      <velocity>7.199999999999999</velocity>
      <orientation>2.667483787017508</orientation>
      <time>1</time>
    </ksState>
    <ksState>
      <x>-380.3007384403715</x>
      <y>-15.95677739208254</y>
      <steeringAngle>-0.07106666666666664</steeringAngle>
      <velocity>6.400000000000001</velocity>
      <orientation>2.6535071148965446</orientation>
      <time>2</time>
    </ksState>
    <ksState>
      <x>-380.8139054336844</x>
      <y>-15.644553118746334</y>
      <steeringAngle>-0.10659999999999997</steeringAngle>
      <velocity>5.600000000000004</velocity>
      <orientation>2.632875347030663</orientation>
      <time>3</time>
    </ksState>
    <ksState>
      <x>-381.2471921945421</x>
      <y>-15.354893555628495</y>
      <steeringAngle>-0.1421333333333333</steeringAngle>
      <velocity>4.800000000000003</velocity>
      <orientation>2.607759139522015</orientation>
      <time>4</time>
    </ksState>
    <ksState>
      <x>-381.6026611379503</x>
      <y>-15.092721406204923</y>
      <steeringAngle>-0.17766666666666653</steeringAngle>
      <velocity>4.000000000000006</velocity>
      <orientation>2.580334242936865</orientation>
      <time>5</time>
    </ksState>
    <ksState>
      <x>-381.9191756809106</x>
      <y>-14.845556721737442</y>
      <steeringAngle>-0.1421333333333333</steeringAngle>
      <velocity>4.0</velocity>
      <orientation>2.5553168365923415</orientation>
      <time>6</time>
    </ksState>
    <ksState>
      <x>-382.23462113087004</x>
      <y>-14.598047970613736</y>
      <steeringAngle>-0.10659999999999999</steeringAngle>
      <velocity>4.0</velocity>
      <orientation>2.535924910301591</orientation>
      <time>7</time>
    </ksState>
    <ksState>
      <x>-382.5504778859755</x>
      <y>-14.351825284353962</y>
      <steeringAngle>-0.07106666666666664</steeringAngle>
      <velocity>4.0</velocity>
      <orientation>2.522108670566638</orientation>
      <time>8</time>
    </ksState>
    <ksState>
      <x>-382.86820101643167</x>
      <y>-14.108526999162287</y>
      <steeringAngle>-0.03553333333333332</steeringAngle>
      <velocity>4.0</velocity>
      <orientation>2.5138329101043726</orientation>
      <time>9</time>
    </ksState>
    <ksState>
      <x>-383.1891992528256</x>
      <y>-13.869828783103703</y>
      <steeringAngle>2.2985086056692694e-17</steeringAngle>
      <velocity>4.0</velocity>
      <orientation>2.5110766468095322</orientation>
      <time>10</time>
    </ksState>
    <ksState>
      <x>-383.5474860262597</x>
      <y>-13.614391515997564</y>
      <steeringAngle>0.035533333333333326</steeringAngle>
      <velocity>4.799999999999999</velocity>
      <orientation>2.514200425478723</orientation>
      <time>11</time>
    </ksState>
    <ksState>
      <x>-383.97891863890413</x>
      <y>-13.323716566788658</y>
      <steeringAngle>0.07106666666666667</steeringAngle>
      <velocity>5.599999999999998</velocity>
      <orientation>2.525051036539896</orientation>
      <time>12</time>
    </ksState>
    <ksState>
      <x>-384.4886587627632</x>
      <y>-13.005904678432078</y>
      <steeringAngle>0.10659999999999999</steeringAngle>
      <velocity>6.3999999999999995</velocity>
      <orientation>2.545867985540224</orientation>
      <time>13</time>
    </ksState>
    <ksState>
      <x>-385.0831752059739</x>
      <y>-12.672634060347463</y>
      <steeringAngle>0.14213333333333333</steeringAngle>
      <velocity>7.199999999999999</velocity>
      <orientation>2.578927556521389</orientation>
      <time>14</time>
    </ksState>
    <ksState>
      <x>-385.76983903143565</x>
      <y>-12.340245996308068</y>
      <steeringAngle>0.17766666666666664</steeringAngle>
      <velocity>7.9999999999999964</velocity>
      <orientation>2.626554878602936</orientation>
      <time>15</time>
    </ksState>
    <ksState>
      <x>-386.5094779789714</x>
      <y>-12.027237598899251</y>
      <steeringAngle>0.14213333333333336</steeringAngle>
      <velocity>8.0</velocity>
      <orientation>2.676589690151684</orientation>
      <time>16</time>
    </ksState>
    <ksState>
      <x>-387.25541295234933</x>
      <y>-11.732912396072537</y>
      <steeringAngle>0.1066000000000001</steeringAngle>
      <velocity>8.0</velocity>
      <orientation>2.7153735421586815</orientation>
      <time>17</time>
    </ksState>
    <ksState>
      <x>-388.0043711297679</x>
      <y>-11.448967889584688</y>
      <steeringAngle>0.07106666666666674</steeringAngle>
      <velocity>8.0</velocity>
      <orientation>2.7430060211883687</orientation>
      <time>18</time>
    </ksState>
    <ksState>
      <x>-388.7534347596278</x>
      <y>-11.167049164862688</y>
      <steeringAngle>0.035533333333333354</steeringAngle>
      <velocity>8.0</velocity>
      <orientation>2.7595575418173977</orientation>
      <time>19</time>
    </ksState>
    <ksState>
      <x>-389.4997549061207</x>
      <y>-10.878817410481078</y>
      <steeringAngle>2.0816681711721685e-17</steeringAngle>
      <velocity>8.0</velocity>
      <orientation>2.7650700682758025</orientation>
      <time>20</time>
    </ksState>
    <ksState>
      <x>-390.24026743622727</x>
      <y>-10.576014887495965</y>
      <steeringAngle>-0.03553333333333333</steeringAngle>
      <velocity>8.0</velocity>
      <orientation>2.7595575332729636</orientation>
      <time>21</time>
    </ksState>
    <ksState>
      <x>-390.97141227539316</x>
      <y>-10.250542464392932</y>
      <steeringAngle>-0.07106666666666667</steeringAngle>
      <velocity>8.0</velocity>
      <orientation>2.7430060123926943</orientation>
      <time>22</time>
    </ksState>
    <ksState>
      <x>-391.6888570566846</x>
      <y>-9.894565852210805</y>
      <steeringAngle>-0.10659999999999997</steeringAngle>
      <velocity>8.0</velocity>
      <orientation>2.715373533101999</orientation>
      <time>23</time>
    </ksState>
    <ksState>
      <x>-392.3872301557876</x>
      <y>-9.500666615853563</y>
      <steeringAngle>-0.1421333333333333</steeringAngle>
      <velocity>8.0</velocity>
      <orientation>2.6765896808292644</orientation>
      <time>24</time>
    </ksState>
    <ksState>
      <x>-393.0598701432378</x>
      <y>-9.062054253831665</y>
      <steeringAngle>-0.17766666666666667</steeringAngle>
      <velocity>8.0</velocity>
      <orientation>2.6265548685801097</orientation>
      <time>25</time>
    </ksState>
    <ksState>
      <x>-393.7038232441419</x>
      <y>-8.580974898024362</y>
      <steeringAngle>-0.17766666666666667</steeringAngle>
      <velocity>8.0</velocity>
      <orientation>2.570853892269598</orientation>
      <time>26</time>
    </ksState>
    <ksState>
      <x>-394.31999493602734</x>
      <y>-8.06479135694744</y>
      <steeringAngle>-0.17766666666666667</steeringAngle>
      <velocity>8.0</velocity>
      <orientation>2.515152915959086</orientation>
      <time>27</time>
    </ksState>
    <ksState>
      <x>-394.9064739495546</x>
      <y>-7.51510474451426</y>
      <steeringAngle>-0.17766666666666667</steeringAngle>
      <velocity>8.0</velocity>
      <orientation>2.4594519396485746</orientation>
      <time>28</time>
    </ksState>
    <ksState>
      <x>-395.46144114616766</x>
      <y>-6.933620076754789</y>
      <steeringAngle>-0.17766666666666667</steeringAngle>
      <velocity>8.0</velocity>
      <orientation>2.4037509633380627</orientation>
      <time>29</time>
    </ksState>
    <ksState>
      <x>-395.9831751306406</x>
      <y>-6.32214100000785</y>
      <steeringAngle>-0.17766666666666667</steeringAngle>
      <velocity>8.0</velocity>
      <orientation>2.348049987027551</orientation>
      <time>30</time>
    </ksState>
    <ksState>
      <x>-396.4531694338172</x>
      <y>-5.721076322207069</y>
      <steeringAngle>-0.1421333333333334</steeringAngle>
      <velocity>7.2</velocity>
      <orientation>2.3004226652819137</orientation>
      <time>31</time>
    </ksState>
    <ksState>
      <x>-396.86201069151775</x>
      <y>-5.175668838619729</y>
      <steeringAngle>-0.10660000000000011</steeringAngle>
      <velocity>6.4</velocity>
      <orientation>2.267363094833946</orientation>
      <time>32</time>
    </ksState>
    <ksState>
      <x>-397.21890982258594</x>
      <y>-4.692438337835927</y>
      <steeringAngle>-0.07106666666666674</steeringAngle>
      <velocity>5.600000000000001</velocity>
      <orientation>2.2465461465400574</orientation>
      <time>33</time>
    </ksState>
  </ksTrajectory>
</CommonRoadSolution>
