<?xml version="1.0" ?>
<CommonRoadSolution benchmark_id="KS2:SM1:HRV_Pula-22_1_T-1:2020a" computation_time="1.731568764000258" date="2023-01-12T15:00:04">
  <ksTrajectory planningProblem="1">
    <ksState>
      <x>688.85865</x>
      <y>176.81768</y>
      <steeringAngle>0.0</steeringAngle>
      <velocity>4.0</velocity>
      <orientation>2.603952</orientation>
      <time>0</time>
    </ksState>
    <ksState>
      <x>688.5172835755866</x>
      <y>177.0262052433817</y>
      <steeringAngle>-0.035533333333333326</steeringAngle>
      <velocity>4.0</velocity>
      <orientation>2.6011957254673996</orientation>
      <time>1</time>
    </ksState>
    <ksState>
      <x>688.1811410051193</x>
      <y>177.24332626715756</y>
      <steeringAngle>-0.07106666666666711</steeringAngle>
      <velocity>4.0</velocity>
      <orientation>2.592919964924114</orientation>
      <time>2</time>
    </ksState>
    <ksState>
      <x>687.8515759262363</x>
      <y>177.4708419828043</y>
      <steeringAngle>-0.10660000000000043</steeringAngle>
      <velocity>4.0</velocity>
      <orientation>2.5791037251049773</orientation>
      <time>3</time>
    </ksState>
    <ksState>
      <x>687.5301307527673</x>
      <y>177.7104642354493</y>
      <steeringAngle>-0.14213333333333378</steeringAngle>
      <velocity>4.0</velocity>
      <orientation>2.5597117987194316</orientation>
      <time>4</time>
    </ksState>
    <ksState>
      <x>687.2185691862594</x>
      <y>177.96379088772088</y>
      <steeringAngle>-0.1776666666666672</steeringAngle>
      <velocity>4.0</velocity>
      <orientation>2.534694392268034</orientation>
      <time>5</time>
    </ksState>
    <ksState>
      <x>686.9484203222939</x>
      <y>178.2049020573147</y>
      <steeringAngle>-0.21319999999999997</steeringAngle>
      <velocity>3.2</velocity>
      <orientation>2.5071528467045994</orientation>
      <time>6</time>
    </ksState>
    <ksState>
      <x>686.7468053269646</x>
      <y>178.40251302138623</y>
      <steeringAngle>-0.24873333333333342</steeringAngle>
      <velocity>2.4000000000000004</velocity>
      <orientation>2.4817146163179498</orientation>
      <time>7</time>
    </ksState>
    <ksState>
      <x>686.6086939231964</x>
      <y>178.55022831965564</y>
      <steeringAngle>-0.2842666666666668</steeringAngle>
      <velocity>1.600000000000001</velocity>
      <orientation>2.4606397165273703</orientation>
      <time>8</time>
    </ksState>
    <ksState>
      <x>686.5290030315389</x>
      <y>178.64225011690306</y>
      <steeringAngle>-0.3197999999999999</steeringAngle>
      <velocity>0.8000000000000007</velocity>
      <orientation>2.446241289226666</orientation>
      <time>9</time>
    </ksState>
    <ksState>
      <x>686.503241742336</x>
      <y>178.67377917969537</y>
      <steeringAngle>-0.3553333333333332</steeringAngle>
      <velocity>5.551115123125783e-16</velocity>
      <orientation>2.4408996475909364</orientation>
      <time>10</time>
    </ksState>
    <ksState>
      <x>686.503241742336</x>
      <y>178.67377917969537</y>
      <steeringAngle>-0.3198</steeringAngle>
      <velocity>0.0</velocity>
      <orientation>2.4408996475909364</orientation>
      <time>11</time>
    </ksState>
    <ksState>
      <x>686.503241742336</x>
      <y>178.67377917969537</y>
      <steeringAngle>-0.2842666666666666</steeringAngle>
      <velocity>0.0</velocity>
      <orientation>2.4408996475909364</orientation>
      <time>12</time>
    </ksState>
    <ksState>
      <x>686.503241742336</x>
      <y>178.67377917969537</y>
      <steeringAngle>-0.24873333333333333</steeringAngle>
      <velocity>0.0</velocity>
      <orientation>2.4408996475909364</orientation>
      <time>13</time>
    </ksState>
    <ksState>
      <x>686.503241742336</x>
      <y>178.67377917969537</y>
      <steeringAngle>-0.21320000000000003</steeringAngle>
      <velocity>0.0</velocity>
      <orientation>2.4408996475909364</orientation>
      <time>14</time>
    </ksState>
    <ksState>
      <x>686.503241742336</x>
      <y>178.67377917969537</y>
      <steeringAngle>-0.1776666666666667</steeringAngle>
      <velocity>0.0</velocity>
      <orientation>2.4408996475909364</orientation>
      <time>15</time>
    </ksState>
    <ksState>
      <x>686.503241742336</x>
      <y>178.67377917969537</y>
      <steeringAngle>-0.14213333333333336</steeringAngle>
      <velocity>0.0</velocity>
      <orientation>2.4408996475909364</orientation>
      <time>16</time>
    </ksState>
    <ksState>
      <x>686.503241742336</x>
      <y>178.67377917969537</y>
      <steeringAngle>-0.10660000000000001</steeringAngle>
      <velocity>0.0</velocity>
      <orientation>2.4408996475909364</orientation>
      <time>17</time>
    </ksState>
    <ksState>
      <x>686.503241742336</x>
      <y>178.67377917969537</y>
      <steeringAngle>-0.07106666666666668</steeringAngle>
      <velocity>0.0</velocity>
      <orientation>2.4408996475909364</orientation>
      <time>18</time>
    </ksState>
    <ksState>
      <x>686.503241742336</x>
      <y>178.67377917969537</y>
      <steeringAngle>-0.03553333333333333</steeringAngle>
      <velocity>0.0</velocity>
      <orientation>2.4408996475909364</orientation>
      <time>19</time>
    </ksState>
    <ksState>
      <x>686.503241742336</x>
      <y>178.67377917969537</y>
      <steeringAngle>-0.0</steeringAngle>
      <velocity>0.0</velocity>
      <orientation>2.4408996475909364</orientation>
      <time>20</time>
    </ksState>
    <ksState>
      <x>686.4723250623241</x>
      <y>178.69916482177226</y>
      <steeringAngle>0.03553333333333333</steeringAngle>
      <velocity>0.8</velocity>
      <orientation>2.4412671793691785</orientation>
      <time>21</time>
    </ksState>
    <ksState>
      <x>686.3781228806355</x>
      <y>178.7735909052614</y>
      <steeringAngle>0.0710666666666667</steeringAngle>
      <velocity>1.6</velocity>
      <orientation>2.443842025961164</orientation>
      <time>22</time>
    </ksState>
    <ksState>
      <x>686.2180733593773</x>
      <y>178.89393322147845</y>
      <steeringAngle>0.10660000000000003</steeringAngle>
      <velocity>2.4000000000000004</velocity>
      <orientation>2.4508427301980014</orientation>
      <time>23</time>
    </ksState>
    <ksState>
      <x>685.9888173694005</x>
      <y>179.05584379392775</y>
      <steeringAngle>0.14213333333333342</steeringAngle>
      <velocity>3.2000000000000015</velocity>
      <orientation>2.464510371138821</orientation>
      <time>24</time>
    </ksState>
    <ksState>
      <x>685.685931741343</x>
      <y>179.25302306755444</y>
      <steeringAngle>0.17766666666666683</steeringAngle>
      <velocity>4.0000000000000036</velocity>
      <orientation>2.4871202870120417</orientation>
      <time>25</time>
    </ksState>
    <ksState>
      <x>685.3441474157166</x>
      <y>179.46386735111344</y>
      <steeringAngle>0.1421333333333333</steeringAngle>
      <velocity>4.0</velocity>
      <orientation>2.512137693356565</orientation>
      <time>26</time>
    </ksState>
    <ksState>
      <x>685.0024121571731</x>
      <y>179.67358961233302</y>
      <steeringAngle>0.10659999999999999</steeringAngle>
      <velocity>4.0</velocity>
      <orientation>2.5315296196473156</orientation>
      <time>27</time>
    </ksState>
    <ksState>
      <x>684.6617397525434</x>
      <y>179.8841446258059</y>
      <steeringAngle>0.07106666666666664</steeringAngle>
      <velocity>4.0</velocity>
      <orientation>2.5453458593822686</orientation>
      <time>28</time>
    </ksState>
    <ksState>
      <x>684.3231604868703</x>
      <y>180.09746627041875</y>
      <steeringAngle>0.03553333333333332</steeringAngle>
      <velocity>4.0</velocity>
      <orientation>2.553621619844534</orientation>
      <time>29</time>
    </ksState>
    <ksState>
      <x>683.987755758487</x>
      <y>180.31545795442437</y>
      <steeringAngle>-2.2985086056692694e-17</steeringAngle>
      <velocity>4.0</velocity>
      <orientation>2.5563778831393744</orientation>
      <time>30</time>
    </ksState>
    <ksState>
      <x>683.6876621099457</x>
      <y>180.5143141873296</y>
      <steeringAngle>0.0</steeringAngle>
      <velocity>3.2</velocity>
      <orientation>2.5563778831393744</orientation>
      <time>31</time>
    </ksState>
    <ksState>
      <x>683.4542559391333</x>
      <y>180.66898014607347</y>
      <steeringAngle>0.0</steeringAngle>
      <velocity>2.4000000000000004</velocity>
      <orientation>2.5563778831393744</orientation>
      <time>32</time>
    </ksState>
    <ksState>
      <x>683.2875372459649</x>
      <y>180.77945583071224</y>
      <steeringAngle>0.0</steeringAngle>
      <velocity>1.6</velocity>
      <orientation>2.5563778831393744</orientation>
      <time>33</time>
    </ksState>
  </ksTrajectory>
</CommonRoadSolution>
