<?xml version="1.0" ?>
<CommonRoadSolution benchmark_id="KS2:SM1:DEU_Guetersloh-54_1_T-1:2020a" computation_time="0.6759896650000883" date="2023-01-12T15:00:04">
  <ksTrajectory planningProblem="1">
    <ksState>
      <x>-543.65764</x>
      <y>22.8995</y>
      <steeringAngle>0.0</steeringAngle>
      <velocity>4.0</velocity>
      <orientation>-1.6345473</orientation>
      <time>0</time>
    </ksState>
    <ksState>
      <x>-543.6807714589819</x>
      <y>22.46008841042833</y>
      <steeringAngle>0.035533333333333326</steeringAngle>
      <velocity>4.799999999999999</velocity>
      <orientation>-1.631423521330809</orientation>
      <time>1</time>
    </ksState>
    <ksState>
      <x>-543.6943584970519</x>
      <y>21.940048587196237</y>
      <steeringAngle>0.07106666666666667</steeringAngle>
      <velocity>5.599999999999998</velocity>
      <orientation>-1.6205729102696362</orientation>
      <time>2</time>
    </ksState>
    <ksState>
      <x>-543.6887956539638</x>
      <y>21.33937526081206</y>
      <steeringAngle>0.10659999999999999</steeringAngle>
      <velocity>6.3999999999999995</velocity>
      <orientation>-1.5997559612693084</orientation>
      <time>3</time>
    </ksState>
    <ksState>
      <x>-543.650757558733</x>
      <y>20.658881168671982</y>
      <steeringAngle>0.14213333333333333</steeringAngle>
      <velocity>7.199999999999999</velocity>
      <orientation>-1.5666963902881432</orientation>
      <time>4</time>
    </ksState>
    <ksState>
      <x>-543.5625004480627</x>
      <y>19.901121499166</y>
      <steeringAngle>0.17766666666666664</steeringAngle>
      <velocity>7.9999999999999964</velocity>
      <orientation>-1.5190690682065966</orientation>
      <time>5</time>
    </ksState>
    <ksState>
      <x>-543.4192251897421</x>
      <y>19.15034811078482</y>
      <steeringAngle>0.21320000000000014</steeringAngle>
      <velocity>7.200000000000003</velocity>
      <orientation>-1.4608197411351038</orientation>
      <time>6</time>
    </ksState>
    <ksState>
      <x>-543.2370726474297</x>
      <y>18.489491366232322</y>
      <steeringAngle>0.24873333333333347</steeringAngle>
      <velocity>6.400000000000004</velocity>
      <orientation>-1.3989026536493243</orientation>
      <time>7</time>
    </ksState>
    <ksState>
      <x>-543.0278538299287</x>
      <y>17.92013570171114</y>
      <steeringAngle>0.2842666666666668</steeringAngle>
      <velocity>5.600000000000001</velocity>
      <orientation>-1.3354805108854033</orientation>
      <time>8</time>
    </ksState>
    <ksState>
      <x>-542.8050916373322</x>
      <y>17.442024969990555</y>
      <steeringAngle>0.3198</steeringAngle>
      <velocity>4.800000000000002</velocity>
      <orientation>-1.2727514111434506</orientation>
      <time>9</time>
    </ksState>
    <ksState>
      <x>-542.5831088374639</x>
      <y>17.052849768594204</y>
      <steeringAngle>0.3553333333333332</steeringAngle>
      <velocity>4.000000000000001</velocity>
      <orientation>-1.212961577095236</orientation>
      <time>10</time>
    </ksState>
    <ksState>
      <x>-542.3564757072097</x>
      <y>16.71329585174001</y>
      <steeringAngle>0.35533333333333333</steeringAngle>
      <velocity>4.0</velocity>
      <orientation>-1.155404870338522</orientation>
      <time>11</time>
    </ksState>
    <ksState>
      <x>-542.1106850390993</x>
      <y>16.38734123665572</y>
      <steeringAngle>0.35533333333333333</steeringAngle>
      <velocity>4.0</velocity>
      <orientation>-1.097848163581808</orientation>
      <time>12</time>
    </ksState>
    <ksState>
      <x>-541.8465508660214</x>
      <y>16.076065469621177</y>
      <steeringAngle>0.35533333333333333</steeringAngle>
      <velocity>4.0</velocity>
      <orientation>-1.040291456825094</orientation>
      <time>13</time>
    </ksState>
    <ksState>
      <x>-541.5649479630489</x>
      <y>15.780499452497542</y>
      <steeringAngle>0.35533333333333333</steeringAngle>
      <velocity>4.0</velocity>
      <orientation>-0.98273475006838</orientation>
      <time>14</time>
    </ksState>
    <ksState>
      <x>-541.2668089595351</x>
      <y>15.501622058315395</y>
      <steeringAngle>0.35533333333333333</steeringAngle>
      <velocity>4.0</velocity>
      <orientation>-0.925178043311666</orientation>
      <time>15</time>
    </ksState>
    <ksState>
      <x>-540.9819249758691</x>
      <y>15.268378693365253</y>
      <steeringAngle>0.3908666666666668</steeringAngle>
      <velocity>3.2000000000000006</velocity>
      <orientation>-0.8706356565384834</orientation>
      <time>16</time>
    </ksState>
    <ksState>
      <x>-540.7466233073633</x>
      <y>15.102674588843895</y>
      <steeringAngle>0.4264</steeringAngle>
      <velocity>2.3999999999999995</velocity>
      <orientation>-0.8237260197419665</orientation>
      <time>17</time>
    </ksState>
    <ksState>
      <x>-540.5703492019437</x>
      <y>14.994704353820275</y>
      <steeringAngle>0.4619333333333332</steeringAngle>
      <velocity>1.5999999999999996</velocity>
      <orientation>-0.7869283952165697</orientation>
      <time>18</time>
    </ksState>
    <ksState>
      <x>-540.4606436708591</x>
      <y>14.93522722165402</y>
      <steeringAngle>0.49746666666666656</steeringAngle>
      <velocity>0.7999999999999986</velocity>
      <orientation>-0.7628349590665882</orientation>
      <time>19</time>
    </ksState>
    <ksState>
      <x>-540.4231332110554</x>
      <y>14.916658402311931</y>
      <steeringAngle>0.5329999999999998</steeringAngle>
      <velocity>-1.5265566588595902e-15</velocity>
      <orientation>-0.7541722929290073</orientation>
      <time>20</time>
    </ksState>
    <ksState>
      <x>-540.4231332110554</x>
      <y>14.916658402311931</y>
      <steeringAngle>0.49746666666666667</steeringAngle>
      <velocity>0.0</velocity>
      <orientation>-0.7541722929290073</orientation>
      <time>21</time>
    </ksState>
    <ksState>
      <x>-540.4231332110554</x>
      <y>14.916658402311931</y>
      <steeringAngle>0.4619333333333333</steeringAngle>
      <velocity>0.0</velocity>
      <orientation>-0.7541722929290073</orientation>
      <time>22</time>
    </ksState>
    <ksState>
      <x>-540.4231332110554</x>
      <y>14.916658402311931</y>
      <steeringAngle>0.42639999999999995</steeringAngle>
      <velocity>0.0</velocity>
      <orientation>-0.7541722929290073</orientation>
      <time>23</time>
    </ksState>
    <ksState>
      <x>-540.4231332110554</x>
      <y>14.916658402311931</y>
      <steeringAngle>0.3908666666666666</steeringAngle>
      <velocity>0.0</velocity>
      <orientation>-0.7541722929290073</orientation>
      <time>24</time>
    </ksState>
    <ksState>
      <x>-540.4231332110554</x>
      <y>14.916658402311931</y>
      <steeringAngle>0.3553333333333333</steeringAngle>
      <velocity>0.0</velocity>
      <orientation>-0.7541722929290073</orientation>
      <time>25</time>
    </ksState>
    <ksState>
      <x>-540.4231332110554</x>
      <y>14.916658402311931</y>
      <steeringAngle>0.3198</steeringAngle>
      <velocity>0.0</velocity>
      <orientation>-0.7541722929290073</orientation>
      <time>26</time>
    </ksState>
    <ksState>
      <x>-540.4231332110554</x>
      <y>14.916658402311931</y>
      <steeringAngle>0.2842666666666666</steeringAngle>
      <velocity>0.0</velocity>
      <orientation>-0.7541722929290073</orientation>
      <time>27</time>
    </ksState>
    <ksState>
      <x>-540.4231332110554</x>
      <y>14.916658402311931</y>
      <steeringAngle>0.24873333333333333</steeringAngle>
      <velocity>0.0</velocity>
      <orientation>-0.7541722929290073</orientation>
      <time>28</time>
    </ksState>
    <ksState>
      <x>-540.4231332110554</x>
      <y>14.916658402311931</y>
      <steeringAngle>0.21320000000000003</steeringAngle>
      <velocity>0.0</velocity>
      <orientation>-0.7541722929290073</orientation>
      <time>29</time>
    </ksState>
    <ksState>
      <x>-540.4231332110554</x>
      <y>14.916658402311931</y>
      <steeringAngle>0.1776666666666667</steeringAngle>
      <velocity>0.0</velocity>
      <orientation>-0.7541722929290073</orientation>
      <time>30</time>
    </ksState>
    <ksState>
      <x>-540.4231332110554</x>
      <y>14.916658402311931</y>
      <steeringAngle>0.14213333333333336</steeringAngle>
      <velocity>0.0</velocity>
      <orientation>-0.7541722929290073</orientation>
      <time>31</time>
    </ksState>
    <ksState>
      <x>-540.4231332110554</x>
      <y>14.916658402311931</y>
      <steeringAngle>0.10660000000000001</steeringAngle>
      <velocity>0.0</velocity>
      <orientation>-0.7541722929290073</orientation>
      <time>32</time>
    </ksState>
    <ksState>
      <x>-540.4231332110554</x>
      <y>14.916658402311931</y>
      <steeringAngle>0.07106666666666668</steeringAngle>
      <velocity>0.0</velocity>
      <orientation>-0.7541722929290073</orientation>
      <time>33</time>
    </ksState>
  </ksTrajectory>
</CommonRoadSolution>
