<?xml version="1.0" ?>
<CommonRoadSolution benchmark_id="KS2:SM1:HRV_Pula-27_2_T-1:2020a" computation_time="2.140099810999345" date="2023-01-12T15:00:04">
  <ksTrajectory planningProblem="1">
    <ksState>
      <x>-632.31015</x>
      <y>-25.38328</y>
      <steeringAngle>0.0</steeringAngle>
      <velocity>4.0</velocity>
      <orientation>1.1588998</orientation>
      <time>0</time>
    </ksState>
    <ksState>
      <x>-632.1626542366847</x>
      <y>-25.05486642761768</y>
      <steeringAngle>-0.03553333333333333</steeringAngle>
      <velocity>3.2</velocity>
      <orientation>1.1565110516202073</orientation>
      <time>1</time>
    </ksState>
    <ksState>
      <x>-632.0418811197142</x>
      <y>-24.80212551774955</y>
      <steeringAngle>-0.07106666666666668</steeringAngle>
      <velocity>2.4</velocity>
      <orientation>1.1508101366144108</orientation>
      <time>2</time>
    </ksState>
    <ksState>
      <x>-631.9509113717378</x>
      <y>-24.623750959511995</y>
      <steeringAngle>-0.10660000000000003</steeringAngle>
      <velocity>1.5999999999999994</velocity>
      <orientation>1.1439946028696792</orientation>
      <time>3</time>
    </ksState>
    <ksState>
      <x>-631.8935347517073</x>
      <y>-24.51804408996214</y>
      <steeringAngle>-0.14213333333333342</steeringAngle>
      <velocity>0.7999999999999988</velocity>
      <orientation>1.1382703413831996</orientation>
      <time>4</time>
    </ksState>
    <ksState>
      <x>-631.8736177600517</x>
      <y>-24.48318674866078</y>
      <steeringAngle>-0.17766666666666675</steeringAngle>
      <velocity>-1.5265566588595902e-15</velocity>
      <orientation>1.1358628469086438</orientation>
      <time>5</time>
    </ksState>
    <ksState>
      <x>-631.8736177600517</x>
      <y>-24.48318674866078</y>
      <steeringAngle>-0.14213333333333336</steeringAngle>
      <velocity>0.0</velocity>
      <orientation>1.1358628469086438</orientation>
      <time>6</time>
    </ksState>
    <ksState>
      <x>-631.8736177600517</x>
      <y>-24.48318674866078</y>
      <steeringAngle>-0.10660000000000001</steeringAngle>
      <velocity>0.0</velocity>
      <orientation>1.1358628469086438</orientation>
      <time>7</time>
    </ksState>
    <ksState>
      <x>-631.8736177600517</x>
      <y>-24.48318674866078</y>
      <steeringAngle>-0.07106666666666668</steeringAngle>
      <velocity>0.0</velocity>
      <orientation>1.1358628469086438</orientation>
      <time>8</time>
    </ksState>
    <ksState>
      <x>-631.8736177600517</x>
      <y>-24.48318674866078</y>
      <steeringAngle>-0.03553333333333333</steeringAngle>
      <velocity>0.0</velocity>
      <orientation>1.1358628469086438</orientation>
      <time>9</time>
    </ksState>
    <ksState>
      <x>-631.8736177600517</x>
      <y>-24.48318674866078</y>
      <steeringAngle>-0.0</steeringAngle>
      <velocity>0.0</velocity>
      <orientation>1.1358628469086438</orientation>
      <time>10</time>
    </ksState>
    <ksState>
      <x>-631.8736177600517</x>
      <y>-24.48318674866078</y>
      <steeringAngle>0.0</steeringAngle>
      <velocity>0.0</velocity>
      <orientation>1.1358628469086438</orientation>
      <time>11</time>
    </ksState>
    <ksState>
      <x>-631.8736177600517</x>
      <y>-24.48318674866078</y>
      <steeringAngle>0.0</steeringAngle>
      <velocity>0.0</velocity>
      <orientation>1.1358628469086438</orientation>
      <time>12</time>
    </ksState>
    <ksState>
      <x>-631.8736177600517</x>
      <y>-24.48318674866078</y>
      <steeringAngle>0.0</steeringAngle>
      <velocity>0.0</velocity>
      <orientation>1.1358628469086438</orientation>
      <time>13</time>
    </ksState>
    <ksState>
      <x>-631.8736177600517</x>
      <y>-24.48318674866078</y>
      <steeringAngle>0.0</steeringAngle>
      <velocity>0.0</velocity>
      <orientation>1.1358628469086438</orientation>
      <time>14</time>
    </ksState>
    <ksState>
      <x>-631.8736177600517</x>
      <y>-24.48318674866078</y>
      <steeringAngle>0.0</steeringAngle>
      <velocity>0.0</velocity>
      <orientation>1.1358628469086438</orientation>
      <time>15</time>
    </ksState>
    <ksState>
      <x>-631.8736177600517</x>
      <y>-24.48318674866078</y>
      <steeringAngle>0.0</steeringAngle>
      <velocity>0.0</velocity>
      <orientation>1.1358628469086438</orientation>
      <time>16</time>
    </ksState>
    <ksState>
      <x>-631.8736177600517</x>
      <y>-24.48318674866078</y>
      <steeringAngle>0.0</steeringAngle>
      <velocity>0.0</velocity>
      <orientation>1.1358628469086438</orientation>
      <time>17</time>
    </ksState>
    <ksState>
      <x>-631.8736177600517</x>
      <y>-24.48318674866078</y>
      <steeringAngle>0.0</steeringAngle>
      <velocity>0.0</velocity>
      <orientation>1.1358628469086438</orientation>
      <time>18</time>
    </ksState>
    <ksState>
      <x>-631.8736177600517</x>
      <y>-24.48318674866078</y>
      <steeringAngle>0.0</steeringAngle>
      <velocity>0.0</velocity>
      <orientation>1.1358628469086438</orientation>
      <time>19</time>
    </ksState>
    <ksState>
      <x>-631.8736177600517</x>
      <y>-24.48318674866078</y>
      <steeringAngle>0.0</steeringAngle>
      <velocity>0.0</velocity>
      <orientation>1.1358628469086438</orientation>
      <time>20</time>
    </ksState>
    <ksState>
      <x>-631.8736177600517</x>
      <y>-24.48318674866078</y>
      <steeringAngle>0.0</steeringAngle>
      <velocity>0.0</velocity>
      <orientation>1.1358628469086438</orientation>
      <time>21</time>
    </ksState>
    <ksState>
      <x>-631.8736177600517</x>
      <y>-24.48318674866078</y>
      <steeringAngle>0.0</steeringAngle>
      <velocity>0.0</velocity>
      <orientation>1.1358628469086438</orientation>
      <time>22</time>
    </ksState>
    <ksState>
      <x>-631.8736177600517</x>
      <y>-24.48318674866078</y>
      <steeringAngle>0.0</steeringAngle>
      <velocity>0.0</velocity>
      <orientation>1.1358628469086438</orientation>
      <time>23</time>
    </ksState>
    <ksState>
      <x>-631.8736177600517</x>
      <y>-24.48318674866078</y>
      <steeringAngle>0.0</steeringAngle>
      <velocity>0.0</velocity>
      <orientation>1.1358628469086438</orientation>
      <time>24</time>
    </ksState>
    <ksState>
      <x>-631.8736177600517</x>
      <y>-24.48318674866078</y>
      <steeringAngle>0.0</steeringAngle>
      <velocity>0.0</velocity>
      <orientation>1.1358628469086438</orientation>
      <time>25</time>
    </ksState>
    <ksState>
      <x>-631.8736177600517</x>
      <y>-24.48318674866078</y>
      <steeringAngle>0.0</steeringAngle>
      <velocity>0.0</velocity>
      <orientation>1.1358628469086438</orientation>
      <time>26</time>
    </ksState>
    <ksState>
      <x>-631.8736177600517</x>
      <y>-24.48318674866078</y>
      <steeringAngle>0.0</steeringAngle>
      <velocity>0.0</velocity>
      <orientation>1.1358628469086438</orientation>
      <time>27</time>
    </ksState>
    <ksState>
      <x>-631.8736177600517</x>
      <y>-24.48318674866078</y>
      <steeringAngle>0.0</steeringAngle>
      <velocity>0.0</velocity>
      <orientation>1.1358628469086438</orientation>
      <time>28</time>
    </ksState>
    <ksState>
      <x>-631.8736177600517</x>
      <y>-24.48318674866078</y>
      <steeringAngle>0.0</steeringAngle>
      <velocity>0.0</velocity>
      <orientation>1.1358628469086438</orientation>
      <time>29</time>
    </ksState>
    <ksState>
      <x>-631.8736177600517</x>
      <y>-24.48318674866078</y>
      <steeringAngle>0.0</steeringAngle>
      <velocity>0.0</velocity>
      <orientation>1.1358628469086438</orientation>
      <time>30</time>
    </ksState>
    <ksState>
      <x>-631.8736177600517</x>
      <y>-24.48318674866078</y>
      <steeringAngle>0.0</steeringAngle>
      <velocity>0.0</velocity>
      <orientation>1.1358628469086438</orientation>
      <time>31</time>
    </ksState>
    <ksState>
      <x>-631.8736177600517</x>
      <y>-24.48318674866078</y>
      <steeringAngle>0.0</steeringAngle>
      <velocity>0.0</velocity>
      <orientation>1.1358628469086438</orientation>
      <time>32</time>
    </ksState>
    <ksState>
      <x>-631.8736177600517</x>
      <y>-24.48318674866078</y>
      <steeringAngle>0.0</steeringAngle>
      <velocity>0.0</velocity>
      <orientation>1.1358628469086438</orientation>
      <time>33</time>
    </ksState>
  </ksTrajectory>
</CommonRoadSolution>
