<?xml version="1.0" ?>
<CommonRoadSolution benchmark_id="KS2:SM1:DEU_Lohmar-34_1_T-1:2020a" computation_time="2.22860042999946" date="2023-01-12T15:00:04">
  <ksTrajectory planningProblem="123">
    <ksState>
      <x>171.08643</x>
      <y>-331.74458</y>
      <steeringAngle>0.0</steeringAngle>
      <velocity>4.0</velocity>
      <orientation>-1.5790998</orientation>
      <time>0</time>
    </ksState>
    <ksState>
      <x>171.08768588155505</x>
      <y>-332.1845982180388</y>
      <steeringAngle>0.035533333333333326</steeringAngle>
      <velocity>4.799999999999999</velocity>
      <orientation>-1.5759760213308092</orientation>
      <time>1</time>
    </ksState>
    <ksState>
      <x>171.10293985954252</x>
      <y>-332.70459181560165</y>
      <steeringAngle>0.07106666666666667</steeringAngle>
      <velocity>5.599999999999998</velocity>
      <orientation>-1.5651254102696364</orientation>
      <time>2</time>
    </ksState>
    <ksState>
      <x>171.1417829243868</x>
      <y>-333.3040337281888</y>
      <steeringAngle>0.10659999999999999</steeringAngle>
      <velocity>6.3999999999999995</velocity>
      <orientation>-1.5443084612693085</orientation>
      <time>3</time>
    </ksState>
    <ksState>
      <x>171.21747492722247</x>
      <y>-333.9813739874626</y>
      <steeringAngle>0.14213333333333333</steeringAngle>
      <velocity>7.199999999999999</velocity>
      <orientation>-1.5112488902881434</orientation>
      <time>4</time>
    </ksState>
    <ksState>
      <x>171.3475907561738</x>
      <y>-334.73307798862925</y>
      <steeringAngle>0.17766666666666664</steeringAngle>
      <velocity>7.9999999999999964</velocity>
      <orientation>-1.4636215682065967</orientation>
      <time>5</time>
    </ksState>
    <ksState>
      <x>171.5146957576065</x>
      <y>-335.4775572095713</y>
      <steeringAngle>0.1421333333333334</steeringAngle>
      <velocity>7.2</velocity>
      <orientation>-1.4159942464609598</orientation>
      <time>6</time>
    </ksState>
    <ksState>
      <x>171.67750160264606</x>
      <y>-336.1394595845271</y>
      <steeringAngle>0.10660000000000011</steeringAngle>
      <velocity>6.4</velocity>
      <orientation>-1.382934676012992</orientation>
      <time>7</time>
    </ksState>
    <ksState>
      <x>171.8251276382751</x>
      <y>-336.72177844928206</y>
      <steeringAngle>0.07106666666666674</steeringAngle>
      <velocity>5.600000000000001</velocity>
      <orientation>-1.3621177277191034</orientation>
      <time>8</time>
    </ksState>
    <ksState>
      <x>171.95100116196926</x>
      <y>-337.2265567020597</y>
      <steeringAngle>0.03553333333333339</steeringAngle>
      <velocity>4.800000000000001</velocity>
      <orientation>-1.3512671180614404</orientation>
      <time>9</time>
    </ksState>
    <ksState>
      <x>172.05204328369547</x>
      <y>-337.65482302598315</y>
      <steeringAngle>5.5294310796760726e-17</steeringAngle>
      <velocity>4.0</velocity>
      <orientation>-1.348143342224275</orientation>
      <time>10</time>
    </ksState>
    <ksState>
      <x>172.1403704408691</x>
      <y>-338.0449490483216</y>
      <steeringAngle>0.0</steeringAngle>
      <velocity>4.0</velocity>
      <orientation>-1.348143342224275</orientation>
      <time>11</time>
    </ksState>
    <ksState>
      <x>172.22869759804274</x>
      <y>-338.43507507066005</y>
      <steeringAngle>0.0</steeringAngle>
      <velocity>4.0</velocity>
      <orientation>-1.348143342224275</orientation>
      <time>12</time>
    </ksState>
    <ksState>
      <x>172.31702475521635</x>
      <y>-338.8252010929985</y>
      <steeringAngle>0.0</steeringAngle>
      <velocity>4.0</velocity>
      <orientation>-1.348143342224275</orientation>
      <time>13</time>
    </ksState>
    <ksState>
      <x>172.40535191239</x>
      <y>-339.21532711533695</y>
      <steeringAngle>0.0</steeringAngle>
      <velocity>4.0</velocity>
      <orientation>-1.348143342224275</orientation>
      <time>14</time>
    </ksState>
    <ksState>
      <x>172.49367906956363</x>
      <y>-339.6054531376754</y>
      <steeringAngle>0.0</steeringAngle>
      <velocity>4.0</velocity>
      <orientation>-1.348143342224275</orientation>
      <time>15</time>
    </ksState>
    <ksState>
      <x>172.58200622673726</x>
      <y>-339.99557916001385</y>
      <steeringAngle>0.0</steeringAngle>
      <velocity>4.0</velocity>
      <orientation>-1.348143342224275</orientation>
      <time>16</time>
    </ksState>
    <ksState>
      <x>172.6703333839109</x>
      <y>-340.3857051823523</y>
      <steeringAngle>0.0</steeringAngle>
      <velocity>4.0</velocity>
      <orientation>-1.348143342224275</orientation>
      <time>17</time>
    </ksState>
    <ksState>
      <x>172.7586605410845</x>
      <y>-340.77583120469075</y>
      <steeringAngle>0.0</steeringAngle>
      <velocity>4.0</velocity>
      <orientation>-1.348143342224275</orientation>
      <time>18</time>
    </ksState>
    <ksState>
      <x>172.84698769825815</x>
      <y>-341.1659572270292</y>
      <steeringAngle>0.0</steeringAngle>
      <velocity>4.0</velocity>
      <orientation>-1.348143342224275</orientation>
      <time>19</time>
    </ksState>
    <ksState>
      <x>172.93531485543178</x>
      <y>-341.55608324936765</y>
      <steeringAngle>0.0</steeringAngle>
      <velocity>4.0</velocity>
      <orientation>-1.348143342224275</orientation>
      <time>20</time>
    </ksState>
    <ksState>
      <x>173.03726138452024</x>
      <y>-341.9841305769511</y>
      <steeringAngle>0.035533333333333326</steeringAngle>
      <velocity>4.799999999999999</velocity>
      <orientation>-1.3450195635550841</orientation>
      <time>21</time>
    </ksState>
    <ksState>
      <x>173.17114139051995</x>
      <y>-342.48682548377263</y>
      <steeringAngle>0.07106666666666667</steeringAngle>
      <velocity>5.599999999999998</velocity>
      <orientation>-1.3341689524939113</orientation>
      <time>22</time>
    </ksState>
    <ksState>
      <x>173.3461705532628</x>
      <y>-343.06145943894944</y>
      <steeringAngle>0.10659999999999999</steeringAngle>
      <velocity>6.3999999999999995</velocity>
      <orientation>-1.3133520034935835</orientation>
      <time>23</time>
    </ksState>
    <ksState>
      <x>173.57490184575263</x>
      <y>-343.70348833390847</y>
      <steeringAngle>0.14213333333333333</steeringAngle>
      <velocity>7.199999999999999</velocity>
      <orientation>-1.2802924325124183</orientation>
      <time>24</time>
    </ksState>
    <ksState>
      <x>173.87363440415305</x>
      <y>-344.4054483704242</y>
      <steeringAngle>0.17766666666666664</steeringAngle>
      <velocity>7.9999999999999964</velocity>
      <orientation>-1.2326651104308717</orientation>
      <time>25</time>
    </ksState>
    <ksState>
      <x>174.23387919882754</x>
      <y>-345.12401404637734</y>
      <steeringAngle>0.17766666666666667</steeringAngle>
      <velocity>8.0</velocity>
      <orientation>-1.1769641341203598</orientation>
      <time>26</time>
    </ksState>
    <ksState>
      <x>174.63356941947268</x>
      <y>-345.8214097227909</y>
      <steeringAngle>0.17766666666666667</steeringAngle>
      <velocity>8.0</velocity>
      <orientation>-1.1212631578098482</orientation>
      <time>27</time>
    </ksState>
    <ksState>
      <x>175.0714652963281</x>
      <y>-346.49547218742543</y>
      <steeringAngle>0.17766666666666667</steeringAngle>
      <velocity>8.0</velocity>
      <orientation>-1.0655621814993363</orientation>
      <time>28</time>
    </ksState>
    <ksState>
      <x>175.54620856547734</x>
      <y>-347.14411063567945</y>
      <steeringAngle>0.17766666666666667</steeringAngle>
      <velocity>8.0</velocity>
      <orientation>-1.0098612051888247</orientation>
      <time>29</time>
    </ksState>
    <ksState>
      <x>176.05632667065169</x>
      <y>-347.76531312330053</y>
      <steeringAngle>0.17766666666666667</steeringAngle>
      <velocity>8.0</velocity>
      <orientation>-0.9541602288783129</orientation>
      <time>30</time>
    </ksState>
    <ksState>
      <x>176.60023731100162</x>
      <y>-348.35715276210664</y>
      <steeringAngle>0.17766666666666667</steeringAngle>
      <velocity>8.0</velocity>
      <orientation>-0.8984592525678011</orientation>
      <time>31</time>
    </ksState>
    <ksState>
      <x>177.17625342492778</x>
      <y>-348.91779385804693</y>
      <steeringAngle>0.17766666666666667</steeringAngle>
      <velocity>8.0</velocity>
      <orientation>-0.8427582762572894</orientation>
      <time>32</time>
    </ksState>
    <ksState>
      <x>177.78258830708543</x>
      <y>-349.44549738833166</y>
      <steeringAngle>0.17766666666666667</steeringAngle>
      <velocity>8.0</velocity>
      <orientation>-0.7870572999467776</orientation>
      <time>33</time>
    </ksState>
    <ksState>
      <x>178.41736123003955</x>
      <y>-349.9386265239951</y>
      <steeringAngle>0.17766666666666667</steeringAngle>
      <velocity>8.0</velocity>
      <orientation>-0.7313563236362658</orientation>
      <time>34</time>
    </ksState>
    <ksState>
      <x>179.07860325813215</x>
      <y>-350.39565167881403</y>
      <steeringAngle>0.17766666666666667</steeringAngle>
      <velocity>8.0</velocity>
      <orientation>-0.675655347325754</orientation>
      <time>35</time>
    </ksState>
    <ksState>
      <x>179.76426332333514</x>
      <y>-350.8151552160266</y>
      <steeringAngle>0.17766666666666667</steeringAngle>
      <velocity>8.0</velocity>
      <orientation>-0.6199543710152423</orientation>
      <time>36</time>
    </ksState>
    <ksState>
      <x>180.47221470450816</x>
      <y>-351.19583597973144</y>
      <steeringAngle>0.17766666666666667</steeringAngle>
      <velocity>8.0</velocity>
      <orientation>-0.5642533947047306</orientation>
      <time>37</time>
    </ksState>
    <ksState>
      <x>181.20026145299641</x>
      <y>-351.5365131542116</y>
      <steeringAngle>0.17766666666666667</steeringAngle>
      <velocity>8.0</velocity>
      <orientation>-0.5085524183942188</orientation>
      <time>38</time>
    </ksState>
    <ksState>
      <x>181.9461453159239</x>
      <y>-351.8361300282028</y>
      <steeringAngle>0.17766666666666667</steeringAngle>
      <velocity>8.0</velocity>
      <orientation>-0.452851442083707</orientation>
      <time>39</time>
    </ksState>
    <ksState>
      <x>182.70755271407924</x>
      <y>-352.0937572509251</y>
      <steeringAngle>0.17766666666666667</steeringAngle>
      <velocity>8.0</velocity>
      <orientation>-0.3971504657731952</orientation>
      <time>40</time>
    </ksState>
    <ksState>
      <x>183.48212187761473</x>
      <y>-352.30859568707655</y>
      <steeringAngle>0.17766666666666667</steeringAngle>
      <velocity>8.0</velocity>
      <orientation>-0.3414494894626834</orientation>
      <time>41</time>
    </ksState>
    <ksState>
      <x>184.26745032140764</x>
      <y>-352.47997899235895</y>
      <steeringAngle>0.17766666666666667</steeringAngle>
      <velocity>8.0</velocity>
      <orientation>-0.28574851315217165</orientation>
      <time>42</time>
    </ksState>
    <ksState>
      <x>185.06110208406352</x>
      <y>-352.60737555757686</y>
      <steeringAngle>0.17766666666666667</steeringAngle>
      <velocity>8.0</velocity>
      <orientation>-0.23004753684165996</orientation>
      <time>43</time>
    </ksState>
    <ksState>
      <x>185.86061541930465</x>
      <y>-352.6903902245187</y>
      <steeringAngle>0.17766666666666667</steeringAngle>
      <velocity>8.0</velocity>
      <orientation>-0.17434656053114814</orientation>
      <time>44</time>
    </ksState>
    <ksState>
      <x>186.6635104001241</x>
      <y>-352.7287654981757</y>
      <steeringAngle>0.17766666666666667</steeringAngle>
      <velocity>8.0</velocity>
      <orientation>-0.11864558422063631</orientation>
      <time>45</time>
    </ksState>
    <ksState>
      <x>187.4666479914396</x>
      <y>-352.73193393252063</y>
      <steeringAngle>0.14213333333333336</steeringAngle>
      <velocity>8.0</velocity>
      <orientation>-0.06861077267188788</orientation>
      <time>46</time>
    </ksState>
    <ksState>
      <x>188.26837996743774</x>
      <y>-352.7154370179804</y>
      <steeringAngle>0.1066000000000001</steeringAngle>
      <velocity>8.0</velocity>
      <orientation>-0.02982692066489054</orientation>
      <time>47</time>
    </ksState>
    <ksState>
      <x>189.06889281592075</x>
      <y>-352.6881970895588</y>
      <steeringAngle>0.07106666666666674</steeringAngle>
      <velocity>8.0</velocity>
      <orientation>-0.002194441635203631</orientation>
      <time>48</time>
    </ksState>
    <ksState>
      <x>189.868720800297</x>
      <y>-352.6590477441751</y>
      <steeringAngle>0.035533333333333354</steeringAngle>
      <velocity>8.0</velocity>
      <orientation>0.014357078993825712</orientation>
      <time>49</time>
    </ksState>
    <ksState>
      <x>190.66845544647646</x>
      <y>-352.636781154958</y>
      <steeringAngle>2.0816681711721685e-17</steeringAngle>
      <velocity>8.0</velocity>
      <orientation>0.019869605452230543</orientation>
      <time>50</time>
    </ksState>
    <ksState>
      <x>191.46861638478555</x>
      <y>-352.63019703924806</y>
      <steeringAngle>-0.03553333333333333</steeringAngle>
      <velocity>8.0</velocity>
      <orientation>0.014357070449391765</orientation>
      <time>51</time>
    </ksState>
    <ksState>
      <x>192.26888868584905</x>
      <y>-352.6481435381486</y>
      <steeringAngle>-0.07106666666666667</steeringAngle>
      <velocity>8.0</velocity>
      <orientation>-0.0021944504308778756</orientation>
      <time>52</time>
    </ksState>
    <ksState>
      <x>193.06830061664107</x>
      <y>-352.69952191060963</y>
      <steeringAngle>-0.10659999999999997</steeringAngle>
      <velocity>8.0</velocity>
      <orientation>-0.029826929721572776</orientation>
      <time>53</time>
    </ksState>
    <ksState>
      <x>193.8647610964657</x>
      <y>-352.79325106113527</y>
      <steeringAngle>-0.1421333333333333</steeringAngle>
      <velocity>8.0</velocity>
      <orientation>-0.0686107819943077</orientation>
      <time>54</time>
    </ksState>
    <ksState>
      <x>194.65474663471312</x>
      <y>-352.9381686335294</y>
      <steeringAngle>-0.17766666666666667</steeringAngle>
      <velocity>8.0</velocity>
      <orientation>-0.11864559424346238</orientation>
      <time>55</time>
    </ksState>
    <ksState>
      <x>195.43612375457536</x>
      <y>-353.123883000545</y>
      <steeringAngle>-0.14213333333333336</steeringAngle>
      <velocity>8.0</velocity>
      <orientation>-0.16868040579221083</orientation>
      <time>56</time>
    </ksState>
    <ksState>
      <x>196.21151190194885</x>
      <y>-353.328381241222</y>
      <steeringAngle>-0.1066000000000001</steeringAngle>
      <velocity>8.0</velocity>
      <orientation>-0.20746425779920816</orientation>
      <time>57</time>
    </ksState>
    <ksState>
      <x>196.98318971736285</x>
      <y>-353.5430348773074</y>
      <steeringAngle>-0.07106666666666674</steeringAngle>
      <velocity>8.0</velocity>
      <orientation>-0.23509673682889506</orientation>
      <time>58</time>
    </ksState>
    <ksState>
      <x>197.75375301197792</x>
      <y>-353.75938343385377</y>
      <steeringAngle>-0.035533333333333354</steeringAngle>
      <velocity>8.0</velocity>
      <orientation>-0.2516482574579244</orientation>
      <time>59</time>
    </ksState>
    <ksState>
      <x>198.52584351734947</x>
      <y>-353.9690201596683</y>
      <steeringAngle>-2.0816681711721685e-17</steeringAngle>
      <velocity>8.0</velocity>
      <orientation>-0.25716078391632924</orientation>
      <time>60</time>
    </ksState>
    <ksState>
      <x>199.30188154353507</x>
      <y>-354.16347621404805</y>
      <steeringAngle>0.03553333333333333</steeringAngle>
      <velocity>8.0</velocity>
      <orientation>-0.25164824891349047</orientation>
      <time>61</time>
    </ksState>
    <ksState>
      <x>200.0837938309592</x>
      <y>-354.33411691498054</y>
      <steeringAngle>0.07106666666666667</steeringAngle>
      <velocity>8.0</velocity>
      <orientation>-0.23509672803322082</orientation>
      <time>62</time>
    </ksState>
    <ksState>
      <x>200.87272794890902</x>
      <y>-354.4720637168918</y>
      <steeringAngle>0.10659999999999997</steeringAngle>
      <velocity>8.0</velocity>
      <orientation>-0.20746424874252592</orientation>
      <time>63</time>
    </ksState>
    <ksState>
      <x>201.66874774488917</x>
      <y>-354.5681578288935</y>
      <steeringAngle>0.1421333333333333</steeringAngle>
      <velocity>8.0</velocity>
      <orientation>-0.168680396469791</orientation>
      <time>64</time>
    </ksState>
    <ksState>
      <x>202.4705058641763</x>
      <y>-354.61298276606595</y>
      <steeringAngle>0.17766666666666667</steeringAngle>
      <velocity>8.0</velocity>
      <orientation>-0.11864558422063631</orientation>
      <time>65</time>
    </ksState>
    <ksState>
      <x>203.2736434554918</x>
      <y>-354.6161512004109</y>
      <steeringAngle>0.14213333333333336</steeringAngle>
      <velocity>8.0</velocity>
      <orientation>-0.06861077267188788</orientation>
      <time>66</time>
    </ksState>
    <ksState>
      <x>204.07537543148993</x>
      <y>-354.59965428587066</y>
      <steeringAngle>0.1066000000000001</steeringAngle>
      <velocity>8.0</velocity>
      <orientation>-0.02982692066489054</orientation>
      <time>67</time>
    </ksState>
    <ksState>
      <x>204.87588827997294</x>
      <y>-354.5724143574491</y>
      <steeringAngle>0.07106666666666674</steeringAngle>
      <velocity>8.0</velocity>
      <orientation>-0.002194441635203631</orientation>
      <time>68</time>
    </ksState>
    <ksState>
      <x>205.6757162643492</x>
      <y>-354.5432650120654</y>
      <steeringAngle>0.035533333333333354</steeringAngle>
      <velocity>8.0</velocity>
      <orientation>0.014357078993825712</orientation>
      <time>69</time>
    </ksState>
    <ksState>
      <x>206.47545091052865</x>
      <y>-354.52099842284827</y>
      <steeringAngle>2.0816681711721685e-17</steeringAngle>
      <velocity>8.0</velocity>
      <orientation>0.019869605452230543</orientation>
      <time>70</time>
    </ksState>
    <ksState>
      <x>207.27561184883774</x>
      <y>-354.51441430713834</y>
      <steeringAngle>-0.03553333333333333</steeringAngle>
      <velocity>8.0</velocity>
      <orientation>0.014357070449391765</orientation>
      <time>71</time>
    </ksState>
    <ksState>
      <x>208.07588414990124</x>
      <y>-354.53236080603887</y>
      <steeringAngle>-0.07106666666666667</steeringAngle>
      <velocity>8.0</velocity>
      <orientation>-0.0021944504308778756</orientation>
      <time>72</time>
    </ksState>
    <ksState>
      <x>208.87529608069326</x>
      <y>-354.5837391784999</y>
      <steeringAngle>-0.10659999999999997</steeringAngle>
      <velocity>8.0</velocity>
      <orientation>-0.029826929721572776</orientation>
      <time>73</time>
    </ksState>
    <ksState>
      <x>209.6717565605179</x>
      <y>-354.67746832902554</y>
      <steeringAngle>-0.1421333333333333</steeringAngle>
      <velocity>8.0</velocity>
      <orientation>-0.0686107819943077</orientation>
      <time>74</time>
    </ksState>
    <ksState>
      <x>210.4617420987653</x>
      <y>-354.8223859014197</y>
      <steeringAngle>-0.17766666666666667</steeringAngle>
      <velocity>8.0</velocity>
      <orientation>-0.11864559424346238</orientation>
      <time>75</time>
    </ksState>
    <ksState>
      <x>211.24311921862756</x>
      <y>-355.00810026843527</y>
      <steeringAngle>-0.14213333333333336</steeringAngle>
      <velocity>8.0</velocity>
      <orientation>-0.16868040579221083</orientation>
      <time>76</time>
    </ksState>
    <ksState>
      <x>212.01850736600105</x>
      <y>-355.2125985091123</y>
      <steeringAngle>-0.1066000000000001</steeringAngle>
      <velocity>8.0</velocity>
      <orientation>-0.20746425779920816</orientation>
      <time>77</time>
    </ksState>
    <ksState>
      <x>212.79018518141504</x>
      <y>-355.42725214519766</y>
      <steeringAngle>-0.07106666666666674</steeringAngle>
      <velocity>8.0</velocity>
      <orientation>-0.23509673682889506</orientation>
      <time>78</time>
    </ksState>
    <ksState>
      <x>213.5607484760301</x>
      <y>-355.64360070174405</y>
      <steeringAngle>-0.035533333333333354</steeringAngle>
      <velocity>8.0</velocity>
      <orientation>-0.2516482574579244</orientation>
      <time>79</time>
    </ksState>
    <ksState>
      <x>214.33283898140166</x>
      <y>-355.85323742755855</y>
      <steeringAngle>-2.0816681711721685e-17</steeringAngle>
      <velocity>8.0</velocity>
      <orientation>-0.25716078391632924</orientation>
      <time>80</time>
    </ksState>
    <ksState>
      <x>215.10887700758727</x>
      <y>-356.0476934819383</y>
      <steeringAngle>0.03553333333333333</steeringAngle>
      <velocity>8.0</velocity>
      <orientation>-0.25164824891349047</orientation>
      <time>81</time>
    </ksState>
    <ksState>
      <x>215.8907892950114</x>
      <y>-356.2183341828708</y>
      <steeringAngle>0.07106666666666667</steeringAngle>
      <velocity>8.0</velocity>
      <orientation>-0.23509672803322082</orientation>
      <time>82</time>
    </ksState>
    <ksState>
      <x>216.6797234129612</x>
      <y>-356.3562809847821</y>
      <steeringAngle>0.10659999999999997</steeringAngle>
      <velocity>8.0</velocity>
      <orientation>-0.20746424874252592</orientation>
      <time>83</time>
    </ksState>
    <ksState>
      <x>217.47574320894137</x>
      <y>-356.4523750967838</y>
      <steeringAngle>0.1421333333333333</steeringAngle>
      <velocity>8.0</velocity>
      <orientation>-0.168680396469791</orientation>
      <time>84</time>
    </ksState>
    <ksState>
      <x>218.27750132822848</x>
      <y>-356.49720003395623</y>
      <steeringAngle>0.17766666666666667</steeringAngle>
      <velocity>8.0</velocity>
      <orientation>-0.11864558422063631</orientation>
      <time>85</time>
    </ksState>
    <ksState>
      <x>219.08128749252342</x>
      <y>-356.4908168657711</y>
      <steeringAngle>0.17766666666666667</steeringAngle>
      <velocity>8.0</velocity>
      <orientation>-0.06294460791012452</orientation>
      <time>86</time>
    </ksState>
    <ksState>
      <x>219.88347173847214</x>
      <y>-356.4396950748074</y>
      <steeringAngle>0.17766666666666667</steeringAngle>
      <velocity>8.0</velocity>
      <orientation>-0.0072436315996127765</orientation>
      <time>87</time>
    </ksState>
    <ksState>
      <x>220.68156581906953</x>
      <y>-356.3439932268026</y>
      <steeringAngle>0.17766666666666667</steeringAngle>
      <velocity>8.0</velocity>
      <orientation>0.04845734471089891</orientation>
      <time>88</time>
    </ksState>
    <ksState>
      <x>221.4730942088746</x>
      <y>-356.2040081694269</y>
      <steeringAngle>0.17766666666666667</steeringAngle>
      <velocity>8.0</velocity>
      <orientation>0.10415832102141073</orientation>
      <time>89</time>
    </ksState>
    <ksState>
      <x>222.25560174841945</x>
      <y>-356.0201741072708</y>
      <steeringAngle>0.17766666666666667</steeringAngle>
      <velocity>8.0</velocity>
      <orientation>0.15985929733192256</orientation>
      <time>90</time>
    </ksState>
    <ksState>
      <x>222.99024821975976</x>
      <y>-355.81409656345426</y>
      <steeringAngle>0.1421333333333334</steeringAngle>
      <velocity>7.2</velocity>
      <orientation>0.2074866190775595</orientation>
      <time>91</time>
    </ksState>
    <ksState>
      <x>223.6426588155634</x>
      <y>-355.61666072163626</y>
      <steeringAngle>0.10660000000000011</steeringAngle>
      <velocity>6.4</velocity>
      <orientation>0.24054618952552745</orientation>
      <time>92</time>
    </ksState>
    <ksState>
      <x>224.2163956953689</x>
      <y>-355.43857450825624</y>
      <steeringAngle>0.07106666666666674</steeringAngle>
      <velocity>5.600000000000001</velocity>
      <orientation>0.2613631378194159</orientation>
      <time>93</time>
    </ksState>
    <ksState>
      <x>224.7138450424901</x>
      <y>-355.2862939267852</y>
      <steeringAngle>0.03553333333333339</steeringAngle>
      <velocity>4.800000000000001</velocity>
      <orientation>0.2722137474770788</orientation>
      <time>94</time>
    </ksState>
    <ksState>
      <x>225.13619624761432</x>
      <y>-355.1628394246398</y>
      <steeringAngle>5.5294310796760726e-17</steeringAngle>
      <velocity>4.0</velocity>
      <orientation>0.2753375233142443</orientation>
      <time>95</time>
    </ksState>
    <ksState>
      <x>225.48363268850017</x>
      <y>-355.0685081240789</y>
      <steeringAngle>-0.03553333333333333</steeringAngle>
      <velocity>3.2</velocity>
      <orientation>0.27294877493445174</orientation>
      <time>96</time>
    </ksState>
    <ksState>
      <x>225.75562099432238</x>
      <y>-355.0015269715082</y>
      <steeringAngle>-0.07106666666666668</steeringAngle>
      <velocity>2.4</velocity>
      <orientation>0.26724785992865513</orientation>
      <time>97</time>
    </ksState>
    <ksState>
      <x>225.9512165330795</x>
      <y>-354.9586858313315</y>
      <steeringAngle>-0.10660000000000003</steeringAngle>
      <velocity>1.5999999999999994</velocity>
      <orientation>0.26043232618392365</orientation>
      <time>98</time>
    </ksState>
    <ksState>
      <x>226.06932814865084</x>
      <y>-354.93597757152844</y>
      <steeringAngle>-0.14213333333333342</steeringAngle>
      <velocity>0.7999999999999988</velocity>
      <orientation>0.25470806469744395</orientation>
      <time>99</time>
    </ksState>
  </ksTrajectory>
</CommonRoadSolution>
