<?xml version="1.0" ?>
<CommonRoadSolution benchmark_id="KS2:SM1:USA_US101-8_4_T-1:2020a" computation_time="2.1232718519995615" date="2023-01-12T15:00:04">
  <ksTrajectory planningProblem="37">
    <ksState>
      <x>0.0</x>
      <y>0.0</y>
      <steeringAngle>0.0</steeringAngle>
      <velocity>12.0</velocity>
      <orientation>-0.83367</orientation>
      <time>0</time>
    </ksState>
    <ksState>
      <x>0.7797090948754464</x>
      <y>-0.858867700076703</y>
      <steeringAngle>0.0</steeringAngle>
      <velocity>11.200000000000001</velocity>
      <orientation>-0.83367</orientation>
      <time>1</time>
    </ksState>
    <ksState>
      <x>1.5056451483992488</x>
      <y>-1.6585031446168799</y>
      <steeringAngle>0.0</steeringAngle>
      <velocity>10.4</velocity>
      <orientation>-0.83367</orientation>
      <time>2</time>
    </ksState>
    <ksState>
      <x>2.1778081607795725</x>
      <y>-2.3989063338498293</y>
      <steeringAngle>0.0</steeringAngle>
      <velocity>9.599999999999998</velocity>
      <orientation>-0.83367</orientation>
      <time>3</time>
    </ksState>
    <ksState>
      <x>2.7961981320755824</x>
      <y>-3.0800772678407236</y>
      <steeringAngle>0.0</steeringAngle>
      <velocity>8.799999999999999</velocity>
      <orientation>-0.83367</orientation>
      <time>4</time>
    </ksState>
    <ksState>
      <x>3.3608150623066235</x>
      <y>-3.702015946610871</y>
      <steeringAngle>0.0</steeringAngle>
      <velocity>7.999999999999997</velocity>
      <orientation>-0.83367</orientation>
      <time>5</time>
    </ksState>
    <ksState>
      <x>3.8780212178667943</x>
      <y>-4.258918371768891</y>
      <steeringAngle>0.03553333333333333</steeringAngle>
      <velocity>7.199999999999999</velocity>
      <orientation>-0.8285249870175077</orientation>
      <time>6</time>
    </ksState>
    <ksState>
      <x>4.35533300668547</x>
      <y>-4.743624603487934</y>
      <steeringAngle>0.07106666666666664</steeringAngle>
      <velocity>6.400000000000001</velocity>
      <orientation>-0.8145483148965446</orientation>
      <time>7</time>
    </ksState>
    <ksState>
      <x>4.79236693888933</x>
      <y>-5.155723744458294</y>
      <steeringAngle>0.10659999999999997</steeringAngle>
      <velocity>5.600000000000004</velocity>
      <orientation>-0.7939165470306633</orientation>
      <time>8</time>
    </ksState>
    <ksState>
      <x>5.186477568276214</x>
      <y>-5.496776367149383</y>
      <steeringAngle>0.1421333333333333</steeringAngle>
      <velocity>4.800000000000003</velocity>
      <orientation>-0.768800339522015</orientation>
      <time>9</time>
    </ksState>
    <ksState>
      <x>5.533464589316841</x>
      <y>-5.770075494280161</y>
      <steeringAngle>0.17766666666666653</steeringAngle>
      <velocity>4.000000000000006</velocity>
      <orientation>-0.7413754429368652</orientation>
      <time>10</time>
    </ksState>
    <ksState>
      <x>5.828250236438009</x>
      <y>-5.980352518836177</y>
      <steeringAngle>0.21319999999999997</steeringAngle>
      <velocity>3.2</velocity>
      <orientation>-0.7138338973734306</orientation>
      <time>11</time>
    </ksState>
    <ksState>
      <x>6.065483435668329</x>
      <y>-6.133385550060876</y>
      <steeringAngle>0.24873333333333342</steeringAngle>
      <velocity>2.4000000000000004</velocity>
      <orientation>-0.688395666986781</orientation>
      <time>12</time>
    </ksState>
    <ksState>
      <x>6.2400365498648105</x>
      <y>-6.235492256588731</y>
      <steeringAngle>0.2842666666666668</steeringAngle>
      <velocity>1.600000000000001</velocity>
      <orientation>-0.6673207671962014</orientation>
      <time>13</time>
    </ksState>
    <ksState>
      <x>6.34737648479714</x>
      <y>-6.292909917204082</y>
      <steeringAngle>0.3197999999999999</steeringAngle>
      <velocity>0.8000000000000007</velocity>
      <orientation>-0.652922339895497</orientation>
      <time>14</time>
    </ksState>
    <ksState>
      <x>6.383813439935971</x>
      <y>-6.311077859359745</y>
      <steeringAngle>0.3553333333333332</steeringAngle>
      <velocity>5.551115123125783e-16</velocity>
      <orientation>-0.6475806982597676</orientation>
      <time>15</time>
    </ksState>
    <ksState>
      <x>6.383813439935971</x>
      <y>-6.311077859359745</y>
      <steeringAngle>0.3198</steeringAngle>
      <velocity>0.0</velocity>
      <orientation>-0.6475806982597676</orientation>
      <time>16</time>
    </ksState>
    <ksState>
      <x>6.383813439935971</x>
      <y>-6.311077859359745</y>
      <steeringAngle>0.2842666666666666</steeringAngle>
      <velocity>0.0</velocity>
      <orientation>-0.6475806982597676</orientation>
      <time>17</time>
    </ksState>
    <ksState>
      <x>6.383813439935971</x>
      <y>-6.311077859359745</y>
      <steeringAngle>0.24873333333333333</steeringAngle>
      <velocity>0.0</velocity>
      <orientation>-0.6475806982597676</orientation>
      <time>18</time>
    </ksState>
    <ksState>
      <x>6.383813439935971</x>
      <y>-6.311077859359745</y>
      <steeringAngle>0.21320000000000003</steeringAngle>
      <velocity>0.0</velocity>
      <orientation>-0.6475806982597676</orientation>
      <time>19</time>
    </ksState>
    <ksState>
      <x>6.383813439935971</x>
      <y>-6.311077859359745</y>
      <steeringAngle>0.1776666666666667</steeringAngle>
      <velocity>0.0</velocity>
      <orientation>-0.6475806982597676</orientation>
      <time>20</time>
    </ksState>
    <ksState>
      <x>6.418464278947771</x>
      <y>-6.331561908673366</y>
      <steeringAngle>0.21319999999999997</steeringAngle>
      <velocity>0.8</velocity>
      <orientation>-0.644414464778614</orientation>
      <time>21</time>
    </ksState>
    <ksState>
      <x>6.524150837394551</x>
      <y>-6.390522878812654</y>
      <steeringAngle>0.24873333333333328</steeringAngle>
      <velocity>1.6000000000000005</velocity>
      <orientation>-0.6333738724682141</orientation>
      <time>22</time>
    </ksState>
    <ksState>
      <x>6.7042279080991065</x>
      <y>-6.482629759211079</y>
      <steeringAngle>0.2842666666666665</steeringAngle>
      <velocity>2.400000000000001</velocity>
      <orientation>-0.6121015510672542</orientation>
      <time>23</time>
    </ksState>
    <ksState>
      <x>6.963085153578018</x>
      <y>-6.59970341351325</y>
      <steeringAngle>0.31979999999999986</steeringAngle>
      <velocity>3.200000000000001</velocity>
      <orientation>-0.5781692947875581</orientation>
      <time>24</time>
    </ksState>
    <ksState>
      <x>7.30592188693825</x>
      <y>-6.729679171624633</y>
      <steeringAngle>0.3553333333333332</steeringAngle>
      <velocity>4.0</velocity>
      <orientation>-0.5290627339995811</orientation>
      <time>25</time>
    </ksState>
    <ksState>
      <x>7.6983599010316635</x>
      <y>-6.845295891545311</y>
      <steeringAngle>0.39086666666666653</steeringAngle>
      <velocity>4.0</velocity>
      <orientation>-0.46834236769359394</orientation>
      <time>26</time>
    </ksState>
    <ksState>
      <x>8.101231447489255</x>
      <y>-6.927281264670626</y>
      <steeringAngle>0.42639999999999995</steeringAngle>
      <velocity>4.0</velocity>
      <orientation>-0.40117275423719034</orientation>
      <time>27</time>
    </ksState>
    <ksState>
      <x>8.512228989230785</x>
      <y>-6.971851083193368</y>
      <steeringAngle>0.4619333333333333</steeringAngle>
      <velocity>4.0</velocity>
      <orientation>-0.32735217060484634</orientation>
      <time>28</time>
    </ksState>
    <ksState>
      <x>8.928190019790987</x>
      <y>-6.975187535660856</y>
      <steeringAngle>0.49746666666666667</steeringAngle>
      <velocity>4.0</velocity>
      <orientation>-0.246651628791626</orientation>
      <time>29</time>
    </ksState>
    <ksState>
      <x>9.34497759891861</x>
      <y>-6.933565072642272</y>
      <steeringAngle>0.533</steeringAngle>
      <velocity>4.0</velocity>
      <orientation>-0.15881176219181736</orientation>
      <time>30</time>
    </ksState>
    <ksState>
      <x>9.716519710213845</x>
      <y>-6.85446676233979</y>
      <steeringAngle>0.5685333333333333</steeringAngle>
      <velocity>3.199999999999999</velocity>
      <orientation>-0.0731929089949644</orientation>
      <time>31</time>
    </ksState>
    <ksState>
      <x>10.0000689889007</x>
      <y>-6.762672267684446</y>
      <steeringAngle>0.6040666666666664</steeringAngle>
      <velocity>2.3999999999999995</velocity>
      <orientation>-0.0011991641817461207</orientation>
      <time>32</time>
    </ksState>
    <ksState>
      <x>10.197882754374264</x>
      <y>-6.678585685951391</y>
      <steeringAngle>0.6395999999999996</steeringAngle>
      <velocity>1.5999999999999983</velocity>
      <orientation>0.05425067059426669</orientation>
      <time>33</time>
    </ksState>
    <ksState>
      <x>10.313897625197187</x>
      <y>-6.619197746659545</y>
      <steeringAngle>0.675133333333333</steeringAngle>
      <velocity>0.7999999999999986</velocity>
      <orientation>0.09002727551309583</orientation>
      <time>34</time>
    </ksState>
    <ksState>
      <x>10.351969698562486</x>
      <y>-6.597331820430252</y>
      <steeringAngle>0.7106666666666662</steeringAngle>
      <velocity>-1.27675647831893e-15</velocity>
      <orientation>0.10275147261170403</orientation>
      <time>35</time>
    </ksState>
    <ksState>
      <x>10.351969698562486</x>
      <y>-6.597331820430252</y>
      <steeringAngle>0.6751333333333334</steeringAngle>
      <velocity>0.0</velocity>
      <orientation>0.10275147261170403</orientation>
      <time>36</time>
    </ksState>
    <ksState>
      <x>10.351969698562486</x>
      <y>-6.597331820430252</y>
      <steeringAngle>0.6396</steeringAngle>
      <velocity>0.0</velocity>
      <orientation>0.10275147261170403</orientation>
      <time>37</time>
    </ksState>
    <ksState>
      <x>10.351969698562486</x>
      <y>-6.597331820430252</y>
      <steeringAngle>0.6040666666666666</steeringAngle>
      <velocity>0.0</velocity>
      <orientation>0.10275147261170403</orientation>
      <time>38</time>
    </ksState>
    <ksState>
      <x>10.351969698562486</x>
      <y>-6.597331820430252</y>
      <steeringAngle>0.5685333333333333</steeringAngle>
      <velocity>0.0</velocity>
      <orientation>0.10275147261170403</orientation>
      <time>39</time>
    </ksState>
    <ksState>
      <x>10.351969698562486</x>
      <y>-6.597331820430252</y>
      <steeringAngle>0.5329999999999999</steeringAngle>
      <velocity>0.0</velocity>
      <orientation>0.10275147261170403</orientation>
      <time>40</time>
    </ksState>
    <ksState>
      <x>10.351969698562486</x>
      <y>-6.597331820430252</y>
      <steeringAngle>0.49746666666666667</steeringAngle>
      <velocity>0.0</velocity>
      <orientation>0.10275147261170403</orientation>
      <time>41</time>
    </ksState>
    <ksState>
      <x>10.351969698562486</x>
      <y>-6.597331820430252</y>
      <steeringAngle>0.4619333333333333</steeringAngle>
      <velocity>0.0</velocity>
      <orientation>0.10275147261170403</orientation>
      <time>42</time>
    </ksState>
    <ksState>
      <x>10.351969698562486</x>
      <y>-6.597331820430252</y>
      <steeringAngle>0.42639999999999995</steeringAngle>
      <velocity>0.0</velocity>
      <orientation>0.10275147261170403</orientation>
      <time>43</time>
    </ksState>
    <ksState>
      <x>10.351969698562486</x>
      <y>-6.597331820430252</y>
      <steeringAngle>0.3908666666666666</steeringAngle>
      <velocity>0.0</velocity>
      <orientation>0.10275147261170403</orientation>
      <time>44</time>
    </ksState>
    <ksState>
      <x>10.351969698562486</x>
      <y>-6.597331820430252</y>
      <steeringAngle>0.3553333333333333</steeringAngle>
      <velocity>0.0</velocity>
      <orientation>0.10275147261170403</orientation>
      <time>45</time>
    </ksState>
    <ksState>
      <x>10.351969698562486</x>
      <y>-6.597331820430252</y>
      <steeringAngle>0.3198</steeringAngle>
      <velocity>0.0</velocity>
      <orientation>0.10275147261170403</orientation>
      <time>46</time>
    </ksState>
    <ksState>
      <x>10.351969698562486</x>
      <y>-6.597331820430252</y>
      <steeringAngle>0.2842666666666666</steeringAngle>
      <velocity>0.0</velocity>
      <orientation>0.10275147261170403</orientation>
      <time>47</time>
    </ksState>
    <ksState>
      <x>10.351969698562486</x>
      <y>-6.597331820430252</y>
      <steeringAngle>0.24873333333333333</steeringAngle>
      <velocity>0.0</velocity>
      <orientation>0.10275147261170403</orientation>
      <time>48</time>
    </ksState>
    <ksState>
      <x>10.351969698562486</x>
      <y>-6.597331820430252</y>
      <steeringAngle>0.21320000000000003</steeringAngle>
      <velocity>0.0</velocity>
      <orientation>0.10275147261170403</orientation>
      <time>49</time>
    </ksState>
    <ksState>
      <x>10.351969698562486</x>
      <y>-6.597331820430252</y>
      <steeringAngle>0.1776666666666667</steeringAngle>
      <velocity>0.0</velocity>
      <orientation>0.10275147261170403</orientation>
      <time>50</time>
    </ksState>
    <ksState>
      <x>10.351969698562486</x>
      <y>-6.597331820430252</y>
      <steeringAngle>0.14213333333333336</steeringAngle>
      <velocity>0.0</velocity>
      <orientation>0.10275147261170403</orientation>
      <time>51</time>
    </ksState>
    <ksState>
      <x>10.351969698562486</x>
      <y>-6.597331820430252</y>
      <steeringAngle>0.10660000000000001</steeringAngle>
      <velocity>0.0</velocity>
      <orientation>0.10275147261170403</orientation>
      <time>52</time>
    </ksState>
    <ksState>
      <x>10.351969698562486</x>
      <y>-6.597331820430252</y>
      <steeringAngle>0.07106666666666668</steeringAngle>
      <velocity>0.0</velocity>
      <orientation>0.10275147261170403</orientation>
      <time>53</time>
    </ksState>
    <ksState>
      <x>10.351969698562486</x>
      <y>-6.597331820430252</y>
      <steeringAngle>0.03553333333333333</steeringAngle>
      <velocity>0.0</velocity>
      <orientation>0.10275147261170403</orientation>
      <time>54</time>
    </ksState>
    <ksState>
      <x>10.351969698562486</x>
      <y>-6.597331820430252</y>
      <steeringAngle>0.0</steeringAngle>
      <velocity>0.0</velocity>
      <orientation>0.10275147261170403</orientation>
      <time>55</time>
    </ksState>
    <ksState>
      <x>10.391812869041196</x>
      <y>-6.593754993231545</y>
      <steeringAngle>-0.03553333333333333</steeringAngle>
      <velocity>0.8</velocity>
      <orientation>0.10238394083346206</orientation>
      <time>56</time>
    </ksState>
    <ksState>
      <x>10.511568205297497</x>
      <y>-6.585272518559003</y>
      <steeringAngle>-0.0710666666666667</steeringAngle>
      <velocity>1.6</velocity>
      <orientation>0.09980909424147641</orientation>
      <time>57</time>
    </ksState>
    <ksState>
      <x>10.711594307133907</x>
      <y>-6.575908709953159</y>
      <steeringAngle>-0.10660000000000003</steeringAngle>
      <velocity>2.4000000000000004</velocity>
      <orientation>0.0928083900046392</orientation>
      <time>58</time>
    </ksState>
    <ksState>
      <x>10.992219821786504</x>
      <y>-6.571148149370872</y>
      <steeringAngle>-0.14213333333333342</steeringAngle>
      <velocity>3.2000000000000015</velocity>
      <orientation>0.07914074906381904</orientation>
      <time>59</time>
    </ksState>
    <ksState>
      <x>11.353554195419925</x>
      <y>-6.57868738426097</y>
      <steeringAngle>-0.17766666666666683</steeringAngle>
      <velocity>4.0000000000000036</velocity>
      <orientation>0.05653083319059889</orientation>
      <time>60</time>
    </ksState>
    <ksState>
      <x>11.754865884253643</x>
      <y>-6.60123698436763</y>
      <steeringAngle>-0.17766666666666667</steeringAngle>
      <velocity>4.0</velocity>
      <orientation>0.028680345035343</orientation>
      <time>61</time>
    </ksState>
    <ksState>
      <x>12.155394043982644</x>
      <y>-6.634953117270867</y>
      <steeringAngle>-0.17766666666666667</steeringAngle>
      <velocity>4.0</velocity>
      <orientation>0.0008298568800871112</orientation>
      <time>62</time>
    </ksState>
    <ksState>
      <x>12.554827991135294</x>
      <y>-6.67980963742188</y>
      <steeringAngle>-0.17766666666666667</steeringAngle>
      <velocity>4.0</velocity>
      <orientation>-0.027020631275168773</orientation>
      <time>63</time>
    </ksState>
    <ksState>
      <x>12.952857924646032</x>
      <y>-6.735771753853379</y>
      <steeringAngle>-0.17766666666666667</steeringAngle>
      <velocity>4.0</velocity>
      <orientation>-0.05487111943042463</orientation>
      <time>64</time>
    </ksState>
    <ksState>
      <x>13.349175132496377</x>
      <y>-6.802796063423716</y>
      <steeringAngle>-0.17766666666666667</steeringAngle>
      <velocity>4.0</velocity>
      <orientation>-0.08272160758568045</orientation>
      <time>65</time>
    </ksState>
    <ksState>
      <x>13.704142129854224</x>
      <y>-6.872533343041498</y>
      <steeringAngle>-0.17766666666666667</steeringAngle>
      <velocity>3.2000000000000006</velocity>
      <orientation>-0.10778704685385804</orientation>
      <time>66</time>
    </ksState>
    <ksState>
      <x>13.978953499130494</x>
      <y>-6.932911395228076</y>
      <steeringAngle>-0.17766666666666667</steeringAngle>
      <velocity>2.4000000000000012</velocity>
      <orientation>-0.12728238848388782</orientation>
      <time>67</time>
    </ksState>
    <ksState>
      <x>14.174500810815516</x>
      <y>-6.979312890355265</y>
      <steeringAngle>-0.17766666666666667</steeringAngle>
      <velocity>1.6000000000000005</velocity>
      <orientation>-0.1412076324828688</orientation>
      <time>68</time>
    </ksState>
    <ksState>
      <x>14.2915123744109</x>
      <y>-7.008459253285231</y>
      <steeringAngle>-0.17766666666666667</steeringAngle>
      <velocity>0.8000000000000004</velocity>
      <orientation>-0.1495627788536229</orientation>
      <time>69</time>
    </ksState>
    <ksState>
      <x>14.330461606692301</x>
      <y>-7.018391847189921</y>
      <steeringAngle>-0.17766666666666667</steeringAngle>
      <velocity>2.7755575615628914e-16</velocity>
      <orientation>-0.15234782759983828</orientation>
      <time>70</time>
    </ksState>
    <ksState>
      <x>14.330461606692301</x>
      <y>-7.018391847189921</y>
      <steeringAngle>-0.14213333333333336</steeringAngle>
      <velocity>0.0</velocity>
      <orientation>-0.15234782759983828</orientation>
      <time>71</time>
    </ksState>
    <ksState>
      <x>14.330461606692301</x>
      <y>-7.018391847189921</y>
      <steeringAngle>-0.10660000000000001</steeringAngle>
      <velocity>0.0</velocity>
      <orientation>-0.15234782759983828</orientation>
      <time>72</time>
    </ksState>
    <ksState>
      <x>14.330461606692301</x>
      <y>-7.018391847189921</y>
      <steeringAngle>-0.07106666666666668</steeringAngle>
      <velocity>0.0</velocity>
      <orientation>-0.15234782759983828</orientation>
      <time>73</time>
    </ksState>
    <ksState>
      <x>14.330461606692301</x>
      <y>-7.018391847189921</y>
      <steeringAngle>-0.03553333333333333</steeringAngle>
      <velocity>0.0</velocity>
      <orientation>-0.15234782759983828</orientation>
      <time>74</time>
    </ksState>
    <ksState>
      <x>14.330461606692301</x>
      <y>-7.018391847189921</y>
      <steeringAngle>-0.0</steeringAngle>
      <velocity>0.0</velocity>
      <orientation>-0.15234782759983828</orientation>
      <time>75</time>
    </ksState>
  </ksTrajectory>
</CommonRoadSolution>
