<?xml version="1.0" ?>
<CommonRoadSolution benchmark_id="KS2:SM1:ITA_Empoli-2_5_T-1:2020a" computation_time="2.335554582000441" date="2023-01-12T15:00:04">
  <ksTrajectory planningProblem="1">
    <ksState>
      <x>65.077778</x>
      <y>484.13371</y>
      <steeringAngle>0.0</steeringAngle>
      <velocity>4.0</velocity>
      <orientation>1.2585693</orientation>
      <time>0</time>
    </ksState>
    <ksState>
      <x>65.20472926389226</x>
      <y>484.5130478302257</y>
      <steeringAngle>-0.035533333333333326</steeringAngle>
      <velocity>4.0</velocity>
      <orientation>1.2558130254673996</orientation>
      <time>1</time>
    </ksState>
    <ksState>
      <x>65.3412264311126</x>
      <y>484.88921519987196</y>
      <steeringAngle>-0.07106666666666711</steeringAngle>
      <velocity>4.0</velocity>
      <orientation>1.247537264924114</orientation>
      <time>2</time>
    </ksState>
    <ksState>
      <x>65.48932545474044</x>
      <y>485.2612947898604</y>
      <steeringAngle>-0.10660000000000043</steeringAngle>
      <velocity>4.0</velocity>
      <orientation>1.2337210251049773</orientation>
      <time>3</time>
    </ksState>
    <ksState>
      <x>65.6510396174133</x>
      <y>485.6281658204695</y>
      <steeringAngle>-0.14213333333333378</steeringAngle>
      <velocity>4.0</velocity>
      <orientation>1.2143290987194315</orientation>
      <time>4</time>
    </ksState>
    <ksState>
      <x>65.82832056274526</x>
      <y>485.98846634627847</y>
      <steeringAngle>-0.1776666666666672</steeringAngle>
      <velocity>4.0</velocity>
      <orientation>1.1893116922680342</orientation>
      <time>5</time>
    </ksState>
    <ksState>
      <x>65.9994489388583</x>
      <y>486.30718242097606</y>
      <steeringAngle>-0.17766666666666667</steeringAngle>
      <velocity>3.2000000000000006</velocity>
      <orientation>1.1642462529998567</orientation>
      <time>6</time>
    </ksState>
    <ksState>
      <x>66.138039821339</x>
      <y>486.5520484356914</y>
      <steeringAngle>-0.17766666666666667</steeringAngle>
      <velocity>2.4000000000000012</velocity>
      <orientation>1.1447509113698269</orientation>
      <time>7</time>
    </ksState>
    <ksState>
      <x>66.23994284552174</x>
      <y>486.725275522256</y>
      <steeringAngle>-0.17766666666666667</steeringAngle>
      <velocity>1.6000000000000005</velocity>
      <orientation>1.1308256673708459</orientation>
      <time>8</time>
    </ksState>
    <ksState>
      <x>66.30223904220475</x>
      <y>486.8285247371001</y>
      <steeringAngle>-0.17766666666666667</steeringAngle>
      <velocity>0.8000000000000004</velocity>
      <orientation>1.1224705210000918</orientation>
      <time>9</time>
    </ksState>
    <ksState>
      <x>66.32319588427602</x>
      <y>486.8628250270025</y>
      <steeringAngle>-0.17766666666666667</steeringAngle>
      <velocity>2.7755575615628914e-16</velocity>
      <orientation>1.1196854722538765</orientation>
      <time>10</time>
    </ksState>
    <ksState>
      <x>66.32319588427602</x>
      <y>486.8628250270025</y>
      <steeringAngle>-0.14213333333333336</steeringAngle>
      <velocity>0.0</velocity>
      <orientation>1.1196854722538765</orientation>
      <time>11</time>
    </ksState>
    <ksState>
      <x>66.32319588427602</x>
      <y>486.8628250270025</y>
      <steeringAngle>-0.10660000000000001</steeringAngle>
      <velocity>0.0</velocity>
      <orientation>1.1196854722538765</orientation>
      <time>12</time>
    </ksState>
    <ksState>
      <x>66.32319588427602</x>
      <y>486.8628250270025</y>
      <steeringAngle>-0.07106666666666668</steeringAngle>
      <velocity>0.0</velocity>
      <orientation>1.1196854722538765</orientation>
      <time>13</time>
    </ksState>
    <ksState>
      <x>66.32319588427602</x>
      <y>486.8628250270025</y>
      <steeringAngle>-0.03553333333333333</steeringAngle>
      <velocity>0.0</velocity>
      <orientation>1.1196854722538765</orientation>
      <time>14</time>
    </ksState>
    <ksState>
      <x>66.32319588427602</x>
      <y>486.8628250270025</y>
      <steeringAngle>-0.0</steeringAngle>
      <velocity>0.0</velocity>
      <orientation>1.1196854722538765</orientation>
      <time>15</time>
    </ksState>
    <ksState>
      <x>66.34015857888195</x>
      <y>486.8990540059877</y>
      <steeringAngle>0.03553333333333333</steeringAngle>
      <velocity>0.8</velocity>
      <orientation>1.1200530040321184</orientation>
      <time>16</time>
    </ksState>
    <ksState>
      <x>66.3890107712328</x>
      <y>487.00872057446213</y>
      <steeringAngle>0.0710666666666667</steeringAngle>
      <velocity>1.6</velocity>
      <orientation>1.122627850624104</orientation>
      <time>17</time>
    </ksState>
    <ksState>
      <x>66.46609228241803</x>
      <y>487.19353551693393</y>
      <steeringAngle>0.10660000000000003</steeringAngle>
      <velocity>2.4000000000000004</velocity>
      <orientation>1.1296285548609413</orientation>
      <time>18</time>
    </ksState>
    <ksState>
      <x>66.56636015308084</x>
      <y>487.45567993614566</y>
      <steeringAngle>0.14213333333333342</steeringAngle>
      <velocity>3.2000000000000015</velocity>
      <orientation>1.1432961958017616</orientation>
      <time>19</time>
    </ksState>
    <ksState>
      <x>66.68261749661987</x>
      <y>487.7978839684203</y>
      <steeringAngle>0.17766666666666683</steeringAngle>
      <velocity>4.0000000000000036</velocity>
      <orientation>1.1659061116749816</orientation>
      <time>20</time>
    </ksState>
    <ksState>
      <x>66.80250850704739</x>
      <y>488.18115669478107</y>
      <steeringAngle>0.1421333333333333</steeringAngle>
      <velocity>4.0</velocity>
      <orientation>1.1909235180195048</orientation>
      <time>21</time>
    </ksState>
    <ksState>
      <x>66.92132437972029</x>
      <y>488.56410473588306</y>
      <steeringAngle>0.10659999999999999</steeringAngle>
      <velocity>4.0</velocity>
      <orientation>1.2103154443102555</orientation>
      <time>22</time>
    </ksState>
    <ksState>
      <x>67.04120972635076</x>
      <y>488.94622854387995</y>
      <steeringAngle>0.07106666666666664</steeringAngle>
      <velocity>4.0</velocity>
      <orientation>1.2241316840452083</orientation>
      <time>23</time>
    </ksState>
    <ksState>
      <x>67.16429298542666</x>
      <y>489.3270074226788</y>
      <steeringAngle>0.03553333333333332</steeringAngle>
      <velocity>4.0</velocity>
      <orientation>1.2324074445074737</orientation>
      <time>24</time>
    </ksState>
    <ksState>
      <x>67.29268569384837</x>
      <y>489.7058636203867</y>
      <steeringAngle>-2.2985086056692694e-17</steeringAngle>
      <velocity>4.0</velocity>
      <orientation>1.235163707802314</orientation>
      <time>25</time>
    </ksState>
    <ksState>
      <x>67.42848000192737</x>
      <y>490.08212645237717</y>
      <steeringAngle>-0.035533333333333326</steeringAngle>
      <velocity>4.0</velocity>
      <orientation>1.2324074332697137</orientation>
      <time>26</time>
    </ksState>
    <ksState>
      <x>67.57374339899485</x>
      <y>490.45499628505104</y>
      <steeringAngle>-0.07106666666666711</steeringAngle>
      <velocity>4.0</velocity>
      <orientation>1.2241316727264282</orientation>
      <time>27</time>
    </ksState>
    <ksState>
      <x>67.730509806572</x>
      <y>490.82350793417606</y>
      <steeringAngle>-0.10660000000000043</steeringAngle>
      <velocity>4.0</velocity>
      <orientation>1.2103154329072914</orientation>
      <time>28</time>
    </ksState>
    <ksState>
      <x>67.90076572574354</x>
      <y>491.18649380924035</y>
      <steeringAngle>-0.14213333333333378</steeringAngle>
      <velocity>4.0</velocity>
      <orientation>1.1909235065217456</orientation>
      <time>29</time>
    </ksState>
    <ksState>
      <x>68.08643039134276</x>
      <y>491.54254666265393</y>
      <steeringAngle>-0.1776666666666672</steeringAngle>
      <velocity>4.0</velocity>
      <orientation>1.1659061000703483</orientation>
      <time>30</time>
    </ksState>
    <ksState>
      <x>68.26152947862062</x>
      <y>491.8587416624108</y>
      <steeringAngle>-0.1421333333333333</steeringAngle>
      <velocity>3.1999999999999993</velocity>
      <orientation>1.1432961850969061</orientation>
      <time>31</time>
    </ksState>
    <ksState>
      <x>68.39707651528863</x>
      <y>492.1045208857764</y>
      <steeringAngle>-0.10659999999999997</steeringAngle>
      <velocity>2.3999999999999977</velocity>
      <orientation>1.1296285442261986</orientation>
      <time>32</time>
    </ksState>
    <ksState>
      <x>68.49214089754695</x>
      <y>492.28076706281803</y>
      <steeringAngle>-0.07106666666666664</steeringAngle>
      <velocity>1.5999999999999976</velocity>
      <orientation>1.1226278383729795</orientation>
      <time>33</time>
    </ksState>
  </ksTrajectory>
</CommonRoadSolution>
