<?xml version="1.0" ?>
<CommonRoadSolution benchmark_id="KS2:SM1:DEU_Guetersloh-40_4_T-1:2020a" computation_time="1.497416535999946" date="2023-01-12T15:00:04">
  <ksTrajectory planningProblem="1">
    <ksState>
      <x>-640.74813</x>
      <y>528.10758</y>
      <steeringAngle>0.0</steeringAngle>
      <velocity>4.0</velocity>
      <orientation>-1.6866829</orientation>
      <time>0</time>
    </ksState>
    <ksState>
      <x>-640.7941286390997</x>
      <y>527.6699708882969</y>
      <steeringAngle>0.035533333333333326</steeringAngle>
      <velocity>4.799999999999999</velocity>
      <orientation>-1.6835591213308092</orientation>
      <time>1</time>
    </ksState>
    <ksState>
      <x>-640.8347975230755</x>
      <y>527.1513457180372</y>
      <steeringAngle>0.07106666666666667</steeringAngle>
      <velocity>5.599999999999998</velocity>
      <orientation>-1.6727085102696364</orientation>
      <time>2</time>
    </ksState>
    <ksState>
      <x>-640.8605445177292</x>
      <y>526.5511986672914</y>
      <steeringAngle>0.10659999999999999</steeringAngle>
      <velocity>6.3999999999999995</velocity>
      <orientation>-1.6518915612693086</orientation>
      <time>3</time>
    </ksState>
    <ksState>
      <x>-640.8580200045991</x>
      <y>525.8696469576172</y>
      <steeringAngle>0.14213333333333333</steeringAngle>
      <velocity>7.199999999999999</velocity>
      <orientation>-1.6188319902881434</orientation>
      <time>4</time>
    </ksState>
    <ksState>
      <x>-640.8093711738345</x>
      <y>525.1083176428137</y>
      <steeringAngle>0.17766666666666664</steeringAngle>
      <velocity>7.9999999999999964</velocity>
      <orientation>-1.5712046682065968</orientation>
      <time>5</time>
    </ksState>
    <ksState>
      <x>-640.7082163955791</x>
      <y>524.3108963905361</y>
      <steeringAngle>0.17766666666666667</steeringAngle>
      <velocity>8.0</velocity>
      <orientation>-1.515503691896085</orientation>
      <time>6</time>
    </ksState>
    <ksState>
      <x>-640.5628243197818</x>
      <y>523.5203433270071</y>
      <steeringAngle>0.17766666666666667</steeringAngle>
      <velocity>8.0</velocity>
      <orientation>-1.4598027155855733</orientation>
      <time>7</time>
    </ksState>
    <ksState>
      <x>-640.3736459235405</x>
      <y>522.7391106218598</y>
      <steeringAngle>0.17766666666666667</steeringAngle>
      <velocity>8.0</velocity>
      <orientation>-1.4041017392750614</orientation>
      <time>8</time>
    </ksState>
    <ksState>
      <x>-640.1412679997572</x>
      <y>521.9696214999783</y>
      <steeringAngle>0.17766666666666667</steeringAngle>
      <velocity>8.0</velocity>
      <orientation>-1.3484007629645498</orientation>
      <time>9</time>
    </ksState>
    <ksState>
      <x>-639.8664113368346</x>
      <y>521.2142627595772</y>
      <steeringAngle>0.17766666666666667</steeringAngle>
      <velocity>8.0</velocity>
      <orientation>-1.292699786654038</orientation>
      <time>10</time>
    </ksState>
    <ksState>
      <x>-639.5589887851019</x>
      <y>520.4722847246959</y>
      <steeringAngle>0.14213333333333336</steeringAngle>
      <velocity>8.0</velocity>
      <orientation>-1.2426649751052896</orientation>
      <time>11</time>
    </ksState>
    <ksState>
      <x>-639.2339715464349</x>
      <y>519.7392021208261</y>
      <steeringAngle>0.1066000000000001</steeringAngle>
      <velocity>8.0</velocity>
      <orientation>-1.2038811230982922</orientation>
      <time>12</time>
    </ksState>
    <ksState>
      <x>-638.8995168497141</x>
      <y>519.0113952164014</y>
      <steeringAngle>0.07106666666666674</steeringAngle>
      <velocity>8.0</velocity>
      <orientation>-1.1762486440686053</orientation>
      <time>13</time>
    </ksState>
    <ksState>
      <x>-638.5635656925733</x>
      <y>518.2849578075743</y>
      <steeringAngle>0.035533333333333354</steeringAngle>
      <velocity>8.0</velocity>
      <orientation>-1.1596971234395759</orientation>
      <time>14</time>
    </ksState>
    <ksState>
      <x>-638.2339987393354</x>
      <y>517.5559468826708</y>
      <steeringAngle>2.0816681711721685e-17</steeringAngle>
      <velocity>8.0</velocity>
      <orientation>-1.154184596981171</orientation>
      <time>15</time>
    </ksState>
    <ksState>
      <x>-637.9185870152268</x>
      <y>516.8644572133403</y>
      <steeringAngle>0.03553333333333333</steeringAngle>
      <velocity>7.199999999999999</velocity>
      <orientation>-1.1490395839986787</orientation>
      <time>16</time>
    </ksState>
    <ksState>
      <x>-637.6182922029051</x>
      <y>516.2540559514597</y>
      <steeringAngle>0.07106666666666664</steeringAngle>
      <velocity>6.400000000000001</velocity>
      <orientation>-1.1350629118777156</orientation>
      <time>17</time>
    </ksState>
    <ksState>
      <x>-637.3333488071662</x>
      <y>515.7252538891426</y>
      <steeringAngle>0.10659999999999997</steeringAngle>
      <velocity>5.600000000000004</velocity>
      <orientation>-1.1144311440118342</orientation>
      <time>18</time>
    </ksState>
    <ksState>
      <x>-637.0667592168256</x>
      <y>515.2774033895757</y>
      <steeringAngle>0.1421333333333333</steeringAngle>
      <velocity>4.800000000000003</velocity>
      <orientation>-1.089314936503186</orientation>
      <time>19</time>
    </ksState>
    <ksState>
      <x>-636.8235473134545</x>
      <y>514.9087024596615</y>
      <steeringAngle>0.17766666666666653</steeringAngle>
      <velocity>4.000000000000006</velocity>
      <orientation>-1.0618900399180362</orientation>
      <time>20</time>
    </ksState>
    <ksState>
      <x>-636.6100229183603</x>
      <y>514.616260435485</y>
      <steeringAngle>0.21319999999999997</steeringAngle>
      <velocity>3.2</velocity>
      <orientation>-1.0343484943546015</orientation>
      <time>21</time>
    </ksState>
    <ksState>
      <x>-636.4330850157692</x>
      <y>514.396279349731</y>
      <steeringAngle>0.24873333333333342</steeringAngle>
      <velocity>2.4000000000000004</velocity>
      <orientation>-1.0089102639679521</orientation>
      <time>22</time>
    </ksState>
    <ksState>
      <x>-636.2995905228323</x>
      <y>514.2443787587209</y>
      <steeringAngle>0.2842666666666668</steeringAngle>
      <velocity>1.600000000000001</velocity>
      <orientation>-0.9878353641773724</orientation>
      <time>23</time>
    </ksState>
    <ksState>
      <x>-636.2158067646039</x>
      <y>514.156067200933</y>
      <steeringAngle>0.3197999999999999</steeringAngle>
      <velocity>0.8000000000000007</velocity>
      <orientation>-0.973436936876668</orientation>
      <time>24</time>
    </ksState>
    <ksState>
      <x>-636.1869493199524</x>
      <y>514.1273448453516</y>
      <steeringAngle>0.3553333333333332</steeringAngle>
      <velocity>5.551115123125783e-16</velocity>
      <orientation>-0.9680952952409386</orientation>
      <time>25</time>
    </ksState>
    <ksState>
      <x>-636.156948849025</x>
      <y>514.0994666780255</y>
      <steeringAngle>0.39086666666666675</steeringAngle>
      <velocity>0.8</velocity>
      <orientation>-0.9619173195829135</orientation>
      <time>26</time>
    </ksState>
    <ksState>
      <x>-636.0638627054018</x>
      <y>514.018447080726</y>
      <steeringAngle>0.4264</steeringAngle>
      <velocity>1.6000000000000005</velocity>
      <orientation>-0.9416573471225929</orientation>
      <time>27</time>
    </ksState>
    <ksState>
      <x>-635.901246682205</x>
      <y>513.8906984578799</y>
      <steeringAngle>0.46193333333333314</steeringAngle>
      <velocity>2.4</velocity>
      <orientation>-0.9046343855030247</orientation>
      <time>28</time>
    </ksState>
    <ksState>
      <x>-635.6602900881843</x>
      <y>513.7270375135804</y>
      <steeringAngle>0.49746666666666634</steeringAngle>
      <velocity>3.200000000000001</velocity>
      <orientation>-0.8480272771058607</orientation>
      <time>29</time>
    </ksState>
    <ksState>
      <x>-635.3304247555158</x>
      <y>513.5443913857687</y>
      <steeringAngle>0.5329999999999997</steeringAngle>
      <velocity>4.000000000000001</velocity>
      <orientation>-0.7688500732332342</orientation>
      <time>30</time>
    </ksState>
    <ksState>
      <x>-634.980583823061</x>
      <y>513.3963663705259</y>
      <steeringAngle>0.5685333333333333</steeringAngle>
      <velocity>3.199999999999999</velocity>
      <orientation>-0.6832312200363813</orientation>
      <time>31</time>
    </ksState>
    <ksState>
      <x>-634.6955904806356</x>
      <y>513.3091584725688</y>
      <steeringAngle>0.6040666666666664</steeringAngle>
      <velocity>2.3999999999999995</velocity>
      <orientation>-0.611237475223163</orientation>
      <time>32</time>
    </ksState>
    <ksState>
      <x>-634.4852840545086</x>
      <y>513.2647507461232</y>
      <steeringAngle>0.6395999999999996</steeringAngle>
      <velocity>1.5999999999999983</velocity>
      <orientation>-0.5557876404471501</orientation>
      <time>33</time>
    </ksState>
  </ksTrajectory>
</CommonRoadSolution>
