<?xml version="1.0" ?>
<CommonRoadSolution benchmark_id="KS2:SM1:DEU_Hennigsdorf-14_3_T-1:2020a" computation_time="0.855574795999928" date="2023-01-12T15:00:04">
  <ksTrajectory planningProblem="1">
    <ksState>
      <x>262.28737</x>
      <y>591.13333</y>
      <steeringAngle>0.0</steeringAngle>
      <velocity>8.0</velocity>
      <orientation>-1.598359</orientation>
      <time>0</time>
    </ksState>
    <ksState>
      <x>262.2746324181267</x>
      <y>590.3334012974402</y>
      <steeringAngle>0.03553333333333333</steeringAngle>
      <velocity>8.0</velocity>
      <orientation>-1.5928464649971612</orientation>
      <time>1</time>
    </ksState>
    <ksState>
      <x>262.2864221265087</x>
      <y>589.5331725321388</y>
      <steeringAngle>0.07106666666666667</steeringAngle>
      <velocity>8.0</velocity>
      <orientation>-1.5762949441168916</orientation>
      <time>2</time>
    </ksState>
    <ksState>
      <x>262.33164585030954</x>
      <y>588.733546883833</y>
      <steeringAngle>0.10659999999999997</steeringAngle>
      <velocity>8.0</velocity>
      <orientation>-1.5486624648261968</orientation>
      <time>3</time>
    </ksState>
    <ksState>
      <x>262.4192365656711</x>
      <y>587.9365465949145</y>
      <steeringAngle>0.1421333333333333</steeringAngle>
      <velocity>8.0</velocity>
      <orientation>-1.5098786125534618</orientation>
      <time>4</time>
    </ksState>
    <ksState>
      <x>262.5580570101926</x>
      <y>587.1456267247519</y>
      <steeringAngle>0.17766666666666667</steeringAngle>
      <velocity>8.0</velocity>
      <orientation>-1.459843800304307</orientation>
      <time>5</time>
    </ksState>
    <ksState>
      <x>262.7455198287716</x>
      <y>586.4046502258002</y>
      <steeringAngle>0.21320000000000014</steeringAngle>
      <velocity>7.200000000000003</velocity>
      <orientation>-1.4015944732328143</orientation>
      <time>6</time>
    </ksState>
    <ksState>
      <x>262.96646954301593</x>
      <y>585.7557338912341</y>
      <steeringAngle>0.24873333333333347</steeringAngle>
      <velocity>6.400000000000004</velocity>
      <orientation>-1.3396773857470348</orientation>
      <time>7</time>
    </ksState>
    <ksState>
      <x>263.20902206859716</x>
      <y>585.1997602779635</y>
      <steeringAngle>0.2842666666666668</steeringAngle>
      <velocity>5.600000000000001</velocity>
      <orientation>-1.2762552429831138</orientation>
      <time>8</time>
    </ksState>
    <ksState>
      <x>263.45969337669254</x>
      <y>584.7356732586078</y>
      <steeringAngle>0.3198</steeringAngle>
      <velocity>4.800000000000002</velocity>
      <orientation>-1.213526143241161</orientation>
      <time>9</time>
    </ksState>
    <ksState>
      <x>263.70432250667375</x>
      <y>584.3603197058287</y>
      <steeringAngle>0.3553333333333332</steeringAngle>
      <velocity>4.000000000000001</velocity>
      <orientation>-1.1537363091929462</orientation>
      <time>10</time>
    </ksState>
    <ksState>
      <x>263.94634760764814</x>
      <y>584.0325766029381</y>
      <steeringAngle>0.31979999999999986</steeringAngle>
      <velocity>4.0</velocity>
      <orientation>-1.0992881099995666</orientation>
      <time>11</time>
    </ksState>
    <ksState>
      <x>264.19723559819664</x>
      <y>583.7135485019778</y>
      <steeringAngle>0.28426666666666656</steeringAngle>
      <velocity>4.0</velocity>
      <orientation>-1.0509574305183094</orientation>
      <time>12</time>
    </ksState>
    <ksState>
      <x>264.45503114483313</x>
      <y>583.4018264862843</y>
      <steeringAngle>0.2487333333333332</steeringAngle>
      <velocity>4.0</velocity>
      <orientation>-1.0086101967954342</orientation>
      <time>13</time>
    </ksState>
    <ksState>
      <x>264.71793012309166</x>
      <y>583.0959184753332</y>
      <steeringAngle>0.21319999999999986</steeringAngle>
      <velocity>4.0</velocity>
      <orientation>-0.9721313557218065</orientation>
      <time>14</time>
    </ksState>
    <ksState>
      <x>264.98424672598287</x>
      <y>582.7942761411024</y>
      <steeringAngle>0.1776666666666665</steeringAngle>
      <velocity>4.0</velocity>
      <orientation>-0.9414235730729787</orientation>
      <time>15</time>
    </ksState>
    <ksState>
      <x>265.22834345574176</x>
      <y>582.5272899169207</y>
      <steeringAngle>0.17766666666666667</steeringAngle>
      <velocity>3.2000000000000006</velocity>
      <orientation>-0.9163581338048011</orientation>
      <time>16</time>
    </ksState>
    <ksState>
      <x>265.42277763105386</x>
      <y>582.3239130516189</y>
      <steeringAngle>0.17766666666666667</steeringAngle>
      <velocity>2.4000000000000012</velocity>
      <orientation>-0.8968627921747714</orientation>
      <time>17</time>
    </ksState>
    <ksState>
      <x>265.5640682695691</x>
      <y>582.1809836798114</y>
      <steeringAngle>0.17766666666666667</steeringAngle>
      <velocity>1.6000000000000005</velocity>
      <orientation>-0.8829375481757904</orientation>
      <time>18</time>
    </ksState>
    <ksState>
      <x>265.64979317907597</x>
      <y>582.0961753289425</y>
      <steeringAngle>0.17766666666666667</steeringAngle>
      <velocity>0.8000000000000004</velocity>
      <orientation>-0.8745824018050363</orientation>
      <time>19</time>
    </ksState>
    <ksState>
      <x>265.67852525053644</x>
      <y>582.068065416339</y>
      <steeringAngle>0.17766666666666667</steeringAngle>
      <velocity>2.7755575615628914e-16</velocity>
      <orientation>-0.8717973530588209</orientation>
      <time>20</time>
    </ksState>
    <ksState>
      <x>265.67852525053644</x>
      <y>582.068065416339</y>
      <steeringAngle>0.14213333333333336</steeringAngle>
      <velocity>0.0</velocity>
      <orientation>-0.8717973530588209</orientation>
      <time>21</time>
    </ksState>
    <ksState>
      <x>265.67852525053644</x>
      <y>582.068065416339</y>
      <steeringAngle>0.10660000000000001</steeringAngle>
      <velocity>0.0</velocity>
      <orientation>-0.8717973530588209</orientation>
      <time>22</time>
    </ksState>
    <ksState>
      <x>265.67852525053644</x>
      <y>582.068065416339</y>
      <steeringAngle>0.07106666666666668</steeringAngle>
      <velocity>0.0</velocity>
      <orientation>-0.8717973530588209</orientation>
      <time>23</time>
    </ksState>
    <ksState>
      <x>265.67852525053644</x>
      <y>582.068065416339</y>
      <steeringAngle>0.03553333333333333</steeringAngle>
      <velocity>0.0</velocity>
      <orientation>-0.8717973530588209</orientation>
      <time>24</time>
    </ksState>
    <ksState>
      <x>265.67852525053644</x>
      <y>582.068065416339</y>
      <steeringAngle>0.0</steeringAngle>
      <velocity>0.0</velocity>
      <orientation>-0.8717973530588209</orientation>
      <time>25</time>
    </ksState>
    <ksState>
      <x>265.67852525053644</x>
      <y>582.068065416339</y>
      <steeringAngle>0.0</steeringAngle>
      <velocity>0.0</velocity>
      <orientation>-0.8717973530588209</orientation>
      <time>26</time>
    </ksState>
    <ksState>
      <x>265.67852525053644</x>
      <y>582.068065416339</y>
      <steeringAngle>0.0</steeringAngle>
      <velocity>0.0</velocity>
      <orientation>-0.8717973530588209</orientation>
      <time>27</time>
    </ksState>
    <ksState>
      <x>265.67852525053644</x>
      <y>582.068065416339</y>
      <steeringAngle>0.0</steeringAngle>
      <velocity>0.0</velocity>
      <orientation>-0.8717973530588209</orientation>
      <time>28</time>
    </ksState>
    <ksState>
      <x>265.67852525053644</x>
      <y>582.068065416339</y>
      <steeringAngle>0.0</steeringAngle>
      <velocity>0.0</velocity>
      <orientation>-0.8717973530588209</orientation>
      <time>29</time>
    </ksState>
    <ksState>
      <x>265.67852525053644</x>
      <y>582.068065416339</y>
      <steeringAngle>0.0</steeringAngle>
      <velocity>0.0</velocity>
      <orientation>-0.8717973530588209</orientation>
      <time>30</time>
    </ksState>
    <ksState>
      <x>265.67852525053644</x>
      <y>582.068065416339</y>
      <steeringAngle>0.0</steeringAngle>
      <velocity>0.0</velocity>
      <orientation>-0.8717973530588209</orientation>
      <time>31</time>
    </ksState>
    <ksState>
      <x>265.67852525053644</x>
      <y>582.068065416339</y>
      <steeringAngle>0.0</steeringAngle>
      <velocity>0.0</velocity>
      <orientation>-0.8717973530588209</orientation>
      <time>32</time>
    </ksState>
    <ksState>
      <x>265.67852525053644</x>
      <y>582.068065416339</y>
      <steeringAngle>0.0</steeringAngle>
      <velocity>0.0</velocity>
      <orientation>-0.8717973530588209</orientation>
      <time>33</time>
    </ksState>
  </ksTrajectory>
</CommonRoadSolution>
