<?xml version="1.0" ?>
<CommonRoadSolution benchmark_id="KS2:SM1:PRI_Barceloneta-2_1_T-1:2020a" computation_time="2.457449108000219" date="2023-01-12T15:00:04">
  <ksTrajectory planningProblem="1">
    <ksState>
      <x>22.599561</x>
      <y>-125.77489</y>
      <steeringAngle>0.0</steeringAngle>
      <velocity>0.0</velocity>
      <orientation>3.0245693</orientation>
      <time>0</time>
    </ksState>
    <ksState>
      <x>22.559896411028923</x>
      <y>-125.76969458775838</y>
      <steeringAngle>-0.03553333333333333</steeringAngle>
      <velocity>0.8</velocity>
      <orientation>3.024201768221758</orientation>
      <time>1</time>
    </ksState>
    <ksState>
      <x>22.441172338857786</x>
      <y>-125.75186518436027</y>
      <steeringAngle>-0.0710666666666667</steeringAngle>
      <velocity>1.6</velocity>
      <orientation>3.0216269216297724</orientation>
      <time>2</time>
    </ksState>
    <ksState>
      <x>22.243916149317297</x>
      <y>-125.7173960965359</y>
      <steeringAngle>-0.10660000000000003</steeringAngle>
      <velocity>2.4000000000000004</velocity>
      <orientation>3.014626217392935</orientation>
      <time>3</time>
    </ksState>
    <ksState>
      <x>21.969002793271574</x>
      <y>-125.66086301702691</y>
      <steeringAngle>-0.14213333333333342</steeringAngle>
      <velocity>3.2000000000000015</velocity>
      <orientation>3.000958576452115</orientation>
      <time>4</time>
    </ksState>
    <ksState>
      <x>21.618003380428835</x>
      <y>-125.57473066645038</y>
      <steeringAngle>-0.17766666666666683</steeringAngle>
      <velocity>4.0000000000000036</velocity>
      <orientation>2.9783486605788947</orientation>
      <time>5</time>
    </ksState>
    <ksState>
      <x>21.23126065195586</x>
      <y>-125.46523355218329</y>
      <steeringAngle>-0.17766666666666667</steeringAngle>
      <velocity>4.0</velocity>
      <orientation>2.950498172423639</orientation>
      <time>6</time>
    </ksState>
    <ksState>
      <x>20.847717020395237</x>
      <y>-125.34500931567858</y>
      <steeringAngle>-0.17766666666666667</steeringAngle>
      <velocity>4.0</velocity>
      <orientation>2.922647684268383</orientation>
      <time>7</time>
    </ksState>
    <ksState>
      <x>20.46766999622593</x>
      <y>-125.2141512056584</y>
      <steeringAngle>-0.17766666666666667</steeringAngle>
      <velocity>4.0</velocity>
      <orientation>2.894797196113127</orientation>
      <time>8</time>
    </ksState>
    <ksState>
      <x>20.09141434395916</x>
      <y>-125.07276071593803</y>
      <steeringAngle>-0.17766666666666667</steeringAngle>
      <velocity>4.0</velocity>
      <orientation>2.866946707957871</orientation>
      <time>9</time>
    </ksState>
    <ksState>
      <x>19.719241887715377</x>
      <y>-124.92094750793181</y>
      <steeringAngle>-0.17766666666666667</steeringAngle>
      <velocity>4.0</velocity>
      <orientation>2.8390962198026153</orientation>
      <time>10</time>
    </ksState>
    <ksState>
      <x>19.389246280966034</x>
      <y>-124.77189079278314</y>
      <steeringAngle>-0.21319999999999997</steeringAngle>
      <velocity>3.2</velocity>
      <orientation>2.8115546742391806</orientation>
      <time>11</time>
    </ksState>
    <ksState>
      <x>19.137671787616892</x>
      <y>-124.6437932761835</y>
      <steeringAngle>-0.24873333333333342</steeringAngle>
      <velocity>2.4000000000000004</velocity>
      <orientation>2.786116443852531</orientation>
      <time>12</time>
    </ksState>
    <ksState>
      <x>18.961636254198666</x>
      <y>-124.54426408364274</y>
      <steeringAngle>-0.2842666666666668</steeringAngle>
      <velocity>1.600000000000001</velocity>
      <orientation>2.7650415440619516</orientation>
      <time>13</time>
    </ksState>
    <ksState>
      <x>18.858028030671157</x>
      <y>-124.48035801664368</y>
      <steeringAngle>-0.3197999999999999</steeringAngle>
      <velocity>0.8000000000000007</velocity>
      <orientation>2.750643116761247</orientation>
      <time>14</time>
    </ksState>
    <ksState>
      <x>18.824001109135864</x>
      <y>-124.45799969754783</y>
      <steeringAngle>-0.3553333333333332</steeringAngle>
      <velocity>5.551115123125783e-16</velocity>
      <orientation>2.7453014751255176</orientation>
      <time>15</time>
    </ksState>
    <ksState>
      <x>18.824001109135864</x>
      <y>-124.45799969754783</y>
      <steeringAngle>-0.3198</steeringAngle>
      <velocity>0.0</velocity>
      <orientation>2.7453014751255176</orientation>
      <time>16</time>
    </ksState>
    <ksState>
      <x>18.824001109135864</x>
      <y>-124.45799969754783</y>
      <steeringAngle>-0.2842666666666666</steeringAngle>
      <velocity>0.0</velocity>
      <orientation>2.7453014751255176</orientation>
      <time>17</time>
    </ksState>
    <ksState>
      <x>18.824001109135864</x>
      <y>-124.45799969754783</y>
      <steeringAngle>-0.24873333333333333</steeringAngle>
      <velocity>0.0</velocity>
      <orientation>2.7453014751255176</orientation>
      <time>18</time>
    </ksState>
    <ksState>
      <x>18.824001109135864</x>
      <y>-124.45799969754783</y>
      <steeringAngle>-0.21320000000000003</steeringAngle>
      <velocity>0.0</velocity>
      <orientation>2.7453014751255176</orientation>
      <time>19</time>
    </ksState>
    <ksState>
      <x>18.824001109135864</x>
      <y>-124.45799969754783</y>
      <steeringAngle>-0.1776666666666667</steeringAngle>
      <velocity>0.0</velocity>
      <orientation>2.7453014751255176</orientation>
      <time>20</time>
    </ksState>
    <ksState>
      <x>18.788446277757643</x>
      <y>-124.43935578571417</y>
      <steeringAngle>-0.14213333333333333</steeringAngle>
      <velocity>0.8</velocity>
      <orientation>2.742893977914715</orientation>
      <time>21</time>
    </ksState>
    <ksState>
      <x>18.681181731853698</x>
      <y>-124.38494190213464</y>
      <steeringAngle>-0.10660000000000001</steeringAngle>
      <velocity>1.6</velocity>
      <orientation>2.7371696912943806</orientation>
      <time>22</time>
    </ksState>
    <ksState>
      <x>18.501449456215784</x>
      <y>-124.29667487357291</y>
      <steeringAngle>-0.07106666666666664</steeringAngle>
      <velocity>2.4000000000000004</velocity>
      <orientation>2.7303541775314017</orientation>
      <time>23</time>
    </ksState>
    <ksState>
      <x>18.24841409142988</x>
      <y>-124.17650775916465</y>
      <steeringAngle>-0.03553333333333332</steeringAngle>
      <velocity>3.1999999999999993</velocity>
      <orientation>2.724653256818472</orientation>
      <time>24</time>
    </ksState>
    <ksState>
      <x>17.92086908344347</x>
      <y>-124.02708633295347</y>
      <steeringAngle>2.6020852139652106e-18</steeringAngle>
      <velocity>3.999999999999999</velocity>
      <orientation>2.7222645052301453</orientation>
      <time>25</time>
    </ksState>
    <ksState>
      <x>17.59356070260153</x>
      <y>-123.87715401972002</y>
      <steeringAngle>-0.03553333333333333</steeringAngle>
      <velocity>3.2</velocity>
      <orientation>2.7198757568503527</orientation>
      <time>26</time>
    </ksState>
    <ksState>
      <x>17.34172430385386</x>
      <y>-123.75450598031644</y>
      <steeringAngle>-0.07106666666666668</steeringAngle>
      <velocity>2.4</velocity>
      <orientation>2.714174841844556</orientation>
      <time>27</time>
    </ksState>
    <ksState>
      <x>17.16403071783565</x>
      <y>-123.66221314440091</y>
      <steeringAngle>-0.10660000000000003</steeringAngle>
      <velocity>1.5999999999999994</velocity>
      <orientation>2.7073593080998246</orientation>
      <time>28</time>
    </ksState>
    <ksState>
      <x>17.058753164716453</x>
      <y>-123.60405254256955</y>
      <steeringAngle>-0.14213333333333342</steeringAngle>
      <velocity>0.7999999999999988</velocity>
      <orientation>2.7016350466133447</orientation>
      <time>29</time>
    </ksState>
    <ksState>
      <x>17.02404480016094</x>
      <y>-123.58387705672442</y>
      <steeringAngle>-0.17766666666666675</steeringAngle>
      <velocity>-1.5265566588595902e-15</velocity>
      <orientation>2.699227552138789</orientation>
      <time>30</time>
    </ksState>
    <ksState>
      <x>17.02404480016094</x>
      <y>-123.58387705672442</y>
      <steeringAngle>-0.14213333333333336</steeringAngle>
      <velocity>0.0</velocity>
      <orientation>2.699227552138789</orientation>
      <time>31</time>
    </ksState>
    <ksState>
      <x>17.02404480016094</x>
      <y>-123.58387705672442</y>
      <steeringAngle>-0.10660000000000001</steeringAngle>
      <velocity>0.0</velocity>
      <orientation>2.699227552138789</orientation>
      <time>32</time>
    </ksState>
    <ksState>
      <x>17.02404480016094</x>
      <y>-123.58387705672442</y>
      <steeringAngle>-0.07106666666666668</steeringAngle>
      <velocity>0.0</velocity>
      <orientation>2.699227552138789</orientation>
      <time>33</time>
    </ksState>
  </ksTrajectory>
</CommonRoadSolution>
