<?xml version="1.0" ?>
<CommonRoadSolution benchmark_id="KS2:SM1:BEL_Zaventem-5_3_T-1:2020a" computation_time="0.9552164030001222" date="2023-01-12T15:00:04">
  <ksTrajectory planningProblem="1">
    <ksState>
      <x>-726.49283</x>
      <y>526.7991</y>
      <steeringAngle>0.0</steeringAngle>
      <velocity>8.0</velocity>
      <orientation>-0.82901861</orientation>
      <time>0</time>
    </ksState>
    <ksState>
      <x>-725.9455006547114</x>
      <y>526.2155944190868</y>
      <steeringAngle>0.03553333333333333</steeringAngle>
      <velocity>8.0</velocity>
      <orientation>-0.8235060749971612</orientation>
      <time>1</time>
    </ksState>
    <ksState>
      <x>-725.3803429053861</x>
      <y>525.6489359748567</y>
      <steeringAngle>0.07106666666666667</steeringAngle>
      <velocity>8.0</velocity>
      <orientation>-0.8069545541168915</orientation>
      <time>2</time>
    </ksState>
    <ksState>
      <x>-724.7915867380317</x>
      <y>525.1059695504574</y>
      <steeringAngle>0.10659999999999997</steeringAngle>
      <velocity>8.0</velocity>
      <orientation>-0.7793220748261966</orientation>
      <time>3</time>
    </ksState>
    <ksState>
      <x>-724.1742217696049</x>
      <y>524.5943621915259</y>
      <steeringAngle>0.1421333333333333</steeringAngle>
      <velocity>8.0</velocity>
      <orientation>-0.7405382225534618</orientation>
      <time>4</time>
    </ksState>
    <ksState>
      <x>-723.5242848299757</x>
      <y>524.1227613737351</y>
      <steeringAngle>0.17766666666666667</steeringAngle>
      <velocity>8.0</velocity>
      <orientation>-0.6905034103043071</orientation>
      <time>5</time>
    </ksState>
    <ksState>
      <x>-722.8794575924766</x>
      <y>523.7137021136692</y>
      <steeringAngle>0.17766666666666667</steeringAngle>
      <velocity>7.2</velocity>
      <orientation>-0.6375874828599297</orientation>
      <time>6</time>
    </ksState>
    <ksState>
      <x>-722.2848776513143</x>
      <y>523.3770646223845</y>
      <steeringAngle>0.17766666666666667</steeringAngle>
      <velocity>6.4</velocity>
      <orientation>-0.5902416530671185</orientation>
      <time>7</time>
    </ksState>
    <ksState>
      <x>-721.747526314419</x>
      <y>523.1036908980515</y>
      <steeringAngle>0.17766666666666667</steeringAngle>
      <velocity>5.599999999999999</velocity>
      <orientation>-0.5484659209119338</orientation>
      <time>8</time>
    </ksState>
    <ksState>
      <x>-721.2729316873397</x>
      <y>522.8850966797786</y>
      <steeringAngle>0.17766666666666667</steeringAngle>
      <velocity>4.799999999999999</velocity>
      <orientation>-0.5122602863904193</orientation>
      <time>9</time>
    </ksState>
    <ksState>
      <x>-720.8653890771444</x>
      <y>522.7136515125353</y>
      <steeringAngle>0.17766666666666667</steeringAngle>
      <velocity>4.0</velocity>
      <orientation>-0.48162474950108924</orientation>
      <time>10</time>
    </ksState>
    <ksState>
      <x>-720.529837414291</x>
      <y>522.5793233703122</y>
      <steeringAngle>0.1421333333333333</steeringAngle>
      <velocity>3.1999999999999993</velocity>
      <orientation>-0.4590148345276469</orientation>
      <time>11</time>
    </ksState>
    <ksState>
      <x>-720.2694445489113</x>
      <y>522.4745570520272</y>
      <steeringAngle>0.10659999999999997</steeringAngle>
      <velocity>2.3999999999999977</velocity>
      <orientation>-0.4453471936569396</orientation>
      <time>12</time>
    </ksState>
    <ksState>
      <x>-720.0843735931696</x>
      <y>522.3980803036864</y>
      <steeringAngle>0.07106666666666664</steeringAngle>
      <velocity>1.5999999999999976</velocity>
      <orientation>-0.43834648780372043</orientation>
      <time>13</time>
    </ksState>
    <ksState>
      <x>-719.9740961336997</x>
      <y>522.3506207216877</y>
      <steeringAngle>0.0355333333333333</steeringAngle>
      <velocity>0.7999999999999972</velocity>
      <orientation>-0.43577164332975316</orientation>
      <time>14</time>
    </ksState>
    <ksState>
      <x>-719.9376100115672</x>
      <y>522.334218352588</y>
      <steeringAngle>-2.5153490401663703e-17</steeringAngle>
      <velocity>-2.914335439641036e-15</velocity>
      <orientation>-0.435404131751222</orientation>
      <time>15</time>
    </ksState>
    <ksState>
      <x>-719.9376100115672</x>
      <y>522.334218352588</y>
      <steeringAngle>-0.03553333333333333</steeringAngle>
      <velocity>0.0</velocity>
      <orientation>-0.435404131751222</orientation>
      <time>16</time>
    </ksState>
    <ksState>
      <x>-719.9376100115672</x>
      <y>522.334218352588</y>
      <steeringAngle>-0.07106666666666667</steeringAngle>
      <velocity>0.0</velocity>
      <orientation>-0.435404131751222</orientation>
      <time>17</time>
    </ksState>
    <ksState>
      <x>-719.9376100115672</x>
      <y>522.334218352588</y>
      <steeringAngle>-0.10660000000000001</steeringAngle>
      <velocity>0.0</velocity>
      <orientation>-0.435404131751222</orientation>
      <time>18</time>
    </ksState>
    <ksState>
      <x>-719.9376100115672</x>
      <y>522.334218352588</y>
      <steeringAngle>-0.14213333333333336</steeringAngle>
      <velocity>0.0</velocity>
      <orientation>-0.435404131751222</orientation>
      <time>19</time>
    </ksState>
    <ksState>
      <x>-719.9376100115672</x>
      <y>522.334218352588</y>
      <steeringAngle>-0.1776666666666667</steeringAngle>
      <velocity>0.0</velocity>
      <orientation>-0.435404131751222</orientation>
      <time>20</time>
    </ksState>
    <ksState>
      <x>-719.9032745746783</x>
      <y>522.3132099091864</y>
      <steeringAngle>-0.21319999999999997</steeringAngle>
      <velocity>0.8</velocity>
      <orientation>-0.43857036523237564</orientation>
      <time>21</time>
    </ksState>
    <ksState>
      <x>-719.8016561381919</x>
      <y>522.2474851954015</y>
      <steeringAngle>-0.24873333333333328</steeringAngle>
      <velocity>1.6000000000000005</velocity>
      <orientation>-0.4496109575427755</orientation>
      <time>22</time>
    </ksState>
    <ksState>
      <x>-719.6358915368821</x>
      <y>522.1315821075957</y>
      <steeringAngle>-0.2842666666666665</steeringAngle>
      <velocity>2.400000000000001</velocity>
      <orientation>-0.4708832789437355</orientation>
      <time>23</time>
    </ksState>
    <ksState>
      <x>-719.4111484909629</x>
      <y>521.957789480078</y>
      <steeringAngle>-0.31979999999999986</steeringAngle>
      <velocity>3.200000000000001</velocity>
      <orientation>-0.5048155352234316</orientation>
      <time>24</time>
    </ksState>
    <ksState>
      <x>-719.1356475703036</x>
      <y>521.7158598081614</y>
      <steeringAngle>-0.3553333333333332</steeringAngle>
      <velocity>4.0</velocity>
      <orientation>-0.5539220960114084</orientation>
      <time>25</time>
    </ksState>
    <ksState>
      <x>-718.8725366884058</x>
      <y>521.4604190218139</y>
      <steeringAngle>-0.31979999999999975</steeringAngle>
      <velocity>3.2</velocity>
      <orientation>-0.6030286560691968</orientation>
      <time>26</time>
    </ksState>
    <ksState>
      <x>-718.6727665100676</x>
      <y>521.258369057347</y>
      <steeringAngle>-0.2842666666666663</steeringAngle>
      <velocity>2.4000000000000004</velocity>
      <orientation>-0.6369609114354111</orientation>
      <time>27</time>
    </ksState>
    <ksState>
      <x>-718.5315493120025</x>
      <y>521.1135413614281</y>
      <steeringAngle>-0.24873333333333292</steeringAngle>
      <velocity>1.6000000000000008</velocity>
      <orientation>-0.6582332323823499</orientation>
      <time>28</time>
    </ksState>
    <ksState>
      <x>-718.446715157929</x>
      <y>521.0272263384846</y>
      <steeringAngle>-0.21319999999999967</steeringAngle>
      <velocity>0.8000000000000008</velocity>
      <orientation>-0.6692738231234047</orientation>
      <time>29</time>
    </ksState>
    <ksState>
      <x>-718.4181849068049</x>
      <y>520.9988304050634</y>
      <steeringAngle>-0.1776666666666663</steeringAngle>
      <velocity>6.661338147750939e-16</velocity>
      <orientation>-0.672440060665283</orientation>
      <time>30</time>
    </ksState>
    <ksState>
      <x>-718.4181849068049</x>
      <y>520.9988304050634</y>
      <steeringAngle>-0.14213333333333336</steeringAngle>
      <velocity>0.0</velocity>
      <orientation>-0.672440060665283</orientation>
      <time>31</time>
    </ksState>
    <ksState>
      <x>-718.4181849068049</x>
      <y>520.9988304050634</y>
      <steeringAngle>-0.10660000000000001</steeringAngle>
      <velocity>0.0</velocity>
      <orientation>-0.672440060665283</orientation>
      <time>32</time>
    </ksState>
    <ksState>
      <x>-718.4181849068049</x>
      <y>520.9988304050634</y>
      <steeringAngle>-0.07106666666666668</steeringAngle>
      <velocity>0.0</velocity>
      <orientation>-0.672440060665283</orientation>
      <time>33</time>
    </ksState>
  </ksTrajectory>
</CommonRoadSolution>
