<?xml version="1.0" ?>
<CommonRoadSolution benchmark_id="KS2:SM1:DEU_Flensburg-14_1_T-1:2020a" computation_time="3.5643377070000497" date="2023-01-12T15:00:04">
  <ksTrajectory planningProblem="123">
    <ksState>
      <x>278.98383</x>
      <y>-340.16288</y>
      <steeringAngle>0.0</steeringAngle>
      <velocity>8.0</velocity>
      <orientation>0.85758495</orientation>
      <time>0</time>
    </ksState>
    <ksState>
      <x>279.50724263312605</x>
      <y>-339.55786825178006</y>
      <steeringAngle>0.0</steeringAngle>
      <velocity>8.0</velocity>
      <orientation>0.85758495</orientation>
      <time>1</time>
    </ksState>
    <ksState>
      <x>280.03065526625204</x>
      <y>-338.9528565035602</y>
      <steeringAngle>0.0</steeringAngle>
      <velocity>8.0</velocity>
      <orientation>0.85758495</orientation>
      <time>2</time>
    </ksState>
    <ksState>
      <x>280.5540678993781</x>
      <y>-338.3478447553403</y>
      <steeringAngle>0.0</steeringAngle>
      <velocity>8.0</velocity>
      <orientation>0.85758495</orientation>
      <time>3</time>
    </ksState>
    <ksState>
      <x>281.0774805325041</x>
      <y>-337.74283300712045</y>
      <steeringAngle>0.0</steeringAngle>
      <velocity>8.0</velocity>
      <orientation>0.85758495</orientation>
      <time>4</time>
    </ksState>
    <ksState>
      <x>281.60089316563017</x>
      <y>-337.13782125890054</y>
      <steeringAngle>0.0</steeringAngle>
      <velocity>8.0</velocity>
      <orientation>0.85758495</orientation>
      <time>5</time>
    </ksState>
    <ksState>
      <x>282.1243057987562</x>
      <y>-336.53280951068064</y>
      <steeringAngle>0.0</steeringAngle>
      <velocity>8.0</velocity>
      <orientation>0.85758495</orientation>
      <time>6</time>
    </ksState>
    <ksState>
      <x>282.6477184318822</x>
      <y>-335.9277977624608</y>
      <steeringAngle>0.0</steeringAngle>
      <velocity>8.0</velocity>
      <orientation>0.85758495</orientation>
      <time>7</time>
    </ksState>
    <ksState>
      <x>283.17113106500824</x>
      <y>-335.3227860142409</y>
      <steeringAngle>0.0</steeringAngle>
      <velocity>8.0</velocity>
      <orientation>0.85758495</orientation>
      <time>8</time>
    </ksState>
    <ksState>
      <x>283.6945436981343</x>
      <y>-334.717774266021</y>
      <steeringAngle>0.0</steeringAngle>
      <velocity>8.0</velocity>
      <orientation>0.85758495</orientation>
      <time>9</time>
    </ksState>
    <ksState>
      <x>284.2179563312603</x>
      <y>-334.1127625178011</y>
      <steeringAngle>0.0</steeringAngle>
      <velocity>8.0</velocity>
      <orientation>0.85758495</orientation>
      <time>10</time>
    </ksState>
    <ksState>
      <x>284.74136896438637</x>
      <y>-333.5077507695812</y>
      <steeringAngle>0.0</steeringAngle>
      <velocity>8.0</velocity>
      <orientation>0.85758495</orientation>
      <time>11</time>
    </ksState>
    <ksState>
      <x>285.26478159751235</x>
      <y>-332.90273902136136</y>
      <steeringAngle>0.0</steeringAngle>
      <velocity>8.0</velocity>
      <orientation>0.85758495</orientation>
      <time>12</time>
    </ksState>
    <ksState>
      <x>285.7881942306384</x>
      <y>-332.29772727314145</y>
      <steeringAngle>0.0</steeringAngle>
      <velocity>8.0</velocity>
      <orientation>0.85758495</orientation>
      <time>13</time>
    </ksState>
    <ksState>
      <x>286.31160686376444</x>
      <y>-331.6927155249216</y>
      <steeringAngle>0.0</steeringAngle>
      <velocity>8.0</velocity>
      <orientation>0.85758495</orientation>
      <time>14</time>
    </ksState>
    <ksState>
      <x>286.8350194968905</x>
      <y>-331.0877037767017</y>
      <steeringAngle>0.0</steeringAngle>
      <velocity>8.0</velocity>
      <orientation>0.85758495</orientation>
      <time>15</time>
    </ksState>
    <ksState>
      <x>287.3584321300165</x>
      <y>-330.4826920284818</y>
      <steeringAngle>0.0</steeringAngle>
      <velocity>8.0</velocity>
      <orientation>0.85758495</orientation>
      <time>16</time>
    </ksState>
    <ksState>
      <x>287.8818447631425</x>
      <y>-329.8776802802619</y>
      <steeringAngle>0.0</steeringAngle>
      <velocity>8.0</velocity>
      <orientation>0.85758495</orientation>
      <time>17</time>
    </ksState>
    <ksState>
      <x>288.40525739626855</x>
      <y>-329.272668532042</y>
      <steeringAngle>0.0</steeringAngle>
      <velocity>8.0</velocity>
      <orientation>0.85758495</orientation>
      <time>18</time>
    </ksState>
    <ksState>
      <x>288.9286700293946</x>
      <y>-328.66765678382217</y>
      <steeringAngle>0.0</steeringAngle>
      <velocity>8.0</velocity>
      <orientation>0.85758495</orientation>
      <time>19</time>
    </ksState>
    <ksState>
      <x>289.45208266252064</x>
      <y>-328.06264503560226</y>
      <steeringAngle>0.0</steeringAngle>
      <velocity>8.0</velocity>
      <orientation>0.85758495</orientation>
      <time>20</time>
    </ksState>
    <ksState>
      <x>289.9754952956467</x>
      <y>-327.45763328738235</y>
      <steeringAngle>0.0</steeringAngle>
      <velocity>8.0</velocity>
      <orientation>0.85758495</orientation>
      <time>21</time>
    </ksState>
    <ksState>
      <x>290.49890792877267</x>
      <y>-326.8526215391625</y>
      <steeringAngle>0.0</steeringAngle>
      <velocity>8.0</velocity>
      <orientation>0.85758495</orientation>
      <time>22</time>
    </ksState>
    <ksState>
      <x>291.0223205618987</x>
      <y>-326.2476097909426</y>
      <steeringAngle>0.0</steeringAngle>
      <velocity>8.0</velocity>
      <orientation>0.85758495</orientation>
      <time>23</time>
    </ksState>
    <ksState>
      <x>291.54573319502475</x>
      <y>-325.64259804272274</y>
      <steeringAngle>0.0</steeringAngle>
      <velocity>8.0</velocity>
      <orientation>0.85758495</orientation>
      <time>24</time>
    </ksState>
    <ksState>
      <x>292.0691458281508</x>
      <y>-325.03758629450283</y>
      <steeringAngle>0.0</steeringAngle>
      <velocity>8.0</velocity>
      <orientation>0.85758495</orientation>
      <time>25</time>
    </ksState>
    <ksState>
      <x>292.5854998780165</x>
      <y>-324.4264998273329</y>
      <steeringAngle>0.03553333333333333</steeringAngle>
      <velocity>8.0</velocity>
      <orientation>0.8630974850028388</orientation>
      <time>26</time>
    </ksState>
    <ksState>
      <x>293.0830595898544</x>
      <y>-323.79965103600017</y>
      <steeringAngle>0.07106666666666667</steeringAngle>
      <velocity>8.0</velocity>
      <orientation>0.8796490058831085</orientation>
      <time>27</time>
    </ksState>
    <ksState>
      <x>293.55435921192236</x>
      <y>-323.1520994713649</y>
      <steeringAngle>0.10659999999999997</steeringAngle>
      <velocity>8.0</velocity>
      <orientation>0.9072814851738034</orientation>
      <time>28</time>
    </ksState>
    <ksState>
      <x>293.9912041112263</x>
      <y>-322.4797542267876</y>
      <steeringAngle>0.1421333333333333</steeringAngle>
      <velocity>8.0</velocity>
      <orientation>0.9460653374465382</orientation>
      <time>29</time>
    </ksState>
    <ksState>
      <x>294.3845467957561</x>
      <y>-321.7796778814064</y>
      <steeringAngle>0.17766666666666667</steeringAngle>
      <velocity>8.0</velocity>
      <orientation>0.9961001496956929</orientation>
      <time>30</time>
    </ksState>
    <ksState>
      <x>294.7410978479637</x>
      <y>-321.0600172831173</y>
      <steeringAngle>0.14213333333333336</steeringAngle>
      <velocity>8.0</velocity>
      <orientation>1.0461349612444413</orientation>
      <time>31</time>
    </ksState>
    <ksState>
      <x>295.0793743317146</x>
      <y>-320.3329579113543</y>
      <steeringAngle>0.1066000000000001</steeringAngle>
      <velocity>8.0</velocity>
      <orientation>1.0849188132514387</orientation>
      <time>32</time>
    </ksState>
    <ksState>
      <x>295.4074688393002</x>
      <y>-319.60226178547236</y>
      <steeringAngle>0.07106666666666674</steeringAngle>
      <velocity>8.0</velocity>
      <orientation>1.1125512922811256</orientation>
      <time>33</time>
    </ksState>
    <ksState>
      <x>295.73354745644906</x>
      <y>-318.8713396115263</y>
      <steeringAngle>0.035533333333333354</steeringAngle>
      <velocity>8.0</velocity>
      <orientation>1.129102812910155</orientation>
      <time>34</time>
    </ksState>
    <ksState>
      <x>296.0657642973955</x>
      <y>-318.1435324420874</y>
      <steeringAngle>2.0816681711721685e-17</steeringAngle>
      <velocity>8.0</velocity>
      <orientation>1.1346153393685598</orientation>
      <time>35</time>
    </ksState>
    <ksState>
      <x>296.41217971741537</x>
      <y>-317.4223913103084</y>
      <steeringAngle>-0.03553333333333333</steeringAngle>
      <velocity>8.0</velocity>
      <orientation>1.129102804365721</orientation>
      <time>36</time>
    </ksState>
    <ksState>
      <x>296.78066617699113</x>
      <y>-316.71195285192596</y>
      <steeringAngle>-0.07106666666666667</steeringAngle>
      <velocity>8.0</velocity>
      <orientation>1.1125512834854514</orientation>
      <time>37</time>
    </ksState>
    <ksState>
      <x>297.17878571881255</x>
      <y>-316.0170088304086</y>
      <steeringAngle>-0.10659999999999997</steeringAngle>
      <velocity>8.0</velocity>
      <orientation>1.0849188041947566</orientation>
      <time>38</time>
    </ksState>
    <ksState>
      <x>297.61362330785926</x>
      <y>-315.34336362326627</y>
      <steeringAngle>-0.1421333333333333</steeringAngle>
      <velocity>8.0</velocity>
      <orientation>1.0461349519220215</orientation>
      <time>39</time>
    </ksState>
    <ksState>
      <x>298.0915601905418</x>
      <y>-314.6980716792542</y>
      <steeringAngle>-0.17766666666666667</steeringAngle>
      <velocity>8.0</velocity>
      <orientation>0.9961001396728669</orientation>
      <time>40</time>
    </ksState>
    <ksState>
      <x>298.60241733136553</x>
      <y>-314.07834189037067</y>
      <steeringAngle>-0.14213333333333336</steeringAngle>
      <velocity>8.0</velocity>
      <orientation>0.9460653281241185</orientation>
      <time>41</time>
    </ksState>
    <ksState>
      <x>299.12750103402175</x>
      <y>-313.4722615205086</y>
      <steeringAngle>-0.1066000000000001</steeringAngle>
      <velocity>8.0</velocity>
      <orientation>0.9072814761171212</orientation>
      <time>42</time>
    </ksState>
    <ksState>
      <x>299.66006818722815</x>
      <y>-312.87398477717625</y>
      <steeringAngle>-0.07106666666666674</steeringAngle>
      <velocity>8.0</velocity>
      <orientation>0.8796489970874343</orientation>
      <time>43</time>
    </ksState>
    <ksState>
      <x>300.19366619665317</x>
      <y>-312.2774551020842</y>
      <steeringAngle>-0.035533333333333354</steeringAngle>
      <velocity>8.0</velocity>
      <orientation>0.863097476458405</orientation>
      <time>44</time>
    </ksState>
    <ksState>
      <x>300.721910924697</x>
      <y>-311.67659836991834</y>
      <steeringAngle>-2.0816681711721685e-17</steeringAngle>
      <velocity>8.0</velocity>
      <orientation>0.8575849500000001</orientation>
      <time>45</time>
    </ksState>
    <ksState>
      <x>301.24532355782304</x>
      <y>-311.07158662169843</y>
      <steeringAngle>0.0</steeringAngle>
      <velocity>8.0</velocity>
      <orientation>0.8575849500000001</orientation>
      <time>46</time>
    </ksState>
    <ksState>
      <x>301.768736190949</x>
      <y>-310.4665748734786</y>
      <steeringAngle>0.0</steeringAngle>
      <velocity>8.0</velocity>
      <orientation>0.8575849500000001</orientation>
      <time>47</time>
    </ksState>
    <ksState>
      <x>302.29214882407507</x>
      <y>-309.86156312525867</y>
      <steeringAngle>0.0</steeringAngle>
      <velocity>8.0</velocity>
      <orientation>0.8575849500000001</orientation>
      <time>48</time>
    </ksState>
    <ksState>
      <x>302.8155614572011</x>
      <y>-309.2565513770388</y>
      <steeringAngle>0.0</steeringAngle>
      <velocity>8.0</velocity>
      <orientation>0.8575849500000001</orientation>
      <time>49</time>
    </ksState>
    <ksState>
      <x>303.33897409032716</x>
      <y>-308.6515396288189</y>
      <steeringAngle>0.0</steeringAngle>
      <velocity>8.0</velocity>
      <orientation>0.8575849500000001</orientation>
      <time>50</time>
    </ksState>
    <ksState>
      <x>303.8623867234532</x>
      <y>-308.046527880599</y>
      <steeringAngle>0.0</steeringAngle>
      <velocity>8.0</velocity>
      <orientation>0.8575849500000001</orientation>
      <time>51</time>
    </ksState>
    <ksState>
      <x>304.3857993565792</x>
      <y>-307.44151613237915</y>
      <steeringAngle>0.0</steeringAngle>
      <velocity>8.0</velocity>
      <orientation>0.8575849500000001</orientation>
      <time>52</time>
    </ksState>
    <ksState>
      <x>304.9092119897052</x>
      <y>-306.83650438415924</y>
      <steeringAngle>0.0</steeringAngle>
      <velocity>8.0</velocity>
      <orientation>0.8575849500000001</orientation>
      <time>53</time>
    </ksState>
    <ksState>
      <x>305.43262462283127</x>
      <y>-306.2314926359394</y>
      <steeringAngle>0.0</steeringAngle>
      <velocity>8.0</velocity>
      <orientation>0.8575849500000001</orientation>
      <time>54</time>
    </ksState>
    <ksState>
      <x>305.9560372559573</x>
      <y>-305.6264808877195</y>
      <steeringAngle>0.0</steeringAngle>
      <velocity>8.0</velocity>
      <orientation>0.8575849500000001</orientation>
      <time>55</time>
    </ksState>
    <ksState>
      <x>306.47944988908336</x>
      <y>-305.0214691394996</y>
      <steeringAngle>0.0</steeringAngle>
      <velocity>8.0</velocity>
      <orientation>0.8575849500000001</orientation>
      <time>56</time>
    </ksState>
    <ksState>
      <x>307.00286252220934</x>
      <y>-304.4164573912797</y>
      <steeringAngle>0.0</steeringAngle>
      <velocity>8.0</velocity>
      <orientation>0.8575849500000001</orientation>
      <time>57</time>
    </ksState>
    <ksState>
      <x>307.5262751553354</x>
      <y>-303.8114456430598</y>
      <steeringAngle>0.0</steeringAngle>
      <velocity>8.0</velocity>
      <orientation>0.8575849500000001</orientation>
      <time>58</time>
    </ksState>
    <ksState>
      <x>308.0496877884614</x>
      <y>-303.20643389483996</y>
      <steeringAngle>0.0</steeringAngle>
      <velocity>8.0</velocity>
      <orientation>0.8575849500000001</orientation>
      <time>59</time>
    </ksState>
    <ksState>
      <x>308.57310042158747</x>
      <y>-302.60142214662005</y>
      <steeringAngle>0.0</steeringAngle>
      <velocity>8.0</velocity>
      <orientation>0.8575849500000001</orientation>
      <time>60</time>
    </ksState>
    <ksState>
      <x>309.0965130547135</x>
      <y>-301.99641039840014</y>
      <steeringAngle>0.0</steeringAngle>
      <velocity>8.0</velocity>
      <orientation>0.8575849500000001</orientation>
      <time>61</time>
    </ksState>
    <ksState>
      <x>309.6199256878395</x>
      <y>-301.3913986501803</y>
      <steeringAngle>0.0</steeringAngle>
      <velocity>8.0</velocity>
      <orientation>0.8575849500000001</orientation>
      <time>62</time>
    </ksState>
    <ksState>
      <x>310.14333832096554</x>
      <y>-300.7863869019604</y>
      <steeringAngle>0.0</steeringAngle>
      <velocity>8.0</velocity>
      <orientation>0.8575849500000001</orientation>
      <time>63</time>
    </ksState>
    <ksState>
      <x>310.6667509540916</x>
      <y>-300.18137515374053</y>
      <steeringAngle>0.0</steeringAngle>
      <velocity>8.0</velocity>
      <orientation>0.8575849500000001</orientation>
      <time>64</time>
    </ksState>
    <ksState>
      <x>311.1901635872176</x>
      <y>-299.5763634055206</y>
      <steeringAngle>0.0</steeringAngle>
      <velocity>8.0</velocity>
      <orientation>0.8575849500000001</orientation>
      <time>65</time>
    </ksState>
    <ksState>
      <x>311.71357622034367</x>
      <y>-298.9713516573007</y>
      <steeringAngle>0.0</steeringAngle>
      <velocity>8.0</velocity>
      <orientation>0.8575849500000001</orientation>
      <time>66</time>
    </ksState>
    <ksState>
      <x>312.23698885346965</x>
      <y>-298.36633990908086</y>
      <steeringAngle>0.0</steeringAngle>
      <velocity>8.0</velocity>
      <orientation>0.8575849500000001</orientation>
      <time>67</time>
    </ksState>
    <ksState>
      <x>312.7604014865957</x>
      <y>-297.76132816086096</y>
      <steeringAngle>0.0</steeringAngle>
      <velocity>8.0</velocity>
      <orientation>0.8575849500000001</orientation>
      <time>68</time>
    </ksState>
    <ksState>
      <x>313.28381411972174</x>
      <y>-297.1563164126411</y>
      <steeringAngle>0.0</steeringAngle>
      <velocity>8.0</velocity>
      <orientation>0.8575849500000001</orientation>
      <time>69</time>
    </ksState>
    <ksState>
      <x>313.8072267528478</x>
      <y>-296.5513046644212</y>
      <steeringAngle>0.0</steeringAngle>
      <velocity>8.0</velocity>
      <orientation>0.8575849500000001</orientation>
      <time>70</time>
    </ksState>
    <ksState>
      <x>314.31096798975625</x>
      <y>-295.9821937044722</y>
      <steeringAngle>-0.03553333333333333</steeringAngle>
      <velocity>7.199999999999999</velocity>
      <orientation>0.8524399370175078</orientation>
      <time>71</time>
    </ksState>
    <ksState>
      <x>314.77655267145224</x>
      <y>-295.4862122743938</y>
      <steeringAngle>-0.07106666666666664</steeringAngle>
      <velocity>6.400000000000001</velocity>
      <orientation>0.8384632648965447</orientation>
      <time>72</time>
    </ksState>
    <ksState>
      <x>315.2036072433727</x>
      <y>-295.06378032426704</y>
      <steeringAngle>-0.10659999999999997</steeringAngle>
      <velocity>5.600000000000004</velocity>
      <orientation>0.8178314970306633</orientation>
      <time>73</time>
    </ksState>
    <ksState>
      <x>315.5894496983225</x>
      <y>-294.71340098754956</y>
      <steeringAngle>-0.1421333333333333</steeringAngle>
      <velocity>4.800000000000003</velocity>
      <orientation>0.7927152895220151</orientation>
      <time>74</time>
    </ksState>
    <ksState>
      <x>315.92980218687745</x>
      <y>-294.43188262368045</y>
      <steeringAngle>-0.17766666666666653</steeringAngle>
      <velocity>4.000000000000006</velocity>
      <orientation>0.7652903929368653</orientation>
      <time>75</time>
    </ksState>
    <ksState>
      <x>316.24617244191944</x>
      <y>-294.18453327785966</y>
      <steeringAngle>-0.1421333333333333</steeringAngle>
      <velocity>4.0</velocity>
      <orientation>0.740272986592342</orientation>
      <time>76</time>
    </ksState>
    <ksState>
      <x>316.56261801681904</x>
      <y>-293.93830449824736</y>
      <steeringAngle>-0.10659999999999999</steeringAngle>
      <velocity>4.0</velocity>
      <orientation>0.7208810603015914</orientation>
      <time>77</time>
    </ksState>
    <ksState>
      <x>316.87791516219625</x>
      <y>-293.69136561695944</y>
      <steeringAngle>-0.07106666666666664</steeringAngle>
      <velocity>4.0</velocity>
      <orientation>0.7070648205666384</orientation>
      <time>78</time>
    </ksState>
    <ksState>
      <x>317.19082604254436</x>
      <y>-293.4419085582022</y>
      <steeringAngle>-0.03553333333333332</steeringAngle>
      <velocity>4.0</velocity>
      <orientation>0.6987890601043731</orientation>
      <time>79</time>
    </ksState>
    <ksState>
      <x>317.5000653923856</x>
      <y>-293.1881611825954</y>
      <steeringAngle>2.2985086056692694e-17</steeringAngle>
      <velocity>4.0</velocity>
      <orientation>0.6960327968095328</orientation>
      <time>80</time>
    </ksState>
    <ksState>
      <x>317.7739636798587</x>
      <y>-292.9545157186116</y>
      <steeringAngle>0.03553333333333333</steeringAngle>
      <velocity>3.2</velocity>
      <orientation>0.6984215451893253</orientation>
      <time>81</time>
    </ksState>
    <ksState>
      <x>317.98271458363484</x>
      <y>-292.7677346342471</y>
      <steeringAngle>0.07106666666666668</steeringAngle>
      <velocity>2.4</velocity>
      <orientation>0.7041224601951219</orientation>
      <time>82</time>
    </ksState>
    <ksState>
      <x>318.1284356511674</x>
      <y>-292.63040893180755</y>
      <steeringAngle>0.10660000000000003</steeringAngle>
      <velocity>1.5999999999999994</velocity>
      <orientation>0.7109379939398535</orientation>
      <time>83</time>
    </ksState>
    <ksState>
      <x>318.21381981332877</x>
      <y>-292.54570023303256</y>
      <steeringAngle>0.14213333333333342</steeringAngle>
      <velocity>0.7999999999999988</velocity>
      <orientation>0.7166622554263331</orientation>
      <time>84</time>
    </ksState>
    <ksState>
      <x>318.2416962199525</x>
      <y>-292.51681032557417</y>
      <steeringAngle>0.17766666666666675</steeringAngle>
      <velocity>-1.5265566588595902e-15</velocity>
      <orientation>0.719069749900889</orientation>
      <time>85</time>
    </ksState>
    <ksState>
      <x>318.2416962199525</x>
      <y>-292.51681032557417</y>
      <steeringAngle>0.14213333333333336</steeringAngle>
      <velocity>0.0</velocity>
      <orientation>0.719069749900889</orientation>
      <time>86</time>
    </ksState>
    <ksState>
      <x>318.2416962199525</x>
      <y>-292.51681032557417</y>
      <steeringAngle>0.10660000000000001</steeringAngle>
      <velocity>0.0</velocity>
      <orientation>0.719069749900889</orientation>
      <time>87</time>
    </ksState>
    <ksState>
      <x>318.2416962199525</x>
      <y>-292.51681032557417</y>
      <steeringAngle>0.07106666666666668</steeringAngle>
      <velocity>0.0</velocity>
      <orientation>0.719069749900889</orientation>
      <time>88</time>
    </ksState>
    <ksState>
      <x>318.2416962199525</x>
      <y>-292.51681032557417</y>
      <steeringAngle>0.03553333333333333</steeringAngle>
      <velocity>0.0</velocity>
      <orientation>0.719069749900889</orientation>
      <time>89</time>
    </ksState>
    <ksState>
      <x>318.2416962199525</x>
      <y>-292.51681032557417</y>
      <steeringAngle>0.0</steeringAngle>
      <velocity>0.0</velocity>
      <orientation>0.719069749900889</orientation>
      <time>90</time>
    </ksState>
    <ksState>
      <x>318.271792972356</x>
      <y>-292.4904629243188</y>
      <steeringAngle>0.0</steeringAngle>
      <velocity>0.8</velocity>
      <orientation>0.719069749900889</orientation>
      <time>91</time>
    </ksState>
    <ksState>
      <x>318.3620832286749</x>
      <y>-292.41142072133346</y>
      <steeringAngle>0.0</steeringAngle>
      <velocity>1.6</velocity>
      <orientation>0.719069749900889</orientation>
      <time>92</time>
    </ksState>
    <ksState>
      <x>318.5125669887774</x>
      <y>-292.2796837167333</y>
      <steeringAngle>0.0</steeringAngle>
      <velocity>2.4000000000000004</velocity>
      <orientation>0.719069749900889</orientation>
      <time>93</time>
    </ksState>
    <ksState>
      <x>318.7232442526237</x>
      <y>-292.0952519105534</y>
      <steeringAngle>0.0</steeringAngle>
      <velocity>3.2000000000000006</velocity>
      <orientation>0.719069749900889</orientation>
      <time>94</time>
    </ksState>
    <ksState>
      <x>318.9941150201974</x>
      <y>-291.85812530280793</y>
      <steeringAngle>0.0</steeringAngle>
      <velocity>4.000000000000001</velocity>
      <orientation>0.719069749900889</orientation>
      <time>95</time>
    </ksState>
    <ksState>
      <x>319.26498578613376</x>
      <y>-291.6209986964958</y>
      <steeringAngle>0.0</steeringAngle>
      <velocity>3.2</velocity>
      <orientation>0.719069749900889</orientation>
      <time>96</time>
    </ksState>
    <ksState>
      <x>319.47566304828024</x>
      <y>-291.43656689180386</y>
      <steeringAngle>0.0</steeringAngle>
      <velocity>2.4000000000000004</velocity>
      <orientation>0.719069749900889</orientation>
      <time>97</time>
    </ksState>
    <ksState>
      <x>319.6261468067135</x>
      <y>-291.3048298886651</y>
      <steeringAngle>0.0</steeringAngle>
      <velocity>1.6</velocity>
      <orientation>0.719069749900889</orientation>
      <time>98</time>
    </ksState>
    <ksState>
      <x>319.716437061464</x>
      <y>-291.22578768705273</y>
      <steeringAngle>0.0</steeringAngle>
      <velocity>0.7999999999999998</velocity>
      <orientation>0.719069749900889</orientation>
      <time>99</time>
    </ksState>
  </ksTrajectory>
</CommonRoadSolution>
