<?xml version="1.0" ?>
<CommonRoadSolution benchmark_id="KS2:SM1:DEU_Guetersloh-33_1_T-1:2020a" computation_time="1.7666172909994202" date="2023-01-12T15:00:04">
  <ksTrajectory planningProblem="1">
    <ksState>
      <x>-332.31272</x>
      <y>451.63665</y>
      <steeringAngle>0.0</steeringAngle>
      <velocity>0.0</velocity>
      <orientation>-3.0711773</orientation>
      <time>0</time>
    </ksState>
    <ksState>
      <x>-332.35258357507723</x>
      <y>451.6333082476651</y>
      <steeringAngle>0.03553333333333333</steeringAngle>
      <velocity>0.8</velocity>
      <orientation>-3.070809768221758</orientation>
      <time>1</time>
    </ksState>
    <ksState>
      <x>-332.47200941010766</x>
      <y>451.6210296945861</y>
      <steeringAngle>0.0710666666666667</steeringAngle>
      <velocity>1.6</velocity>
      <orientation>-3.0682349216297724</orientation>
      <time>2</time>
    </ksState>
    <ksState>
      <x>-332.6706573417222</x>
      <y>451.59578842693213</y>
      <steeringAngle>0.10660000000000003</steeringAngle>
      <velocity>2.4000000000000004</velocity>
      <orientation>-3.061234217392935</orientation>
      <time>3</time>
    </ksState>
    <ksState>
      <x>-332.94790609380516</x>
      <y>451.5521252630579</y>
      <steeringAngle>0.14213333333333342</steeringAngle>
      <velocity>3.2000000000000015</velocity>
      <orientation>-3.047566576452115</orientation>
      <time>4</time>
    </ksState>
    <ksState>
      <x>-333.30253733996625</x>
      <y>451.4824399067915</y>
      <steeringAngle>0.17766666666666683</steeringAngle>
      <velocity>4.0000000000000036</velocity>
      <orientation>-3.0249566605788947</orientation>
      <time>5</time>
    </ksState>
    <ksState>
      <x>-333.69396167676246</x>
      <y>451.391080481316</y>
      <steeringAngle>0.17766666666666667</steeringAngle>
      <velocity>4.0</velocity>
      <orientation>-2.997106172423639</orientation>
      <time>6</time>
    </ksState>
    <ksState>
      <x>-334.0826901794439</x>
      <y>451.28885653325636</y>
      <steeringAngle>0.17766666666666667</steeringAngle>
      <velocity>4.0</velocity>
      <orientation>-2.969255684268383</orientation>
      <time>7</time>
    </ksState>
    <ksState>
      <x>-334.4684213160519</x>
      <y>451.1758473487221</y>
      <steeringAngle>0.17766666666666667</steeringAngle>
      <velocity>4.0</velocity>
      <orientation>-2.941405196113127</orientation>
      <time>8</time>
    </ksState>
    <ksState>
      <x>-334.85085591346535</x>
      <y>451.05214057789976</y>
      <steeringAngle>0.17766666666666667</steeringAngle>
      <velocity>4.0</velocity>
      <orientation>-2.913554707957871</orientation>
      <time>9</time>
    </ksState>
    <ksState>
      <x>-335.229697355223</x>
      <y>450.9178321667014</y>
      <steeringAngle>0.17766666666666667</steeringAngle>
      <velocity>4.0</velocity>
      <orientation>-2.8857042198026153</orientation>
      <time>10</time>
    </ksState>
    <ksState>
      <x>-335.604651771771</x>
      <y>450.77302629123113</y>
      <steeringAngle>0.17766666666666667</steeringAngle>
      <velocity>4.0</velocity>
      <orientation>-2.8578537316473596</orientation>
      <time>11</time>
    </ksState>
    <ksState>
      <x>-335.97542842329267</x>
      <y>450.6178352507674</y>
      <steeringAngle>0.17766666666666667</steeringAngle>
      <velocity>4.0</velocity>
      <orientation>-2.8300032434921034</orientation>
      <time>12</time>
    </ksState>
    <ksState>
      <x>-336.34173970178426</x>
      <y>450.4523794174225</y>
      <steeringAngle>0.17766666666666667</steeringAngle>
      <velocity>4.0</velocity>
      <orientation>-2.8021527553368477</orientation>
      <time>13</time>
    </ksState>
    <ksState>
      <x>-336.70330149620355</x>
      <y>450.2767871190084</y>
      <steeringAngle>0.17766666666666667</steeringAngle>
      <velocity>4.0</velocity>
      <orientation>-2.7743022671815916</orientation>
      <time>14</time>
    </ksState>
    <ksState>
      <x>-337.0598333788902</x>
      <y>450.09119454388855</y>
      <steeringAngle>0.17766666666666667</steeringAngle>
      <velocity>4.0</velocity>
      <orientation>-2.746451779026336</orientation>
      <time>15</time>
    </ksState>
    <ksState>
      <x>-337.37772042724146</x>
      <y>449.91918642568675</y>
      <steeringAngle>0.1421333333333333</steeringAngle>
      <velocity>3.1999999999999993</velocity>
      <orientation>-2.7238418640528934</orientation>
      <time>16</time>
    </ksState>
    <ksState>
      <x>-337.6248094449185</x>
      <y>449.7860419810748</y>
      <steeringAngle>0.10659999999999997</steeringAngle>
      <velocity>2.3999999999999977</velocity>
      <orientation>-2.7101742231821864</orientation>
      <time>17</time>
    </ksState>
    <ksState>
      <x>-337.801974047397</x>
      <y>449.6927003755358</y>
      <steeringAngle>0.07106666666666664</steeringAngle>
      <velocity>1.5999999999999976</velocity>
      <orientation>-2.7031735173289673</orientation>
      <time>18</time>
    </ksState>
    <ksState>
      <x>-337.90899294487366</x>
      <y>449.63829003117485</y>
      <steeringAngle>0.0355333333333333</steeringAngle>
      <velocity>0.7999999999999972</velocity>
      <orientation>-2.700598672855</orientation>
      <time>19</time>
    </ksState>
    <ksState>
      <x>-337.9449390280783</x>
      <y>449.6207357176709</y>
      <steeringAngle>-2.5153490401663703e-17</steeringAngle>
      <velocity>-2.914335439641036e-15</velocity>
      <orientation>-2.7002311612764687</orientation>
      <time>20</time>
    </ksState>
    <ksState>
      <x>-337.98087989725576</x>
      <y>449.6031708137608</y>
      <steeringAngle>0.03553333333333333</steeringAngle>
      <velocity>0.8</velocity>
      <orientation>-2.6998636294982266</orientation>
      <time>21</time>
    </ksState>
    <ksState>
      <x>-338.0877320157031</x>
      <y>449.5484358366278</y>
      <steeringAngle>0.0710666666666667</steeringAngle>
      <velocity>1.6</velocity>
      <orientation>-2.697288782906241</orientation>
      <time>22</time>
    </ksState>
    <ksState>
      <x>-338.26371897311435</x>
      <y>449.45290200414615</y>
      <steeringAngle>0.10660000000000003</steeringAngle>
      <velocity>2.4000000000000004</velocity>
      <orientation>-2.6902880786694037</orientation>
      <time>23</time>
    </ksState>
    <ksState>
      <x>-338.5062828105508</x>
      <y>449.3117066530216</y>
      <steeringAngle>0.14213333333333342</steeringAngle>
      <velocity>3.2000000000000015</velocity>
      <orientation>-2.676620437728584</orientation>
      <time>24</time>
    </ksState>
    <ksState>
      <x>-338.8115329788902</x>
      <y>449.1182080629478</y>
      <steeringAngle>0.17766666666666683</steeringAngle>
      <velocity>4.0000000000000036</velocity>
      <orientation>-2.6540105218553633</orientation>
      <time>25</time>
    </ksState>
    <ksState>
      <x>-339.1410226205174</x>
      <y>448.88730581322795</y>
      <steeringAngle>0.21319999999999995</steeringAngle>
      <velocity>4.0</velocity>
      <orientation>-2.623302739217863</orientation>
      <time>26</time>
    </ksState>
    <ksState>
      <x>-339.4583707112244</x>
      <y>448.6384172207027</y>
      <steeringAngle>0.24873333333333336</steeringAngle>
      <velocity>4.0</velocity>
      <orientation>-2.5868238980951688</orientation>
      <time>27</time>
    </ksState>
    <ksState>
      <x>-339.7611146632019</x>
      <y>448.37022383474937</y>
      <steeringAngle>0.2842666666666667</steeringAngle>
      <velocity>4.0</velocity>
      <orientation>-2.544476664249721</orientation>
      <time>28</time>
    </ksState>
    <ksState>
      <x>-340.04643330911506</x>
      <y>448.08167307018863</y>
      <steeringAngle>0.31980000000000003</steeringAngle>
      <velocity>4.0</velocity>
      <orientation>-2.496145982882586</orientation>
      <time>29</time>
    </ksState>
    <ksState>
      <x>-340.3111269853887</x>
      <y>447.77205232245547</y>
      <steeringAngle>0.35533333333333333</steeringAngle>
      <velocity>4.0</velocity>
      <orientation>-2.4416977817043075</orientation>
      <time>30</time>
    </ksState>
    <ksState>
      <x>-340.5342845298552</x>
      <y>447.48105740523096</y>
      <steeringAngle>0.31979999999999975</steeringAngle>
      <velocity>3.2</velocity>
      <orientation>-2.3925912216465193</orientation>
      <time>31</time>
    </ksState>
    <ksState>
      <x>-340.70254096499895</x>
      <y>447.2520987095519</y>
      <steeringAngle>0.2842666666666663</steeringAngle>
      <velocity>2.4000000000000004</velocity>
      <orientation>-2.358658966280305</orientation>
      <time>32</time>
    </ksState>
    <ksState>
      <x>-340.82119039889164</x>
      <y>447.08827053623764</y>
      <steeringAngle>0.24873333333333292</steeringAngle>
      <velocity>1.6000000000000008</velocity>
      <orientation>-2.337386645333366</orientation>
      <time>33</time>
    </ksState>
  </ksTrajectory>
</CommonRoadSolution>
