<?xml version="1.0" ?>
<CommonRoadSolution benchmark_id="KS2:SM1:ITA_Empoli-7_3_T-1:2020a" computation_time="2.059365519000494" date="2023-01-12T15:00:04">
  <ksTrajectory planningProblem="1">
    <ksState>
      <x>166.36883</x>
      <y>-610.18873</y>
      <steeringAngle>0.0</steeringAngle>
      <velocity>8.0</velocity>
      <orientation>0.4788307</orientation>
      <time>0</time>
    </ksState>
    <ksState>
      <x>167.04730542039948</x>
      <y>-609.8462192375268</y>
      <steeringAngle>-0.03553333333333333</steeringAngle>
      <velocity>7.199999999999999</velocity>
      <orientation>0.4736856870175077</orientation>
      <time>1</time>
    </ksState>
    <ksState>
      <x>167.66328797755787</x>
      <y>-609.5575461281294</y>
      <steeringAngle>-0.07106666666666664</steeringAngle>
      <velocity>6.400000000000001</velocity>
      <orientation>0.4597090148965446</orientation>
      <time>2</time>
    </ksState>
    <ksState>
      <x>168.21627531009565</x>
      <y>-609.3229627315754</y>
      <steeringAngle>-0.10659999999999997</steeringAngle>
      <velocity>5.600000000000004</velocity>
      <orientation>0.4390772470306632</orientation>
      <time>3</time>
    </ksState>
    <ksState>
      <x>168.70432898173405</x>
      <y>-609.1400865624323</y>
      <steeringAngle>-0.1421333333333333</steeringAngle>
      <velocity>4.800000000000003</velocity>
      <orientation>0.4139610395220149</orientation>
      <time>4</time>
    </ksState>
    <ksState>
      <x>169.12465448293568</x>
      <y>-609.0043703927961</y>
      <steeringAngle>-0.17766666666666653</steeringAngle>
      <velocity>4.000000000000006</velocity>
      <orientation>0.3865361429368651</orientation>
      <time>5</time>
    </ksState>
    <ksState>
      <x>169.47278793679328</x>
      <y>-608.9060446297077</y>
      <steeringAngle>-0.17766666666666667</steeringAngle>
      <velocity>3.2000000000000006</velocity>
      <orientation>0.3614707036686875</orientation>
      <time>6</time>
    </ksState>
    <ksState>
      <x>169.7451977785788</x>
      <y>-608.8356196627733</y>
      <steeringAngle>-0.17766666666666667</steeringAngle>
      <velocity>2.4000000000000012</velocity>
      <orientation>0.34197536203865775</orientation>
      <time>7</time>
    </ksState>
    <ksState>
      <x>169.94059113465894</x>
      <y>-608.7885740863923</y>
      <steeringAngle>-0.17766666666666667</steeringAngle>
      <velocity>1.6000000000000005</velocity>
      <orientation>0.32805011803967676</orientation>
      <time>8</time>
    </ksState>
    <ksState>
      <x>170.05813493567817</x>
      <y>-608.761654366315</y>
      <steeringAngle>-0.17766666666666667</steeringAngle>
      <velocity>0.8000000000000004</velocity>
      <orientation>0.3196949716689227</orientation>
      <time>9</time>
    </ksState>
    <ksState>
      <x>170.09736568069198</x>
      <y>-608.7528994955193</y>
      <steeringAngle>-0.17766666666666667</steeringAngle>
      <velocity>2.7755575615628914e-16</velocity>
      <orientation>0.3169099229227073</orientation>
      <time>10</time>
    </ksState>
    <ksState>
      <x>170.09736568069198</x>
      <y>-608.7528994955193</y>
      <steeringAngle>-0.14213333333333336</steeringAngle>
      <velocity>0.0</velocity>
      <orientation>0.3169099229227073</orientation>
      <time>11</time>
    </ksState>
    <ksState>
      <x>170.09736568069198</x>
      <y>-608.7528994955193</y>
      <steeringAngle>-0.10660000000000001</steeringAngle>
      <velocity>0.0</velocity>
      <orientation>0.3169099229227073</orientation>
      <time>12</time>
    </ksState>
    <ksState>
      <x>170.09736568069198</x>
      <y>-608.7528994955193</y>
      <steeringAngle>-0.07106666666666668</steeringAngle>
      <velocity>0.0</velocity>
      <orientation>0.3169099229227073</orientation>
      <time>13</time>
    </ksState>
    <ksState>
      <x>170.09736568069198</x>
      <y>-608.7528994955193</y>
      <steeringAngle>-0.03553333333333333</steeringAngle>
      <velocity>0.0</velocity>
      <orientation>0.3169099229227073</orientation>
      <time>14</time>
    </ksState>
    <ksState>
      <x>170.09736568069198</x>
      <y>-608.7528994955193</y>
      <steeringAngle>-0.0</steeringAngle>
      <velocity>0.0</velocity>
      <orientation>0.3169099229227073</orientation>
      <time>15</time>
    </ksState>
    <ksState>
      <x>170.1352089207708</x>
      <y>-608.7399318007766</y>
      <steeringAngle>0.03553333333333333</steeringAngle>
      <velocity>0.8</velocity>
      <orientation>0.31727745470094926</orientation>
      <time>16</time>
    </ksState>
    <ksState>
      <x>170.2480289170814</x>
      <y>-608.6988837634192</y>
      <steeringAngle>0.0710666666666667</steeringAngle>
      <velocity>1.6</velocity>
      <orientation>0.3198523012929349</orientation>
      <time>17</time>
    </ksState>
    <ksState>
      <x>170.43451344103306</x>
      <y>-608.6259341598972</y>
      <steeringAngle>0.10660000000000003</steeringAngle>
      <velocity>2.4000000000000004</velocity>
      <orientation>0.32685300552977214</orientation>
      <time>18</time>
    </ksState>
    <ksState>
      <x>170.69272792234688</x>
      <y>-608.515940414389</y>
      <steeringAngle>0.14213333333333342</steeringAngle>
      <velocity>3.2000000000000015</velocity>
      <orientation>0.3405206464705923</orientation>
      <time>19</time>
    </ksState>
    <ksState>
      <x>171.01963634230367</x>
      <y>-608.3618292383077</y>
      <steeringAngle>0.17766666666666683</steeringAngle>
      <velocity>4.0000000000000036</velocity>
      <orientation>0.36313056234381247</orientation>
      <time>20</time>
    </ksState>
    <ksState>
      <x>171.4143077220715</x>
      <y>-608.1634295353028</y>
      <steeringAngle>0.14213333333333333</steeringAngle>
      <velocity>4.8000000000000025</velocity>
      <orientation>0.3905554620621649</orientation>
      <time>21</time>
    </ksState>
    <ksState>
      <x>171.87847320345787</x>
      <y>-607.9262892766963</y>
      <steeringAngle>0.10660000000000003</steeringAngle>
      <velocity>5.600000000000005</velocity>
      <orientation>0.41567167434108276</orientation>
      <time>22</time>
    </ksState>
    <ksState>
      <x>172.41254091872327</x>
      <y>-607.6512530755327</y>
      <steeringAngle>0.07106666666666671</steeringAngle>
      <velocity>6.400000000000004</velocity>
      <orientation>0.43630344394054227</orientation>
      <time>23</time>
    </ksState>
    <ksState>
      <x>173.01805301833306</x>
      <y>-607.3411497105798</y>
      <steeringAngle>0.035533333333333375</steeringAngle>
      <velocity>7.200000000000006</velocity>
      <orientation>0.45028011203333457</orientation>
      <time>24</time>
    </ksState>
    <ksState>
      <x>173.69795316570307</x>
      <y>-607.0014473025373</y>
      <steeringAngle>2.6346112791397758e-17</steeringAngle>
      <velocity>8.000000000000007</velocity>
      <orientation>0.455425124812903</orientation>
      <time>25</time>
    </ksState>
    <ksState>
      <x>174.42048693325526</x>
      <y>-606.6579460217276</y>
      <steeringAngle>-0.03553333333333333</steeringAngle>
      <velocity>8.0</velocity>
      <orientation>0.4499125898100642</orientation>
      <time>26</time>
    </ksState>
    <ksState>
      <x>175.15347074666528</x>
      <y>-606.3366365084566</y>
      <steeringAngle>-0.07106666666666667</steeringAngle>
      <velocity>8.0</velocity>
      <orientation>0.43336106892979454</orientation>
      <time>27</time>
    </ksState>
    <ksState>
      <x>175.89977848335687</x>
      <y>-606.0459973425187</y>
      <steeringAngle>-0.10659999999999997</steeringAngle>
      <velocity>8.0</velocity>
      <orientation>0.40572858963909963</orientation>
      <time>28</time>
    </ksState>
    <ksState>
      <x>176.6612767285145</x>
      <y>-605.794995317476</y>
      <steeringAngle>-0.1421333333333333</steeringAngle>
      <velocity>8.0</velocity>
      <orientation>0.36694473736636474</orientation>
      <time>29</time>
    </ksState>
    <ksState>
      <x>177.43849926812462</x>
      <y>-605.5931278343161</y>
      <steeringAngle>-0.17766666666666667</steeringAngle>
      <velocity>8.0</velocity>
      <orientation>0.31690992511721006</orientation>
      <time>30</time>
    </ksState>
    <ksState>
      <x>178.18579084853235</x>
      <y>-605.4390866522577</y>
      <steeringAngle>-0.1421333333333334</steeringAngle>
      <velocity>7.2</velocity>
      <orientation>0.2692826033715731</orientation>
      <time>31</time>
    </ksState>
    <ksState>
      <x>178.85605154472864</x>
      <y>-605.315106426876</y>
      <steeringAngle>-0.10660000000000011</steeringAngle>
      <velocity>6.4</velocity>
      <orientation>0.23622303292360516</orientation>
      <time>32</time>
    </ksState>
    <ksState>
      <x>179.44753228588124</x>
      <y>-605.2100386416583</y>
      <steeringAngle>-0.07106666666666674</steeringAngle>
      <velocity>5.600000000000001</velocity>
      <orientation>0.2154060846297167</orientation>
      <time>33</time>
    </ksState>
  </ksTrajectory>
</CommonRoadSolution>
