<?xml version="1.0" ?>
<CommonRoadSolution benchmark_id="KS2:SM1:DEU_Guetersloh-24_1_T-1:2020a" computation_time="1.3832988840003964" date="2023-01-12T15:00:04">
  <ksTrajectory planningProblem="1">
    <ksState>
      <x>392.35615</x>
      <y>-446.13161</y>
      <steeringAngle>0.0</steeringAngle>
      <velocity>4.0</velocity>
      <orientation>3.099089</orientation>
      <time>0</time>
    </ksState>
    <ksState>
      <x>391.95669921797173</x>
      <y>-446.1103288914479</y>
      <steeringAngle>-0.035533333333333326</steeringAngle>
      <velocity>4.0</velocity>
      <orientation>3.0963327254674</orientation>
      <time>1</time>
    </ksState>
    <ksState>
      <x>391.5577606199661</x>
      <y>-446.07900219888285</y>
      <steeringAngle>-0.07106666666666711</steeringAngle>
      <velocity>4.0</velocity>
      <orientation>3.0880569649241143</orientation>
      <time>2</time>
    </ksState>
    <ksState>
      <x>391.15967051989355</x>
      <y>-446.0354038696752</y>
      <steeringAngle>-0.10660000000000043</steeringAngle>
      <velocity>4.0</velocity>
      <orientation>3.0742407251049775</orientation>
      <time>3</time>
    </ksState>
    <ksState>
      <x>390.7629727062874</x>
      <y>-445.9772947637681</y>
      <steeringAngle>-0.14213333333333378</steeringAngle>
      <velocity>4.0</velocity>
      <orientation>3.0548487987194317</orientation>
      <time>4</time>
    </ksState>
    <ksState>
      <x>390.36845983858035</x>
      <y>-445.90243088937257</y>
      <steeringAngle>-0.1776666666666672</steeringAngle>
      <velocity>4.0</velocity>
      <orientation>3.029831392268034</orientation>
      <time>5</time>
    </ksState>
    <ksState>
      <x>390.01566736463303</x>
      <y>-445.8224163425208</y>
      <steeringAngle>-0.17766666666666667</steeringAngle>
      <velocity>3.2000000000000006</velocity>
      <orientation>3.0047659529998567</orientation>
      <time>6</time>
    </ksState>
    <ksState>
      <x>389.7427249729367</x>
      <y>-445.754084441593</y>
      <steeringAngle>-0.17766666666666667</steeringAngle>
      <velocity>2.4000000000000012</velocity>
      <orientation>2.9852706113698266</orientation>
      <time>7</time>
    </ksState>
    <ksState>
      <x>389.5486074020972</x>
      <y>-445.7020246821942</y>
      <steeringAngle>-0.17766666666666667</steeringAngle>
      <velocity>1.6000000000000005</velocity>
      <orientation>2.971345367370846</orientation>
      <time>8</time>
    </ksState>
    <ksState>
      <x>389.43249145437795</x>
      <y>-445.66949311026247</y>
      <steeringAngle>-0.17766666666666667</steeringAngle>
      <velocity>0.8000000000000004</velocity>
      <orientation>2.9629902210000916</orientation>
      <time>9</time>
    </ksState>
    <ksState>
      <x>389.39384704246453</x>
      <y>-445.65843379089614</y>
      <steeringAngle>-0.17766666666666667</steeringAngle>
      <velocity>2.7755575615628914e-16</velocity>
      <orientation>2.9602051722538762</orientation>
      <time>10</time>
    </ksState>
    <ksState>
      <x>389.39384704246453</x>
      <y>-445.65843379089614</y>
      <steeringAngle>-0.14213333333333336</steeringAngle>
      <velocity>0.0</velocity>
      <orientation>2.9602051722538762</orientation>
      <time>11</time>
    </ksState>
    <ksState>
      <x>389.39384704246453</x>
      <y>-445.65843379089614</y>
      <steeringAngle>-0.10660000000000001</steeringAngle>
      <velocity>0.0</velocity>
      <orientation>2.9602051722538762</orientation>
      <time>12</time>
    </ksState>
    <ksState>
      <x>389.39384704246453</x>
      <y>-445.65843379089614</y>
      <steeringAngle>-0.07106666666666668</steeringAngle>
      <velocity>0.0</velocity>
      <orientation>2.9602051722538762</orientation>
      <time>13</time>
    </ksState>
    <ksState>
      <x>389.39384704246453</x>
      <y>-445.65843379089614</y>
      <steeringAngle>-0.03553333333333333</steeringAngle>
      <velocity>0.0</velocity>
      <orientation>2.9602051722538762</orientation>
      <time>14</time>
    </ksState>
    <ksState>
      <x>389.39384704246453</x>
      <y>-445.65843379089614</y>
      <steeringAngle>-0.0</steeringAngle>
      <velocity>0.0</velocity>
      <orientation>2.9602051722538762</orientation>
      <time>15</time>
    </ksState>
    <ksState>
      <x>389.35450326792255</x>
      <y>-445.65121801214804</y>
      <steeringAngle>0.0</steeringAngle>
      <velocity>0.8</velocity>
      <orientation>2.9602051722538762</orientation>
      <time>16</time>
    </ksState>
    <ksState>
      <x>389.23647194546237</x>
      <y>-445.6295706761176</y>
      <steeringAngle>0.0</steeringAngle>
      <velocity>1.6</velocity>
      <orientation>2.9602051722538762</orientation>
      <time>17</time>
    </ksState>
    <ksState>
      <x>389.0397530752562</x>
      <y>-445.59349178283645</y>
      <steeringAngle>0.0</steeringAngle>
      <velocity>2.4000000000000004</velocity>
      <orientation>2.9602051722538762</orientation>
      <time>18</time>
    </ksState>
    <ksState>
      <x>388.76434665735604</x>
      <y>-445.542981332314</y>
      <steeringAngle>0.0</steeringAngle>
      <velocity>3.2000000000000006</velocity>
      <orientation>2.9602051722538762</orientation>
      <time>19</time>
    </ksState>
    <ksState>
      <x>388.4102526917834</x>
      <y>-445.4780393245543</y>
      <steeringAngle>0.0</steeringAngle>
      <velocity>4.000000000000001</velocity>
      <orientation>2.9602051722538762</orientation>
      <time>20</time>
    </ksState>
    <ksState>
      <x>387.97659279542114</x>
      <y>-445.40349602350324</y>
      <steeringAngle>0.035533333333333326</steeringAngle>
      <velocity>4.799999999999999</velocity>
      <orientation>2.963328950923067</orientation>
      <time>21</time>
    </ksState>
    <ksState>
      <x>387.46174171854227</x>
      <y>-445.328968216696</y>
      <steeringAngle>0.07106666666666667</steeringAngle>
      <velocity>5.599999999999998</velocity>
      <orientation>2.97417956198424</orientation>
      <time>22</time>
    </ksState>
    <ksState>
      <x>386.8645668795822</x>
      <y>-445.26399436068004</y>
      <steeringAngle>0.10659999999999999</steeringAngle>
      <velocity>6.3999999999999995</velocity>
      <orientation>2.994996510984568</orientation>
      <time>23</time>
    </ksState>
    <ksState>
      <x>386.18431146171844</x>
      <y>-445.2219031193891</y>
      <steeringAngle>0.14213333333333333</steeringAngle>
      <velocity>7.199999999999999</velocity>
      <orientation>3.028056081965733</orientation>
      <time>24</time>
    </ksState>
    <ksState>
      <x>385.4214304904055</x>
      <y>-445.2206155161047</y>
      <steeringAngle>0.17766666666666664</steeringAngle>
      <velocity>7.9999999999999964</velocity>
      <orientation>3.07568340404728</orientation>
      <time>25</time>
    </ksState>
    <ksState>
      <x>384.6190982492648</x>
      <y>-445.2693589010332</y>
      <steeringAngle>0.17766666666666667</steeringAngle>
      <velocity>8.0</velocity>
      <orientation>3.1313843803577917</orientation>
      <time>26</time>
    </ksState>
    <ksState>
      <x>383.8207239569514</x>
      <y>-445.36269427124586</y>
      <steeringAngle>0.17766666666666667</steeringAngle>
      <velocity>8.0</velocity>
      <orientation>3.1870853566683035</orientation>
      <time>27</time>
    </ksState>
    <ksState>
      <x>383.0287840429139</x>
      <y>-445.5003321212378</y>
      <steeringAngle>0.17766666666666667</steeringAngle>
      <velocity>8.0</velocity>
      <orientation>3.242786332978815</orientation>
      <time>28</time>
    </ksState>
    <ksState>
      <x>382.2457349436203</x>
      <y>-445.68184552639383</y>
      <steeringAngle>0.17766666666666667</steeringAngle>
      <velocity>8.0</velocity>
      <orientation>3.2984873092893268</orientation>
      <time>29</time>
    </ksState>
    <ksState>
      <x>381.4740055175357</x>
      <y>-445.90667146966643</y>
      <steeringAngle>0.17766666666666667</steeringAngle>
      <velocity>8.0</velocity>
      <orientation>3.3541882855998386</orientation>
      <time>30</time>
    </ksState>
    <ksState>
      <x>380.7535281640499</x>
      <y>-446.1597406846663</y>
      <steeringAngle>0.17766666666666667</steeringAngle>
      <velocity>7.2</velocity>
      <orientation>3.407104213044216</orientation>
      <time>31</time>
    </ksState>
    <ksState>
      <x>380.1210320632276</x>
      <y>-446.4181953023761</y>
      <steeringAngle>0.17766666666666667</steeringAngle>
      <velocity>6.4</velocity>
      <orientation>3.4544500428370273</orientation>
      <time>32</time>
    </ksState>
    <ksState>
      <x>379.5736485805618</x>
      <y>-446.67088280765375</y>
      <steeringAngle>0.17766666666666667</steeringAngle>
      <velocity>5.599999999999999</velocity>
      <orientation>3.496225774992212</orientation>
      <time>33</time>
    </ksState>
  </ksTrajectory>
</CommonRoadSolution>
