<?xml version="1.0" ?>
<CommonRoadSolution benchmark_id="KS2:SM1:ESP_Toledo-23_1_T-1:2020a" computation_time="0.8525581820003936" date="2023-01-12T15:00:04">
  <ksTrajectory planningProblem="1">
    <ksState>
      <x>-320.38455</x>
      <y>-813.70404</y>
      <steeringAngle>0.0</steeringAngle>
      <velocity>12.0</velocity>
      <orientation>-1.0228545</orientation>
      <time>0</time>
    </ksState>
    <ksState>
      <x>-319.78026948348906</x>
      <y>-814.6942142554883</y>
      <steeringAngle>0.0</steeringAngle>
      <velocity>11.200000000000001</velocity>
      <orientation>-1.0228545</orientation>
      <time>1</time>
    </ksState>
    <ksState>
      <x>-319.2176634856107</x>
      <y>-815.616100630874</y>
      <steeringAngle>0.0</steeringAngle>
      <velocity>10.4</velocity>
      <orientation>-1.0228545</orientation>
      <time>2</time>
    </ksState>
    <ksState>
      <x>-318.6967320062035</x>
      <y>-816.4696991264217</y>
      <steeringAngle>0.0</steeringAngle>
      <velocity>9.599999999999998</velocity>
      <orientation>-1.0228545</orientation>
      <time>3</time>
    </ksState>
    <ksState>
      <x>-318.2174750452216</x>
      <y>-817.2550097422062</y>
      <steeringAngle>0.0</steeringAngle>
      <velocity>8.799999999999999</velocity>
      <orientation>-1.0228545</orientation>
      <time>4</time>
    </ksState>
    <ksState>
      <x>-317.7798926026501</x>
      <y>-817.9720324782523</y>
      <steeringAngle>0.0</steeringAngle>
      <velocity>7.999999999999997</velocity>
      <orientation>-1.0228545</orientation>
      <time>5</time>
    </ksState>
    <ksState>
      <x>-317.35521071623714</x>
      <y>-818.6500394623783</y>
      <steeringAngle>0.03553333333333333</steeringAngle>
      <velocity>8.0</velocity>
      <orientation>-1.0173419649971611</orientation>
      <time>6</time>
    </ksState>
    <ksState>
      <x>-316.90978913710745</x>
      <y>-819.3149489982442</y>
      <steeringAngle>0.07106666666666667</steeringAngle>
      <velocity>8.0</velocity>
      <orientation>-1.0007904441168916</orientation>
      <time>7</time>
    </ksState>
    <ksState>
      <x>-316.43664741758795</x>
      <y>-819.9611558350023</y>
      <steeringAngle>0.10659999999999997</steeringAngle>
      <velocity>8.0</velocity>
      <orientation>-0.9731579648261967</orientation>
      <time>8</time>
    </ksState>
    <ksState>
      <x>-315.92939214649914</x>
      <y>-820.5821016328833</y>
      <steeringAngle>0.1421333333333333</steeringAngle>
      <velocity>8.0</velocity>
      <orientation>-0.9343741125534617</orientation>
      <time>9</time>
    </ksState>
    <ksState>
      <x>-315.3824686592641</x>
      <y>-821.1700642643032</y>
      <steeringAngle>0.17766666666666667</steeringAngle>
      <velocity>8.0</velocity>
      <orientation>-0.8843393003043071</orientation>
      <time>10</time>
    </ksState>
    <ksState>
      <x>-314.8350804989828</x>
      <y>-821.701608800445</y>
      <steeringAngle>0.1421333333333334</steeringAngle>
      <velocity>7.2</velocity>
      <orientation>-0.8367119785586702</orientation>
      <time>11</time>
    </ksState>
    <ksState>
      <x>-314.33649461359096</x>
      <y>-822.1664018856336</y>
      <steeringAngle>0.10660000000000011</steeringAngle>
      <velocity>6.4</velocity>
      <orientation>-0.8036524081107022</orientation>
      <time>12</time>
    </ksState>
    <ksState>
      <x>-313.894177918163</x>
      <y>-822.5729048346889</y>
      <steeringAngle>0.07106666666666674</steeringAngle>
      <velocity>5.600000000000001</velocity>
      <orientation>-0.7828354598168137</orientation>
      <time>13</time>
    </ksState>
    <ksState>
      <x>-313.51251248635066</x>
      <y>-822.9264253101978</y>
      <steeringAngle>0.03553333333333339</steeringAngle>
      <velocity>4.800000000000001</velocity>
      <orientation>-0.7719848501591509</orientation>
      <time>14</time>
    </ksState>
    <ksState>
      <x>-313.1935117797863</x>
      <y>-823.229509628138</y>
      <steeringAngle>5.5294310796760726e-17</steeringAngle>
      <velocity>4.0</velocity>
      <orientation>-0.7688610743219852</orientation>
      <time>15</time>
    </ksState>
    <ksState>
      <x>-312.93222298517156</x>
      <y>-823.4771760177223</y>
      <steeringAngle>0.03553333333333333</steeringAngle>
      <velocity>3.2</velocity>
      <orientation>-0.7664723259421927</orientation>
      <time>16</time>
    </ksState>
    <ksState>
      <x>-312.724422394838</x>
      <y>-823.6650137880474</y>
      <steeringAngle>0.07106666666666668</steeringAngle>
      <velocity>2.4</velocity>
      <orientation>-0.7607714109363961</orientation>
      <time>17</time>
    </ksState>
    <ksState>
      <x>-312.57246266066164</x>
      <y>-823.7954025040561</y>
      <steeringAngle>0.10660000000000003</steeringAngle>
      <velocity>1.5999999999999994</velocity>
      <orientation>-0.7539558771916646</orientation>
      <time>18</time>
    </ksState>
    <ksState>
      <x>-312.47920303641854</x>
      <y>-823.8713542076722</y>
      <steeringAngle>0.14213333333333342</steeringAngle>
      <velocity>0.7999999999999988</velocity>
      <orientation>-0.7482316157051849</orientation>
      <time>19</time>
    </ksState>
    <ksState>
      <x>-312.44752831779834</x>
      <y>-823.8960206423465</y>
      <steeringAngle>0.17766666666666675</steeringAngle>
      <velocity>-1.5265566588595902e-15</velocity>
      <orientation>-0.745824121230629</orientation>
      <time>20</time>
    </ksState>
    <ksState>
      <x>-312.44752831779834</x>
      <y>-823.8960206423465</y>
      <steeringAngle>0.14213333333333336</steeringAngle>
      <velocity>0.0</velocity>
      <orientation>-0.745824121230629</orientation>
      <time>21</time>
    </ksState>
    <ksState>
      <x>-312.44752831779834</x>
      <y>-823.8960206423465</y>
      <steeringAngle>0.10660000000000001</steeringAngle>
      <velocity>0.0</velocity>
      <orientation>-0.745824121230629</orientation>
      <time>22</time>
    </ksState>
    <ksState>
      <x>-312.44752831779834</x>
      <y>-823.8960206423465</y>
      <steeringAngle>0.07106666666666668</steeringAngle>
      <velocity>0.0</velocity>
      <orientation>-0.745824121230629</orientation>
      <time>23</time>
    </ksState>
    <ksState>
      <x>-312.44752831779834</x>
      <y>-823.8960206423465</y>
      <steeringAngle>0.03553333333333333</steeringAngle>
      <velocity>0.0</velocity>
      <orientation>-0.745824121230629</orientation>
      <time>24</time>
    </ksState>
    <ksState>
      <x>-312.44752831779834</x>
      <y>-823.8960206423465</y>
      <steeringAngle>0.0</steeringAngle>
      <velocity>0.0</velocity>
      <orientation>-0.745824121230629</orientation>
      <time>25</time>
    </ksState>
    <ksState>
      <x>-312.44752831779834</x>
      <y>-823.8960206423465</y>
      <steeringAngle>0.0</steeringAngle>
      <velocity>0.0</velocity>
      <orientation>-0.745824121230629</orientation>
      <time>26</time>
    </ksState>
    <ksState>
      <x>-312.44752831779834</x>
      <y>-823.8960206423465</y>
      <steeringAngle>0.0</steeringAngle>
      <velocity>0.0</velocity>
      <orientation>-0.745824121230629</orientation>
      <time>27</time>
    </ksState>
    <ksState>
      <x>-312.44752831779834</x>
      <y>-823.8960206423465</y>
      <steeringAngle>0.0</steeringAngle>
      <velocity>0.0</velocity>
      <orientation>-0.745824121230629</orientation>
      <time>28</time>
    </ksState>
    <ksState>
      <x>-312.44752831779834</x>
      <y>-823.8960206423465</y>
      <steeringAngle>0.0</steeringAngle>
      <velocity>0.0</velocity>
      <orientation>-0.745824121230629</orientation>
      <time>29</time>
    </ksState>
    <ksState>
      <x>-312.44752831779834</x>
      <y>-823.8960206423465</y>
      <steeringAngle>0.0</steeringAngle>
      <velocity>0.0</velocity>
      <orientation>-0.745824121230629</orientation>
      <time>30</time>
    </ksState>
    <ksState>
      <x>-312.44752831779834</x>
      <y>-823.8960206423465</y>
      <steeringAngle>0.0</steeringAngle>
      <velocity>0.0</velocity>
      <orientation>-0.745824121230629</orientation>
      <time>31</time>
    </ksState>
    <ksState>
      <x>-312.44752831779834</x>
      <y>-823.8960206423465</y>
      <steeringAngle>0.0</steeringAngle>
      <velocity>0.0</velocity>
      <orientation>-0.745824121230629</orientation>
      <time>32</time>
    </ksState>
    <ksState>
      <x>-312.44752831779834</x>
      <y>-823.8960206423465</y>
      <steeringAngle>0.0</steeringAngle>
      <velocity>0.0</velocity>
      <orientation>-0.745824121230629</orientation>
      <time>33</time>
    </ksState>
  </ksTrajectory>
</CommonRoadSolution>
