<?xml version="1.0" ?>
<CommonRoadSolution benchmark_id="KS2:SM1:DEU_Ibbenbueren-11_2_T-1:2020a" computation_time="0.8299091179997049" date="2023-01-12T15:00:04">
  <ksTrajectory planningProblem="1">
    <ksState>
      <x>-644.16593</x>
      <y>70.907891</y>
      <steeringAngle>0.0</steeringAngle>
      <velocity>4.0</velocity>
      <orientation>2.5380523</orientation>
      <time>0</time>
    </ksState>
    <ksState>
      <x>-644.4928236476857</x>
      <y>71.1384432846274</y>
      <steeringAngle>-0.035533333333333326</steeringAngle>
      <velocity>4.0</velocity>
      <orientation>2.5352960254673995</orientation>
      <time>1</time>
    </ksState>
    <ksState>
      <x>-644.8139387308825</x>
      <y>71.37722869035686</y>
      <steeringAngle>-0.07106666666666711</steeringAngle>
      <velocity>4.0</velocity>
      <orientation>2.527020264924114</orientation>
      <time>2</time>
    </ksState>
    <ksState>
      <x>-645.1278060882162</x>
      <y>71.62595308418614</y>
      <steeringAngle>-0.10660000000000043</steeringAngle>
      <velocity>4.0</velocity>
      <orientation>2.513204025104977</orientation>
      <time>3</time>
    </ksState>
    <ksState>
      <x>-645.4327739253733</x>
      <y>71.88622302445754</y>
      <steeringAngle>-0.14213333333333378</steeringAngle>
      <velocity>4.0</velocity>
      <orientation>2.4938120987194314</orientation>
      <time>4</time>
    </ksState>
    <ksState>
      <x>-645.7269771466267</x>
      <y>72.15951676218326</y>
      <steeringAngle>-0.1776666666666672</steeringAngle>
      <velocity>4.0</velocity>
      <orientation>2.468794692268034</orientation>
      <time>5</time>
    </ksState>
    <ksState>
      <x>-645.9806619698479</x>
      <y>72.41789442234763</y>
      <steeringAngle>-0.21319999999999997</steeringAngle>
      <velocity>3.2</velocity>
      <orientation>2.4412531467045993</orientation>
      <time>6</time>
    </ksState>
    <ksState>
      <x>-646.1688262600924</x>
      <y>72.6283532053425</y>
      <steeringAngle>-0.24873333333333342</steeringAngle>
      <velocity>2.4000000000000004</velocity>
      <orientation>2.4158149163179496</orientation>
      <time>7</time>
    </ksState>
    <ksState>
      <x>-646.2969105296485</x>
      <y>72.78484278673993</y>
      <steeringAngle>-0.2842666666666668</steeringAngle>
      <velocity>1.600000000000001</velocity>
      <orientation>2.3947400165273702</orientation>
      <time>8</time>
    </ksState>
    <ksState>
      <x>-646.370368623754</x>
      <y>72.88191264710973</y>
      <steeringAngle>-0.3197999999999999</steeringAngle>
      <velocity>0.8000000000000007</velocity>
      <orientation>2.3803415892266657</orientation>
      <time>9</time>
    </ksState>
    <ksState>
      <x>-646.3939977432783</x>
      <y>72.91506970567134</y>
      <steeringAngle>-0.3553333333333332</steeringAngle>
      <velocity>5.551115123125783e-16</velocity>
      <orientation>2.3749999475909362</orientation>
      <time>10</time>
    </ksState>
    <ksState>
      <x>-646.3939977432783</x>
      <y>72.91506970567134</y>
      <steeringAngle>-0.3198</steeringAngle>
      <velocity>0.0</velocity>
      <orientation>2.3749999475909362</orientation>
      <time>11</time>
    </ksState>
    <ksState>
      <x>-646.3939977432783</x>
      <y>72.91506970567134</y>
      <steeringAngle>-0.2842666666666666</steeringAngle>
      <velocity>0.0</velocity>
      <orientation>2.3749999475909362</orientation>
      <time>12</time>
    </ksState>
    <ksState>
      <x>-646.3939977432783</x>
      <y>72.91506970567134</y>
      <steeringAngle>-0.24873333333333333</steeringAngle>
      <velocity>0.0</velocity>
      <orientation>2.3749999475909362</orientation>
      <time>13</time>
    </ksState>
    <ksState>
      <x>-646.3939977432783</x>
      <y>72.91506970567134</y>
      <steeringAngle>-0.21320000000000003</steeringAngle>
      <velocity>0.0</velocity>
      <orientation>2.3749999475909362</orientation>
      <time>14</time>
    </ksState>
    <ksState>
      <x>-646.3939977432783</x>
      <y>72.91506970567134</y>
      <steeringAngle>-0.1776666666666667</steeringAngle>
      <velocity>0.0</velocity>
      <orientation>2.3749999475909362</orientation>
      <time>15</time>
    </ksState>
    <ksState>
      <x>-646.3939977432783</x>
      <y>72.91506970567134</y>
      <steeringAngle>-0.14213333333333336</steeringAngle>
      <velocity>0.0</velocity>
      <orientation>2.3749999475909362</orientation>
      <time>16</time>
    </ksState>
    <ksState>
      <x>-646.3939977432783</x>
      <y>72.91506970567134</y>
      <steeringAngle>-0.10660000000000001</steeringAngle>
      <velocity>0.0</velocity>
      <orientation>2.3749999475909362</orientation>
      <time>17</time>
    </ksState>
    <ksState>
      <x>-646.3939977432783</x>
      <y>72.91506970567134</y>
      <steeringAngle>-0.07106666666666668</steeringAngle>
      <velocity>0.0</velocity>
      <orientation>2.3749999475909362</orientation>
      <time>18</time>
    </ksState>
    <ksState>
      <x>-646.3939977432783</x>
      <y>72.91506970567134</y>
      <steeringAngle>-0.03553333333333333</steeringAngle>
      <velocity>0.0</velocity>
      <orientation>2.3749999475909362</orientation>
      <time>19</time>
    </ksState>
    <ksState>
      <x>-646.3939977432783</x>
      <y>72.91506970567134</y>
      <steeringAngle>-0.0</steeringAngle>
      <velocity>0.0</velocity>
      <orientation>2.3749999475909362</orientation>
      <time>20</time>
    </ksState>
    <ksState>
      <x>-646.3939977432783</x>
      <y>72.91506970567134</y>
      <steeringAngle>0.0</steeringAngle>
      <velocity>0.0</velocity>
      <orientation>2.3749999475909362</orientation>
      <time>21</time>
    </ksState>
    <ksState>
      <x>-646.3939977432783</x>
      <y>72.91506970567134</y>
      <steeringAngle>0.0</steeringAngle>
      <velocity>0.0</velocity>
      <orientation>2.3749999475909362</orientation>
      <time>22</time>
    </ksState>
    <ksState>
      <x>-646.3939977432783</x>
      <y>72.91506970567134</y>
      <steeringAngle>0.0</steeringAngle>
      <velocity>0.0</velocity>
      <orientation>2.3749999475909362</orientation>
      <time>23</time>
    </ksState>
    <ksState>
      <x>-646.3939977432783</x>
      <y>72.91506970567134</y>
      <steeringAngle>0.0</steeringAngle>
      <velocity>0.0</velocity>
      <orientation>2.3749999475909362</orientation>
      <time>24</time>
    </ksState>
    <ksState>
      <x>-646.3939977432783</x>
      <y>72.91506970567134</y>
      <steeringAngle>0.0</steeringAngle>
      <velocity>0.0</velocity>
      <orientation>2.3749999475909362</orientation>
      <time>25</time>
    </ksState>
    <ksState>
      <x>-646.3939977432783</x>
      <y>72.91506970567134</y>
      <steeringAngle>0.0</steeringAngle>
      <velocity>0.0</velocity>
      <orientation>2.3749999475909362</orientation>
      <time>26</time>
    </ksState>
    <ksState>
      <x>-646.3939977432783</x>
      <y>72.91506970567134</y>
      <steeringAngle>0.0</steeringAngle>
      <velocity>0.0</velocity>
      <orientation>2.3749999475909362</orientation>
      <time>27</time>
    </ksState>
    <ksState>
      <x>-646.3939977432783</x>
      <y>72.91506970567134</y>
      <steeringAngle>0.0</steeringAngle>
      <velocity>0.0</velocity>
      <orientation>2.3749999475909362</orientation>
      <time>28</time>
    </ksState>
    <ksState>
      <x>-646.3939977432783</x>
      <y>72.91506970567134</y>
      <steeringAngle>0.0</steeringAngle>
      <velocity>0.0</velocity>
      <orientation>2.3749999475909362</orientation>
      <time>29</time>
    </ksState>
    <ksState>
      <x>-646.3939977432783</x>
      <y>72.91506970567134</y>
      <steeringAngle>0.0</steeringAngle>
      <velocity>0.0</velocity>
      <orientation>2.3749999475909362</orientation>
      <time>30</time>
    </ksState>
    <ksState>
      <x>-646.3939977432783</x>
      <y>72.91506970567134</y>
      <steeringAngle>0.0</steeringAngle>
      <velocity>0.0</velocity>
      <orientation>2.3749999475909362</orientation>
      <time>31</time>
    </ksState>
    <ksState>
      <x>-646.3939977432783</x>
      <y>72.91506970567134</y>
      <steeringAngle>0.0</steeringAngle>
      <velocity>0.0</velocity>
      <orientation>2.3749999475909362</orientation>
      <time>32</time>
    </ksState>
    <ksState>
      <x>-646.3939977432783</x>
      <y>72.91506970567134</y>
      <steeringAngle>0.0</steeringAngle>
      <velocity>0.0</velocity>
      <orientation>2.3749999475909362</orientation>
      <time>33</time>
    </ksState>
  </ksTrajectory>
</CommonRoadSolution>
