<?xml version="1.0" ?>
<CommonRoadSolution benchmark_id="KS2:SM1:DEU_Muehlhausen-11_1_T-1:2020a" computation_time="0.9110750780000672" date="2023-01-12T15:00:04">
  <ksTrajectory planningProblem="1">
    <ksState>
      <x>-243.29772</x>
      <y>-334.28936</y>
      <steeringAngle>0.0</steeringAngle>
      <velocity>0.0</velocity>
      <orientation>-2.1803882</orientation>
      <time>0</time>
    </ksState>
    <ksState>
      <x>-243.32018772166518</x>
      <y>-334.3224579366393</y>
      <steeringAngle>0.03553333333333333</steeringAngle>
      <velocity>0.8</velocity>
      <orientation>-2.1800206682217578</orientation>
      <time>1</time>
    </ksState>
    <ksState>
      <x>-243.3857351126105</x>
      <y>-334.4230404026992</y>
      <steeringAngle>0.0710666666666667</steeringAngle>
      <velocity>1.6</velocity>
      <orientation>-2.1774458216297723</orientation>
      <time>2</time>
    </ksState>
    <ksState>
      <x>-243.49101785610242</x>
      <y>-334.5933743871248</y>
      <steeringAngle>0.10660000000000003</steeringAngle>
      <velocity>2.4000000000000004</velocity>
      <orientation>-2.170445117392935</orientation>
      <time>3</time>
    </ksState>
    <ksState>
      <x>-243.6314004086559</x>
      <y>-334.8364095313934</y>
      <steeringAngle>0.14213333333333342</steeringAngle>
      <velocity>3.2000000000000015</velocity>
      <orientation>-2.156777476452115</orientation>
      <time>4</time>
    </ksState>
    <ksState>
      <x>-243.80020693986881</x>
      <y>-335.15597755959965</y>
      <steeringAngle>0.17766666666666683</steeringAngle>
      <velocity>4.0000000000000036</velocity>
      <orientation>-2.1341675605788946</orientation>
      <time>5</time>
    </ksState>
    <ksState>
      <x>-243.9549649666167</x>
      <y>-335.4833381527716</y>
      <steeringAngle>0.21319999999999997</steeringAngle>
      <velocity>3.2</velocity>
      <orientation>-2.10662601501546</orientation>
      <time>6</time>
    </ksState>
    <ksState>
      <x>-244.06357407301283</x>
      <y>-335.74391973590957</y>
      <steeringAngle>0.24873333333333342</steeringAngle>
      <velocity>2.4000000000000004</velocity>
      <orientation>-2.0811877846288103</orientation>
      <time>7</time>
    </ksState>
    <ksState>
      <x>-244.1331600309704</x>
      <y>-335.93379433570846</y>
      <steeringAngle>0.2842666666666668</steeringAngle>
      <velocity>1.600000000000001</velocity>
      <orientation>-2.060112884838231</orientation>
      <time>8</time>
    </ksState>
    <ksState>
      <x>-244.170664219649</x>
      <y>-336.04960489314334</y>
      <steeringAngle>0.3197999999999999</steeringAngle>
      <velocity>0.8000000000000007</velocity>
      <orientation>-2.0457144575375263</orientation>
      <time>9</time>
    </ksState>
    <ksState>
      <x>-244.1820933569091</x>
      <y>-336.08868302825044</y>
      <steeringAngle>0.3553333333333332</steeringAngle>
      <velocity>5.551115123125783e-16</velocity>
      <orientation>-2.040372815901797</orientation>
      <time>10</time>
    </ksState>
    <ksState>
      <x>-244.1820933569091</x>
      <y>-336.08868302825044</y>
      <steeringAngle>0.3198</steeringAngle>
      <velocity>0.0</velocity>
      <orientation>-2.040372815901797</orientation>
      <time>11</time>
    </ksState>
    <ksState>
      <x>-244.1820933569091</x>
      <y>-336.08868302825044</y>
      <steeringAngle>0.2842666666666666</steeringAngle>
      <velocity>0.0</velocity>
      <orientation>-2.040372815901797</orientation>
      <time>12</time>
    </ksState>
    <ksState>
      <x>-244.1820933569091</x>
      <y>-336.08868302825044</y>
      <steeringAngle>0.24873333333333333</steeringAngle>
      <velocity>0.0</velocity>
      <orientation>-2.040372815901797</orientation>
      <time>13</time>
    </ksState>
    <ksState>
      <x>-244.1820933569091</x>
      <y>-336.08868302825044</y>
      <steeringAngle>0.21320000000000003</steeringAngle>
      <velocity>0.0</velocity>
      <orientation>-2.040372815901797</orientation>
      <time>14</time>
    </ksState>
    <ksState>
      <x>-244.1820933569091</x>
      <y>-336.08868302825044</y>
      <steeringAngle>0.1776666666666667</steeringAngle>
      <velocity>0.0</velocity>
      <orientation>-2.040372815901797</orientation>
      <time>15</time>
    </ksState>
    <ksState>
      <x>-244.1970930983278</x>
      <y>-336.1259221104111</y>
      <steeringAngle>0.14213333333333333</steeringAngle>
      <velocity>0.8</velocity>
      <orientation>-2.0379653186909943</orientation>
      <time>16</time>
    </ksState>
    <ksState>
      <x>-244.24353289360297</x>
      <y>-336.23687209440834</y>
      <steeringAngle>0.10660000000000001</steeringAngle>
      <velocity>1.6</velocity>
      <orientation>-2.03224103207066</orientation>
      <time>17</time>
    </ksState>
    <ksState>
      <x>-244.3232321553524</x>
      <y>-336.4205641925337</y>
      <steeringAngle>0.07106666666666664</steeringAngle>
      <velocity>2.4000000000000004</velocity>
      <orientation>-2.025425518307681</orientation>
      <time>18</time>
    </ksState>
    <ksState>
      <x>-244.43809268384408</x>
      <y>-336.67605213787</y>
      <steeringAngle>0.03553333333333332</steeringAngle>
      <velocity>3.1999999999999993</velocity>
      <orientation>-2.019724597594751</orientation>
      <time>19</time>
    </ksState>
    <ksState>
      <x>-244.5907478676862</x>
      <y>-337.0021025783143</y>
      <steeringAngle>-2.6020852139652106e-18</steeringAngle>
      <velocity>3.999999999999999</velocity>
      <orientation>-2.0173358460064246</orientation>
      <time>20</time>
    </ksState>
    <ksState>
      <x>-244.74953008562588</x>
      <y>-337.3252104271621</y>
      <steeringAngle>-0.03553333333333333</steeringAngle>
      <velocity>3.2</velocity>
      <orientation>-2.019724594386217</orientation>
      <time>21</time>
    </ksState>
    <ksState>
      <x>-244.87898468789456</x>
      <y>-337.5736165850069</y>
      <steeringAngle>-0.07106666666666668</steeringAngle>
      <velocity>2.4</velocity>
      <orientation>-2.0254255093920137</orientation>
      <time>22</time>
    </ksState>
    <ksState>
      <x>-244.97607804576924</x>
      <y>-337.7487332830398</y>
      <steeringAngle>-0.10660000000000003</steeringAngle>
      <velocity>1.5999999999999994</velocity>
      <orientation>-2.0322410431367453</orientation>
      <time>23</time>
    </ksState>
    <ksState>
      <x>-245.03708150918297</x>
      <y>-337.85238942732315</y>
      <steeringAngle>-0.14213333333333342</steeringAngle>
      <velocity>0.7999999999999988</velocity>
      <orientation>-2.037965304623225</orientation>
      <time>24</time>
    </ksState>
    <ksState>
      <x>-245.05819387155998</x>
      <y>-337.8865360077386</y>
      <steeringAngle>-0.17766666666666675</steeringAngle>
      <velocity>-1.5265566588595902e-15</velocity>
      <orientation>-2.040372799097781</orientation>
      <time>25</time>
    </ksState>
    <ksState>
      <x>-245.0798748775743</x>
      <y>-337.92038321785543</y>
      <steeringAngle>-0.17766666666666667</steeringAngle>
      <velocity>0.7999999999999999</velocity>
      <orientation>-2.0431578479639168</orientation>
      <time>26</time>
    </ksState>
    <ksState>
      <x>-245.14548214429203</x>
      <y>-338.0215608017214</y>
      <steeringAngle>-0.17766666666666667</steeringAngle>
      <velocity>1.6000000000000005</velocity>
      <orientation>-2.051512994479804</orientation>
      <time>27</time>
    </ksState>
    <ksState>
      <x>-245.25669873228816</x>
      <y>-338.18896068441796</y>
      <steeringAngle>-0.17766666666666667</steeringAngle>
      <velocity>2.4000000000000017</velocity>
      <orientation>-2.0654382386332544</orientation>
      <time>28</time>
    </ksState>
    <ksState>
      <x>-245.41629501523613</x>
      <y>-338.4206842790922</y>
      <steeringAngle>-0.17766666666666667</steeringAngle>
      <velocity>3.2000000000000024</velocity>
      <orientation>-2.084933580420581</orientation>
      <time>29</time>
    </ksState>
    <ksState>
      <x>-245.6280745704009</x>
      <y>-338.71396618566973</y>
      <steeringAngle>-0.17766666666666667</steeringAngle>
      <velocity>4.000000000000002</velocity>
      <orientation>-2.109999019840273</orientation>
      <time>30</time>
    </ksState>
    <ksState>
      <x>-245.86819875069116</x>
      <y>-339.0358546992785</y>
      <steeringAngle>-0.1421333333333333</steeringAngle>
      <velocity>4.0</velocity>
      <orientation>-2.1350164261847966</orientation>
      <time>31</time>
    </ksState>
    <ksState>
      <x>-246.10869049165626</x>
      <y>-339.3566819679302</y>
      <steeringAngle>-0.10659999999999999</steeringAngle>
      <velocity>4.0</velocity>
      <orientation>-2.154408352475547</orientation>
      <time>32</time>
    </ksState>
    <ksState>
      <x>-246.34788740965615</x>
      <y>-339.6778920789075</y>
      <steeringAngle>-0.07106666666666664</steeringAngle>
      <velocity>4.0</velocity>
      <orientation>-2.1682245922105</orientation>
      <time>33</time>
    </ksState>
  </ksTrajectory>
</CommonRoadSolution>
