<?xml version="1.0" ?>
<CommonRoadSolution benchmark_id="KS2:SM1:DEU_Lohmar-32_1_T-1:2020a" computation_time="1.1547692129997813" date="2023-01-12T15:00:04">
  <ksTrajectory planningProblem="123">
    <ksState>
      <x>122.06924</x>
      <y>-44.122341</y>
      <steeringAngle>0.0</steeringAngle>
      <velocity>16.0</velocity>
      <orientation>-2.6833841</orientation>
      <time>0</time>
    </ksState>
    <ksState>
      <x>120.63428581039797</x>
      <y>-44.83008846466772</y>
      <steeringAngle>0.0</steeringAngle>
      <velocity>16.0</velocity>
      <orientation>-2.6833841</orientation>
      <time>1</time>
    </ksState>
    <ksState>
      <x>119.19933162079593</x>
      <y>-45.53783592933543</y>
      <steeringAngle>0.0</steeringAngle>
      <velocity>16.0</velocity>
      <orientation>-2.6833841</orientation>
      <time>2</time>
    </ksState>
    <ksState>
      <x>117.7643774311939</x>
      <y>-46.24558339400315</y>
      <steeringAngle>0.0</steeringAngle>
      <velocity>16.0</velocity>
      <orientation>-2.6833841</orientation>
      <time>3</time>
    </ksState>
    <ksState>
      <x>116.32942324159187</x>
      <y>-46.95333085867087</y>
      <steeringAngle>0.0</steeringAngle>
      <velocity>16.0</velocity>
      <orientation>-2.6833841</orientation>
      <time>4</time>
    </ksState>
    <ksState>
      <x>114.89446905198984</x>
      <y>-47.66107832333858</y>
      <steeringAngle>0.0</steeringAngle>
      <velocity>16.0</velocity>
      <orientation>-2.6833841</orientation>
      <time>5</time>
    </ksState>
    <ksState>
      <x>113.49538871742818</x>
      <y>-48.35113210124148</y>
      <steeringAngle>0.0</steeringAngle>
      <velocity>15.2</velocity>
      <orientation>-2.6833841</orientation>
      <time>6</time>
    </ksState>
    <ksState>
      <x>112.16805609283676</x>
      <y>-49.00579850566925</y>
      <steeringAngle>0.0</steeringAngle>
      <velocity>14.400000000000002</velocity>
      <orientation>-2.6833841</orientation>
      <time>7</time>
    </ksState>
    <ksState>
      <x>110.91247117788359</x>
      <y>-49.625077536785625</y>
      <steeringAngle>0.0</steeringAngle>
      <velocity>13.600000000000001</velocity>
      <orientation>-2.6833841</orientation>
      <time>8</time>
    </ksState>
    <ksState>
      <x>109.72863397246816</x>
      <y>-50.2089691946402</y>
      <steeringAngle>0.0</steeringAngle>
      <velocity>12.800000000000004</velocity>
      <orientation>-2.6833841</orientation>
      <time>9</time>
    </ksState>
    <ksState>
      <x>108.6165444765587</x>
      <y>-50.75747347924862</y>
      <steeringAngle>0.0</steeringAngle>
      <velocity>12.000000000000002</velocity>
      <orientation>-2.6833841</orientation>
      <time>10</time>
    </ksState>
    <ksState>
      <x>107.54032883435718</x>
      <y>-51.2882840777494</y>
      <steeringAngle>0.0</steeringAngle>
      <velocity>12.0</velocity>
      <orientation>-2.6833841</orientation>
      <time>11</time>
    </ksState>
    <ksState>
      <x>106.46411319215565</x>
      <y>-51.819094676250195</y>
      <steeringAngle>0.0</steeringAngle>
      <velocity>12.0</velocity>
      <orientation>-2.6833841</orientation>
      <time>12</time>
    </ksState>
    <ksState>
      <x>105.38789754995413</x>
      <y>-52.34990527475098</y>
      <steeringAngle>0.0</steeringAngle>
      <velocity>12.0</velocity>
      <orientation>-2.6833841</orientation>
      <time>13</time>
    </ksState>
    <ksState>
      <x>104.31168190775261</x>
      <y>-52.880715873251766</y>
      <steeringAngle>0.0</steeringAngle>
      <velocity>12.0</velocity>
      <orientation>-2.6833841</orientation>
      <time>14</time>
    </ksState>
    <ksState>
      <x>103.23546626555108</x>
      <y>-53.41152647175255</y>
      <steeringAngle>0.0</steeringAngle>
      <velocity>12.0</velocity>
      <orientation>-2.6833841</orientation>
      <time>15</time>
    </ksState>
    <ksState>
      <x>102.18885470668782</x>
      <y>-53.91181480318798</y>
      <steeringAngle>-0.03553333333333333</steeringAngle>
      <velocity>11.200000000000001</velocity>
      <orientation>-2.691285373772344</orientation>
      <time>16</time>
    </ksState>
    <ksState>
      <x>101.19847745016105</x>
      <y>-54.343580608073076</y>
      <steeringAngle>-0.07106666666666667</steeringAngle>
      <velocity>10.400000000000007</velocity>
      <orientation>-2.713537804570834</orientation>
      <time>17</time>
    </ksState>
    <ksState>
      <x>100.26262406827881</x>
      <y>-54.6990630099838</y>
      <steeringAngle>-0.10660000000000001</steeringAngle>
      <velocity>9.60000000000001</velocity>
      <orientation>-2.7479858154555057</orientation>
      <time>18</time>
    </ksState>
    <ksState>
      <x>99.3827867305276</x>
      <y>-54.974799483123576</y>
      <steeringAngle>-0.14213333333333344</steeringAngle>
      <velocity>8.800000000000008</velocity>
      <orientation>-2.7924939475763506</orientation>
      <time>19</time>
    </ksState>
    <ksState>
      <x>98.56287695147502</x>
      <y>-55.1713389139643</y>
      <steeringAngle>-0.17766666666666675</steeringAngle>
      <velocity>8.000000000000009</velocity>
      <orientation>-2.8449362453913323</orientation>
      <time>20</time>
    </ksState>
    <ksState>
      <x>97.77066204117656</x>
      <y>-55.30738478361439</y>
      <steeringAngle>-0.17766666666666667</steeringAngle>
      <velocity>8.0</velocity>
      <orientation>-2.900637221701844</orientation>
      <time>21</time>
    </ksState>
    <ksState>
      <x>96.97210176993246</x>
      <y>-55.399115340956214</y>
      <steeringAngle>-0.17766666666666667</steeringAngle>
      <velocity>8.0</velocity>
      <orientation>-2.956338198012356</orientation>
      <time>22</time>
    </ksState>
    <ksState>
      <x>96.16967314272004</x>
      <y>-55.44624604672328</y>
      <steeringAngle>-0.17766666666666667</steeringAngle>
      <velocity>8.0</velocity>
      <orientation>-3.0120391743228674</orientation>
      <time>23</time>
    </ksState>
    <ksState>
      <x>95.36586512986383</x>
      <y>-55.44863071106756</y>
      <steeringAngle>-0.17766666666666667</steeringAngle>
      <velocity>8.0</velocity>
      <orientation>-3.0677401506333792</orientation>
      <time>24</time>
    </ksState>
    <ksState>
      <x>94.56317097963078</x>
      <y>-55.406261936776204</y>
      <steeringAngle>-0.17766666666666667</steeringAngle>
      <velocity>8.0</velocity>
      <orientation>-3.123441126943891</orientation>
      <time>25</time>
    </ksState>
    <ksState>
      <x>93.76376756887473</x>
      <y>-55.3288396116249</y>
      <steeringAngle>-0.14213333333333336</steeringAngle>
      <velocity>8.0</velocity>
      <orientation>-3.1734759384926394</orientation>
      <time>26</time>
    </ksState>
    <ksState>
      <x>92.96773560771844</x>
      <y>-55.23199217312016</y>
      <steeringAngle>-0.1066000000000001</steeringAngle>
      <velocity>8.0</velocity>
      <orientation>-3.212259790499637</orientation>
      <time>27</time>
    </ksState>
    <ksState>
      <x>92.17399441603901</x>
      <y>-55.124578231203465</y>
      <steeringAngle>-0.07106666666666674</steeringAngle>
      <velocity>8.0</velocity>
      <orientation>-3.239892269529324</orientation>
      <time>28</time>
    </ksState>
    <ksState>
      <x>91.38112619538025</x>
      <y>-55.01533321485427</y>
      <steeringAngle>-0.035533333333333354</steeringAngle>
      <velocity>8.0</velocity>
      <orientation>-3.256443790158353</orientation>
      <time>29</time>
    </ksState>
    <ksState>
      <x>90.58766032953137</x>
      <y>-54.91294559339633</y>
      <steeringAngle>-2.0816681711721685e-17</steeringAngle>
      <velocity>8.0</velocity>
      <orientation>-3.261956316616758</orientation>
      <time>30</time>
    </ksState>
    <ksState>
      <x>89.79344830129034</x>
      <y>-54.81688699566941</y>
      <steeringAngle>0.0</steeringAngle>
      <velocity>8.0</velocity>
      <orientation>-3.261956316616758</orientation>
      <time>31</time>
    </ksState>
    <ksState>
      <x>88.9992362730493</x>
      <y>-54.72082839794248</y>
      <steeringAngle>0.0</steeringAngle>
      <velocity>8.0</velocity>
      <orientation>-3.261956316616758</orientation>
      <time>32</time>
    </ksState>
    <ksState>
      <x>88.20502424480827</x>
      <y>-54.62476980021556</y>
      <steeringAngle>0.0</steeringAngle>
      <velocity>8.0</velocity>
      <orientation>-3.261956316616758</orientation>
      <time>33</time>
    </ksState>
    <ksState>
      <x>87.41081221656724</x>
      <y>-54.52871120248864</y>
      <steeringAngle>0.0</steeringAngle>
      <velocity>8.0</velocity>
      <orientation>-3.261956316616758</orientation>
      <time>34</time>
    </ksState>
    <ksState>
      <x>86.6166001883262</x>
      <y>-54.43265260476171</y>
      <steeringAngle>0.0</steeringAngle>
      <velocity>8.0</velocity>
      <orientation>-3.261956316616758</orientation>
      <time>35</time>
    </ksState>
    <ksState>
      <x>85.82238816008517</x>
      <y>-54.33659400703478</y>
      <steeringAngle>0.0</steeringAngle>
      <velocity>8.0</velocity>
      <orientation>-3.261956316616758</orientation>
      <time>36</time>
    </ksState>
    <ksState>
      <x>85.02817613184413</x>
      <y>-54.24053540930786</y>
      <steeringAngle>0.0</steeringAngle>
      <velocity>8.0</velocity>
      <orientation>-3.261956316616758</orientation>
      <time>37</time>
    </ksState>
    <ksState>
      <x>84.2339641036031</x>
      <y>-54.14447681158094</y>
      <steeringAngle>0.0</steeringAngle>
      <velocity>8.0</velocity>
      <orientation>-3.261956316616758</orientation>
      <time>38</time>
    </ksState>
    <ksState>
      <x>83.43975207536207</x>
      <y>-54.04841821385401</y>
      <steeringAngle>0.0</steeringAngle>
      <velocity>8.0</velocity>
      <orientation>-3.261956316616758</orientation>
      <time>39</time>
    </ksState>
    <ksState>
      <x>82.64554004712103</x>
      <y>-53.95235961612708</y>
      <steeringAngle>0.0</steeringAngle>
      <velocity>8.0</velocity>
      <orientation>-3.261956316616758</orientation>
      <time>40</time>
    </ksState>
    <ksState>
      <x>81.85132801888</x>
      <y>-53.85630101840016</y>
      <steeringAngle>0.0</steeringAngle>
      <velocity>8.0</velocity>
      <orientation>-3.261956316616758</orientation>
      <time>41</time>
    </ksState>
    <ksState>
      <x>81.05711599063896</x>
      <y>-53.76024242067324</y>
      <steeringAngle>0.0</steeringAngle>
      <velocity>8.0</velocity>
      <orientation>-3.261956316616758</orientation>
      <time>42</time>
    </ksState>
    <ksState>
      <x>80.26290396239793</x>
      <y>-53.66418382294631</y>
      <steeringAngle>0.0</steeringAngle>
      <velocity>8.0</velocity>
      <orientation>-3.261956316616758</orientation>
      <time>43</time>
    </ksState>
    <ksState>
      <x>79.4686919341569</x>
      <y>-53.56812522521939</y>
      <steeringAngle>0.0</steeringAngle>
      <velocity>8.0</velocity>
      <orientation>-3.261956316616758</orientation>
      <time>44</time>
    </ksState>
    <ksState>
      <x>78.67447990591586</x>
      <y>-53.47206662749246</y>
      <steeringAngle>0.0</steeringAngle>
      <velocity>8.0</velocity>
      <orientation>-3.261956316616758</orientation>
      <time>45</time>
    </ksState>
    <ksState>
      <x>77.88026787767483</x>
      <y>-53.376008029765536</y>
      <steeringAngle>0.0</steeringAngle>
      <velocity>8.0</velocity>
      <orientation>-3.261956316616758</orientation>
      <time>46</time>
    </ksState>
    <ksState>
      <x>77.08605584943379</x>
      <y>-53.27994943203861</y>
      <steeringAngle>0.0</steeringAngle>
      <velocity>8.0</velocity>
      <orientation>-3.261956316616758</orientation>
      <time>47</time>
    </ksState>
    <ksState>
      <x>76.29184382119276</x>
      <y>-53.18389083431169</y>
      <steeringAngle>0.0</steeringAngle>
      <velocity>8.0</velocity>
      <orientation>-3.261956316616758</orientation>
      <time>48</time>
    </ksState>
    <ksState>
      <x>75.49763179295172</x>
      <y>-53.08783223658477</y>
      <steeringAngle>0.0</steeringAngle>
      <velocity>8.0</velocity>
      <orientation>-3.261956316616758</orientation>
      <time>49</time>
    </ksState>
    <ksState>
      <x>74.70341976471069</x>
      <y>-52.991773638857836</y>
      <steeringAngle>0.0</steeringAngle>
      <velocity>8.0</velocity>
      <orientation>-3.261956316616758</orientation>
      <time>50</time>
    </ksState>
    <ksState>
      <x>73.90811345760726</x>
      <y>-52.90496319563527</y>
      <steeringAngle>0.03553333333333333</steeringAngle>
      <velocity>8.0</velocity>
      <orientation>-3.256443781613919</orientation>
      <time>51</time>
    </ksState>
    <ksState>
      <x>73.11023548774183</x>
      <y>-52.84254669747196</y>
      <steeringAngle>0.07106666666666667</steeringAngle>
      <velocity>8.0</velocity>
      <orientation>-3.2398922607336496</orientation>
      <time>52</time>
    </ksState>
    <ksState>
      <x>72.30985978149947</x>
      <y>-52.81347624030502</y>
      <steeringAngle>0.10659999999999997</steeringAngle>
      <velocity>8.0</velocity>
      <orientation>-3.2122597814429543</orientation>
      <time>53</time>
    </ksState>
    <ksState>
      <x>71.50817208005826</x>
      <y>-52.8268337592201</y>
      <steeringAngle>0.1421333333333333</steeringAngle>
      <velocity>8.0</velocity>
      <orientation>-3.1734759291702197</orientation>
      <time>54</time>
    </ksState>
    <ksState>
      <x>70.70779128512717</x>
      <y>-52.89176402905481</y>
      <steeringAngle>0.17766666666666667</steeringAngle>
      <velocity>8.0</velocity>
      <orientation>-3.123441116921065</orientation>
      <time>55</time>
    </ksState>
    <ksState>
      <x>69.91172463860029</x>
      <y>-52.99814976046509</y>
      <steeringAngle>0.14213333333333336</steeringAngle>
      <velocity>8.0</velocity>
      <orientation>-3.0734063053723166</orientation>
      <time>56</time>
    </ksState>
    <ksState>
      <x>69.11973225651303</x>
      <y>-53.12382543926964</y>
      <steeringAngle>0.1066000000000001</steeringAngle>
      <velocity>8.0</velocity>
      <orientation>-3.034622453365319</orientation>
      <time>57</time>
    </ksState>
    <ksState>
      <x>68.3304126467418</x>
      <y>-53.259977515703994</y>
      <steeringAngle>0.07106666666666674</steeringAngle>
      <velocity>8.0</velocity>
      <orientation>-3.006989974335632</orientation>
      <time>58</time>
    </ksState>
    <ksState>
      <x>67.54203189181571</x>
      <y>-53.3979277755439</y>
      <steeringAngle>0.035533333333333354</steeringAngle>
      <velocity>8.0</velocity>
      <orientation>-2.990438453706603</orientation>
      <time>59</time>
    </ksState>
    <ksState>
      <x>66.75280499571492</x>
      <y>-53.52904685030504</y>
      <steeringAngle>2.0816681711721685e-17</steeringAngle>
      <velocity>8.0</velocity>
      <orientation>-2.9849259272481983</orientation>
      <time>60</time>
    </ksState>
    <ksState>
      <x>65.96117349591373</x>
      <y>-53.64466580936237</y>
      <steeringAngle>-0.03553333333333333</steeringAngle>
      <velocity>8.0</velocity>
      <orientation>-2.990438462251037</orientation>
      <time>61</time>
    </ksState>
    <ksState>
      <x>65.16608664735114</x>
      <y>-53.73600023486738</y>
      <steeringAngle>-0.07106666666666667</steeringAngle>
      <velocity>8.0</velocity>
      <orientation>-3.0069899831313065</orientation>
      <time>62</time>
    </ksState>
    <ksState>
      <x>64.36729341057736</x>
      <y>-53.79410124610953</y>
      <steeringAngle>-0.10659999999999997</steeringAngle>
      <velocity>8.0</velocity>
      <orientation>-3.0346224624220017</orientation>
      <time>63</time>
    </ksState>
    <ksState>
      <x>63.565649115855386</x>
      <y>-53.80984985536083</y>
      <steeringAngle>-0.1421333333333333</steeringAngle>
      <velocity>8.0</velocity>
      <orientation>-3.0734063146947364</orientation>
      <time>64</time>
    </ksState>
    <ksState>
      <x>62.76343902891823</x>
      <y>-53.77401225985529</y>
      <steeringAngle>-0.17766666666666667</steeringAngle>
      <velocity>8.0</velocity>
      <orientation>-3.123441126943891</orientation>
      <time>65</time>
    </ksState>
    <ksState>
      <x>61.96434858187925</x>
      <y>-53.68702145459926</y>
      <steeringAngle>-0.17766666666666667</steeringAngle>
      <velocity>8.0</velocity>
      <orientation>-3.179142103254403</orientation>
      <time>66</time>
    </ksState>
    <ksState>
      <x>61.1713403731128</x>
      <y>-53.555678457874215</y>
      <steeringAngle>-0.17766666666666667</steeringAngle>
      <velocity>8.0</velocity>
      <orientation>-3.234843079564915</orientation>
      <time>67</time>
    </ksState>
    <ksState>
      <x>60.38687418761555</x>
      <y>-53.380390668774446</y>
      <steeringAngle>-0.17766666666666667</steeringAngle>
      <velocity>8.0</velocity>
      <orientation>-3.290544055875426</orientation>
      <time>68</time>
    </ksState>
    <ksState>
      <x>59.61338327986971</x>
      <y>-53.16170179436514</y>
      <steeringAngle>-0.17766666666666667</steeringAngle>
      <velocity>8.0</velocity>
      <orientation>-3.346245032185938</orientation>
      <time>69</time>
    </ksState>
    <ksState>
      <x>58.853266860804396</x>
      <y>-52.900290162411544</y>
      <steeringAngle>-0.17766666666666667</steeringAngle>
      <velocity>8.0</velocity>
      <orientation>-3.40194600849645</orientation>
      <time>70</time>
    </ksState>
    <ksState>
      <x>58.10595124877354</x>
      <y>-52.60608036384053</y>
      <steeringAngle>-0.14213333333333336</steeringAngle>
      <velocity>8.0</velocity>
      <orientation>-3.4519808200451982</orientation>
      <time>71</time>
    </ksState>
    <ksState>
      <x>57.367217498149174</x>
      <y>-52.29412082284893</y>
      <steeringAngle>-0.1066000000000001</steeringAngle>
      <velocity>8.0</velocity>
      <orientation>-3.4907646720521956</orientation>
      <time>72</time>
    </ksState>
    <ksState>
      <x>56.63359117476185</x>
      <y>-51.972631706516864</y>
      <steeringAngle>-0.07106666666666674</steeringAngle>
      <velocity>8.0</velocity>
      <orientation>-3.518397151081883</orientation>
      <time>73</time>
    </ksState>
    <ksState>
      <x>55.90130758082368</x>
      <y>-51.649622067377805</y>
      <steeringAngle>-0.035533333333333354</steeringAngle>
      <velocity>8.0</velocity>
      <orientation>-3.5349486717109118</orientation>
      <time>74</time>
    </ksState>
    <ksState>
      <x>55.16656414606547</x>
      <y>-51.333041287205006</y>
      <steeringAngle>-2.0816681711721685e-17</steeringAngle>
      <velocity>8.0</velocity>
      <orientation>-3.5404611981693166</orientation>
      <time>75</time>
    </ksState>
    <ksState>
      <x>54.42576873309367</x>
      <y>-51.03093148714724</y>
      <steeringAngle>0.03553333333333333</steeringAngle>
      <velocity>8.0</velocity>
      <orientation>-3.5349486631664777</orientation>
      <time>76</time>
    </ksState>
    <ksState>
      <x>53.67579440430213</x>
      <y>-50.751568676105386</y>
      <steeringAngle>0.07106666666666667</steeringAngle>
      <velocity>8.0</velocity>
      <orientation>-3.5183971422862084</orientation>
      <time>77</time>
    </ksState>
    <ksState>
      <x>52.91425114118513</x>
      <y>-50.50358032754042</y>
      <steeringAngle>0.10659999999999997</steeringAngle>
      <velocity>8.0</velocity>
      <orientation>-3.490764662995513</orientation>
      <time>78</time>
    </ksState>
    <ksState>
      <x>52.139782203903096</x>
      <y>-50.296024409439084</y>
      <steeringAngle>0.1421333333333333</steeringAngle>
      <velocity>8.0</velocity>
      <orientation>-3.4519808107227785</orientation>
      <time>79</time>
    </ksState>
    <ksState>
      <x>51.3523915141514</x>
      <y>-50.13841331044003</y>
      <steeringAngle>0.17766666666666667</steeringAngle>
      <velocity>8.0</velocity>
      <orientation>-3.4019459984736238</orientation>
      <time>80</time>
    </ksState>
    <ksState>
      <x>50.55775186691105</x>
      <y>-50.0218463314367</y>
      <steeringAngle>0.14213333333333336</steeringAngle>
      <velocity>8.0</velocity>
      <orientation>-3.3519111869248754</orientation>
      <time>81</time>
    </ksState>
    <ksState>
      <x>49.76172633030369</x>
      <y>-49.92494610132229</y>
      <steeringAngle>0.1066000000000001</steeringAngle>
      <velocity>8.0</velocity>
      <orientation>-3.313127334917878</orientation>
      <time>82</time>
    </ksState>
    <ksState>
      <x>48.96539042256023</x>
      <y>-49.83885338197166</y>
      <steeringAngle>0.07106666666666674</steeringAngle>
      <velocity>8.0</velocity>
      <orientation>-3.285494855888191</orientation>
      <time>83</time>
    </ksState>
    <ksState>
      <x>48.16946283949107</x>
      <y>-49.75474766612898</y>
      <steeringAngle>0.035533333333333354</steeringAngle>
      <velocity>8.0</velocity>
      <orientation>-3.268943335259162</orientation>
      <time>84</time>
    </ksState>
    <ksState>
      <x>47.374599737944344</x>
      <y>-49.663841367696826</y>
      <steeringAngle>2.0816681711721685e-17</steeringAngle>
      <velocity>8.0</velocity>
      <orientation>-3.263430808800757</orientation>
      <time>85</time>
    </ksState>
    <ksState>
      <x>46.5816859557338</x>
      <y>-49.557371141100056</y>
      <steeringAngle>-0.03553333333333333</steeringAngle>
      <velocity>8.0</velocity>
      <orientation>-3.268943343803596</orientation>
      <time>86</time>
    </ksState>
    <ksState>
      <x>45.792126234107556</x>
      <y>-49.42660218444361</y>
      <steeringAngle>-0.07106666666666667</steeringAngle>
      <velocity>8.0</velocity>
      <orientation>-3.2854948646838653</orientation>
      <time>87</time>
    </ksState>
    <ksState>
      <x>45.008139419182086</x>
      <y>-49.262861423953524</y>
      <steeringAngle>-0.10659999999999997</steeringAngle>
      <velocity>8.0</velocity>
      <orientation>-3.3131273439745605</orientation>
      <time>88</time>
    </ksState>
    <ksState>
      <x>44.2330548612065</x>
      <y>-49.05761639492373</y>
      <steeringAngle>-0.1421333333333333</steeringAngle>
      <velocity>8.0</velocity>
      <orientation>-3.351911196247295</orientation>
      <time>89</time>
    </ksState>
    <ksState>
      <x>43.47160831175287</x>
      <y>-48.80261735735591</y>
      <steeringAngle>-0.17766666666666667</steeringAngle>
      <velocity>8.0</velocity>
      <orientation>-3.40194600849645</orientation>
      <time>90</time>
    </ksState>
    <ksState>
      <x>42.76134306557981</x>
      <y>-48.523876129696674</y>
      <steeringAngle>-0.1421333333333334</steeringAngle>
      <velocity>7.2</velocity>
      <orientation>-3.449573330242087</orientation>
      <time>91</time>
    </ksState>
    <ksState>
      <x>42.13203181325786</x>
      <y>-48.26198331793547</y>
      <steeringAngle>-0.10660000000000011</steeringAngle>
      <velocity>6.4</velocity>
      <orientation>-3.4826329006900547</orientation>
      <time>92</time>
    </ksState>
    <ksState>
      <x>41.57905609468586</x>
      <y>-48.02723545039504</y>
      <steeringAngle>-0.07106666666666674</steeringAngle>
      <velocity>5.600000000000001</velocity>
      <orientation>-3.5034498489839434</orientation>
      <time>93</time>
    </ksState>
    <ksState>
      <x>41.099394067003864</x>
      <y>-47.82581656437765</y>
      <steeringAngle>-0.03553333333333339</steeringAngle>
      <velocity>4.800000000000001</velocity>
      <orientation>-3.514300458641606</orientation>
      <time>94</time>
    </ksState>
    <ksState>
      <x>40.691559313964895</x>
      <y>-47.660612542684824</y>
      <steeringAngle>-5.5294310796760726e-17</steeringAngle>
      <velocity>4.0</velocity>
      <orientation>-3.5174242344787716</orientation>
      <time>95</time>
    </ksState>
    <ksState>
      <x>40.35668633752925</x>
      <y>-47.528475912966904</y>
      <steeringAngle>0.0</steeringAngle>
      <velocity>3.2</velocity>
      <orientation>-3.5174242344787716</orientation>
      <time>96</time>
    </ksState>
    <ksState>
      <x>40.09622957838651</x>
      <y>-47.42570297886308</y>
      <steeringAngle>0.0</steeringAngle>
      <velocity>2.4000000000000004</velocity>
      <orientation>-3.5174242344787716</orientation>
      <time>97</time>
    </ksState>
    <ksState>
      <x>39.910189036441906</x>
      <y>-47.352293740335945</y>
      <steeringAngle>0.0</steeringAngle>
      <velocity>1.6</velocity>
      <orientation>-3.5174242344787716</orientation>
      <time>98</time>
    </ksState>
    <ksState>
      <x>39.798564711657704</x>
      <y>-47.30824819737062</y>
      <steeringAngle>0.0</steeringAngle>
      <velocity>0.7999999999999998</velocity>
      <orientation>-3.5174242344787716</orientation>
      <time>99</time>
    </ksState>
  </ksTrajectory>
</CommonRoadSolution>
