<?xml version="1.0" ?>
<CommonRoadSolution benchmark_id="KS2:SM1:HRV_Pula-12_3_T-1:2020a" computation_time="1.0067400200005068" date="2023-01-12T15:00:04">
  <ksTrajectory planningProblem="1">
    <ksState>
      <x>-615.16892</x>
      <y>-916.18946</y>
      <steeringAngle>0.0</steeringAngle>
      <velocity>4.0</velocity>
      <orientation>2.8405222</orientation>
      <time>0</time>
    </ksState>
    <ksState>
      <x>-615.5496505342339</x>
      <y>-916.0667486592606</y>
      <steeringAngle>-0.035533333333333326</steeringAngle>
      <velocity>4.0</velocity>
      <orientation>2.8377659254673997</orientation>
      <time>1</time>
    </ksState>
    <ksState>
      <x>-615.9273173025588</x>
      <y>-915.9344566385304</y>
      <steeringAngle>-0.07106666666666711</steeringAngle>
      <velocity>4.0</velocity>
      <orientation>2.829490164924114</orientation>
      <time>2</time>
    </ksState>
    <ksState>
      <x>-616.3010259798995</x>
      <y>-915.7905178787547</y>
      <steeringAngle>-0.10660000000000043</steeringAngle>
      <velocity>4.0</velocity>
      <orientation>2.8156739251049774</orientation>
      <time>3</time>
    </ksState>
    <ksState>
      <x>-616.6696783171541</x>
      <y>-915.6329067187888</y>
      <steeringAngle>-0.14213333333333378</steeringAngle>
      <velocity>4.0</velocity>
      <orientation>2.7962819987194316</orientation>
      <time>4</time>
    </ksState>
    <ksState>
      <x>-617.0319342268645</x>
      <y>-915.4596564421486</y>
      <steeringAngle>-0.1776666666666672</steeringAngle>
      <velocity>4.0</velocity>
      <orientation>2.771264592268034</orientation>
      <time>5</time>
    </ksState>
    <ksState>
      <x>-617.3510679404847</x>
      <y>-915.2885755325304</y>
      <steeringAngle>-0.21319999999999997</steeringAngle>
      <velocity>3.2</velocity>
      <orientation>2.7437230467045994</orientation>
      <time>6</time>
    </ksState>
    <ksState>
      <x>-617.5933814909619</x>
      <y>-915.1437209754121</y>
      <steeringAngle>-0.24873333333333342</steeringAngle>
      <velocity>2.4000000000000004</velocity>
      <orientation>2.71828481631795</orientation>
      <time>7</time>
    </ksState>
    <ksState>
      <x>-617.7622661473811</x>
      <y>-915.0324890464534</y>
      <steeringAngle>-0.2842666666666668</steeringAngle>
      <velocity>1.600000000000001</velocity>
      <orientation>2.6972099165273704</orientation>
      <time>8</time>
    </ksState>
    <ksState>
      <x>-617.861304575755</x>
      <y>-914.9617074168659</y>
      <steeringAngle>-0.3197999999999999</steeringAngle>
      <velocity>0.8000000000000007</velocity>
      <orientation>2.682811489226666</orientation>
      <time>9</time>
    </ksState>
    <ksState>
      <x>-617.8937378077336</x>
      <y>-914.9370941829179</y>
      <steeringAngle>-0.3553333333333332</steeringAngle>
      <velocity>5.551115123125783e-16</velocity>
      <orientation>2.6774698475909364</orientation>
      <time>10</time>
    </ksState>
    <ksState>
      <x>-617.8937378077336</x>
      <y>-914.9370941829179</y>
      <steeringAngle>-0.3198</steeringAngle>
      <velocity>0.0</velocity>
      <orientation>2.6774698475909364</orientation>
      <time>11</time>
    </ksState>
    <ksState>
      <x>-617.8937378077336</x>
      <y>-914.9370941829179</y>
      <steeringAngle>-0.2842666666666666</steeringAngle>
      <velocity>0.0</velocity>
      <orientation>2.6774698475909364</orientation>
      <time>12</time>
    </ksState>
    <ksState>
      <x>-617.8937378077336</x>
      <y>-914.9370941829179</y>
      <steeringAngle>-0.24873333333333333</steeringAngle>
      <velocity>0.0</velocity>
      <orientation>2.6774698475909364</orientation>
      <time>13</time>
    </ksState>
    <ksState>
      <x>-617.8937378077336</x>
      <y>-914.9370941829179</y>
      <steeringAngle>-0.21320000000000003</steeringAngle>
      <velocity>0.0</velocity>
      <orientation>2.6774698475909364</orientation>
      <time>14</time>
    </ksState>
    <ksState>
      <x>-617.8937378077336</x>
      <y>-914.9370941829179</y>
      <steeringAngle>-0.1776666666666667</steeringAngle>
      <velocity>0.0</velocity>
      <orientation>2.6774698475909364</orientation>
      <time>15</time>
    </ksState>
    <ksState>
      <x>-617.8937378077336</x>
      <y>-914.9370941829179</y>
      <steeringAngle>-0.14213333333333336</steeringAngle>
      <velocity>0.0</velocity>
      <orientation>2.6774698475909364</orientation>
      <time>16</time>
    </ksState>
    <ksState>
      <x>-617.8937378077336</x>
      <y>-914.9370941829179</y>
      <steeringAngle>-0.10660000000000001</steeringAngle>
      <velocity>0.0</velocity>
      <orientation>2.6774698475909364</orientation>
      <time>17</time>
    </ksState>
    <ksState>
      <x>-617.8937378077336</x>
      <y>-914.9370941829179</y>
      <steeringAngle>-0.07106666666666668</steeringAngle>
      <velocity>0.0</velocity>
      <orientation>2.6774698475909364</orientation>
      <time>18</time>
    </ksState>
    <ksState>
      <x>-617.8937378077336</x>
      <y>-914.9370941829179</y>
      <steeringAngle>-0.03553333333333333</steeringAngle>
      <velocity>0.0</velocity>
      <orientation>2.6774698475909364</orientation>
      <time>19</time>
    </ksState>
    <ksState>
      <x>-617.8937378077336</x>
      <y>-914.9370941829179</y>
      <steeringAngle>-0.0</steeringAngle>
      <velocity>0.0</velocity>
      <orientation>2.6774698475909364</orientation>
      <time>20</time>
    </ksState>
    <ksState>
      <x>-617.9295063914021</x>
      <y>-914.9191886396283</y>
      <steeringAngle>0.0</steeringAngle>
      <velocity>0.8</velocity>
      <orientation>2.6774698475909364</orientation>
      <time>21</time>
    </ksState>
    <ksState>
      <x>-618.0368121413479</x>
      <y>-914.8654720102899</y>
      <steeringAngle>0.0</steeringAngle>
      <velocity>1.6</velocity>
      <orientation>2.6774698475909364</orientation>
      <time>22</time>
    </ksState>
    <ksState>
      <x>-618.2156550574144</x>
      <y>-914.775944294981</y>
      <steeringAngle>0.0</steeringAngle>
      <velocity>2.4000000000000004</velocity>
      <orientation>2.6774698475909364</orientation>
      <time>23</time>
    </ksState>
    <ksState>
      <x>-618.4660351395543</x>
      <y>-914.6506054937254</y>
      <steeringAngle>0.0</steeringAngle>
      <velocity>3.2000000000000006</velocity>
      <orientation>2.6774698475909364</orientation>
      <time>24</time>
    </ksState>
    <ksState>
      <x>-618.7879523877481</x>
      <y>-914.4894556065328</y>
      <steeringAngle>0.0</steeringAngle>
      <velocity>4.000000000000001</velocity>
      <orientation>2.6774698475909364</orientation>
      <time>25</time>
    </ksState>
    <ksState>
      <x>-619.1115131295845</x>
      <y>-914.3315983258544</y>
      <steeringAngle>0.03553333333333333</steeringAngle>
      <velocity>3.2</velocity>
      <orientation>2.679858595970729</orientation>
      <time>26</time>
    </ksState>
    <ksState>
      <x>-619.3660989194468</x>
      <y>-914.2147643029676</y>
      <steeringAngle>0.07106666666666668</steeringAngle>
      <velocity>2.4</velocity>
      <orientation>2.6855595109765256</orientation>
      <time>27</time>
    </ksState>
    <ksState>
      <x>-619.5501794757045</x>
      <y>-914.1359777122226</y>
      <steeringAngle>0.10660000000000003</steeringAngle>
      <velocity>1.5999999999999994</velocity>
      <orientation>2.692375044721257</orientation>
      <time>28</time>
    </ksState>
    <ksState>
      <x>-619.6619310268635</x>
      <y>-914.0915073894251</y>
      <steeringAngle>0.14213333333333342</steeringAngle>
      <velocity>0.7999999999999988</velocity>
      <orientation>2.698099306207737</orientation>
      <time>29</time>
    </ksState>
    <ksState>
      <x>-619.6995473528835</x>
      <y>-914.0774812418445</y>
      <steeringAngle>0.17766666666666675</steeringAngle>
      <velocity>-1.5265566588595902e-15</velocity>
      <orientation>2.7005068006822928</orientation>
      <time>30</time>
    </ksState>
    <ksState>
      <x>-619.6995473528835</x>
      <y>-914.0774812418445</y>
      <steeringAngle>0.14213333333333336</steeringAngle>
      <velocity>0.0</velocity>
      <orientation>2.7005068006822928</orientation>
      <time>31</time>
    </ksState>
    <ksState>
      <x>-619.6995473528835</x>
      <y>-914.0774812418445</y>
      <steeringAngle>0.10660000000000001</steeringAngle>
      <velocity>0.0</velocity>
      <orientation>2.7005068006822928</orientation>
      <time>32</time>
    </ksState>
    <ksState>
      <x>-619.6995473528835</x>
      <y>-914.0774812418445</y>
      <steeringAngle>0.07106666666666668</steeringAngle>
      <velocity>0.0</velocity>
      <orientation>2.7005068006822928</orientation>
      <time>33</time>
    </ksState>
  </ksTrajectory>
</CommonRoadSolution>
