<?xml version="1.0" ?>
<CommonRoadSolution benchmark_id="KS2:SM1:ESP_Toledo-11_5_T-1:2020a" computation_time="0.6563555739994626" date="2023-01-12T15:00:04">
  <ksTrajectory planningProblem="1">
    <ksState>
      <x>10.219943</x>
      <y>-45.431871</y>
      <steeringAngle>0.0</steeringAngle>
      <velocity>4.0</velocity>
      <orientation>0.30326581</orientation>
      <time>0</time>
    </ksState>
    <ksState>
      <x>10.602964873343257</x>
      <y>-45.3165104461491</y>
      <steeringAngle>-0.035533333333333326</steeringAngle>
      <velocity>4.0</velocity>
      <orientation>0.3005095354673996</orientation>
      <time>1</time>
    </ksState>
    <ksState>
      <x>10.988909532673153</x>
      <y>-45.210774517626525</y>
      <steeringAngle>-0.07106666666666711</steeringAngle>
      <velocity>4.0</velocity>
      <orientation>0.2922337749241142</orientation>
      <time>2</time>
    </ksState>
    <ksState>
      <x>11.378215024153015</x>
      <y>-45.11687150175854</y>
      <steeringAngle>-0.10660000000000043</steeringAngle>
      <velocity>4.0</velocity>
      <orientation>0.27841753510497735</orientation>
      <time>3</time>
    </ksState>
    <ksState>
      <x>11.771128634320505</x>
      <y>-45.03709231616282</y>
      <steeringAngle>-0.14213333333333378</steeringAngle>
      <velocity>4.0</velocity>
      <orientation>0.25902560871943153</orientation>
      <time>4</time>
    </ksState>
    <ksState>
      <x>12.16766515260476</x>
      <y>-44.97381679053881</y>
      <steeringAngle>-0.1776666666666672</steeringAngle>
      <velocity>4.0</velocity>
      <orientation>0.2340082022680342</orientation>
      <time>5</time>
    </ksState>
    <ksState>
      <x>12.527484633876778</x>
      <y>-44.93325886034121</y>
      <steeringAngle>-0.21319999999999997</steeringAngle>
      <velocity>3.2</velocity>
      <orientation>0.20646665670459957</orientation>
      <time>6</time>
    </ksState>
    <ksState>
      <x>12.809188149704532</x>
      <y>-44.9147702521417</y>
      <steeringAngle>-0.24873333333333342</steeringAngle>
      <velocity>2.4000000000000004</velocity>
      <orientation>0.18102842631795008</orientation>
      <time>7</time>
    </ksState>
    <ksState>
      <x>13.011363623274976</x>
      <y>-44.91033774943755</y>
      <steeringAngle>-0.2842666666666668</steeringAngle>
      <velocity>1.600000000000001</velocity>
      <orientation>0.15995352652737038</orientation>
      <time>8</time>
    </ksState>
    <ksState>
      <x>13.133079564529611</x>
      <y>-44.9123072738254</y>
      <steeringAngle>-0.3197999999999999</steeringAngle>
      <velocity>0.8000000000000007</velocity>
      <orientation>0.14555509922666593</orientation>
      <time>9</time>
    </ksState>
    <ksState>
      <x>13.173753837787245</x>
      <y>-44.914131915413215</y>
      <steeringAngle>-0.3553333333333332</steeringAngle>
      <velocity>5.551115123125783e-16</velocity>
      <orientation>0.14021345759093662</orientation>
      <time>10</time>
    </ksState>
    <ksState>
      <x>13.173753837787245</x>
      <y>-44.914131915413215</y>
      <steeringAngle>-0.3198</steeringAngle>
      <velocity>0.0</velocity>
      <orientation>0.14021345759093662</orientation>
      <time>11</time>
    </ksState>
    <ksState>
      <x>13.173753837787245</x>
      <y>-44.914131915413215</y>
      <steeringAngle>-0.2842666666666666</steeringAngle>
      <velocity>0.0</velocity>
      <orientation>0.14021345759093662</orientation>
      <time>12</time>
    </ksState>
    <ksState>
      <x>13.173753837787245</x>
      <y>-44.914131915413215</y>
      <steeringAngle>-0.24873333333333333</steeringAngle>
      <velocity>0.0</velocity>
      <orientation>0.14021345759093662</orientation>
      <time>13</time>
    </ksState>
    <ksState>
      <x>13.173753837787245</x>
      <y>-44.914131915413215</y>
      <steeringAngle>-0.21320000000000003</steeringAngle>
      <velocity>0.0</velocity>
      <orientation>0.14021345759093662</orientation>
      <time>14</time>
    </ksState>
    <ksState>
      <x>13.173753837787245</x>
      <y>-44.914131915413215</y>
      <steeringAngle>-0.1776666666666667</steeringAngle>
      <velocity>0.0</velocity>
      <orientation>0.14021345759093662</orientation>
      <time>15</time>
    </ksState>
    <ksState>
      <x>13.173753837787245</x>
      <y>-44.914131915413215</y>
      <steeringAngle>-0.14213333333333336</steeringAngle>
      <velocity>0.0</velocity>
      <orientation>0.14021345759093662</orientation>
      <time>16</time>
    </ksState>
    <ksState>
      <x>13.173753837787245</x>
      <y>-44.914131915413215</y>
      <steeringAngle>-0.10660000000000001</steeringAngle>
      <velocity>0.0</velocity>
      <orientation>0.14021345759093662</orientation>
      <time>17</time>
    </ksState>
    <ksState>
      <x>13.173753837787245</x>
      <y>-44.914131915413215</y>
      <steeringAngle>-0.07106666666666668</steeringAngle>
      <velocity>0.0</velocity>
      <orientation>0.14021345759093662</orientation>
      <time>18</time>
    </ksState>
    <ksState>
      <x>13.173753837787245</x>
      <y>-44.914131915413215</y>
      <steeringAngle>-0.03553333333333333</steeringAngle>
      <velocity>0.0</velocity>
      <orientation>0.14021345759093662</orientation>
      <time>19</time>
    </ksState>
    <ksState>
      <x>13.173753837787245</x>
      <y>-44.914131915413215</y>
      <steeringAngle>-0.0</steeringAngle>
      <velocity>0.0</velocity>
      <orientation>0.14021345759093662</orientation>
      <time>20</time>
    </ksState>
    <ksState>
      <x>13.173753837787245</x>
      <y>-44.914131915413215</y>
      <steeringAngle>0.0</steeringAngle>
      <velocity>0.0</velocity>
      <orientation>0.14021345759093662</orientation>
      <time>21</time>
    </ksState>
    <ksState>
      <x>13.173753837787245</x>
      <y>-44.914131915413215</y>
      <steeringAngle>0.0</steeringAngle>
      <velocity>0.0</velocity>
      <orientation>0.14021345759093662</orientation>
      <time>22</time>
    </ksState>
    <ksState>
      <x>13.173753837787245</x>
      <y>-44.914131915413215</y>
      <steeringAngle>0.0</steeringAngle>
      <velocity>0.0</velocity>
      <orientation>0.14021345759093662</orientation>
      <time>23</time>
    </ksState>
    <ksState>
      <x>13.173753837787245</x>
      <y>-44.914131915413215</y>
      <steeringAngle>0.0</steeringAngle>
      <velocity>0.0</velocity>
      <orientation>0.14021345759093662</orientation>
      <time>24</time>
    </ksState>
    <ksState>
      <x>13.173753837787245</x>
      <y>-44.914131915413215</y>
      <steeringAngle>0.0</steeringAngle>
      <velocity>0.0</velocity>
      <orientation>0.14021345759093662</orientation>
      <time>25</time>
    </ksState>
    <ksState>
      <x>13.173753837787245</x>
      <y>-44.914131915413215</y>
      <steeringAngle>0.0</steeringAngle>
      <velocity>0.0</velocity>
      <orientation>0.14021345759093662</orientation>
      <time>26</time>
    </ksState>
    <ksState>
      <x>13.173753837787245</x>
      <y>-44.914131915413215</y>
      <steeringAngle>0.0</steeringAngle>
      <velocity>0.0</velocity>
      <orientation>0.14021345759093662</orientation>
      <time>27</time>
    </ksState>
    <ksState>
      <x>13.173753837787245</x>
      <y>-44.914131915413215</y>
      <steeringAngle>0.0</steeringAngle>
      <velocity>0.0</velocity>
      <orientation>0.14021345759093662</orientation>
      <time>28</time>
    </ksState>
    <ksState>
      <x>13.173753837787245</x>
      <y>-44.914131915413215</y>
      <steeringAngle>0.0</steeringAngle>
      <velocity>0.0</velocity>
      <orientation>0.14021345759093662</orientation>
      <time>29</time>
    </ksState>
    <ksState>
      <x>13.173753837787245</x>
      <y>-44.914131915413215</y>
      <steeringAngle>0.0</steeringAngle>
      <velocity>0.0</velocity>
      <orientation>0.14021345759093662</orientation>
      <time>30</time>
    </ksState>
    <ksState>
      <x>13.173753837787245</x>
      <y>-44.914131915413215</y>
      <steeringAngle>0.0</steeringAngle>
      <velocity>0.0</velocity>
      <orientation>0.14021345759093662</orientation>
      <time>31</time>
    </ksState>
    <ksState>
      <x>13.173753837787245</x>
      <y>-44.914131915413215</y>
      <steeringAngle>0.0</steeringAngle>
      <velocity>0.0</velocity>
      <orientation>0.14021345759093662</orientation>
      <time>32</time>
    </ksState>
    <ksState>
      <x>13.173753837787245</x>
      <y>-44.914131915413215</y>
      <steeringAngle>0.0</steeringAngle>
      <velocity>0.0</velocity>
      <orientation>0.14021345759093662</orientation>
      <time>33</time>
    </ksState>
  </ksTrajectory>
</CommonRoadSolution>
