<?xml version="1.0" ?>
<CommonRoadSolution benchmark_id="KS2:SM1:DEU_Flensburg-71_1_T-1:2020a" computation_time="1.2874748320000435" date="2023-01-12T15:00:04">
  <ksTrajectory planningProblem="123">
    <ksState>
      <x>-27.257368</x>
      <y>299.8654</y>
      <steeringAngle>0.0</steeringAngle>
      <velocity>16.0</velocity>
      <orientation>-1.4081637</orientation>
      <time>0</time>
    </ksState>
    <ksState>
      <x>-26.998301355974355</x>
      <y>298.28651290018786</y>
      <steeringAngle>0.0</steeringAngle>
      <velocity>16.0</velocity>
      <orientation>-1.4081637</orientation>
      <time>1</time>
    </ksState>
    <ksState>
      <x>-26.73923471194871</x>
      <y>296.7076258003757</y>
      <steeringAngle>0.0</steeringAngle>
      <velocity>16.0</velocity>
      <orientation>-1.4081637</orientation>
      <time>2</time>
    </ksState>
    <ksState>
      <x>-26.480168067923067</x>
      <y>295.12873870056353</y>
      <steeringAngle>0.0</steeringAngle>
      <velocity>16.0</velocity>
      <orientation>-1.4081637</orientation>
      <time>3</time>
    </ksState>
    <ksState>
      <x>-26.221101423897423</x>
      <y>293.5498516007513</y>
      <steeringAngle>0.0</steeringAngle>
      <velocity>16.0</velocity>
      <orientation>-1.4081637</orientation>
      <time>4</time>
    </ksState>
    <ksState>
      <x>-25.962034779871782</x>
      <y>291.97096450093915</y>
      <steeringAngle>0.0</steeringAngle>
      <velocity>16.0</velocity>
      <orientation>-1.4081637</orientation>
      <time>5</time>
    </ksState>
    <ksState>
      <x>-25.702968135846138</x>
      <y>290.392077401127</y>
      <steeringAngle>0.0</steeringAngle>
      <velocity>16.0</velocity>
      <orientation>-1.4081637</orientation>
      <time>6</time>
    </ksState>
    <ksState>
      <x>-25.443901491820494</x>
      <y>288.8131903013148</y>
      <steeringAngle>0.0</steeringAngle>
      <velocity>16.0</velocity>
      <orientation>-1.4081637</orientation>
      <time>7</time>
    </ksState>
    <ksState>
      <x>-25.18483484779485</x>
      <y>287.23430320150266</y>
      <steeringAngle>0.0</steeringAngle>
      <velocity>16.0</velocity>
      <orientation>-1.4081637</orientation>
      <time>8</time>
    </ksState>
    <ksState>
      <x>-24.925768203769206</x>
      <y>285.65541610169043</y>
      <steeringAngle>0.0</steeringAngle>
      <velocity>16.0</velocity>
      <orientation>-1.4081637</orientation>
      <time>9</time>
    </ksState>
    <ksState>
      <x>-24.666701559743565</x>
      <y>284.07652900187827</y>
      <steeringAngle>0.0</steeringAngle>
      <velocity>16.0</velocity>
      <orientation>-1.4081637</orientation>
      <time>10</time>
    </ksState>
    <ksState>
      <x>-24.40763491571792</x>
      <y>282.4976419020661</y>
      <steeringAngle>0.0</steeringAngle>
      <velocity>16.0</velocity>
      <orientation>-1.4081637</orientation>
      <time>11</time>
    </ksState>
    <ksState>
      <x>-24.148568271692277</x>
      <y>280.91875480225394</y>
      <steeringAngle>0.0</steeringAngle>
      <velocity>16.0</velocity>
      <orientation>-1.4081637</orientation>
      <time>12</time>
    </ksState>
    <ksState>
      <x>-23.889501627666633</x>
      <y>279.3398677024418</y>
      <steeringAngle>0.0</steeringAngle>
      <velocity>16.0</velocity>
      <orientation>-1.4081637</orientation>
      <time>13</time>
    </ksState>
    <ksState>
      <x>-23.63043498364099</x>
      <y>277.76098060262956</y>
      <steeringAngle>0.0</steeringAngle>
      <velocity>16.0</velocity>
      <orientation>-1.4081637</orientation>
      <time>14</time>
    </ksState>
    <ksState>
      <x>-23.371368339615348</x>
      <y>276.1820935028174</y>
      <steeringAngle>0.0</steeringAngle>
      <velocity>16.0</velocity>
      <orientation>-1.4081637</orientation>
      <time>15</time>
    </ksState>
    <ksState>
      <x>-23.112301695589704</x>
      <y>274.60320640300523</y>
      <steeringAngle>0.0</steeringAngle>
      <velocity>16.0</velocity>
      <orientation>-1.4081637</orientation>
      <time>16</time>
    </ksState>
    <ksState>
      <x>-22.85323505156406</x>
      <y>273.02431930319307</y>
      <steeringAngle>0.0</steeringAngle>
      <velocity>16.0</velocity>
      <orientation>-1.4081637</orientation>
      <time>17</time>
    </ksState>
    <ksState>
      <x>-22.594168407538415</x>
      <y>271.4454322033809</y>
      <steeringAngle>0.0</steeringAngle>
      <velocity>16.0</velocity>
      <orientation>-1.4081637</orientation>
      <time>18</time>
    </ksState>
    <ksState>
      <x>-22.33510176351277</x>
      <y>269.8665451035687</y>
      <steeringAngle>0.0</steeringAngle>
      <velocity>16.0</velocity>
      <orientation>-1.4081637</orientation>
      <time>19</time>
    </ksState>
    <ksState>
      <x>-22.07603511948713</x>
      <y>268.2876580037565</y>
      <steeringAngle>0.0</steeringAngle>
      <velocity>16.0</velocity>
      <orientation>-1.4081637</orientation>
      <time>20</time>
    </ksState>
    <ksState>
      <x>-21.823445141616347</x>
      <y>266.7482430817701</y>
      <steeringAngle>0.0</steeringAngle>
      <velocity>15.2</velocity>
      <orientation>-1.4081637</orientation>
      <time>21</time>
    </ksState>
    <ksState>
      <x>-21.583808496035335</x>
      <y>265.2877725153136</y>
      <steeringAngle>0.0</steeringAngle>
      <velocity>14.400000000000002</velocity>
      <orientation>-1.4081637</orientation>
      <time>22</time>
    </ksState>
    <ksState>
      <x>-21.35712518268416</x>
      <y>263.9062463040217</y>
      <steeringAngle>0.0</steeringAngle>
      <velocity>13.600000000000001</velocity>
      <orientation>-1.4081637</orientation>
      <time>23</time>
    </ksState>
    <ksState>
      <x>-21.14339520154467</x>
      <y>262.6036644477838</y>
      <steeringAngle>0.0</steeringAngle>
      <velocity>12.800000000000004</velocity>
      <orientation>-1.4081637</orientation>
      <time>24</time>
    </ksState>
    <ksState>
      <x>-20.942618552611137</x>
      <y>261.380026946565</y>
      <steeringAngle>0.0</steeringAngle>
      <velocity>12.000000000000002</velocity>
      <orientation>-1.4081637</orientation>
      <time>25</time>
    </ksState>
    <ksState>
      <x>-20.748318569591905</x>
      <y>260.1958616217059</y>
      <steeringAngle>0.0</steeringAngle>
      <velocity>12.0</velocity>
      <orientation>-1.4081637</orientation>
      <time>26</time>
    </ksState>
    <ksState>
      <x>-20.55401858657267</x>
      <y>259.01169629684676</y>
      <steeringAngle>0.0</steeringAngle>
      <velocity>12.0</velocity>
      <orientation>-1.4081637</orientation>
      <time>27</time>
    </ksState>
    <ksState>
      <x>-20.35971860355344</x>
      <y>257.82753097198764</y>
      <steeringAngle>0.0</steeringAngle>
      <velocity>12.0</velocity>
      <orientation>-1.4081637</orientation>
      <time>28</time>
    </ksState>
    <ksState>
      <x>-20.165418620534204</x>
      <y>256.6433656471285</y>
      <steeringAngle>0.0</steeringAngle>
      <velocity>12.0</velocity>
      <orientation>-1.4081637</orientation>
      <time>29</time>
    </ksState>
    <ksState>
      <x>-19.971118637514973</x>
      <y>255.45920032226937</y>
      <steeringAngle>0.0</steeringAngle>
      <velocity>12.0</velocity>
      <orientation>-1.4081637</orientation>
      <time>30</time>
    </ksState>
    <ksState>
      <x>-19.76921344032484</x>
      <y>254.3168700455699</y>
      <steeringAngle>0.03553333333333333</steeringAngle>
      <velocity>11.200000000000001</velocity>
      <orientation>-1.400262426227656</orientation>
      <time>31</time>
    </ksState>
    <ksState>
      <x>-19.544285339829848</x>
      <y>253.2601410499796</y>
      <steeringAngle>0.07106666666666667</steeringAngle>
      <velocity>10.400000000000007</velocity>
      <orientation>-1.378009995429166</orientation>
      <time>32</time>
    </ksState>
    <ksState>
      <x>-19.289026732040575</x>
      <y>252.29213674544468</y>
      <steeringAngle>0.10660000000000001</steeringAngle>
      <velocity>9.60000000000001</velocity>
      <orientation>-1.3435619845444944</orientation>
      <time>33</time>
    </ksState>
    <ksState>
      <x>-19.0014892593277</x>
      <y>251.41608506585806</y>
      <steeringAngle>0.14213333333333344</steeringAngle>
      <velocity>8.800000000000008</velocity>
      <orientation>-1.2990538524236495</orientation>
      <time>34</time>
    </ksState>
    <ksState>
      <x>-18.684394784722578</x>
      <y>250.63484829775496</y>
      <steeringAngle>0.17766666666666675</steeringAngle>
      <velocity>8.000000000000009</velocity>
      <orientation>-1.246611554608668</orientation>
      <time>35</time>
    </ksState>
    <ksState>
      <x>-18.343114326312662</x>
      <y>249.90782169695706</y>
      <steeringAngle>0.14213333333333336</steeringAngle>
      <velocity>8.0</velocity>
      <orientation>-1.1965767430599197</orientation>
      <time>36</time>
    </ksState>
    <ksState>
      <x>-17.984667693883736</x>
      <y>249.19049170230494</y>
      <steeringAngle>0.1066000000000001</steeringAngle>
      <velocity>8.0</velocity>
      <orientation>-1.1577928910529223</orientation>
      <time>37</time>
    </ksState>
    <ksState>
      <x>-17.61703668638795</x>
      <y>248.4788666067564</y>
      <steeringAngle>0.07106666666666674</steeringAngle>
      <velocity>8.0</velocity>
      <orientation>-1.1301604120232354</orientation>
      <time>38</time>
    </ksState>
    <ksState>
      <x>-17.247973902813737</x>
      <y>247.768678497374</y>
      <steeringAngle>0.035533333333333354</steeringAngle>
      <velocity>8.0</velocity>
      <orientation>-1.113608891394206</orientation>
      <time>39</time>
    </ksState>
    <ksState>
      <x>-16.88516997709793</x>
      <y>247.05562547215055</y>
      <steeringAngle>2.0816681711721685e-17</steeringAngle>
      <velocity>8.0</velocity>
      <orientation>-1.108096364935801</orientation>
      <time>40</time>
    </ksState>
    <ksState>
      <x>-16.536421516795162</x>
      <y>246.33560971773443</y>
      <steeringAngle>-0.03553333333333333</steeringAngle>
      <velocity>8.0</velocity>
      <orientation>-1.11360889993864</orientation>
      <time>41</time>
    </ksState>
    <ksState>
      <x>-16.209788215093084</x>
      <y>245.60498275391586</y>
      <steeringAngle>-0.07106666666666667</steeringAngle>
      <velocity>8.0</velocity>
      <orientation>-1.1301604208189096</orientation>
      <time>42</time>
    </ksState>
    <ksState>
      <x>-15.91372752062457</x>
      <y>244.8608090995759</y>
      <steeringAngle>-0.10659999999999997</steeringAngle>
      <velocity>8.0</velocity>
      <orientation>-1.1577929001096043</orientation>
      <time>43</time>
    </ksState>
    <ksState>
      <x>-15.657192410693833</x>
      <y>244.10115698753614</y>
      <steeringAngle>-0.1421333333333333</steeringAngle>
      <velocity>8.0</velocity>
      <orientation>-1.1965767523823394</orientation>
      <time>44</time>
    </ksState>
    <ksState>
      <x>-15.449676151800738</x>
      <y>243.3254235544998</y>
      <steeringAngle>-0.17766666666666667</steeringAngle>
      <velocity>8.0</velocity>
      <orientation>-1.2466115646314941</orientation>
      <time>45</time>
    </ksState>
    <ksState>
      <x>-15.282658028107722</x>
      <y>242.53983780111682</y>
      <steeringAngle>-0.14213333333333336</steeringAngle>
      <velocity>8.0</velocity>
      <orientation>-1.2966463761802425</orientation>
      <time>46</time>
    </ksState>
    <ksState>
      <x>-15.135178198093172</x>
      <y>241.7516144766293</y>
      <steeringAngle>-0.1066000000000001</steeringAngle>
      <velocity>8.0</velocity>
      <orientation>-1.3354302281872399</orientation>
      <time>47</time>
    </ksState>
    <ksState>
      <x>-14.998464071008092</x>
      <y>240.9623920227279</y>
      <steeringAngle>-0.07106666666666674</steeringAngle>
      <velocity>8.0</velocity>
      <orientation>-1.3630627072169268</orientation>
      <time>48</time>
    </ksState>
    <ksState>
      <x>-14.863758947079061</x>
      <y>240.1734503147957</y>
      <steeringAngle>-0.035533333333333354</steeringAngle>
      <velocity>8.0</velocity>
      <orientation>-1.3796142278459562</orientation>
      <time>49</time>
    </ksState>
    <ksState>
      <x>-14.722334991405722</x>
      <y>239.38600471663872</y>
      <steeringAngle>-2.0816681711721685e-17</steeringAngle>
      <velocity>8.0</velocity>
      <orientation>-1.385126754304361</orientation>
      <time>50</time>
    </ksState>
    <ksState>
      <x>-14.565503147363039</x>
      <y>238.6014972610558</y>
      <steeringAngle>0.03553333333333333</steeringAngle>
      <velocity>8.0</velocity>
      <orientation>-1.3796142193015222</orientation>
      <time>51</time>
    </ksState>
    <ksState>
      <x>-14.384636007517669</x>
      <y>237.82188700473304</y>
      <steeringAngle>0.07106666666666667</steeringAngle>
      <velocity>8.0</velocity>
      <orientation>-1.3630626984212526</orientation>
      <time>52</time>
    </ksState>
    <ksState>
      <x>-14.171219697032276</x>
      <y>237.04994151375476</y>
      <steeringAngle>0.10659999999999997</steeringAngle>
      <velocity>8.0</velocity>
      <orientation>-1.3354302191305578</orientation>
      <time>53</time>
    </ksState>
    <ksState>
      <x>-13.916951500708617</x>
      <y>236.289527627577</y>
      <steeringAngle>0.1421333333333333</steeringAngle>
      <velocity>8.0</velocity>
      <orientation>-1.2966463668578228</orientation>
      <time>54</time>
    </ksState>
    <ksState>
      <x>-13.613900563917719</x>
      <y>235.54589768832932</y>
      <steeringAngle>0.17766666666666667</steeringAngle>
      <velocity>8.0</velocity>
      <orientation>-1.246611554608668</orientation>
      <time>55</time>
    </ksState>
    <ksState>
      <x>-13.272620105507807</x>
      <y>234.81887108753142</y>
      <steeringAngle>0.14213333333333336</steeringAngle>
      <velocity>8.0</velocity>
      <orientation>-1.1965767430599197</orientation>
      <time>56</time>
    </ksState>
    <ksState>
      <x>-12.914173473078879</x>
      <y>234.1015410928793</y>
      <steeringAngle>0.1066000000000001</steeringAngle>
      <velocity>8.0</velocity>
      <orientation>-1.1577928910529223</orientation>
      <time>57</time>
    </ksState>
    <ksState>
      <x>-12.546542465583093</x>
      <y>233.38991599733077</y>
      <steeringAngle>0.07106666666666674</steeringAngle>
      <velocity>8.0</velocity>
      <orientation>-1.1301604120232354</orientation>
      <time>58</time>
    </ksState>
    <ksState>
      <x>-12.177479682008881</x>
      <y>232.67972788794836</y>
      <steeringAngle>0.035533333333333354</steeringAngle>
      <velocity>8.0</velocity>
      <orientation>-1.113608891394206</orientation>
      <time>59</time>
    </ksState>
    <ksState>
      <x>-11.814675756293074</x>
      <y>231.96667486272491</y>
      <steeringAngle>2.0816681711721685e-17</steeringAngle>
      <velocity>8.0</velocity>
      <orientation>-1.108096364935801</orientation>
      <time>60</time>
    </ksState>
    <ksState>
      <x>-11.457583121533824</x>
      <y>231.2507943907181</y>
      <steeringAngle>0.0</steeringAngle>
      <velocity>8.0</velocity>
      <orientation>-1.108096364935801</orientation>
      <time>61</time>
    </ksState>
    <ksState>
      <x>-11.100490486774575</x>
      <y>230.53491391871128</y>
      <steeringAngle>0.0</steeringAngle>
      <velocity>8.0</velocity>
      <orientation>-1.108096364935801</orientation>
      <time>62</time>
    </ksState>
    <ksState>
      <x>-10.743397852015324</x>
      <y>229.81903344670448</y>
      <steeringAngle>0.0</steeringAngle>
      <velocity>8.0</velocity>
      <orientation>-1.108096364935801</orientation>
      <time>63</time>
    </ksState>
    <ksState>
      <x>-10.386305217256075</x>
      <y>229.10315297469765</y>
      <steeringAngle>0.0</steeringAngle>
      <velocity>8.0</velocity>
      <orientation>-1.108096364935801</orientation>
      <time>64</time>
    </ksState>
    <ksState>
      <x>-10.029212582496825</x>
      <y>228.38727250269085</y>
      <steeringAngle>0.0</steeringAngle>
      <velocity>8.0</velocity>
      <orientation>-1.108096364935801</orientation>
      <time>65</time>
    </ksState>
    <ksState>
      <x>-9.680464122194055</x>
      <y>227.66725674827472</y>
      <steeringAngle>-0.03553333333333333</steeringAngle>
      <velocity>8.0</velocity>
      <orientation>-1.11360889993864</orientation>
      <time>66</time>
    </ksState>
    <ksState>
      <x>-9.353830820491979</x>
      <y>226.93662978445616</y>
      <steeringAngle>-0.07106666666666667</steeringAngle>
      <velocity>8.0</velocity>
      <orientation>-1.1301604208189096</orientation>
      <time>67</time>
    </ksState>
    <ksState>
      <x>-9.057770126023465</x>
      <y>226.1924561301162</y>
      <steeringAngle>-0.10659999999999997</steeringAngle>
      <velocity>8.0</velocity>
      <orientation>-1.1577929001096043</orientation>
      <time>68</time>
    </ksState>
    <ksState>
      <x>-8.801235016092727</x>
      <y>225.43280401807644</y>
      <steeringAngle>-0.1421333333333333</steeringAngle>
      <velocity>8.0</velocity>
      <orientation>-1.1965767523823394</orientation>
      <time>69</time>
    </ksState>
    <ksState>
      <x>-8.593718757199632</x>
      <y>224.6570705850401</y>
      <steeringAngle>-0.17766666666666667</steeringAngle>
      <velocity>8.0</velocity>
      <orientation>-1.2466115646314941</orientation>
      <time>70</time>
    </ksState>
    <ksState>
      <x>-8.426700633506616</x>
      <y>223.8714848316571</y>
      <steeringAngle>-0.14213333333333336</steeringAngle>
      <velocity>8.0</velocity>
      <orientation>-1.2966463761802425</orientation>
      <time>71</time>
    </ksState>
    <ksState>
      <x>-8.279220803492066</x>
      <y>223.0832615071696</y>
      <steeringAngle>-0.1066000000000001</steeringAngle>
      <velocity>8.0</velocity>
      <orientation>-1.3354302281872399</orientation>
      <time>72</time>
    </ksState>
    <ksState>
      <x>-8.142506676406986</x>
      <y>222.2940390532682</y>
      <steeringAngle>-0.07106666666666674</steeringAngle>
      <velocity>8.0</velocity>
      <orientation>-1.3630627072169268</orientation>
      <time>73</time>
    </ksState>
    <ksState>
      <x>-8.007801552477956</x>
      <y>221.505097345336</y>
      <steeringAngle>-0.035533333333333354</steeringAngle>
      <velocity>8.0</velocity>
      <orientation>-1.3796142278459562</orientation>
      <time>74</time>
    </ksState>
    <ksState>
      <x>-7.866377596804616</x>
      <y>220.71765174717902</y>
      <steeringAngle>-2.0816681711721685e-17</steeringAngle>
      <velocity>8.0</velocity>
      <orientation>-1.385126754304361</orientation>
      <time>75</time>
    </ksState>
    <ksState>
      <x>-7.7176180524695015</x>
      <y>219.97232422422994</y>
      <steeringAngle>0.03553333333333333</steeringAngle>
      <velocity>7.199999999999999</velocity>
      <orientation>-1.3799817413218687</orientation>
      <time>76</time>
    </ksState>
    <ksState>
      <x>-7.5650133713302585</x>
      <y>219.30939248859877</y>
      <steeringAngle>0.07106666666666664</steeringAngle>
      <velocity>6.400000000000001</velocity>
      <orientation>-1.3660050692009056</orientation>
      <time>77</time>
    </ksState>
    <ksState>
      <x>-7.408674914712361</x>
      <y>218.7294074483879</y>
      <steeringAngle>0.10659999999999997</steeringAngle>
      <velocity>5.600000000000004</velocity>
      <orientation>-1.3453733013350242</orientation>
      <time>78</time>
    </ksState>
    <ksState>
      <x>-7.251673602206437</x>
      <y>218.23242589187737</y>
      <steeringAngle>0.1421333333333333</steeringAngle>
      <velocity>4.800000000000003</velocity>
      <orientation>-1.320257093826376</orientation>
      <time>79</time>
    </ksState>
    <ksState>
      <x>-7.099312404011155</x>
      <y>217.81784360698617</y>
      <steeringAngle>0.17766666666666653</steeringAngle>
      <velocity>4.000000000000006</velocity>
      <orientation>-1.2928321972412262</orientation>
      <time>80</time>
    </ksState>
    <ksState>
      <x>-6.930392377654584</x>
      <y>217.40924790524105</y>
      <steeringAngle>0.17766666666666667</steeringAngle>
      <velocity>4.800000000000002</velocity>
      <orientation>-1.262196660198892</orientation>
      <time>81</time>
    </ksState>
    <ksState>
      <x>-6.714739120171422</x>
      <y>216.9333097120707</y>
      <steeringAngle>0.17766666666666667</steeringAngle>
      <velocity>5.600000000000001</velocity>
      <orientation>-1.225991025522352</orientation>
      <time>82</time>
    </ksState>
    <ksState>
      <x>-6.444695743799265</x>
      <y>216.39427702828726</y>
      <steeringAngle>0.17766666666666667</steeringAngle>
      <velocity>6.3999999999999995</velocity>
      <orientation>-1.1842152932127121</orientation>
      <time>83</time>
    </ksState>
    <ksState>
      <x>-6.1117439390060975</x>
      <y>215.7976253624408</y>
      <steeringAngle>0.17766666666666667</steeringAngle>
      <velocity>7.200000000000002</velocity>
      <orientation>-1.136869463270615</orientation>
      <time>84</time>
    </ksState>
    <ksState>
      <x>-5.706682679349468</x>
      <y>215.15027921963832</y>
      <steeringAngle>0.17766666666666667</steeringAngle>
      <velocity>8.0</velocity>
      <orientation>-1.0839535356964651</orientation>
      <time>85</time>
    </ksState>
    <ksState>
      <x>-5.275564552393343</x>
      <y>214.5207472089128</y>
      <steeringAngle>0.1421333333333334</steeringAngle>
      <velocity>7.2</velocity>
      <orientation>-1.0363262139508282</orientation>
      <time>86</time>
    </ksState>
    <ksState>
      <x>-4.879043412557098</x>
      <y>213.96631823887773</y>
      <steeringAngle>0.10660000000000011</steeringAngle>
      <velocity>6.4</velocity>
      <orientation>-1.0032666435028603</orientation>
      <time>87</time>
    </ksState>
    <ksState>
      <x>-4.526115710077913</x>
      <y>213.4801796336757</y>
      <steeringAngle>0.07106666666666674</steeringAngle>
      <velocity>5.600000000000001</velocity>
      <orientation>-0.9824496952089717</orientation>
      <time>88</time>
    </ksState>
    <ksState>
      <x>-4.222128967405609</x>
      <y>213.0579980510315</y>
      <steeringAngle>0.03553333333333339</steeringAngle>
      <velocity>4.800000000000001</velocity>
      <orientation>-0.9715990855513089</orientation>
      <time>89</time>
    </ksState>
    <ksState>
      <x>-3.969561577311074</x>
      <y>212.6976769886015</y>
      <steeringAngle>5.5294310796760726e-17</steeringAngle>
      <velocity>4.0</velocity>
      <orientation>-0.9684753097141433</orientation>
      <time>90</time>
    </ksState>
    <ksState>
      <x>-3.7243263878681754</x>
      <y>212.33233152017</y>
      <steeringAngle>-0.035533333333333326</steeringAngle>
      <velocity>4.799999999999999</velocity>
      <orientation>-0.9715990883833341</orientation>
      <time>91</time>
    </ksState>
    <ksState>
      <x>-3.4459295945712314</x>
      <y>211.89287589006298</y>
      <steeringAngle>-0.07106666666666667</steeringAngle>
      <velocity>5.599999999999998</velocity>
      <orientation>-0.9824496994445069</orientation>
      <time>92</time>
    </ksState>
    <ksState>
      <x>-3.1426142347233177</x>
      <y>211.37437884789884</y>
      <steeringAngle>-0.10659999999999999</steeringAngle>
      <velocity>6.3999999999999995</velocity>
      <orientation>-1.003266648444835</orientation>
      <time>93</time>
    </ksState>
    <ksState>
      <x>-2.8262362400264474</x>
      <y>210.7707033799544</y>
      <steeringAngle>-0.14213333333333333</steeringAngle>
      <velocity>7.199999999999999</velocity>
      <orientation>-1.0363262194260001</orientation>
      <time>94</time>
    </ksState>
    <ksState>
      <x>-2.5133381988795795</x>
      <y>210.07494203426168</y>
      <steeringAngle>-0.17766666666666664</steeringAngle>
      <velocity>7.9999999999999964</velocity>
      <orientation>-1.0839535415075467</orientation>
      <time>95</time>
    </ksState>
    <ksState>
      <x>-2.235136712021083</x>
      <y>209.3644652052039</y>
      <steeringAngle>-0.1421333333333334</steeringAngle>
      <velocity>7.2</velocity>
      <orientation>-1.1315808632531836</orientation>
      <time>96</time>
    </ksState>
    <ksState>
      <x>-1.9995903561587458</x>
      <y>208.7248259229587</y>
      <steeringAngle>-0.10660000000000011</steeringAngle>
      <velocity>6.4</velocity>
      <orientation>-1.1646404337011516</orientation>
      <time>97</time>
    </ksState>
    <ksState>
      <x>-1.7960069928061966</x>
      <y>208.15963345944644</y>
      <steeringAngle>-0.07106666666666674</steeringAngle>
      <velocity>5.600000000000001</velocity>
      <orientation>-1.18545738199504</orientation>
      <time>98</time>
    </ksState>
    <ksState>
      <x>-1.6177964317928204</x>
      <y>207.6708735752622</y>
      <steeringAngle>-0.03553333333333339</steeringAngle>
      <velocity>4.800000000000001</velocity>
      <orientation>-1.196307991652703</orientation>
      <time>99</time>
    </ksState>
  </ksTrajectory>
</CommonRoadSolution>
