<?xml version="1.0" ?>
<CommonRoadSolution benchmark_id="KS2:SM1:HRV_Pula-29_3_T-1:2020a" computation_time="1.9747740379998504" date="2023-01-12T15:00:04">
  <ksTrajectory planningProblem="1">
    <ksState>
      <x>-265.33364</x>
      <y>-947.5442</y>
      <steeringAngle>0.0</steeringAngle>
      <velocity>4.0</velocity>
      <orientation>-1.5327395</orientation>
      <time>0</time>
    </ksState>
    <ksState>
      <x>-265.3141353844434</x>
      <y>-947.943741465703</y>
      <steeringAngle>0.035533333333333326</steeringAngle>
      <velocity>4.0</velocity>
      <orientation>-1.5299832254673995</orientation>
      <time>1</time>
    </ksState>
    <ksState>
      <x>-265.2845830066095</x>
      <y>-948.3428154232726</y>
      <steeringAngle>0.07106666666666711</steeringAngle>
      <velocity>4.0</velocity>
      <orientation>-1.521707464924114</orientation>
      <time>2</time>
    </ksState>
    <ksState>
      <x>-265.24275534035326</x>
      <y>-948.7410954609609</y>
      <steeringAngle>0.10660000000000043</steeringAngle>
      <velocity>4.0</velocity>
      <orientation>-1.5078912251049772</orientation>
      <time>3</time>
    </ksState>
    <ksState>
      <x>-265.18641084963105</x>
      <y>-949.1380477526465</y>
      <steeringAngle>0.14213333333333378</steeringAngle>
      <velocity>4.0</velocity>
      <orientation>-1.4884992987194314</orientation>
      <time>4</time>
    </ksState>
    <ksState>
      <x>-265.11330204003275</x>
      <y>-949.5328896253437</y>
      <steeringAngle>0.1776666666666672</steeringAngle>
      <velocity>4.0</velocity>
      <orientation>-1.4634818922680342</orientation>
      <time>5</time>
    </ksState>
    <ksState>
      <x>-265.03107658087936</x>
      <y>-949.8855282203269</y>
      <steeringAngle>0.21319999999999997</steeringAngle>
      <velocity>3.2</velocity>
      <orientation>-1.4359403467045995</orientation>
      <time>6</time>
    </ksState>
    <ksState>
      <x>-264.95420296589816</x>
      <y>-950.157169798114</y>
      <steeringAngle>0.24873333333333342</steeringAngle>
      <velocity>2.4000000000000004</velocity>
      <orientation>-1.41050211631795</orientation>
      <time>7</time>
    </ksState>
    <ksState>
      <x>-264.89070482096577</x>
      <y>-950.3491660344932</y>
      <steeringAngle>0.2842666666666668</steeringAngle>
      <velocity>1.600000000000001</velocity>
      <orientation>-1.3894272165273702</orientation>
      <time>8</time>
    </ksState>
    <ksState>
      <x>-264.8481064829525</x>
      <y>-950.4632012526512</y>
      <steeringAngle>0.3197999999999999</steeringAngle>
      <velocity>0.8000000000000007</velocity>
      <orientation>-1.375028789226666</orientation>
      <time>9</time>
    </ksState>
    <ksState>
      <x>-264.83277204902333</x>
      <y>-950.5009183702244</y>
      <steeringAngle>0.3553333333333332</steeringAngle>
      <velocity>5.551115123125783e-16</velocity>
      <orientation>-1.3696871475909367</orientation>
      <time>10</time>
    </ksState>
    <ksState>
      <x>-264.83277204902333</x>
      <y>-950.5009183702244</y>
      <steeringAngle>0.3198</steeringAngle>
      <velocity>0.0</velocity>
      <orientation>-1.3696871475909367</orientation>
      <time>11</time>
    </ksState>
    <ksState>
      <x>-264.83277204902333</x>
      <y>-950.5009183702244</y>
      <steeringAngle>0.2842666666666666</steeringAngle>
      <velocity>0.0</velocity>
      <orientation>-1.3696871475909367</orientation>
      <time>12</time>
    </ksState>
    <ksState>
      <x>-264.83277204902333</x>
      <y>-950.5009183702244</y>
      <steeringAngle>0.24873333333333333</steeringAngle>
      <velocity>0.0</velocity>
      <orientation>-1.3696871475909367</orientation>
      <time>13</time>
    </ksState>
    <ksState>
      <x>-264.83277204902333</x>
      <y>-950.5009183702244</y>
      <steeringAngle>0.21320000000000003</steeringAngle>
      <velocity>0.0</velocity>
      <orientation>-1.3696871475909367</orientation>
      <time>14</time>
    </ksState>
    <ksState>
      <x>-264.83277204902333</x>
      <y>-950.5009183702244</y>
      <steeringAngle>0.1776666666666667</steeringAngle>
      <velocity>0.0</velocity>
      <orientation>-1.3696871475909367</orientation>
      <time>15</time>
    </ksState>
    <ksState>
      <x>-264.8213778252315</x>
      <y>-950.5394139952613</y>
      <steeringAngle>0.14213333333333333</steeringAngle>
      <velocity>0.8</velocity>
      <orientation>-1.367279650380134</orientation>
      <time>16</time>
    </ksState>
    <ksState>
      <x>-264.7888005624834</x>
      <y>-950.6551951486758</y>
      <steeringAngle>0.10660000000000001</steeringAngle>
      <velocity>1.6</velocity>
      <orientation>-1.3615553637597995</orientation>
      <time>17</time>
    </ksState>
    <ksState>
      <x>-264.7370677049013</x>
      <y>-950.8486336936546</y>
      <steeringAngle>0.07106666666666664</steeringAngle>
      <velocity>2.4000000000000004</velocity>
      <orientation>-1.3547398499968208</orientation>
      <time>18</time>
    </ksState>
    <ksState>
      <x>-264.66825724154126</x>
      <y>-951.1201703419173</y>
      <steeringAngle>0.03553333333333332</steeringAngle>
      <velocity>3.1999999999999993</velocity>
      <orientation>-1.3490389292838911</orientation>
      <time>19</time>
    </ksState>
    <ksState>
      <x>-264.5851987147403</x>
      <y>-951.470475603073</y>
      <steeringAngle>-2.6020852139652106e-18</steeringAngle>
      <velocity>3.999999999999999</velocity>
      <orientation>-1.3466501776955642</orientation>
      <time>20</time>
    </ksState>
    <ksState>
      <x>-264.5004719998057</x>
      <y>-951.8614170265889</y>
      <steeringAngle>-0.035533333333333326</steeringAngle>
      <velocity>4.0</velocity>
      <orientation>-1.3494064522281646</orientation>
      <time>21</time>
    </ksState>
    <ksState>
      <x>-264.42557080985927</x>
      <y>-952.2545113898026</y>
      <steeringAngle>-0.07106666666666711</steeringAngle>
      <velocity>4.0</velocity>
      <orientation>-1.35768221277145</orientation>
      <time>22</time>
    </ksState>
    <ksState>
      <x>-264.36273114589596</x>
      <y>-952.650020831812</y>
      <steeringAngle>-0.10660000000000043</steeringAngle>
      <velocity>4.0</velocity>
      <orientation>-1.371498452590587</orientation>
      <time>23</time>
    </ksState>
    <ksState>
      <x>-264.3142563036125</x>
      <y>-953.0480107979853</y>
      <steeringAngle>-0.14213333333333378</steeringAngle>
      <velocity>4.0</velocity>
      <orientation>-1.3908903789761327</orientation>
      <time>24</time>
    </ksState>
    <ksState>
      <x>-264.2825198367349</x>
      <y>-953.4483079365539</y>
      <steeringAngle>-0.1776666666666672</steeringAngle>
      <velocity>4.0</velocity>
      <orientation>-1.41590778542753</orientation>
      <time>25</time>
    </ksState>
    <ksState>
      <x>-264.25946432322326</x>
      <y>-953.8894387374021</y>
      <steeringAngle>-0.14213333333333333</steeringAngle>
      <velocity>4.8000000000000025</velocity>
      <orientation>-1.4433326851458823</orientation>
      <time>26</time>
    </ksState>
    <ksState>
      <x>-264.2356559653918</x>
      <y>-954.4101289125158</y>
      <steeringAngle>-0.10660000000000003</steeringAngle>
      <velocity>5.600000000000005</velocity>
      <orientation>-1.4684488974248002</orientation>
      <time>27</time>
    </ksState>
    <ksState>
      <x>-264.210158871141</x>
      <y>-955.0103148292316</y>
      <steeringAngle>-0.07106666666666671</steeringAngle>
      <velocity>6.400000000000004</velocity>
      <orientation>-1.4890806670242598</orientation>
      <time>28</time>
    </ksState>
    <ksState>
      <x>-264.17975178115796</x>
      <y>-955.6899356121744</y>
      <steeringAngle>-0.035533333333333375</steeringAngle>
      <velocity>7.200000000000006</velocity>
      <orientation>-1.503057335117052</orientation>
      <time>29</time>
    </ksState>
    <ksState>
      <x>-264.1382263979558</x>
      <y>-956.4488411260386</y>
      <steeringAngle>-2.6346112791397758e-17</steeringAngle>
      <velocity>8.000000000000007</velocity>
      <orientation>-1.5082023478966204</orientation>
      <time>30</time>
    </ksState>
    <ksState>
      <x>-264.0992823446482</x>
      <y>-957.2078706901585</y>
      <steeringAngle>-0.03553333333333333</steeringAngle>
      <velocity>7.199999999999999</velocity>
      <orientation>-1.5133473608791128</orientation>
      <time>31</time>
    </ksState>
    <ksState>
      <x>-264.0843119236052</x>
      <y>-957.8879755065703</y>
      <steeringAngle>-0.07106666666666664</steeringAngle>
      <velocity>6.400000000000001</velocity>
      <orientation>-1.527324033000076</orientation>
      <time>32</time>
    </ksState>
    <ksState>
      <x>-264.0933425575329</x>
      <y>-958.4885941938727</y>
      <steeringAngle>-0.10659999999999997</steeringAngle>
      <velocity>5.600000000000004</velocity>
      <orientation>-1.5479558008659573</orientation>
      <time>33</time>
    </ksState>
  </ksTrajectory>
</CommonRoadSolution>
