<?xml version="1.0" ?>
<CommonRoadSolution benchmark_id="KS2:SM1:BEL_Zwevegem-7_2_T-1:2020a" computation_time="1.3739630770000986" date="2023-01-12T15:00:04">
  <ksTrajectory planningProblem="1">
    <ksState>
      <x>639.17472</x>
      <y>-217.32036</y>
      <steeringAngle>0.0</steeringAngle>
      <velocity>8.0</velocity>
      <orientation>0.56191681</orientation>
      <time>0</time>
    </ksState>
    <ksState>
      <x>639.8178588822155</x>
      <y>-216.9154249717824</y>
      <steeringAngle>0.0</steeringAngle>
      <velocity>7.200000000000001</velocity>
      <orientation>0.56191681</orientation>
      <time>1</time>
    </ksState>
    <ksState>
      <x>640.3932989344105</x>
      <y>-216.55311468357473</y>
      <steeringAngle>0.0</steeringAngle>
      <velocity>6.400000000000001</velocity>
      <orientation>0.56191681</orientation>
      <time>2</time>
    </ksState>
    <ksState>
      <x>640.901040156754</x>
      <y>-216.2334291352704</y>
      <steeringAngle>0.0</steeringAngle>
      <velocity>5.600000000000001</velocity>
      <orientation>0.56191681</orientation>
      <time>3</time>
    </ksState>
    <ksState>
      <x>641.3410825492941</x>
      <y>-215.95636832683925</y>
      <steeringAngle>0.0</steeringAngle>
      <velocity>4.800000000000001</velocity>
      <orientation>0.56191681</orientation>
      <time>4</time>
    </ksState>
    <ksState>
      <x>641.7134261120483</x>
      <y>-215.72193225827024</y>
      <steeringAngle>0.0</steeringAngle>
      <velocity>4.000000000000001</velocity>
      <orientation>0.56191681</orientation>
      <time>5</time>
    </ksState>
    <ksState>
      <x>642.0200279721578</x>
      <y>-215.53323733491953</y>
      <steeringAngle>-0.03553333333333333</steeringAngle>
      <velocity>3.2</velocity>
      <orientation>0.5595280616202075</orientation>
      <time>6</time>
    </ksState>
    <ksState>
      <x>642.2619898813191</x>
      <y>-215.39210424943357</y>
      <steeringAngle>-0.07106666666666668</steeringAngle>
      <velocity>2.4</velocity>
      <orientation>0.5538271466144109</orientation>
      <time>7</time>
    </ksState>
    <ksState>
      <x>642.4374983153629</x>
      <y>-215.29572080867305</y>
      <steeringAngle>-0.10660000000000003</steeringAngle>
      <velocity>1.5999999999999994</velocity>
      <orientation>0.5470116128696794</orientation>
      <time>8</time>
    </ksState>
    <ksState>
      <x>642.5443739126619</x>
      <y>-215.24055174580153</y>
      <steeringAngle>-0.14213333333333342</steeringAngle>
      <velocity>0.7999999999999988</velocity>
      <orientation>0.5412873513831997</orientation>
      <time>9</time>
    </ksState>
    <ksState>
      <x>642.5804410191727</x>
      <y>-215.2229198251136</y>
      <steeringAngle>-0.17766666666666675</steeringAngle>
      <velocity>-1.5265566588595902e-15</velocity>
      <orientation>0.5388798569086438</orientation>
      <time>10</time>
    </ksState>
    <ksState>
      <x>642.616552007612</x>
      <y>-215.20537736243782</y>
      <steeringAngle>-0.14213333333333333</steeringAngle>
      <velocity>0.8</velocity>
      <orientation>0.5364723596978414</orientation>
      <time>11</time>
    </ksState>
    <ksState>
      <x>642.7240197957483</x>
      <y>-215.15136599282638</y>
      <steeringAngle>-0.10660000000000001</steeringAngle>
      <velocity>1.6</velocity>
      <orientation>0.5307480730775067</orientation>
      <time>12</time>
    </ksState>
    <ksState>
      <x>642.9017519309537</x>
      <y>-215.0591377577115</y>
      <steeringAngle>-0.07106666666666664</steeringAngle>
      <velocity>2.4000000000000004</velocity>
      <orientation>0.523932559314528</orientation>
      <time>13</time>
    </ksState>
    <ksState>
      <x>643.1486727221585</x>
      <y>-214.92686094913074</y>
      <steeringAngle>-0.03553333333333332</steeringAngle>
      <velocity>3.1999999999999993</velocity>
      <orientation>0.5182316386015983</orientation>
      <time>14</time>
    </ksState>
    <ksState>
      <x>643.4633694213007</x>
      <y>-214.75199390701928</y>
      <steeringAngle>2.6020852139652106e-18</steeringAngle>
      <velocity>3.999999999999999</velocity>
      <orientation>0.5158428870132713</orientation>
      <time>15</time>
    </ksState>
    <ksState>
      <x>643.774706308318</x>
      <y>-214.57121830716315</y>
      <steeringAngle>0.03553333333333333</steeringAngle>
      <velocity>3.2</velocity>
      <orientation>0.5182316353930638</orientation>
      <time>16</time>
    </ksState>
    <ksState>
      <x>644.0135517029612</x>
      <y>-214.42487285707523</y>
      <steeringAngle>0.07106666666666668</steeringAngle>
      <velocity>2.4</velocity>
      <orientation>0.5239325503988604</orientation>
      <time>17</time>
    </ksState>
    <ksState>
      <x>644.1815245187676</x>
      <y>-214.3158861091496</y>
      <steeringAngle>0.10660000000000003</steeringAngle>
      <velocity>1.5999999999999994</velocity>
      <orientation>0.530748084143592</orientation>
      <time>18</time>
    </ksState>
    <ksState>
      <x>644.2807074726816</x>
      <y>-214.24785111485218</y>
      <steeringAngle>0.14213333333333342</steeringAngle>
      <velocity>0.7999999999999988</velocity>
      <orientation>0.5364723456300716</orientation>
      <time>19</time>
    </ksState>
    <ksState>
      <x>644.3133100967889</x>
      <y>-214.22442485393574</y>
      <steeringAngle>0.17766666666666675</steeringAngle>
      <velocity>-1.5265566588595902e-15</velocity>
      <orientation>0.5388798401046275</orientation>
      <time>20</time>
    </ksState>
    <ksState>
      <x>644.3452918927596</x>
      <y>-214.199982234457</y>
      <steeringAngle>0.21319999999999997</steeringAngle>
      <velocity>0.8</velocity>
      <orientation>0.5420460735857812</orientation>
      <time>21</time>
    </ksState>
    <ksState>
      <x>644.4395780075665</x>
      <y>-214.1241127861216</y>
      <steeringAngle>0.24873333333333328</steeringAngle>
      <velocity>1.6000000000000005</velocity>
      <orientation>0.553086665896181</orientation>
      <time>22</time>
    </ksState>
    <ksState>
      <x>644.5924841978783</x>
      <y>-213.99170762846293</y>
      <steeringAngle>0.2842666666666665</steeringAngle>
      <velocity>2.400000000000001</velocity>
      <orientation>0.574358987297141</orientation>
      <time>23</time>
    </ksState>
    <ksState>
      <x>644.7980738895894</x>
      <y>-213.79563062131848</y>
      <steeringAngle>0.31979999999999986</steeringAngle>
      <velocity>3.200000000000001</velocity>
      <orientation>0.6082912435768371</orientation>
      <time>24</time>
    </ksState>
    <ksState>
      <x>645.0471120067568</x>
      <y>-213.52653818434663</y>
      <steeringAngle>0.3553333333333332</steeringAngle>
      <velocity>4.0</velocity>
      <orientation>0.657397804364814</orientation>
      <time>25</time>
    </ksState>
    <ksState>
      <x>645.2824307788873</x>
      <y>-213.24528668304248</y>
      <steeringAngle>0.31979999999999975</steeringAngle>
      <velocity>3.2</velocity>
      <orientation>0.7065043644226023</orientation>
      <time>26</time>
    </ksState>
    <ksState>
      <x>645.460262445933</x>
      <y>-213.02368295904387</y>
      <steeringAngle>0.2842666666666663</steeringAngle>
      <velocity>2.4000000000000004</velocity>
      <orientation>0.7404366197888167</orientation>
      <time>27</time>
    </ksState>
    <ksState>
      <x>645.5857648769704</x>
      <y>-212.8650434357899</y>
      <steeringAngle>0.24873333333333292</steeringAngle>
      <velocity>1.6000000000000008</velocity>
      <orientation>0.7617089407357555</orientation>
      <time>28</time>
    </ksState>
    <ksState>
      <x>645.6612296890061</x>
      <y>-212.77042748033037</y>
      <steeringAngle>0.21319999999999967</steeringAngle>
      <velocity>0.8000000000000008</velocity>
      <orientation>0.7727495314768102</orientation>
      <time>29</time>
    </ksState>
    <ksState>
      <x>645.6866742878517</x>
      <y>-212.73923650962314</y>
      <steeringAngle>0.1776666666666663</steeringAngle>
      <velocity>6.661338147750939e-16</velocity>
      <orientation>0.7759157690186885</orientation>
      <time>30</time>
    </ksState>
    <ksState>
      <x>645.7127888427303</x>
      <y>-212.70874435479138</y>
      <steeringAngle>0.14213333333333333</steeringAngle>
      <velocity>0.8</velocity>
      <orientation>0.778323266229491</orientation>
      <time>31</time>
    </ksState>
    <ksState>
      <x>645.7922523108799</x>
      <y>-212.61845531468214</y>
      <steeringAngle>0.10660000000000001</steeringAngle>
      <velocity>1.6</velocity>
      <orientation>0.7840475528498256</orientation>
      <time>32</time>
    </ksState>
    <ksState>
      <x>645.9264790616895</x>
      <y>-212.4698688462398</y>
      <steeringAngle>0.07106666666666664</steeringAngle>
      <velocity>2.4000000000000004</velocity>
      <orientation>0.7908630666128044</orientation>
      <time>33</time>
    </ksState>
  </ksTrajectory>
</CommonRoadSolution>
