<?xml version="1.0" ?>
<CommonRoadSolution benchmark_id="KS2:SM1:DEU_Guetersloh-32_3_T-1:2020a" computation_time="2.7540788530004647" date="2023-01-12T15:00:04">
  <ksTrajectory planningProblem="1">
    <ksState>
      <x>-398.70807</x>
      <y>528.93796</y>
      <steeringAngle>0.0</steeringAngle>
      <velocity>4.0</velocity>
      <orientation>-2.3184535</orientation>
      <time>0</time>
    </ksState>
    <ksState>
      <x>-399.00363091874067</x>
      <y>528.6119824658696</y>
      <steeringAngle>0.035533333333333326</steeringAngle>
      <velocity>4.799999999999999</velocity>
      <orientation>-2.315329721330809</orientation>
      <time>1</time>
    </ksState>
    <ksState>
      <x>-399.3427368356342</x>
      <y>528.2174787238358</y>
      <steeringAngle>0.07106666666666667</steeringAngle>
      <velocity>5.599999999999998</velocity>
      <orientation>-2.3044791102696363</orientation>
      <time>2</time>
    </ksState>
    <ksState>
      <x>-399.71794578601174</x>
      <y>527.7483757140297</y>
      <steeringAngle>0.10659999999999999</steeringAngle>
      <velocity>6.3999999999999995</velocity>
      <orientation>-2.283662161269308</orientation>
      <time>3</time>
    </ksState>
    <ksState>
      <x>-400.11841562528326</x>
      <y>527.196884087656</y>
      <steeringAngle>0.14213333333333333</steeringAngle>
      <velocity>7.199999999999999</velocity>
      <orientation>-2.250602590288143</orientation>
      <time>4</time>
    </ksState>
    <ksState>
      <x>-400.528778541038</x>
      <y>526.553773434901</y>
      <steeringAngle>0.17766666666666664</steeringAngle>
      <velocity>7.9999999999999964</velocity>
      <orientation>-2.2029752682065964</orientation>
      <time>5</time>
    </ksState>
    <ksState>
      <x>-400.9180850232939</x>
      <y>525.8505285233506</y>
      <steeringAngle>0.17766666666666667</steeringAngle>
      <velocity>8.0</velocity>
      <orientation>-2.1472742918960845</orientation>
      <time>6</time>
    </ksState>
    <ksState>
      <x>-401.26763657660763</x>
      <y>525.1267007029847</y>
      <steeringAngle>0.17766666666666667</steeringAngle>
      <velocity>8.0</velocity>
      <orientation>-2.0915733155855727</orientation>
      <time>7</time>
    </ksState>
    <ksState>
      <x>-401.57634894295524</x>
      <y>524.3845351688483</y>
      <steeringAngle>0.17766666666666667</steeringAngle>
      <velocity>8.0</velocity>
      <orientation>-2.0358723392750613</orientation>
      <time>8</time>
    </ksState>
    <ksState>
      <x>-401.84326455940317</x>
      <y>523.6263339674167</y>
      <steeringAngle>0.17766666666666667</steeringAngle>
      <velocity>8.0</velocity>
      <orientation>-1.9801713629645494</orientation>
      <time>9</time>
    </ksState>
    <ksState>
      <x>-402.0675555077856</x>
      <y>522.854448883789</y>
      <steeringAngle>0.17766666666666667</steeringAngle>
      <velocity>8.0</velocity>
      <orientation>-1.9244703866540376</orientation>
      <time>10</time>
    </ksState>
    <ksState>
      <x>-402.2485260568633</x>
      <y>522.0712741886446</y>
      <steeringAngle>0.17766666666666667</steeringAngle>
      <velocity>8.0</velocity>
      <orientation>-1.8687694103435257</orientation>
      <time>11</time>
    </ksState>
    <ksState>
      <x>-402.3856149105158</x>
      <y>521.2792390580071</y>
      <steeringAngle>0.17766666666666667</steeringAngle>
      <velocity>8.0</velocity>
      <orientation>-1.813068434033014</orientation>
      <time>12</time>
    </ksState>
    <ksState>
      <x>-402.47839683537757</x>
      <y>520.4808002565858</y>
      <steeringAngle>0.17766666666666667</steeringAngle>
      <velocity>8.0</velocity>
      <orientation>-1.7573674577225025</orientation>
      <time>13</time>
    </ksState>
    <ksState>
      <x>-402.5265840408077</x>
      <y>519.678434379078</y>
      <steeringAngle>0.17766666666666667</steeringAngle>
      <velocity>8.0</velocity>
      <orientation>-1.7016664814119906</orientation>
      <time>14</time>
    </ksState>
    <ksState>
      <x>-402.53002705946756</x>
      <y>518.8746302005148</y>
      <steeringAngle>0.17766666666666667</steeringAngle>
      <velocity>8.0</velocity>
      <orientation>-1.6459655051014788</orientation>
      <time>15</time>
    </ksState>
    <ksState>
      <x>-402.49828596301114</x>
      <y>518.0721138253823</y>
      <steeringAngle>0.14213333333333336</steeringAngle>
      <velocity>8.0</velocity>
      <orientation>-1.5959306935527304</orientation>
      <time>16</time>
    </ksState>
    <ksState>
      <x>-402.44695919229434</x>
      <y>517.2718564467002</y>
      <steeringAngle>0.1066000000000001</steeringAngle>
      <velocity>8.0</velocity>
      <orientation>-1.557146841545733</orientation>
      <time>17</time>
    </ksState>
    <ksState>
      <x>-402.3849525458945</x>
      <y>516.4732839640232</y>
      <steeringAngle>0.07106666666666674</steeringAngle>
      <velocity>8.0</velocity>
      <orientation>-1.529514362516046</orientation>
      <time>18</time>
    </ksState>
    <ksState>
      <x>-402.3210680528868</x>
      <y>515.6754786867274</y>
      <steeringAngle>0.035533333333333354</steeringAngle>
      <velocity>8.0</velocity>
      <orientation>-1.5129628418870167</orientation>
      <time>19</time>
    </ksState>
    <ksState>
      <x>-402.26406386891574</x>
      <y>514.8774675161884</y>
      <steeringAngle>2.0816681711721685e-17</steeringAngle>
      <velocity>8.0</velocity>
      <orientation>-1.5074503154286119</orientation>
      <time>20</time>
    </ksState>
    <ksState>
      <x>-402.21595309121676</x>
      <y>514.1189918396078</y>
      <steeringAngle>0.0</steeringAngle>
      <velocity>7.200000000000001</velocity>
      <orientation>-1.5074503154286119</orientation>
      <time>21</time>
    </ksState>
    <ksState>
      <x>-402.1729066059306</x>
      <y>513.4403557083006</y>
      <steeringAngle>0.0</steeringAngle>
      <velocity>6.400000000000001</velocity>
      <orientation>-1.5074503154286119</orientation>
      <time>22</time>
    </ksState>
    <ksState>
      <x>-402.13492441304464</x>
      <y>512.8415591220669</y>
      <steeringAngle>0.0</steeringAngle>
      <velocity>5.600000000000001</velocity>
      <orientation>-1.5074503154286119</orientation>
      <time>23</time>
    </ksState>
    <ksState>
      <x>-402.10200651255525</x>
      <y>512.3226020808503</y>
      <steeringAngle>0.0</steeringAngle>
      <velocity>4.800000000000001</velocity>
      <orientation>-1.5074503154286119</orientation>
      <time>24</time>
    </ksState>
    <ksState>
      <x>-402.07415290446113</x>
      <y>511.88348458463014</y>
      <steeringAngle>0.0</steeringAngle>
      <velocity>4.000000000000001</velocity>
      <orientation>-1.5074503154286119</orientation>
      <time>25</time>
    </ksState>
    <ksState>
      <x>-402.04140013453093</x>
      <y>511.4446852392495</y>
      <steeringAngle>0.035533333333333326</steeringAngle>
      <velocity>4.799999999999999</velocity>
      <orientation>-1.504326536759421</orientation>
      <time>26</time>
    </ksState>
    <ksState>
      <x>-401.9889598902754</x>
      <y>510.92711780776534</y>
      <steeringAngle>0.07106666666666667</steeringAngle>
      <velocity>5.599999999999998</velocity>
      <orientation>-1.4934759256982482</orientation>
      <time>27</time>
    </ksState>
    <ksState>
      <x>-401.90730352072455</x>
      <y>510.33199460408014</y>
      <steeringAngle>0.10659999999999999</steeringAngle>
      <velocity>6.3999999999999995</velocity>
      <orientation>-1.4726589766979203</orientation>
      <time>28</time>
    </ksState>
    <ksState>
      <x>-401.78331615533193</x>
      <y>509.6618108685648</y>
      <steeringAngle>0.14213333333333333</steeringAngle>
      <velocity>7.199999999999999</velocity>
      <orientation>-1.4395994057167552</orientation>
      <time>29</time>
    </ksState>
    <ksState>
      <x>-401.5997210343101</x>
      <y>508.9213502917272</y>
      <steeringAngle>0.17766666666666664</steeringAngle>
      <velocity>7.9999999999999964</velocity>
      <orientation>-1.3919720836352085</orientation>
      <time>30</time>
    </ksState>
    <ksState>
      <x>-401.3711230152456</x>
      <y>508.1927388794186</y>
      <steeringAngle>0.17766666666666667</steeringAngle>
      <velocity>7.2</velocity>
      <orientation>-1.3390561561908312</orientation>
      <time>31</time>
    </ksState>
    <ksState>
      <x>-401.134171979884</x>
      <y>507.55187671497754</y>
      <steeringAngle>0.17766666666666667</steeringAngle>
      <velocity>6.4</velocity>
      <orientation>-1.2917103263980199</orientation>
      <time>32</time>
    </ksState>
    <ksState>
      <x>-400.90011094357016</x>
      <y>506.9962733639271</y>
      <steeringAngle>0.17766666666666667</steeringAngle>
      <velocity>5.599999999999999</velocity>
      <orientation>-1.2499345942428353</orientation>
      <time>33</time>
    </ksState>
  </ksTrajectory>
</CommonRoadSolution>
