<?xml version="1.0" ?>
<CommonRoadSolution benchmark_id="KS2:SM1:DEU_Lohmar-40_1_T-1:2020a" computation_time="1.4992822099993646" date="2023-01-12T15:00:04">
  <ksTrajectory planningProblem="123">
    <ksState>
      <x>-711.26942</x>
      <y>-726.70649</y>
      <steeringAngle>0.0</steeringAngle>
      <velocity>0.0</velocity>
      <orientation>-3.1277846</orientation>
      <time>0</time>
    </ksState>
    <ksState>
      <x>-711.3094233919936</x>
      <y>-726.7065135712943</y>
      <steeringAngle>-0.03553333333333333</steeringAngle>
      <velocity>0.8</velocity>
      <orientation>-3.128152131778242</orientation>
      <time>1</time>
    </ksState>
    <ksState>
      <x>-711.4294588182408</x>
      <y>-726.7043251051487</y>
      <steeringAngle>-0.0710666666666667</steeringAngle>
      <velocity>1.6</velocity>
      <orientation>-3.1307269783702276</orientation>
      <time>2</time>
    </ksState>
    <ksState>
      <x>-711.6295259965925</x>
      <y>-726.6958843425103</y>
      <steeringAngle>-0.10660000000000003</steeringAngle>
      <velocity>2.4000000000000004</velocity>
      <orientation>-3.137727682607065</orientation>
      <time>3</time>
    </ksState>
    <ksState>
      <x>-711.9094651006446</x>
      <y>-726.6756991887183</y>
      <steeringAngle>-0.14213333333333342</steeringAngle>
      <velocity>3.2000000000000015</velocity>
      <orientation>-3.151395323547885</orientation>
      <time>4</time>
    </ksState>
    <ksState>
      <x>-712.2687014889158</x>
      <y>-726.6360937980041</y>
      <steeringAngle>-0.17766666666666683</steeringAngle>
      <velocity>4.0000000000000036</velocity>
      <orientation>-3.1740052394211054</orientation>
      <time>5</time>
    </ksState>
    <ksState>
      <x>-712.70610370672</x>
      <y>-726.5715668838606</y>
      <steeringAngle>-0.17766666666666667</steeringAngle>
      <velocity>4.800000000000002</velocity>
      <orientation>-3.2046407764634397</orientation>
      <time>6</time>
    </ksState>
    <ksState>
      <x>-713.2201888147287</x>
      <y>-726.4780789546662</y>
      <steeringAngle>-0.17766666666666667</steeringAngle>
      <velocity>5.600000000000001</velocity>
      <orientation>-3.2408464111399797</orientation>
      <time>7</time>
    </ksState>
    <ksState>
      <x>-713.808697560991</x>
      <y>-726.3471701509823</y>
      <steeringAngle>-0.17766666666666667</steeringAngle>
      <velocity>6.3999999999999995</velocity>
      <orientation>-3.2826221434496197</orientation>
      <time>8</time>
    </ksState>
    <ksState>
      <x>-714.4683894110708</x>
      <y>-726.1692466348001</y>
      <steeringAngle>-0.17766666666666667</steeringAngle>
      <velocity>7.200000000000002</velocity>
      <orientation>-3.3299679733917165</orientation>
      <time>9</time>
    </ksState>
    <ksState>
      <x>-715.1947842615324</x>
      <y>-725.9337000918437</y>
      <steeringAngle>-0.17766666666666667</steeringAngle>
      <velocity>8.0</velocity>
      <orientation>-3.3828839009658664</orientation>
      <time>10</time>
    </ksState>
    <ksState>
      <x>-715.9077040207703</x>
      <y>-725.6600633593774</y>
      <steeringAngle>-0.17766666666666667</steeringAngle>
      <velocity>7.2</velocity>
      <orientation>-3.435799828410244</orientation>
      <time>11</time>
    </ksState>
    <ksState>
      <x>-716.5325242321906</x>
      <y>-725.3835677710371</y>
      <steeringAngle>-0.17766666666666667</steeringAngle>
      <velocity>6.4</velocity>
      <orientation>-3.483145658203055</orientation>
      <time>12</time>
    </ksState>
    <ksState>
      <x>-717.0724323336755</x>
      <y>-725.1152789446394</y>
      <steeringAngle>-0.17766666666666667</steeringAngle>
      <velocity>5.599999999999999</velocity>
      <orientation>-3.52492139035824</orientation>
      <time>13</time>
    </ksState>
    <ksState>
      <x>-717.5309416386879</x>
      <y>-724.8646942094063</y>
      <steeringAngle>-0.17766666666666667</steeringAngle>
      <velocity>4.799999999999999</velocity>
      <orientation>-3.561127024879754</orientation>
      <time>14</time>
    </ksState>
    <ksState>
      <x>-717.9116153520295</x>
      <y>-724.6398121326046</y>
      <steeringAngle>-0.17766666666666667</steeringAngle>
      <velocity>4.0</velocity>
      <orientation>-3.5917625617690843</orientation>
      <time>15</time>
    </ksState>
    <ksState>
      <x>-718.2495109829613</x>
      <y>-724.4213955227451</y>
      <steeringAngle>-0.21319999999999995</steeringAngle>
      <velocity>4.0</velocity>
      <orientation>-3.6224703444065844</orientation>
      <time>16</time>
    </ksState>
    <ksState>
      <x>-718.5759463112047</x>
      <y>-724.1845510196652</y>
      <steeringAngle>-0.24873333333333336</steeringAngle>
      <velocity>4.0</velocity>
      <orientation>-3.658949185529279</orientation>
      <time>17</time>
    </ksState>
    <ksState>
      <x>-718.8885097868234</x>
      <y>-723.9278689859402</y>
      <steeringAngle>-0.2842666666666667</steeringAngle>
      <velocity>4.0</velocity>
      <orientation>-3.7012964193747266</orientation>
      <time>18</time>
    </ksState>
    <ksState>
      <x>-719.1844215869766</x>
      <y>-723.6501920514202</y>
      <steeringAngle>-0.31980000000000003</steeringAngle>
      <velocity>4.0</velocity>
      <orientation>-3.749627100741862</orientation>
      <time>19</time>
    </ksState>
    <ksState>
      <x>-719.460510940974</x>
      <y>-723.3506884315834</y>
      <steeringAngle>-0.35533333333333333</steeringAngle>
      <velocity>4.0</velocity>
      <orientation>-3.80407530192014</orientation>
      <time>20</time>
    </ksState>
    <ksState>
      <x>-719.688916979001</x>
      <y>-723.0619116436737</y>
      <steeringAngle>-0.3908666666666668</steeringAngle>
      <velocity>3.2000000000000006</velocity>
      <orientation>-3.8586176886933226</orientation>
      <time>21</time>
    </ksState>
    <ksState>
      <x>-719.850629495302</x>
      <y>-722.8238490730574</y>
      <steeringAngle>-0.4264</steeringAngle>
      <velocity>2.3999999999999995</velocity>
      <orientation>-3.9055273254898397</orientation>
      <time>22</time>
    </ksState>
    <ksState>
      <x>-719.9556117670378</x>
      <y>-722.645779270694</y>
      <steeringAngle>-0.4619333333333332</steeringAngle>
      <velocity>1.5999999999999996</velocity>
      <orientation>-3.9423249500152364</orientation>
      <time>23</time>
    </ksState>
    <ksState>
      <x>-720.0132304151483</x>
      <y>-722.5350863432272</y>
      <steeringAngle>-0.49746666666666656</steeringAngle>
      <velocity>0.7999999999999986</velocity>
      <orientation>-3.966418386165218</orientation>
      <time>24</time>
    </ksState>
    <ksState>
      <x>-720.031164033909</x>
      <y>-722.4972680809113</y>
      <steeringAngle>-0.5329999999999998</steeringAngle>
      <velocity>-1.5265566588595902e-15</velocity>
      <orientation>-3.975081052302799</orientation>
      <time>25</time>
    </ksState>
    <ksState>
      <x>-720.031164033909</x>
      <y>-722.4972680809113</y>
      <steeringAngle>-0.49746666666666667</steeringAngle>
      <velocity>0.0</velocity>
      <orientation>-3.975081052302799</orientation>
      <time>26</time>
    </ksState>
    <ksState>
      <x>-720.031164033909</x>
      <y>-722.4972680809113</y>
      <steeringAngle>-0.4619333333333333</steeringAngle>
      <velocity>0.0</velocity>
      <orientation>-3.975081052302799</orientation>
      <time>27</time>
    </ksState>
    <ksState>
      <x>-720.031164033909</x>
      <y>-722.4972680809113</y>
      <steeringAngle>-0.42639999999999995</steeringAngle>
      <velocity>0.0</velocity>
      <orientation>-3.975081052302799</orientation>
      <time>28</time>
    </ksState>
    <ksState>
      <x>-720.031164033909</x>
      <y>-722.4972680809113</y>
      <steeringAngle>-0.3908666666666666</steeringAngle>
      <velocity>0.0</velocity>
      <orientation>-3.975081052302799</orientation>
      <time>29</time>
    </ksState>
    <ksState>
      <x>-720.031164033909</x>
      <y>-722.4972680809113</y>
      <steeringAngle>-0.3553333333333333</steeringAngle>
      <velocity>0.0</velocity>
      <orientation>-3.975081052302799</orientation>
      <time>30</time>
    </ksState>
    <ksState>
      <x>-720.0514406256943</x>
      <y>-722.4616860588369</y>
      <steeringAngle>-0.39086666666666675</steeringAngle>
      <velocity>0.8</velocity>
      <orientation>-3.981259027960824</orientation>
      <time>31</time>
    </ksState>
    <ksState>
      <x>-720.1090192124722</x>
      <y>-722.3525351924828</y>
      <steeringAngle>-0.4264</steeringAngle>
      <velocity>1.6000000000000005</velocity>
      <orientation>-4.001519000421145</orientation>
      <time>32</time>
    </ksState>
    <ksState>
      <x>-720.1961833303054</x>
      <y>-722.1650089324503</y>
      <steeringAngle>-0.46193333333333314</steeringAngle>
      <velocity>2.4</velocity>
      <orientation>-4.038541962040712</orientation>
      <time>33</time>
    </ksState>
    <ksState>
      <x>-720.3003876692833</x>
      <y>-721.8930044460366</y>
      <steeringAngle>-0.49746666666666634</steeringAngle>
      <velocity>3.200000000000001</velocity>
      <orientation>-4.095149070437877</orientation>
      <time>34</time>
    </ksState>
    <ksState>
      <x>-720.4027364817063</x>
      <y>-721.5301057462636</y>
      <steeringAngle>-0.5329999999999997</steeringAngle>
      <velocity>4.000000000000001</velocity>
      <orientation>-4.174326274310503</orientation>
      <time>35</time>
    </ksState>
    <ksState>
      <x>-720.4717649235755</x>
      <y>-721.1136872534602</y>
      <steeringAngle>-0.5685333333333333</steeringAngle>
      <velocity>4.0</velocity>
      <orientation>-4.269598913959733</orientation>
      <time>36</time>
    </ksState>
    <ksState>
      <x>-720.4890334757088</x>
      <y>-720.6883012887306</y>
      <steeringAngle>-0.6040666666666665</steeringAngle>
      <velocity>4.0</velocity>
      <orientation>-4.372636267178195</orientation>
      <time>37</time>
    </ksState>
    <ksState>
      <x>-720.4496315804813</x>
      <y>-720.2602962965061</y>
      <steeringAngle>-0.6396</steeringAngle>
      <velocity>4.0</velocity>
      <orientation>-4.483814049953686</orientation>
      <time>38</time>
    </ksState>
    <ksState>
      <x>-720.3491989178725</x>
      <y>-719.837672463379</y>
      <steeringAngle>-0.6751333333333333</steeringAngle>
      <velocity>4.0</velocity>
      <orientation>-4.603558098833616</orientation>
      <time>39</time>
    </ksState>
    <ksState>
      <x>-720.1843343485505</x>
      <y>-719.430223637961</y>
      <steeringAngle>-0.7106666666666664</steeringAngle>
      <velocity>4.0</velocity>
      <orientation>-4.732352036517927</orientation>
      <time>40</time>
    </ksState>
    <ksState>
      <x>-719.9915092336452</x>
      <y>-719.0843991706424</y>
      <steeringAngle>-0.6751333333333334</steeringAngle>
      <velocity>3.1999999999999984</velocity>
      <orientation>-4.848421779061141</orientation>
      <time>41</time>
    </ksState>
    <ksState>
      <x>-719.8242615980151</x>
      <y>-718.8300782826084</y>
      <steeringAngle>-0.6395999999999997</steeringAngle>
      <velocity>2.3999999999999986</velocity>
      <orientation>-4.932389223381761</orientation>
      <time>42</time>
    </ksState>
    <ksState>
      <x>-719.6982821267535</x>
      <y>-718.6556814462169</y>
      <steeringAngle>-0.6040666666666666</steeringAngle>
      <velocity>1.5999999999999988</velocity>
      <orientation>-4.988117171659229</orientation>
      <time>43</time>
    </ksState>
    <ksState>
      <x>-719.6214986394048</x>
      <y>-718.5534283223465</y>
      <steeringAngle>-0.5685333333333333</steeringAngle>
      <velocity>0.7999999999999987</velocity>
      <orientation>-5.019160773432975</orientation>
      <time>44</time>
    </ksState>
    <ksState>
      <x>-719.5961603603055</x>
      <y>-718.5195660590439</y>
      <steeringAngle>-0.5330000000000004</steeringAngle>
      <velocity>-1.2212453270876722e-15</velocity>
      <orientation>-5.0288145552033106</orientation>
      <time>45</time>
    </ksState>
    <ksState>
      <x>-719.5961603603055</x>
      <y>-718.5195660590439</y>
      <steeringAngle>-0.49746666666666667</steeringAngle>
      <velocity>0.0</velocity>
      <orientation>-5.0288145552033106</orientation>
      <time>46</time>
    </ksState>
    <ksState>
      <x>-719.5961603603055</x>
      <y>-718.5195660590439</y>
      <steeringAngle>-0.4619333333333333</steeringAngle>
      <velocity>0.0</velocity>
      <orientation>-5.0288145552033106</orientation>
      <time>47</time>
    </ksState>
    <ksState>
      <x>-719.5961603603055</x>
      <y>-718.5195660590439</y>
      <steeringAngle>-0.42639999999999995</steeringAngle>
      <velocity>0.0</velocity>
      <orientation>-5.0288145552033106</orientation>
      <time>48</time>
    </ksState>
    <ksState>
      <x>-719.5961603603055</x>
      <y>-718.5195660590439</y>
      <steeringAngle>-0.3908666666666666</steeringAngle>
      <velocity>0.0</velocity>
      <orientation>-5.0288145552033106</orientation>
      <time>49</time>
    </ksState>
    <ksState>
      <x>-719.5961603603055</x>
      <y>-718.5195660590439</y>
      <steeringAngle>-0.3553333333333333</steeringAngle>
      <velocity>0.0</velocity>
      <orientation>-5.0288145552033106</orientation>
      <time>50</time>
    </ksState>
    <ksState>
      <x>-719.5961603603055</x>
      <y>-718.5195660590439</y>
      <steeringAngle>-0.3198</steeringAngle>
      <velocity>0.0</velocity>
      <orientation>-5.0288145552033106</orientation>
      <time>51</time>
    </ksState>
    <ksState>
      <x>-719.5961603603055</x>
      <y>-718.5195660590439</y>
      <steeringAngle>-0.2842666666666666</steeringAngle>
      <velocity>0.0</velocity>
      <orientation>-5.0288145552033106</orientation>
      <time>52</time>
    </ksState>
    <ksState>
      <x>-719.5961603603055</x>
      <y>-718.5195660590439</y>
      <steeringAngle>-0.24873333333333333</steeringAngle>
      <velocity>0.0</velocity>
      <orientation>-5.0288145552033106</orientation>
      <time>53</time>
    </ksState>
    <ksState>
      <x>-719.5961603603055</x>
      <y>-718.5195660590439</y>
      <steeringAngle>-0.21320000000000003</steeringAngle>
      <velocity>0.0</velocity>
      <orientation>-5.0288145552033106</orientation>
      <time>54</time>
    </ksState>
    <ksState>
      <x>-719.5961603603055</x>
      <y>-718.5195660590439</y>
      <steeringAngle>-0.1776666666666667</steeringAngle>
      <velocity>0.0</velocity>
      <orientation>-5.0288145552033106</orientation>
      <time>55</time>
    </ksState>
    <ksState>
      <x>-719.5961603603055</x>
      <y>-718.5195660590439</y>
      <steeringAngle>-0.14213333333333336</steeringAngle>
      <velocity>0.0</velocity>
      <orientation>-5.0288145552033106</orientation>
      <time>56</time>
    </ksState>
    <ksState>
      <x>-719.5961603603055</x>
      <y>-718.5195660590439</y>
      <steeringAngle>-0.10660000000000001</steeringAngle>
      <velocity>0.0</velocity>
      <orientation>-5.0288145552033106</orientation>
      <time>57</time>
    </ksState>
    <ksState>
      <x>-719.5961603603055</x>
      <y>-718.5195660590439</y>
      <steeringAngle>-0.07106666666666668</steeringAngle>
      <velocity>0.0</velocity>
      <orientation>-5.0288145552033106</orientation>
      <time>58</time>
    </ksState>
    <ksState>
      <x>-719.5961603603055</x>
      <y>-718.5195660590439</y>
      <steeringAngle>-0.03553333333333333</steeringAngle>
      <velocity>0.0</velocity>
      <orientation>-5.0288145552033106</orientation>
      <time>59</time>
    </ksState>
    <ksState>
      <x>-719.5961603603055</x>
      <y>-718.5195660590439</y>
      <steeringAngle>-0.0</steeringAngle>
      <velocity>0.0</velocity>
      <orientation>-5.0288145552033106</orientation>
      <time>60</time>
    </ksState>
    <ksState>
      <x>-719.5842160570177</x>
      <y>-718.4813874584203</y>
      <steeringAngle>0.03553333333333333</steeringAngle>
      <velocity>0.8</velocity>
      <orientation>-5.028447023425069</orientation>
      <time>61</time>
    </ksState>
    <ksState>
      <x>-719.5505321442554</x>
      <y>-718.3661542732718</y>
      <steeringAngle>0.0710666666666667</steeringAngle>
      <velocity>1.6</velocity>
      <orientation>-5.025872176833083</orientation>
      <time>62</time>
    </ksState>
    <ksState>
      <x>-719.4989653745209</x>
      <y>-718.1726626957119</y>
      <steeringAngle>0.10660000000000003</steeringAngle>
      <velocity>2.4000000000000004</velocity>
      <orientation>-5.0188714725962456</orientation>
      <time>63</time>
    </ksState>
    <ksState>
      <x>-719.4348059114083</x>
      <y>-717.8994285366026</y>
      <steeringAngle>0.14213333333333342</steeringAngle>
      <velocity>3.2000000000000015</velocity>
      <orientation>-5.005203831655425</orientation>
      <time>64</time>
    </ksState>
    <ksState>
      <x>-719.3655520623929</x>
      <y>-717.5447127714774</y>
      <steeringAngle>0.17766666666666683</steeringAngle>
      <velocity>4.0000000000000036</velocity>
      <orientation>-4.982593915782205</orientation>
      <time>65</time>
    </ksState>
    <ksState>
      <x>-719.2967923297056</x>
      <y>-717.1079559490354</y>
      <steeringAngle>0.17766666666666667</steeringAngle>
      <velocity>4.800000000000002</velocity>
      <orientation>-4.951958378739871</orientation>
      <time>66</time>
    </ksState>
    <ksState>
      <x>-719.2328245944927</x>
      <y>-716.5893697748722</y>
      <steeringAngle>0.17766666666666667</steeringAngle>
      <velocity>5.600000000000001</velocity>
      <orientation>-4.915752744063331</orientation>
      <time>67</time>
    </ksState>
    <ksState>
      <x>-719.1823975993578</x>
      <y>-715.9885896341628</y>
      <steeringAngle>0.17766666666666667</steeringAngle>
      <velocity>6.3999999999999995</velocity>
      <orientation>-4.873977011753691</orientation>
      <time>68</time>
    </ksState>
    <ksState>
      <x>-719.155634978747</x>
      <y>-715.3058496567113</y>
      <steeringAngle>0.17766666666666667</steeringAngle>
      <velocity>7.200000000000002</velocity>
      <orientation>-4.826631181811594</orientation>
      <time>69</time>
    </ksState>
    <ksState>
      <x>-719.1639981613658</x>
      <y>-714.542264880899</y>
      <steeringAngle>0.17766666666666667</steeringAngle>
      <velocity>8.0</velocity>
      <orientation>-4.773715254237444</orientation>
      <time>70</time>
    </ksState>
    <ksState>
      <x>-719.2068450193675</x>
      <y>-713.740264770974</y>
      <steeringAngle>0.14213333333333336</steeringAngle>
      <velocity>8.0</velocity>
      <orientation>-4.723680442688695</orientation>
      <time>71</time>
    </ksState>
    <ksState>
      <x>-719.269244405024</x>
      <y>-712.9407945550204</y>
      <steeringAngle>0.1066000000000001</steeringAngle>
      <velocity>8.0</velocity>
      <orientation>-4.6848965906816975</orientation>
      <time>72</time>
    </ksState>
    <ksState>
      <x>-719.3422993199993</x>
      <y>-712.1431569094163</y>
      <steeringAngle>0.07106666666666674</steeringAngle>
      <velocity>8.0</velocity>
      <orientation>-4.657264111652011</orientation>
      <time>73</time>
    </ksState>
    <ksState>
      <x>-719.4172212816518</x>
      <y>-711.3463123897076</y>
      <steeringAngle>0.035533333333333354</steeringAngle>
      <velocity>8.0</velocity>
      <orientation>-4.640712591022981</orientation>
      <time>74</time>
    </ksState>
    <ksState>
      <x>-719.4852664435494</x>
      <y>-710.5491667560639</y>
      <steeringAngle>2.0816681711721685e-17</steeringAngle>
      <velocity>8.0</velocity>
      <orientation>-4.635200064564577</orientation>
      <time>75</time>
    </ksState>
    <ksState>
      <x>-719.5376695074431</x>
      <y>-709.7508547280538</y>
      <steeringAngle>-0.03553333333333333</steeringAngle>
      <velocity>8.0</velocity>
      <orientation>-4.640712599567416</orientation>
      <time>76</time>
    </ksState>
    <ksState>
      <x>-719.5655903622217</x>
      <y>-708.9510263090112</y>
      <steeringAngle>-0.07106666666666667</steeringAngle>
      <velocity>8.0</velocity>
      <orientation>-4.657264120447685</orientation>
      <time>77</time>
    </ksState>
    <ksState>
      <x>-719.5600884450301</x>
      <y>-708.150141740843</y>
      <steeringAngle>-0.10659999999999997</steeringAngle>
      <velocity>8.0</velocity>
      <orientation>-4.68489659973838</orientation>
      <time>78</time>
    </ksState>
    <ksState>
      <x>-719.512141462271</x>
      <y>-707.3497776481964</y>
      <steeringAngle>-0.1421333333333333</steeringAngle>
      <velocity>8.0</velocity>
      <orientation>-4.7236804520111155</orientation>
      <time>79</time>
    </ksState>
    <ksState>
      <x>-719.4127261962757</x>
      <y>-706.5529451929573</y>
      <steeringAngle>-0.17766666666666667</steeringAngle>
      <velocity>8.0</velocity>
      <orientation>-4.77371526426027</orientation>
      <time>80</time>
    </ksState>
    <ksState>
      <x>-719.2720803048171</x>
      <y>-705.7622121389018</y>
      <steeringAngle>-0.14213333333333336</steeringAngle>
      <velocity>8.0</velocity>
      <orientation>-4.823750075809018</orientation>
      <time>81</time>
    </ksState>
    <ksState>
      <x>-719.1123382926623</x>
      <y>-704.9763821324245</y>
      <steeringAngle>-0.1066000000000001</steeringAngle>
      <velocity>8.0</velocity>
      <orientation>-4.862533927816016</orientation>
      <time>82</time>
    </ksState>
    <ksState>
      <x>-718.9422450060931</x>
      <y>-704.1936745828565</y>
      <steeringAngle>-0.07106666666666674</steeringAngle>
      <velocity>8.0</velocity>
      <orientation>-4.890166406845703</orientation>
      <time>83</time>
    </ksState>
    <ksState>
      <x>-718.7703957340465</x>
      <y>-703.4119826252256</y>
      <steeringAngle>-0.035533333333333354</steeringAngle>
      <velocity>8.0</velocity>
      <orientation>-4.906717927474732</orientation>
      <time>84</time>
    </ksState>
    <ksState>
      <x>-718.6053347606194</x>
      <y>-702.6291504718578</y>
      <steeringAngle>-2.0816681711721685e-17</steeringAngle>
      <velocity>8.0</velocity>
      <orientation>-4.9122304539331365</orientation>
      <time>85</time>
    </ksState>
    <ksState>
      <x>-718.4556556726706</x>
      <y>-701.8432469499152</y>
      <steeringAngle>0.03553333333333333</steeringAngle>
      <velocity>8.0</velocity>
      <orientation>-4.906717918930298</orientation>
      <time>86</time>
    </ksState>
    <ksState>
      <x>-718.3300893504249</x>
      <y>-701.0528431463075</y>
      <steeringAngle>0.07106666666666667</steeringAngle>
      <velocity>8.0</velocity>
      <orientation>-4.890166398050028</orientation>
      <time>87</time>
    </ksState>
    <ksState>
      <x>-718.2375655000707</x>
      <y>-700.2573020098863</y>
      <steeringAngle>0.10659999999999997</steeringAngle>
      <velocity>8.0</velocity>
      <orientation>-4.8625339187593335</orientation>
      <time>88</time>
    </ksState>
    <ksState>
      <x>-718.1872315286874</x>
      <y>-699.4570844861602</y>
      <steeringAngle>0.1421333333333333</steeringAngle>
      <velocity>8.0</velocity>
      <orientation>-4.823750066486598</orientation>
      <time>89</time>
    </ksState>
    <ksState>
      <x>-718.1884112693226</x>
      <y>-698.6540751680029</y>
      <steeringAngle>0.17766666666666667</steeringAngle>
      <velocity>8.0</velocity>
      <orientation>-4.773715254237444</orientation>
      <time>90</time>
    </ksState>
    <ksState>
      <x>-718.2312581273243</x>
      <y>-697.852075058078</y>
      <steeringAngle>0.14213333333333336</steeringAngle>
      <velocity>8.0</velocity>
      <orientation>-4.723680442688695</orientation>
      <time>91</time>
    </ksState>
    <ksState>
      <x>-718.2936575129808</x>
      <y>-697.0526048421243</y>
      <steeringAngle>0.1066000000000001</steeringAngle>
      <velocity>8.0</velocity>
      <orientation>-4.6848965906816975</orientation>
      <time>92</time>
    </ksState>
    <ksState>
      <x>-718.366712427956</x>
      <y>-696.2549671965203</y>
      <steeringAngle>0.07106666666666674</steeringAngle>
      <velocity>8.0</velocity>
      <orientation>-4.657264111652011</orientation>
      <time>93</time>
    </ksState>
    <ksState>
      <x>-718.4416343896086</x>
      <y>-695.4581226768115</y>
      <steeringAngle>0.035533333333333354</steeringAngle>
      <velocity>8.0</velocity>
      <orientation>-4.640712591022981</orientation>
      <time>94</time>
    </ksState>
    <ksState>
      <x>-718.5096795515062</x>
      <y>-694.6609770431678</y>
      <steeringAngle>2.0816681711721685e-17</steeringAngle>
      <velocity>8.0</velocity>
      <orientation>-4.635200064564577</orientation>
      <time>95</time>
    </ksState>
    <ksState>
      <x>-718.5596970524318</x>
      <y>-693.9025966847081</y>
      <steeringAngle>-0.03553333333333333</steeringAngle>
      <velocity>7.199999999999999</velocity>
      <orientation>-4.640345077547069</orientation>
      <time>96</time>
    </ksState>
    <ksState>
      <x>-718.5845916135653</x>
      <y>-693.2227827869107</y>
      <steeringAngle>-0.07106666666666664</steeringAngle>
      <velocity>6.400000000000001</velocity>
      <orientation>-4.654321749668032</orientation>
      <time>97</time>
    </ksState>
    <ksState>
      <x>-718.5843276220861</x>
      <y>-692.6220962711685</y>
      <steeringAngle>-0.10659999999999997</steeringAngle>
      <velocity>5.600000000000004</velocity>
      <orientation>-4.674953517533914</orientation>
      <time>98</time>
    </ksState>
    <ksState>
      <x>-718.5618557591122</x>
      <y>-692.1013899287693</y>
      <steeringAngle>-0.1421333333333333</steeringAngle>
      <velocity>4.800000000000003</velocity>
      <orientation>-4.700069725042562</orientation>
      <time>99</time>
    </ksState>
  </ksTrajectory>
</CommonRoadSolution>
