<?xml version="1.0" ?>
<CommonRoadSolution benchmark_id="KS2:SM1:DEU_Guetersloh-10_5_T-1:2020a" computation_time="2.4663518899997143" date="2023-01-12T15:00:04">
  <ksTrajectory planningProblem="1">
    <ksState>
      <x>-596.86229</x>
      <y>327.85666</y>
      <steeringAngle>0.0</steeringAngle>
      <velocity>0.0</velocity>
      <orientation>1.8150047</orientation>
      <time>0</time>
    </ksState>
    <ksState>
      <x>-596.8714484143651</x>
      <y>327.8956009215726</y>
      <steeringAngle>-0.03553333333333333</steeringAngle>
      <velocity>0.8</velocity>
      <orientation>1.8146371682217581</orientation>
      <time>1</time>
    </ksState>
    <ksState>
      <x>-596.8967299424786</x>
      <y>328.0129641921247</y>
      <steeringAngle>-0.0710666666666667</steeringAngle>
      <velocity>1.6</velocity>
      <orientation>1.8120623216297724</orientation>
      <time>2</time>
    </ksState>
    <ksState>
      <x>-596.9342010244852</x>
      <y>328.2096721999452</y>
      <steeringAngle>-0.10660000000000003</steeringAngle>
      <velocity>2.4000000000000004</velocity>
      <orientation>1.8050616173929352</orientation>
      <time>3</time>
    </ksState>
    <ksState>
      <x>-596.9784781949118</x>
      <y>328.4868235567705</y>
      <steeringAngle>-0.14213333333333342</steeringAngle>
      <velocity>3.2000000000000015</velocity>
      <orientation>1.791393976452115</orientation>
      <time>4</time>
    </ksState>
    <ksState>
      <x>-597.0219572124928</x>
      <y>328.8456117180328</y>
      <steeringAngle>-0.17766666666666683</steeringAngle>
      <velocity>4.0000000000000036</velocity>
      <orientation>1.768784060578895</orientation>
      <time>5</time>
    </ksState>
    <ksState>
      <x>-597.0562120199766</x>
      <y>329.246094132408</y>
      <steeringAngle>-0.17766666666666667</steeringAngle>
      <velocity>4.0</velocity>
      <orientation>1.740933572423639</orientation>
      <time>6</time>
    </ksState>
    <ksState>
      <x>-597.0793013636276</x>
      <y>329.6473751643091</y>
      <steeringAngle>-0.17766666666666667</steeringAngle>
      <velocity>4.0</velocity>
      <orientation>1.713083084268383</orientation>
      <time>7</time>
    </ksState>
    <ksState>
      <x>-597.0912073259441</x>
      <y>330.0491435473351</y>
      <steeringAngle>-0.17766666666666667</steeringAngle>
      <velocity>4.0</velocity>
      <orientation>1.6852325961131274</orientation>
      <time>8</time>
    </ksState>
    <ksState>
      <x>-597.0919206728959</x>
      <y>330.45108766979763</y>
      <steeringAngle>-0.17766666666666667</steeringAngle>
      <velocity>4.0</velocity>
      <orientation>1.6573821079578714</orientation>
      <time>9</time>
    </ksState>
    <ksState>
      <x>-597.0814408501457</x>
      <y>330.852895783985</y>
      <steeringAngle>-0.17766666666666667</steeringAngle>
      <velocity>4.0</velocity>
      <orientation>1.6295316198026155</orientation>
      <time>10</time>
    </ksState>
    <ksState>
      <x>-597.0620390362136</x>
      <y>331.29420237783603</y>
      <steeringAngle>-0.14213333333333333</steeringAngle>
      <velocity>4.8000000000000025</velocity>
      <orientation>1.6021067200842631</orientation>
      <time>11</time>
    </ksState>
    <ksState>
      <x>-597.0357484791489</x>
      <y>331.8147731251623</y>
      <steeringAngle>-0.10660000000000003</steeringAngle>
      <velocity>5.600000000000005</velocity>
      <orientation>1.5769905078053452</orientation>
      <time>12</time>
    </ksState>
    <ksState>
      <x>-597.0035068570762</x>
      <y>332.41463453769467</y>
      <steeringAngle>-0.07106666666666671</steeringAngle>
      <velocity>6.400000000000004</velocity>
      <orientation>1.5563587382058857</orientation>
      <time>13</time>
    </ksState>
    <ksState>
      <x>-596.9685263941362</x>
      <y>333.09403527874633</y>
      <steeringAngle>-0.035533333333333375</steeringAngle>
      <velocity>7.200000000000006</velocity>
      <orientation>1.5423820701130935</orientation>
      <time>14</time>
    </ksState>
    <ksState>
      <x>-596.93700112444</x>
      <y>333.8534219350646</y>
      <steeringAngle>-2.6346112791397758e-17</steeringAngle>
      <velocity>8.000000000000007</velocity>
      <orientation>1.537237057333525</orientation>
      <time>15</time>
    </ksState>
    <ksState>
      <x>-596.9194669508679</x>
      <y>334.6532598736047</y>
      <steeringAngle>0.03553333333333333</steeringAngle>
      <velocity>8.0</velocity>
      <orientation>1.5427495923363639</orientation>
      <time>16</time>
    </ksState>
    <ksState>
      <x>-596.9264578272174</x>
      <y>335.4535449488669</y>
      <steeringAngle>0.07106666666666667</steeringAngle>
      <velocity>8.0</velocity>
      <orientation>1.5593011132166334</orientation>
      <time>17</time>
    </ksState>
    <ksState>
      <x>-596.9668857344855</x>
      <y>336.25342740706736</y>
      <steeringAngle>0.10659999999999997</steeringAngle>
      <velocity>8.0</velocity>
      <orientation>1.5869335925073282</orientation>
      <time>18</time>
    </ksState>
    <ksState>
      <x>-597.0496956147016</x>
      <y>337.05093860930356</y>
      <steeringAngle>0.1421333333333333</steeringAngle>
      <velocity>8.0</velocity>
      <orientation>1.6257174447800633</orientation>
      <time>19</time>
    </ksState>
    <ksState>
      <x>-597.183770764589</x>
      <y>337.84267670426806</y>
      <steeringAngle>0.17766666666666667</steeringAngle>
      <velocity>8.0</velocity>
      <orientation>1.675752257029218</orientation>
      <time>20</time>
    </ksState>
    <ksState>
      <x>-597.3587712736696</x>
      <y>338.62652289541893</y>
      <steeringAngle>0.14213333333333336</steeringAngle>
      <velocity>8.0</velocity>
      <orientation>1.7257870685779664</orientation>
      <time>21</time>
    </ksState>
    <ksState>
      <x>-597.5526358807857</x>
      <y>339.40463781214714</y>
      <steeringAngle>0.1066000000000001</steeringAngle>
      <velocity>8.0</velocity>
      <orientation>1.7645709205849638</orientation>
      <time>22</time>
    </ksState>
    <ksState>
      <x>-597.7567057233408</x>
      <y>340.1791817641901</y>
      <steeringAngle>0.07106666666666674</steeringAngle>
      <velocity>8.0</velocity>
      <orientation>1.7922033996146507</orientation>
      <time>23</time>
    </ksState>
    <ksState>
      <x>-597.9624855844784</x>
      <y>340.9526345020339</y>
      <steeringAngle>0.035533333333333354</steeringAngle>
      <velocity>8.0</velocity>
      <orientation>1.8087549202436801</orientation>
      <time>24</time>
    </ksState>
    <ksState>
      <x>-598.1615333374467</x>
      <y>341.7275224276937</y>
      <steeringAngle>2.0816681711721685e-17</steeringAngle>
      <velocity>8.0</velocity>
      <orientation>1.814267446702085</orientation>
      <time>25</time>
    </ksState>
    <ksState>
      <x>-598.3453478028937</x>
      <y>342.5061496924767</y>
      <steeringAngle>-0.03553333333333333</steeringAngle>
      <velocity>8.0</velocity>
      <orientation>1.808754911699246</orientation>
      <time>26</time>
    </ksState>
    <ksState>
      <x>-598.5052687322884</x>
      <y>343.2903246540644</y>
      <steeringAngle>-0.07106666666666667</steeringAngle>
      <velocity>8.0</velocity>
      <orientation>1.7922033908189765</orientation>
      <time>27</time>
    </ksState>
    <ksState>
      <x>-598.6324027026469</x>
      <y>344.081073233705</y>
      <steeringAngle>-0.10659999999999997</steeringAngle>
      <velocity>8.0</velocity>
      <orientation>1.7645709115282817</orientation>
      <time>28</time>
    </ksState>
    <ksState>
      <x>-598.7175909072544</x>
      <y>344.87833389606675</y>
      <steeringAngle>-0.1421333333333333</steeringAngle>
      <velocity>8.0</velocity>
      <orientation>1.7257870592555467</orientation>
      <time>29</time>
    </ksState>
    <ksState>
      <x>-598.7514361877918</x>
      <y>345.6806305081877</y>
      <steeringAngle>-0.17766666666666667</steeringAngle>
      <velocity>8.0</velocity>
      <orientation>1.675752247006392</orientation>
      <time>30</time>
    </ksState>
    <ksState>
      <x>-598.7448220309509</x>
      <y>346.4436047180057</y>
      <steeringAngle>-0.1421333333333334</steeringAngle>
      <velocity>7.2</velocity>
      <orientation>1.628124925260755</orientation>
      <time>31</time>
    </ksState>
    <ksState>
      <x>-598.7250246616788</x>
      <y>347.124947921774</y>
      <steeringAngle>-0.10660000000000011</steeringAngle>
      <velocity>6.4</velocity>
      <orientation>1.595065354812787</orientation>
      <time>32</time>
    </ksState>
    <ksState>
      <x>-598.7033110648634</x>
      <y>347.72529550972473</y>
      <steeringAngle>-0.07106666666666674</steeringAngle>
      <velocity>5.600000000000001</velocity>
      <orientation>1.5742484065188986</orientation>
      <time>33</time>
    </ksState>
  </ksTrajectory>
</CommonRoadSolution>
