<?xml version="1.0" ?>
<CommonRoadSolution benchmark_id="KS2:SM1:ESP_SantBoideLlobregat-14_1_T-1:2020a" computation_time="0.8034746229996017" date="2023-01-12T15:00:04">
  <ksTrajectory planningProblem="1">
    <ksState>
      <x>91.897579</x>
      <y>49.472335</y>
      <steeringAngle>0.0</steeringAngle>
      <velocity>8.0</velocity>
      <orientation>2.2574936</orientation>
      <time>0</time>
    </ksState>
    <ksState>
      <x>91.422422402472</x>
      <y>50.06552023778144</y>
      <steeringAngle>-0.03553333333333333</steeringAngle>
      <velocity>7.199999999999999</velocity>
      <orientation>2.252348587017508</orientation>
      <time>1</time>
    </ksState>
    <ksState>
      <x>91.01284134913271</x>
      <y>50.608668500742894</y>
      <steeringAngle>-0.07106666666666664</steeringAngle>
      <velocity>6.400000000000001</velocity>
      <orientation>2.2383719148965446</orientation>
      <time>2</time>
    </ksState>
    <ksState>
      <x>90.66918614752488</x>
      <y>51.10134025992334</y>
      <steeringAngle>-0.10659999999999997</steeringAngle>
      <velocity>5.600000000000004</velocity>
      <orientation>2.2177401470306632</orientation>
      <time>3</time>
    </ksState>
    <ksState>
      <x>90.38952563963096</x>
      <y>51.541147126587234</y>
      <steeringAngle>-0.1421333333333333</steeringAngle>
      <velocity>4.800000000000003</velocity>
      <orientation>2.192623939522015</orientation>
      <time>4</time>
    </ksState>
    <ksState>
      <x>90.16998719475302</x>
      <y>51.924416322951444</y>
      <steeringAngle>-0.17766666666666653</steeringAngle>
      <velocity>4.000000000000006</velocity>
      <orientation>2.165199042936865</orientation>
      <time>5</time>
    </ksState>
    <ksState>
      <x>90.00514682017791</x>
      <y>52.24681771208418</y>
      <steeringAngle>-0.21319999999999997</steeringAngle>
      <velocity>3.2</velocity>
      <orientation>2.1376574973734304</orientation>
      <time>6</time>
    </ksState>
    <ksState>
      <x>89.88850506722693</x>
      <y>52.50390408070647</y>
      <steeringAngle>-0.24873333333333342</steeringAngle>
      <velocity>2.4000000000000004</velocity>
      <orientation>2.1122192669867808</orientation>
      <time>7</time>
    </ksState>
    <ksState>
      <x>89.81306146587563</x>
      <y>52.6915282588094</y>
      <steeringAngle>-0.2842666666666668</steeringAngle>
      <velocity>1.600000000000001</velocity>
      <orientation>2.0911443671962013</orientation>
      <time>8</time>
    </ksState>
    <ksState>
      <x>89.77198213660631</x>
      <y>52.80611943686687</y>
      <steeringAngle>-0.3197999999999999</steeringAngle>
      <velocity>0.8000000000000007</velocity>
      <orientation>2.076745939895497</orientation>
      <time>9</time>
    </ksState>
    <ksState>
      <x>89.75934604391675</x>
      <y>52.84482415212873</y>
      <steeringAngle>-0.3553333333333332</steeringAngle>
      <velocity>5.551115123125783e-16</velocity>
      <orientation>2.0714042982597674</orientation>
      <time>10</time>
    </ksState>
    <ksState>
      <x>89.75934604391675</x>
      <y>52.84482415212873</y>
      <steeringAngle>-0.3198</steeringAngle>
      <velocity>0.0</velocity>
      <orientation>2.0714042982597674</orientation>
      <time>11</time>
    </ksState>
    <ksState>
      <x>89.75934604391675</x>
      <y>52.84482415212873</y>
      <steeringAngle>-0.2842666666666666</steeringAngle>
      <velocity>0.0</velocity>
      <orientation>2.0714042982597674</orientation>
      <time>12</time>
    </ksState>
    <ksState>
      <x>89.75934604391675</x>
      <y>52.84482415212873</y>
      <steeringAngle>-0.24873333333333333</steeringAngle>
      <velocity>0.0</velocity>
      <orientation>2.0714042982597674</orientation>
      <time>13</time>
    </ksState>
    <ksState>
      <x>89.75934604391675</x>
      <y>52.84482415212873</y>
      <steeringAngle>-0.21320000000000003</steeringAngle>
      <velocity>0.0</velocity>
      <orientation>2.0714042982597674</orientation>
      <time>14</time>
    </ksState>
    <ksState>
      <x>89.75934604391675</x>
      <y>52.84482415212873</y>
      <steeringAngle>-0.1776666666666667</steeringAngle>
      <velocity>0.0</velocity>
      <orientation>2.0714042982597674</orientation>
      <time>15</time>
    </ksState>
    <ksState>
      <x>89.75934604391675</x>
      <y>52.84482415212873</y>
      <steeringAngle>-0.14213333333333336</steeringAngle>
      <velocity>0.0</velocity>
      <orientation>2.0714042982597674</orientation>
      <time>16</time>
    </ksState>
    <ksState>
      <x>89.75934604391675</x>
      <y>52.84482415212873</y>
      <steeringAngle>-0.10660000000000001</steeringAngle>
      <velocity>0.0</velocity>
      <orientation>2.0714042982597674</orientation>
      <time>17</time>
    </ksState>
    <ksState>
      <x>89.75934604391675</x>
      <y>52.84482415212873</y>
      <steeringAngle>-0.07106666666666668</steeringAngle>
      <velocity>0.0</velocity>
      <orientation>2.0714042982597674</orientation>
      <time>18</time>
    </ksState>
    <ksState>
      <x>89.75934604391675</x>
      <y>52.84482415212873</y>
      <steeringAngle>-0.03553333333333333</steeringAngle>
      <velocity>0.0</velocity>
      <orientation>2.0714042982597674</orientation>
      <time>19</time>
    </ksState>
    <ksState>
      <x>89.75934604391675</x>
      <y>52.84482415212873</y>
      <steeringAngle>-0.0</steeringAngle>
      <velocity>0.0</velocity>
      <orientation>2.0714042982597674</orientation>
      <time>20</time>
    </ksState>
    <ksState>
      <x>89.75934604391675</x>
      <y>52.84482415212873</y>
      <steeringAngle>0.0</steeringAngle>
      <velocity>0.0</velocity>
      <orientation>2.0714042982597674</orientation>
      <time>21</time>
    </ksState>
    <ksState>
      <x>89.75934604391675</x>
      <y>52.84482415212873</y>
      <steeringAngle>0.0</steeringAngle>
      <velocity>0.0</velocity>
      <orientation>2.0714042982597674</orientation>
      <time>22</time>
    </ksState>
    <ksState>
      <x>89.75934604391675</x>
      <y>52.84482415212873</y>
      <steeringAngle>0.0</steeringAngle>
      <velocity>0.0</velocity>
      <orientation>2.0714042982597674</orientation>
      <time>23</time>
    </ksState>
    <ksState>
      <x>89.75934604391675</x>
      <y>52.84482415212873</y>
      <steeringAngle>0.0</steeringAngle>
      <velocity>0.0</velocity>
      <orientation>2.0714042982597674</orientation>
      <time>24</time>
    </ksState>
    <ksState>
      <x>89.75934604391675</x>
      <y>52.84482415212873</y>
      <steeringAngle>0.0</steeringAngle>
      <velocity>0.0</velocity>
      <orientation>2.0714042982597674</orientation>
      <time>25</time>
    </ksState>
    <ksState>
      <x>89.75934604391675</x>
      <y>52.84482415212873</y>
      <steeringAngle>0.0</steeringAngle>
      <velocity>0.0</velocity>
      <orientation>2.0714042982597674</orientation>
      <time>26</time>
    </ksState>
    <ksState>
      <x>89.75934604391675</x>
      <y>52.84482415212873</y>
      <steeringAngle>0.0</steeringAngle>
      <velocity>0.0</velocity>
      <orientation>2.0714042982597674</orientation>
      <time>27</time>
    </ksState>
    <ksState>
      <x>89.75934604391675</x>
      <y>52.84482415212873</y>
      <steeringAngle>0.0</steeringAngle>
      <velocity>0.0</velocity>
      <orientation>2.0714042982597674</orientation>
      <time>28</time>
    </ksState>
    <ksState>
      <x>89.75934604391675</x>
      <y>52.84482415212873</y>
      <steeringAngle>0.0</steeringAngle>
      <velocity>0.0</velocity>
      <orientation>2.0714042982597674</orientation>
      <time>29</time>
    </ksState>
    <ksState>
      <x>89.75934604391675</x>
      <y>52.84482415212873</y>
      <steeringAngle>0.0</steeringAngle>
      <velocity>0.0</velocity>
      <orientation>2.0714042982597674</orientation>
      <time>30</time>
    </ksState>
    <ksState>
      <x>89.75934604391675</x>
      <y>52.84482415212873</y>
      <steeringAngle>0.0</steeringAngle>
      <velocity>0.0</velocity>
      <orientation>2.0714042982597674</orientation>
      <time>31</time>
    </ksState>
    <ksState>
      <x>89.75934604391675</x>
      <y>52.84482415212873</y>
      <steeringAngle>0.0</steeringAngle>
      <velocity>0.0</velocity>
      <orientation>2.0714042982597674</orientation>
      <time>32</time>
    </ksState>
    <ksState>
      <x>89.75934604391675</x>
      <y>52.84482415212873</y>
      <steeringAngle>0.0</steeringAngle>
      <velocity>0.0</velocity>
      <orientation>2.0714042982597674</orientation>
      <time>33</time>
    </ksState>
  </ksTrajectory>
</CommonRoadSolution>
