<?xml version="1.0" ?>
<CommonRoadSolution benchmark_id="KS2:SM1:DEU_Flensburg-41_1_T-1:2020a" computation_time="3.857141700000284" date="2023-01-12T15:00:04">
  <ksTrajectory planningProblem="123">
    <ksState>
      <x>-374.20142</x>
      <y>379.83207</y>
      <steeringAngle>0.0</steeringAngle>
      <velocity>8.0</velocity>
      <orientation>1.8520831</orientation>
      <time>0</time>
    </ksState>
    <ksState>
      <x>-374.4234936638533</x>
      <y>380.6006292285717</y>
      <steeringAngle>0.0</steeringAngle>
      <velocity>8.0</velocity>
      <orientation>1.8520831</orientation>
      <time>1</time>
    </ksState>
    <ksState>
      <x>-374.6455673277067</x>
      <y>381.3691884571434</y>
      <steeringAngle>0.0</steeringAngle>
      <velocity>8.0</velocity>
      <orientation>1.8520831</orientation>
      <time>2</time>
    </ksState>
    <ksState>
      <x>-374.86764099156005</x>
      <y>382.1377476857151</y>
      <steeringAngle>0.0</steeringAngle>
      <velocity>8.0</velocity>
      <orientation>1.8520831</orientation>
      <time>3</time>
    </ksState>
    <ksState>
      <x>-375.08971465541345</x>
      <y>382.90630691428686</y>
      <steeringAngle>0.0</steeringAngle>
      <velocity>8.0</velocity>
      <orientation>1.8520831</orientation>
      <time>4</time>
    </ksState>
    <ksState>
      <x>-375.3117883192668</x>
      <y>383.67486614285855</y>
      <steeringAngle>0.0</steeringAngle>
      <velocity>8.0</velocity>
      <orientation>1.8520831</orientation>
      <time>5</time>
    </ksState>
    <ksState>
      <x>-375.5338619831201</x>
      <y>384.44342537143024</y>
      <steeringAngle>0.0</steeringAngle>
      <velocity>8.0</velocity>
      <orientation>1.8520831</orientation>
      <time>6</time>
    </ksState>
    <ksState>
      <x>-375.7559356469735</x>
      <y>385.211984600002</y>
      <steeringAngle>0.0</steeringAngle>
      <velocity>8.0</velocity>
      <orientation>1.8520831</orientation>
      <time>7</time>
    </ksState>
    <ksState>
      <x>-375.97800931082685</x>
      <y>385.9805438285737</y>
      <steeringAngle>0.0</steeringAngle>
      <velocity>8.0</velocity>
      <orientation>1.8520831</orientation>
      <time>8</time>
    </ksState>
    <ksState>
      <x>-376.20008297468024</x>
      <y>386.7491030571454</y>
      <steeringAngle>0.0</steeringAngle>
      <velocity>8.0</velocity>
      <orientation>1.8520831</orientation>
      <time>9</time>
    </ksState>
    <ksState>
      <x>-376.4221566385336</x>
      <y>387.5176622857171</y>
      <steeringAngle>0.0</steeringAngle>
      <velocity>8.0</velocity>
      <orientation>1.8520831</orientation>
      <time>10</time>
    </ksState>
    <ksState>
      <x>-376.6442303023869</x>
      <y>388.2862215142888</y>
      <steeringAngle>0.0</steeringAngle>
      <velocity>8.0</velocity>
      <orientation>1.8520831</orientation>
      <time>11</time>
    </ksState>
    <ksState>
      <x>-376.8663039662403</x>
      <y>389.05478074286054</y>
      <steeringAngle>0.0</steeringAngle>
      <velocity>8.0</velocity>
      <orientation>1.8520831</orientation>
      <time>12</time>
    </ksState>
    <ksState>
      <x>-377.08837763009365</x>
      <y>389.82333997143223</y>
      <steeringAngle>0.0</steeringAngle>
      <velocity>8.0</velocity>
      <orientation>1.8520831</orientation>
      <time>13</time>
    </ksState>
    <ksState>
      <x>-377.31045129394704</x>
      <y>390.591899200004</y>
      <steeringAngle>0.0</steeringAngle>
      <velocity>8.0</velocity>
      <orientation>1.8520831</orientation>
      <time>14</time>
    </ksState>
    <ksState>
      <x>-377.5325249578004</x>
      <y>391.36045842857567</y>
      <steeringAngle>0.0</steeringAngle>
      <velocity>8.0</velocity>
      <orientation>1.8520831</orientation>
      <time>15</time>
    </ksState>
    <ksState>
      <x>-377.76353857570297</x>
      <y>392.1264093953579</y>
      <steeringAngle>0.03553333333333333</steeringAngle>
      <velocity>8.0</velocity>
      <orientation>1.8575956350028389</orientation>
      <time>16</time>
    </ksState>
    <ksState>
      <x>-378.01801015666297</x>
      <y>392.88519084513325</y>
      <steeringAngle>0.07106666666666667</steeringAngle>
      <velocity>8.0</velocity>
      <orientation>1.8741471558831084</orientation>
      <time>17</time>
    </ksState>
    <ksState>
      <x>-378.3041504616021</x>
      <y>393.6332350206418</y>
      <steeringAngle>0.10659999999999997</steeringAngle>
      <velocity>8.0</velocity>
      <orientation>1.9017796351738032</orientation>
      <time>18</time>
    </ksState>
    <ksState>
      <x>-378.62985510699394</x>
      <y>394.36590007230166</y>
      <steeringAngle>0.1421333333333333</steeringAngle>
      <velocity>8.0</velocity>
      <orientation>1.9405634874465383</orientation>
      <time>19</time>
    </ksState>
    <ksState>
      <x>-379.0025172712307</x>
      <y>395.07720047872766</y>
      <steeringAngle>0.17766666666666667</steeringAngle>
      <velocity>8.0</velocity>
      <orientation>1.990598299695693</orientation>
      <time>20</time>
    </ksState>
    <ksState>
      <x>-379.4063393201867</x>
      <y>395.7261351696829</y>
      <steeringAngle>0.21320000000000014</steeringAngle>
      <velocity>7.200000000000003</velocity>
      <orientation>2.048847626767186</orientation>
      <time>21</time>
    </ksState>
    <ksState>
      <x>-379.81408093803213</x>
      <y>396.27718685379983</y>
      <steeringAngle>0.24873333333333347</steeringAngle>
      <velocity>6.400000000000004</velocity>
      <orientation>2.1107647142529653</orientation>
      <time>22</time>
    </ksState>
    <ksState>
      <x>-380.21415208425236</x>
      <y>396.7331270519409</y>
      <steeringAngle>0.2842666666666668</steeringAngle>
      <velocity>5.600000000000001</velocity>
      <orientation>2.1741868570168865</orientation>
      <time>23</time>
    </ksState>
    <ksState>
      <x>-380.5940277646887</x>
      <y>397.09906056181654</y>
      <steeringAngle>0.3198</steeringAngle>
      <velocity>4.800000000000002</velocity>
      <orientation>2.236915956758839</orientation>
      <time>24</time>
    </ksState>
    <ksState>
      <x>-380.9411754929516</x>
      <y>397.38229572132394</y>
      <steeringAngle>0.3553333333333332</steeringAngle>
      <velocity>4.000000000000001</velocity>
      <orientation>2.296705790807054</orientation>
      <time>25</time>
    </ksState>
    <ksState>
      <x>-381.23787664673137</x>
      <y>397.59780849785597</y>
      <steeringAngle>0.31979999999999975</steeringAngle>
      <velocity>3.2</velocity>
      <orientation>2.345812350864842</orientation>
      <time>26</time>
    </ksState>
    <ksState>
      <x>-381.4711345006904</x>
      <y>397.7600524064034</y>
      <steeringAngle>0.2842666666666663</steeringAngle>
      <velocity>2.4000000000000004</velocity>
      <orientation>2.3797446062310565</orientation>
      <time>27</time>
    </ksState>
    <ksState>
      <x>-381.63799350952667</x>
      <y>397.87440025161584</y>
      <steeringAngle>0.24873333333333292</steeringAngle>
      <velocity>1.6000000000000008</velocity>
      <orientation>2.401016927177995</orientation>
      <time>28</time>
    </ksState>
    <ksState>
      <x>-381.73755367116047</x>
      <y>397.94321079658204</y>
      <steeringAngle>0.21319999999999967</steeringAngle>
      <velocity>0.8000000000000008</velocity>
      <orientation>2.41205751791905</orientation>
      <time>29</time>
    </ksState>
    <ksState>
      <x>-381.77041335592315</x>
      <y>397.9664604284366</y>
      <steeringAngle>0.1776666666666663</steeringAngle>
      <velocity>6.661338147750939e-16</velocity>
      <orientation>2.4152237554609286</orientation>
      <time>30</time>
    </ksState>
    <ksState>
      <x>-381.77041335592315</x>
      <y>397.9664604284366</y>
      <steeringAngle>0.14213333333333336</steeringAngle>
      <velocity>0.0</velocity>
      <orientation>2.4152237554609286</orientation>
      <time>31</time>
    </ksState>
    <ksState>
      <x>-381.77041335592315</x>
      <y>397.9664604284366</y>
      <steeringAngle>0.10660000000000001</steeringAngle>
      <velocity>0.0</velocity>
      <orientation>2.4152237554609286</orientation>
      <time>32</time>
    </ksState>
    <ksState>
      <x>-381.77041335592315</x>
      <y>397.9664604284366</y>
      <steeringAngle>0.07106666666666668</steeringAngle>
      <velocity>0.0</velocity>
      <orientation>2.4152237554609286</orientation>
      <time>33</time>
    </ksState>
    <ksState>
      <x>-381.77041335592315</x>
      <y>397.9664604284366</y>
      <steeringAngle>0.03553333333333333</steeringAngle>
      <velocity>0.0</velocity>
      <orientation>2.4152237554609286</orientation>
      <time>34</time>
    </ksState>
    <ksState>
      <x>-381.77041335592315</x>
      <y>397.9664604284366</y>
      <steeringAngle>0.0</steeringAngle>
      <velocity>0.0</velocity>
      <orientation>2.4152237554609286</orientation>
      <time>35</time>
    </ksState>
    <ksState>
      <x>-381.79996572654835</x>
      <y>397.9934220551872</y>
      <steeringAngle>-0.03553333333333333</steeringAngle>
      <velocity>0.8</velocity>
      <orientation>2.4148562236826865</orientation>
      <time>36</time>
    </ksState>
    <ksState>
      <x>-381.88711784896446</x>
      <y>398.0759920285238</y>
      <steeringAngle>-0.0710666666666667</steeringAngle>
      <velocity>1.6</velocity>
      <orientation>2.412281377090701</orientation>
      <time>37</time>
    </ksState>
    <ksState>
      <x>-382.0291446890965</x>
      <y>398.21715328032315</y>
      <steeringAngle>-0.10660000000000003</steeringAngle>
      <velocity>2.4000000000000004</velocity>
      <orientation>2.4052806728538636</orientation>
      <time>38</time>
    </ksState>
    <ksState>
      <x>-382.22222426859065</x>
      <y>398.4208531045583</y>
      <steeringAngle>-0.14213333333333342</steeringAngle>
      <velocity>3.2000000000000015</velocity>
      <orientation>2.3916130319130438</orientation>
      <time>39</time>
    </ksState>
    <ksState>
      <x>-382.460755568391</x>
      <y>398.6923714071594</y>
      <steeringAngle>-0.17766666666666683</steeringAngle>
      <velocity>4.0000000000000036</velocity>
      <orientation>2.3690031160398233</orientation>
      <time>40</time>
    </ksState>
    <ksState>
      <x>-382.74019300999714</x>
      <y>399.0350069847305</y>
      <steeringAngle>-0.17766666666666667</steeringAngle>
      <velocity>4.800000000000002</velocity>
      <orientation>2.338367578997489</orientation>
      <time>41</time>
    </ksState>
    <ksState>
      <x>-383.0567173581163</x>
      <y>399.4507422709754</y>
      <steeringAngle>-0.17766666666666667</steeringAngle>
      <velocity>5.600000000000001</velocity>
      <orientation>2.302161944320949</orientation>
      <time>42</time>
    </ksState>
    <ksState>
      <x>-383.4029550094663</x>
      <y>399.94429991512334</y>
      <steeringAngle>-0.17766666666666667</steeringAngle>
      <velocity>6.3999999999999995</velocity>
      <orientation>2.260386212011309</orientation>
      <time>43</time>
    </ksState>
    <ksState>
      <x>-383.7700430553868</x>
      <y>400.5205780434734</y>
      <steeringAngle>-0.17766666666666667</steeringAngle>
      <velocity>7.200000000000002</velocity>
      <orientation>2.213040382069212</orientation>
      <time>44</time>
    </ksState>
    <ksState>
      <x>-384.14751917076194</x>
      <y>401.18438783173895</y>
      <steeringAngle>-0.17766666666666667</steeringAngle>
      <velocity>8.0</velocity>
      <orientation>2.160124454495062</orientation>
      <time>45</time>
    </ksState>
    <ksState>
      <x>-384.5063428915488</x>
      <y>401.9036641904139</y>
      <steeringAngle>-0.17766666666666667</steeringAngle>
      <velocity>8.0</velocity>
      <orientation>2.1044234781845503</orientation>
      <time>46</time>
    </ksState>
    <ksState>
      <x>-384.82456645215717</x>
      <y>402.6418015539401</y>
      <steeringAngle>-0.17766666666666667</steeringAngle>
      <velocity>8.0</velocity>
      <orientation>2.0487225018740385</orientation>
      <time>47</time>
    </ksState>
    <ksState>
      <x>-385.1012027688585</x>
      <y>403.3965103411409</y>
      <steeringAngle>-0.17766666666666667</steeringAngle>
      <velocity>8.0</velocity>
      <orientation>1.993021525563527</orientation>
      <time>48</time>
    </ksState>
    <ksState>
      <x>-385.33539377209866</x>
      <y>404.1654495989222</y>
      <steeringAngle>-0.17766666666666667</steeringAngle>
      <velocity>8.0</velocity>
      <orientation>1.9373205492530152</orientation>
      <time>49</time>
    </ksState>
    <ksState>
      <x>-385.52641304877113</x>
      <y>404.94623423490884</y>
      <steeringAngle>-0.17766666666666667</steeringAngle>
      <velocity>8.0</velocity>
      <orientation>1.8816195729425034</orientation>
      <time>50</time>
    </ksState>
    <ksState>
      <x>-385.67366807133914</x>
      <y>405.7364423727286</y>
      <steeringAngle>-0.17766666666666667</steeringAngle>
      <velocity>8.0</velocity>
      <orientation>1.8259185966319915</orientation>
      <time>51</time>
    </ksState>
    <ksState>
      <x>-385.7767021192438</x>
      <y>406.53362302159815</y>
      <steeringAngle>-0.17766666666666667</steeringAngle>
      <velocity>8.0</velocity>
      <orientation>1.77021762032148</orientation>
      <time>52</time>
    </ksState>
    <ksState>
      <x>-385.8351955916174</x>
      <y>407.33530345598945</y>
      <steeringAngle>-0.17766666666666667</steeringAngle>
      <velocity>8.0</velocity>
      <orientation>1.7145166440109683</orientation>
      <time>53</time>
    </ksState>
    <ksState>
      <x>-385.84896705362183</x>
      <y>408.13899702631966</y>
      <steeringAngle>-0.17766666666666667</steeringAngle>
      <velocity>8.0</velocity>
      <orientation>1.6588156677004564</orientation>
      <time>54</time>
    </ksState>
    <ksState>
      <x>-385.8179737885239</x>
      <y>408.94221083930586</y>
      <steeringAngle>-0.17766666666666667</steeringAngle>
      <velocity>8.0</velocity>
      <orientation>1.6031146913899446</orientation>
      <time>55</time>
    </ksState>
    <ksState>
      <x>-385.7382292149693</x>
      <y>409.7023616686396</y>
      <steeringAngle>-0.21320000000000014</steeringAngle>
      <velocity>7.200000000000003</velocity>
      <orientation>1.5448653643184518</orientation>
      <time>56</time>
    </ksState>
    <ksState>
      <x>-385.61219637800633</x>
      <y>410.3761768580636</y>
      <steeringAngle>-0.24873333333333347</steeringAngle>
      <velocity>6.400000000000004</velocity>
      <orientation>1.4829482768326723</orientation>
      <time>57</time>
    </ksState>
    <ksState>
      <x>-385.45151158826064</x>
      <y>410.96108606867944</y>
      <steeringAngle>-0.2842666666666668</steeringAngle>
      <velocity>5.600000000000001</velocity>
      <orientation>1.4195261340687513</orientation>
      <time>58</time>
    </ksState>
    <ksState>
      <x>-385.26967151602054</x>
      <y>411.4562093405669</y>
      <steeringAngle>-0.3198</steeringAngle>
      <velocity>4.800000000000002</velocity>
      <orientation>1.3567970343267985</orientation>
      <time>59</time>
    </ksState>
    <ksState>
      <x>-385.0811422399968</x>
      <y>411.86264557529654</y>
      <steeringAngle>-0.3553333333333332</steeringAngle>
      <velocity>4.000000000000001</velocity>
      <orientation>1.2970072002785837</orientation>
      <time>60</time>
    </ksState>
    <ksState>
      <x>-384.8883924332015</x>
      <y>412.2215873574484</y>
      <steeringAngle>-0.31979999999999986</steeringAngle>
      <velocity>4.0</velocity>
      <orientation>1.2425590010852041</orientation>
      <time>61</time>
    </ksState>
    <ksState>
      <x>-384.6856262047299</x>
      <y>412.5731688836912</y>
      <steeringAngle>-0.28426666666666656</steeringAngle>
      <velocity>4.0</velocity>
      <orientation>1.1942283216039469</orientation>
      <time>62</time>
    </ksState>
    <ksState>
      <x>-384.47498002113224</x>
      <y>412.91850545034663</y>
      <steeringAngle>-0.2487333333333332</steeringAngle>
      <velocity>4.0</velocity>
      <orientation>1.1518810878810717</orientation>
      <time>63</time>
    </ksState>
    <ksState>
      <x>-384.2584525634257</x>
      <y>413.2588162553363</y>
      <steeringAngle>-0.21319999999999986</steeringAngle>
      <velocity>4.0</velocity>
      <orientation>1.115402246807444</orientation>
      <time>64</time>
    </ksState>
    <ksState>
      <x>-384.0379334384881</x>
      <y>413.59539306129955</y>
      <steeringAngle>-0.1776666666666665</steeringAngle>
      <velocity>4.0</velocity>
      <orientation>1.0846944641586163</orientation>
      <time>65</time>
    </ksState>
    <ksState>
      <x>-383.83776095613257</x>
      <y>413.89634147140407</y>
      <steeringAngle>-0.1421333333333333</steeringAngle>
      <velocity>3.1999999999999993</velocity>
      <orientation>1.062084549185174</orientation>
      <time>66</time>
    </ksState>
    <ksState>
      <x>-383.6827224631274</x>
      <y>414.1303147422585</y>
      <steeringAngle>-0.10659999999999997</steeringAngle>
      <velocity>2.3999999999999977</velocity>
      <orientation>1.0484169083144665</orientation>
      <time>67</time>
    </ksState>
    <ksState>
      <x>-383.57367388696133</x>
      <y>414.2982681873917</y>
      <steeringAngle>-0.07106666666666664</steeringAngle>
      <velocity>1.5999999999999976</velocity>
      <orientation>1.0414162024612474</orientation>
      <time>68</time>
    </ksState>
    <ksState>
      <x>-383.50976735392214</x>
      <y>414.39990226152787</y>
      <steeringAngle>-0.0355333333333333</steeringAngle>
      <velocity>0.7999999999999972</velocity>
      <orientation>1.0388413579872802</orientation>
      <time>69</time>
    </ksState>
    <ksState>
      <x>-383.4890204274292</x>
      <y>414.434105183354</y>
      <steeringAngle>2.5153490401663703e-17</steeringAngle>
      <velocity>-2.914335439641036e-15</velocity>
      <orientation>1.038473846408749</orientation>
      <time>70</time>
    </ksState>
    <ksState>
      <x>-383.4890204274292</x>
      <y>414.434105183354</y>
      <steeringAngle>0.0</steeringAngle>
      <velocity>0.0</velocity>
      <orientation>1.038473846408749</orientation>
      <time>71</time>
    </ksState>
    <ksState>
      <x>-383.4890204274292</x>
      <y>414.434105183354</y>
      <steeringAngle>0.0</steeringAngle>
      <velocity>0.0</velocity>
      <orientation>1.038473846408749</orientation>
      <time>72</time>
    </ksState>
    <ksState>
      <x>-383.4890204274292</x>
      <y>414.434105183354</y>
      <steeringAngle>0.0</steeringAngle>
      <velocity>0.0</velocity>
      <orientation>1.038473846408749</orientation>
      <time>73</time>
    </ksState>
    <ksState>
      <x>-383.4890204274292</x>
      <y>414.434105183354</y>
      <steeringAngle>0.0</steeringAngle>
      <velocity>0.0</velocity>
      <orientation>1.038473846408749</orientation>
      <time>74</time>
    </ksState>
    <ksState>
      <x>-383.4890204274292</x>
      <y>414.434105183354</y>
      <steeringAngle>0.0</steeringAngle>
      <velocity>0.0</velocity>
      <orientation>1.038473846408749</orientation>
      <time>75</time>
    </ksState>
    <ksState>
      <x>-383.4890204274292</x>
      <y>414.434105183354</y>
      <steeringAngle>0.0</steeringAngle>
      <velocity>0.0</velocity>
      <orientation>1.038473846408749</orientation>
      <time>76</time>
    </ksState>
    <ksState>
      <x>-383.4890204274292</x>
      <y>414.434105183354</y>
      <steeringAngle>0.0</steeringAngle>
      <velocity>0.0</velocity>
      <orientation>1.038473846408749</orientation>
      <time>77</time>
    </ksState>
    <ksState>
      <x>-383.4890204274292</x>
      <y>414.434105183354</y>
      <steeringAngle>0.0</steeringAngle>
      <velocity>0.0</velocity>
      <orientation>1.038473846408749</orientation>
      <time>78</time>
    </ksState>
    <ksState>
      <x>-383.4890204274292</x>
      <y>414.434105183354</y>
      <steeringAngle>0.0</steeringAngle>
      <velocity>0.0</velocity>
      <orientation>1.038473846408749</orientation>
      <time>79</time>
    </ksState>
    <ksState>
      <x>-383.4890204274292</x>
      <y>414.434105183354</y>
      <steeringAngle>0.0</steeringAngle>
      <velocity>0.0</velocity>
      <orientation>1.038473846408749</orientation>
      <time>80</time>
    </ksState>
    <ksState>
      <x>-383.4890204274292</x>
      <y>414.434105183354</y>
      <steeringAngle>0.0</steeringAngle>
      <velocity>0.0</velocity>
      <orientation>1.038473846408749</orientation>
      <time>81</time>
    </ksState>
    <ksState>
      <x>-383.4890204274292</x>
      <y>414.434105183354</y>
      <steeringAngle>0.0</steeringAngle>
      <velocity>0.0</velocity>
      <orientation>1.038473846408749</orientation>
      <time>82</time>
    </ksState>
    <ksState>
      <x>-383.4890204274292</x>
      <y>414.434105183354</y>
      <steeringAngle>0.0</steeringAngle>
      <velocity>0.0</velocity>
      <orientation>1.038473846408749</orientation>
      <time>83</time>
    </ksState>
    <ksState>
      <x>-383.4890204274292</x>
      <y>414.434105183354</y>
      <steeringAngle>0.0</steeringAngle>
      <velocity>0.0</velocity>
      <orientation>1.038473846408749</orientation>
      <time>84</time>
    </ksState>
    <ksState>
      <x>-383.4890204274292</x>
      <y>414.434105183354</y>
      <steeringAngle>0.0</steeringAngle>
      <velocity>0.0</velocity>
      <orientation>1.038473846408749</orientation>
      <time>85</time>
    </ksState>
    <ksState>
      <x>-383.4890204274292</x>
      <y>414.434105183354</y>
      <steeringAngle>0.0</steeringAngle>
      <velocity>0.0</velocity>
      <orientation>1.038473846408749</orientation>
      <time>86</time>
    </ksState>
    <ksState>
      <x>-383.4890204274292</x>
      <y>414.434105183354</y>
      <steeringAngle>0.0</steeringAngle>
      <velocity>0.0</velocity>
      <orientation>1.038473846408749</orientation>
      <time>87</time>
    </ksState>
    <ksState>
      <x>-383.4890204274292</x>
      <y>414.434105183354</y>
      <steeringAngle>0.0</steeringAngle>
      <velocity>0.0</velocity>
      <orientation>1.038473846408749</orientation>
      <time>88</time>
    </ksState>
    <ksState>
      <x>-383.4890204274292</x>
      <y>414.434105183354</y>
      <steeringAngle>0.0</steeringAngle>
      <velocity>0.0</velocity>
      <orientation>1.038473846408749</orientation>
      <time>89</time>
    </ksState>
    <ksState>
      <x>-383.4890204274292</x>
      <y>414.434105183354</y>
      <steeringAngle>0.0</steeringAngle>
      <velocity>0.0</velocity>
      <orientation>1.038473846408749</orientation>
      <time>90</time>
    </ksState>
    <ksState>
      <x>-383.4890204274292</x>
      <y>414.434105183354</y>
      <steeringAngle>0.0</steeringAngle>
      <velocity>0.0</velocity>
      <orientation>1.038473846408749</orientation>
      <time>91</time>
    </ksState>
    <ksState>
      <x>-383.4890204274292</x>
      <y>414.434105183354</y>
      <steeringAngle>0.0</steeringAngle>
      <velocity>0.0</velocity>
      <orientation>1.038473846408749</orientation>
      <time>92</time>
    </ksState>
    <ksState>
      <x>-383.4890204274292</x>
      <y>414.434105183354</y>
      <steeringAngle>0.0</steeringAngle>
      <velocity>0.0</velocity>
      <orientation>1.038473846408749</orientation>
      <time>93</time>
    </ksState>
    <ksState>
      <x>-383.4890204274292</x>
      <y>414.434105183354</y>
      <steeringAngle>0.0</steeringAngle>
      <velocity>0.0</velocity>
      <orientation>1.038473846408749</orientation>
      <time>94</time>
    </ksState>
    <ksState>
      <x>-383.4890204274292</x>
      <y>414.434105183354</y>
      <steeringAngle>0.0</steeringAngle>
      <velocity>0.0</velocity>
      <orientation>1.038473846408749</orientation>
      <time>95</time>
    </ksState>
    <ksState>
      <x>-383.4890204274292</x>
      <y>414.434105183354</y>
      <steeringAngle>0.0</steeringAngle>
      <velocity>0.0</velocity>
      <orientation>1.038473846408749</orientation>
      <time>96</time>
    </ksState>
    <ksState>
      <x>-383.4890204274292</x>
      <y>414.434105183354</y>
      <steeringAngle>0.0</steeringAngle>
      <velocity>0.0</velocity>
      <orientation>1.038473846408749</orientation>
      <time>97</time>
    </ksState>
    <ksState>
      <x>-383.4890204274292</x>
      <y>414.434105183354</y>
      <steeringAngle>0.0</steeringAngle>
      <velocity>0.0</velocity>
      <orientation>1.038473846408749</orientation>
      <time>98</time>
    </ksState>
    <ksState>
      <x>-383.4890204274292</x>
      <y>414.434105183354</y>
      <steeringAngle>0.0</steeringAngle>
      <velocity>0.0</velocity>
      <orientation>1.038473846408749</orientation>
      <time>99</time>
    </ksState>
  </ksTrajectory>
</CommonRoadSolution>
