<?xml version="1.0" ?>
<CommonRoadSolution benchmark_id="KS2:SM1:DEU_Guetersloh-25_4_T-1:2020a" computation_time="1.2996620479998455" date="2023-01-12T15:00:04">
  <ksTrajectory planningProblem="1">
    <ksState>
      <x>158.25424</x>
      <y>-305.94398</y>
      <steeringAngle>0.0</steeringAngle>
      <velocity>4.0</velocity>
      <orientation>-1.7268101</orientation>
      <time>0</time>
    </ksState>
    <ksState>
      <x>158.19072307303273</x>
      <y>-306.3793915403077</y>
      <steeringAngle>0.035533333333333326</steeringAngle>
      <velocity>4.799999999999999</velocity>
      <orientation>-1.7236863213308091</orientation>
      <time>1</time>
    </ksState>
    <ksState>
      <x>158.1292815355865</x>
      <y>-306.89596773297154</y>
      <steeringAngle>0.07106666666666667</steeringAngle>
      <velocity>5.599999999999998</velocity>
      <orientation>-1.7128357102696363</orientation>
      <time>2</time>
    </ksState>
    <ksState>
      <x>158.07947950853523</x>
      <y>-307.4945987949406</y>
      <steeringAngle>0.10659999999999999</steeringAngle>
      <velocity>6.3999999999999995</velocity>
      <orientation>-1.6920187612693085</orientation>
      <time>3</time>
    </ksState>
    <ksState>
      <x>158.05466056656752</x>
      <y>-308.17570313808193</y>
      <steeringAngle>0.14213333333333333</steeringAngle>
      <velocity>7.199999999999999</velocity>
      <orientation>-1.6589591902881433</orientation>
      <time>4</time>
    </ksState>
    <ksState>
      <x>158.07272841982834</x>
      <y>-308.93837120938963</y>
      <steeringAngle>0.17766666666666664</steeringAngle>
      <velocity>7.9999999999999964</velocity>
      <orientation>-1.6113318682065967</orientation>
      <time>5</time>
    </ksState>
    <ksState>
      <x>158.14181207415925</x>
      <y>-309.739208515871</y>
      <steeringAngle>0.17766666666666667</steeringAngle>
      <velocity>8.0</velocity>
      <orientation>-1.5556308918960848</orientation>
      <time>6</time>
    </ksState>
    <ksState>
      <x>158.25537294276327</x>
      <y>-310.53495780495746</y>
      <steeringAngle>0.17766666666666667</steeringAngle>
      <velocity>8.0</velocity>
      <orientation>-1.4999299155855732</orientation>
      <time>7</time>
    </ksState>
    <ksState>
      <x>158.41305878387018</x>
      <y>-311.32315078939115</y>
      <steeringAngle>0.17766666666666667</steeringAngle>
      <velocity>8.0</velocity>
      <orientation>-1.4442289392750616</orientation>
      <time>8</time>
    </ksState>
    <ksState>
      <x>158.61438048807585</x>
      <y>-312.10134265491763</y>
      <steeringAngle>0.17766666666666667</steeringAngle>
      <velocity>8.0</velocity>
      <orientation>-1.3885279629645497</orientation>
      <time>9</time>
    </ksState>
    <ksState>
      <x>158.85871359703228</x>
      <y>-312.8671196092072</y>
      <steeringAngle>0.17766666666666667</steeringAngle>
      <velocity>8.0</velocity>
      <orientation>-1.3328269866540379</orientation>
      <time>10</time>
    </ksState>
    <ksState>
      <x>159.12148773663878</x>
      <y>-313.58344575243547</y>
      <steeringAngle>0.1421333333333334</steeringAngle>
      <velocity>7.2</velocity>
      <orientation>-1.285199664908401</orientation>
      <time>11</time>
    </ksState>
    <ksState>
      <x>159.3692296051467</x>
      <y>-314.2184610780296</y>
      <steeringAngle>0.10660000000000011</steeringAngle>
      <velocity>6.4</velocity>
      <orientation>-1.252140094460433</orientation>
      <time>12</time>
    </ksState>
    <ksState>
      <x>159.59154188258674</x>
      <y>-314.776552430717</y>
      <steeringAngle>0.07106666666666674</steeringAngle>
      <velocity>5.600000000000001</velocity>
      <orientation>-1.2313231461665446</orientation>
      <time>13</time>
    </ksState>
    <ksState>
      <x>159.78217444550293</x>
      <y>-315.26060248432765</y>
      <steeringAngle>0.03553333333333339</steeringAngle>
      <velocity>4.800000000000001</velocity>
      <orientation>-1.2204725365088815</orientation>
      <time>14</time>
    </ksState>
    <ksState>
      <x>159.93820886485594</x>
      <y>-315.6720326904951</y>
      <steeringAngle>5.5294310796760726e-17</steeringAngle>
      <velocity>4.0</velocity>
      <orientation>-1.2173487606717162</orientation>
      <time>15</time>
    </ksState>
    <ksState>
      <x>160.0662682520571</x>
      <y>-316.0085015123354</y>
      <steeringAngle>0.03553333333333333</steeringAngle>
      <velocity>3.2</velocity>
      <orientation>-1.2149600122919235</orientation>
      <time>16</time>
    </ksState>
    <ksState>
      <x>160.17207109649786</x>
      <y>-316.26786587267037</y>
      <steeringAngle>0.07106666666666668</steeringAngle>
      <velocity>2.4</velocity>
      <orientation>-1.209259097286127</orientation>
      <time>17</time>
    </ksState>
    <ksState>
      <x>160.2524656272909</x>
      <y>-316.4512498891274</y>
      <steeringAngle>0.10660000000000003</steeringAngle>
      <velocity>1.5999999999999994</velocity>
      <orientation>-1.2024435635413955</orientation>
      <time>18</time>
    </ksState>
    <ksState>
      <x>160.30356932852015</x>
      <y>-316.5601279425487</y>
      <steeringAngle>0.14213333333333342</steeringAngle>
      <velocity>0.7999999999999988</velocity>
      <orientation>-1.1967193020549158</orientation>
      <time>19</time>
    </ksState>
    <ksState>
      <x>160.32141609331205</x>
      <y>-316.5960892243066</y>
      <steeringAngle>0.17766666666666675</steeringAngle>
      <velocity>-1.5265566588595902e-15</velocity>
      <orientation>-1.19431180758036</orientation>
      <time>20</time>
    </ksState>
    <ksState>
      <x>160.32141609331205</x>
      <y>-316.5960892243066</y>
      <steeringAngle>0.14213333333333336</steeringAngle>
      <velocity>0.0</velocity>
      <orientation>-1.19431180758036</orientation>
      <time>21</time>
    </ksState>
    <ksState>
      <x>160.32141609331205</x>
      <y>-316.5960892243066</y>
      <steeringAngle>0.10660000000000001</steeringAngle>
      <velocity>0.0</velocity>
      <orientation>-1.19431180758036</orientation>
      <time>22</time>
    </ksState>
    <ksState>
      <x>160.32141609331205</x>
      <y>-316.5960892243066</y>
      <steeringAngle>0.07106666666666668</steeringAngle>
      <velocity>0.0</velocity>
      <orientation>-1.19431180758036</orientation>
      <time>23</time>
    </ksState>
    <ksState>
      <x>160.32141609331205</x>
      <y>-316.5960892243066</y>
      <steeringAngle>0.03553333333333333</steeringAngle>
      <velocity>0.0</velocity>
      <orientation>-1.19431180758036</orientation>
      <time>24</time>
    </ksState>
    <ksState>
      <x>160.32141609331205</x>
      <y>-316.5960892243066</y>
      <steeringAngle>0.0</steeringAngle>
      <velocity>0.0</velocity>
      <orientation>-1.19431180758036</orientation>
      <time>25</time>
    </ksState>
    <ksState>
      <x>160.32141609331205</x>
      <y>-316.5960892243066</y>
      <steeringAngle>0.0</steeringAngle>
      <velocity>0.0</velocity>
      <orientation>-1.19431180758036</orientation>
      <time>26</time>
    </ksState>
    <ksState>
      <x>160.32141609331205</x>
      <y>-316.5960892243066</y>
      <steeringAngle>0.0</steeringAngle>
      <velocity>0.0</velocity>
      <orientation>-1.19431180758036</orientation>
      <time>27</time>
    </ksState>
    <ksState>
      <x>160.32141609331205</x>
      <y>-316.5960892243066</y>
      <steeringAngle>0.0</steeringAngle>
      <velocity>0.0</velocity>
      <orientation>-1.19431180758036</orientation>
      <time>28</time>
    </ksState>
    <ksState>
      <x>160.32141609331205</x>
      <y>-316.5960892243066</y>
      <steeringAngle>0.0</steeringAngle>
      <velocity>0.0</velocity>
      <orientation>-1.19431180758036</orientation>
      <time>29</time>
    </ksState>
    <ksState>
      <x>160.32141609331205</x>
      <y>-316.5960892243066</y>
      <steeringAngle>0.0</steeringAngle>
      <velocity>0.0</velocity>
      <orientation>-1.19431180758036</orientation>
      <time>30</time>
    </ksState>
    <ksState>
      <x>160.32141609331205</x>
      <y>-316.5960892243066</y>
      <steeringAngle>0.0</steeringAngle>
      <velocity>0.0</velocity>
      <orientation>-1.19431180758036</orientation>
      <time>31</time>
    </ksState>
    <ksState>
      <x>160.32141609331205</x>
      <y>-316.5960892243066</y>
      <steeringAngle>0.0</steeringAngle>
      <velocity>0.0</velocity>
      <orientation>-1.19431180758036</orientation>
      <time>32</time>
    </ksState>
    <ksState>
      <x>160.32141609331205</x>
      <y>-316.5960892243066</y>
      <steeringAngle>0.0</steeringAngle>
      <velocity>0.0</velocity>
      <orientation>-1.19431180758036</orientation>
      <time>33</time>
    </ksState>
  </ksTrajectory>
</CommonRoadSolution>
