<?xml version="1.0" ?>
<CommonRoadSolution benchmark_id="KS2:SM1:ITA_Foggia-4_2_T-1:2020a" computation_time="1.6493266810002751" date="2023-01-12T15:00:04">
  <ksTrajectory planningProblem="1">
    <ksState>
      <x>904.06257</x>
      <y>-305.9922</y>
      <steeringAngle>0.0</steeringAngle>
      <velocity>4.0</velocity>
      <orientation>-1.3329492</orientation>
      <time>0</time>
    </ksState>
    <ksState>
      <x>904.1710083232571</x>
      <y>-306.4186489881495</y>
      <steeringAngle>0.035533333333333326</steeringAngle>
      <velocity>4.799999999999999</velocity>
      <orientation>-1.3298254213308092</orientation>
      <time>1</time>
    </ksState>
    <ksState>
      <x>904.3125105996791</x>
      <y>-306.9192517559387</y>
      <steeringAngle>0.07106666666666667</steeringAngle>
      <velocity>5.599999999999998</velocity>
      <orientation>-1.3189748102696364</orientation>
      <time>2</time>
    </ksState>
    <ksState>
      <x>904.4962502931234</x>
      <y>-307.4911600661648</y>
      <steeringAngle>0.10659999999999999</steeringAngle>
      <velocity>6.3999999999999995</velocity>
      <orientation>-1.2981578612693085</orientation>
      <time>3</time>
    </ksState>
    <ksState>
      <x>904.7347098864445</x>
      <y>-308.12963961045693</y>
      <steeringAngle>0.14213333333333333</steeringAngle>
      <velocity>7.199999999999999</velocity>
      <orientation>-1.2650982902881434</orientation>
      <time>4</time>
    </ksState>
    <ksState>
      <x>905.0440732327686</x>
      <y>-308.82697981026246</y>
      <steeringAngle>0.17766666666666664</steeringAngle>
      <velocity>7.9999999999999964</velocity>
      <orientation>-1.2174709682065967</orientation>
      <time>5</time>
    </ksState>
    <ksState>
      <x>905.4038961218146</x>
      <y>-309.5013061176736</y>
      <steeringAngle>0.21320000000000014</steeringAngle>
      <velocity>7.200000000000003</velocity>
      <orientation>-1.159221641135104</orientation>
      <time>6</time>
    </ksState>
    <ksState>
      <x>905.7741320618221</x>
      <y>-310.07822598578196</y>
      <steeringAngle>0.24873333333333347</steeringAngle>
      <velocity>6.400000000000004</velocity>
      <orientation>-1.0973045536493244</orientation>
      <time>7</time>
    </ksState>
    <ksState>
      <x>906.1430325061988</x>
      <y>-310.55973491452323</y>
      <steeringAngle>0.2842666666666668</steeringAngle>
      <velocity>5.600000000000001</velocity>
      <orientation>-1.0338824108854034</orientation>
      <time>8</time>
    </ksState>
    <ksState>
      <x>906.4977610256642</x>
      <y>-310.9500944202544</y>
      <steeringAngle>0.3198</steeringAngle>
      <velocity>4.800000000000002</velocity>
      <orientation>-0.9711533111434507</orientation>
      <time>9</time>
    </ksState>
    <ksState>
      <x>906.825327339229</x>
      <y>-311.2557641947445</y>
      <steeringAngle>0.3553333333333332</steeringAngle>
      <velocity>4.000000000000001</velocity>
      <orientation>-0.911363477095236</orientation>
      <time>10</time>
    </ksState>
    <ksState>
      <x>907.1070571421835</x>
      <y>-311.4905101204387</y>
      <steeringAngle>0.31979999999999975</steeringAngle>
      <velocity>3.2</velocity>
      <orientation>-0.8622569170374477</orientation>
      <time>11</time>
    </ksState>
    <ksState>
      <x>907.329022302561</x>
      <y>-311.66789044593435</y>
      <steeringAngle>0.2842666666666663</steeringAngle>
      <velocity>2.4000000000000004</velocity>
      <orientation>-0.8283246616712333</orientation>
      <time>12</time>
    </ksState>
    <ksState>
      <x>907.4879169002801</x>
      <y>-311.7930697786944</y>
      <steeringAngle>0.24873333333333292</steeringAngle>
      <velocity>1.6000000000000008</velocity>
      <orientation>-0.8070523407242945</orientation>
      <time>13</time>
    </ksState>
    <ksState>
      <x>907.5826862340256</x>
      <y>-311.86834188683895</y>
      <steeringAngle>0.21319999999999967</steeringAngle>
      <velocity>0.8000000000000008</velocity>
      <orientation>-0.7960117499832398</orientation>
      <time>14</time>
    </ksState>
    <ksState>
      <x>907.613928921022</x>
      <y>-311.89372295800075</y>
      <steeringAngle>0.1776666666666663</steeringAngle>
      <velocity>6.661338147750939e-16</velocity>
      <orientation>-0.7928455124413615</orientation>
      <time>15</time>
    </ksState>
    <ksState>
      <x>907.6444741569799</x>
      <y>-311.91977540592933</y>
      <steeringAngle>0.14213333333333333</steeringAngle>
      <velocity>0.8</velocity>
      <orientation>-0.790438015230559</orientation>
      <time>16</time>
    </ksState>
    <ksState>
      <x>907.7349247217758</x>
      <y>-311.9990549673704</y>
      <steeringAngle>0.10660000000000001</steeringAngle>
      <velocity>1.6</velocity>
      <orientation>-0.7847137286102244</orientation>
      <time>17</time>
    </ksState>
    <ksState>
      <x>907.8837840398741</x>
      <y>-312.1329790602455</y>
      <steeringAngle>0.07106666666666664</steeringAngle>
      <velocity>2.4000000000000004</velocity>
      <orientation>-0.7778982148472456</orientation>
      <time>18</time>
    </ksState>
    <ksState>
      <x>908.0895507180832</x>
      <y>-312.32305037674615</y>
      <steeringAngle>0.03553333333333332</steeringAngle>
      <velocity>3.1999999999999993</velocity>
      <orientation>-0.7721972941343159</orientation>
      <time>19</time>
    </ksState>
    <ksState>
      <x>908.3502187462921</x>
      <y>-312.57137410484626</y>
      <steeringAngle>-2.6020852139652106e-18</steeringAngle>
      <velocity>3.999999999999999</velocity>
      <orientation>-0.769808542545989</orientation>
      <time>20</time>
    </ksState>
    <ksState>
      <x>908.6112727676286</x>
      <y>-312.8192879460591</y>
      <steeringAngle>0.03553333333333333</steeringAngle>
      <velocity>3.2</velocity>
      <orientation>-0.7674197941661964</orientation>
      <time>21</time>
    </ksState>
    <ksState>
      <x>908.8188952943993</x>
      <y>-313.0073225165005</y>
      <steeringAngle>0.07106666666666668</steeringAngle>
      <velocity>2.4</velocity>
      <orientation>-0.7617188791603998</orientation>
      <time>22</time>
    </ksState>
    <ksState>
      <x>908.9707314212221</x>
      <y>-313.1378551509824</y>
      <steeringAngle>0.10660000000000003</steeringAngle>
      <velocity>1.5999999999999994</velocity>
      <orientation>-0.7549033454156683</orientation>
      <time>23</time>
    </ksState>
    <ksState>
      <x>909.063919041791</x>
      <y>-313.213895181025</y>
      <steeringAngle>0.14213333333333342</steeringAngle>
      <velocity>0.7999999999999988</velocity>
      <orientation>-0.7491790839291886</orientation>
      <time>24</time>
    </ksState>
    <ksState>
      <x>909.0955703755345</x>
      <y>-313.23859161541264</y>
      <steeringAngle>0.17766666666666675</steeringAngle>
      <velocity>-1.5265566588595902e-15</velocity>
      <orientation>-0.7467715894546327</orientation>
      <time>25</time>
    </ksState>
    <ksState>
      <x>909.0955703755345</x>
      <y>-313.23859161541264</y>
      <steeringAngle>0.14213333333333336</steeringAngle>
      <velocity>0.0</velocity>
      <orientation>-0.7467715894546327</orientation>
      <time>26</time>
    </ksState>
    <ksState>
      <x>909.0955703755345</x>
      <y>-313.23859161541264</y>
      <steeringAngle>0.10660000000000001</steeringAngle>
      <velocity>0.0</velocity>
      <orientation>-0.7467715894546327</orientation>
      <time>27</time>
    </ksState>
    <ksState>
      <x>909.0955703755345</x>
      <y>-313.23859161541264</y>
      <steeringAngle>0.07106666666666668</steeringAngle>
      <velocity>0.0</velocity>
      <orientation>-0.7467715894546327</orientation>
      <time>28</time>
    </ksState>
    <ksState>
      <x>909.0955703755345</x>
      <y>-313.23859161541264</y>
      <steeringAngle>0.03553333333333333</steeringAngle>
      <velocity>0.0</velocity>
      <orientation>-0.7467715894546327</orientation>
      <time>29</time>
    </ksState>
    <ksState>
      <x>909.0955703755345</x>
      <y>-313.23859161541264</y>
      <steeringAngle>0.0</steeringAngle>
      <velocity>0.0</velocity>
      <orientation>-0.7467715894546327</orientation>
      <time>30</time>
    </ksState>
    <ksState>
      <x>909.0955703755345</x>
      <y>-313.23859161541264</y>
      <steeringAngle>0.0</steeringAngle>
      <velocity>0.0</velocity>
      <orientation>-0.7467715894546327</orientation>
      <time>31</time>
    </ksState>
    <ksState>
      <x>909.0955703755345</x>
      <y>-313.23859161541264</y>
      <steeringAngle>0.0</steeringAngle>
      <velocity>0.0</velocity>
      <orientation>-0.7467715894546327</orientation>
      <time>32</time>
    </ksState>
    <ksState>
      <x>909.0955703755345</x>
      <y>-313.23859161541264</y>
      <steeringAngle>0.0</steeringAngle>
      <velocity>0.0</velocity>
      <orientation>-0.7467715894546327</orientation>
      <time>33</time>
    </ksState>
  </ksTrajectory>
</CommonRoadSolution>
