<?xml version="1.0" ?>
<CommonRoadSolution benchmark_id="KS2:SM1:DEU_Backnang-1_2_T-1:2020a" computation_time="3.2207493740002064" date="2023-01-12T15:00:04">
  <ksTrajectory planningProblem="1">
    <ksState>
      <x>-546.1219</x>
      <y>286.09241</y>
      <steeringAngle>0.0</steeringAngle>
      <velocity>12.0</velocity>
      <orientation>2.8639372</orientation>
      <time>0</time>
    </ksState>
    <ksState>
      <x>-547.2374728404726</x>
      <y>286.4103679161878</y>
      <steeringAngle>0.0</steeringAngle>
      <velocity>11.200000000000001</velocity>
      <orientation>2.8639372</orientation>
      <time>1</time>
    </ksState>
    <ksState>
      <x>-548.2761096225155</x>
      <y>286.7063977000918</y>
      <steeringAngle>0.0</steeringAngle>
      <velocity>10.4</velocity>
      <orientation>2.8639372</orientation>
      <time>2</time>
    </ksState>
    <ksState>
      <x>-549.2378103464265</x>
      <y>286.9804993517971</y>
      <steeringAngle>0.0</steeringAngle>
      <velocity>9.599999999999998</velocity>
      <orientation>2.8639372</orientation>
      <time>3</time>
    </ksState>
    <ksState>
      <x>-550.1225750122902</x>
      <y>287.2326728713276</y>
      <steeringAngle>0.0</steeringAngle>
      <velocity>8.799999999999999</velocity>
      <orientation>2.8639372</orientation>
      <time>4</time>
    </ksState>
    <ksState>
      <x>-550.9304036201345</x>
      <y>287.46291825869133</y>
      <steeringAngle>0.0</steeringAngle>
      <velocity>7.999999999999997</velocity>
      <orientation>2.8639372</orientation>
      <time>5</time>
    </ksState>
    <ksState>
      <x>-551.6971884192612</x>
      <y>287.6911489468099</y>
      <steeringAngle>-0.03553333333333333</steeringAngle>
      <velocity>8.0</velocity>
      <orientation>2.858424664997161</orientation>
      <time>6</time>
    </ksState>
    <ksState>
      <x>-552.4568889318257</x>
      <y>287.94286347807264</y>
      <steeringAngle>-0.07106666666666667</steeringAngle>
      <velocity>8.0</velocity>
      <orientation>2.841873144116892</orientation>
      <time>7</time>
    </ksState>
    <ksState>
      <x>-553.2059672399225</x>
      <y>288.2262855149041</y>
      <steeringAngle>-0.10659999999999997</steeringAngle>
      <velocity>8.0</velocity>
      <orientation>2.8142406648261966</orientation>
      <time>8</time>
    </ksState>
    <ksState>
      <x>-553.9398101960187</x>
      <y>288.54932747772267</y>
      <steeringAngle>-0.1421333333333333</steeringAngle>
      <velocity>8.0</velocity>
      <orientation>2.775456812553462</orientation>
      <time>9</time>
    </ksState>
    <ksState>
      <x>-554.6524591651274</x>
      <y>288.9194042314692</y>
      <steeringAngle>-0.17766666666666667</steeringAngle>
      <velocity>8.0</velocity>
      <orientation>2.7254220003043073</orientation>
      <time>10</time>
    </ksState>
    <ksState>
      <x>-555.3068952492551</x>
      <y>289.31290779721957</y>
      <steeringAngle>-0.17766666666666667</steeringAngle>
      <velocity>7.2</velocity>
      <orientation>2.67250607285993</orientation>
      <time>11</time>
    </ksState>
    <ksState>
      <x>-555.8740781108647</x>
      <y>289.6938982281589</y>
      <steeringAngle>-0.17766666666666667</steeringAngle>
      <velocity>6.4</velocity>
      <orientation>2.6251602430671186</orientation>
      <time>12</time>
    </ksState>
    <ksState>
      <x>-556.3590718715609</x>
      <y>290.0520332648483</y>
      <steeringAngle>-0.17766666666666667</steeringAngle>
      <velocity>5.599999999999999</velocity>
      <orientation>2.5833845109119338</orientation>
      <time>13</time>
    </ksState>
    <ksState>
      <x>-556.7669886925542</x>
      <y>290.3785717150584</y>
      <steeringAngle>-0.17766666666666667</steeringAngle>
      <velocity>4.799999999999999</velocity>
      <orientation>2.5471788763904195</orientation>
      <time>14</time>
    </ksState>
    <ksState>
      <x>-557.1027290967578</x>
      <y>290.6662569692531</y>
      <steeringAngle>-0.17766666666666667</steeringAngle>
      <velocity>4.0</velocity>
      <orientation>2.5165433395010894</orientation>
      <time>15</time>
    </ksState>
    <ksState>
      <x>-557.3684572789698</x>
      <y>290.91223163864623</y>
      <steeringAngle>-0.21319999999999997</steeringAngle>
      <velocity>3.2</velocity>
      <orientation>2.4890017939376547</orientation>
      <time>16</time>
    </ksState>
    <ksState>
      <x>-557.5664524130152</x>
      <y>291.11346937456375</y>
      <steeringAngle>-0.24873333333333342</steeringAngle>
      <velocity>2.4000000000000004</velocity>
      <orientation>2.463563563551005</orientation>
      <time>17</time>
    </ksState>
    <ksState>
      <x>-557.7018600253156</x>
      <y>291.26366707003467</y>
      <steeringAngle>-0.2842666666666668</steeringAngle>
      <velocity>1.600000000000001</velocity>
      <orientation>2.4424886637604257</orientation>
      <time>18</time>
    </ksState>
    <ksState>
      <x>-557.7798675890414</x>
      <y>291.35712010306935</y>
      <steeringAngle>-0.3197999999999999</steeringAngle>
      <velocity>0.8000000000000007</velocity>
      <orientation>2.428090236459721</orientation>
      <time>19</time>
    </ksState>
    <ksState>
      <x>-557.8050523804358</x>
      <y>291.3891115410549</y>
      <steeringAngle>-0.3553333333333332</steeringAngle>
      <velocity>5.551115123125783e-16</velocity>
      <orientation>2.4227485948239917</orientation>
      <time>20</time>
    </ksState>
    <ksState>
      <x>-557.8050523804358</x>
      <y>291.3891115410549</y>
      <steeringAngle>-0.3198</steeringAngle>
      <velocity>0.0</velocity>
      <orientation>2.4227485948239917</orientation>
      <time>21</time>
    </ksState>
    <ksState>
      <x>-557.8050523804358</x>
      <y>291.3891115410549</y>
      <steeringAngle>-0.2842666666666666</steeringAngle>
      <velocity>0.0</velocity>
      <orientation>2.4227485948239917</orientation>
      <time>22</time>
    </ksState>
    <ksState>
      <x>-557.8050523804358</x>
      <y>291.3891115410549</y>
      <steeringAngle>-0.24873333333333333</steeringAngle>
      <velocity>0.0</velocity>
      <orientation>2.4227485948239917</orientation>
      <time>23</time>
    </ksState>
    <ksState>
      <x>-557.8050523804358</x>
      <y>291.3891115410549</y>
      <steeringAngle>-0.21320000000000003</steeringAngle>
      <velocity>0.0</velocity>
      <orientation>2.4227485948239917</orientation>
      <time>24</time>
    </ksState>
    <ksState>
      <x>-557.8050523804358</x>
      <y>291.3891115410549</y>
      <steeringAngle>-0.1776666666666667</steeringAngle>
      <velocity>0.0</velocity>
      <orientation>2.4227485948239917</orientation>
      <time>25</time>
    </ksState>
    <ksState>
      <x>-557.8328637118199</x>
      <y>291.41806445678776</y>
      <steeringAngle>-0.14213333333333333</steeringAngle>
      <velocity>0.8</velocity>
      <orientation>2.420341097613189</orientation>
      <time>26</time>
    </ksState>
    <ksState>
      <x>-557.9173479547223</x>
      <y>291.50367383848965</y>
      <steeringAngle>-0.10660000000000001</steeringAngle>
      <velocity>1.6</velocity>
      <orientation>2.4146168109928547</orientation>
      <time>27</time>
    </ksState>
    <ksState>
      <x>-558.0598316456066</x>
      <y>291.6443619938871</y>
      <steeringAngle>-0.07106666666666664</steeringAngle>
      <velocity>2.4000000000000004</velocity>
      <orientation>2.407801297229876</orientation>
      <time>28</time>
    </ksState>
    <ksState>
      <x>-558.2617261617012</x>
      <y>291.83854138411283</y>
      <steeringAngle>-0.03553333333333332</steeringAngle>
      <velocity>3.1999999999999993</velocity>
      <orientation>2.402100376516946</orientation>
      <time>29</time>
    </ksState>
    <ksState>
      <x>-558.5250145149768</x>
      <y>292.084085143751</y>
      <steeringAngle>2.6020852139652106e-18</steeringAngle>
      <velocity>3.999999999999999</velocity>
      <orientation>2.3997116249286194</orientation>
      <time>30</time>
    </ksState>
    <ksState>
      <x>-558.7904061175497</x>
      <y>292.32732843049064</y>
      <steeringAngle>0.0</steeringAngle>
      <velocity>3.2</velocity>
      <orientation>2.3997116249286194</orientation>
      <time>31</time>
    </ksState>
    <ksState>
      <x>-558.9968218081962</x>
      <y>292.51651765328717</y>
      <steeringAngle>0.0</steeringAngle>
      <velocity>2.4000000000000004</velocity>
      <orientation>2.3997116249286194</orientation>
      <time>32</time>
    </ksState>
    <ksState>
      <x>-559.1442615869914</x>
      <y>292.6516528122095</y>
      <steeringAngle>0.0</steeringAngle>
      <velocity>1.6</velocity>
      <orientation>2.3997116249286194</orientation>
      <time>33</time>
    </ksState>
  </ksTrajectory>
</CommonRoadSolution>
