<?xml version="1.0" ?>
<CommonRoadSolution benchmark_id="KS2:SM1:DEU_Muehlhausen-4_1_T-1:2020a" computation_time="1.6276047810006276" date="2023-01-12T15:00:04">
  <ksTrajectory planningProblem="1">
    <ksState>
      <x>-385.45554</x>
      <y>850.62822</y>
      <steeringAngle>0.0</steeringAngle>
      <velocity>4.0</velocity>
      <orientation>-0.91747856</orientation>
      <time>0</time>
    </ksState>
    <ksState>
      <x>-385.1842033223167</x>
      <y>850.2818184746161</y>
      <steeringAngle>0.035533333333333326</steeringAngle>
      <velocity>4.799999999999999</velocity>
      <orientation>-0.9143547813308093</orientation>
      <time>1</time>
    </ksState>
    <ksState>
      <x>-384.85268556769444</x>
      <y>849.8809169858174</y>
      <steeringAngle>0.07106666666666667</steeringAngle>
      <velocity>5.599999999999998</velocity>
      <orientation>-0.9035041702696365</orientation>
      <time>2</time>
    </ksState>
    <ksState>
      <x>-384.4537432984437</x>
      <y>849.4318240599571</y>
      <steeringAngle>0.10659999999999999</steeringAngle>
      <velocity>6.3999999999999995</velocity>
      <orientation>-0.8826872212693084</orientation>
      <time>3</time>
    </ksState>
    <ksState>
      <x>-383.97786682496354</x>
      <y>848.9439094279626</y>
      <steeringAngle>0.14213333333333333</steeringAngle>
      <velocity>7.199999999999999</velocity>
      <orientation>-0.8496276502881434</orientation>
      <time>4</time>
    </ksState>
    <ksState>
      <x>-383.4133612599313</x>
      <y>848.4307598383093</y>
      <steeringAngle>0.17766666666666664</steeringAngle>
      <velocity>7.9999999999999964</velocity>
      <orientation>-0.8020003282065967</orientation>
      <time>5</time>
    </ksState>
    <ksState>
      <x>-382.811977804516</x>
      <y>847.9590327774988</y>
      <steeringAngle>0.21320000000000014</steeringAngle>
      <velocity>7.200000000000003</velocity>
      <orientation>-0.7437510011351038</orientation>
      <time>6</time>
    </ksState>
    <ksState>
      <x>-382.2403824163709</x>
      <y>847.5806283671881</y>
      <steeringAngle>0.24873333333333347</steeringAngle>
      <velocity>6.400000000000004</velocity>
      <orientation>-0.6818339136493246</orientation>
      <time>7</time>
    </ksState>
    <ksState>
      <x>-381.708518726828</x>
      <y>847.2889789165376</y>
      <steeringAngle>0.2842666666666668</steeringAngle>
      <velocity>5.600000000000001</velocity>
      <orientation>-0.6184117708854033</orientation>
      <time>8</time>
    </ksState>
    <ksState>
      <x>-381.2264110890247</x>
      <y>847.0750044044843</y>
      <steeringAngle>0.3198</steeringAngle>
      <velocity>4.800000000000002</velocity>
      <orientation>-0.5556826711434508</orientation>
      <time>9</time>
    </ksState>
    <ksState>
      <x>-380.80333739027174</x>
      <y>846.927551543397</y>
      <steeringAngle>0.3553333333333332</steeringAngle>
      <velocity>4.000000000000001</velocity>
      <orientation>-0.495892837095236</orientation>
      <time>10</time>
    </ksState>
    <ksState>
      <x>-380.40728095330775</x>
      <y>846.8250131624355</y>
      <steeringAngle>0.39086666666666653</steeringAngle>
      <velocity>4.0</velocity>
      <orientation>-0.4351724707892488</orientation>
      <time>11</time>
    </ksState>
    <ksState>
      <x>-380.001912066914</x>
      <y>846.756433644389</y>
      <steeringAngle>0.42639999999999995</steeringAngle>
      <velocity>4.0</velocity>
      <orientation>-0.3680028573328452</orientation>
      <time>12</time>
    </ksState>
    <ksState>
      <x>-379.589662497629</x>
      <y>846.725518588751</y>
      <steeringAngle>0.4619333333333333</steeringAngle>
      <velocity>4.0</velocity>
      <orientation>-0.2941822737005012</orientation>
      <time>13</time>
    </ksState>
    <ksState>
      <x>-379.1738196255081</x>
      <y>846.7359788261299</y>
      <steeringAngle>0.49746666666666667</steeringAngle>
      <velocity>4.0</velocity>
      <orientation>-0.21348173188728087</orientation>
      <time>14</time>
    </ksState>
    <ksState>
      <x>-378.75864166862453</x>
      <y>846.791400659921</y>
      <steeringAngle>0.533</steeringAngle>
      <velocity>4.0</velocity>
      <orientation>-0.12564186528747223</orientation>
      <time>15</time>
    </ksState>
    <ksState>
      <x>-378.3903715744258</x>
      <y>846.8728638171302</y>
      <steeringAngle>0.4974666666666667</steeringAngle>
      <velocity>3.1999999999999993</velocity>
      <orientation>-0.04646466217823278</orientation>
      <time>16</time>
    </ksState>
    <ksState>
      <x>-378.1089907729411</x>
      <y>846.9484054998317</y>
      <steeringAngle>0.4619333333333334</steeringAngle>
      <velocity>2.3999999999999986</velocity>
      <orientation>0.010142445223976088</orientation>
      <time>17</time>
    </ksState>
    <ksState>
      <x>-377.91059492244557</x>
      <y>847.0068396402511</y>
      <steeringAngle>0.4264000000000001</steeringAngle>
      <velocity>1.5999999999999979</velocity>
      <orientation>0.04716540543803471</orientation>
      <time>18</time>
    </ksState>
    <ksState>
      <x>-377.79244555456467</x>
      <y>847.0425068218074</y>
      <steeringAngle>0.39086666666666675</steeringAngle>
      <velocity>0.7999999999999972</velocity>
      <orientation>0.06742537466086121</orientation>
      <time>19</time>
    </ksState>
    <ksState>
      <x>-377.75316441626546</x>
      <y>847.0540944091516</y>
      <steeringAngle>0.3553333333333332</steeringAngle>
      <velocity>-2.914335439641036e-15</velocity>
      <orientation>0.07360334940823798</orientation>
      <time>20</time>
    </ksState>
    <ksState>
      <x>-377.75316441626546</x>
      <y>847.0540944091516</y>
      <steeringAngle>0.3198</steeringAngle>
      <velocity>0.0</velocity>
      <orientation>0.07360334940823798</orientation>
      <time>21</time>
    </ksState>
    <ksState>
      <x>-377.75316441626546</x>
      <y>847.0540944091516</y>
      <steeringAngle>0.2842666666666666</steeringAngle>
      <velocity>0.0</velocity>
      <orientation>0.07360334940823798</orientation>
      <time>22</time>
    </ksState>
    <ksState>
      <x>-377.75316441626546</x>
      <y>847.0540944091516</y>
      <steeringAngle>0.24873333333333333</steeringAngle>
      <velocity>0.0</velocity>
      <orientation>0.07360334940823798</orientation>
      <time>23</time>
    </ksState>
    <ksState>
      <x>-377.75316441626546</x>
      <y>847.0540944091516</y>
      <steeringAngle>0.21320000000000003</steeringAngle>
      <velocity>0.0</velocity>
      <orientation>0.07360334940823798</orientation>
      <time>24</time>
    </ksState>
    <ksState>
      <x>-377.75316441626546</x>
      <y>847.0540944091516</y>
      <steeringAngle>0.1776666666666667</steeringAngle>
      <velocity>0.0</velocity>
      <orientation>0.07360334940823798</orientation>
      <time>25</time>
    </ksState>
    <ksState>
      <x>-377.75316441626546</x>
      <y>847.0540944091516</y>
      <steeringAngle>0.14213333333333336</steeringAngle>
      <velocity>0.0</velocity>
      <orientation>0.07360334940823798</orientation>
      <time>26</time>
    </ksState>
    <ksState>
      <x>-377.75316441626546</x>
      <y>847.0540944091516</y>
      <steeringAngle>0.10660000000000001</steeringAngle>
      <velocity>0.0</velocity>
      <orientation>0.07360334940823798</orientation>
      <time>27</time>
    </ksState>
    <ksState>
      <x>-377.75316441626546</x>
      <y>847.0540944091516</y>
      <steeringAngle>0.07106666666666668</steeringAngle>
      <velocity>0.0</velocity>
      <orientation>0.07360334940823798</orientation>
      <time>28</time>
    </ksState>
    <ksState>
      <x>-377.75316441626546</x>
      <y>847.0540944091516</y>
      <steeringAngle>0.03553333333333333</steeringAngle>
      <velocity>0.0</velocity>
      <orientation>0.07360334940823798</orientation>
      <time>29</time>
    </ksState>
    <ksState>
      <x>-377.75316441626546</x>
      <y>847.0540944091516</y>
      <steeringAngle>0.0</steeringAngle>
      <velocity>0.0</velocity>
      <orientation>0.07360334940823798</orientation>
      <time>30</time>
    </ksState>
    <ksState>
      <x>-377.75316441626546</x>
      <y>847.0540944091516</y>
      <steeringAngle>0.0</steeringAngle>
      <velocity>0.0</velocity>
      <orientation>0.07360334940823798</orientation>
      <time>31</time>
    </ksState>
    <ksState>
      <x>-377.75316441626546</x>
      <y>847.0540944091516</y>
      <steeringAngle>0.0</steeringAngle>
      <velocity>0.0</velocity>
      <orientation>0.07360334940823798</orientation>
      <time>32</time>
    </ksState>
    <ksState>
      <x>-377.75316441626546</x>
      <y>847.0540944091516</y>
      <steeringAngle>0.0</steeringAngle>
      <velocity>0.0</velocity>
      <orientation>0.07360334940823798</orientation>
      <time>33</time>
    </ksState>
  </ksTrajectory>
</CommonRoadSolution>
