<?xml version="1.0" ?>
<CommonRoadSolution benchmark_id="KS2:SM1:DEU_Flensburg-12_1_T-1:2020a" computation_time="2.501756774000114" date="2023-01-12T15:00:04">
  <ksTrajectory planningProblem="123">
    <ksState>
      <x>127.70945000000002</x>
      <y>155.28575</y>
      <steeringAngle>0.0</steeringAngle>
      <velocity>12.0</velocity>
      <orientation>-2.7365845</orientation>
      <time>0</time>
    </ksState>
    <ksState>
      <x>126.60653097863856</x>
      <y>154.81291849479007</y>
      <steeringAngle>0.0</steeringAngle>
      <velocity>12.0</velocity>
      <orientation>-2.7365845</orientation>
      <time>1</time>
    </ksState>
    <ksState>
      <x>125.5036119572771</x>
      <y>154.34008698958016</y>
      <steeringAngle>0.0</steeringAngle>
      <velocity>12.0</velocity>
      <orientation>-2.7365845</orientation>
      <time>2</time>
    </ksState>
    <ksState>
      <x>124.40069293591564</x>
      <y>153.86725548437022</y>
      <steeringAngle>0.0</steeringAngle>
      <velocity>12.0</velocity>
      <orientation>-2.7365845</orientation>
      <time>3</time>
    </ksState>
    <ksState>
      <x>123.29777391455418</x>
      <y>153.39442397916028</y>
      <steeringAngle>0.0</steeringAngle>
      <velocity>12.0</velocity>
      <orientation>-2.7365845</orientation>
      <time>4</time>
    </ksState>
    <ksState>
      <x>122.19485489319274</x>
      <y>152.92159247395037</y>
      <steeringAngle>0.0</steeringAngle>
      <velocity>12.0</velocity>
      <orientation>-2.7365845</orientation>
      <time>5</time>
    </ksState>
    <ksState>
      <x>121.09193587183128</x>
      <y>152.44876096874043</y>
      <steeringAngle>0.0</steeringAngle>
      <velocity>12.0</velocity>
      <orientation>-2.7365845</orientation>
      <time>6</time>
    </ksState>
    <ksState>
      <x>119.98901685046982</x>
      <y>151.97592946353052</y>
      <steeringAngle>0.0</steeringAngle>
      <velocity>12.0</velocity>
      <orientation>-2.7365845</orientation>
      <time>7</time>
    </ksState>
    <ksState>
      <x>118.88609782910837</x>
      <y>151.50309795832058</y>
      <steeringAngle>0.0</steeringAngle>
      <velocity>12.0</velocity>
      <orientation>-2.7365845</orientation>
      <time>8</time>
    </ksState>
    <ksState>
      <x>117.78317880774692</x>
      <y>151.03026645311064</y>
      <steeringAngle>0.0</steeringAngle>
      <velocity>12.0</velocity>
      <orientation>-2.7365845</orientation>
      <time>9</time>
    </ksState>
    <ksState>
      <x>116.68025978638546</x>
      <y>150.55743494790073</y>
      <steeringAngle>0.0</steeringAngle>
      <velocity>12.0</velocity>
      <orientation>-2.7365845</orientation>
      <time>10</time>
    </ksState>
    <ksState>
      <x>115.60852599523979</x>
      <y>150.11350832036734</y>
      <steeringAngle>-0.03553333333333333</steeringAngle>
      <velocity>11.200000000000001</velocity>
      <orientation>-2.744485773772344</orientation>
      <time>11</time>
    </ksState>
    <ksState>
      <x>114.59659065218291</x>
      <y>149.7350169968394</y>
      <steeringAngle>-0.07106666666666667</steeringAngle>
      <velocity>10.400000000000007</velocity>
      <orientation>-2.766738204570834</orientation>
      <time>12</time>
    </ksState>
    <ksState>
      <x>113.64315843644455</x>
      <y>149.4298018261141</y>
      <steeringAngle>-0.10660000000000001</steeringAngle>
      <velocity>9.60000000000001</velocity>
      <orientation>-2.801186215455506</orientation>
      <time>13</time>
    </ksState>
    <ksState>
      <x>112.74990352725489</x>
      <y>149.20124108860813</y>
      <steeringAngle>-0.14213333333333344</steeringAngle>
      <velocity>8.800000000000008</velocity>
      <orientation>-2.8456943475763508</orientation>
      <time>14</time>
    </ksState>
    <ksState>
      <x>111.92070271793395</x>
      <y>149.04857867842566</y>
      <steeringAngle>-0.17766666666666675</steeringAngle>
      <velocity>8.000000000000009</velocity>
      <orientation>-2.8981366453913324</orientation>
      <time>15</time>
    </ksState>
    <ksState>
      <x>111.1223743582178</x>
      <y>148.95485155950598</y>
      <steeringAngle>-0.17766666666666667</steeringAngle>
      <velocity>8.0</velocity>
      <orientation>-2.9538376217018443</orientation>
      <time>16</time>
    </ksState>
    <ksState>
      <x>110.32006609541008</x>
      <y>148.90571447178039</y>
      <steeringAngle>-0.17766666666666667</steeringAngle>
      <velocity>8.0</velocity>
      <orientation>-3.009538598012356</orientation>
      <time>17</time>
    </ksState>
    <ksState>
      <x>109.51626656046598</x>
      <y>148.90131983644406</y>
      <steeringAngle>-0.17766666666666667</steeringAngle>
      <velocity>8.0</velocity>
      <orientation>-3.0652395743228675</orientation>
      <time>18</time>
    </ksState>
    <ksState>
      <x>108.71346897598625</x>
      <y>148.94168128475042</y>
      <steeringAngle>-0.17766666666666667</steeringAngle>
      <velocity>8.0</velocity>
      <orientation>-3.1209405506333794</orientation>
      <time>19</time>
    </ksState>
    <ksState>
      <x>107.91416345612046</x>
      <y>149.02667362420166</y>
      <steeringAngle>-0.17766666666666667</steeringAngle>
      <velocity>8.0</velocity>
      <orientation>-3.1766415269438912</orientation>
      <time>20</time>
    </ksState>
    <ksState>
      <x>107.16110499691608</x>
      <y>149.1574078483701</y>
      <steeringAngle>-0.21320000000000014</steeringAngle>
      <velocity>7.200000000000003</velocity>
      <orientation>-3.2348908540153842</orientation>
      <time>21</time>
    </ksState>
    <ksState>
      <x>106.4973022955813</x>
      <y>149.32851354433618</y>
      <steeringAngle>-0.24873333333333347</steeringAngle>
      <velocity>6.400000000000004</velocity>
      <orientation>-3.2968079415011635</orientation>
      <time>22</time>
    </ksState>
    <ksState>
      <x>105.92453654737602</x>
      <y>149.52820777059654</y>
      <steeringAngle>-0.2842666666666668</steeringAngle>
      <velocity>5.600000000000001</velocity>
      <orientation>-3.3602300842650847</orientation>
      <time>23</time>
    </ksState>
    <ksState>
      <x>105.44277717037575</x>
      <y>149.74296523591286</y>
      <steeringAngle>-0.3198</steeringAngle>
      <velocity>4.800000000000002</velocity>
      <orientation>-3.4229591840070372</orientation>
      <time>24</time>
    </ksState>
    <ksState>
      <x>105.04995395286292</x>
      <y>149.95842664916856</y>
      <steeringAngle>-0.3553333333333332</steeringAngle>
      <velocity>4.000000000000001</velocity>
      <orientation>-3.482749018055252</orientation>
      <time>25</time>
    </ksState>
    <ksState>
      <x>104.70857969135936</x>
      <y>150.18390044900727</y>
      <steeringAngle>-0.39086666666666653</steeringAngle>
      <velocity>4.0</velocity>
      <orientation>-3.5434693843612393</orientation>
      <time>26</time>
    </ksState>
    <ksState>
      <x>104.38618952098463</x>
      <y>150.439031126107</y>
      <steeringAngle>-0.42639999999999995</steeringAngle>
      <velocity>4.0</velocity>
      <orientation>-3.610638997817643</orientation>
      <time>27</time>
    </ksState>
    <ksState>
      <x>104.08716393053945</x>
      <y>150.7244941610163</y>
      <steeringAngle>-0.4619333333333333</steeringAngle>
      <velocity>4.0</velocity>
      <orientation>-3.6844595814499868</orientation>
      <time>28</time>
    </ksState>
    <ksState>
      <x>103.8164602615774</x>
      <y>151.04033309856246</y>
      <steeringAngle>-0.49746666666666667</steeringAngle>
      <velocity>4.0</velocity>
      <orientation>-3.765160123263207</orientation>
      <time>29</time>
    </ksState>
    <ksState>
      <x>103.57959350166267</x>
      <y>151.38578708043312</y>
      <steeringAngle>-0.533</steeringAngle>
      <velocity>4.0</velocity>
      <orientation>-3.852999989863016</orientation>
      <time>30</time>
    </ksState>
    <ksState>
      <x>103.37427823061718</x>
      <y>151.75104205483413</y>
      <steeringAngle>-0.4974666666666666</steeringAngle>
      <velocity>4.0</velocity>
      <orientation>-3.9408398567024654</orientation>
      <time>31</time>
    </ksState>
    <ksState>
      <x>103.19286094260141</x>
      <y>152.12551456074482</y>
      <steeringAngle>-0.4619333333333334</steeringAngle>
      <velocity>4.0</velocity>
      <orientation>-4.021540398489636</orientation>
      <time>32</time>
    </ksState>
    <ksState>
      <x>103.03310774358864</x>
      <y>152.50693166221316</y>
      <steeringAngle>-0.42640000000000017</steeringAngle>
      <velocity>4.0</velocity>
      <orientation>-4.09536098173944</orientation>
      <time>33</time>
    </ksState>
    <ksState>
      <x>102.8927103463993</x>
      <y>152.89345338304048</y>
      <steeringAngle>-0.3908666666666668</steeringAngle>
      <velocity>4.0</velocity>
      <orientation>-4.162530594602303</orientation>
      <time>34</time>
    </ksState>
    <ksState>
      <x>102.7693260331743</x>
      <y>153.28361273203626</y>
      <steeringAngle>-0.3553333333333335</steeringAngle>
      <velocity>4.0</velocity>
      <orientation>-4.223250962480589</orientation>
      <time>35</time>
    </ksState>
    <ksState>
      <x>102.67064615042312</x>
      <y>153.63679768675973</y>
      <steeringAngle>-0.31979999999999975</steeringAngle>
      <velocity>3.2</velocity>
      <orientation>-4.272357522538377</orientation>
      <time>36</time>
    </ksState>
    <ksState>
      <x>102.59980293488232</x>
      <y>153.91195864166826</y>
      <steeringAngle>-0.2842666666666663</steeringAngle>
      <velocity>2.4000000000000004</velocity>
      <orientation>-4.306289777904592</orientation>
      <time>37</time>
    </ksState>
    <ksState>
      <x>102.55073060101947</x>
      <y>154.10819641729722</y>
      <steeringAngle>-0.24873333333333292</steeringAngle>
      <velocity>1.6000000000000008</velocity>
      <orientation>-4.32756209885153</orientation>
      <time>38</time>
    </ksState>
    <ksState>
      <x>102.52090461359022</x>
      <y>154.22548890365914</y>
      <steeringAngle>-0.21319999999999967</steeringAngle>
      <velocity>0.8000000000000008</velocity>
      <orientation>-4.338602689592585</orientation>
      <time>39</time>
    </ksState>
    <ksState>
      <x>102.51055551481275</x>
      <y>154.26438878050436</y>
      <steeringAngle>-0.1776666666666663</steeringAngle>
      <velocity>6.661338147750939e-16</velocity>
      <orientation>-4.3417689271344635</orientation>
      <time>40</time>
    </ksState>
    <ksState>
      <x>102.51055551481275</x>
      <y>154.26438878050436</y>
      <steeringAngle>-0.14213333333333336</steeringAngle>
      <velocity>0.0</velocity>
      <orientation>-4.3417689271344635</orientation>
      <time>41</time>
    </ksState>
    <ksState>
      <x>102.51055551481275</x>
      <y>154.26438878050436</y>
      <steeringAngle>-0.10660000000000001</steeringAngle>
      <velocity>0.0</velocity>
      <orientation>-4.3417689271344635</orientation>
      <time>42</time>
    </ksState>
    <ksState>
      <x>102.51055551481275</x>
      <y>154.26438878050436</y>
      <steeringAngle>-0.07106666666666668</steeringAngle>
      <velocity>0.0</velocity>
      <orientation>-4.3417689271344635</orientation>
      <time>43</time>
    </ksState>
    <ksState>
      <x>102.51055551481275</x>
      <y>154.26438878050436</y>
      <steeringAngle>-0.03553333333333333</steeringAngle>
      <velocity>0.0</velocity>
      <orientation>-4.3417689271344635</orientation>
      <time>44</time>
    </ksState>
    <ksState>
      <x>102.51055551481275</x>
      <y>154.26438878050436</y>
      <steeringAngle>-0.0</steeringAngle>
      <velocity>0.0</velocity>
      <orientation>-4.3417689271344635</orientation>
      <time>45</time>
    </ksState>
    <ksState>
      <x>102.49557493178723</x>
      <y>154.30148128727893</y>
      <steeringAngle>0.03553333333333333</steeringAngle>
      <velocity>0.8</velocity>
      <orientation>-4.341401395356222</orientation>
      <time>46</time>
    </ksState>
    <ksState>
      <x>102.44852942373416</x>
      <y>154.41193495679903</y>
      <steeringAngle>0.0710666666666667</steeringAngle>
      <velocity>1.6</velocity>
      <orientation>-4.338826548764236</orientation>
      <time>47</time>
    </ksState>
    <ksState>
      <x>102.365673723557</x>
      <y>154.5942343130119</y>
      <steeringAngle>0.10660000000000003</steeringAngle>
      <velocity>2.4000000000000004</velocity>
      <orientation>-4.3318258445273985</orientation>
      <time>48</time>
    </ksState>
    <ksState>
      <x>102.24197652731732</x>
      <y>154.8461714997342</y>
      <steeringAngle>0.14213333333333342</steeringAngle>
      <velocity>3.2000000000000015</velocity>
      <orientation>-4.318158203586578</orientation>
      <time>49</time>
    </ksState>
    <ksState>
      <x>102.07053773298132</x>
      <y>155.164335151694</y>
      <steeringAngle>0.17766666666666683</steeringAngle>
      <velocity>4.0000000000000036</velocity>
      <orientation>-4.295548287713358</orientation>
      <time>50</time>
    </ksState>
    <ksState>
      <x>101.84668190447701</x>
      <y>155.54561325339085</y>
      <steeringAngle>0.17766666666666667</steeringAngle>
      <velocity>4.800000000000002</velocity>
      <orientation>-4.264912750671024</orientation>
      <time>51</time>
    </ksState>
    <ksState>
      <x>101.56722052563349</x>
      <y>155.98711617401113</y>
      <steeringAngle>0.17766666666666667</steeringAngle>
      <velocity>5.600000000000001</velocity>
      <orientation>-4.228707115994484</orientation>
      <time>52</time>
    </ksState>
    <ksState>
      <x>101.2251584813613</x>
      <y>156.48357686447673</y>
      <steeringAngle>0.17766666666666667</steeringAngle>
      <velocity>6.3999999999999995</velocity>
      <orientation>-4.186931383684844</orientation>
      <time>53</time>
    </ksState>
    <ksState>
      <x>100.8128174530604</x>
      <y>157.0283933391286</y>
      <steeringAngle>0.17766666666666667</steeringAngle>
      <velocity>7.200000000000002</velocity>
      <orientation>-4.139585553742747</orientation>
      <time>54</time>
    </ksState>
    <ksState>
      <x>100.32204356375992</x>
      <y>157.61343405758907</y>
      <steeringAngle>0.17766666666666667</steeringAngle>
      <velocity>8.0</velocity>
      <orientation>-4.086669626168597</orientation>
      <time>55</time>
    </ksState>
    <ksState>
      <x>99.78024439374138</x>
      <y>158.20630308943967</y>
      <steeringAngle>0.14213333333333336</steeringAngle>
      <velocity>8.0</velocity>
      <orientation>-4.036634814619848</orientation>
      <time>56</time>
    </ksState>
    <ksState>
      <x>99.22493331077688</x>
      <y>158.78481489628896</y>
      <steeringAngle>0.1066000000000001</steeringAngle>
      <velocity>8.0</velocity>
      <orientation>-3.997850962612851</orientation>
      <time>57</time>
    </ksState>
    <ksState>
      <x>98.66254650922154</x>
      <y>159.35515156854765</y>
      <steeringAngle>0.07106666666666674</steeringAngle>
      <velocity>8.0</velocity>
      <orientation>-3.9702184835831638</orientation>
      <time>58</time>
    </ksState>
    <ksState>
      <x>98.09921929528527</x>
      <y>159.92369087146926</y>
      <steeringAngle>0.035533333333333354</steeringAngle>
      <velocity>8.0</velocity>
      <orientation>-3.953666962954135</orientation>
      <time>59</time>
    </ksState>
    <ksState>
      <x>97.5410177115996</x>
      <y>160.49682462310662</y>
      <steeringAngle>2.0816681711721685e-17</steeringAngle>
      <velocity>8.0</velocity>
      <orientation>-3.94815443649573</orientation>
      <time>60</time>
    </ksState>
    <ksState>
      <x>96.99416960453485</x>
      <y>161.0807812336272</y>
      <steeringAngle>-0.03553333333333333</steeringAngle>
      <velocity>8.0</velocity>
      <orientation>-3.953666971498569</orientation>
      <time>61</time>
    </ksState>
    <ksState>
      <x>96.4652874817688</x>
      <y>161.6814381858537</y>
      <steeringAngle>-0.07106666666666667</steeringAngle>
      <velocity>8.0</velocity>
      <orientation>-3.970218492378838</orientation>
      <time>62</time>
    </ksState>
    <ksState>
      <x>95.9615754111173</x>
      <y>162.30411026046667</y>
      <steeringAngle>-0.10659999999999997</steeringAngle>
      <velocity>8.0</velocity>
      <orientation>-3.9978509716695334</orientation>
      <time>63</time>
    </ksState>
    <ksState>
      <x>95.49100872062601</x>
      <y>162.9533009749364</y>
      <steeringAngle>-0.1421333333333333</steeringAngle>
      <velocity>8.0</velocity>
      <orientation>-4.0366348239422685</orientation>
      <time>64</time>
    </ksState>
    <ksState>
      <x>95.06247331641084</x>
      <y>163.63240535879024</y>
      <steeringAngle>-0.17766666666666667</steeringAngle>
      <velocity>8.0</velocity>
      <orientation>-4.086669636191423</orientation>
      <time>65</time>
    </ksState>
    <ksState>
      <x>94.66968284681276</x>
      <y>164.33294491980956</y>
      <steeringAngle>-0.14213333333333336</steeringAngle>
      <velocity>8.0</velocity>
      <orientation>-4.136704447740171</orientation>
      <time>66</time>
    </ksState>
    <ksState>
      <x>94.29476581808089</x>
      <y>165.0418056473817</y>
      <steeringAngle>-0.1066000000000001</steeringAngle>
      <velocity>8.0</velocity>
      <orientation>-4.175488299747169</orientation>
      <time>67</time>
    </ksState>
    <ksState>
      <x>93.9298320364856</x>
      <y>165.75481768748855</y>
      <steeringAngle>-0.07106666666666674</steeringAngle>
      <velocity>8.0</velocity>
      <orientation>-4.203120778776856</orientation>
      <time>68</time>
    </ksState>
    <ksState>
      <x>93.56689999316404</x>
      <y>166.468158293972</y>
      <steeringAngle>-0.035533333333333354</steeringAngle>
      <velocity>8.0</velocity>
      <orientation>-4.219672299405885</orientation>
      <time>69</time>
    </ksState>
    <ksState>
      <x>93.19799658276828</x>
      <y>167.17807489406914</y>
      <steeringAngle>-2.0816681711721685e-17</steeringAngle>
      <velocity>8.0</velocity>
      <orientation>-4.2251848258642895</orientation>
      <time>70</time>
    </ksState>
    <ksState>
      <x>92.81525304611723</x>
      <y>167.8806099895077</y>
      <steeringAngle>0.03553333333333333</steeringAngle>
      <velocity>8.0</velocity>
      <orientation>-4.219672290861451</orientation>
      <time>71</time>
    </ksState>
    <ksState>
      <x>92.41101304052948</x>
      <y>168.57133069422267</y>
      <steeringAngle>0.07106666666666667</steeringAngle>
      <velocity>8.0</velocity>
      <orientation>-4.203120769981181</orientation>
      <time>72</time>
    </ksState>
    <ksState>
      <x>91.97796874943218</x>
      <y>169.24506580876763</y>
      <steeringAngle>0.10659999999999997</steeringAngle>
      <velocity>8.0</velocity>
      <orientation>-4.175488290690486</orientation>
      <time>73</time>
    </ksState>
    <ksState>
      <x>91.50934045745429</x>
      <y>169.89565716892508</y>
      <steeringAngle>0.1421333333333333</steeringAngle>
      <velocity>8.0</velocity>
      <orientation>-4.136704438417751</orientation>
      <time>74</time>
    </ksState>
    <ksState>
      <x>90.99911500689741</x>
      <y>170.5157340564474</y>
      <steeringAngle>0.17766666666666667</steeringAngle>
      <velocity>8.0</velocity>
      <orientation>-4.086669626168597</orientation>
      <time>75</time>
    </ksState>
    <ksState>
      <x>90.45731583687888</x>
      <y>171.108603088298</y>
      <steeringAngle>0.14213333333333336</steeringAngle>
      <velocity>8.0</velocity>
      <orientation>-4.036634814619848</orientation>
      <time>76</time>
    </ksState>
    <ksState>
      <x>89.90200475391437</x>
      <y>171.6871148951473</y>
      <steeringAngle>0.1066000000000001</steeringAngle>
      <velocity>8.0</velocity>
      <orientation>-3.997850962612851</orientation>
      <time>77</time>
    </ksState>
    <ksState>
      <x>89.33961795235903</x>
      <y>172.25745156740598</y>
      <steeringAngle>0.07106666666666674</steeringAngle>
      <velocity>8.0</velocity>
      <orientation>-3.9702184835831638</orientation>
      <time>78</time>
    </ksState>
    <ksState>
      <x>88.77629073842276</x>
      <y>172.8259908703276</y>
      <steeringAngle>0.035533333333333354</steeringAngle>
      <velocity>8.0</velocity>
      <orientation>-3.953666962954135</orientation>
      <time>79</time>
    </ksState>
    <ksState>
      <x>88.21808915473709</x>
      <y>173.39912462196494</y>
      <steeringAngle>2.0816681711721685e-17</steeringAngle>
      <velocity>8.0</velocity>
      <orientation>-3.94815443649573</orientation>
      <time>80</time>
    </ksState>
    <ksState>
      <x>87.67124104767234</x>
      <y>173.98308123248552</y>
      <steeringAngle>-0.03553333333333333</steeringAngle>
      <velocity>8.0</velocity>
      <orientation>-3.953666971498569</orientation>
      <time>81</time>
    </ksState>
    <ksState>
      <x>87.14235892490629</x>
      <y>174.58373818471202</y>
      <steeringAngle>-0.07106666666666667</steeringAngle>
      <velocity>8.0</velocity>
      <orientation>-3.970218492378838</orientation>
      <time>82</time>
    </ksState>
    <ksState>
      <x>86.63864685425479</x>
      <y>175.206410259325</y>
      <steeringAngle>-0.10659999999999997</steeringAngle>
      <velocity>8.0</velocity>
      <orientation>-3.9978509716695334</orientation>
      <time>83</time>
    </ksState>
    <ksState>
      <x>86.1680801637635</x>
      <y>175.85560097379474</y>
      <steeringAngle>-0.1421333333333333</steeringAngle>
      <velocity>8.0</velocity>
      <orientation>-4.0366348239422685</orientation>
      <time>84</time>
    </ksState>
    <ksState>
      <x>85.73954475954834</x>
      <y>176.53470535764856</y>
      <steeringAngle>-0.17766666666666667</steeringAngle>
      <velocity>8.0</velocity>
      <orientation>-4.086669636191423</orientation>
      <time>85</time>
    </ksState>
    <ksState>
      <x>85.34675428995025</x>
      <y>177.2352449186679</y>
      <steeringAngle>-0.14213333333333336</steeringAngle>
      <velocity>8.0</velocity>
      <orientation>-4.136704447740171</orientation>
      <time>86</time>
    </ksState>
    <ksState>
      <x>84.97183726121838</x>
      <y>177.94410564624002</y>
      <steeringAngle>-0.1066000000000001</steeringAngle>
      <velocity>8.0</velocity>
      <orientation>-4.175488299747169</orientation>
      <time>87</time>
    </ksState>
    <ksState>
      <x>84.6069034796231</x>
      <y>178.65711768634688</y>
      <steeringAngle>-0.07106666666666674</steeringAngle>
      <velocity>8.0</velocity>
      <orientation>-4.203120778776856</orientation>
      <time>88</time>
    </ksState>
    <ksState>
      <x>84.24397143630154</x>
      <y>179.37045829283034</y>
      <steeringAngle>-0.035533333333333354</steeringAngle>
      <velocity>8.0</velocity>
      <orientation>-4.219672299405885</orientation>
      <time>89</time>
    </ksState>
    <ksState>
      <x>83.87506802590578</x>
      <y>180.08037489292747</y>
      <steeringAngle>-2.0816681711721685e-17</steeringAngle>
      <velocity>8.0</velocity>
      <orientation>-4.2251848258642895</orientation>
      <time>90</time>
    </ksState>
    <ksState>
      <x>83.49232448925473</x>
      <y>180.78290998836601</y>
      <steeringAngle>0.03553333333333333</steeringAngle>
      <velocity>8.0</velocity>
      <orientation>-4.219672290861451</orientation>
      <time>91</time>
    </ksState>
    <ksState>
      <x>83.08808448366698</x>
      <y>181.473630693081</y>
      <steeringAngle>0.07106666666666667</steeringAngle>
      <velocity>8.0</velocity>
      <orientation>-4.203120769981181</orientation>
      <time>92</time>
    </ksState>
    <ksState>
      <x>82.65504019256967</x>
      <y>182.14736580762596</y>
      <steeringAngle>0.10659999999999997</steeringAngle>
      <velocity>8.0</velocity>
      <orientation>-4.175488290690486</orientation>
      <time>93</time>
    </ksState>
    <ksState>
      <x>82.18641190059178</x>
      <y>182.7979571677834</y>
      <steeringAngle>0.1421333333333333</steeringAngle>
      <velocity>8.0</velocity>
      <orientation>-4.136704438417751</orientation>
      <time>94</time>
    </ksState>
    <ksState>
      <x>81.6761864500349</x>
      <y>183.41803405530572</y>
      <steeringAngle>0.17766666666666667</steeringAngle>
      <velocity>8.0</velocity>
      <orientation>-4.086669626168597</orientation>
      <time>95</time>
    </ksState>
    <ksState>
      <x>81.15515600817243</x>
      <y>183.97629826078474</y>
      <steeringAngle>0.17766666666666667</steeringAngle>
      <velocity>7.2</velocity>
      <orientation>-4.033753698724219</orientation>
      <time>96</time>
    </ksState>
    <ksState>
      <x>80.66451525891813</x>
      <y>184.4518208807958</y>
      <steeringAngle>0.17766666666666667</steeringAngle>
      <velocity>6.4</velocity>
      <orientation>-3.986407868931408</orientation>
      <time>97</time>
    </ksState>
    <ksState>
      <x>80.21332679272716</x>
      <y>184.85170663997587</y>
      <steeringAngle>0.17766666666666667</steeringAngle>
      <velocity>5.599999999999999</velocity>
      <orientation>-3.944632136776223</orientation>
      <time>98</time>
    </ksState>
    <ksState>
      <x>79.80907716323557</x>
      <y>185.1827742001065</y>
      <steeringAngle>0.17766666666666667</steeringAngle>
      <velocity>4.799999999999999</velocity>
      <orientation>-3.908426502254709</orientation>
      <time>99</time>
    </ksState>
  </ksTrajectory>
</CommonRoadSolution>
