<?xml version="1.0" ?>
<CommonRoadSolution benchmark_id="KS2:SM1:HRV_Pula-33_2_T-1:2020a" computation_time="3.3467958359997283" date="2023-01-12T15:00:04">
  <ksTrajectory planningProblem="1">
    <ksState>
      <x>-300.05012</x>
      <y>67.335641</y>
      <steeringAngle>0.0</steeringAngle>
      <velocity>8.0</velocity>
      <orientation>2.3973187</orientation>
      <time>0</time>
    </ksState>
    <ksState>
      <x>-300.63858395807114</x>
      <y>67.87759133910058</y>
      <steeringAngle>0.0</steeringAngle>
      <velocity>8.0</velocity>
      <orientation>2.3973187</orientation>
      <time>1</time>
    </ksState>
    <ksState>
      <x>-301.2270479161423</x>
      <y>68.41954167820116</y>
      <steeringAngle>0.0</steeringAngle>
      <velocity>8.0</velocity>
      <orientation>2.3973187</orientation>
      <time>2</time>
    </ksState>
    <ksState>
      <x>-301.8155118742134</x>
      <y>68.96149201730174</y>
      <steeringAngle>0.0</steeringAngle>
      <velocity>8.0</velocity>
      <orientation>2.3973187</orientation>
      <time>3</time>
    </ksState>
    <ksState>
      <x>-302.40397583228463</x>
      <y>69.50344235640232</y>
      <steeringAngle>0.0</steeringAngle>
      <velocity>8.0</velocity>
      <orientation>2.3973187</orientation>
      <time>4</time>
    </ksState>
    <ksState>
      <x>-302.9924397903558</x>
      <y>70.04539269550288</y>
      <steeringAngle>0.0</steeringAngle>
      <velocity>8.0</velocity>
      <orientation>2.3973187</orientation>
      <time>5</time>
    </ksState>
    <ksState>
      <x>-303.5809037484269</x>
      <y>70.58734303460346</y>
      <steeringAngle>0.0</steeringAngle>
      <velocity>8.0</velocity>
      <orientation>2.3973187</orientation>
      <time>6</time>
    </ksState>
    <ksState>
      <x>-304.16936770649806</x>
      <y>71.12929337370404</y>
      <steeringAngle>0.0</steeringAngle>
      <velocity>8.0</velocity>
      <orientation>2.3973187</orientation>
      <time>7</time>
    </ksState>
    <ksState>
      <x>-304.7578316645692</x>
      <y>71.67124371280462</y>
      <steeringAngle>0.0</steeringAngle>
      <velocity>8.0</velocity>
      <orientation>2.3973187</orientation>
      <time>8</time>
    </ksState>
    <ksState>
      <x>-305.3462956226404</x>
      <y>72.2131940519052</y>
      <steeringAngle>0.0</steeringAngle>
      <velocity>8.0</velocity>
      <orientation>2.3973187</orientation>
      <time>9</time>
    </ksState>
    <ksState>
      <x>-305.93475958071156</x>
      <y>72.75514439100577</y>
      <steeringAngle>0.0</steeringAngle>
      <velocity>8.0</velocity>
      <orientation>2.3973187</orientation>
      <time>10</time>
    </ksState>
    <ksState>
      <x>-306.5232235387827</x>
      <y>73.29709473010635</y>
      <steeringAngle>0.0</steeringAngle>
      <velocity>8.0</velocity>
      <orientation>2.3973187</orientation>
      <time>11</time>
    </ksState>
    <ksState>
      <x>-307.11168749685385</x>
      <y>73.83904506920693</y>
      <steeringAngle>0.0</steeringAngle>
      <velocity>8.0</velocity>
      <orientation>2.3973187</orientation>
      <time>12</time>
    </ksState>
    <ksState>
      <x>-307.700151454925</x>
      <y>74.38099540830751</y>
      <steeringAngle>0.0</steeringAngle>
      <velocity>8.0</velocity>
      <orientation>2.3973187</orientation>
      <time>13</time>
    </ksState>
    <ksState>
      <x>-308.2886154129962</x>
      <y>74.9229457474081</y>
      <steeringAngle>0.0</steeringAngle>
      <velocity>8.0</velocity>
      <orientation>2.3973187</orientation>
      <time>14</time>
    </ksState>
    <ksState>
      <x>-308.87707937106734</x>
      <y>75.46489608650866</y>
      <steeringAngle>0.0</steeringAngle>
      <velocity>8.0</velocity>
      <orientation>2.3973187</orientation>
      <time>15</time>
    </ksState>
    <ksState>
      <x>-309.4655433291385</x>
      <y>76.00684642560924</y>
      <steeringAngle>0.0</steeringAngle>
      <velocity>8.0</velocity>
      <orientation>2.3973187</orientation>
      <time>16</time>
    </ksState>
    <ksState>
      <x>-310.05400728720963</x>
      <y>76.54879676470982</y>
      <steeringAngle>0.0</steeringAngle>
      <velocity>8.0</velocity>
      <orientation>2.3973187</orientation>
      <time>17</time>
    </ksState>
    <ksState>
      <x>-310.6424712452808</x>
      <y>77.0907471038104</y>
      <steeringAngle>0.0</steeringAngle>
      <velocity>8.0</velocity>
      <orientation>2.3973187</orientation>
      <time>18</time>
    </ksState>
    <ksState>
      <x>-311.230935203352</x>
      <y>77.63269744291098</y>
      <steeringAngle>0.0</steeringAngle>
      <velocity>8.0</velocity>
      <orientation>2.3973187</orientation>
      <time>19</time>
    </ksState>
    <ksState>
      <x>-311.8193991614231</x>
      <y>78.17464778201155</y>
      <steeringAngle>0.0</steeringAngle>
      <velocity>8.0</velocity>
      <orientation>2.3973187</orientation>
      <time>20</time>
    </ksState>
    <ksState>
      <x>-312.4015366621362</x>
      <y>78.72343198863067</y>
      <steeringAngle>-0.03553333333333333</steeringAngle>
      <velocity>8.0</velocity>
      <orientation>2.391806164997161</orientation>
      <time>21</time>
    </ksState>
    <ksState>
      <x>-312.96678257478294</x>
      <y>79.29000248934146</y>
      <steeringAngle>-0.07106666666666667</steeringAngle>
      <velocity>8.0</velocity>
      <orientation>2.375254644116892</orientation>
      <time>22</time>
    </ksState>
    <ksState>
      <x>-313.5082776342356</x>
      <y>79.88011219372805</y>
      <steeringAngle>-0.10659999999999997</steeringAngle>
      <velocity>8.0</velocity>
      <orientation>2.3476221648261966</orientation>
      <time>23</time>
    </ksState>
    <ksState>
      <x>-314.0183423116549</x>
      <y>80.49875233048184</y>
      <steeringAngle>-0.1421333333333333</steeringAngle>
      <velocity>8.0</velocity>
      <orientation>2.308838312553462</orientation>
      <time>24</time>
    </ksState>
    <ksState>
      <x>-314.4883192653092</x>
      <y>81.14986447126036</y>
      <steeringAngle>-0.17766666666666667</steeringAngle>
      <velocity>8.0</velocity>
      <orientation>2.258803500304307</orientation>
      <time>25</time>
    </ksState>
    <ksState>
      <x>-314.92395489053564</x>
      <y>81.82459525579135</y>
      <steeringAngle>-0.14213333333333336</steeringAngle>
      <velocity>8.0</velocity>
      <orientation>2.208768688755559</orientation>
      <time>26</time>
    </ksState>
    <ksState>
      <x>-315.3422697084543</x>
      <y>82.50874364805499</y>
      <steeringAngle>-0.1066000000000001</steeringAngle>
      <velocity>8.0</velocity>
      <orientation>2.1699848367485615</orientation>
      <time>27</time>
    </ksState>
    <ksState>
      <x>-315.75087904842167</x>
      <y>83.19765673515538</y>
      <steeringAngle>-0.07106666666666674</steeringAngle>
      <velocity>8.0</velocity>
      <orientation>2.1423523577188743</orientation>
      <time>28</time>
    </ksState>
    <ksState>
      <x>-316.15751098446106</x>
      <y>83.88702235478016</y>
      <steeringAngle>-0.035533333333333354</steeringAngle>
      <velocity>8.0</velocity>
      <orientation>2.1258008370898454</orientation>
      <time>29</time>
    </ksState>
    <ksState>
      <x>-316.5698895714998</x>
      <y>84.57259890502601</y>
      <steeringAngle>-2.0816681711721685e-17</steeringAngle>
      <velocity>8.0</velocity>
      <orientation>2.1202883106314405</orientation>
      <time>30</time>
    </ksState>
    <ksState>
      <x>-316.9668026607213</x>
      <y>85.22071926306127</y>
      <steeringAngle>0.0</steeringAngle>
      <velocity>7.200000000000001</velocity>
      <orientation>2.1202883106314405</orientation>
      <time>31</time>
    </ksState>
    <ksState>
      <x>-317.321935424568</x>
      <y>85.80061642519765</y>
      <steeringAngle>0.0</steeringAngle>
      <velocity>6.400000000000001</velocity>
      <orientation>2.1202883106314405</orientation>
      <time>32</time>
    </ksState>
    <ksState>
      <x>-317.6352878631443</x>
      <y>86.3122903916058</y>
      <steeringAngle>0.0</steeringAngle>
      <velocity>5.600000000000001</velocity>
      <orientation>2.1202883106314405</orientation>
      <time>33</time>
    </ksState>
  </ksTrajectory>
</CommonRoadSolution>
