<?xml version="1.0" ?>
<CommonRoadSolution benchmark_id="KS2:SM1:BEL_Nivelles-18_2_T-1:2020a" computation_time="1.1532512349999706" date="2023-01-12T15:00:04">
  <ksTrajectory planningProblem="1">
    <ksState>
      <x>-406.68424</x>
      <y>-173.69798</y>
      <steeringAngle>0.0</steeringAngle>
      <velocity>12.0</velocity>
      <orientation>-1.8871019</orientation>
      <time>0</time>
    </ksState>
    <ksState>
      <x>-407.03148039536006</x>
      <y>-174.80482609478773</y>
      <steeringAngle>0.03553333333333333</steeringAngle>
      <velocity>11.200000000000001</velocity>
      <orientation>-1.879200626227656</orientation>
      <time>1</time>
    </ksState>
    <ksState>
      <x>-407.3188400688689</x>
      <y>-175.84631216697233</y>
      <steeringAngle>0.07106666666666667</steeringAngle>
      <velocity>10.400000000000007</velocity>
      <orientation>-1.856948195429166</orientation>
      <time>2</time>
    </ksState>
    <ksState>
      <x>-407.5383942503063</x>
      <y>-176.82303385295148</y>
      <steeringAngle>0.10660000000000001</steeringAngle>
      <velocity>9.60000000000001</velocity>
      <orientation>-1.8225001845444944</orientation>
      <time>3</time>
    </ksState>
    <ksState>
      <x>-407.6869262503009</x>
      <y>-177.733024286142</y>
      <steeringAngle>0.14213333333333344</steeringAngle>
      <velocity>8.800000000000008</velocity>
      <orientation>-1.7779920524236494</orientation>
      <time>4</time>
    </ksState>
    <ksState>
      <x>-407.7655326329186</x>
      <y>-178.57248889544545</y>
      <steeringAngle>0.17766666666666675</steeringAngle>
      <velocity>8.000000000000009</velocity>
      <orientation>-1.725549754608668</orientation>
      <time>5</time>
    </ksState>
    <ksState>
      <x>-407.77922177846096</x>
      <y>-179.33668853404947</y>
      <steeringAngle>0.21320000000000014</steeringAngle>
      <velocity>7.200000000000003</velocity>
      <orientation>-1.6673004275371752</orientation>
      <time>6</time>
    </ksState>
    <ksState>
      <x>-407.7364250458757</x>
      <y>-180.02085198321305</y>
      <steeringAngle>0.24873333333333347</steeringAngle>
      <velocity>6.400000000000004</velocity>
      <orientation>-1.6053833400513957</orientation>
      <time>7</time>
    </ksState>
    <ksState>
      <x>-407.6483777245784</x>
      <y>-180.62100700946147</y>
      <steeringAngle>0.2842666666666668</steeringAngle>
      <velocity>5.600000000000001</velocity>
      <orientation>-1.5419611972874747</orientation>
      <time>8</time>
    </ksState>
    <ksState>
      <x>-407.5283679823139</x>
      <y>-181.13463189982252</y>
      <steeringAngle>0.3198</steeringAngle>
      <velocity>4.800000000000002</velocity>
      <orientation>-1.479232097545522</orientation>
      <time>9</time>
    </ksState>
    <ksState>
      <x>-407.3908878156086</x>
      <y>-181.5610505961551</y>
      <steeringAngle>0.3553333333333332</steeringAngle>
      <velocity>4.000000000000001</velocity>
      <orientation>-1.4194422634973072</orientation>
      <time>10</time>
    </ksState>
    <ksState>
      <x>-407.2434182431596</x>
      <y>-181.9408458254507</y>
      <steeringAngle>0.31979999999999986</steeringAngle>
      <velocity>4.0</velocity>
      <orientation>-1.3649940643039276</orientation>
      <time>11</time>
    </ksState>
    <ksState>
      <x>-407.08510832645374</x>
      <y>-182.31455919593185</y>
      <steeringAngle>0.28426666666666656</steeringAngle>
      <velocity>4.0</velocity>
      <orientation>-1.3166633848226703</orientation>
      <time>12</time>
    </ksState>
    <ksState>
      <x>-406.91821474932254</x>
      <y>-182.68303672963773</y>
      <steeringAngle>0.2487333333333332</steeringAngle>
      <velocity>4.0</velocity>
      <orientation>-1.2743161510997951</orientation>
      <time>13</time>
    </ksState>
    <ksState>
      <x>-406.7448701309414</x>
      <y>-183.04724440008388</y>
      <steeringAngle>0.21319999999999986</steeringAngle>
      <velocity>4.0</velocity>
      <orientation>-1.2378373100261675</orientation>
      <time>14</time>
    </ksState>
    <ksState>
      <x>-406.5671076951407</x>
      <y>-183.4082335234573</y>
      <steeringAngle>0.1776666666666665</steeringAngle>
      <velocity>4.0</velocity>
      <orientation>-1.2071295273773397</orientation>
      <time>15</time>
    </ksState>
    <ksState>
      <x>-406.386886745464</x>
      <y>-183.76710988998335</y>
      <steeringAngle>0.1421333333333333</steeringAngle>
      <velocity>4.0</velocity>
      <orientation>-1.1821121210328165</orientation>
      <time>16</time>
    </ksState>
    <ksState>
      <x>-406.2061185519981</x>
      <y>-184.125005508864</y>
      <steeringAngle>0.10659999999999999</steeringAngle>
      <velocity>4.0</velocity>
      <orientation>-1.1627201947420658</orientation>
      <time>17</time>
    </ksState>
    <ksState>
      <x>-406.0266921420586</x>
      <y>-184.48305196449652</y>
      <steeringAngle>0.07106666666666664</steeringAngle>
      <velocity>4.0</velocity>
      <orientation>-1.148903955007113</orientation>
      <time>18</time>
    </ksState>
    <ksState>
      <x>-405.8504996159129</x>
      <y>-184.8423543955131</y>
      <steeringAngle>0.03553333333333332</steeringAngle>
      <velocity>4.0</velocity>
      <orientation>-1.1406281945448475</orientation>
      <time>19</time>
    </ksState>
    <ksState>
      <x>-405.6794605824383</x>
      <y>-185.20396517403836</y>
      <steeringAngle>-2.2985086056692694e-17</steeringAngle>
      <velocity>4.0</velocity>
      <orientation>-1.1378719312500072</orientation>
      <time>20</time>
    </ksState>
    <ksState>
      <x>-405.49932825502333</x>
      <y>-185.6054249529261</y>
      <steeringAngle>-0.035533333333333326</steeringAngle>
      <velocity>4.799999999999999</velocity>
      <orientation>-1.140995709919198</orientation>
      <time>21</time>
    </ksState>
    <ksState>
      <x>-405.2990030338692</x>
      <y>-186.08552476663192</y>
      <steeringAngle>-0.07106666666666667</steeringAngle>
      <velocity>5.599999999999998</velocity>
      <orientation>-1.1518463209803709</orientation>
      <time>22</time>
    </ksState>
    <ksState>
      <x>-405.08744131880604</x>
      <y>-186.6477356087296</y>
      <steeringAngle>-0.10659999999999999</steeringAngle>
      <velocity>6.3999999999999995</velocity>
      <orientation>-1.1726632699806987</orientation>
      <time>23</time>
    </ksState>
    <ksState>
      <x>-404.87736396830087</x>
      <y>-187.29610788831212</y>
      <steeringAngle>-0.14213333333333333</steeringAngle>
      <velocity>7.199999999999999</velocity>
      <orientation>-1.2057228409618639</orientation>
      <time>24</time>
    </ksState>
    <ksState>
      <x>-404.6862413022105</x>
      <y>-188.03466131279825</y>
      <steeringAngle>-0.17766666666666664</steeringAngle>
      <velocity>7.9999999999999964</velocity>
      <orientation>-1.2533501630434105</orientation>
      <time>25</time>
    </ksState>
    <ksState>
      <x>-404.5489509495466</x>
      <y>-188.78655215554977</y>
      <steeringAngle>-0.21320000000000014</steeringAngle>
      <velocity>7.200000000000003</velocity>
      <orientation>-1.3115994901149033</orientation>
      <time>26</time>
    </ksState>
    <ksState>
      <x>-404.4803645014843</x>
      <y>-189.4686130653178</y>
      <steeringAngle>-0.24873333333333347</steeringAngle>
      <velocity>6.400000000000004</velocity>
      <orientation>-1.3735165776006828</orientation>
      <time>27</time>
    </ksState>
    <ksState>
      <x>-404.4700384403055</x>
      <y>-190.07510441626965</y>
      <steeringAngle>-0.2842666666666668</steeringAngle>
      <velocity>5.600000000000001</velocity>
      <orientation>-1.4369387203646038</orientation>
      <time>28</time>
    </ksState>
    <ksState>
      <x>-404.505268529368</x>
      <y>-190.6013854315661</y>
      <steeringAngle>-0.3198</steeringAngle>
      <velocity>4.800000000000002</velocity>
      <orientation>-1.4996678201065565</orientation>
      <time>29</time>
    </ksState>
    <ksState>
      <x>-404.5718636484367</x>
      <y>-191.04444162544618</y>
      <steeringAngle>-0.3553333333333332</steeringAngle>
      <velocity>4.000000000000001</velocity>
      <orientation>-1.5594576541547713</orientation>
      <time>30</time>
    </ksState>
    <ksState>
      <x>-404.6466386819085</x>
      <y>-191.4034486251998</y>
      <steeringAngle>-0.31979999999999975</steeringAngle>
      <velocity>3.2</velocity>
      <orientation>-1.6085642142125596</orientation>
      <time>31</time>
    </ksState>
    <ksState>
      <x>-404.7102554554219</x>
      <y>-191.68036958580424</y>
      <steeringAngle>-0.2842666666666663</steeringAngle>
      <velocity>2.4000000000000004</velocity>
      <orientation>-1.642496469578774</orientation>
      <time>32</time>
    </ksState>
    <ksState>
      <x>-404.75691403071176</x>
      <y>-191.87719523425093</y>
      <steeringAngle>-0.24873333333333292</steeringAngle>
      <velocity>1.6000000000000008</velocity>
      <orientation>-1.6637687905257128</orientation>
      <time>33</time>
    </ksState>
  </ksTrajectory>
</CommonRoadSolution>
