<?xml version="1.0" ?>
<CommonRoadSolution benchmark_id="KS2:SM1:ESP_SantBoideLlobregat-8_1_T-1:2020a" computation_time="5.072928096999931" date="2023-01-12T15:00:04">
  <ksTrajectory planningProblem="1">
    <ksState>
      <x>-819.74303</x>
      <y>-980.72522</y>
      <steeringAngle>0.0</steeringAngle>
      <velocity>0.0</velocity>
      <orientation>-0.90891252</orientation>
      <time>0</time>
    </ksState>
    <ksState>
      <x>-819.7180287783051</x>
      <y>-980.7564483659576</y>
      <steeringAngle>0.03553333333333333</steeringAngle>
      <velocity>0.8</velocity>
      <orientation>-0.908544988221758</orientation>
      <time>1</time>
    </ksState>
    <ksState>
      <x>-819.6412465403699</x>
      <y>-980.848740190493</y>
      <steeringAngle>0.0710666666666667</steeringAngle>
      <velocity>1.6</velocity>
      <orientation>-0.9059701416297724</orientation>
      <time>2</time>
    </ksState>
    <ksState>
      <x>-819.5095309518614</x>
      <y>-980.9995683247098</y>
      <steeringAngle>0.10660000000000003</steeringAngle>
      <velocity>2.4000000000000004</velocity>
      <orientation>-0.8989694373929352</orientation>
      <time>3</time>
    </ksState>
    <ksState>
      <x>-819.3186966331845</x>
      <y>-981.2053730992565</y>
      <steeringAngle>0.14213333333333342</steeringAngle>
      <velocity>3.2000000000000015</velocity>
      <orientation>-0.885301796452115</orientation>
      <time>4</time>
    </ksState>
    <ksState>
      <x>-819.0631137204348</x>
      <y>-981.4609053757739</y>
      <steeringAngle>0.17766666666666683</steeringAngle>
      <velocity>4.0000000000000036</velocity>
      <orientation>-0.8626918805788949</orientation>
      <time>5</time>
    </ksState>
    <ksState>
      <x>-818.7690235545172</x>
      <y>-981.7348953945157</y>
      <steeringAngle>0.17766666666666667</steeringAngle>
      <velocity>4.0</velocity>
      <orientation>-0.834841392423639</orientation>
      <time>6</time>
    </ksState>
    <ksState>
      <x>-818.4674176456209</x>
      <y>-982.0005896926718</y>
      <steeringAngle>0.17766666666666667</steeringAngle>
      <velocity>4.0</velocity>
      <orientation>-0.8069909042683832</orientation>
      <time>7</time>
    </ksState>
    <ksState>
      <x>-818.1585299393291</x>
      <y>-982.2577821700887</y>
      <steeringAngle>0.17766666666666667</steeringAngle>
      <velocity>4.0</velocity>
      <orientation>-0.7791404161131272</orientation>
      <time>8</time>
    </ksState>
    <ksState>
      <x>-817.842600009194</x>
      <y>-982.5062733483845</y>
      <steeringAngle>0.17766666666666667</steeringAngle>
      <velocity>4.0</velocity>
      <orientation>-0.7512899279578714</orientation>
      <time>9</time>
    </ksState>
    <ksState>
      <x>-817.5198728896944</x>
      <y>-982.7458704970554</y>
      <steeringAngle>0.17766666666666667</steeringAngle>
      <velocity>4.0</velocity>
      <orientation>-0.7234394398026156</orientation>
      <time>10</time>
    </ksState>
    <ksState>
      <x>-817.2213633304464</x>
      <y>-982.9508267066279</y>
      <steeringAngle>0.21319999999999997</steeringAngle>
      <velocity>3.2</velocity>
      <orientation>-0.6958978942391809</orientation>
      <time>11</time>
    </ksState>
    <ksState>
      <x>-816.9814236354151</x>
      <y>-983.0995803358647</y>
      <steeringAngle>0.24873333333333342</steeringAngle>
      <velocity>2.4000000000000004</velocity>
      <orientation>-0.6704596638525315</orientation>
      <time>12</time>
    </ksState>
    <ksState>
      <x>-816.8050673093355</x>
      <y>-983.1985400016149</y>
      <steeringAngle>0.2842666666666668</steeringAngle>
      <velocity>1.600000000000001</velocity>
      <orientation>-0.6493847640619518</orientation>
      <time>13</time>
    </ksState>
    <ksState>
      <x>-816.6967148514552</x>
      <y>-983.2540232806556</y>
      <steeringAngle>0.3197999999999999</steeringAngle>
      <velocity>0.8000000000000007</velocity>
      <orientation>-0.6349863367612474</orientation>
      <time>14</time>
    </ksState>
    <ksState>
      <x>-816.659957914251</x>
      <y>-983.2715348022724</y>
      <steeringAngle>0.3553333333333332</steeringAngle>
      <velocity>5.551115123125783e-16</velocity>
      <orientation>-0.629644695125518</orientation>
      <time>15</time>
    </ksState>
    <ksState>
      <x>-816.659957914251</x>
      <y>-983.2715348022724</y>
      <steeringAngle>0.3198</steeringAngle>
      <velocity>0.0</velocity>
      <orientation>-0.629644695125518</orientation>
      <time>16</time>
    </ksState>
    <ksState>
      <x>-816.659957914251</x>
      <y>-983.2715348022724</y>
      <steeringAngle>0.2842666666666666</steeringAngle>
      <velocity>0.0</velocity>
      <orientation>-0.629644695125518</orientation>
      <time>17</time>
    </ksState>
    <ksState>
      <x>-816.659957914251</x>
      <y>-983.2715348022724</y>
      <steeringAngle>0.24873333333333333</steeringAngle>
      <velocity>0.0</velocity>
      <orientation>-0.629644695125518</orientation>
      <time>18</time>
    </ksState>
    <ksState>
      <x>-816.659957914251</x>
      <y>-983.2715348022724</y>
      <steeringAngle>0.21320000000000003</steeringAngle>
      <velocity>0.0</velocity>
      <orientation>-0.629644695125518</orientation>
      <time>19</time>
    </ksState>
    <ksState>
      <x>-816.659957914251</x>
      <y>-983.2715348022724</y>
      <steeringAngle>0.1776666666666667</steeringAngle>
      <velocity>0.0</velocity>
      <orientation>-0.629644695125518</orientation>
      <time>20</time>
    </ksState>
    <ksState>
      <x>-816.659957914251</x>
      <y>-983.2715348022724</y>
      <steeringAngle>0.14213333333333336</steeringAngle>
      <velocity>0.0</velocity>
      <orientation>-0.629644695125518</orientation>
      <time>21</time>
    </ksState>
    <ksState>
      <x>-816.659957914251</x>
      <y>-983.2715348022724</y>
      <steeringAngle>0.10660000000000001</steeringAngle>
      <velocity>0.0</velocity>
      <orientation>-0.629644695125518</orientation>
      <time>22</time>
    </ksState>
    <ksState>
      <x>-816.659957914251</x>
      <y>-983.2715348022724</y>
      <steeringAngle>0.07106666666666668</steeringAngle>
      <velocity>0.0</velocity>
      <orientation>-0.629644695125518</orientation>
      <time>23</time>
    </ksState>
    <ksState>
      <x>-816.659957914251</x>
      <y>-983.2715348022724</y>
      <steeringAngle>0.03553333333333333</steeringAngle>
      <velocity>0.0</velocity>
      <orientation>-0.629644695125518</orientation>
      <time>24</time>
    </ksState>
    <ksState>
      <x>-816.659957914251</x>
      <y>-983.2715348022724</y>
      <steeringAngle>0.0</steeringAngle>
      <velocity>0.0</velocity>
      <orientation>-0.629644695125518</orientation>
      <time>25</time>
    </ksState>
    <ksState>
      <x>-816.659957914251</x>
      <y>-983.2715348022724</y>
      <steeringAngle>0.0</steeringAngle>
      <velocity>0.0</velocity>
      <orientation>-0.629644695125518</orientation>
      <time>26</time>
    </ksState>
    <ksState>
      <x>-816.659957914251</x>
      <y>-983.2715348022724</y>
      <steeringAngle>0.0</steeringAngle>
      <velocity>0.0</velocity>
      <orientation>-0.629644695125518</orientation>
      <time>27</time>
    </ksState>
    <ksState>
      <x>-816.659957914251</x>
      <y>-983.2715348022724</y>
      <steeringAngle>0.0</steeringAngle>
      <velocity>0.0</velocity>
      <orientation>-0.629644695125518</orientation>
      <time>28</time>
    </ksState>
    <ksState>
      <x>-816.659957914251</x>
      <y>-983.2715348022724</y>
      <steeringAngle>0.0</steeringAngle>
      <velocity>0.0</velocity>
      <orientation>-0.629644695125518</orientation>
      <time>29</time>
    </ksState>
    <ksState>
      <x>-816.659957914251</x>
      <y>-983.2715348022724</y>
      <steeringAngle>0.0</steeringAngle>
      <velocity>0.0</velocity>
      <orientation>-0.629644695125518</orientation>
      <time>30</time>
    </ksState>
    <ksState>
      <x>-816.659957914251</x>
      <y>-983.2715348022724</y>
      <steeringAngle>0.0</steeringAngle>
      <velocity>0.0</velocity>
      <orientation>-0.629644695125518</orientation>
      <time>31</time>
    </ksState>
    <ksState>
      <x>-816.659957914251</x>
      <y>-983.2715348022724</y>
      <steeringAngle>0.0</steeringAngle>
      <velocity>0.0</velocity>
      <orientation>-0.629644695125518</orientation>
      <time>32</time>
    </ksState>
    <ksState>
      <x>-816.659957914251</x>
      <y>-983.2715348022724</y>
      <steeringAngle>0.0</steeringAngle>
      <velocity>0.0</velocity>
      <orientation>-0.629644695125518</orientation>
      <time>33</time>
    </ksState>
  </ksTrajectory>
</CommonRoadSolution>
