<?xml version="1.0" ?>
<CommonRoadSolution benchmark_id="KS2:SM1:BEL_Putte-6_1_T-1:2020a" computation_time="0.8144645740003398" date="2023-01-12T15:00:04">
  <ksTrajectory planningProblem="1">
    <ksState>
      <x>922.513</x>
      <y>-456.17937</y>
      <steeringAngle>0.0</steeringAngle>
      <velocity>0.0</velocity>
      <orientation>2.6616541</orientation>
      <time>0</time>
    </ksState>
    <ksState>
      <x>922.4777633052412</x>
      <y>-456.1604320151792</y>
      <steeringAngle>-0.03553333333333333</steeringAngle>
      <velocity>0.8</velocity>
      <orientation>2.6612865682217577</orientation>
      <time>1</time>
    </ksState>
    <ksState>
      <x>922.3731016759264</x>
      <y>-456.1016167426084</y>
      <steeringAngle>-0.0710666666666667</steeringAngle>
      <velocity>1.6</velocity>
      <orientation>2.658711721629772</orientation>
      <time>2</time>
    </ksState>
    <ksState>
      <x>922.200930153739</x>
      <y>-455.9993666116783</y>
      <steeringAngle>-0.10660000000000003</steeringAngle>
      <velocity>2.4000000000000004</velocity>
      <orientation>2.651711017392935</orientation>
      <time>3</time>
    </ksState>
    <ksState>
      <x>921.9639923352261</x>
      <y>-455.8489212309935</y>
      <steeringAngle>-0.14213333333333342</steeringAngle>
      <velocity>3.2000000000000015</velocity>
      <orientation>2.638043376452115</orientation>
      <time>4</time>
    </ksState>
    <ksState>
      <x>921.6664320294368</x>
      <y>-455.6437938704334</y>
      <steeringAngle>-0.17766666666666683</steeringAngle>
      <velocity>4.0000000000000036</velocity>
      <orientation>2.6154334605788945</orientation>
      <time>5</time>
    </ksState>
    <ksState>
      <x>921.3460928499959</x>
      <y>-455.4003558229131</y>
      <steeringAngle>-0.21319999999999995</steeringAngle>
      <velocity>4.0</velocity>
      <orientation>2.5847256779413943</orientation>
      <time>6</time>
    </ksState>
    <ksState>
      <x>921.0385798762925</x>
      <y>-455.1394130836606</y>
      <steeringAngle>-0.24873333333333336</steeringAngle>
      <velocity>4.0</velocity>
      <orientation>2.5482468368187</orientation>
      <time>7</time>
    </ksState>
    <ksState>
      <x>920.7464047133</x>
      <y>-454.8597431588234</y>
      <steeringAngle>-0.2842666666666667</steeringAngle>
      <velocity>4.0</velocity>
      <orientation>2.505899602973252</orientation>
      <time>8</time>
    </ksState>
    <ksState>
      <x>920.4724270249701</x>
      <y>-454.56040305170154</y>
      <steeringAngle>-0.31980000000000003</steeringAngle>
      <velocity>4.0</velocity>
      <orientation>2.457568921606117</orientation>
      <time>9</time>
    </ksState>
    <ksState>
      <x>920.2198715776921</x>
      <y>-454.2408040909143</y>
      <steeringAngle>-0.35533333333333333</steeringAngle>
      <velocity>4.0</velocity>
      <orientation>2.4031207204278386</orientation>
      <time>10</time>
    </ksState>
    <ksState>
      <x>919.9888171344579</x>
      <y>-453.90424312698417</y>
      <steeringAngle>-0.35533333333333333</steeringAngle>
      <velocity>4.0</velocity>
      <orientation>2.3455640136711247</orientation>
      <time>11</time>
    </ksState>
    <ksState>
      <x>919.77750592274</x>
      <y>-453.5549480720131</y>
      <steeringAngle>-0.35533333333333333</steeringAngle>
      <velocity>4.0</velocity>
      <orientation>2.2880073069144107</orientation>
      <time>12</time>
    </ksState>
    <ksState>
      <x>919.5866378005553</x>
      <y>-453.19407576154276</y>
      <steeringAngle>-0.35533333333333333</steeringAngle>
      <velocity>4.0</velocity>
      <orientation>2.2304506001576967</orientation>
      <time>13</time>
    </ksState>
    <ksState>
      <x>919.4168448966177</x>
      <y>-452.82282135387425</y>
      <steeringAngle>-0.35533333333333333</steeringAngle>
      <velocity>4.0</velocity>
      <orientation>2.1728938934009827</orientation>
      <time>14</time>
    </ksState>
    <ksState>
      <x>919.2686895410459</x>
      <y>-452.4424143915071</y>
      <steeringAngle>-0.35533333333333333</steeringAngle>
      <velocity>4.0</velocity>
      <orientation>2.1153371866442687</orientation>
      <time>15</time>
    </ksState>
    <ksState>
      <x>919.1579777000767</x>
      <y>-452.0912673571869</y>
      <steeringAngle>-0.3908666666666668</steeringAngle>
      <velocity>3.2000000000000006</velocity>
      <orientation>2.0607947998710863</orientation>
      <time>16</time>
    </ksState>
    <ksState>
      <x>919.0915507753149</x>
      <y>-451.8112455917408</y>
      <steeringAngle>-0.4264</steeringAngle>
      <velocity>2.3999999999999995</velocity>
      <orientation>2.013885163074569</orientation>
      <time>17</time>
    </ksState>
    <ksState>
      <x>919.0567961421451</x>
      <y>-451.60747550717053</y>
      <steeringAngle>-0.4619333333333332</steeringAngle>
      <velocity>1.5999999999999996</velocity>
      <orientation>1.9770875385491724</orientation>
      <time>18</time>
    </ksState>
    <ksState>
      <x>919.0423328360233</x>
      <y>-451.4835253334019</y>
      <steeringAngle>-0.49746666666666656</steeringAngle>
      <velocity>0.7999999999999986</velocity>
      <orientation>1.9529941023991908</orientation>
      <time>19</time>
    </ksState>
    <ksState>
      <x>919.0390286128998</x>
      <y>-451.44180102686477</y>
      <steeringAngle>-0.5329999999999998</steeringAngle>
      <velocity>-1.5265566588595902e-15</velocity>
      <orientation>1.9443314362616102</orientation>
      <time>20</time>
    </ksState>
    <ksState>
      <x>919.0390286128998</x>
      <y>-451.44180102686477</y>
      <steeringAngle>-0.49746666666666667</steeringAngle>
      <velocity>0.0</velocity>
      <orientation>1.9443314362616102</orientation>
      <time>21</time>
    </ksState>
    <ksState>
      <x>919.0390286128998</x>
      <y>-451.44180102686477</y>
      <steeringAngle>-0.4619333333333333</steeringAngle>
      <velocity>0.0</velocity>
      <orientation>1.9443314362616102</orientation>
      <time>22</time>
    </ksState>
    <ksState>
      <x>919.0390286128998</x>
      <y>-451.44180102686477</y>
      <steeringAngle>-0.42639999999999995</steeringAngle>
      <velocity>0.0</velocity>
      <orientation>1.9443314362616102</orientation>
      <time>23</time>
    </ksState>
    <ksState>
      <x>919.0390286128998</x>
      <y>-451.44180102686477</y>
      <steeringAngle>-0.3908666666666666</steeringAngle>
      <velocity>0.0</velocity>
      <orientation>1.9443314362616102</orientation>
      <time>24</time>
    </ksState>
    <ksState>
      <x>919.0390286128998</x>
      <y>-451.44180102686477</y>
      <steeringAngle>-0.3553333333333333</steeringAngle>
      <velocity>0.0</velocity>
      <orientation>1.9443314362616102</orientation>
      <time>25</time>
    </ksState>
    <ksState>
      <x>919.0390286128998</x>
      <y>-451.44180102686477</y>
      <steeringAngle>-0.3198</steeringAngle>
      <velocity>0.0</velocity>
      <orientation>1.9443314362616102</orientation>
      <time>26</time>
    </ksState>
    <ksState>
      <x>919.0390286128998</x>
      <y>-451.44180102686477</y>
      <steeringAngle>-0.2842666666666666</steeringAngle>
      <velocity>0.0</velocity>
      <orientation>1.9443314362616102</orientation>
      <time>27</time>
    </ksState>
    <ksState>
      <x>919.0390286128998</x>
      <y>-451.44180102686477</y>
      <steeringAngle>-0.24873333333333333</steeringAngle>
      <velocity>0.0</velocity>
      <orientation>1.9443314362616102</orientation>
      <time>28</time>
    </ksState>
    <ksState>
      <x>919.0390286128998</x>
      <y>-451.44180102686477</y>
      <steeringAngle>-0.21320000000000003</steeringAngle>
      <velocity>0.0</velocity>
      <orientation>1.9443314362616102</orientation>
      <time>29</time>
    </ksState>
    <ksState>
      <x>919.0390286128998</x>
      <y>-451.44180102686477</y>
      <steeringAngle>-0.1776666666666667</steeringAngle>
      <velocity>0.0</velocity>
      <orientation>1.9443314362616102</orientation>
      <time>30</time>
    </ksState>
    <ksState>
      <x>919.0390286128998</x>
      <y>-451.44180102686477</y>
      <steeringAngle>-0.14213333333333336</steeringAngle>
      <velocity>0.0</velocity>
      <orientation>1.9443314362616102</orientation>
      <time>31</time>
    </ksState>
    <ksState>
      <x>919.0390286128998</x>
      <y>-451.44180102686477</y>
      <steeringAngle>-0.10660000000000001</steeringAngle>
      <velocity>0.0</velocity>
      <orientation>1.9443314362616102</orientation>
      <time>32</time>
    </ksState>
    <ksState>
      <x>919.0390286128998</x>
      <y>-451.44180102686477</y>
      <steeringAngle>-0.07106666666666668</steeringAngle>
      <velocity>0.0</velocity>
      <orientation>1.9443314362616102</orientation>
      <time>33</time>
    </ksState>
  </ksTrajectory>
</CommonRoadSolution>
