<?xml version="1.0" ?>
<CommonRoadSolution benchmark_id="KS2:SM1:ITA_Empoli-8_2_T-1:2020a" computation_time="1.967529817000468" date="2023-01-12T15:00:04">
  <ksTrajectory planningProblem="1">
    <ksState>
      <x>-318.93425</x>
      <y>-70.652554</y>
      <steeringAngle>0.0</steeringAngle>
      <velocity>4.0</velocity>
      <orientation>-0.22424604</orientation>
      <time>0</time>
    </ksState>
    <ksState>
      <x>-318.50418216853836</x>
      <y>-70.74560919752497</y>
      <steeringAngle>0.035533333333333326</steeringAngle>
      <velocity>4.799999999999999</velocity>
      <orientation>-0.2211222613308092</orientation>
      <time>1</time>
    </ksState>
    <ksState>
      <x>-317.99299704954456</x>
      <y>-70.84212758680923</y>
      <steeringAngle>0.07106666666666667</steeringAngle>
      <velocity>5.599999999999998</velocity>
      <orientation>-0.2102716502696364</orientation>
      <time>2</time>
    </ksState>
    <ksState>
      <x>-317.3991544221307</x>
      <y>-70.93262799630476</y>
      <steeringAngle>0.10659999999999999</steeringAngle>
      <velocity>6.3999999999999995</velocity>
      <orientation>-0.1894547012693084</orientation>
      <time>3</time>
    </ksState>
    <ksState>
      <x>-316.72132709199195</x>
      <y>-71.00382642777167</y>
      <steeringAngle>0.14213333333333333</steeringAngle>
      <velocity>7.199999999999999</velocity>
      <orientation>-0.15639513028814328</orientation>
      <time>4</time>
    </ksState>
    <ksState>
      <x>-315.959201832628</x>
      <y>-71.03779881881363</y>
      <steeringAngle>0.17766666666666664</steeringAngle>
      <velocity>7.9999999999999964</velocity>
      <orientation>-0.10876780820659664</orientation>
      <time>5</time>
    </ksState>
    <ksState>
      <x>-315.155517931387</x>
      <y>-71.0234764714476</y>
      <steeringAngle>0.17766666666666667</steeringAngle>
      <velocity>8.0</velocity>
      <orientation>-0.05306683189608485</orientation>
      <time>6</time>
    </ksState>
    <ksState>
      <x>-314.35387778125147</x>
      <y>-70.96443350700257</y>
      <steeringAngle>0.17766666666666667</steeringAngle>
      <velocity>8.0</velocity>
      <orientation>0.0026341444144269005</orientation>
      <time>7</time>
    </ksState>
    <ksState>
      <x>-313.55676794158666</x>
      <y>-70.86085306142728</y>
      <steeringAngle>0.17766666666666667</steeringAngle>
      <velocity>8.0</velocity>
      <orientation>0.058335120724938586</orientation>
      <time>8</time>
    </ksState>
    <ksState>
      <x>-312.76666088491817</x>
      <y>-70.71305642019844</y>
      <steeringAngle>0.17766666666666667</steeringAngle>
      <velocity>8.0</velocity>
      <orientation>0.11403609703545041</orientation>
      <time>9</time>
    </ksState>
    <ksState>
      <x>-311.9860073620335</x>
      <y>-70.52150201784482</y>
      <steeringAngle>0.17766666666666667</steeringAngle>
      <velocity>8.0</velocity>
      <orientation>0.16973707334596222</orientation>
      <time>10</time>
    </ksState>
    <ksState>
      <x>-311.25534875223565</x>
      <y>-70.2995343616539</y>
      <steeringAngle>0.17766666666666667</steeringAngle>
      <velocity>7.2</velocity>
      <orientation>0.2226530007903396</orientation>
      <time>11</time>
    </ksState>
    <ksState>
      <x>-310.61235986307776</x>
      <y>-70.06841665270356</y>
      <steeringAngle>0.17766666666666667</steeringAngle>
      <velocity>6.4</velocity>
      <orientation>0.2699988305831508</orientation>
      <time>12</time>
    </ksState>
    <ksState>
      <x>-310.0546525286916</x>
      <y>-69.83941407282593</y>
      <steeringAngle>0.17766666666666667</steeringAngle>
      <velocity>5.599999999999999</velocity>
      <orientation>0.31177456273833554</orientation>
      <time>13</time>
    </ksState>
    <ksState>
      <x>-309.5794014196529</x>
      <y>-69.62225082622916</y>
      <steeringAngle>0.17766666666666667</steeringAngle>
      <velocity>4.799999999999999</velocity>
      <orientation>0.34798019725985</orientation>
      <time>14</time>
    </ksState>
    <ksState>
      <x>-309.1836242916834</x>
      <y>-69.4251597572482</y>
      <steeringAngle>0.17766666666666667</steeringAngle>
      <velocity>4.0</velocity>
      <orientation>0.37861573414918004</orientation>
      <time>15</time>
    </ksState>
    <ksState>
      <x>-308.8629383177467</x>
      <y>-69.25842801354881</y>
      <steeringAngle>0.1421333333333333</steeringAngle>
      <velocity>3.1999999999999993</velocity>
      <orientation>0.4012256491226224</orientation>
      <time>16</time>
    </ksState>
    <ksState>
      <x>-308.61368290636506</x>
      <y>-69.1293847429584</y>
      <steeringAngle>0.10659999999999997</steeringAngle>
      <velocity>2.3999999999999977</velocity>
      <orientation>0.4148932899933297</orientation>
      <time>17</time>
    </ksState>
    <ksState>
      <x>-308.4350000804791</x>
      <y>-69.03898341869072</y>
      <steeringAngle>0.07106666666666664</steeringAngle>
      <velocity>1.5999999999999976</velocity>
      <orientation>0.42189399584654885</orientation>
      <time>18</time>
    </ksState>
    <ksState>
      <x>-308.32709669738614</x>
      <y>-68.98634892517465</y>
      <steeringAngle>0.0355333333333333</steeringAngle>
      <velocity>0.7999999999999972</velocity>
      <orientation>0.4244688403205161</orientation>
      <time>19</time>
    </ksState>
    <ksState>
      <x>-308.2908654478599</x>
      <y>-68.96939099552154</y>
      <steeringAngle>-2.5153490401663703e-17</steeringAngle>
      <velocity>-2.914335439641036e-15</velocity>
      <orientation>0.4248363518990473</orientation>
      <time>20</time>
    </ksState>
    <ksState>
      <x>-308.25420333839776</x>
      <y>-68.95338594455662</y>
      <steeringAngle>-0.03553333333333333</steeringAngle>
      <velocity>0.8</velocity>
      <orientation>0.42446882012080533</orientation>
      <time>21</time>
    </ksState>
    <ksState>
      <x>-308.14329120249835</x>
      <y>-68.90743171680047</y>
      <steeringAngle>-0.0710666666666667</steeringAngle>
      <velocity>1.6</velocity>
      <orientation>0.4218939735288197</orientation>
      <time>22</time>
    </ksState>
    <ksState>
      <x>-307.95651500445484</x>
      <y>-68.83523217267536</y>
      <steeringAngle>-0.10660000000000003</steeringAngle>
      <velocity>2.4000000000000004</velocity>
      <orientation>0.41489326929198245</orientation>
      <time>23</time>
    </ksState>
    <ksState>
      <x>-307.6918268803471</x>
      <y>-68.74188583173236</y>
      <steeringAngle>-0.14213333333333342</steeringAngle>
      <velocity>3.2000000000000015</velocity>
      <orientation>0.40122562835116227</orientation>
      <time>24</time>
    </ksState>
    <ksState>
      <x>-307.3466867090319</x>
      <y>-68.63465882125304</y>
      <steeringAngle>-0.17766666666666683</steeringAngle>
      <velocity>4.0000000000000036</velocity>
      <orientation>0.3786157124779421</orientation>
      <time>25</time>
    </ksState>
    <ksState>
      <x>-306.9573491634372</x>
      <y>-68.53319183915751</y>
      <steeringAngle>-0.21319999999999995</steeringAngle>
      <velocity>4.0</velocity>
      <orientation>0.34790792984044194</orientation>
      <time>26</time>
    </ksState>
    <ksState>
      <x>-306.56217275471744</x>
      <y>-68.45262541838618</y>
      <steeringAngle>-0.24873333333333336</steeringAngle>
      <velocity>4.0</velocity>
      <orientation>0.31142908871774766</orientation>
      <time>27</time>
    </ksState>
    <ksState>
      <x>-306.161748079692</x>
      <y>-68.39568973222282</y>
      <steeringAngle>-0.2842666666666667</steeringAngle>
      <velocity>4.0</velocity>
      <orientation>0.26908185487229963</orientation>
      <time>28</time>
    </ksState>
    <ksState>
      <x>-305.7571005525251</x>
      <y>-68.36521593705385</y>
      <steeringAngle>-0.31980000000000003</steeringAngle>
      <velocity>4.0</velocity>
      <orientation>0.22075117350516463</orientation>
      <time>29</time>
    </ksState>
    <ksState>
      <x>-305.349759771589</x>
      <y>-68.364103339879</y>
      <steeringAngle>-0.35533333333333333</steeringAngle>
      <velocity>4.0</velocity>
      <orientation>0.16630297232688618</orientation>
      <time>30</time>
    </ksState>
    <ksState>
      <x>-304.98302982567816</x>
      <y>-68.38669485702978</y>
      <steeringAngle>-0.35533333333333333</steeringAngle>
      <velocity>3.2000000000000015</velocity>
      <orientation>0.11450193639371661</orientation>
      <time>31</time>
    </ksState>
    <ksState>
      <x>-304.69889397556534</x>
      <y>-68.41737785186675</y>
      <steeringAngle>-0.35533333333333333</steeringAngle>
      <velocity>2.4000000000000026</velocity>
      <orientation>0.07421224182657198</orientation>
      <time>32</time>
    </ksState>
    <ksState>
      <x>-304.4968108225296</x>
      <y>-68.44628959993045</y>
      <steeringAngle>-0.35533333333333333</steeringAngle>
      <velocity>1.600000000000003</velocity>
      <orientation>0.04543388861074929</orientation>
      <time>33</time>
    </ksState>
  </ksTrajectory>
</CommonRoadSolution>
