<?xml version="1.0" ?>
<CommonRoadSolution benchmark_id="KS2:SM1:BEL_Nivelles-4_2_T-1:2020a" computation_time="2.8398989930001335" date="2023-01-12T15:00:04">
  <ksTrajectory planningProblem="1">
    <ksState>
      <x>712.78015</x>
      <y>578.7309</y>
      <steeringAngle>0.0</steeringAngle>
      <velocity>12.0</velocity>
      <orientation>1.553787</orientation>
      <time>0</time>
    </ksState>
    <ksState>
      <x>712.80056020795</x>
      <y>579.9307264138664</y>
      <steeringAngle>0.0</steeringAngle>
      <velocity>12.0</velocity>
      <orientation>1.553787</orientation>
      <time>1</time>
    </ksState>
    <ksState>
      <x>712.8209704159</x>
      <y>581.1305528277328</y>
      <steeringAngle>0.0</steeringAngle>
      <velocity>12.0</velocity>
      <orientation>1.553787</orientation>
      <time>2</time>
    </ksState>
    <ksState>
      <x>712.8413806238499</x>
      <y>582.3303792415992</y>
      <steeringAngle>0.0</steeringAngle>
      <velocity>12.0</velocity>
      <orientation>1.553787</orientation>
      <time>3</time>
    </ksState>
    <ksState>
      <x>712.8617908317999</x>
      <y>583.5302056554655</y>
      <steeringAngle>0.0</steeringAngle>
      <velocity>12.0</velocity>
      <orientation>1.553787</orientation>
      <time>4</time>
    </ksState>
    <ksState>
      <x>712.8822010397498</x>
      <y>584.7300320693319</y>
      <steeringAngle>0.0</steeringAngle>
      <velocity>12.0</velocity>
      <orientation>1.553787</orientation>
      <time>5</time>
    </ksState>
    <ksState>
      <x>712.9019309074265</x>
      <y>585.8898642689142</y>
      <steeringAngle>0.0</steeringAngle>
      <velocity>11.200000000000001</velocity>
      <orientation>1.553787</orientation>
      <time>6</time>
    </ksState>
    <ksState>
      <x>712.9203000945655</x>
      <y>586.9697080404545</y>
      <steeringAngle>0.0</steeringAngle>
      <velocity>10.4</velocity>
      <orientation>1.553787</orientation>
      <time>7</time>
    </ksState>
    <ksState>
      <x>712.937308601172</x>
      <y>587.9695633842626</y>
      <steeringAngle>0.0</steeringAngle>
      <velocity>9.599999999999998</velocity>
      <orientation>1.553787</orientation>
      <time>8</time>
    </ksState>
    <ksState>
      <x>712.9529564272477</x>
      <y>588.8894303004264</y>
      <steeringAngle>0.0</steeringAngle>
      <velocity>8.799999999999999</velocity>
      <orientation>1.553787</orientation>
      <time>9</time>
    </ksState>
    <ksState>
      <x>712.967243572793</x>
      <y>589.7293087889745</y>
      <steeringAngle>0.0</steeringAngle>
      <velocity>7.999999999999997</velocity>
      <orientation>1.553787</orientation>
      <time>10</time>
    </ksState>
    <ksState>
      <x>712.980850378093</x>
      <y>590.5291930648855</y>
      <steeringAngle>0.0</steeringAngle>
      <velocity>8.0</velocity>
      <orientation>1.553787</orientation>
      <time>11</time>
    </ksState>
    <ksState>
      <x>712.9944571833929</x>
      <y>591.3290773407964</y>
      <steeringAngle>0.0</steeringAngle>
      <velocity>8.0</velocity>
      <orientation>1.553787</orientation>
      <time>12</time>
    </ksState>
    <ksState>
      <x>713.0080639886929</x>
      <y>592.1289616167073</y>
      <steeringAngle>0.0</steeringAngle>
      <velocity>8.0</velocity>
      <orientation>1.553787</orientation>
      <time>13</time>
    </ksState>
    <ksState>
      <x>713.0216707939929</x>
      <y>592.9288458926183</y>
      <steeringAngle>0.0</steeringAngle>
      <velocity>8.0</velocity>
      <orientation>1.553787</orientation>
      <time>14</time>
    </ksState>
    <ksState>
      <x>713.0352775992928</x>
      <y>593.7287301685291</y>
      <steeringAngle>0.0</steeringAngle>
      <velocity>8.0</velocity>
      <orientation>1.553787</orientation>
      <time>15</time>
    </ksState>
    <ksState>
      <x>713.0488844045929</x>
      <y>594.52861444444</y>
      <steeringAngle>0.0</steeringAngle>
      <velocity>8.0</velocity>
      <orientation>1.553787</orientation>
      <time>16</time>
    </ksState>
    <ksState>
      <x>713.0624912098928</x>
      <y>595.3284987203509</y>
      <steeringAngle>0.0</steeringAngle>
      <velocity>8.0</velocity>
      <orientation>1.553787</orientation>
      <time>17</time>
    </ksState>
    <ksState>
      <x>713.0760980151928</x>
      <y>596.1283829962618</y>
      <steeringAngle>0.0</steeringAngle>
      <velocity>8.0</velocity>
      <orientation>1.553787</orientation>
      <time>18</time>
    </ksState>
    <ksState>
      <x>713.0897048204928</x>
      <y>596.9282672721728</y>
      <steeringAngle>0.0</steeringAngle>
      <velocity>8.0</velocity>
      <orientation>1.553787</orientation>
      <time>19</time>
    </ksState>
    <ksState>
      <x>713.1033116257927</x>
      <y>597.7281515480836</y>
      <steeringAngle>0.0</steeringAngle>
      <velocity>8.0</velocity>
      <orientation>1.553787</orientation>
      <time>20</time>
    </ksState>
    <ksState>
      <x>713.1262293122157</x>
      <y>598.5278533392659</y>
      <steeringAngle>-0.03553333333333333</steeringAngle>
      <velocity>8.0</velocity>
      <orientation>1.5482744649971611</orientation>
      <time>21</time>
    </ksState>
    <ksState>
      <x>713.1736632991638</x>
      <y>599.32676202674</y>
      <steeringAngle>-0.07106666666666667</steeringAngle>
      <velocity>8.0</velocity>
      <orientation>1.5317229441168916</orientation>
      <time>22</time>
    </ksState>
    <ksState>
      <x>713.254471222734</x>
      <y>600.1235784686583</y>
      <steeringAngle>-0.10659999999999997</steeringAngle>
      <velocity>8.0</velocity>
      <orientation>1.5040904648261968</orientation>
      <time>23</time>
    </ksState>
    <ksState>
      <x>713.3774870815839</x>
      <y>600.9158844022628</y>
      <steeringAngle>-0.1421333333333333</steeringAngle>
      <velocity>8.0</velocity>
      <orientation>1.4653066125534617</orientation>
      <time>24</time>
    </ksState>
    <ksState>
      <x>713.5514108632124</x>
      <y>601.6998333004823</y>
      <steeringAngle>-0.17766666666666667</steeringAngle>
      <velocity>8.0</velocity>
      <orientation>1.415271800304307</orientation>
      <time>25</time>
    </ksState>
    <ksState>
      <x>713.7658087759373</x>
      <y>602.4738317272115</y>
      <steeringAngle>-0.14213333333333336</steeringAngle>
      <velocity>8.0</velocity>
      <orientation>1.3652369887555587</orientation>
      <time>26</time>
    </ksState>
    <ksState>
      <x>713.9987569733657</x>
      <y>603.2411526814687</y>
      <steeringAngle>-0.1066000000000001</steeringAngle>
      <velocity>8.0</velocity>
      <orientation>1.3264531367485612</orientation>
      <time>27</time>
    </ksState>
    <ksState>
      <x>714.2417168589676</x>
      <y>604.004391391359</y>
      <steeringAngle>-0.07106666666666674</steeringAngle>
      <velocity>8.0</velocity>
      <orientation>1.2988206577188743</orientation>
      <time>28</time>
    </ksState>
    <ksState>
      <x>714.4863294195471</x>
      <y>604.7664538455808</y>
      <steeringAngle>-0.035533333333333354</steeringAngle>
      <velocity>8.0</velocity>
      <orientation>1.282269137089845</orientation>
      <time>29</time>
    </ksState>
    <ksState>
      <x>714.7242910222454</x>
      <y>605.5302899411776</y>
      <steeringAngle>-2.0816681711721685e-17</steeringAngle>
      <velocity>8.0</velocity>
      <orientation>1.27675661063144</orientation>
      <time>30</time>
    </ksState>
    <ksState>
      <x>714.9527911446554</x>
      <y>606.2551555925605</y>
      <steeringAngle>-0.03553333333333333</steeringAngle>
      <velocity>7.199999999999999</velocity>
      <orientation>1.2716115976489477</orientation>
      <time>31</time>
    </ksState>
    <ksState>
      <x>715.1762020712124</x>
      <y>606.897692932104</y>
      <steeringAngle>-0.07106666666666664</steeringAngle>
      <velocity>6.400000000000001</velocity>
      <orientation>1.2576349255279846</orientation>
      <time>32</time>
    </ksState>
    <ksState>
      <x>715.3943535086686</x>
      <y>607.4573663281321</y>
      <steeringAngle>-0.10659999999999997</steeringAngle>
      <velocity>5.600000000000004</velocity>
      <orientation>1.2370031576621032</orientation>
      <time>33</time>
    </ksState>
  </ksTrajectory>
</CommonRoadSolution>
