<?xml version="1.0" ?>
<CommonRoadSolution benchmark_id="KS2:SM1:ESP_PriegodeCordoba-6_1_T-1:2020a" computation_time="1.8406064239998159" date="2023-01-12T15:00:04">
  <ksTrajectory planningProblem="1">
    <ksState>
      <x>1006.9899</x>
      <y>-935.24783</y>
      <steeringAngle>0.0</steeringAngle>
      <velocity>4.0</velocity>
      <orientation>-2.9581964</orientation>
      <time>0</time>
    </ksState>
    <ksState>
      <x>1006.5581814003712</x>
      <y>-935.3328985616371</y>
      <steeringAngle>0.035533333333333326</steeringAngle>
      <velocity>4.799999999999999</velocity>
      <orientation>-2.955072621330809</orientation>
      <time>1</time>
    </ksState>
    <ksState>
      <x>1006.0506194515203</x>
      <y>-935.446946329829</y>
      <steeringAngle>0.07106666666666667</steeringAngle>
      <velocity>5.599999999999998</velocity>
      <orientation>-2.944222010269636</orientation>
      <time>2</time>
    </ksState>
    <ksState>
      <x>1005.469558913003</x>
      <y>-935.5992881849791</y>
      <steeringAngle>0.10659999999999999</steeringAngle>
      <velocity>6.3999999999999995</velocity>
      <orientation>-2.923405061269308</orientation>
      <time>3</time>
    </ksState>
    <ksState>
      <x>1004.8190477302778</x>
      <y>-935.8026457697302</y>
      <steeringAngle>0.14213333333333333</steeringAngle>
      <velocity>7.199999999999999</velocity>
      <orientation>-2.890345490288143</orientation>
      <time>4</time>
    </ksState>
    <ksState>
      <x>1004.1059042646413</x>
      <y>-936.0735985917004</y>
      <steeringAngle>0.17766666666666664</steeringAngle>
      <velocity>7.9999999999999964</velocity>
      <orientation>-2.8427181682065963</orientation>
      <time>5</time>
    </ksState>
    <ksState>
      <x>1003.4129943742554</x>
      <y>-936.3961886785808</y>
      <steeringAngle>0.21320000000000014</steeringAngle>
      <velocity>7.200000000000003</velocity>
      <orientation>-2.7844688411351033</orientation>
      <time>6</time>
    </ksState>
    <ksState>
      <x>1002.8167798392111</x>
      <y>-936.7344776285827</y>
      <steeringAngle>0.24873333333333347</steeringAngle>
      <velocity>6.400000000000004</velocity>
      <orientation>-2.722551753649324</orientation>
      <time>7</time>
    </ksState>
    <ksState>
      <x>1002.3159075196197</x>
      <y>-937.0766257044006</y>
      <steeringAngle>0.2842666666666668</steeringAngle>
      <velocity>5.600000000000001</velocity>
      <orientation>-2.659129610885403</orientation>
      <time>8</time>
    </ksState>
    <ksState>
      <x>1001.9068208244889</x>
      <y>-937.4095835727622</y>
      <steeringAngle>0.3198</steeringAngle>
      <velocity>4.800000000000002</velocity>
      <orientation>-2.5964005111434503</orientation>
      <time>9</time>
    </ksState>
    <ksState>
      <x>1001.5837766185138</x>
      <y>-937.7200286432741</y>
      <steeringAngle>0.3553333333333332</steeringAngle>
      <velocity>4.000000000000001</velocity>
      <orientation>-2.5366106770952355</orientation>
      <time>10</time>
    </ksState>
    <ksState>
      <x>1001.3099835694678</x>
      <y>-938.0228434455444</y>
      <steeringAngle>0.35533333333333333</steeringAngle>
      <velocity>4.0</velocity>
      <orientation>-2.4790539703385215</orientation>
      <time>11</time>
    </ksState>
    <ksState>
      <x>1001.0540632758103</x>
      <y>-938.3409067520089</y>
      <steeringAngle>0.35533333333333333</steeringAngle>
      <velocity>4.0</velocity>
      <orientation>-2.4214972635818075</orientation>
      <time>12</time>
    </ksState>
    <ksState>
      <x>1000.8168633369294</x>
      <y>-938.6731651657856</y>
      <steeringAngle>0.35533333333333333</steeringAngle>
      <velocity>4.0</velocity>
      <orientation>-2.3639405568250935</orientation>
      <time>13</time>
    </ksState>
    <ksState>
      <x>1000.5991693259914</x>
      <y>-939.0185182938192</y>
      <steeringAngle>0.35533333333333333</steeringAngle>
      <velocity>4.0</velocity>
      <orientation>-2.3063838500683795</orientation>
      <time>14</time>
    </ksState>
    <ksState>
      <x>1000.4017022148611</x>
      <y>-939.3758223749935</y>
      <steeringAngle>0.35533333333333333</steeringAngle>
      <velocity>4.0</velocity>
      <orientation>-2.2488271433116656</orientation>
      <time>15</time>
    </ksState>
    <ksState>
      <x>1000.2418177878267</x>
      <y>-939.7066368242953</y>
      <steeringAngle>0.35533333333333333</steeringAngle>
      <velocity>3.2000000000000015</velocity>
      <orientation>-2.197026107378496</orientation>
      <time>16</time>
    </ksState>
    <ksState>
      <x>1000.129433365027</x>
      <y>-939.969399776409</y>
      <steeringAngle>0.35533333333333333</steeringAngle>
      <velocity>2.4000000000000026</velocity>
      <orientation>-2.1567364128113513</orientation>
      <time>17</time>
    </ksState>
    <ksState>
      <x>1000.055684525302</x>
      <y>-940.1597536535857</y>
      <steeringAngle>0.35533333333333333</steeringAngle>
      <velocity>1.600000000000003</velocity>
      <orientation>-2.1279580595955285</orientation>
      <time>18</time>
    </ksState>
    <ksState>
      <x>1000.0140752800785</x>
      <y>-940.2749569108671</y>
      <steeringAngle>0.35533333333333333</steeringAngle>
      <velocity>0.8000000000000022</velocity>
      <orientation>-2.110691047725212</orientation>
      <time>19</time>
    </ksState>
    <ksState>
      <x>1000.0006483513863</x>
      <y>-940.3135155398941</y>
      <steeringAngle>0.35533333333333333</steeringAngle>
      <velocity>1.8318679906315083e-15</velocity>
      <orientation>-2.1049353771927795</orientation>
      <time>20</time>
    </ksState>
    <ksState>
      <x>1000.0006483513863</x>
      <y>-940.3135155398941</y>
      <steeringAngle>0.3198</steeringAngle>
      <velocity>0.0</velocity>
      <orientation>-2.1049353771927795</orientation>
      <time>21</time>
    </ksState>
    <ksState>
      <x>1000.0006483513863</x>
      <y>-940.3135155398941</y>
      <steeringAngle>0.2842666666666666</steeringAngle>
      <velocity>0.0</velocity>
      <orientation>-2.1049353771927795</orientation>
      <time>22</time>
    </ksState>
    <ksState>
      <x>1000.0006483513863</x>
      <y>-940.3135155398941</y>
      <steeringAngle>0.24873333333333333</steeringAngle>
      <velocity>0.0</velocity>
      <orientation>-2.1049353771927795</orientation>
      <time>23</time>
    </ksState>
    <ksState>
      <x>1000.0006483513863</x>
      <y>-940.3135155398941</y>
      <steeringAngle>0.21320000000000003</steeringAngle>
      <velocity>0.0</velocity>
      <orientation>-2.1049353771927795</orientation>
      <time>24</time>
    </ksState>
    <ksState>
      <x>1000.0006483513863</x>
      <y>-940.3135155398941</y>
      <steeringAngle>0.1776666666666667</steeringAngle>
      <velocity>0.0</velocity>
      <orientation>-2.1049353771927795</orientation>
      <time>25</time>
    </ksState>
    <ksState>
      <x>1000.0006483513863</x>
      <y>-940.3135155398941</y>
      <steeringAngle>0.14213333333333336</steeringAngle>
      <velocity>0.0</velocity>
      <orientation>-2.1049353771927795</orientation>
      <time>26</time>
    </ksState>
    <ksState>
      <x>1000.0006483513863</x>
      <y>-940.3135155398941</y>
      <steeringAngle>0.10660000000000001</steeringAngle>
      <velocity>0.0</velocity>
      <orientation>-2.1049353771927795</orientation>
      <time>27</time>
    </ksState>
    <ksState>
      <x>1000.0006483513863</x>
      <y>-940.3135155398941</y>
      <steeringAngle>0.07106666666666668</steeringAngle>
      <velocity>0.0</velocity>
      <orientation>-2.1049353771927795</orientation>
      <time>28</time>
    </ksState>
    <ksState>
      <x>1000.0006483513863</x>
      <y>-940.3135155398941</y>
      <steeringAngle>0.03553333333333333</steeringAngle>
      <velocity>0.0</velocity>
      <orientation>-2.1049353771927795</orientation>
      <time>29</time>
    </ksState>
    <ksState>
      <x>1000.0006483513863</x>
      <y>-940.3135155398941</y>
      <steeringAngle>0.0</steeringAngle>
      <velocity>0.0</velocity>
      <orientation>-2.1049353771927795</orientation>
      <time>30</time>
    </ksState>
    <ksState>
      <x>1000.0006483513863</x>
      <y>-940.3135155398941</y>
      <steeringAngle>0.0</steeringAngle>
      <velocity>0.0</velocity>
      <orientation>-2.1049353771927795</orientation>
      <time>31</time>
    </ksState>
    <ksState>
      <x>1000.0006483513863</x>
      <y>-940.3135155398941</y>
      <steeringAngle>0.0</steeringAngle>
      <velocity>0.0</velocity>
      <orientation>-2.1049353771927795</orientation>
      <time>32</time>
    </ksState>
    <ksState>
      <x>1000.0006483513863</x>
      <y>-940.3135155398941</y>
      <steeringAngle>0.0</steeringAngle>
      <velocity>0.0</velocity>
      <orientation>-2.1049353771927795</orientation>
      <time>33</time>
    </ksState>
  </ksTrajectory>
</CommonRoadSolution>
