<?xml version="1.0" ?>
<CommonRoadSolution benchmark_id="KS2:SM1:DEU_Guetersloh-15_2_T-1:2020a" computation_time="1.3515933479993691" date="2023-01-12T15:00:04">
  <ksTrajectory planningProblem="1">
    <ksState>
      <x>285.1094</x>
      <y>51.066769</y>
      <steeringAngle>0.0</steeringAngle>
      <velocity>12.0</velocity>
      <orientation>0.42572805</orientation>
      <time>0</time>
    </ksState>
    <ksState>
      <x>286.1658564291608</x>
      <y>51.5458303866211</y>
      <steeringAngle>0.0</steeringAngle>
      <velocity>11.200000000000001</velocity>
      <orientation>0.42572805</orientation>
      <time>1</time>
    </ksState>
    <ksState>
      <x>287.1494537938002</x>
      <y>51.99185305672335</y>
      <steeringAngle>0.0</steeringAngle>
      <velocity>10.4</velocity>
      <orientation>0.42572805</orientation>
      <time>2</time>
    </ksState>
    <ksState>
      <x>288.0601920942002</x>
      <y>52.40483701043467</y>
      <steeringAngle>0.0</steeringAngle>
      <velocity>9.599999999999998</velocity>
      <orientation>0.42572805</orientation>
      <time>3</time>
    </ksState>
    <ksState>
      <x>288.898071330441</x>
      <y>52.78478224779139</y>
      <steeringAngle>0.0</steeringAngle>
      <velocity>8.799999999999999</velocity>
      <orientation>0.42572805</orientation>
      <time>4</time>
    </ksState>
    <ksState>
      <x>289.66309150254875</x>
      <y>53.13168876880541</y>
      <steeringAngle>0.0</steeringAngle>
      <velocity>7.999999999999997</velocity>
      <orientation>0.42572805</orientation>
      <time>5</time>
    </ksState>
    <ksState>
      <x>290.3587902164159</x>
      <y>53.43770481090092</y>
      <steeringAngle>-0.03553333333333333</steeringAngle>
      <velocity>7.199999999999999</velocity>
      <orientation>0.4205830370175077</orientation>
      <time>6</time>
    </ksState>
    <ksState>
      <x>290.9892265792877</x>
      <y>53.69327606746481</y>
      <steeringAngle>-0.07106666666666664</steeringAngle>
      <velocity>6.400000000000001</velocity>
      <orientation>0.4066063648965446</orientation>
      <time>7</time>
    </ksState>
    <ksState>
      <x>291.5538855591683</x>
      <y>53.89817749822158</y>
      <steeringAngle>-0.10659999999999997</steeringAngle>
      <velocity>5.600000000000004</velocity>
      <orientation>0.3859745970306632</orientation>
      <time>8</time>
    </ksState>
    <ksState>
      <x>292.0509579090651</x>
      <y>54.05489111794953</y>
      <steeringAngle>-0.1421333333333333</steeringAngle>
      <velocity>4.800000000000003</velocity>
      <orientation>0.360858389522015</orientation>
      <time>9</time>
    </ksState>
    <ksState>
      <x>292.477894415003</x>
      <y>54.16810607084306</y>
      <steeringAngle>-0.17766666666666653</steeringAngle>
      <velocity>4.000000000000006</velocity>
      <orientation>0.33343349293686514</orientation>
      <time>10</time>
    </ksState>
    <ksState>
      <x>292.8319110396999</x>
      <y>54.24417994443305</y>
      <steeringAngle>-0.21319999999999997</steeringAngle>
      <velocity>3.2</velocity>
      <orientation>0.3058919473734305</orientation>
      <time>11</time>
    </ksState>
    <ksState>
      <x>293.11038811969655</x>
      <y>54.29053957535677</y>
      <steeringAngle>-0.24873333333333342</steeringAngle>
      <velocity>2.4000000000000004</velocity>
      <orientation>0.280453716986781</orientation>
      <time>12</time>
    </ksState>
    <ksState>
      <x>293.3111251475095</x>
      <y>54.315018440904645</y>
      <steeringAngle>-0.2842666666666668</steeringAngle>
      <velocity>1.600000000000001</velocity>
      <orientation>0.2593788171962013</orientation>
      <time>13</time>
    </ksState>
    <ksState>
      <x>293.4324354775809</x>
      <y>54.32514035770773</y>
      <steeringAngle>-0.3197999999999999</steeringAngle>
      <velocity>0.8000000000000007</velocity>
      <orientation>0.24498038989549686</orientation>
      <time>14</time>
    </ksState>
    <ksState>
      <x>293.4730899926767</x>
      <y>54.32736211923567</y>
      <steeringAngle>-0.3553333333333332</steeringAngle>
      <velocity>5.551115123125783e-16</velocity>
      <orientation>0.23963874825976755</orientation>
      <time>15</time>
    </ksState>
    <ksState>
      <x>293.4730899926767</x>
      <y>54.32736211923567</y>
      <steeringAngle>-0.3198</steeringAngle>
      <velocity>0.0</velocity>
      <orientation>0.23963874825976755</orientation>
      <time>16</time>
    </ksState>
    <ksState>
      <x>293.4730899926767</x>
      <y>54.32736211923567</y>
      <steeringAngle>-0.2842666666666666</steeringAngle>
      <velocity>0.0</velocity>
      <orientation>0.23963874825976755</orientation>
      <time>17</time>
    </ksState>
    <ksState>
      <x>293.4730899926767</x>
      <y>54.32736211923567</y>
      <steeringAngle>-0.24873333333333333</steeringAngle>
      <velocity>0.0</velocity>
      <orientation>0.23963874825976755</orientation>
      <time>18</time>
    </ksState>
    <ksState>
      <x>293.4730899926767</x>
      <y>54.32736211923567</y>
      <steeringAngle>-0.21320000000000003</steeringAngle>
      <velocity>0.0</velocity>
      <orientation>0.23963874825976755</orientation>
      <time>19</time>
    </ksState>
    <ksState>
      <x>293.4730899926767</x>
      <y>54.32736211923567</y>
      <steeringAngle>-0.1776666666666667</steeringAngle>
      <velocity>0.0</velocity>
      <orientation>0.23963874825976755</orientation>
      <time>20</time>
    </ksState>
    <ksState>
      <x>293.4730899926767</x>
      <y>54.32736211923567</y>
      <steeringAngle>-0.14213333333333336</steeringAngle>
      <velocity>0.0</velocity>
      <orientation>0.23963874825976755</orientation>
      <time>21</time>
    </ksState>
    <ksState>
      <x>293.4730899926767</x>
      <y>54.32736211923567</y>
      <steeringAngle>-0.10660000000000001</steeringAngle>
      <velocity>0.0</velocity>
      <orientation>0.23963874825976755</orientation>
      <time>22</time>
    </ksState>
    <ksState>
      <x>293.4730899926767</x>
      <y>54.32736211923567</y>
      <steeringAngle>-0.07106666666666668</steeringAngle>
      <velocity>0.0</velocity>
      <orientation>0.23963874825976755</orientation>
      <time>23</time>
    </ksState>
    <ksState>
      <x>293.4730899926767</x>
      <y>54.32736211923567</y>
      <steeringAngle>-0.03553333333333333</steeringAngle>
      <velocity>0.0</velocity>
      <orientation>0.23963874825976755</orientation>
      <time>24</time>
    </ksState>
    <ksState>
      <x>293.4730899926767</x>
      <y>54.32736211923567</y>
      <steeringAngle>-0.0</steeringAngle>
      <velocity>0.0</velocity>
      <orientation>0.23963874825976755</orientation>
      <time>25</time>
    </ksState>
    <ksState>
      <x>293.4730899926767</x>
      <y>54.32736211923567</y>
      <steeringAngle>0.0</steeringAngle>
      <velocity>0.0</velocity>
      <orientation>0.23963874825976755</orientation>
      <time>26</time>
    </ksState>
    <ksState>
      <x>293.4730899926767</x>
      <y>54.32736211923567</y>
      <steeringAngle>0.0</steeringAngle>
      <velocity>0.0</velocity>
      <orientation>0.23963874825976755</orientation>
      <time>27</time>
    </ksState>
    <ksState>
      <x>293.4730899926767</x>
      <y>54.32736211923567</y>
      <steeringAngle>0.0</steeringAngle>
      <velocity>0.0</velocity>
      <orientation>0.23963874825976755</orientation>
      <time>28</time>
    </ksState>
    <ksState>
      <x>293.4730899926767</x>
      <y>54.32736211923567</y>
      <steeringAngle>0.0</steeringAngle>
      <velocity>0.0</velocity>
      <orientation>0.23963874825976755</orientation>
      <time>29</time>
    </ksState>
    <ksState>
      <x>293.4730899926767</x>
      <y>54.32736211923567</y>
      <steeringAngle>0.0</steeringAngle>
      <velocity>0.0</velocity>
      <orientation>0.23963874825976755</orientation>
      <time>30</time>
    </ksState>
    <ksState>
      <x>293.4730899926767</x>
      <y>54.32736211923567</y>
      <steeringAngle>0.0</steeringAngle>
      <velocity>0.0</velocity>
      <orientation>0.23963874825976755</orientation>
      <time>31</time>
    </ksState>
    <ksState>
      <x>293.4730899926767</x>
      <y>54.32736211923567</y>
      <steeringAngle>0.0</steeringAngle>
      <velocity>0.0</velocity>
      <orientation>0.23963874825976755</orientation>
      <time>32</time>
    </ksState>
    <ksState>
      <x>293.4730899926767</x>
      <y>54.32736211923567</y>
      <steeringAngle>0.0</steeringAngle>
      <velocity>0.0</velocity>
      <orientation>0.23963874825976755</orientation>
      <time>33</time>
    </ksState>
  </ksTrajectory>
</CommonRoadSolution>
