<?xml version="1.0" ?>
<CommonRoadSolution benchmark_id="KS2:SM1:BEL_Zwevegem-5_2_T-1:2020a" computation_time="1.8813083720001487" date="2023-01-12T15:00:04">
  <ksTrajectory planningProblem="1">
    <ksState>
      <x>-27.763046</x>
      <y>459.09773</y>
      <steeringAngle>0.0</steeringAngle>
      <velocity>8.0</velocity>
      <orientation>-1.2636523</orientation>
      <time>0</time>
    </ksState>
    <ksState>
      <x>-27.512306423878847</x>
      <y>458.3380077875186</y>
      <steeringAngle>0.03553333333333333</steeringAngle>
      <velocity>8.0</velocity>
      <orientation>-1.258139764997161</orientation>
      <time>1</time>
    </ksState>
    <ksState>
      <x>-27.238302089593954</x>
      <y>457.58605918632793</y>
      <steeringAngle>0.07106666666666667</steeringAngle>
      <velocity>8.0</velocity>
      <orientation>-1.2415882441168915</orientation>
      <time>2</time>
    </ksState>
    <ksState>
      <x>-26.93291722304283</x>
      <y>456.84566304512754</y>
      <steeringAngle>0.10659999999999997</steeringAngle>
      <velocity>8.0</velocity>
      <orientation>-1.2139557648261967</orientation>
      <time>3</time>
    </ksState>
    <ksState>
      <x>-26.58837885920698</x>
      <y>456.12166379802926</y>
      <steeringAngle>0.1421333333333333</steeringAngle>
      <velocity>8.0</velocity>
      <orientation>-1.1751719125534617</orientation>
      <time>4</time>
    </ksState>
    <ksState>
      <x>-26.19745104298565</x>
      <y>455.4202361115641</y>
      <steeringAngle>0.17766666666666667</steeringAngle>
      <velocity>8.0</velocity>
      <orientation>-1.1251371003043071</orientation>
      <time>5</time>
    </ksState>
    <ksState>
      <x>-25.776986184605104</x>
      <y>454.7819589122101</y>
      <steeringAngle>0.21320000000000014</steeringAngle>
      <velocity>7.200000000000003</velocity>
      <orientation>-1.0668877732328144</orientation>
      <time>6</time>
    </ksState>
    <ksState>
      <x>-25.35513377127336</x>
      <y>454.24163333734106</y>
      <steeringAngle>0.24873333333333347</steeringAngle>
      <velocity>6.400000000000004</velocity>
      <orientation>-1.0049706857470349</orientation>
      <time>7</time>
    </ksState>
    <ksState>
      <x>-24.943408313252426</x>
      <y>453.79618913933604</y>
      <steeringAngle>0.2842666666666668</steeringAngle>
      <velocity>5.600000000000001</velocity>
      <orientation>-0.9415485429831139</orientation>
      <time>8</time>
    </ksState>
    <ksState>
      <x>-24.554198636503045</x>
      <y>453.440199401055</y>
      <steeringAngle>0.3198</steeringAngle>
      <velocity>4.800000000000002</velocity>
      <orientation>-0.8788194432411611</orientation>
      <time>9</time>
    </ksState>
    <ksState>
      <x>-24.199844085564205</x>
      <y>453.1660342080632</y>
      <steeringAngle>0.3553333333333332</steeringAngle>
      <velocity>4.000000000000001</velocity>
      <orientation>-0.8190296091929464</orientation>
      <time>10</time>
    </ksState>
    <ksState>
      <x>-23.829386427997665</x>
      <y>452.91388421885216</y>
      <steeringAngle>0.31979999999999975</steeringAngle>
      <velocity>4.800000000000001</velocity>
      <orientation>-0.7592397741611978</orientation>
      <time>11</time>
    </ksState>
    <ksState>
      <x>-23.381633089330023</x>
      <y>452.6348658771546</y>
      <steeringAngle>0.28426666666666645</steeringAngle>
      <velocity>5.600000000000004</velocity>
      <orientation>-0.6965106740298743</orientation>
      <time>12</time>
    </ksState>
    <ksState>
      <x>-22.853559575275746</x>
      <y>452.3361404887522</y>
      <steeringAngle>0.2487333333333331</steeringAngle>
      <velocity>6.400000000000004</velocity>
      <orientation>-0.6330885373371984</orientation>
      <time>13</time>
    </ksState>
    <ksState>
      <x>-22.243036633565282</x>
      <y>452.02409858024447</y>
      <steeringAngle>0.21319999999999992</steeringAngle>
      <velocity>7.200000000000004</velocity>
      <orientation>-0.5711714486593995</orientation>
      <time>14</time>
    </ksState>
    <ksState>
      <x>-21.54896915315039</x>
      <y>451.70365031393595</y>
      <steeringAngle>0.17766666666666656</steeringAngle>
      <velocity>8.000000000000004</velocity>
      <orientation>-0.5129221190584342</orientation>
      <time>15</time>
    </ksState>
    <ksState>
      <x>-20.80866964334837</x>
      <y>451.39220743739656</y>
      <steeringAngle>0.14213333333333336</steeringAngle>
      <velocity>8.0</velocity>
      <orientation>-0.46288730750968576</orientation>
      <time>16</time>
    </ksState>
    <ksState>
      <x>-20.06211364897662</x>
      <y>451.0994610338407</y>
      <steeringAngle>0.1066000000000001</steeringAngle>
      <velocity>8.0</velocity>
      <orientation>-0.42410345550268846</orientation>
      <time>17</time>
    </ksState>
    <ksState>
      <x>-19.312556419295476</x>
      <y>450.8171016994466</y>
      <steeringAngle>0.07106666666666674</steeringAngle>
      <velocity>8.0</velocity>
      <orientation>-0.39647097647300156</orientation>
      <time>18</time>
    </ksState>
    <ksState>
      <x>-18.562898023263035</x>
      <y>450.5367683653855</y>
      <steeringAngle>0.035533333333333354</steeringAngle>
      <velocity>8.0</velocity>
      <orientation>-0.3799194558439722</orientation>
      <time>19</time>
    </ksState>
    <ksState>
      <x>-17.815969748268973</x>
      <y>450.2501162115309</y>
      <steeringAngle>2.0816681711721685e-17</steeringAngle>
      <velocity>8.0</velocity>
      <orientation>-0.37440692938556736</orientation>
      <time>20</time>
    </ksState>
    <ksState>
      <x>-17.11178790658346</x>
      <y>449.9641608787661</y>
      <steeringAngle>-0.03553333333333333</steeringAngle>
      <velocity>7.199999999999999</velocity>
      <orientation>-0.37955194236805967</orientation>
      <time>21</time>
    </ksState>
    <ksState>
      <x>-16.489260080754395</x>
      <y>449.68988769217816</y>
      <steeringAngle>-0.07106666666666664</steeringAngle>
      <velocity>6.400000000000001</velocity>
      <orientation>-0.39352861448902277</orientation>
      <time>22</time>
    </ksState>
    <ksState>
      <x>-15.948906502329587</x>
      <y>449.42750939625876</y>
      <steeringAngle>-0.10659999999999997</steeringAngle>
      <velocity>5.600000000000004</velocity>
      <orientation>-0.41416038235490416</orientation>
      <time>23</time>
    </ksState>
    <ksState>
      <x>-15.490206788816092</x>
      <y>449.1800530314935</y>
      <steeringAngle>-0.1421333333333333</steeringAngle>
      <velocity>4.800000000000003</velocity>
      <orientation>-0.43927658986355245</orientation>
      <time>24</time>
    </ksState>
    <ksState>
      <x>-15.111572520751421</x>
      <y>448.9526140359184</y>
      <steeringAngle>-0.17766666666666653</steeringAngle>
      <velocity>4.000000000000006</velocity>
      <orientation>-0.46670148644870224</orientation>
      <time>25</time>
    </ksState>
    <ksState>
      <x>-14.80857836771802</x>
      <y>448.7549795232205</y>
      <steeringAngle>-0.17766666666666667</steeringAngle>
      <velocity>3.2000000000000006</velocity>
      <orientation>-0.49176692571687985</orientation>
      <time>26</time>
    </ksState>
    <ksState>
      <x>-14.576396902493148</x>
      <y>448.59605008895693</y>
      <steeringAngle>-0.17766666666666667</steeringAngle>
      <velocity>2.4000000000000012</velocity>
      <orientation>-0.5112622673469096</orientation>
      <time>27</time>
    </ksState>
    <ksState>
      <x>-14.41247176381022</x>
      <y>448.4797728393977</y>
      <steeringAngle>-0.17766666666666667</steeringAngle>
      <velocity>1.6000000000000005</velocity>
      <orientation>-0.5251875113458906</orientation>
      <time>28</time>
    </ksState>
    <ksState>
      <x>-14.314899478398573</x>
      <y>448.40891477276705</y>
      <steeringAngle>-0.17766666666666667</steeringAngle>
      <velocity>0.8000000000000004</velocity>
      <orientation>-0.5335426577166447</orientation>
      <time>29</time>
    </ksState>
    <ksState>
      <x>-14.28250737140015</x>
      <y>448.38511455173466</y>
      <steeringAngle>-0.17766666666666667</steeringAngle>
      <velocity>2.7755575615628914e-16</velocity>
      <orientation>-0.5363277064628601</orientation>
      <time>30</time>
    </ksState>
    <ksState>
      <x>-14.28250737140015</x>
      <y>448.38511455173466</y>
      <steeringAngle>-0.14213333333333336</steeringAngle>
      <velocity>0.0</velocity>
      <orientation>-0.5363277064628601</orientation>
      <time>31</time>
    </ksState>
    <ksState>
      <x>-14.28250737140015</x>
      <y>448.38511455173466</y>
      <steeringAngle>-0.10660000000000001</steeringAngle>
      <velocity>0.0</velocity>
      <orientation>-0.5363277064628601</orientation>
      <time>32</time>
    </ksState>
    <ksState>
      <x>-14.28250737140015</x>
      <y>448.38511455173466</y>
      <steeringAngle>-0.07106666666666668</steeringAngle>
      <velocity>0.0</velocity>
      <orientation>-0.5363277064628601</orientation>
      <time>33</time>
    </ksState>
  </ksTrajectory>
</CommonRoadSolution>
