<?xml version="1.0" ?>
<CommonRoadSolution benchmark_id="KS2:SM1:DEU_Guetersloh-34_2_T-1:2020a" computation_time="0.9421604569997726" date="2023-01-12T15:00:04">
  <ksTrajectory planningProblem="1">
    <ksState>
      <x>-936.73767</x>
      <y>-854.66862</y>
      <steeringAngle>0.0</steeringAngle>
      <velocity>12.0</velocity>
      <orientation>2.7562386</orientation>
      <time>0</time>
    </ksState>
    <ksState>
      <x>-937.812601871118</x>
      <y>-854.2325907907476</y>
      <steeringAngle>0.0</steeringAngle>
      <velocity>11.200000000000001</velocity>
      <orientation>2.7562386</orientation>
      <time>1</time>
    </ksState>
    <ksState>
      <x>-938.813400509296</x>
      <y>-853.8266325616258</y>
      <steeringAngle>0.0</steeringAngle>
      <velocity>10.4</velocity>
      <orientation>2.7562386</orientation>
      <time>2</time>
    </ksState>
    <ksState>
      <x>-939.740065914821</x>
      <y>-853.4507453125183</y>
      <steeringAngle>0.0</steeringAngle>
      <velocity>9.599999999999998</velocity>
      <orientation>2.7562386</orientation>
      <time>3</time>
    </ksState>
    <ksState>
      <x>-940.5925980877746</x>
      <y>-853.1049290433917</y>
      <steeringAngle>0.0</steeringAngle>
      <velocity>8.799999999999999</velocity>
      <orientation>2.7562386</orientation>
      <time>4</time>
    </ksState>
    <ksState>
      <x>-941.3709970281834</x>
      <y>-852.7891837542355</y>
      <steeringAngle>0.0</steeringAngle>
      <velocity>7.999999999999997</velocity>
      <orientation>2.7562386</orientation>
      <time>5</time>
    </ksState>
    <ksState>
      <x>-942.108806524289</x>
      <y>-852.4798533117838</y>
      <steeringAngle>-0.03553333333333333</steeringAngle>
      <velocity>8.0</velocity>
      <orientation>2.750726064997161</orientation>
      <time>6</time>
    </ksState>
    <ksState>
      <x>-942.8370484888661</x>
      <y>-852.1479365826658</y>
      <steeringAngle>-0.07106666666666667</steeringAngle>
      <velocity>8.0</velocity>
      <orientation>2.734174544116892</orientation>
      <time>7</time>
    </ksState>
    <ksState>
      <x>-943.5513215365559</x>
      <y>-851.7856378440993</y>
      <steeringAngle>-0.10659999999999997</steeringAngle>
      <velocity>8.0</velocity>
      <orientation>2.7065420648261966</orientation>
      <time>8</time>
    </ksState>
    <ksState>
      <x>-944.2461887377</x>
      <y>-851.3855863889991</y>
      <steeringAngle>-0.1421333333333333</steeringAngle>
      <velocity>8.0</velocity>
      <orientation>2.667758212553462</orientation>
      <time>9</time>
    </ksState>
    <ksState>
      <x>-944.9149289532918</x>
      <y>-850.9410508101242</y>
      <steeringAngle>-0.17766666666666667</steeringAngle>
      <velocity>8.0</velocity>
      <orientation>2.6177234003043073</orientation>
      <time>10</time>
    </ksState>
    <ksState>
      <x>-945.5232754027542</x>
      <y>-850.4794814850028</y>
      <steeringAngle>-0.17766666666666667</steeringAngle>
      <velocity>7.2</velocity>
      <orientation>2.56480747285993</orientation>
      <time>11</time>
    </ksState>
    <ksState>
      <x>-946.0462192087202</x>
      <y>-850.0397316893545</y>
      <steeringAngle>-0.17766666666666667</steeringAngle>
      <velocity>6.4</velocity>
      <orientation>2.5174616430671186</orientation>
      <time>12</time>
    </ksState>
    <ksState>
      <x>-946.4899068466891</x>
      <y>-849.6315394156251</y>
      <steeringAngle>-0.17766666666666667</steeringAngle>
      <velocity>5.599999999999999</velocity>
      <orientation>2.475685910911934</orientation>
      <time>13</time>
    </ksState>
    <ksState>
      <x>-946.8603604538798</x>
      <y>-849.2630457016566</y>
      <steeringAngle>-0.17766666666666667</steeringAngle>
      <velocity>4.799999999999999</velocity>
      <orientation>2.4394802763904195</orientation>
      <time>14</time>
    </ksState>
    <ksState>
      <x>-947.1632321768553</x>
      <y>-848.9409383532185</y>
      <steeringAngle>-0.17766666666666667</steeringAngle>
      <velocity>4.0</velocity>
      <orientation>2.4088447395010895</orientation>
      <time>15</time>
    </ksState>
    <ksState>
      <x>-947.4009808135165</x>
      <y>-848.6678255732713</y>
      <steeringAngle>-0.21319999999999997</steeringAngle>
      <velocity>3.2</velocity>
      <orientation>2.3813031939376548</orientation>
      <time>16</time>
    </ksState>
    <ksState>
      <x>-947.5761976362018</x>
      <y>-848.4464711865722</y>
      <steeringAngle>-0.24873333333333342</steeringAngle>
      <velocity>2.4000000000000004</velocity>
      <orientation>2.355864963551005</orientation>
      <time>17</time>
    </ksState>
    <ksState>
      <x>-947.6946758829712</x>
      <y>-848.2825886852606</y>
      <steeringAngle>-0.2842666666666668</steeringAngle>
      <velocity>1.600000000000001</velocity>
      <orientation>2.3347900637604257</orientation>
      <time>18</time>
    </ksState>
    <ksState>
      <x>-947.7621861641352</x>
      <y>-848.1812920351731</y>
      <steeringAngle>-0.3197999999999999</steeringAngle>
      <velocity>0.8000000000000007</velocity>
      <orientation>2.3203916364597212</orientation>
      <time>19</time>
    </ksState>
    <ksState>
      <x>-947.7837862612461</x>
      <y>-848.1467788257198</y>
      <steeringAngle>-0.3553333333333332</steeringAngle>
      <velocity>5.551115123125783e-16</velocity>
      <orientation>2.3150499948239918</orientation>
      <time>20</time>
    </ksState>
    <ksState>
      <x>-947.7837862612461</x>
      <y>-848.1467788257198</y>
      <steeringAngle>-0.3198</steeringAngle>
      <velocity>0.0</velocity>
      <orientation>2.3150499948239918</orientation>
      <time>21</time>
    </ksState>
    <ksState>
      <x>-947.7837862612461</x>
      <y>-848.1467788257198</y>
      <steeringAngle>-0.2842666666666666</steeringAngle>
      <velocity>0.0</velocity>
      <orientation>2.3150499948239918</orientation>
      <time>22</time>
    </ksState>
    <ksState>
      <x>-947.7837862612461</x>
      <y>-848.1467788257198</y>
      <steeringAngle>-0.24873333333333333</steeringAngle>
      <velocity>0.0</velocity>
      <orientation>2.3150499948239918</orientation>
      <time>23</time>
    </ksState>
    <ksState>
      <x>-947.7837862612461</x>
      <y>-848.1467788257198</y>
      <steeringAngle>-0.21320000000000003</steeringAngle>
      <velocity>0.0</velocity>
      <orientation>2.3150499948239918</orientation>
      <time>24</time>
    </ksState>
    <ksState>
      <x>-947.7837862612461</x>
      <y>-848.1467788257198</y>
      <steeringAngle>-0.1776666666666667</steeringAngle>
      <velocity>0.0</velocity>
      <orientation>2.3150499948239918</orientation>
      <time>25</time>
    </ksState>
    <ksState>
      <x>-947.7837862612461</x>
      <y>-848.1467788257198</y>
      <steeringAngle>-0.14213333333333336</steeringAngle>
      <velocity>0.0</velocity>
      <orientation>2.3150499948239918</orientation>
      <time>26</time>
    </ksState>
    <ksState>
      <x>-947.7837862612461</x>
      <y>-848.1467788257198</y>
      <steeringAngle>-0.10660000000000001</steeringAngle>
      <velocity>0.0</velocity>
      <orientation>2.3150499948239918</orientation>
      <time>27</time>
    </ksState>
    <ksState>
      <x>-947.7837862612461</x>
      <y>-848.1467788257198</y>
      <steeringAngle>-0.07106666666666668</steeringAngle>
      <velocity>0.0</velocity>
      <orientation>2.3150499948239918</orientation>
      <time>28</time>
    </ksState>
    <ksState>
      <x>-947.7837862612461</x>
      <y>-848.1467788257198</y>
      <steeringAngle>-0.03553333333333333</steeringAngle>
      <velocity>0.0</velocity>
      <orientation>2.3150499948239918</orientation>
      <time>29</time>
    </ksState>
    <ksState>
      <x>-947.7837862612461</x>
      <y>-848.1467788257198</y>
      <steeringAngle>-0.0</steeringAngle>
      <velocity>0.0</velocity>
      <orientation>2.3150499948239918</orientation>
      <time>30</time>
    </ksState>
    <ksState>
      <x>-947.7837862612461</x>
      <y>-848.1467788257198</y>
      <steeringAngle>0.0</steeringAngle>
      <velocity>0.0</velocity>
      <orientation>2.3150499948239918</orientation>
      <time>31</time>
    </ksState>
    <ksState>
      <x>-947.7837862612461</x>
      <y>-848.1467788257198</y>
      <steeringAngle>0.0</steeringAngle>
      <velocity>0.0</velocity>
      <orientation>2.3150499948239918</orientation>
      <time>32</time>
    </ksState>
    <ksState>
      <x>-947.7837862612461</x>
      <y>-848.1467788257198</y>
      <steeringAngle>0.0</steeringAngle>
      <velocity>0.0</velocity>
      <orientation>2.3150499948239918</orientation>
      <time>33</time>
    </ksState>
  </ksTrajectory>
</CommonRoadSolution>
