<?xml version="1.0" ?>
<CommonRoadSolution benchmark_id="KS2:SM1:ARG_Carcarana-7_1_T-1:2020a" computation_time="2.6376694999999017" date="2023-01-12T15:00:04">
  <ksTrajectory planningProblem="1">
    <ksState>
      <x>369.30293</x>
      <y>632.30164</y>
      <steeringAngle>0.0</steeringAngle>
      <velocity>4.0</velocity>
      <orientation>-1.7789648</orientation>
      <time>0</time>
    </ksState>
    <ksState>
      <x>369.21680097545595</x>
      <y>631.8701317143605</y>
      <steeringAngle>0.035533333333333326</steeringAngle>
      <velocity>4.799999999999999</velocity>
      <orientation>-1.7758410213308091</orientation>
      <time>1</time>
    </ksState>
    <ksState>
      <x>369.1285133191639</x>
      <y>631.3574609475936</y>
      <steeringAngle>0.07106666666666667</steeringAngle>
      <velocity>5.599999999999998</velocity>
      <orientation>-1.7649904102696363</orientation>
      <time>2</time>
    </ksState>
    <ksState>
      <x>369.0475717392503</x>
      <y>630.7622401054739</y>
      <steeringAngle>0.10659999999999999</steeringAngle>
      <velocity>6.3999999999999995</velocity>
      <orientation>-1.7441734612693085</orientation>
      <time>3</time>
    </ksState>
    <ksState>
      <x>368.98727985424983</x>
      <y>630.0833557303927</y>
      <steeringAngle>0.14213333333333333</steeringAngle>
      <velocity>7.199999999999999</velocity>
      <orientation>-1.7111138902881433</orientation>
      <time>4</time>
    </ksState>
    <ksState>
      <x>368.9655644457329</x>
      <y>629.3207827992269</y>
      <steeringAngle>0.17766666666666664</steeringAngle>
      <velocity>7.9999999999999964</velocity>
      <orientation>-1.6634865682065967</orientation>
      <time>5</time>
    </ksState>
    <ksState>
      <x>368.9992998784739</x>
      <y>628.557205428605</y>
      <steeringAngle>0.21320000000000014</steeringAngle>
      <velocity>7.200000000000003</velocity>
      <orientation>-1.605237241135104</orientation>
      <time>6</time>
    </ksState>
    <ksState>
      <x>369.0844483243158</x>
      <y>627.8770135970882</y>
      <steeringAngle>0.24873333333333347</steeringAngle>
      <velocity>6.400000000000004</velocity>
      <orientation>-1.5433201536493244</orientation>
      <time>7</time>
    </ksState>
    <ksState>
      <x>369.2095497539303</x>
      <y>627.2834750401037</y>
      <steeringAngle>0.2842666666666668</steeringAngle>
      <velocity>5.600000000000001</velocity>
      <orientation>-1.4798980108854034</orientation>
      <time>8</time>
    </ksState>
    <ksState>
      <x>369.36118517821166</x>
      <y>626.7782824388714</y>
      <steeringAngle>0.3198</steeringAngle>
      <velocity>4.800000000000002</velocity>
      <orientation>-1.4171689111434507</orientation>
      <time>9</time>
    </ksState>
    <ksState>
      <x>369.5248485707038</x>
      <y>626.3612117077271</y>
      <steeringAngle>0.3553333333333332</steeringAngle>
      <velocity>4.000000000000001</velocity>
      <orientation>-1.3573790770952359</orientation>
      <time>10</time>
    </ksState>
    <ksState>
      <x>369.6817632119888</x>
      <y>626.0289783180365</y>
      <steeringAngle>0.35533333333333333</steeringAngle>
      <velocity>3.2000000000000015</velocity>
      <orientation>-1.3055780411620663</orientation>
      <time>11</time>
    </ksState>
    <ksState>
      <x>369.8155785818577</x>
      <y>625.7764549047093</y>
      <steeringAngle>0.35533333333333333</steeringAngle>
      <velocity>2.4000000000000026</velocity>
      <orientation>-1.2652883465949216</orientation>
      <time>12</time>
    </ksState>
    <ksState>
      <x>369.9173351689388</x>
      <y>625.5994829100249</y>
      <steeringAngle>0.35533333333333333</steeringAngle>
      <velocity>1.600000000000003</velocity>
      <orientation>-1.236509993379099</orientation>
      <time>13</time>
    </ksState>
    <ksState>
      <x>369.9808187601793</x>
      <y>625.4947310440773</y>
      <steeringAngle>0.35533333333333333</steeringAngle>
      <velocity>0.8000000000000022</velocity>
      <orientation>-1.2192429815087822</orientation>
      <time>14</time>
    </ksState>
    <ksState>
      <x>370.0023807406213</x>
      <y>625.4600592791098</y>
      <steeringAngle>0.35533333333333333</steeringAngle>
      <velocity>1.8318679906315083e-15</velocity>
      <orientation>-1.2134873109763495</orientation>
      <time>15</time>
    </ksState>
    <ksState>
      <x>370.0023807406213</x>
      <y>625.4600592791098</y>
      <steeringAngle>0.3198</steeringAngle>
      <velocity>0.0</velocity>
      <orientation>-1.2134873109763495</orientation>
      <time>16</time>
    </ksState>
    <ksState>
      <x>370.0023807406213</x>
      <y>625.4600592791098</y>
      <steeringAngle>0.2842666666666666</steeringAngle>
      <velocity>0.0</velocity>
      <orientation>-1.2134873109763495</orientation>
      <time>17</time>
    </ksState>
    <ksState>
      <x>370.0023807406213</x>
      <y>625.4600592791098</y>
      <steeringAngle>0.24873333333333333</steeringAngle>
      <velocity>0.0</velocity>
      <orientation>-1.2134873109763495</orientation>
      <time>18</time>
    </ksState>
    <ksState>
      <x>370.0023807406213</x>
      <y>625.4600592791098</y>
      <steeringAngle>0.21320000000000003</steeringAngle>
      <velocity>0.0</velocity>
      <orientation>-1.2134873109763495</orientation>
      <time>19</time>
    </ksState>
    <ksState>
      <x>370.0023807406213</x>
      <y>625.4600592791098</y>
      <steeringAngle>0.1776666666666667</steeringAngle>
      <velocity>0.0</velocity>
      <orientation>-1.2134873109763495</orientation>
      <time>20</time>
    </ksState>
    <ksState>
      <x>370.019624835305</x>
      <y>625.4238048630846</y>
      <steeringAngle>0.14213333333333333</steeringAngle>
      <velocity>0.8</velocity>
      <orientation>-1.211079813765547</orientation>
      <time>21</time>
    </ksState>
    <ksState>
      <x>370.0698170351676</x>
      <y>625.3145011732698</y>
      <steeringAngle>0.10660000000000001</steeringAngle>
      <velocity>1.6</velocity>
      <orientation>-1.2053555271452123</orientation>
      <time>22</time>
    </ksState>
    <ksState>
      <x>370.15101242808566</x>
      <y>625.131465473457</y>
      <steeringAngle>0.07106666666666664</steeringAngle>
      <velocity>2.4000000000000004</velocity>
      <orientation>-1.1985400133822337</orientation>
      <time>23</time>
    </ksState>
    <ksState>
      <x>370.2612268828091</x>
      <y>624.8739391540495</y>
      <steeringAngle>0.03553333333333332</steeringAngle>
      <velocity>3.1999999999999993</velocity>
      <orientation>-1.192839092669304</orientation>
      <time>24</time>
    </ksState>
    <ksState>
      <x>370.39776961313584</x>
      <y>624.5408196894984</y>
      <steeringAngle>-2.6020852139652106e-18</steeringAngle>
      <velocity>3.999999999999999</velocity>
      <orientation>-1.190450341080977</orientation>
      <time>25</time>
    </ksState>
    <ksState>
      <x>370.5348320642615</x>
      <y>624.207916761887</y>
      <steeringAngle>0.03553333333333333</steeringAngle>
      <velocity>3.2</velocity>
      <orientation>-1.1880615927011844</orientation>
      <time>26</time>
    </ksState>
    <ksState>
      <x>370.64757228565367</x>
      <y>623.9514918103237</y>
      <steeringAngle>0.07106666666666668</steeringAngle>
      <velocity>2.4</velocity>
      <orientation>-1.1823606776953879</orientation>
      <time>27</time>
    </ksState>
    <ksState>
      <x>370.73286987989036</x>
      <y>623.7703363563877</y>
      <steeringAngle>0.10660000000000003</steeringAngle>
      <velocity>1.5999999999999994</velocity>
      <orientation>-1.1755451439506563</orientation>
      <time>28</time>
    </ksState>
    <ksState>
      <x>370.7868833892518</x>
      <y>623.6628721316307</y>
      <steeringAngle>0.14213333333333342</steeringAngle>
      <velocity>0.7999999999999988</velocity>
      <orientation>-1.1698208824641767</orientation>
      <time>29</time>
    </ksState>
    <ksState>
      <x>370.80569088314843</x>
      <y>623.6274038504131</y>
      <steeringAngle>0.17766666666666675</steeringAngle>
      <velocity>-1.5265566588595902e-15</velocity>
      <orientation>-1.167413387989621</orientation>
      <time>30</time>
    </ksState>
    <ksState>
      <x>370.80569088314843</x>
      <y>623.6274038504131</y>
      <steeringAngle>0.14213333333333336</steeringAngle>
      <velocity>0.0</velocity>
      <orientation>-1.167413387989621</orientation>
      <time>31</time>
    </ksState>
    <ksState>
      <x>370.80569088314843</x>
      <y>623.6274038504131</y>
      <steeringAngle>0.10660000000000001</steeringAngle>
      <velocity>0.0</velocity>
      <orientation>-1.167413387989621</orientation>
      <time>32</time>
    </ksState>
    <ksState>
      <x>370.80569088314843</x>
      <y>623.6274038504131</y>
      <steeringAngle>0.07106666666666668</steeringAngle>
      <velocity>0.0</velocity>
      <orientation>-1.167413387989621</orientation>
      <time>33</time>
    </ksState>
  </ksTrajectory>
</CommonRoadSolution>
