<?xml version="1.0" ?>
<CommonRoadSolution benchmark_id="KS2:SM1:GRC_Perama-2_1_T-1:2020a" computation_time="0.8120306249993519" date="2023-01-12T15:00:04">
  <ksTrajectory planningProblem="1">
    <ksState>
      <x>551.77206</x>
      <y>-943.45929</y>
      <steeringAngle>0.0</steeringAngle>
      <velocity>12.0</velocity>
      <orientation>0.021202309</orientation>
      <time>0</time>
    </ksState>
    <ksState>
      <x>552.9320599995115</x>
      <y>-943.4346953215704</y>
      <steeringAngle>0.0</steeringAngle>
      <velocity>11.200000000000001</velocity>
      <orientation>0.021202309</orientation>
      <time>1</time>
    </ksState>
    <ksState>
      <x>554.012059998572</x>
      <y>-943.4117968278703</y>
      <steeringAngle>0.0</steeringAngle>
      <velocity>10.4</velocity>
      <orientation>0.021202309</orientation>
      <time>2</time>
    </ksState>
    <ksState>
      <x>555.0120599974912</x>
      <y>-943.3905945188932</y>
      <steeringAngle>0.0</steeringAngle>
      <velocity>9.599999999999998</velocity>
      <orientation>0.021202309</orientation>
      <time>3</time>
    </ksState>
    <ksState>
      <x>555.9320599963572</x>
      <y>-943.3710883946372</y>
      <steeringAngle>0.0</steeringAngle>
      <velocity>8.799999999999999</velocity>
      <orientation>0.021202309</orientation>
      <time>4</time>
    </ksState>
    <ksState>
      <x>556.7720599951988</x>
      <y>-943.3532784551018</y>
      <steeringAngle>0.0</steeringAngle>
      <velocity>7.999999999999997</velocity>
      <orientation>0.021202309</orientation>
      <time>5</time>
    </ksState>
    <ksState>
      <x>557.5322217594893</x>
      <y>-943.345775371827</y>
      <steeringAngle>-0.03553333333333333</steeringAngle>
      <velocity>7.199999999999999</velocity>
      <orientation>0.016057296017507675</orientation>
      <time>6</time>
    </ksState>
    <ksState>
      <x>558.212516369502</x>
      <y>-943.3589610642769</y>
      <steeringAngle>-0.07106666666666664</steeringAngle>
      <velocity>6.400000000000001</velocity>
      <orientation>0.0020806238965445645</orientation>
      <time>7</time>
    </ksState>
    <ksState>
      <x>558.8123817584882</x>
      <y>-943.3928403985591</y>
      <steeringAngle>-0.10659999999999997</steeringAngle>
      <velocity>5.600000000000004</velocity>
      <orientation>-0.0185511439693368</orientation>
      <time>8</time>
    </ksState>
    <ksState>
      <x>559.3311315296854</x>
      <y>-943.4444196209561</y>
      <steeringAngle>-0.1421333333333333</steeringAngle>
      <velocity>4.800000000000003</velocity>
      <orientation>-0.04366735147798506</orientation>
      <time>9</time>
    </ksState>
    <ksState>
      <x>559.7682677376083</x>
      <y>-943.5083842326883</y>
      <steeringAngle>-0.17766666666666653</steeringAngle>
      <velocity>4.000000000000006</velocity>
      <orientation>-0.07109224806313487</orientation>
      <time>10</time>
    </ksState>
    <ksState>
      <x>560.1240217136295</x>
      <y>-943.5739888508704</y>
      <steeringAngle>-0.17766666666666667</steeringAngle>
      <velocity>3.2000000000000006</velocity>
      <orientation>-0.09615768733131247</orientation>
      <time>11</time>
    </ksState>
    <ksState>
      <x>560.3995166423447</x>
      <y>-943.6311670121001</y>
      <steeringAngle>-0.17766666666666667</steeringAngle>
      <velocity>2.4000000000000012</velocity>
      <orientation>-0.11565302896134225</orientation>
      <time>12</time>
    </ksState>
    <ksState>
      <x>560.5955903385798</x>
      <y>-943.6752913308143</y>
      <steeringAngle>-0.17766666666666667</steeringAngle>
      <velocity>1.6000000000000005</velocity>
      <orientation>-0.1295782729603232</orientation>
      <time>13</time>
    </ksState>
    <ksState>
      <x>560.7129329357183</x>
      <y>-943.7030749839907</y>
      <steeringAngle>-0.17766666666666667</steeringAngle>
      <velocity>0.8000000000000004</velocity>
      <orientation>-0.13793341933107733</orientation>
      <time>14</time>
    </ksState>
    <ksState>
      <x>560.7519950413453</x>
      <y>-943.7125539618355</y>
      <steeringAngle>-0.17766666666666667</steeringAngle>
      <velocity>2.7755575615628914e-16</velocity>
      <orientation>-0.14071846807729269</orientation>
      <time>15</time>
    </ksState>
    <ksState>
      <x>560.7519950413453</x>
      <y>-943.7125539618355</y>
      <steeringAngle>-0.14213333333333336</steeringAngle>
      <velocity>0.0</velocity>
      <orientation>-0.14071846807729269</orientation>
      <time>16</time>
    </ksState>
    <ksState>
      <x>560.7519950413453</x>
      <y>-943.7125539618355</y>
      <steeringAngle>-0.10660000000000001</steeringAngle>
      <velocity>0.0</velocity>
      <orientation>-0.14071846807729269</orientation>
      <time>17</time>
    </ksState>
    <ksState>
      <x>560.7519950413453</x>
      <y>-943.7125539618355</y>
      <steeringAngle>-0.07106666666666668</steeringAngle>
      <velocity>0.0</velocity>
      <orientation>-0.14071846807729269</orientation>
      <time>18</time>
    </ksState>
    <ksState>
      <x>560.7519950413453</x>
      <y>-943.7125539618355</y>
      <steeringAngle>-0.03553333333333333</steeringAngle>
      <velocity>0.0</velocity>
      <orientation>-0.14071846807729269</orientation>
      <time>19</time>
    </ksState>
    <ksState>
      <x>560.7519950413453</x>
      <y>-943.7125539618355</y>
      <steeringAngle>-0.0</steeringAngle>
      <velocity>0.0</velocity>
      <orientation>-0.14071846807729269</orientation>
      <time>20</time>
    </ksState>
    <ksState>
      <x>560.7916737296946</x>
      <y>-943.7176405734273</y>
      <steeringAngle>0.03553333333333333</steeringAngle>
      <velocity>0.8</velocity>
      <orientation>-0.1403509362990507</orientation>
      <time>21</time>
    </ksState>
    <ksState>
      <x>560.9110207863846</x>
      <y>-943.7306625931574</y>
      <steeringAngle>0.0710666666666667</steeringAngle>
      <velocity>1.6</velocity>
      <orientation>-0.13777608970706506</orientation>
      <time>22</time>
    </ksState>
    <ksState>
      <x>561.1105473071781</x>
      <y>-943.7476122193327</y>
      <steeringAngle>0.10660000000000003</steeringAngle>
      <velocity>2.4000000000000004</velocity>
      <orientation>-0.13077538547022785</orientation>
      <time>23</time>
    </ksState>
    <ksState>
      <x>561.3907898855426</x>
      <y>-943.7630212972646</y>
      <steeringAngle>0.14213333333333342</steeringAngle>
      <velocity>3.2000000000000015</velocity>
      <orientation>-0.1171077445294077</orientation>
      <time>24</time>
    </ksState>
    <ksState>
      <x>561.7521500333521</x>
      <y>-943.7692029804404</y>
      <steeringAngle>0.17766666666666683</steeringAngle>
      <velocity>4.0000000000000036</velocity>
      <orientation>-0.09449782865618755</orientation>
      <time>25</time>
    </ksState>
    <ksState>
      <x>562.1141134963361</x>
      <y>-943.7593309862416</y>
      <steeringAngle>0.21319999999999997</steeringAngle>
      <velocity>3.2</velocity>
      <orientation>-0.06695628309275292</orientation>
      <time>26</time>
    </ksState>
    <ksState>
      <x>562.3956510312934</x>
      <y>-943.7384667615236</y>
      <steeringAngle>0.24873333333333342</steeringAngle>
      <velocity>2.4000000000000004</velocity>
      <orientation>-0.041518052706103425</orientation>
      <time>27</time>
    </ksState>
    <ksState>
      <x>562.5964785848249</x>
      <y>-943.7147420289397</y>
      <steeringAngle>0.2842666666666668</steeringAngle>
      <velocity>1.600000000000001</velocity>
      <orientation>-0.020443152915523732</orientation>
      <time>28</time>
    </ksState>
    <ksState>
      <x>562.7167380798825</x>
      <y>-943.6958660327986</y>
      <steeringAngle>0.3197999999999999</steeringAngle>
      <velocity>0.8000000000000007</velocity>
      <orientation>-0.0060447256148192935</orientation>
      <time>29</time>
    </ksState>
    <ksState>
      <x>562.7567634386093</x>
      <y>-943.6884030253112</y>
      <steeringAngle>0.3553333333333332</steeringAngle>
      <velocity>5.551115123125783e-16</velocity>
      <orientation>-0.0007030839790899829</orientation>
      <time>30</time>
    </ksState>
    <ksState>
      <x>562.7567634386093</x>
      <y>-943.6884030253112</y>
      <steeringAngle>0.3198</steeringAngle>
      <velocity>0.0</velocity>
      <orientation>-0.0007030839790899829</orientation>
      <time>31</time>
    </ksState>
    <ksState>
      <x>562.7567634386093</x>
      <y>-943.6884030253112</y>
      <steeringAngle>0.2842666666666666</steeringAngle>
      <velocity>0.0</velocity>
      <orientation>-0.0007030839790899829</orientation>
      <time>32</time>
    </ksState>
    <ksState>
      <x>562.7567634386093</x>
      <y>-943.6884030253112</y>
      <steeringAngle>0.24873333333333333</steeringAngle>
      <velocity>0.0</velocity>
      <orientation>-0.0007030839790899829</orientation>
      <time>33</time>
    </ksState>
  </ksTrajectory>
</CommonRoadSolution>
