<?xml version="1.0" ?>
<CommonRoadSolution benchmark_id="KS2:SM1:DEU_Rheinbach-1_4_T-1:2020a" computation_time="1.163558997999644" date="2023-01-12T15:00:04">
  <ksTrajectory planningProblem="1">
    <ksState>
      <x>176.68202</x>
      <y>84.487299</y>
      <steeringAngle>0.0</steeringAngle>
      <velocity>8.0</velocity>
      <orientation>3.0385019</orientation>
      <time>0</time>
    </ksState>
    <ksState>
      <x>175.9269618943233</x>
      <y>84.5740732793005</y>
      <steeringAngle>-0.03553333333333333</steeringAngle>
      <velocity>7.199999999999999</velocity>
      <orientation>3.033356887017508</orientation>
      <time>1</time>
    </ksState>
    <ksState>
      <x>175.25370163027918</x>
      <y>84.67147600858367</y>
      <steeringAngle>-0.07106666666666664</steeringAngle>
      <velocity>6.400000000000001</velocity>
      <orientation>3.0193802148965445</orientation>
      <time>2</time>
    </ksState>
    <ksState>
      <x>174.66279742428262</x>
      <y>84.77944164766213</y>
      <steeringAngle>-0.10659999999999997</steeringAngle>
      <velocity>5.600000000000004</velocity>
      <orientation>2.998748447030663</orientation>
      <time>3</time>
    </ksState>
    <ksState>
      <x>174.15455917588815</x>
      <y>84.89491442587907</y>
      <steeringAngle>-0.1421333333333333</steeringAngle>
      <velocity>4.800000000000003</velocity>
      <orientation>2.973632239522015</orientation>
      <time>4</time>
    </ksState>
    <ksState>
      <x>173.72882214746255</x>
      <y>85.01255960550162</y>
      <steeringAngle>-0.17766666666666653</steeringAngle>
      <velocity>4.000000000000006</velocity>
      <orientation>2.946207342936865</orientation>
      <time>5</time>
    </ksState>
    <ksState>
      <x>173.3065657337594</x>
      <y>85.14228031027478</y>
      <steeringAngle>-0.14213333333333333</steeringAngle>
      <velocity>4.8000000000000025</velocity>
      <orientation>2.9187824432185123</orientation>
      <time>6</time>
    </ksState>
    <ksState>
      <x>172.80932254618125</x>
      <y>85.29859508491148</y>
      <steeringAngle>-0.10660000000000003</steeringAngle>
      <velocity>5.600000000000005</velocity>
      <orientation>2.8936662309395946</orientation>
      <time>7</time>
    </ksState>
    <ksState>
      <x>172.23683119744396</x>
      <y>85.48060302995823</y>
      <steeringAngle>-0.07106666666666671</steeringAngle>
      <velocity>6.400000000000004</velocity>
      <orientation>2.873034461340135</orientation>
      <time>8</time>
    </ksState>
    <ksState>
      <x>171.58804347511474</x>
      <y>85.68525759522363</y>
      <steeringAngle>-0.035533333333333375</steeringAngle>
      <velocity>7.200000000000006</velocity>
      <orientation>2.859057793247343</orientation>
      <time>9</time>
    </ksState>
    <ksState>
      <x>170.8609699895041</x>
      <y>85.906675938966</y>
      <steeringAngle>-2.6346112791397758e-17</steeringAngle>
      <velocity>8.000000000000007</velocity>
      <orientation>2.853912780467774</orientation>
      <time>10</time>
    </ksState>
    <ksState>
      <x>170.09384619650095</x>
      <y>86.13365850703781</y>
      <steeringAngle>0.0</steeringAngle>
      <velocity>8.0</velocity>
      <orientation>2.853912780467774</orientation>
      <time>11</time>
    </ksState>
    <ksState>
      <x>169.32672240349783</x>
      <y>86.36064107510961</y>
      <steeringAngle>0.0</steeringAngle>
      <velocity>8.0</velocity>
      <orientation>2.853912780467774</orientation>
      <time>12</time>
    </ksState>
    <ksState>
      <x>168.55959861049467</x>
      <y>86.58762364318143</y>
      <steeringAngle>0.0</steeringAngle>
      <velocity>8.0</velocity>
      <orientation>2.853912780467774</orientation>
      <time>13</time>
    </ksState>
    <ksState>
      <x>167.79247481749152</x>
      <y>86.81460621125323</y>
      <steeringAngle>0.0</steeringAngle>
      <velocity>8.0</velocity>
      <orientation>2.853912780467774</orientation>
      <time>14</time>
    </ksState>
    <ksState>
      <x>167.0253510244884</x>
      <y>87.04158877932504</y>
      <steeringAngle>0.0</steeringAngle>
      <velocity>8.0</velocity>
      <orientation>2.853912780467774</orientation>
      <time>15</time>
    </ksState>
    <ksState>
      <x>166.26089259360307</x>
      <y>87.27749444398637</y>
      <steeringAngle>-0.03553333333333333</steeringAngle>
      <velocity>8.0</velocity>
      <orientation>2.8484002454649353</orientation>
      <time>16</time>
    </ksState>
    <ksState>
      <x>165.50375350128982</x>
      <y>87.53681175719672</y>
      <steeringAngle>-0.07106666666666667</steeringAngle>
      <velocity>8.0</velocity>
      <orientation>2.831848724584666</orientation>
      <time>17</time>
    </ksState>
    <ksState>
      <x>164.7575539237562</x>
      <y>87.82772850321096</y>
      <steeringAngle>-0.10659999999999997</steeringAngle>
      <velocity>8.0</velocity>
      <orientation>2.8042162452939707</orientation>
      <time>18</time>
    </ksState>
    <ksState>
      <x>164.0269860928453</x>
      <y>88.15811046154366</y>
      <steeringAngle>-0.1421333333333333</steeringAngle>
      <velocity>8.0</velocity>
      <orientation>2.765432393021236</orientation>
      <time>19</time>
    </ksState>
    <ksState>
      <x>163.31808267262969</x>
      <y>88.53531239372587</y>
      <steeringAngle>-0.17766666666666667</steeringAngle>
      <velocity>8.0</velocity>
      <orientation>2.7153975807720814</orientation>
      <time>20</time>
    </ksState>
    <ksState>
      <x>162.6717429002913</x>
      <y>88.94327486631586</y>
      <steeringAngle>-0.21320000000000014</steeringAngle>
      <velocity>7.200000000000003</velocity>
      <orientation>2.6571482537005884</orientation>
      <time>21</time>
    </ksState>
    <ksState>
      <x>162.12330919249914</x>
      <y>89.35453105611575</y>
      <steeringAngle>-0.24873333333333347</steeringAngle>
      <velocity>6.400000000000004</velocity>
      <orientation>2.595231166214809</orientation>
      <time>22</time>
    </ksState>
    <ksState>
      <x>161.66993598924662</x>
      <y>89.75750887795142</y>
      <steeringAngle>-0.2842666666666668</steeringAngle>
      <velocity>5.600000000000001</velocity>
      <orientation>2.531809023450888</orientation>
      <time>23</time>
    </ksState>
    <ksState>
      <x>161.30643852415048</x>
      <y>90.13971622888212</y>
      <steeringAngle>-0.3198</steeringAngle>
      <velocity>4.800000000000002</velocity>
      <orientation>2.4690799237089354</orientation>
      <time>24</time>
    </ksState>
    <ksState>
      <x>161.02542848777296</x>
      <y>90.48866760124567</y>
      <steeringAngle>-0.3553333333333332</steeringAngle>
      <velocity>4.000000000000001</velocity>
      <orientation>2.4092900896607206</orientation>
      <time>25</time>
    </ksState>
    <ksState>
      <x>160.76611607149025</x>
      <y>90.85414751022897</y>
      <steeringAngle>-0.31979999999999975</steeringAngle>
      <velocity>4.800000000000001</velocity>
      <orientation>2.349500254628972</orientation>
      <time>26</time>
    </ksState>
    <ksState>
      <x>160.47843599212223</x>
      <y>91.29638552219363</y>
      <steeringAngle>-0.28426666666666645</steeringAngle>
      <velocity>5.600000000000004</velocity>
      <orientation>2.2867711544976483</orientation>
      <time>27</time>
    </ksState>
    <ksState>
      <x>160.16948933344676</x>
      <y>91.81854493847861</y>
      <steeringAngle>-0.2487333333333331</steeringAngle>
      <velocity>6.400000000000004</velocity>
      <orientation>2.2233490178049724</orientation>
      <time>28</time>
    </ksState>
    <ksState>
      <x>159.84562397008904</x>
      <y>92.42287898636697</y>
      <steeringAngle>-0.21319999999999992</steeringAngle>
      <velocity>7.200000000000004</velocity>
      <orientation>2.1614319291271737</orientation>
      <time>29</time>
    </ksState>
    <ksState>
      <x>159.5117278202036</x>
      <y>93.11057813558944</y>
      <steeringAngle>-0.17766666666666656</steeringAngle>
      <velocity>8.000000000000004</velocity>
      <orientation>2.1031825995262086</orientation>
      <time>30</time>
    </ksState>
    <ksState>
      <x>159.20146839989158</x>
      <y>93.80765236694928</y>
      <steeringAngle>-0.1421333333333334</steeringAngle>
      <velocity>7.2</velocity>
      <orientation>2.0555552777805715</orientation>
      <time>31</time>
    </ksState>
    <ksState>
      <x>158.93704495412914</x>
      <y>94.43590449665702</y>
      <steeringAngle>-0.10660000000000011</steeringAngle>
      <velocity>6.4</velocity>
      <orientation>2.0224957073326038</orientation>
      <time>32</time>
    </ksState>
    <ksState>
      <x>158.70794075338983</x>
      <y>94.99124220638743</y>
      <steeringAngle>-0.07106666666666674</steeringAngle>
      <velocity>5.600000000000001</velocity>
      <orientation>2.001678759038715</orientation>
      <time>33</time>
    </ksState>
  </ksTrajectory>
</CommonRoadSolution>
