<?xml version="1.0" ?>
<CommonRoadSolution benchmark_id="KS2:SM1:HRV_Pula-6_2_T-1:2020a" computation_time="1.0240823169997384" date="2023-01-12T15:00:04">
  <ksTrajectory planningProblem="1">
    <ksState>
      <x>470.79735</x>
      <y>-763.35268</y>
      <steeringAngle>0.0</steeringAngle>
      <velocity>0.0</velocity>
      <orientation>2.6257308</orientation>
      <time>0</time>
    </ksState>
    <ksState>
      <x>470.7628162075794</x>
      <y>-763.332488687322</y>
      <steeringAngle>-0.03553333333333333</steeringAngle>
      <velocity>0.8</velocity>
      <orientation>2.625363268221758</orientation>
      <time>1</time>
    </ksState>
    <ksState>
      <x>470.6603344873343</x>
      <y>-763.2699523782367</y>
      <steeringAngle>-0.0710666666666667</steeringAngle>
      <velocity>1.6</velocity>
      <orientation>2.6227884216297723</orientation>
      <time>2</time>
    </ksState>
    <ksState>
      <x>470.4919464176071</x>
      <y>-763.1615845772022</y>
      <steeringAngle>-0.10660000000000003</steeringAngle>
      <velocity>2.4000000000000004</velocity>
      <orientation>2.615787717392935</orientation>
      <time>3</time>
    </ksState>
    <ksState>
      <x>470.2605647970416</x>
      <y>-763.0027265019414</y>
      <steeringAngle>-0.14213333333333342</steeringAngle>
      <velocity>3.2000000000000015</velocity>
      <orientation>2.602120076452115</orientation>
      <time>4</time>
    </ksState>
    <ksState>
      <x>469.9705637358525</x>
      <y>-762.7870444346735</y>
      <steeringAngle>-0.17766666666666683</steeringAngle>
      <velocity>4.0000000000000036</velocity>
      <orientation>2.5795101605788946</orientation>
      <time>5</time>
    </ksState>
    <ksState>
      <x>469.65669842151334</x>
      <y>-762.5359505866518</y>
      <steeringAngle>-0.17766666666666667</steeringAngle>
      <velocity>4.0</velocity>
      <orientation>2.551659672423639</orientation>
      <time>6</time>
    </ksState>
    <ksState>
      <x>469.34994697488634</x>
      <y>-762.2762139231902</y>
      <steeringAngle>-0.17766666666666667</steeringAngle>
      <velocity>4.0</velocity>
      <orientation>2.5238091842683827</orientation>
      <time>7</time>
    </ksState>
    <ksState>
      <x>469.0505473426714</x>
      <y>-762.008035911848</y>
      <steeringAngle>-0.17766666666666667</steeringAngle>
      <velocity>4.0</velocity>
      <orientation>2.495958696113127</orientation>
      <time>8</time>
    </ksState>
    <ksState>
      <x>468.7587317391563</x>
      <y>-761.7316245517501</y>
      <steeringAngle>-0.17766666666666667</steeringAngle>
      <velocity>4.0</velocity>
      <orientation>2.468108207957871</orientation>
      <time>9</time>
    </ksState>
    <ksState>
      <x>468.47472649714877</x>
      <y>-761.4471942266722</y>
      <steeringAngle>-0.17766666666666667</steeringAngle>
      <velocity>4.0</velocity>
      <orientation>2.440257719802615</orientation>
      <time>10</time>
    </ksState>
    <ksState>
      <x>468.228517277612</x>
      <y>-761.1816833511514</y>
      <steeringAngle>-0.21319999999999997</steeringAngle>
      <velocity>3.2</velocity>
      <orientation>2.4127161742391805</orientation>
      <time>11</time>
    </ksState>
    <ksState>
      <x>468.0464346401658</x>
      <y>-760.9659413464246</y>
      <steeringAngle>-0.24873333333333342</steeringAngle>
      <velocity>2.4000000000000004</velocity>
      <orientation>2.387277943852531</orientation>
      <time>12</time>
    </ksState>
    <ksState>
      <x>467.9228676531276</x>
      <y>-760.8058608388419</y>
      <steeringAngle>-0.2842666666666668</steeringAngle>
      <velocity>1.600000000000001</velocity>
      <orientation>2.3662030440619515</orientation>
      <time>13</time>
    </ksState>
    <ksState>
      <x>467.85220917158966</x>
      <y>-760.7067345135363</y>
      <steeringAngle>-0.3197999999999999</steeringAngle>
      <velocity>0.8000000000000007</velocity>
      <orientation>2.351804616761247</orientation>
      <time>14</time>
    </ksState>
    <ksState>
      <x>467.82953574635076</x>
      <y>-760.6729167429136</y>
      <steeringAngle>-0.3553333333333332</steeringAngle>
      <velocity>5.551115123125783e-16</velocity>
      <orientation>2.3464629751255175</orientation>
      <time>15</time>
    </ksState>
    <ksState>
      <x>467.82953574635076</x>
      <y>-760.6729167429136</y>
      <steeringAngle>-0.3198</steeringAngle>
      <velocity>0.0</velocity>
      <orientation>2.3464629751255175</orientation>
      <time>16</time>
    </ksState>
    <ksState>
      <x>467.82953574635076</x>
      <y>-760.6729167429136</y>
      <steeringAngle>-0.2842666666666666</steeringAngle>
      <velocity>0.0</velocity>
      <orientation>2.3464629751255175</orientation>
      <time>17</time>
    </ksState>
    <ksState>
      <x>467.82953574635076</x>
      <y>-760.6729167429136</y>
      <steeringAngle>-0.24873333333333333</steeringAngle>
      <velocity>0.0</velocity>
      <orientation>2.3464629751255175</orientation>
      <time>18</time>
    </ksState>
    <ksState>
      <x>467.82953574635076</x>
      <y>-760.6729167429136</y>
      <steeringAngle>-0.21320000000000003</steeringAngle>
      <velocity>0.0</velocity>
      <orientation>2.3464629751255175</orientation>
      <time>19</time>
    </ksState>
    <ksState>
      <x>467.82953574635076</x>
      <y>-760.6729167429136</y>
      <steeringAngle>-0.1776666666666667</steeringAngle>
      <velocity>0.0</velocity>
      <orientation>2.3464629751255175</orientation>
      <time>20</time>
    </ksState>
    <ksState>
      <x>467.82953574635076</x>
      <y>-760.6729167429136</y>
      <steeringAngle>-0.14213333333333336</steeringAngle>
      <velocity>0.0</velocity>
      <orientation>2.3464629751255175</orientation>
      <time>21</time>
    </ksState>
    <ksState>
      <x>467.82953574635076</x>
      <y>-760.6729167429136</y>
      <steeringAngle>-0.10660000000000001</steeringAngle>
      <velocity>0.0</velocity>
      <orientation>2.3464629751255175</orientation>
      <time>22</time>
    </ksState>
    <ksState>
      <x>467.82953574635076</x>
      <y>-760.6729167429136</y>
      <steeringAngle>-0.07106666666666668</steeringAngle>
      <velocity>0.0</velocity>
      <orientation>2.3464629751255175</orientation>
      <time>23</time>
    </ksState>
    <ksState>
      <x>467.82953574635076</x>
      <y>-760.6729167429136</y>
      <steeringAngle>-0.03553333333333333</steeringAngle>
      <velocity>0.0</velocity>
      <orientation>2.3464629751255175</orientation>
      <time>24</time>
    </ksState>
    <ksState>
      <x>467.82953574635076</x>
      <y>-760.6729167429136</y>
      <steeringAngle>-0.0</steeringAngle>
      <velocity>0.0</velocity>
      <orientation>2.3464629751255175</orientation>
      <time>25</time>
    </ksState>
    <ksState>
      <x>467.82953574635076</x>
      <y>-760.6729167429136</y>
      <steeringAngle>0.0</steeringAngle>
      <velocity>0.0</velocity>
      <orientation>2.3464629751255175</orientation>
      <time>26</time>
    </ksState>
    <ksState>
      <x>467.82953574635076</x>
      <y>-760.6729167429136</y>
      <steeringAngle>0.0</steeringAngle>
      <velocity>0.0</velocity>
      <orientation>2.3464629751255175</orientation>
      <time>27</time>
    </ksState>
    <ksState>
      <x>467.82953574635076</x>
      <y>-760.6729167429136</y>
      <steeringAngle>0.0</steeringAngle>
      <velocity>0.0</velocity>
      <orientation>2.3464629751255175</orientation>
      <time>28</time>
    </ksState>
    <ksState>
      <x>467.82953574635076</x>
      <y>-760.6729167429136</y>
      <steeringAngle>0.0</steeringAngle>
      <velocity>0.0</velocity>
      <orientation>2.3464629751255175</orientation>
      <time>29</time>
    </ksState>
    <ksState>
      <x>467.82953574635076</x>
      <y>-760.6729167429136</y>
      <steeringAngle>0.0</steeringAngle>
      <velocity>0.0</velocity>
      <orientation>2.3464629751255175</orientation>
      <time>30</time>
    </ksState>
    <ksState>
      <x>467.82953574635076</x>
      <y>-760.6729167429136</y>
      <steeringAngle>0.0</steeringAngle>
      <velocity>0.0</velocity>
      <orientation>2.3464629751255175</orientation>
      <time>31</time>
    </ksState>
    <ksState>
      <x>467.82953574635076</x>
      <y>-760.6729167429136</y>
      <steeringAngle>0.0</steeringAngle>
      <velocity>0.0</velocity>
      <orientation>2.3464629751255175</orientation>
      <time>32</time>
    </ksState>
    <ksState>
      <x>467.82953574635076</x>
      <y>-760.6729167429136</y>
      <steeringAngle>0.0</steeringAngle>
      <velocity>0.0</velocity>
      <orientation>2.3464629751255175</orientation>
      <time>33</time>
    </ksState>
  </ksTrajectory>
</CommonRoadSolution>
