<?xml version="1.0" ?>
<CommonRoadSolution benchmark_id="KS2:SM1:FRA_MoissyCramayel-4_1_T-1:2020a" computation_time="4.533321549999528" date="2023-01-12T15:00:04">
  <ksTrajectory planningProblem="1">
    <ksState>
      <x>-724.51917</x>
      <y>-650.35229</y>
      <steeringAngle>0.0</steeringAngle>
      <velocity>4.0</velocity>
      <orientation>-0.21676464</orientation>
      <time>0</time>
    </ksState>
    <ksState>
      <x>-724.1276138216475</x>
      <y>-650.4341286952372</y>
      <steeringAngle>0.035533333333333326</steeringAngle>
      <velocity>4.0</velocity>
      <orientation>-0.2140083654673996</orientation>
      <time>1</time>
    </ksState>
    <ksState>
      <x>-723.7339772887935</x>
      <y>-650.5061262413655</y>
      <steeringAngle>0.07106666666666711</steeringAngle>
      <velocity>4.0</velocity>
      <orientation>-0.2057326049241142</orientation>
      <time>2</time>
    </ksState>
    <ksState>
      <x>-723.3380147743937</x>
      <y>-650.5660447633411</y>
      <steeringAngle>0.10660000000000043</steeringAngle>
      <velocity>4.0</velocity>
      <orientation>-0.19191636510497734</orientation>
      <time>3</time>
    </ksState>
    <ksState>
      <x>-722.9396778365063</x>
      <y>-650.6115805451353</y>
      <steeringAngle>0.14213333333333378</steeringAngle>
      <velocity>4.0</velocity>
      <orientation>-0.17252443871943152</orientation>
      <time>4</time>
    </ksState>
    <ksState>
      <x>-722.539157342427</x>
      <y>-650.6403613772716</y>
      <steeringAngle>0.1776666666666672</steeringAngle>
      <velocity>4.0</velocity>
      <orientation>-0.1475070322680342</orientation>
      <time>5</time>
    </ksState>
    <ksState>
      <x>-722.1771792531254</x>
      <y>-650.64968166001</y>
      <steeringAngle>0.21319999999999997</steeringAngle>
      <velocity>3.2</velocity>
      <orientation>-0.11996548670459956</orientation>
      <time>6</time>
    </ksState>
    <ksState>
      <x>-721.8949317043239</x>
      <y>-650.6437638345233</y>
      <steeringAngle>0.24873333333333342</steeringAngle>
      <velocity>2.4000000000000004</velocity>
      <orientation>-0.09452725631795006</orientation>
      <time>7</time>
    </ksState>
    <ksState>
      <x>-721.6931292047177</x>
      <y>-650.6307131507747</y>
      <steeringAngle>0.2842666666666668</steeringAngle>
      <velocity>1.600000000000001</velocity>
      <orientation>-0.07345235652737037</orientation>
      <time>8</time>
    </ksState>
    <ksState>
      <x>-721.5720385002485</x>
      <y>-650.6182355439145</y>
      <steeringAngle>0.3197999999999999</steeringAngle>
      <velocity>0.8000000000000007</velocity>
      <orientation>-0.05905392922666593</orientation>
      <time>9</time>
    </ksState>
    <ksState>
      <x>-721.531673940662</x>
      <y>-650.6129037382767</y>
      <steeringAngle>0.3553333333333332</steeringAngle>
      <velocity>5.551115123125783e-16</velocity>
      <orientation>-0.05371228759093662</orientation>
      <time>10</time>
    </ksState>
    <ksState>
      <x>-721.531673940662</x>
      <y>-650.6129037382767</y>
      <steeringAngle>0.3198</steeringAngle>
      <velocity>0.0</velocity>
      <orientation>-0.05371228759093662</orientation>
      <time>11</time>
    </ksState>
    <ksState>
      <x>-721.531673940662</x>
      <y>-650.6129037382767</y>
      <steeringAngle>0.2842666666666666</steeringAngle>
      <velocity>0.0</velocity>
      <orientation>-0.05371228759093662</orientation>
      <time>12</time>
    </ksState>
    <ksState>
      <x>-721.531673940662</x>
      <y>-650.6129037382767</y>
      <steeringAngle>0.24873333333333333</steeringAngle>
      <velocity>0.0</velocity>
      <orientation>-0.05371228759093662</orientation>
      <time>13</time>
    </ksState>
    <ksState>
      <x>-721.531673940662</x>
      <y>-650.6129037382767</y>
      <steeringAngle>0.21320000000000003</steeringAngle>
      <velocity>0.0</velocity>
      <orientation>-0.05371228759093662</orientation>
      <time>14</time>
    </ksState>
    <ksState>
      <x>-721.531673940662</x>
      <y>-650.6129037382767</y>
      <steeringAngle>0.1776666666666667</steeringAngle>
      <velocity>0.0</velocity>
      <orientation>-0.05371228759093662</orientation>
      <time>15</time>
    </ksState>
    <ksState>
      <x>-721.531673940662</x>
      <y>-650.6129037382767</y>
      <steeringAngle>0.14213333333333336</steeringAngle>
      <velocity>0.0</velocity>
      <orientation>-0.05371228759093662</orientation>
      <time>16</time>
    </ksState>
    <ksState>
      <x>-721.531673940662</x>
      <y>-650.6129037382767</y>
      <steeringAngle>0.10660000000000001</steeringAngle>
      <velocity>0.0</velocity>
      <orientation>-0.05371228759093662</orientation>
      <time>17</time>
    </ksState>
    <ksState>
      <x>-721.531673940662</x>
      <y>-650.6129037382767</y>
      <steeringAngle>0.07106666666666668</steeringAngle>
      <velocity>0.0</velocity>
      <orientation>-0.05371228759093662</orientation>
      <time>18</time>
    </ksState>
    <ksState>
      <x>-721.531673940662</x>
      <y>-650.6129037382767</y>
      <steeringAngle>0.03553333333333333</steeringAngle>
      <velocity>0.0</velocity>
      <orientation>-0.05371228759093662</orientation>
      <time>19</time>
    </ksState>
    <ksState>
      <x>-721.531673940662</x>
      <y>-650.6129037382767</y>
      <steeringAngle>0.0</steeringAngle>
      <velocity>0.0</velocity>
      <orientation>-0.05371228759093662</orientation>
      <time>20</time>
    </ksState>
    <ksState>
      <x>-721.4917316262621</x>
      <y>-650.6150511968985</y>
      <steeringAngle>0.0</steeringAngle>
      <velocity>0.8</velocity>
      <orientation>-0.05371228759093662</orientation>
      <time>21</time>
    </ksState>
    <ksState>
      <x>-721.371904684246</x>
      <y>-650.6214935727004</y>
      <steeringAngle>0.0</steeringAngle>
      <velocity>1.6</velocity>
      <orientation>-0.05371228759093662</orientation>
      <time>22</time>
    </ksState>
    <ksState>
      <x>-721.1721931147883</x>
      <y>-650.6322308656728</y>
      <steeringAngle>0.0</steeringAngle>
      <velocity>2.4000000000000004</velocity>
      <orientation>-0.05371228759093662</orientation>
      <time>23</time>
    </ksState>
    <ksState>
      <x>-720.8925969179422</x>
      <y>-650.647263075813</y>
      <steeringAngle>0.0</steeringAngle>
      <velocity>3.2000000000000006</velocity>
      <orientation>-0.05371228759093662</orientation>
      <time>24</time>
    </ksState>
    <ksState>
      <x>-720.5331160937292</x>
      <y>-650.6665902031198</y>
      <steeringAngle>0.0</steeringAngle>
      <velocity>4.000000000000001</velocity>
      <orientation>-0.05371228759093662</orientation>
      <time>25</time>
    </ksState>
    <ksState>
      <x>-720.0934944393246</x>
      <y>-650.6853094558579</y>
      <steeringAngle>0.035533333333333326</steeringAngle>
      <velocity>4.799999999999999</velocity>
      <orientation>-0.0505885089217458</orientation>
      <time>26</time>
    </ksState>
    <ksState>
      <x>-719.5733444257206</x>
      <y>-650.6936753807056</y>
      <steeringAngle>0.07106666666666667</steeringAngle>
      <velocity>5.599999999999998</velocity>
      <orientation>-0.039737897860573024</orientation>
      <time>27</time>
    </ksState>
    <ksState>
      <x>-718.9727572082671</x>
      <y>-650.6820829485112</y>
      <steeringAngle>0.10659999999999999</steeringAngle>
      <velocity>6.3999999999999995</velocity>
      <orientation>-0.018920948860245028</orientation>
      <time>28</time>
    </ksState>
    <ksState>
      <x>-718.2926792503721</x>
      <y>-650.6372156183959</y>
      <steeringAngle>0.14213333333333333</steeringAngle>
      <velocity>7.199999999999999</velocity>
      <orientation>0.014138622120920125</orientation>
      <time>29</time>
    </ksState>
    <ksState>
      <x>-717.5358437327465</x>
      <y>-650.5413561714234</y>
      <steeringAngle>0.17766666666666664</steeringAngle>
      <velocity>7.9999999999999964</velocity>
      <orientation>0.061765944202466755</orientation>
      <time>30</time>
    </ksState>
    <ksState>
      <x>-716.7855203497633</x>
      <y>-650.3994179263474</y>
      <steeringAngle>0.17766666666666667</steeringAngle>
      <velocity>7.2</velocity>
      <orientation>0.11468187164684412</orientation>
      <time>31</time>
    </ksState>
    <ksState>
      <x>-716.1213701440661</x>
      <y>-650.238935493529</y>
      <steeringAngle>0.17766666666666667</steeringAngle>
      <velocity>6.4</velocity>
      <orientation>0.1620277014396553</orientation>
      <time>32</time>
    </ksState>
    <ksState>
      <x>-715.5422328091348</x>
      <y>-650.0713658074056</y>
      <steeringAngle>0.17766666666666667</steeringAngle>
      <velocity>5.599999999999999</velocity>
      <orientation>0.20380343359484007</orientation>
      <time>33</time>
    </ksState>
  </ksTrajectory>
</CommonRoadSolution>
