<?xml version="1.0" ?>
<CommonRoadSolution benchmark_id="KS2:SM1:ARG_Carcarana-3_3_T-1:2020a" computation_time="3.6188299299997198" date="2023-01-12T15:00:04">
  <ksTrajectory planningProblem="1">
    <ksState>
      <x>350.5634</x>
      <y>-581.96265</y>
      <steeringAngle>0.0</steeringAngle>
      <velocity>8.0</velocity>
      <orientation>2.9327914</orientation>
      <time>0</time>
    </ksState>
    <ksState>
      <x>349.8217126225769</x>
      <y>-581.7966911115144</y>
      <steeringAngle>-0.03553333333333333</steeringAngle>
      <velocity>7.199999999999999</velocity>
      <orientation>2.927646387017508</orientation>
      <time>1</time>
    </ksState>
    <ksState>
      <x>349.16248792605177</x>
      <y>-581.6287938980058</y>
      <steeringAngle>-0.07106666666666664</steeringAngle>
      <velocity>6.400000000000001</velocity>
      <orientation>2.9136697148965447</orientation>
      <time>2</time>
    </ksState>
    <ksState>
      <x>348.5862740954002</x>
      <y>-581.4590824333021</y>
      <steeringAngle>-0.10659999999999997</steeringAngle>
      <velocity>5.600000000000004</velocity>
      <orientation>2.8930379470306633</orientation>
      <time>3</time>
    </ksState>
    <ksState>
      <x>348.0930568745119</x>
      <y>-581.2906281289359</y>
      <steeringAngle>-0.1421333333333333</steeringAngle>
      <velocity>4.800000000000003</velocity>
      <orientation>2.867921739522015</orientation>
      <time>4</time>
    </ksState>
    <ksState>
      <x>347.6821095572716</x>
      <y>-581.128718561232</y>
      <steeringAngle>-0.17766666666666653</steeringAngle>
      <velocity>4.000000000000006</velocity>
      <orientation>2.840496842936865</orientation>
      <time>5</time>
    </ksState>
    <ksState>
      <x>347.34947456543887</x>
      <y>-580.9873222018543</y>
      <steeringAngle>-0.1421333333333333</steeringAngle>
      <velocity>3.1999999999999993</velocity>
      <orientation>2.8178869279634227</orientation>
      <time>6</time>
    </ksState>
    <ksState>
      <x>347.09097430067953</x>
      <y>-580.8779693833858</y>
      <steeringAngle>-0.10659999999999997</steeringAngle>
      <velocity>2.3999999999999977</velocity>
      <orientation>2.8042192870927156</orientation>
      <time>7</time>
    </ksState>
    <ksState>
      <x>346.90582720174535</x>
      <y>-580.8016771593246</y>
      <steeringAngle>-0.07106666666666664</steeringAngle>
      <velocity>1.5999999999999976</velocity>
      <orientation>2.7972185812394965</orientation>
      <time>8</time>
    </ksState>
    <ksState>
      <x>346.79417173373895</x>
      <y>-580.7575570227101</y>
      <steeringAngle>-0.0355333333333333</steeringAngle>
      <velocity>0.7999999999999972</velocity>
      <orientation>2.7946437367655292</orientation>
      <time>9</time>
    </ksState>
    <ksState>
      <x>346.75673603144804</x>
      <y>-580.7434558520376</y>
      <steeringAngle>2.5153490401663703e-17</steeringAngle>
      <velocity>-2.914335439641036e-15</velocity>
      <orientation>2.794276225186998</orientation>
      <time>10</time>
    </ksState>
    <ksState>
      <x>346.719124449961</x>
      <y>-580.7298408237161</y>
      <steeringAngle>0.0</steeringAngle>
      <velocity>0.8</velocity>
      <orientation>2.794276225186998</orientation>
      <time>11</time>
    </ksState>
    <ksState>
      <x>346.6062897066143</x>
      <y>-580.6889957391552</y>
      <steeringAngle>0.0</steeringAngle>
      <velocity>1.6</velocity>
      <orientation>2.794276225186998</orientation>
      <time>12</time>
    </ksState>
    <ksState>
      <x>346.4182318015726</x>
      <y>-580.6209205984142</y>
      <steeringAngle>0.0</steeringAngle>
      <velocity>2.4000000000000004</velocity>
      <orientation>2.794276225186998</orientation>
      <time>13</time>
    </ksState>
    <ksState>
      <x>346.1549507348855</x>
      <y>-580.5256154015112</y>
      <steeringAngle>0.0</steeringAngle>
      <velocity>3.2000000000000006</velocity>
      <orientation>2.794276225186998</orientation>
      <time>14</time>
    </ksState>
    <ksState>
      <x>345.8164465065737</x>
      <y>-580.4030801484538</y>
      <steeringAngle>0.0</steeringAngle>
      <velocity>4.000000000000001</velocity>
      <orientation>2.794276225186998</orientation>
      <time>15</time>
    </ksState>
    <ksState>
      <x>345.4010549899191</x>
      <y>-580.2579336798923</y>
      <steeringAngle>0.035533333333333326</steeringAngle>
      <velocity>4.799999999999999</velocity>
      <orientation>2.797400003856189</orientation>
      <time>16</time>
    </ksState>
    <ksState>
      <x>344.9055848661924</x>
      <y>-580.0993922599256</y>
      <steeringAngle>0.07106666666666667</steeringAngle>
      <velocity>5.599999999999998</velocity>
      <orientation>2.8082506149173616</orientation>
      <time>17</time>
    </ksState>
    <ksState>
      <x>344.32734365601976</x>
      <y>-579.9366762708195</y>
      <steeringAngle>0.10659999999999999</steeringAngle>
      <velocity>6.3999999999999995</velocity>
      <orientation>2.8290675639176897</orientation>
      <time>18</time>
    </ksState>
    <ksState>
      <x>343.6633834605604</x>
      <y>-579.7828063095799</y>
      <steeringAngle>0.14213333333333333</steeringAngle>
      <velocity>7.199999999999999</velocity>
      <orientation>2.862127134898855</orientation>
      <time>19</time>
    </ksState>
    <ksState>
      <x>342.9111930654978</x>
      <y>-579.6555324163837</y>
      <steeringAngle>0.17766666666666664</steeringAngle>
      <velocity>7.9999999999999964</velocity>
      <orientation>2.9097544569804015</orientation>
      <time>20</time>
    </ksState>
    <ksState>
      <x>342.11355298829795</x>
      <y>-579.5616690220025</y>
      <steeringAngle>0.14213333333333336</steeringAngle>
      <velocity>8.0</velocity>
      <orientation>2.95978926852915</orientation>
      <time>21</time>
    </ksState>
    <ksState>
      <x>341.31508830940027</x>
      <y>-579.4875038948862</y>
      <steeringAngle>0.1066000000000001</steeringAngle>
      <velocity>8.0</velocity>
      <orientation>2.998573120536147</orientation>
      <time>22</time>
    </ksState>
    <ksState>
      <x>340.5166215215512</x>
      <y>-579.4241507340437</y>
      <steeringAngle>0.07106666666666674</steeringAngle>
      <velocity>8.0</velocity>
      <orientation>3.0262055995658343</orientation>
      <time>23</time>
    </ksState>
    <ksState>
      <x>339.7186195444019</x>
      <y>-579.3627721270731</y>
      <steeringAngle>0.035533333333333354</steeringAngle>
      <velocity>8.0</velocity>
      <orientation>3.0427571201948633</orientation>
      <time>24</time>
    </ksState>
    <ksState>
      <x>338.9214877226901</x>
      <y>-579.294565352414</y>
      <steeringAngle>2.0816681711721685e-17</steeringAngle>
      <velocity>8.0</velocity>
      <orientation>3.048269646653268</orientation>
      <time>25</time>
    </ksState>
    <ksState>
      <x>338.1258606802815</x>
      <y>-579.2107453991856</y>
      <steeringAngle>-0.03553333333333333</steeringAngle>
      <velocity>8.0</velocity>
      <orientation>3.0427571116504293</orientation>
      <time>26</time>
    </ksState>
    <ksState>
      <x>337.3328935469376</x>
      <y>-579.1025409654691</y>
      <steeringAngle>-0.07106666666666667</steeringAngle>
      <velocity>8.0</velocity>
      <orientation>3.02620559077016</orientation>
      <time>27</time>
    </ksState>
    <ksState>
      <x>336.5445569862787</x>
      <y>-578.9612192411967</y>
      <steeringAngle>-0.10659999999999997</steeringAngle>
      <velocity>8.0</velocity>
      <orientation>2.9985731114794647</orientation>
      <time>28</time>
    </ksState>
    <ksState>
      <x>335.7639357235502</x>
      <y>-578.7781563063087</y>
      <steeringAngle>-0.1421333333333333</steeringAngle>
      <velocity>8.0</velocity>
      <orientation>2.95978925920673</orientation>
      <time>29</time>
    </ksState>
    <ksState>
      <x>334.9955283744217</x>
      <y>-578.5449707522091</y>
      <steeringAngle>-0.17766666666666667</steeringAngle>
      <velocity>8.0</velocity>
      <orientation>2.9097544469575753</orientation>
      <time>30</time>
    </ksState>
    <ksState>
      <x>334.2776046015482</x>
      <y>-578.2865934152361</y>
      <steeringAngle>-0.1421333333333334</steeringAngle>
      <velocity>7.2</velocity>
      <orientation>2.8621271252119382</orientation>
      <time>31</time>
    </ksState>
    <ksState>
      <x>333.64108228232794</x>
      <y>-578.0427495424697</y>
      <steeringAngle>-0.10660000000000011</steeringAngle>
      <velocity>6.4</velocity>
      <orientation>2.8290675547639705</orientation>
      <time>32</time>
    </ksState>
    <ksState>
      <x>333.08163840144334</x>
      <y>-577.8238631546204</y>
      <steeringAngle>-0.07106666666666674</steeringAngle>
      <velocity>5.600000000000001</velocity>
      <orientation>2.808250606470082</orientation>
      <time>33</time>
    </ksState>
  </ksTrajectory>
</CommonRoadSolution>
