<?xml version="1.0" ?>
<CommonRoadSolution benchmark_id="KS2:SM1:HRV_Pula-7_2_T-1:2020a" computation_time="2.737955941999644" date="2023-01-12T15:00:04">
  <ksTrajectory planningProblem="1">
    <ksState>
      <x>-196.54887</x>
      <y>-290.12111</y>
      <steeringAngle>0.0</steeringAngle>
      <velocity>4.0</velocity>
      <orientation>-0.64610409</orientation>
      <time>0</time>
    </ksState>
    <ksState>
      <x>-196.19460837156308</x>
      <y>-290.38210101145773</y>
      <steeringAngle>0.035533333333333326</steeringAngle>
      <velocity>4.799999999999999</velocity>
      <orientation>-0.6429803113308092</orientation>
      <time>1</time>
    </ksState>
    <ksState>
      <x>-195.7677590562052</x>
      <y>-290.67946558118535</y>
      <steeringAngle>0.07106666666666667</steeringAngle>
      <velocity>5.599999999999998</velocity>
      <orientation>-0.6321297002696364</orientation>
      <time>2</time>
    </ksState>
    <ksState>
      <x>-195.26303473908078</x>
      <y>-291.00518440771515</y>
      <steeringAngle>0.10659999999999999</steeringAngle>
      <velocity>6.3999999999999995</velocity>
      <orientation>-0.6113127512693084</orientation>
      <time>3</time>
    </ksState>
    <ksState>
      <x>-194.6737853644314</x>
      <y>-291.34768153266907</y>
      <steeringAngle>0.14213333333333333</steeringAngle>
      <velocity>7.199999999999999</velocity>
      <orientation>-0.5782531802881433</orientation>
      <time>4</time>
    </ksState>
    <ksState>
      <x>-193.9923860459051</x>
      <y>-291.690732553693</y>
      <steeringAngle>0.17766666666666664</steeringAngle>
      <velocity>7.9999999999999964</velocity>
      <orientation>-0.5306258582065967</orientation>
      <time>5</time>
    </ksState>
    <ksState>
      <x>-193.28656199497075</x>
      <y>-291.9839916361965</y>
      <steeringAngle>0.21320000000000014</steeringAngle>
      <velocity>7.200000000000003</velocity>
      <orientation>-0.47237653113510386</orientation>
      <time>6</time>
    </ksState>
    <ksState>
      <x>-192.63445155168048</x>
      <y>-292.1953282284922</y>
      <steeringAngle>0.24873333333333347</steeringAngle>
      <velocity>6.400000000000004</velocity>
      <orientation>-0.4104594436493245</orientation>
      <time>7</time>
    </ksState>
    <ksState>
      <x>-192.04387393598077</x>
      <y>-292.33373511471285</y>
      <steeringAngle>0.2842666666666668</steeringAngle>
      <velocity>5.600000000000001</velocity>
      <orientation>-0.34703730088540335</orientation>
      <time>8</time>
    </ksState>
    <ksState>
      <x>-191.5220526906424</x>
      <y>-292.41064710435256</y>
      <steeringAngle>0.3198</steeringAngle>
      <velocity>4.800000000000002</velocity>
      <orientation>-0.28430820114345073</orientation>
      <time>9</time>
    </ksState>
    <ksState>
      <x>-191.07493645949253</x>
      <y>-292.4392963043695</y>
      <steeringAngle>0.3553333333333332</steeringAngle>
      <velocity>4.000000000000001</velocity>
      <orientation>-0.22451836709523598</orientation>
      <time>10</time>
    </ksState>
    <ksState>
      <x>-190.6675218519265</x>
      <y>-292.4415387440689</y>
      <steeringAngle>0.31979999999999986</steeringAngle>
      <velocity>4.0</velocity>
      <orientation>-0.17007016790185636</orientation>
      <time>11</time>
    </ksState>
    <ksState>
      <x>-190.26178519572738</x>
      <y>-292.431465074421</y>
      <steeringAngle>0.28426666666666656</steeringAngle>
      <velocity>4.0</velocity>
      <orientation>-0.12173948842059909</orientation>
      <time>12</time>
    </ksState>
    <ksState>
      <x>-189.8577679245456</x>
      <y>-292.4114849963321</y>
      <steeringAngle>0.2487333333333332</steeringAngle>
      <velocity>4.0</velocity>
      <orientation>-0.07939225469772401</orientation>
      <time>13</time>
    </ksState>
    <ksState>
      <x>-189.45535435246694</x>
      <y>-292.38393683958014</y>
      <steeringAngle>0.21319999999999986</steeringAngle>
      <velocity>4.0</velocity>
      <orientation>-0.04291341362409626</orientation>
      <time>14</time>
    </ksState>
    <ksState>
      <x>-189.05431292241235</x>
      <y>-292.3510978055589</y>
      <steeringAngle>0.1776666666666665</steeringAngle>
      <velocity>4.0</velocity>
      <orientation>-0.012205630975268472</orientation>
      <time>15</time>
    </ksState>
    <ksState>
      <x>-188.69426486695193</x>
      <y>-292.31910269010314</y>
      <steeringAngle>0.1421333333333333</steeringAngle>
      <velocity>3.1999999999999993</velocity>
      <orientation>0.010404283998173842</orientation>
      <time>16</time>
    </ksState>
    <ksState>
      <x>-188.4146245700635</x>
      <y>-292.29474254528793</y>
      <steeringAngle>0.10659999999999997</steeringAngle>
      <velocity>2.3999999999999977</velocity>
      <orientation>0.024071924868881184</orientation>
      <time>17</time>
    </ksState>
    <ksState>
      <x>-188.2149619697813</x>
      <y>-292.2792261249564</y>
      <steeringAngle>0.07106666666666664</steeringAngle>
      <velocity>1.5999999999999976</velocity>
      <orientation>0.03107263072210032</orientation>
      <time>18</time>
    </ksState>
    <ksState>
      <x>-188.0951349472582</x>
      <y>-292.27166566999114</y>
      <steeringAngle>0.0355333333333333</steeringAngle>
      <velocity>0.7999999999999972</velocity>
      <orientation>0.03364747519606759</orientation>
      <time>19</time>
    </ksState>
    <ksState>
      <x>-188.05517259581652</x>
      <y>-292.2697885240352</y>
      <steeringAngle>-2.5153490401663703e-17</steeringAngle>
      <velocity>-2.914335439641036e-15</velocity>
      <orientation>0.03401498677459879</orientation>
      <time>20</time>
    </ksState>
    <ksState>
      <x>-188.05517259581652</x>
      <y>-292.2697885240352</y>
      <steeringAngle>0.0</steeringAngle>
      <velocity>0.0</velocity>
      <orientation>0.03401498677459879</orientation>
      <time>21</time>
    </ksState>
    <ksState>
      <x>-188.05517259581652</x>
      <y>-292.2697885240352</y>
      <steeringAngle>0.0</steeringAngle>
      <velocity>0.0</velocity>
      <orientation>0.03401498677459879</orientation>
      <time>22</time>
    </ksState>
    <ksState>
      <x>-188.05517259581652</x>
      <y>-292.2697885240352</y>
      <steeringAngle>0.0</steeringAngle>
      <velocity>0.0</velocity>
      <orientation>0.03401498677459879</orientation>
      <time>23</time>
    </ksState>
    <ksState>
      <x>-188.05517259581652</x>
      <y>-292.2697885240352</y>
      <steeringAngle>0.0</steeringAngle>
      <velocity>0.0</velocity>
      <orientation>0.03401498677459879</orientation>
      <time>24</time>
    </ksState>
    <ksState>
      <x>-188.05517259581652</x>
      <y>-292.2697885240352</y>
      <steeringAngle>0.0</steeringAngle>
      <velocity>0.0</velocity>
      <orientation>0.03401498677459879</orientation>
      <time>25</time>
    </ksState>
    <ksState>
      <x>-188.05517259581652</x>
      <y>-292.2697885240352</y>
      <steeringAngle>0.0</steeringAngle>
      <velocity>0.0</velocity>
      <orientation>0.03401498677459879</orientation>
      <time>26</time>
    </ksState>
    <ksState>
      <x>-188.05517259581652</x>
      <y>-292.2697885240352</y>
      <steeringAngle>0.0</steeringAngle>
      <velocity>0.0</velocity>
      <orientation>0.03401498677459879</orientation>
      <time>27</time>
    </ksState>
    <ksState>
      <x>-188.05517259581652</x>
      <y>-292.2697885240352</y>
      <steeringAngle>0.0</steeringAngle>
      <velocity>0.0</velocity>
      <orientation>0.03401498677459879</orientation>
      <time>28</time>
    </ksState>
    <ksState>
      <x>-188.05517259581652</x>
      <y>-292.2697885240352</y>
      <steeringAngle>0.0</steeringAngle>
      <velocity>0.0</velocity>
      <orientation>0.03401498677459879</orientation>
      <time>29</time>
    </ksState>
    <ksState>
      <x>-188.05517259581652</x>
      <y>-292.2697885240352</y>
      <steeringAngle>0.0</steeringAngle>
      <velocity>0.0</velocity>
      <orientation>0.03401498677459879</orientation>
      <time>30</time>
    </ksState>
    <ksState>
      <x>-188.05517259581652</x>
      <y>-292.2697885240352</y>
      <steeringAngle>0.0</steeringAngle>
      <velocity>0.0</velocity>
      <orientation>0.03401498677459879</orientation>
      <time>31</time>
    </ksState>
    <ksState>
      <x>-188.05517259581652</x>
      <y>-292.2697885240352</y>
      <steeringAngle>0.0</steeringAngle>
      <velocity>0.0</velocity>
      <orientation>0.03401498677459879</orientation>
      <time>32</time>
    </ksState>
    <ksState>
      <x>-188.05517259581652</x>
      <y>-292.2697885240352</y>
      <steeringAngle>0.0</steeringAngle>
      <velocity>0.0</velocity>
      <orientation>0.03401498677459879</orientation>
      <time>33</time>
    </ksState>
  </ksTrajectory>
</CommonRoadSolution>
