<?xml version="1.0" ?>
<CommonRoadSolution benchmark_id="KS2:SM1:ITA_CarpiCentro-8_3_T-1:2020a" computation_time="0.8452264960005778" date="2023-01-12T15:00:04">
  <ksTrajectory planningProblem="1">
    <ksState>
      <x>127.91411</x>
      <y>591.10285</y>
      <steeringAngle>0.0</steeringAngle>
      <velocity>4.0</velocity>
      <orientation>-0.40400741</orientation>
      <time>0</time>
    </ksState>
    <ksState>
      <x>128.28358793793967</x>
      <y>590.9495533391753</y>
      <steeringAngle>0.035533333333333326</steeringAngle>
      <velocity>4.0</velocity>
      <orientation>-0.4012511354673996</orientation>
      <time>1</time>
    </ksState>
    <ksState>
      <x>128.6569418038472</x>
      <y>590.8055385570948</y>
      <steeringAngle>0.07106666666666711</steeringAngle>
      <velocity>4.0</velocity>
      <orientation>-0.39297537492411416</orientation>
      <time>2</time>
    </ksState>
    <ksState>
      <x>129.03482951322079</x>
      <y>590.672958689883</y>
      <steeringAngle>0.10660000000000043</steeringAngle>
      <velocity>4.0</velocity>
      <orientation>-0.37915913510497734</orientation>
      <time>3</time>
    </ksState>
    <ksState>
      <x>129.4177274993463</x>
      <y>590.554068169949</y>
      <steeringAngle>0.14213333333333378</steeringAngle>
      <velocity>4.0</velocity>
      <orientation>-0.3597672087194315</orientation>
      <time>4</time>
    </ksState>
    <ksState>
      <x>129.80588981919755</x>
      <y>590.4512332735194</y>
      <steeringAngle>0.1776666666666672</steeringAngle>
      <velocity>4.0</velocity>
      <orientation>-0.3347498022680342</orientation>
      <time>5</time>
    </ksState>
    <ksState>
      <x>130.19930235391462</x>
      <y>590.3669370672417</y>
      <steeringAngle>0.21319999999999995</steeringAngle>
      <velocity>4.0</velocity>
      <orientation>-0.304042019630534</orientation>
      <time>6</time>
    </ksState>
    <ksState>
      <x>130.59763160688746</x>
      <y>590.3037773618064</y>
      <steeringAngle>0.24873333333333336</steeringAngle>
      <velocity>4.0</velocity>
      <orientation>-0.2675631785078397</orientation>
      <time>7</time>
    </ksState>
    <ksState>
      <x>131.00016782629208</x>
      <y>590.2644558054344</y>
      <steeringAngle>0.2842666666666667</steeringAngle>
      <velocity>4.0</velocity>
      <orientation>-0.2252159446623917</orientation>
      <time>8</time>
    </ksState>
    <ksState>
      <x>131.40576243293933</x>
      <y>590.2517558647663</y>
      <steeringAngle>0.31980000000000003</steeringAngle>
      <velocity>4.0</velocity>
      <orientation>-0.1768852632952567</orientation>
      <time>9</time>
    </ksState>
    <ksState>
      <x>131.8127601599041</x>
      <y>590.2685069820909</y>
      <steeringAngle>0.35533333333333333</steeringAngle>
      <velocity>4.0</velocity>
      <orientation>-0.12243706211697825</orientation>
      <time>10</time>
    </ksState>
    <ksState>
      <x>132.25869476247308</x>
      <y>590.3127881670392</y>
      <steeringAngle>0.31979999999999975</steeringAngle>
      <velocity>4.800000000000001</velocity>
      <orientation>-0.06264722708522968</orientation>
      <time>11</time>
    </ksState>
    <ksState>
      <x>132.7811566384831</x>
      <y>590.3860539531046</y>
      <steeringAngle>0.28426666666666645</steeringAngle>
      <velocity>5.600000000000004</velocity>
      <orientation>8.187304609386103e-05</orientation>
      <time>12</time>
    </ksState>
    <ksState>
      <x>133.3778709249433</x>
      <y>590.4957378364061</y>
      <steeringAngle>0.2487333333333331</steeringAngle>
      <velocity>6.400000000000004</velocity>
      <orientation>0.06350400973876974</orientation>
      <time>13</time>
    </ksState>
    <ksState>
      <x>134.04637061672378</x>
      <y>590.6481077058336</y>
      <steeringAngle>0.21319999999999992</steeringAngle>
      <velocity>7.200000000000004</velocity>
      <orientation>0.12542109841656873</orientation>
      <time>14</time>
    </ksState>
    <ksState>
      <x>134.78434530163253</x>
      <y>590.8476324491199</y>
      <steeringAngle>0.17766666666666656</steeringAngle>
      <velocity>8.000000000000004</velocity>
      <orientation>0.18367042801753397</orientation>
      <time>15</time>
    </ksState>
    <ksState>
      <x>135.51184033413116</x>
      <y>591.0797587555919</y>
      <steeringAngle>0.17766666666666667</steeringAngle>
      <velocity>7.2</velocity>
      <orientation>0.23658635546191134</orientation>
      <time>16</time>
    </ksState>
    <ksState>
      <x>136.15154666907543</x>
      <y>591.3198127328618</y>
      <steeringAngle>0.17766666666666667</steeringAngle>
      <velocity>6.4</velocity>
      <orientation>0.2839321852547225</orientation>
      <time>17</time>
    </ksState>
    <ksState>
      <x>136.7060091972152</x>
      <y>591.5565635666675</y>
      <steeringAngle>0.17766666666666667</steeringAngle>
      <velocity>5.599999999999999</velocity>
      <orientation>0.3257079174099073</orientation>
      <time>18</time>
    </ksState>
    <ksState>
      <x>137.17818846012878</x>
      <y>591.7803273617491</y>
      <steeringAngle>0.17766666666666667</steeringAngle>
      <velocity>4.799999999999999</velocity>
      <orientation>0.3619135519314218</orientation>
      <time>19</time>
    </ksState>
    <ksState>
      <x>137.57118112004372</x>
      <y>591.9829136242371</y>
      <steeringAngle>0.17766666666666667</steeringAngle>
      <velocity>4.0</velocity>
      <orientation>0.3925490888207518</orientation>
      <time>20</time>
    </ksState>
    <ksState>
      <x>137.88951290840504</x>
      <y>592.1540972705222</y>
      <steeringAngle>0.1421333333333333</steeringAngle>
      <velocity>3.1999999999999993</velocity>
      <orientation>0.4151590037941941</orientation>
      <time>21</time>
    </ksState>
    <ksState>
      <x>138.1369461776774</x>
      <y>592.2866008668691</y>
      <steeringAngle>0.10659999999999997</steeringAngle>
      <velocity>2.3999999999999977</velocity>
      <orientation>0.42882664466490145</orientation>
      <time>22</time>
    </ksState>
    <ksState>
      <x>138.31435210628916</x>
      <y>592.3794829867272</y>
      <steeringAngle>0.07106666666666664</steeringAngle>
      <velocity>1.5999999999999976</velocity>
      <orientation>0.4358273505181206</orientation>
      <time>23</time>
    </ksState>
    <ksState>
      <x>138.42151166412103</x>
      <y>592.4336157785993</y>
      <steeringAngle>0.0355333333333333</steeringAngle>
      <velocity>0.7999999999999972</velocity>
      <orientation>0.4384021949920879</orientation>
      <time>24</time>
    </ksState>
    <ksState>
      <x>138.45750312356301</x>
      <y>592.4510768687026</y>
      <steeringAngle>-2.5153490401663703e-17</steeringAngle>
      <velocity>-2.914335439641036e-15</velocity>
      <orientation>0.43876970657061903</orientation>
      <time>25</time>
    </ksState>
    <ksState>
      <x>138.49393867748552</x>
      <y>592.4675911757412</y>
      <steeringAngle>-0.03553333333333333</steeringAngle>
      <velocity>0.8</velocity>
      <orientation>0.4384021747923771</orientation>
      <time>26</time>
    </ksState>
    <ksState>
      <x>138.60419977157184</x>
      <y>592.5150862709544</y>
      <steeringAngle>-0.0710666666666667</steeringAngle>
      <velocity>1.6</velocity>
      <orientation>0.43582732820039144</orientation>
      <time>27</time>
    </ksState>
    <ksState>
      <x>138.78995189038935</x>
      <y>592.5898811416494</y>
      <steeringAngle>-0.10660000000000003</steeringAngle>
      <velocity>2.4000000000000004</velocity>
      <orientation>0.4288266239635542</orientation>
      <time>28</time>
    </ksState>
    <ksState>
      <x>139.05331373625947</x>
      <y>592.6869062958672</y>
      <steeringAngle>-0.14213333333333342</steeringAngle>
      <velocity>3.2000000000000015</velocity>
      <orientation>0.415158983022734</orientation>
      <time>29</time>
    </ksState>
    <ksState>
      <x>139.3969264220147</x>
      <y>592.7989317028955</y>
      <steeringAngle>-0.17766666666666683</steeringAngle>
      <velocity>4.0000000000000036</velocity>
      <orientation>0.3925490671495139</orientation>
      <time>30</time>
    </ksState>
    <ksState>
      <x>139.74446236066495</x>
      <y>592.8993489759525</y>
      <steeringAngle>-0.17766666666666667</steeringAngle>
      <velocity>3.2000000000000006</velocity>
      <orientation>0.36748362788133626</orientation>
      <time>31</time>
    </ksState>
    <ksState>
      <x>140.01644382050418</x>
      <y>592.9714106396376</y>
      <steeringAngle>-0.17766666666666667</steeringAngle>
      <velocity>2.4000000000000012</velocity>
      <orientation>0.3479882862513065</orientation>
      <time>32</time>
    </ksState>
    <ksState>
      <x>140.2115507645657</x>
      <y>593.0196302439109</y>
      <steeringAngle>-0.17766666666666667</steeringAngle>
      <velocity>1.6000000000000005</velocity>
      <orientation>0.3340630422523255</orientation>
      <time>33</time>
    </ksState>
  </ksTrajectory>
</CommonRoadSolution>
