<?xml version="1.0" ?>
<CommonRoadSolution benchmark_id="KS2:SM1:DEU_Lohmar-67_1_T-1:2020a" computation_time="2.3388914129991463" date="2023-01-12T15:00:04">
  <ksTrajectory planningProblem="123">
    <ksState>
      <x>100.37655</x>
      <y>685.78307</y>
      <steeringAngle>0.0</steeringAngle>
      <velocity>0.0</velocity>
      <orientation>-0.68304166</orientation>
      <time>0</time>
    </ksState>
    <ksState>
      <x>100.40790993126501</x>
      <y>685.7582340052008</y>
      <steeringAngle>0.03553333333333333</steeringAngle>
      <velocity>0.8</velocity>
      <orientation>-0.682674128221758</orientation>
      <time>1</time>
    </ksState>
    <ksState>
      <x>100.50341109037981</x>
      <y>685.6854822248366</y>
      <steeringAngle>0.0710666666666667</steeringAngle>
      <velocity>1.6</velocity>
      <orientation>-0.6800992816297724</orientation>
      <time>2</time>
    </ksState>
    <ksState>
      <x>100.66555977252669</x>
      <y>685.5679835984383</y>
      <steeringAngle>0.10660000000000003</steeringAngle>
      <velocity>2.4000000000000004</velocity>
      <orientation>-0.6730985773929352</orientation>
      <time>3</time>
    </ksState>
    <ksState>
      <x>100.89763783991403</x>
      <y>685.4101447152414</y>
      <steeringAngle>0.14213333333333342</steeringAngle>
      <velocity>3.2000000000000015</velocity>
      <orientation>-0.659430936452115</orientation>
      <time>4</time>
    </ksState>
    <ksState>
      <x>101.20395658300666</x>
      <y>685.2183422197885</y>
      <steeringAngle>0.17766666666666683</steeringAngle>
      <velocity>4.0000000000000036</velocity>
      <orientation>-0.6368210205788949</orientation>
      <time>5</time>
    </ksState>
    <ksState>
      <x>101.5544783475307</x>
      <y>685.0208231942232</y>
      <steeringAngle>0.21319999999999995</steeringAngle>
      <velocity>4.0</velocity>
      <orientation>-0.6061132379413947</orientation>
      <time>6</time>
    </ksState>
    <ksState>
      <x>101.91598228556319</x>
      <y>684.8420209432542</y>
      <steeringAngle>0.24873333333333336</steeringAngle>
      <velocity>4.0</velocity>
      <orientation>-0.5696343968187004</orientation>
      <time>7</time>
    </ksState>
    <ksState>
      <x>102.2885945168762</x>
      <y>684.6847259407779</y>
      <steeringAngle>0.2842666666666667</steeringAngle>
      <velocity>4.0</velocity>
      <orientation>-0.5272871629732524</orientation>
      <time>8</time>
    </ksState>
    <ksState>
      <x>102.67204654378588</x>
      <y>684.5519373249513</y>
      <steeringAngle>0.31980000000000003</steeringAngle>
      <velocity>4.0</velocity>
      <orientation>-0.47895648160611737</orientation>
      <time>9</time>
    </ksState>
    <ksState>
      <x>103.06559980017725</x>
      <y>684.4468488666419</y>
      <steeringAngle>0.35533333333333333</steeringAngle>
      <velocity>4.0</velocity>
      <orientation>-0.42450828042783895</orientation>
      <time>10</time>
    </ksState>
    <ksState>
      <x>103.50451710990035</x>
      <y>684.3564603256964</y>
      <steeringAngle>0.31979999999999975</steeringAngle>
      <velocity>4.800000000000001</velocity>
      <orientation>-0.3647184453960904</orientation>
      <time>11</time>
    </ksState>
    <ksState>
      <x>104.02511958726305</x>
      <y>684.2709772989864</y>
      <steeringAngle>0.28426666666666645</steeringAngle>
      <velocity>5.600000000000004</velocity>
      <orientation>-0.30198934526476684</orientation>
      <time>12</time>
    </ksState>
    <ksState>
      <x>104.62744682203994</x>
      <y>684.1981734792529</y>
      <steeringAngle>0.2487333333333331</steeringAngle>
      <velocity>6.400000000000004</velocity>
      <orientation>-0.23856720857209096</orientation>
      <time>13</time>
    </ksState>
    <ksState>
      <x>105.3110081954625</x>
      <y>684.1447668899157</y>
      <steeringAngle>0.21319999999999992</steeringAngle>
      <velocity>7.200000000000004</velocity>
      <orientation>-0.17665011989429197</orientation>
      <time>14</time>
    </ksState>
    <ksState>
      <x>106.07492739178714</x>
      <y>684.1157114216462</y>
      <steeringAngle>0.17766666666666656</steeringAngle>
      <velocity>8.000000000000004</velocity>
      <orientation>-0.11840079029332673</orientation>
      <time>15</time>
    </ksState>
    <ksState>
      <x>106.87871196943821</x>
      <y>684.12229135161</y>
      <steeringAngle>0.17766666666666667</steeringAngle>
      <velocity>8.0</velocity>
      <orientation>-0.06269981398281493</orientation>
      <time>16</time>
    </ksState>
    <ksState>
      <x>107.68088367704803</x>
      <y>684.1736095108721</y>
      <steeringAngle>0.17766666666666667</steeringAngle>
      <velocity>8.0</velocity>
      <orientation>-0.006998837672303193</orientation>
      <time>17</time>
    </ksState>
    <ksState>
      <x>108.47895430650189</x>
      <y>684.2695067245919</y>
      <steeringAngle>0.17766666666666667</steeringAngle>
      <velocity>8.0</velocity>
      <orientation>0.04870213863820849</orientation>
      <time>18</time>
    </ksState>
    <ksState>
      <x>109.27044840509956</x>
      <y>684.4096855391145</y>
      <steeringAngle>0.17766666666666667</steeringAngle>
      <velocity>8.0</velocity>
      <orientation>0.10440311494872032</orientation>
      <time>19</time>
    </ksState>
    <ksState>
      <x>110.05291091973724</x>
      <y>684.5937111488544</y>
      <steeringAngle>0.17766666666666667</steeringAngle>
      <velocity>8.0</velocity>
      <orientation>0.16010409125923214</orientation>
      <time>20</time>
    </ksState>
    <ksState>
      <x>110.8239147629352</x>
      <y>684.8210127470055</y>
      <steeringAngle>0.17766666666666667</steeringAngle>
      <velocity>8.0</velocity>
      <orientation>0.21580506756974394</orientation>
      <time>21</time>
    </ksState>
    <ksState>
      <x>111.58106851934116</x>
      <y>685.0908852930713</y>
      <steeringAngle>0.17766666666666667</steeringAngle>
      <velocity>8.0</velocity>
      <orientation>0.2715060438802557</orientation>
      <time>22</time>
    </ksState>
    <ksState>
      <x>112.32202361769926</x>
      <y>685.4024916912939</y>
      <steeringAngle>0.17766666666666667</steeringAngle>
      <velocity>8.0</velocity>
      <orientation>0.32720702019076736</orientation>
      <time>23</time>
    </ksState>
    <ksState>
      <x>113.04448176606789</x>
      <y>685.754865402021</y>
      <steeringAngle>0.17766666666666667</steeringAngle>
      <velocity>8.0</velocity>
      <orientation>0.38290799650127916</orientation>
      <time>24</time>
    </ksState>
    <ksState>
      <x>113.7462020466351</x>
      <y>686.1469134344022</y>
      <steeringAngle>0.17766666666666667</steeringAngle>
      <velocity>8.0</velocity>
      <orientation>0.438608972811791</orientation>
      <time>25</time>
    </ksState>
    <ksState>
      <x>114.42500781887347</x>
      <y>686.5774197250926</y>
      <steeringAngle>0.17766666666666667</steeringAngle>
      <velocity>8.0</velocity>
      <orientation>0.4943099491223028</orientation>
      <time>26</time>
    </ksState>
    <ksState>
      <x>115.07879364316634</x>
      <y>687.045048956336</y>
      <steeringAngle>0.17766666666666667</steeringAngle>
      <velocity>8.0</velocity>
      <orientation>0.5500109254328145</orientation>
      <time>27</time>
    </ksState>
    <ksState>
      <x>115.70553157753316</x>
      <y>687.5483506221605</y>
      <steeringAngle>0.17766666666666667</steeringAngle>
      <velocity>8.0</velocity>
      <orientation>0.6057119017433262</orientation>
      <time>28</time>
    </ksState>
    <ksState>
      <x>116.30327760843679</x>
      <y>688.0857635832016</y>
      <steeringAngle>0.17766666666666667</steeringAngle>
      <velocity>8.0</velocity>
      <orientation>0.6614128780538381</orientation>
      <time>29</time>
    </ksState>
    <ksState>
      <x>116.87017764947124</x>
      <y>688.6556208945773</y>
      <steeringAngle>0.17766666666666667</steeringAngle>
      <velocity>8.0</velocity>
      <orientation>0.7171138543643498</orientation>
      <time>30</time>
    </ksState>
    <ksState>
      <x>117.4111237434162</x>
      <y>689.2492683935242</y>
      <steeringAngle>0.14213333333333336</steeringAngle>
      <velocity>8.0</velocity>
      <orientation>0.7671486659130983</orientation>
      <time>31</time>
    </ksState>
    <ksState>
      <x>117.93653933720731</x>
      <y>689.8550610670754</y>
      <steeringAngle>0.1066000000000001</steeringAngle>
      <velocity>8.0</velocity>
      <orientation>0.8059325179200956</orientation>
      <time>32</time>
    </ksState>
    <ksState>
      <x>118.45316813405647</x>
      <y>690.4671538055987</y>
      <steeringAngle>0.07106666666666674</steeringAngle>
      <velocity>8.0</velocity>
      <orientation>0.8335649969497825</orientation>
      <time>33</time>
    </ksState>
    <ksState>
      <x>118.96792123410155</x>
      <y>691.080018990547</y>
      <steeringAngle>0.035533333333333354</steeringAngle>
      <velocity>8.0</velocity>
      <orientation>0.8501165175788119</orientation>
      <time>34</time>
    </ksState>
    <ksState>
      <x>119.48771741012857</x>
      <y>691.6881992604365</y>
      <steeringAngle>2.0816681711721685e-17</steeringAngle>
      <velocity>8.0</velocity>
      <orientation>0.8556290440372167</orientation>
      <time>35</time>
    </ksState>
    <ksState>
      <x>120.01231238741097</x>
      <y>692.2921861061625</y>
      <steeringAngle>0.0</steeringAngle>
      <velocity>8.0</velocity>
      <orientation>0.8556290440372167</orientation>
      <time>36</time>
    </ksState>
    <ksState>
      <x>120.53690736469338</x>
      <y>692.8961729518885</y>
      <steeringAngle>0.0</steeringAngle>
      <velocity>8.0</velocity>
      <orientation>0.8556290440372167</orientation>
      <time>37</time>
    </ksState>
    <ksState>
      <x>121.06150234197578</x>
      <y>693.5001597976145</y>
      <steeringAngle>0.0</steeringAngle>
      <velocity>8.0</velocity>
      <orientation>0.8556290440372167</orientation>
      <time>38</time>
    </ksState>
    <ksState>
      <x>121.58609731925819</x>
      <y>694.1041466433405</y>
      <steeringAngle>0.0</steeringAngle>
      <velocity>8.0</velocity>
      <orientation>0.8556290440372167</orientation>
      <time>39</time>
    </ksState>
    <ksState>
      <x>122.11069229654059</x>
      <y>694.7081334890667</y>
      <steeringAngle>0.0</steeringAngle>
      <velocity>8.0</velocity>
      <orientation>0.8556290440372167</orientation>
      <time>40</time>
    </ksState>
    <ksState>
      <x>122.635287273823</x>
      <y>695.3121203347927</y>
      <steeringAngle>0.0</steeringAngle>
      <velocity>8.0</velocity>
      <orientation>0.8556290440372167</orientation>
      <time>41</time>
    </ksState>
    <ksState>
      <x>123.1598822511054</x>
      <y>695.9161071805187</y>
      <steeringAngle>0.0</steeringAngle>
      <velocity>8.0</velocity>
      <orientation>0.8556290440372167</orientation>
      <time>42</time>
    </ksState>
    <ksState>
      <x>123.6844772283878</x>
      <y>696.5200940262447</y>
      <steeringAngle>0.0</steeringAngle>
      <velocity>8.0</velocity>
      <orientation>0.8556290440372167</orientation>
      <time>43</time>
    </ksState>
    <ksState>
      <x>124.20907220567021</x>
      <y>697.1240808719707</y>
      <steeringAngle>0.0</steeringAngle>
      <velocity>8.0</velocity>
      <orientation>0.8556290440372167</orientation>
      <time>44</time>
    </ksState>
    <ksState>
      <x>124.73366718295262</x>
      <y>697.7280677176968</y>
      <steeringAngle>0.0</steeringAngle>
      <velocity>8.0</velocity>
      <orientation>0.8556290440372167</orientation>
      <time>45</time>
    </ksState>
    <ksState>
      <x>125.25826216023502</x>
      <y>698.3320545634228</y>
      <steeringAngle>0.0</steeringAngle>
      <velocity>8.0</velocity>
      <orientation>0.8556290440372167</orientation>
      <time>46</time>
    </ksState>
    <ksState>
      <x>125.78285713751742</x>
      <y>698.9360414091489</y>
      <steeringAngle>0.0</steeringAngle>
      <velocity>8.0</velocity>
      <orientation>0.8556290440372167</orientation>
      <time>47</time>
    </ksState>
    <ksState>
      <x>126.30745211479983</x>
      <y>699.5400282548749</y>
      <steeringAngle>0.0</steeringAngle>
      <velocity>8.0</velocity>
      <orientation>0.8556290440372167</orientation>
      <time>48</time>
    </ksState>
    <ksState>
      <x>126.83204709208223</x>
      <y>700.1440151006009</y>
      <steeringAngle>0.0</steeringAngle>
      <velocity>8.0</velocity>
      <orientation>0.8556290440372167</orientation>
      <time>49</time>
    </ksState>
    <ksState>
      <x>127.35664206936464</x>
      <y>700.748001946327</y>
      <steeringAngle>0.0</steeringAngle>
      <velocity>8.0</velocity>
      <orientation>0.8556290440372167</orientation>
      <time>50</time>
    </ksState>
    <ksState>
      <x>127.87419035845973</x>
      <y>701.3580773052998</y>
      <steeringAngle>0.03553333333333333</steeringAngle>
      <velocity>8.0</velocity>
      <orientation>0.8611415790400555</orientation>
      <time>51</time>
    </ksState>
    <ksState>
      <x>128.37297517508065</x>
      <y>701.9839517182198</y>
      <steeringAngle>0.07106666666666667</steeringAngle>
      <velocity>8.0</velocity>
      <orientation>0.8776930999203252</orientation>
      <time>52</time>
    </ksState>
    <ksState>
      <x>128.84554044481342</x>
      <y>702.6305802270757</y>
      <steeringAngle>0.10659999999999997</steeringAngle>
      <velocity>8.0</velocity>
      <orientation>0.9053255792110201</orientation>
      <time>53</time>
    </ksState>
    <ksState>
      <x>129.2836995517621</x>
      <y>703.3020697586037</y>
      <steeringAngle>0.1421333333333333</steeringAngle>
      <velocity>8.0</velocity>
      <orientation>0.944109431483755</orientation>
      <time>54</time>
    </ksState>
    <ksState>
      <x>129.6784107665378</x>
      <y>704.0013754240788</y>
      <steeringAngle>0.17766666666666667</steeringAngle>
      <velocity>8.0</velocity>
      <orientation>0.9941442437329097</orientation>
      <time>55</time>
    </ksState>
    <ksState>
      <x>130.0363687242984</x>
      <y>704.7203372659286</y>
      <steeringAngle>0.14213333333333336</steeringAngle>
      <velocity>8.0</velocity>
      <orientation>1.044179055281658</orientation>
      <time>56</time>
    </ksState>
    <ksState>
      <x>130.37606661985342</x>
      <y>705.4467336104148</y>
      <steeringAngle>0.1066000000000001</steeringAngle>
      <velocity>8.0</velocity>
      <orientation>1.0829629072886555</orientation>
      <time>57</time>
    </ksState>
    <ksState>
      <x>130.70558967186366</x>
      <y>706.1767866170387</y>
      <steeringAngle>0.07106666666666674</steeringAngle>
      <velocity>8.0</velocity>
      <orientation>1.1105953863183424</orientation>
      <time>58</time>
    </ksState>
    <ksState>
      <x>131.0330972794216</x>
      <y>706.9070696141839</y>
      <steeringAngle>0.035533333333333354</steeringAngle>
      <velocity>8.0</velocity>
      <orientation>1.1271469069473716</orientation>
      <time>59</time>
    </ksState>
    <ksState>
      <x>131.36673700638397</x>
      <y>707.6342256069994</y>
      <steeringAngle>2.0816681711721685e-17</steeringAngle>
      <velocity>8.0</velocity>
      <orientation>1.1326594334057765</orientation>
      <time>60</time>
    </ksState>
    <ksState>
      <x>131.71456224712648</x>
      <y>708.354687803838</y>
      <steeringAngle>-0.03553333333333333</steeringAngle>
      <velocity>8.0</velocity>
      <orientation>1.1271468984029376</orientation>
      <time>61</time>
    </ksState>
    <ksState>
      <x>132.08443755179846</x>
      <y>709.0644041789014</y>
      <steeringAngle>-0.07106666666666667</steeringAngle>
      <velocity>8.0</velocity>
      <orientation>1.110595377522668</orientation>
      <time>62</time>
    </ksState>
    <ksState>
      <x>132.48391557639226</x>
      <y>709.7585681872522</y>
      <steeringAngle>-0.10659999999999997</steeringAngle>
      <velocity>8.0</velocity>
      <orientation>1.0829628982319732</orientation>
      <time>63</time>
    </ksState>
    <ksState>
      <x>132.92006991952613</x>
      <y>710.4313616049661</y>
      <steeringAngle>-0.1421333333333333</steeringAngle>
      <velocity>8.0</velocity>
      <orientation>1.0441790459592382</orientation>
      <time>64</time>
    </ksState>
    <ksState>
      <x>133.39926801757528</x>
      <y>711.0757175156718</y>
      <steeringAngle>-0.17766666666666667</steeringAngle>
      <velocity>8.0</velocity>
      <orientation>0.9941442337100835</orientation>
      <time>65</time>
    </ksState>
    <ksState>
      <x>133.9190861211666</x>
      <y>711.6888260557581</y>
      <steeringAngle>-0.17766666666666667</steeringAngle>
      <velocity>8.0</velocity>
      <orientation>0.9384432573995718</orientation>
      <time>66</time>
    </ksState>
    <ksState>
      <x>134.47223114824126</x>
      <y>712.2720443519237</y>
      <steeringAngle>-0.17766666666666667</steeringAngle>
      <velocity>8.0</velocity>
      <orientation>0.8827422810890599</orientation>
      <time>67</time>
    </ksState>
    <ksState>
      <x>135.0569873360554</x>
      <y>712.8235633506981</y>
      <steeringAngle>-0.17766666666666667</steeringAngle>
      <velocity>8.0</velocity>
      <orientation>0.8270413047785483</orientation>
      <time>68</time>
    </ksState>
    <ksState>
      <x>135.67154088989267</x>
      <y>713.3416723523782</y>
      <steeringAngle>-0.17766666666666667</steeringAngle>
      <velocity>8.0</velocity>
      <orientation>0.7713403284680365</orientation>
      <time>69</time>
    </ksState>
    <ksState>
      <x>136.31398559046275</x>
      <y>713.8247642883103</y>
      <steeringAngle>-0.17766666666666667</steeringAngle>
      <velocity>8.0</velocity>
      <orientation>0.7156393521575246</orientation>
      <time>70</time>
    </ksState>
    <ksState>
      <x>136.94284976605118</x>
      <y>714.256855992211</y>
      <steeringAngle>-0.1421333333333334</steeringAngle>
      <velocity>7.2</velocity>
      <orientation>0.6680120304118877</orientation>
      <time>71</time>
    </ksState>
    <ksState>
      <x>137.51239684134322</x>
      <y>714.63133780242</y>
      <steeringAngle>-0.10660000000000011</steeringAngle>
      <velocity>6.4</velocity>
      <orientation>0.6349524599639197</orientation>
      <time>72</time>
    </ksState>
    <ksState>
      <x>138.01668656482082</x>
      <y>714.9578046176401</y>
      <steeringAngle>-0.07106666666666674</steeringAngle>
      <velocity>5.600000000000001</velocity>
      <orientation>0.6141355116700312</orientation>
      <time>73</time>
    </ksState>
    <ksState>
      <x>138.45229023257602</x>
      <y>715.2422245063306</y>
      <steeringAngle>-0.03553333333333339</steeringAngle>
      <velocity>4.800000000000001</velocity>
      <orientation>0.6032849020123684</orientation>
      <time>74</time>
    </ksState>
    <ksState>
      <x>138.81765049505202</x>
      <y>715.4874456986719</y>
      <steeringAngle>-5.5294310796760726e-17</steeringAngle>
      <velocity>4.0</velocity>
      <orientation>0.6001611261752028</orientation>
      <time>75</time>
    </ksState>
    <ksState>
      <x>139.17797928938194</x>
      <y>715.7399942473141</y>
      <steeringAngle>0.035533333333333326</steeringAngle>
      <velocity>4.799999999999999</velocity>
      <orientation>0.6032849048443936</orientation>
      <time>76</time>
    </ksState>
    <ksState>
      <x>139.5959285844818</x>
      <y>716.0497431973951</y>
      <steeringAngle>0.07106666666666667</steeringAngle>
      <velocity>5.599999999999998</velocity>
      <orientation>0.6141355159055664</orientation>
      <time>77</time>
    </ksState>
    <ksState>
      <x>140.06558362018714</x>
      <y>716.4242609375481</y>
      <steeringAngle>0.10659999999999999</steeringAngle>
      <velocity>6.3999999999999995</velocity>
      <orientation>0.6349524649058944</orientation>
      <time>78</time>
    </ksState>
    <ksState>
      <x>140.57809316526834</x>
      <y>716.8735415540084</y>
      <steeringAngle>0.14213333333333333</steeringAngle>
      <velocity>7.199999999999999</velocity>
      <orientation>0.6680120358870595</orientation>
      <time>79</time>
    </ksState>
    <ksState>
      <x>141.12051103048177</x>
      <y>717.4099853011162</y>
      <steeringAngle>0.17766666666666664</steeringAngle>
      <velocity>7.9999999999999964</velocity>
      <orientation>0.7156393579686061</orientation>
      <time>80</time>
    </ksState>
    <ksState>
      <x>141.65569153482954</x>
      <y>718.0097308892736</y>
      <steeringAngle>0.17766666666666667</steeringAngle>
      <velocity>8.0</velocity>
      <orientation>0.7713403342791179</orientation>
      <time>81</time>
    </ksState>
    <ksState>
      <x>142.1566529133968</x>
      <y>718.6383410221409</y>
      <steeringAngle>0.17766666666666667</steeringAngle>
      <velocity>8.0</velocity>
      <orientation>0.8270413105896297</orientation>
      <time>82</time>
    </ksState>
    <ksState>
      <x>142.6218412599045</x>
      <y>719.2938658557434</y>
      <steeringAngle>0.17766666666666667</steeringAngle>
      <velocity>8.0</velocity>
      <orientation>0.8827422869001413</orientation>
      <time>83</time>
    </ksState>
    <ksState>
      <x>143.04981365476715</x>
      <y>719.9742720854264</y>
      <steeringAngle>0.17766666666666667</steeringAngle>
      <velocity>8.0</velocity>
      <orientation>0.9384432632106532</orientation>
      <time>84</time>
    </ksState>
    <ksState>
      <x>143.4392426146356</x>
      <y>720.6774492302975</y>
      <steeringAngle>0.17766666666666667</steeringAngle>
      <velocity>8.0</velocity>
      <orientation>0.994144239521165</orientation>
      <time>85</time>
    </ksState>
    <ksState>
      <x>143.79720057542423</x>
      <y>721.3964110706397</y>
      <steeringAngle>0.14213333333333336</steeringAngle>
      <velocity>8.0</velocity>
      <orientation>1.0441790510699134</orientation>
      <time>86</time>
    </ksState>
    <ksState>
      <x>144.13689847403867</x>
      <y>722.1228074136951</y>
      <steeringAngle>0.1066000000000001</steeringAngle>
      <velocity>8.0</velocity>
      <orientation>1.0829629030769108</orientation>
      <time>87</time>
    </ksState>
    <ksState>
      <x>144.4664215291237</x>
      <y>722.8528604189312</y>
      <steeringAngle>0.07106666666666674</steeringAngle>
      <velocity>8.0</velocity>
      <orientation>1.1105953821065977</orientation>
      <time>88</time>
    </ksState>
    <ksState>
      <x>144.7939291397574</x>
      <y>723.583143414697</y>
      <steeringAngle>0.035533333333333354</steeringAngle>
      <velocity>8.0</velocity>
      <orientation>1.1271469027356271</orientation>
      <time>89</time>
    </ksState>
    <ksState>
      <x>145.12756886978238</x>
      <y>724.3102994061073</y>
      <steeringAngle>2.0816681711721685e-17</steeringAngle>
      <velocity>8.0</velocity>
      <orientation>1.132659429194032</orientation>
      <time>90</time>
    </ksState>
    <ksState>
      <x>145.47539411355928</x>
      <y>725.030761601481</y>
      <steeringAngle>-0.03553333333333333</steeringAngle>
      <velocity>8.0</velocity>
      <orientation>1.127146894191193</orientation>
      <time>91</time>
    </ksState>
    <ksState>
      <x>145.84526942122042</x>
      <y>725.7404779749867</y>
      <steeringAngle>-0.07106666666666667</steeringAngle>
      <velocity>8.0</velocity>
      <orientation>1.1105953733109235</orientation>
      <time>92</time>
    </ksState>
    <ksState>
      <x>146.24474744873785</x>
      <y>726.4346419816547</y>
      <steeringAngle>-0.10659999999999997</steeringAngle>
      <velocity>8.0</velocity>
      <orientation>1.0829628940202287</orientation>
      <time>93</time>
    </ksState>
    <ksState>
      <x>146.68090179470536</x>
      <y>727.1074353975317</y>
      <steeringAngle>-0.1421333333333333</steeringAngle>
      <velocity>8.0</velocity>
      <orientation>1.0441790417474937</orientation>
      <time>94</time>
    </ksState>
    <ksState>
      <x>147.16009989546836</x>
      <y>727.7517913062193</y>
      <steeringAngle>-0.17766666666666667</steeringAngle>
      <velocity>8.0</velocity>
      <orientation>0.994144229498339</orientation>
      <time>95</time>
    </ksState>
    <ksState>
      <x>147.64594241429253</x>
      <y>728.3401198188895</y>
      <steeringAngle>-0.1421333333333334</steeringAngle>
      <velocity>7.2</velocity>
      <orientation>0.9465169077527021</orientation>
      <time>96</time>
    </ksState>
    <ksState>
      <x>148.09059148840532</x>
      <y>728.8567509232976</y>
      <steeringAngle>-0.10660000000000011</steeringAngle>
      <velocity>6.4</velocity>
      <orientation>0.9134573373047341</orientation>
      <time>97</time>
    </ksState>
    <ksState>
      <x>148.48569794410986</x>
      <y>729.3092767184801</y>
      <steeringAngle>-0.07106666666666674</steeringAngle>
      <velocity>5.600000000000001</velocity>
      <orientation>0.8926403890108456</orientation>
      <time>98</time>
    </ksState>
    <ksState>
      <x>148.82632446176424</x>
      <y>729.7024926946498</y>
      <steeringAngle>-0.03553333333333339</steeringAngle>
      <velocity>4.800000000000001</velocity>
      <orientation>0.8817897793531828</orientation>
      <time>99</time>
    </ksState>
  </ksTrajectory>
</CommonRoadSolution>
