<?xml version="1.0" ?>
<CommonRoadSolution benchmark_id="KS2:SM1:ESP_Ceuta-8_1_T-1:2020a" computation_time="1.4281766859994605" date="2023-01-12T15:00:04">
  <ksTrajectory planningProblem="1">
    <ksState>
      <x>834.71996</x>
      <y>-582.24189</y>
      <steeringAngle>0.0</steeringAngle>
      <velocity>4.0</velocity>
      <orientation>0.83834906</orientation>
      <time>0</time>
    </ksState>
    <ksState>
      <x>834.9906216374396</x>
      <y>-581.9473461308351</y>
      <steeringAngle>-0.035533333333333326</steeringAngle>
      <velocity>4.0</velocity>
      <orientation>0.8355927854673996</orientation>
      <time>1</time>
    </ksState>
    <ksState>
      <x>835.2687052501643</x>
      <y>-581.6595912508074</y>
      <steeringAngle>-0.07106666666666711</steeringAngle>
      <velocity>4.0</velocity>
      <orientation>0.8273170249241142</orientation>
      <time>2</time>
    </ksState>
    <ksState>
      <x>835.5557136906061</x>
      <y>-581.3803016212099</y>
      <steeringAngle>-0.10660000000000043</steeringAngle>
      <velocity>4.0</velocity>
      <orientation>0.8135007851049774</orientation>
      <time>3</time>
    </ksState>
    <ksState>
      <x>835.8530278490042</x>
      <y>-581.1113218548237</y>
      <steeringAngle>-0.14213333333333378</steeringAngle>
      <velocity>4.0</velocity>
      <orientation>0.7941088587194315</orientation>
      <time>4</time>
    </ksState>
    <ksState>
      <x>836.1618739528931</x>
      <y>-580.8546916021476</y>
      <steeringAngle>-0.1776666666666672</steeringAngle>
      <velocity>4.0</velocity>
      <orientation>0.7690914522680341</orientation>
      <time>5</time>
    </ksState>
    <ksState>
      <x>836.4507190896173</x>
      <y>-580.6363261016775</y>
      <steeringAngle>-0.21319999999999997</steeringAngle>
      <velocity>3.2</velocity>
      <orientation>0.7415499067045994</orientation>
      <time>6</time>
    </ksState>
    <ksState>
      <x>836.6836202542069</x>
      <y>-580.4767775291493</y>
      <steeringAngle>-0.24873333333333342</steeringAngle>
      <velocity>2.4000000000000004</velocity>
      <orientation>0.71611167631795</orientation>
      <time>7</time>
    </ksState>
    <ksState>
      <x>836.8552767007136</x>
      <y>-580.3698727417622</y>
      <steeringAngle>-0.2842666666666668</steeringAngle>
      <velocity>1.600000000000001</velocity>
      <orientation>0.6950367765273703</orientation>
      <time>8</time>
    </ksState>
    <ksState>
      <x>836.9609842255607</x>
      <y>-580.3095024794426</y>
      <steeringAngle>-0.3197999999999999</steeringAngle>
      <velocity>0.8000000000000007</velocity>
      <orientation>0.6806383492266659</orientation>
      <time>9</time>
    </ksState>
    <ksState>
      <x>836.9969037081883</x>
      <y>-580.2903317572413</y>
      <steeringAngle>-0.3553333333333332</steeringAngle>
      <velocity>5.551115123125783e-16</velocity>
      <orientation>0.6752967075909365</orientation>
      <time>10</time>
    </ksState>
    <ksState>
      <x>836.9969037081883</x>
      <y>-580.2903317572413</y>
      <steeringAngle>-0.3198</steeringAngle>
      <velocity>0.0</velocity>
      <orientation>0.6752967075909365</orientation>
      <time>11</time>
    </ksState>
    <ksState>
      <x>836.9969037081883</x>
      <y>-580.2903317572413</y>
      <steeringAngle>-0.2842666666666666</steeringAngle>
      <velocity>0.0</velocity>
      <orientation>0.6752967075909365</orientation>
      <time>12</time>
    </ksState>
    <ksState>
      <x>836.9969037081883</x>
      <y>-580.2903317572413</y>
      <steeringAngle>-0.24873333333333333</steeringAngle>
      <velocity>0.0</velocity>
      <orientation>0.6752967075909365</orientation>
      <time>13</time>
    </ksState>
    <ksState>
      <x>836.9969037081883</x>
      <y>-580.2903317572413</y>
      <steeringAngle>-0.21320000000000003</steeringAngle>
      <velocity>0.0</velocity>
      <orientation>0.6752967075909365</orientation>
      <time>14</time>
    </ksState>
    <ksState>
      <x>836.9969037081883</x>
      <y>-580.2903317572413</y>
      <steeringAngle>-0.1776666666666667</steeringAngle>
      <velocity>0.0</velocity>
      <orientation>0.6752967075909365</orientation>
      <time>15</time>
    </ksState>
    <ksState>
      <x>837.0302935405963</x>
      <y>-580.2680413876939</y>
      <steeringAngle>-0.14213333333333333</steeringAngle>
      <velocity>0.8</velocity>
      <orientation>0.672889210380134</orientation>
      <time>16</time>
    </ksState>
    <ksState>
      <x>837.1294176850661</x>
      <y>-580.1999168141735</y>
      <steeringAngle>-0.10660000000000001</steeringAngle>
      <velocity>1.6</velocity>
      <orientation>0.6671649237597994</orientation>
      <time>17</time>
    </ksState>
    <ksState>
      <x>837.2929561261329</x>
      <y>-580.0843748844228</y>
      <steeringAngle>-0.07106666666666664</steeringAngle>
      <velocity>2.4000000000000004</velocity>
      <orientation>0.6603494099968207</orientation>
      <time>18</time>
    </ksState>
    <ksState>
      <x>837.5195940647424</x>
      <y>-579.9197471953776</y>
      <steeringAngle>-0.03553333333333332</steeringAngle>
      <velocity>3.1999999999999993</velocity>
      <orientation>0.654648489283891</orientation>
      <time>19</time>
    </ksState>
    <ksState>
      <x>837.8075862269061</x>
      <y>-579.7037078253541</y>
      <steeringAngle>2.6020852139652106e-18</steeringAngle>
      <velocity>3.999999999999999</velocity>
      <orientation>0.652259737695564</orientation>
      <time>20</time>
    </ksState>
    <ksState>
      <x>838.0936833397501</x>
      <y>-579.485193658119</y>
      <steeringAngle>0.0</steeringAngle>
      <velocity>3.2</velocity>
      <orientation>0.652259737695564</orientation>
      <time>21</time>
    </ksState>
    <ksState>
      <x>838.3162033161441</x>
      <y>-579.3152381949145</y>
      <steeringAngle>0.0</steeringAngle>
      <velocity>2.4000000000000004</velocity>
      <orientation>0.652259737695564</orientation>
      <time>22</time>
    </ksState>
    <ksState>
      <x>838.475146156169</x>
      <y>-579.1938414356786</y>
      <steeringAngle>0.0</steeringAngle>
      <velocity>1.6</velocity>
      <orientation>0.652259737695564</orientation>
      <time>23</time>
    </ksState>
    <ksState>
      <x>838.5705118598571</x>
      <y>-579.1210033803866</y>
      <steeringAngle>0.0</steeringAngle>
      <velocity>0.7999999999999998</velocity>
      <orientation>0.652259737695564</orientation>
      <time>24</time>
    </ksState>
    <ksState>
      <x>838.6023004272505</x>
      <y>-579.0967240290065</y>
      <steeringAngle>0.0</steeringAngle>
      <velocity>-3.3306690738754696e-16</velocity>
      <orientation>0.652259737695564</orientation>
      <time>25</time>
    </ksState>
    <ksState>
      <x>838.6023004272505</x>
      <y>-579.0967240290065</y>
      <steeringAngle>0.0</steeringAngle>
      <velocity>0.0</velocity>
      <orientation>0.652259737695564</orientation>
      <time>26</time>
    </ksState>
    <ksState>
      <x>838.6023004272505</x>
      <y>-579.0967240290065</y>
      <steeringAngle>0.0</steeringAngle>
      <velocity>0.0</velocity>
      <orientation>0.652259737695564</orientation>
      <time>27</time>
    </ksState>
    <ksState>
      <x>838.6023004272505</x>
      <y>-579.0967240290065</y>
      <steeringAngle>0.0</steeringAngle>
      <velocity>0.0</velocity>
      <orientation>0.652259737695564</orientation>
      <time>28</time>
    </ksState>
    <ksState>
      <x>838.6023004272505</x>
      <y>-579.0967240290065</y>
      <steeringAngle>0.0</steeringAngle>
      <velocity>0.0</velocity>
      <orientation>0.652259737695564</orientation>
      <time>29</time>
    </ksState>
    <ksState>
      <x>838.6023004272505</x>
      <y>-579.0967240290065</y>
      <steeringAngle>0.0</steeringAngle>
      <velocity>0.0</velocity>
      <orientation>0.652259737695564</orientation>
      <time>30</time>
    </ksState>
    <ksState>
      <x>838.6023004272505</x>
      <y>-579.0967240290065</y>
      <steeringAngle>0.0</steeringAngle>
      <velocity>0.0</velocity>
      <orientation>0.652259737695564</orientation>
      <time>31</time>
    </ksState>
    <ksState>
      <x>838.6023004272505</x>
      <y>-579.0967240290065</y>
      <steeringAngle>0.0</steeringAngle>
      <velocity>0.0</velocity>
      <orientation>0.652259737695564</orientation>
      <time>32</time>
    </ksState>
    <ksState>
      <x>838.6023004272505</x>
      <y>-579.0967240290065</y>
      <steeringAngle>0.0</steeringAngle>
      <velocity>0.0</velocity>
      <orientation>0.652259737695564</orientation>
      <time>33</time>
    </ksState>
  </ksTrajectory>
</CommonRoadSolution>
