<?xml version="1.0" ?>
<CommonRoadSolution benchmark_id="KS2:SM1:DEU_Flensburg-10_1_T-1:2020a" computation_time="1.5753567629999452" date="2023-01-12T15:00:04">
  <ksTrajectory planningProblem="123">
    <ksState>
      <x>468.16094</x>
      <y>-289.38148</y>
      <steeringAngle>0.0</steeringAngle>
      <velocity>12.0</velocity>
      <orientation>-1.7320547</orientation>
      <time>0</time>
    </ksState>
    <ksState>
      <x>467.96826754339196</x>
      <y>-290.56591122403313</y>
      <steeringAngle>0.0</steeringAngle>
      <velocity>12.0</velocity>
      <orientation>-1.7320547</orientation>
      <time>1</time>
    </ksState>
    <ksState>
      <x>467.7755950867839</x>
      <y>-291.75034244806625</y>
      <steeringAngle>0.0</steeringAngle>
      <velocity>12.0</velocity>
      <orientation>-1.7320547</orientation>
      <time>2</time>
    </ksState>
    <ksState>
      <x>467.58292263017586</x>
      <y>-292.9347736720994</y>
      <steeringAngle>0.0</steeringAngle>
      <velocity>12.0</velocity>
      <orientation>-1.7320547</orientation>
      <time>3</time>
    </ksState>
    <ksState>
      <x>467.3902501735678</x>
      <y>-294.11920489613254</y>
      <steeringAngle>0.0</steeringAngle>
      <velocity>12.0</velocity>
      <orientation>-1.7320547</orientation>
      <time>4</time>
    </ksState>
    <ksState>
      <x>467.19757771695976</x>
      <y>-295.30363612016566</y>
      <steeringAngle>0.0</steeringAngle>
      <velocity>12.0</velocity>
      <orientation>-1.7320547</orientation>
      <time>5</time>
    </ksState>
    <ksState>
      <x>467.00490526035173</x>
      <y>-296.4880673441988</y>
      <steeringAngle>0.0</steeringAngle>
      <velocity>12.0</velocity>
      <orientation>-1.7320547</orientation>
      <time>6</time>
    </ksState>
    <ksState>
      <x>466.81223280374365</x>
      <y>-297.6724985682319</y>
      <steeringAngle>0.0</steeringAngle>
      <velocity>12.0</velocity>
      <orientation>-1.7320547</orientation>
      <time>7</time>
    </ksState>
    <ksState>
      <x>466.61956034713563</x>
      <y>-298.8569297922651</y>
      <steeringAngle>0.0</steeringAngle>
      <velocity>12.0</velocity>
      <orientation>-1.7320547</orientation>
      <time>8</time>
    </ksState>
    <ksState>
      <x>466.42688789052755</x>
      <y>-300.0413610162982</y>
      <steeringAngle>0.0</steeringAngle>
      <velocity>12.0</velocity>
      <orientation>-1.7320547</orientation>
      <time>9</time>
    </ksState>
    <ksState>
      <x>466.23421543391953</x>
      <y>-301.2257922403313</y>
      <steeringAngle>0.0</steeringAngle>
      <velocity>12.0</velocity>
      <orientation>-1.7320547</orientation>
      <time>10</time>
    </ksState>
    <ksState>
      <x>466.0415429773115</x>
      <y>-302.41022346436444</y>
      <steeringAngle>0.0</steeringAngle>
      <velocity>12.0</velocity>
      <orientation>-1.7320547</orientation>
      <time>11</time>
    </ksState>
    <ksState>
      <x>465.84887052070343</x>
      <y>-303.59465468839755</y>
      <steeringAngle>0.0</steeringAngle>
      <velocity>12.0</velocity>
      <orientation>-1.7320547</orientation>
      <time>12</time>
    </ksState>
    <ksState>
      <x>465.6561980640954</x>
      <y>-304.77908591243073</y>
      <steeringAngle>0.0</steeringAngle>
      <velocity>12.0</velocity>
      <orientation>-1.7320547</orientation>
      <time>13</time>
    </ksState>
    <ksState>
      <x>465.4635256074873</x>
      <y>-305.96351713646385</y>
      <steeringAngle>0.0</steeringAngle>
      <velocity>12.0</velocity>
      <orientation>-1.7320547</orientation>
      <time>14</time>
    </ksState>
    <ksState>
      <x>465.2708531508793</x>
      <y>-307.14794836049697</y>
      <steeringAngle>0.0</steeringAngle>
      <velocity>12.0</velocity>
      <orientation>-1.7320547</orientation>
      <time>15</time>
    </ksState>
    <ksState>
      <x>465.0781806942713</x>
      <y>-308.3323795845301</y>
      <steeringAngle>0.0</steeringAngle>
      <velocity>12.0</velocity>
      <orientation>-1.7320547</orientation>
      <time>16</time>
    </ksState>
    <ksState>
      <x>464.8855082376632</x>
      <y>-309.5168108085632</y>
      <steeringAngle>0.0</steeringAngle>
      <velocity>12.0</velocity>
      <orientation>-1.7320547</orientation>
      <time>17</time>
    </ksState>
    <ksState>
      <x>464.6928357810552</x>
      <y>-310.7012420325964</y>
      <steeringAngle>0.0</steeringAngle>
      <velocity>12.0</velocity>
      <orientation>-1.7320547</orientation>
      <time>18</time>
    </ksState>
    <ksState>
      <x>464.5001633244471</x>
      <y>-311.8856732566295</y>
      <steeringAngle>0.0</steeringAngle>
      <velocity>12.0</velocity>
      <orientation>-1.7320547</orientation>
      <time>19</time>
    </ksState>
    <ksState>
      <x>464.3074908678391</x>
      <y>-313.0701044806626</y>
      <steeringAngle>0.0</steeringAngle>
      <velocity>12.0</velocity>
      <orientation>-1.7320547</orientation>
      <time>20</time>
    </ksState>
    <ksState>
      <x>464.11481841123106</x>
      <y>-314.25453570469574</y>
      <steeringAngle>0.0</steeringAngle>
      <velocity>12.0</velocity>
      <orientation>-1.7320547</orientation>
      <time>21</time>
    </ksState>
    <ksState>
      <x>463.922145954623</x>
      <y>-315.43896692872886</y>
      <steeringAngle>0.0</steeringAngle>
      <velocity>12.0</velocity>
      <orientation>-1.7320547</orientation>
      <time>22</time>
    </ksState>
    <ksState>
      <x>463.72947349801495</x>
      <y>-316.62339815276204</y>
      <steeringAngle>0.0</steeringAngle>
      <velocity>12.0</velocity>
      <orientation>-1.7320547</orientation>
      <time>23</time>
    </ksState>
    <ksState>
      <x>463.5368010414069</x>
      <y>-317.80782937679515</y>
      <steeringAngle>0.0</steeringAngle>
      <velocity>12.0</velocity>
      <orientation>-1.7320547</orientation>
      <time>24</time>
    </ksState>
    <ksState>
      <x>463.34412858479885</x>
      <y>-318.9922606008283</y>
      <steeringAngle>0.0</steeringAngle>
      <velocity>12.0</velocity>
      <orientation>-1.7320547</orientation>
      <time>25</time>
    </ksState>
    <ksState>
      <x>463.15145612819083</x>
      <y>-320.1766918248614</y>
      <steeringAngle>0.0</steeringAngle>
      <velocity>12.0</velocity>
      <orientation>-1.7320547</orientation>
      <time>26</time>
    </ksState>
    <ksState>
      <x>462.95878367158275</x>
      <y>-321.3611230488945</y>
      <steeringAngle>0.0</steeringAngle>
      <velocity>12.0</velocity>
      <orientation>-1.7320547</orientation>
      <time>27</time>
    </ksState>
    <ksState>
      <x>462.7661112149747</x>
      <y>-322.5455542729277</y>
      <steeringAngle>0.0</steeringAngle>
      <velocity>12.0</velocity>
      <orientation>-1.7320547</orientation>
      <time>28</time>
    </ksState>
    <ksState>
      <x>462.57343875836665</x>
      <y>-323.7299854969608</y>
      <steeringAngle>0.0</steeringAngle>
      <velocity>12.0</velocity>
      <orientation>-1.7320547</orientation>
      <time>29</time>
    </ksState>
    <ksState>
      <x>462.3807663017586</x>
      <y>-324.9144167209939</y>
      <steeringAngle>0.0</steeringAngle>
      <velocity>12.0</velocity>
      <orientation>-1.7320547</orientation>
      <time>30</time>
    </ksState>
    <ksState>
      <x>462.1945162604493</x>
      <y>-326.05936690374375</y>
      <steeringAngle>0.0</steeringAngle>
      <velocity>11.200000000000001</velocity>
      <orientation>-1.7320547</orientation>
      <time>31</time>
    </ksState>
    <ksState>
      <x>462.0211110496529</x>
      <y>-327.12535500444625</y>
      <steeringAngle>0.0</steeringAngle>
      <velocity>10.4</velocity>
      <orientation>-1.7320547</orientation>
      <time>32</time>
    </ksState>
    <ksState>
      <x>461.8605506693197</x>
      <y>-328.1123810234071</y>
      <steeringAngle>0.0</steeringAngle>
      <velocity>9.599999999999998</velocity>
      <orientation>-1.7320547</orientation>
      <time>33</time>
    </ksState>
    <ksState>
      <x>461.7128351194356</x>
      <y>-329.0204449607133</y>
      <steeringAngle>0.0</steeringAngle>
      <velocity>8.799999999999999</velocity>
      <orientation>-1.7320547</orientation>
      <time>34</time>
    </ksState>
    <ksState>
      <x>461.57796439999595</x>
      <y>-329.8495468163931</y>
      <steeringAngle>0.0</steeringAngle>
      <velocity>7.999999999999997</velocity>
      <orientation>-1.7320547</orientation>
      <time>35</time>
    </ksState>
    <ksState>
      <x>461.44744170858894</x>
      <y>-330.59828331578666</y>
      <steeringAngle>-0.03553333333333333</steeringAngle>
      <velocity>7.199999999999999</velocity>
      <orientation>-1.7371997129824923</orientation>
      <time>36</time>
    </ksState>
    <ksState>
      <x>461.3110638457676</x>
      <y>-331.26474243182065</y>
      <steeringAngle>-0.07106666666666664</steeringAngle>
      <velocity>6.400000000000001</velocity>
      <orientation>-1.7511763851034554</orientation>
      <time>37</time>
    </ksState>
    <ksState>
      <x>461.16892869268656</x>
      <y>-331.84837070233596</y>
      <steeringAngle>-0.10659999999999997</steeringAngle>
      <velocity>5.600000000000004</velocity>
      <orientation>-1.7718081529693368</orientation>
      <time>38</time>
    </ksState>
    <ksState>
      <x>461.024104867859</x>
      <y>-332.349036398587</y>
      <steeringAngle>-0.1421333333333333</steeringAngle>
      <velocity>4.800000000000003</velocity>
      <orientation>-1.796924360477985</orientation>
      <time>39</time>
    </ksState>
    <ksState>
      <x>460.88190850960103</x>
      <y>-332.7672141136308</y>
      <steeringAngle>-0.17766666666666653</steeringAngle>
      <velocity>4.000000000000006</velocity>
      <orientation>-1.8243492570631348</orientation>
      <time>40</time>
    </ksState>
    <ksState>
      <x>460.7491749826627</x>
      <y>-333.1041069981376</y>
      <steeringAngle>-0.21319999999999997</steeringAngle>
      <velocity>3.2</velocity>
      <orientation>-1.8518908026265695</orientation>
      <time>41</time>
    </ksState>
    <ksState>
      <x>460.6335388839131</x>
      <y>-333.3616472709666</y>
      <steeringAngle>-0.24873333333333342</steeringAngle>
      <velocity>2.4000000000000004</velocity>
      <orientation>-1.8773290330132189</orientation>
      <time>42</time>
    </ksState>
    <ksState>
      <x>460.5427412333554</x>
      <y>-333.5423413656317</y>
      <steeringAngle>-0.2842666666666668</steeringAngle>
      <velocity>1.600000000000001</velocity>
      <orientation>-1.8984039328037987</orientation>
      <time>43</time>
    </ksState>
    <ksState>
      <x>460.4839806186474</x>
      <y>-333.6489520571264</y>
      <steeringAngle>-0.3197999999999999</steeringAngle>
      <velocity>0.8000000000000007</velocity>
      <orientation>-1.912802360104503</orientation>
      <time>44</time>
    </ksState>
    <ksState>
      <x>460.46331380544206</x>
      <y>-333.68403208925145</y>
      <steeringAngle>-0.3553333333333332</steeringAngle>
      <velocity>5.551115123125783e-16</velocity>
      <orientation>-1.9181440017402323</orientation>
      <time>45</time>
    </ksState>
    <ksState>
      <x>460.46331380544206</x>
      <y>-333.68403208925145</y>
      <steeringAngle>-0.3198</steeringAngle>
      <velocity>0.0</velocity>
      <orientation>-1.9181440017402323</orientation>
      <time>46</time>
    </ksState>
    <ksState>
      <x>460.46331380544206</x>
      <y>-333.68403208925145</y>
      <steeringAngle>-0.2842666666666666</steeringAngle>
      <velocity>0.0</velocity>
      <orientation>-1.9181440017402323</orientation>
      <time>47</time>
    </ksState>
    <ksState>
      <x>460.46331380544206</x>
      <y>-333.68403208925145</y>
      <steeringAngle>-0.24873333333333333</steeringAngle>
      <velocity>0.0</velocity>
      <orientation>-1.9181440017402323</orientation>
      <time>48</time>
    </ksState>
    <ksState>
      <x>460.46331380544206</x>
      <y>-333.68403208925145</y>
      <steeringAngle>-0.21320000000000003</steeringAngle>
      <velocity>0.0</velocity>
      <orientation>-1.9181440017402323</orientation>
      <time>49</time>
    </ksState>
    <ksState>
      <x>460.46331380544206</x>
      <y>-333.68403208925145</y>
      <steeringAngle>-0.1776666666666667</steeringAngle>
      <velocity>0.0</velocity>
      <orientation>-1.9181440017402323</orientation>
      <time>50</time>
    </ksState>
    <ksState>
      <x>460.46331380544206</x>
      <y>-333.68403208925145</y>
      <steeringAngle>-0.14213333333333336</steeringAngle>
      <velocity>0.0</velocity>
      <orientation>-1.9181440017402323</orientation>
      <time>51</time>
    </ksState>
    <ksState>
      <x>460.46331380544206</x>
      <y>-333.68403208925145</y>
      <steeringAngle>-0.10660000000000001</steeringAngle>
      <velocity>0.0</velocity>
      <orientation>-1.9181440017402323</orientation>
      <time>52</time>
    </ksState>
    <ksState>
      <x>460.46331380544206</x>
      <y>-333.68403208925145</y>
      <steeringAngle>-0.07106666666666668</steeringAngle>
      <velocity>0.0</velocity>
      <orientation>-1.9181440017402323</orientation>
      <time>53</time>
    </ksState>
    <ksState>
      <x>460.46331380544206</x>
      <y>-333.68403208925145</y>
      <steeringAngle>-0.03553333333333333</steeringAngle>
      <velocity>0.0</velocity>
      <orientation>-1.9181440017402323</orientation>
      <time>54</time>
    </ksState>
    <ksState>
      <x>460.46331380544206</x>
      <y>-333.68403208925145</y>
      <steeringAngle>-0.0</steeringAngle>
      <velocity>0.0</velocity>
      <orientation>-1.9181440017402323</orientation>
      <time>55</time>
    </ksState>
    <ksState>
      <x>460.4501948377464</x>
      <y>-333.7218231545077</y>
      <steeringAngle>0.03553333333333333</steeringAngle>
      <velocity>0.8</velocity>
      <orientation>-1.9177764699619904</orientation>
      <time>56</time>
    </ksState>
    <ksState>
      <x>460.4129643433135</x>
      <y>-333.83595984108445</y>
      <steeringAngle>0.0710666666666667</steeringAngle>
      <velocity>1.6</velocity>
      <orientation>-1.9152016233700047</orientation>
      <time>57</time>
    </ksState>
    <ksState>
      <x>460.3554400125886</x>
      <y>-334.02776462127025</y>
      <steeringAngle>0.10660000000000003</steeringAngle>
      <velocity>2.4000000000000004</velocity>
      <orientation>-1.9082009191331675</orientation>
      <time>58</time>
    </ksState>
    <ksState>
      <x>460.28286359327114</x>
      <y>-334.29888453158696</y>
      <steeringAngle>0.14213333333333342</steeringAngle>
      <velocity>3.2000000000000015</velocity>
      <orientation>-1.8945332781923472</orientation>
      <time>59</time>
    </ksState>
    <ksState>
      <x>460.20267604255105</x>
      <y>-334.65128959162627</y>
      <steeringAngle>0.17766666666666683</steeringAngle>
      <velocity>4.0000000000000036</velocity>
      <orientation>-1.8719233623191271</orientation>
      <time>60</time>
    </ksState>
    <ksState>
      <x>460.12312814429987</x>
      <y>-335.0449188195008</y>
      <steeringAngle>0.1421333333333333</steeringAngle>
      <velocity>4.0</velocity>
      <orientation>-1.846905955974604</orientation>
      <time>61</time>
    </ksState>
    <ksState>
      <x>460.0446159711481</x>
      <y>-335.43811374882966</y>
      <steeringAngle>0.10659999999999999</steeringAngle>
      <velocity>4.0</velocity>
      <orientation>-1.8275140296838532</orientation>
      <time>62</time>
    </ksState>
    <ksState>
      <x>459.9649547046213</x>
      <y>-335.830599651239</y>
      <steeringAngle>0.07106666666666664</steeringAngle>
      <velocity>4.0</velocity>
      <orientation>-1.8136977899489004</orientation>
      <time>63</time>
    </ksState>
    <ksState>
      <x>459.8819734220063</x>
      <y>-336.2220790886807</y>
      <steeringAngle>0.03553333333333332</steeringAngle>
      <velocity>4.0</velocity>
      <orientation>-1.805422029486635</orientation>
      <time>64</time>
    </ksState>
    <ksState>
      <x>459.79351210159825</x>
      <y>-336.6121961235679</y>
      <steeringAngle>-2.2985086056692694e-17</steeringAngle>
      <velocity>4.0</velocity>
      <orientation>-1.8026657661917946</orientation>
      <time>65</time>
    </ksState>
    <ksState>
      <x>459.70720453436735</x>
      <y>-336.9617121869464</y>
      <steeringAngle>-0.03553333333333333</steeringAngle>
      <velocity>3.2</velocity>
      <orientation>-1.8050545145715873</orientation>
      <time>66</time>
    </ksState>
    <ksState>
      <x>459.6336380834541</x>
      <y>-337.23199368946507</y>
      <steeringAngle>-0.07106666666666668</steeringAngle>
      <velocity>2.4</velocity>
      <orientation>-1.8107554295773838</orientation>
      <time>67</time>
    </ksState>
    <ksState>
      <x>459.57607758655837</x>
      <y>-337.4237742079503</y>
      <steeringAngle>-0.10660000000000003</steeringAngle>
      <velocity>1.5999999999999994</velocity>
      <orientation>-1.8175709633221153</orientation>
      <time>68</time>
    </ksState>
    <ksState>
      <x>459.53855571191343</x>
      <y>-337.53804637306183</y>
      <steeringAngle>-0.14213333333333342</steeringAngle>
      <velocity>0.7999999999999988</velocity>
      <orientation>-1.823295224808595</orientation>
      <time>69</time>
    </ksState>
    <ksState>
      <x>459.52520202576903</x>
      <y>-337.5759066406991</y>
      <steeringAngle>-0.17766666666666675</steeringAngle>
      <velocity>-1.5265566588595902e-15</velocity>
      <orientation>-1.8257027192831508</orientation>
      <time>70</time>
    </ksState>
    <ksState>
      <x>459.52520202576903</x>
      <y>-337.5759066406991</y>
      <steeringAngle>-0.14213333333333336</steeringAngle>
      <velocity>0.0</velocity>
      <orientation>-1.8257027192831508</orientation>
      <time>71</time>
    </ksState>
    <ksState>
      <x>459.52520202576903</x>
      <y>-337.5759066406991</y>
      <steeringAngle>-0.10660000000000001</steeringAngle>
      <velocity>0.0</velocity>
      <orientation>-1.8257027192831508</orientation>
      <time>72</time>
    </ksState>
    <ksState>
      <x>459.52520202576903</x>
      <y>-337.5759066406991</y>
      <steeringAngle>-0.07106666666666668</steeringAngle>
      <velocity>0.0</velocity>
      <orientation>-1.8257027192831508</orientation>
      <time>73</time>
    </ksState>
    <ksState>
      <x>459.52520202576903</x>
      <y>-337.5759066406991</y>
      <steeringAngle>-0.03553333333333333</steeringAngle>
      <velocity>0.0</velocity>
      <orientation>-1.8257027192831508</orientation>
      <time>74</time>
    </ksState>
    <ksState>
      <x>459.52520202576903</x>
      <y>-337.5759066406991</y>
      <steeringAngle>-0.0</steeringAngle>
      <velocity>0.0</velocity>
      <orientation>-1.8257027192831508</orientation>
      <time>75</time>
    </ksState>
    <ksState>
      <x>459.5156275526947</x>
      <y>-337.61474735892045</y>
      <steeringAngle>0.03553333333333333</steeringAngle>
      <velocity>0.8</velocity>
      <orientation>-1.8253351875049089</orientation>
      <time>76</time>
    </ksState>
    <ksState>
      <x>459.4890919406903</x>
      <y>-337.73183345644696</y>
      <steeringAngle>0.0710666666666667</steeringAngle>
      <velocity>1.6</velocity>
      <orientation>-1.8227603409129232</orientation>
      <time>77</time>
    </ksState>
    <ksState>
      <x>459.44951865698056</x>
      <y>-337.92812934928196</y>
      <steeringAngle>0.10660000000000003</steeringAngle>
      <velocity>2.4000000000000004</velocity>
      <orientation>-1.815759636676086</orientation>
      <time>78</time>
    </ksState>
    <ksState>
      <x>459.4022791062337</x>
      <y>-338.2047911776146</y>
      <steeringAngle>0.14213333333333342</steeringAngle>
      <velocity>3.2000000000000015</velocity>
      <orientation>-1.8020919957352657</orientation>
      <time>79</time>
    </ksState>
    <ksState>
      <x>459.3549643272103</x>
      <y>-338.56309367735156</y>
      <steeringAngle>0.17766666666666683</steeringAngle>
      <velocity>4.0000000000000036</velocity>
      <orientation>-1.7794820798620457</orientation>
      <time>80</time>
    </ksState>
    <ksState>
      <x>459.3082220069568</x>
      <y>-339.0023465608453</y>
      <steeringAngle>0.14213333333333333</steeringAngle>
      <velocity>4.8000000000000025</velocity>
      <orientation>-1.7520571801436933</orientation>
      <time>81</time>
    </ksState>
    <ksState>
      <x>459.2564499232618</x>
      <y>-339.52100323699295</y>
      <steeringAngle>0.10660000000000003</steeringAngle>
      <velocity>5.600000000000005</velocity>
      <orientation>-1.7269409678647754</orientation>
      <time>82</time>
    </ksState>
    <ksState>
      <x>459.19871695960956</x>
      <y>-340.11894984108665</y>
      <steeringAngle>0.07106666666666671</steeringAngle>
      <velocity>6.400000000000004</velocity>
      <orientation>-1.7063091982653158</orientation>
      <time>83</time>
    </ksState>
    <ksState>
      <x>459.13180979029676</x>
      <y>-340.7959523746296</y>
      <steeringAngle>0.035533333333333375</steeringAngle>
      <velocity>7.200000000000006</velocity>
      <orientation>-1.6923325301725236</orientation>
      <time>84</time>
    </ksState>
    <ksState>
      <x>459.04953717247633</x>
      <y>-341.55152709150445</y>
      <steeringAngle>2.6346112791397758e-17</steeringAngle>
      <velocity>8.000000000000007</velocity>
      <orientation>-1.6871875173929551</orientation>
      <time>85</time>
    </ksState>
    <ksState>
      <x>458.94738747728667</x>
      <y>-342.3450090477856</y>
      <steeringAngle>-0.03553333333333333</steeringAngle>
      <velocity>8.0</velocity>
      <orientation>-1.692700052395794</orientation>
      <time>86</time>
    </ksState>
    <ksState>
      <x>458.8209211431422</x>
      <y>-343.135269346907</y>
      <steeringAngle>-0.07106666666666667</steeringAngle>
      <velocity>8.0</velocity>
      <orientation>-1.7092515732760636</orientation>
      <time>87</time>
    </ksState>
    <ksState>
      <x>458.66145313901455</x>
      <y>-343.92013641736065</y>
      <steeringAngle>-0.10659999999999997</steeringAngle>
      <velocity>8.0</velocity>
      <orientation>-1.7368840525667584</orientation>
      <time>88</time>
    </ksState>
    <ksState>
      <x>458.4604329920107</x>
      <y>-344.69632743409056</y>
      <steeringAngle>-0.1421333333333333</steeringAngle>
      <velocity>8.0</velocity>
      <orientation>-1.7756679048394934</orientation>
      <time>89</time>
    </ksState>
    <ksState>
      <x>458.20958528917095</x>
      <y>-345.45915165159767</y>
      <steeringAngle>-0.17766666666666667</steeringAngle>
      <velocity>8.0</velocity>
      <orientation>-1.8257027170886482</orientation>
      <time>90</time>
    </ksState>
    <ksState>
      <x>457.917763079381</x>
      <y>-346.1655709875601</y>
      <steeringAngle>-0.21320000000000014</steeringAngle>
      <velocity>7.200000000000003</velocity>
      <orientation>-1.883952044160141</orientation>
      <time>91</time>
    </ksState>
    <ksState>
      <x>457.60600703761554</x>
      <y>-346.7760784452656</y>
      <steeringAngle>-0.24873333333333347</steeringAngle>
      <velocity>6.400000000000004</velocity>
      <orientation>-1.9458691316459205</orientation>
      <time>92</time>
    </ksState>
    <ksState>
      <x>457.28620493458874</x>
      <y>-347.291505453889</y>
      <steeringAngle>-0.2842666666666668</steeringAngle>
      <velocity>5.600000000000001</velocity>
      <orientation>-2.0092912744098417</orientation>
      <time>93</time>
    </ksState>
    <ksState>
      <x>456.97154981831363</x>
      <y>-347.71483159770577</y>
      <steeringAngle>-0.3198</steeringAngle>
      <velocity>4.800000000000002</velocity>
      <orientation>-2.072020374151794</orientation>
      <time>94</time>
    </ksState>
    <ksState>
      <x>456.6756038370536</x>
      <y>-348.05120888141454</y>
      <steeringAngle>-0.3553333333333332</steeringAngle>
      <velocity>4.000000000000001</velocity>
      <orientation>-2.131810208200009</orientation>
      <time>95</time>
    </ksState>
    <ksState>
      <x>456.418303563906</x>
      <y>-348.31250163091397</y>
      <steeringAngle>-0.31979999999999975</steeringAngle>
      <velocity>3.2</velocity>
      <orientation>-2.1809167682577972</orientation>
      <time>96</time>
    </ksState>
    <ksState>
      <x>456.21484196495214</x>
      <y>-348.5108339027345</y>
      <steeringAngle>-0.2842666666666663</steeringAngle>
      <velocity>2.4000000000000004</velocity>
      <orientation>-2.2148490236240117</orientation>
      <time>97</time>
    </ksState>
    <ksState>
      <x>456.0690164372901</x>
      <y>-348.6510204713373</y>
      <steeringAngle>-0.24873333333333292</steeringAngle>
      <velocity>1.6000000000000008</velocity>
      <orientation>-2.2361213445709502</orientation>
      <time>98</time>
    </ksState>
    <ksState>
      <x>455.98210196430466</x>
      <y>-348.7352403696319</y>
      <steeringAngle>-0.21319999999999967</steeringAngle>
      <velocity>0.8000000000000008</velocity>
      <orientation>-2.2471619353120054</orientation>
      <time>99</time>
    </ksState>
  </ksTrajectory>
</CommonRoadSolution>
