<?xml version="1.0" ?>
<CommonRoadSolution benchmark_id="KS2:SM1:DEU_Rheinbach-5_3_T-1:2020a" computation_time="1.7995137979996798" date="2023-01-12T15:00:04">
  <ksTrajectory planningProblem="1">
    <ksState>
      <x>-412.42293</x>
      <y>768.11268</y>
      <steeringAngle>0.0</steeringAngle>
      <velocity>12.0</velocity>
      <orientation>2.9443345</orientation>
      <time>0</time>
    </ksState>
    <ksState>
      <x>-413.56043483178246</x>
      <y>768.3400184185263</y>
      <steeringAngle>0.0</steeringAngle>
      <velocity>11.200000000000001</velocity>
      <orientation>2.9443345</orientation>
      <time>1</time>
    </ksState>
    <ksState>
      <x>-414.6194910540013</x>
      <y>768.5516783253352</y>
      <steeringAngle>0.0</steeringAngle>
      <velocity>10.4</velocity>
      <orientation>2.9443345</orientation>
      <time>2</time>
    </ksState>
    <ksState>
      <x>-415.6000986669601</x>
      <y>768.7476597204871</y>
      <steeringAngle>0.0</steeringAngle>
      <velocity>9.599999999999998</velocity>
      <orientation>2.9443345</orientation>
      <time>3</time>
    </ksState>
    <ksState>
      <x>-416.5022576707452</x>
      <y>768.9279626039997</y>
      <steeringAngle>0.0</steeringAngle>
      <velocity>8.799999999999999</velocity>
      <orientation>2.9443345</orientation>
      <time>4</time>
    </ksState>
    <ksState>
      <x>-417.32596806538487</x>
      <y>769.0925869758784</y>
      <steeringAngle>0.0</steeringAngle>
      <velocity>7.999999999999997</velocity>
      <orientation>2.9443345</orientation>
      <time>5</time>
    </ksState>
    <ksState>
      <x>-418.0695216684767</x>
      <y>769.2499736266002</y>
      <steeringAngle>-0.03553333333333333</steeringAngle>
      <velocity>7.199999999999999</velocity>
      <orientation>2.939189487017508</orientation>
      <time>6</time>
    </ksState>
    <ksState>
      <x>-418.7306404581862</x>
      <y>769.4102503270454</y>
      <steeringAngle>-0.07106666666666664</steeringAngle>
      <velocity>6.400000000000001</velocity>
      <orientation>2.9252128148965446</orientation>
      <time>7</time>
    </ksState>
    <ksState>
      <x>-419.30877485389357</x>
      <y>769.5732993392659</y>
      <steeringAngle>-0.10659999999999997</steeringAngle>
      <velocity>5.600000000000004</velocity>
      <orientation>2.904581047030663</orientation>
      <time>8</time>
    </ksState>
    <ksState>
      <x>-419.8039036579362</x>
      <y>769.7360492917929</y>
      <steeringAngle>-0.1421333333333333</steeringAngle>
      <velocity>4.800000000000003</velocity>
      <orientation>2.879464839522015</orientation>
      <time>9</time>
    </ksState>
    <ksState>
      <x>-420.2166924943488</x>
      <y>769.8932045723094</y>
      <steeringAngle>-0.17766666666666653</steeringAngle>
      <velocity>4.000000000000006</velocity>
      <orientation>2.852039942936865</orientation>
      <time>10</time>
    </ksState>
    <ksState>
      <x>-420.5485897527361</x>
      <y>770.0379775486543</y>
      <steeringAngle>-0.21319999999999997</steeringAngle>
      <velocity>3.2</velocity>
      <orientation>2.8244983973734303</orientation>
      <time>11</time>
    </ksState>
    <ksState>
      <x>-420.8018011844791</x>
      <y>770.1628081150136</y>
      <steeringAngle>-0.24873333333333342</steeringAngle>
      <velocity>2.4000000000000004</velocity>
      <orientation>2.7990601669867807</orientation>
      <time>12</time>
    </ksState>
    <ksState>
      <x>-420.97911021394856</x>
      <y>770.2600504785298</y>
      <steeringAngle>-0.2842666666666668</steeringAngle>
      <velocity>1.600000000000001</velocity>
      <orientation>2.7779852671962013</orientation>
      <time>13</time>
    </ksState>
    <ksState>
      <x>-421.0835369176783</x>
      <y>770.3226101534806</y>
      <steeringAngle>-0.3197999999999999</steeringAngle>
      <velocity>0.8000000000000007</velocity>
      <orientation>2.763586839895497</orientation>
      <time>14</time>
    </ksState>
    <ksState>
      <x>-421.11785038062993</x>
      <y>770.3445261768934</y>
      <steeringAngle>-0.3553333333333332</steeringAngle>
      <velocity>5.551115123125783e-16</velocity>
      <orientation>2.7582451982597673</orientation>
      <time>15</time>
    </ksState>
    <ksState>
      <x>-421.11785038062993</x>
      <y>770.3445261768934</y>
      <steeringAngle>-0.3198</steeringAngle>
      <velocity>0.0</velocity>
      <orientation>2.7582451982597673</orientation>
      <time>16</time>
    </ksState>
    <ksState>
      <x>-421.11785038062993</x>
      <y>770.3445261768934</y>
      <steeringAngle>-0.2842666666666666</steeringAngle>
      <velocity>0.0</velocity>
      <orientation>2.7582451982597673</orientation>
      <time>17</time>
    </ksState>
    <ksState>
      <x>-421.11785038062993</x>
      <y>770.3445261768934</y>
      <steeringAngle>-0.24873333333333333</steeringAngle>
      <velocity>0.0</velocity>
      <orientation>2.7582451982597673</orientation>
      <time>18</time>
    </ksState>
    <ksState>
      <x>-421.11785038062993</x>
      <y>770.3445261768934</y>
      <steeringAngle>-0.21320000000000003</steeringAngle>
      <velocity>0.0</velocity>
      <orientation>2.7582451982597673</orientation>
      <time>19</time>
    </ksState>
    <ksState>
      <x>-421.11785038062993</x>
      <y>770.3445261768934</y>
      <steeringAngle>-0.1776666666666667</steeringAngle>
      <velocity>0.0</velocity>
      <orientation>2.7582451982597673</orientation>
      <time>20</time>
    </ksState>
    <ksState>
      <x>-421.11785038062993</x>
      <y>770.3445261768934</y>
      <steeringAngle>-0.14213333333333336</steeringAngle>
      <velocity>0.0</velocity>
      <orientation>2.7582451982597673</orientation>
      <time>21</time>
    </ksState>
    <ksState>
      <x>-421.11785038062993</x>
      <y>770.3445261768934</y>
      <steeringAngle>-0.10660000000000001</steeringAngle>
      <velocity>0.0</velocity>
      <orientation>2.7582451982597673</orientation>
      <time>22</time>
    </ksState>
    <ksState>
      <x>-421.11785038062993</x>
      <y>770.3445261768934</y>
      <steeringAngle>-0.07106666666666668</steeringAngle>
      <velocity>0.0</velocity>
      <orientation>2.7582451982597673</orientation>
      <time>23</time>
    </ksState>
    <ksState>
      <x>-421.11785038062993</x>
      <y>770.3445261768934</y>
      <steeringAngle>-0.03553333333333333</steeringAngle>
      <velocity>0.0</velocity>
      <orientation>2.7582451982597673</orientation>
      <time>24</time>
    </ksState>
    <ksState>
      <x>-421.11785038062993</x>
      <y>770.3445261768934</y>
      <steeringAngle>-0.0</steeringAngle>
      <velocity>0.0</velocity>
      <orientation>2.7582451982597673</orientation>
      <time>25</time>
    </ksState>
    <ksState>
      <x>-421.11785038062993</x>
      <y>770.3445261768934</y>
      <steeringAngle>0.0</steeringAngle>
      <velocity>0.0</velocity>
      <orientation>2.7582451982597673</orientation>
      <time>26</time>
    </ksState>
    <ksState>
      <x>-421.11785038062993</x>
      <y>770.3445261768934</y>
      <steeringAngle>0.0</steeringAngle>
      <velocity>0.0</velocity>
      <orientation>2.7582451982597673</orientation>
      <time>27</time>
    </ksState>
    <ksState>
      <x>-421.11785038062993</x>
      <y>770.3445261768934</y>
      <steeringAngle>0.0</steeringAngle>
      <velocity>0.0</velocity>
      <orientation>2.7582451982597673</orientation>
      <time>28</time>
    </ksState>
    <ksState>
      <x>-421.11785038062993</x>
      <y>770.3445261768934</y>
      <steeringAngle>0.0</steeringAngle>
      <velocity>0.0</velocity>
      <orientation>2.7582451982597673</orientation>
      <time>29</time>
    </ksState>
    <ksState>
      <x>-421.11785038062993</x>
      <y>770.3445261768934</y>
      <steeringAngle>0.0</steeringAngle>
      <velocity>0.0</velocity>
      <orientation>2.7582451982597673</orientation>
      <time>30</time>
    </ksState>
    <ksState>
      <x>-421.11785038062993</x>
      <y>770.3445261768934</y>
      <steeringAngle>0.0</steeringAngle>
      <velocity>0.0</velocity>
      <orientation>2.7582451982597673</orientation>
      <time>31</time>
    </ksState>
    <ksState>
      <x>-421.11785038062993</x>
      <y>770.3445261768934</y>
      <steeringAngle>0.0</steeringAngle>
      <velocity>0.0</velocity>
      <orientation>2.7582451982597673</orientation>
      <time>32</time>
    </ksState>
    <ksState>
      <x>-421.11785038062993</x>
      <y>770.3445261768934</y>
      <steeringAngle>0.0</steeringAngle>
      <velocity>0.0</velocity>
      <orientation>2.7582451982597673</orientation>
      <time>33</time>
    </ksState>
  </ksTrajectory>
</CommonRoadSolution>
