<?xml version="1.0" ?>
<CommonRoadSolution benchmark_id="KS2:SM1:GRC_Perama-4_3_T-1:2020a" computation_time="2.965412649999962" date="2023-01-12T15:00:04">
  <ksTrajectory planningProblem="1">
    <ksState>
      <x>-162.58377</x>
      <y>-735.50537</y>
      <steeringAngle>0.0</steeringAngle>
      <velocity>8.0</velocity>
      <orientation>2.5631539</orientation>
      <time>0</time>
    </ksState>
    <ksState>
      <x>-163.2586949907345</x>
      <y>-735.0758069288997</y>
      <steeringAngle>0.03553333333333333</steeringAngle>
      <velocity>8.0</velocity>
      <orientation>2.568666435002839</orientation>
      <time>1</time>
    </ksState>
    <ksState>
      <x>-163.9467140702101</x>
      <y>-734.666985671726</y>
      <steeringAngle>0.07106666666666667</steeringAngle>
      <velocity>8.0</velocity>
      <orientation>2.5852179558831083</orientation>
      <time>2</time>
    </ksState>
    <ksState>
      <x>-164.65171975139103</x>
      <y>-734.286968103546</y>
      <steeringAngle>0.10659999999999997</steeringAngle>
      <velocity>8.0</velocity>
      <orientation>2.6128504351738036</orientation>
      <time>3</time>
    </ksState>
    <ksState>
      <x>-165.3766647723418</x>
      <y>-733.9444242223391</y>
      <steeringAngle>0.1421333333333333</steeringAngle>
      <velocity>8.0</velocity>
      <orientation>2.651634287446538</orientation>
      <time>4</time>
    </ksState>
    <ksState>
      <x>-166.1232442508624</x>
      <y>-733.6487141631811</y>
      <steeringAngle>0.17766666666666667</steeringAngle>
      <velocity>8.0</velocity>
      <orientation>2.701669099695693</orientation>
      <time>5</time>
    </ksState>
    <ksState>
      <x>-166.88428688282895</x>
      <y>-733.3920935445831</y>
      <steeringAngle>0.14213333333333336</steeringAngle>
      <velocity>8.0</velocity>
      <orientation>2.7517039112444412</orientation>
      <time>6</time>
    </ksState>
    <ksState>
      <x>-167.6502057331304</x>
      <y>-733.1545759151737</y>
      <steeringAngle>0.1066000000000001</steeringAngle>
      <velocity>8.0</velocity>
      <orientation>2.7904877632514387</orientation>
      <time>7</time>
    </ksState>
    <ksState>
      <x>-168.418360257908</x>
      <y>-732.9276365833019</y>
      <steeringAngle>0.07106666666666674</steeringAngle>
      <velocity>8.0</velocity>
      <orientation>2.818120242281126</orientation>
      <time>8</time>
    </ksState>
    <ksState>
      <x>-169.18646791580747</x>
      <y>-732.7027252345355</y>
      <steeringAngle>0.035533333333333354</steeringAngle>
      <velocity>8.0</velocity>
      <orientation>2.8346717629101548</orientation>
      <time>9</time>
    </ksState>
    <ksState>
      <x>-169.95231357878416</x>
      <y>-732.4713127763684</y>
      <steeringAngle>2.0816681711721685e-17</steeringAngle>
      <velocity>8.0</velocity>
      <orientation>2.8401842893685596</orientation>
      <time>10</time>
    </ksState>
    <ksState>
      <x>-170.71346144441264</x>
      <y>-732.2249348109978</y>
      <steeringAngle>-0.03553333333333333</steeringAngle>
      <velocity>8.0</velocity>
      <orientation>2.8346717543657207</orientation>
      <time>11</time>
    </ksState>
    <ksState>
      <x>-171.46696926468863</x>
      <y>-731.9552478835756</y>
      <steeringAngle>-0.07106666666666667</steeringAngle>
      <velocity>8.0</velocity>
      <orientation>2.8181202334854514</orientation>
      <time>12</time>
    </ksState>
    <ksState>
      <x>-172.20910480215676</x>
      <y>-731.654114679412</y>
      <steeringAngle>-0.10659999999999997</steeringAngle>
      <velocity>8.0</velocity>
      <orientation>2.790487754194756</orientation>
      <time>13</time>
    </ksState>
    <ksState>
      <x>-172.93506828525088</x>
      <y>-731.3137345754584</y>
      <steeringAngle>-0.1421333333333333</steeringAngle>
      <velocity>8.0</velocity>
      <orientation>2.7517039019220215</orientation>
      <time>14</time>
    </ksState>
    <ksState>
      <x>-173.63872665177536</x>
      <y>-730.9268363200274</y>
      <steeringAngle>-0.17766666666666667</steeringAngle>
      <velocity>8.0</velocity>
      <orientation>2.701669089672867</orientation>
      <time>15</time>
    </ksState>
    <ksState>
      <x>-174.2794049835211</x>
      <y>-730.5100393003888</y>
      <steeringAngle>-0.21320000000000014</steeringAngle>
      <velocity>7.200000000000003</velocity>
      <orientation>2.643419762601374</orientation>
      <time>16</time>
    </ksState>
    <ksState>
      <x>-174.82214126047853</x>
      <y>-730.0912929342364</y>
      <steeringAngle>-0.24873333333333347</steeringAngle>
      <velocity>6.400000000000004</velocity>
      <orientation>2.5815026751155945</orientation>
      <time>17</time>
    </ksState>
    <ksState>
      <x>-175.26993963678302</x>
      <y>-729.6821291522397</y>
      <steeringAngle>-0.2842666666666668</steeringAngle>
      <velocity>5.600000000000001</velocity>
      <orientation>2.5180805323516733</orientation>
      <time>18</time>
    </ksState>
    <ksState>
      <x>-175.62815588257232</x>
      <y>-729.2949677033719</y>
      <steeringAngle>-0.3198</steeringAngle>
      <velocity>4.800000000000002</velocity>
      <orientation>2.4553514326097208</orientation>
      <time>19</time>
    </ksState>
    <ksState>
      <x>-175.90434901284885</x>
      <y>-728.9421914915785</y>
      <steeringAngle>-0.3553333333333332</steeringAngle>
      <velocity>4.000000000000001</velocity>
      <orientation>2.395561598561506</orientation>
      <time>20</time>
    </ksState>
    <ksState>
      <x>-176.1586196629495</x>
      <y>-728.5731861669473</y>
      <steeringAngle>-0.31979999999999975</steeringAngle>
      <velocity>4.800000000000001</velocity>
      <orientation>2.3357717635297575</orientation>
      <time>21</time>
    </ksState>
    <ksState>
      <x>-176.440201563097</x>
      <y>-728.1270405396</y>
      <steeringAngle>-0.28426666666666645</steeringAngle>
      <velocity>5.600000000000004</velocity>
      <orientation>2.2730426633984337</orientation>
      <time>22</time>
    </ksState>
    <ksState>
      <x>-176.74195087268865</x>
      <y>-727.6006890903926</y>
      <steeringAngle>-0.2487333333333331</steeringAngle>
      <velocity>6.400000000000004</velocity>
      <orientation>2.209620526705758</orientation>
      <time>23</time>
    </ksState>
    <ksState>
      <x>-177.05748938284756</x>
      <y>-726.9919659483759</y>
      <steeringAngle>-0.21319999999999992</steeringAngle>
      <velocity>7.200000000000004</velocity>
      <orientation>2.147703438027959</orientation>
      <time>24</time>
    </ksState>
    <ksState>
      <x>-177.38191329318872</x>
      <y>-726.2997478576353</y>
      <steeringAngle>-0.17766666666666656</steeringAngle>
      <velocity>8.000000000000004</velocity>
      <orientation>2.0894541084269935</orientation>
      <time>25</time>
    </ksState>
    <ksState>
      <x>-177.68905214210596</x>
      <y>-725.5569297976544</y>
      <steeringAngle>-0.17766666666666667</steeringAngle>
      <velocity>8.0</velocity>
      <orientation>2.0337531321164817</orientation>
      <time>26</time>
    </ksState>
    <ksState>
      <x>-177.95436036877962</x>
      <y>-724.7981646516316</y>
      <steeringAngle>-0.17766666666666667</steeringAngle>
      <velocity>8.0</velocity>
      <orientation>1.97805215580597</orientation>
      <time>27</time>
    </ksState>
    <ksState>
      <x>-178.177015024194</x>
      <y>-724.0258059851959</y>
      <steeringAngle>-0.17766666666666667</steeringAngle>
      <velocity>8.0</velocity>
      <orientation>1.9223511794954584</orientation>
      <time>28</time>
    </ksState>
    <ksState>
      <x>-178.35632547892436</x>
      <y>-723.2422494977744</y>
      <steeringAngle>-0.17766666666666667</steeringAngle>
      <velocity>8.0</velocity>
      <orientation>1.8666502031849466</orientation>
      <time>29</time>
    </ksState>
    <ksState>
      <x>-178.4917355481072</x>
      <y>-722.4499256214352</y>
      <steeringAngle>-0.17766666666666667</steeringAngle>
      <velocity>8.0</velocity>
      <orientation>1.8109492268744347</orientation>
      <time>30</time>
    </ksState>
    <ksState>
      <x>-178.58801960407956</x>
      <y>-721.6930222111617</y>
      <steeringAngle>-0.1421333333333334</steeringAngle>
      <velocity>7.2</velocity>
      <orientation>1.7633219051287978</orientation>
      <time>31</time>
    </ksState>
    <ksState>
      <x>-178.66023807142562</x>
      <y>-721.0152280018876</y>
      <steeringAngle>-0.10660000000000011</steeringAngle>
      <velocity>6.4</velocity>
      <orientation>1.73026233468083</orientation>
      <time>32</time>
    </ksState>
    <ksState>
      <x>-178.71964076293466</x>
      <y>-720.41743202759</y>
      <steeringAngle>-0.07106666666666674</steeringAngle>
      <velocity>5.600000000000001</velocity>
      <orientation>1.7094453863869414</orientation>
      <time>33</time>
    </ksState>
  </ksTrajectory>
</CommonRoadSolution>
