<?xml version="1.0" ?>
<CommonRoadSolution benchmark_id="KS2:SM1:DEU_Flensburg-20_1_T-1:2020a" computation_time="2.0148553529998026" date="2023-01-12T15:00:04">
  <ksTrajectory planningProblem="123">
    <ksState>
      <x>45.699165</x>
      <y>232.52175</y>
      <steeringAngle>0.0</steeringAngle>
      <velocity>4.0</velocity>
      <orientation>-0.7929685</orientation>
      <time>0</time>
    </ksState>
    <ksState>
      <x>46.00442487232477</x>
      <y>232.20483673143463</y>
      <steeringAngle>-0.035533333333333326</steeringAngle>
      <velocity>4.799999999999999</velocity>
      <orientation>-0.7960922786691907</orientation>
      <time>1</time>
    </ksState>
    <ksState>
      <x>46.35527709232358</x>
      <y>231.82074202296718</y>
      <steeringAngle>-0.07106666666666667</steeringAngle>
      <velocity>5.599999999999998</velocity>
      <orientation>-0.8069428897303635</orientation>
      <time>2</time>
    </ksState>
    <ksState>
      <x>46.74446628255213</x>
      <y>231.36317108369994</y>
      <steeringAngle>-0.10659999999999999</steeringAngle>
      <velocity>6.3999999999999995</velocity>
      <orientation>-0.8277598387306916</orientation>
      <time>3</time>
    </ksState>
    <ksState>
      <x>47.16139020676862</x>
      <y>230.82401104480402</y>
      <steeringAngle>-0.14213333333333333</steeringAngle>
      <velocity>7.199999999999999</velocity>
      <orientation>-0.8608194097118567</orientation>
      <time>4</time>
    </ksState>
    <ksState>
      <x>47.590966491697465</x>
      <y>230.19357211061578</y>
      <steeringAngle>-0.17766666666666664</steeringAngle>
      <velocity>7.9999999999999964</velocity>
      <orientation>-0.9084467317934033</orientation>
      <time>5</time>
    </ksState>
    <ksState>
      <x>47.974390208453016</x>
      <y>229.5323802067198</y>
      <steeringAngle>-0.21320000000000014</steeringAngle>
      <velocity>7.200000000000003</velocity>
      <orientation>-0.9666960588648962</orientation>
      <time>6</time>
    </ksState>
    <ksState>
      <x>48.26954621841542</x>
      <y>228.91367663046182</y>
      <steeringAngle>-0.24873333333333347</steeringAngle>
      <velocity>6.400000000000004</velocity>
      <orientation>-1.0286131463506756</orientation>
      <time>7</time>
    </ksState>
    <ksState>
      <x>48.484322400011784</x>
      <y>228.34639400413016</y>
      <steeringAngle>-0.2842666666666668</steeringAngle>
      <velocity>5.600000000000001</velocity>
      <orientation>-1.0920352891145966</orientation>
      <time>8</time>
    </ksState>
    <ksState>
      <x>48.629105739792145</x>
      <y>227.83919517649068</y>
      <steeringAngle>-0.3198</steeringAngle>
      <velocity>4.800000000000002</velocity>
      <orientation>-1.1547643888565493</orientation>
      <time>9</time>
    </ksState>
    <ksState>
      <x>48.71623240095223</x>
      <y>227.39971520455296</y>
      <steeringAngle>-0.3553333333333332</steeringAngle>
      <velocity>4.000000000000001</velocity>
      <orientation>-1.2145542229047641</orientation>
      <time>10</time>
    </ksState>
    <ksState>
      <x>48.762642567832295</x>
      <y>226.9932414449559</y>
      <steeringAngle>-0.39086666666666653</steeringAngle>
      <velocity>4.0</velocity>
      <orientation>-1.2752745892107513</orientation>
      <time>11</time>
    </ksState>
    <ksState>
      <x>48.774128204999684</x>
      <y>226.582272876218</y>
      <steeringAngle>-0.42639999999999995</steeringAngle>
      <velocity>4.0</velocity>
      <orientation>-1.342444202667155</orientation>
      <time>12</time>
    </ksState>
    <ksState>
      <x>48.7473582834123</x>
      <y>226.16973340012032</y>
      <steeringAngle>-0.4619333333333333</steeringAngle>
      <velocity>4.0</velocity>
      <orientation>-1.4162647862994988</orientation>
      <time>13</time>
    </ksState>
    <ksState>
      <x>48.679115692894065</x>
      <y>225.75939493044058</y>
      <steeringAngle>-0.49746666666666667</steeringAngle>
      <velocity>4.0</velocity>
      <orientation>-1.4969653281127193</orientation>
      <time>14</time>
    </ksState>
    <ksState>
      <x>48.56644177615732</x>
      <y>225.35597343370299</y>
      <steeringAngle>-0.533</steeringAngle>
      <velocity>4.0</velocity>
      <orientation>-1.584805194712528</orientation>
      <time>15</time>
    </ksState>
    <ksState>
      <x>48.406823762627496</x>
      <y>224.96521599398832</y>
      <steeringAngle>-0.5685333333333333</steeringAngle>
      <velocity>4.0</velocity>
      <orientation>-1.6800778343617577</orientation>
      <time>16</time>
    </ksState>
    <ksState>
      <x>48.19843230318279</x>
      <y>224.59396887748477</y>
      <steeringAngle>-0.6040666666666665</steeringAngle>
      <velocity>4.0</velocity>
      <orientation>-1.7831151875802205</orientation>
      <time>17</time>
    </ksState>
    <ksState>
      <x>47.94041580857125</x>
      <y>224.25021275575745</y>
      <steeringAngle>-0.6396</steeringAngle>
      <velocity>4.0</velocity>
      <orientation>-1.894292970355711</orientation>
      <time>18</time>
    </ksState>
    <ksState>
      <x>47.63325744356326</x>
      <y>223.94304608625808</y>
      <steeringAngle>-0.6751333333333333</steeringAngle>
      <velocity>4.0</velocity>
      <orientation>-2.0140370192356416</orientation>
      <time>19</time>
    </ksState>
    <ksState>
      <x>47.27919774759212</x>
      <y>223.68259147746608</y>
      <steeringAngle>-0.7106666666666664</steeringAngle>
      <velocity>4.0</velocity>
      <orientation>-2.142830956919952</orientation>
      <time>20</time>
    </ksState>
    <ksState>
      <x>46.93365035581531</x>
      <y>223.48927027539375</y>
      <steeringAngle>-0.6751333333333334</steeringAngle>
      <velocity>3.1999999999999984</velocity>
      <orientation>-2.258900699463166</orientation>
      <time>21</time>
    </ksState>
    <ksState>
      <x>46.657869901709795</x>
      <y>223.36044470787087</y>
      <steeringAngle>-0.6395999999999997</steeringAngle>
      <velocity>2.3999999999999986</velocity>
      <orientation>-2.3428681437837855</orientation>
      <time>22</time>
    </ksState>
    <ksState>
      <x>46.459143152309245</x>
      <y>223.27802648903898</y>
      <steeringAngle>-0.6040666666666666</steeringAngle>
      <velocity>1.5999999999999988</velocity>
      <orientation>-2.3985960920612537</orientation>
      <time>23</time>
    </ksState>
    <ksState>
      <x>46.3401397537948</x>
      <y>223.23123336547684</y>
      <steeringAngle>-0.5685333333333333</steeringAngle>
      <velocity>0.7999999999999987</velocity>
      <orientation>-2.429639693835</orientation>
      <time>24</time>
    </ksState>
    <ksState>
      <x>46.300806594164605</x>
      <y>223.21569039866867</y>
      <steeringAngle>-0.5330000000000004</steeringAngle>
      <velocity>-1.2212453270876722e-15</velocity>
      <orientation>-2.4392934756053353</orientation>
      <time>25</time>
    </ksState>
    <ksState>
      <x>46.300806594164605</x>
      <y>223.21569039866867</y>
      <steeringAngle>-0.49746666666666667</steeringAngle>
      <velocity>0.0</velocity>
      <orientation>-2.4392934756053353</orientation>
      <time>26</time>
    </ksState>
    <ksState>
      <x>46.300806594164605</x>
      <y>223.21569039866867</y>
      <steeringAngle>-0.4619333333333333</steeringAngle>
      <velocity>0.0</velocity>
      <orientation>-2.4392934756053353</orientation>
      <time>27</time>
    </ksState>
    <ksState>
      <x>46.300806594164605</x>
      <y>223.21569039866867</y>
      <steeringAngle>-0.42639999999999995</steeringAngle>
      <velocity>0.0</velocity>
      <orientation>-2.4392934756053353</orientation>
      <time>28</time>
    </ksState>
    <ksState>
      <x>46.300806594164605</x>
      <y>223.21569039866867</y>
      <steeringAngle>-0.3908666666666666</steeringAngle>
      <velocity>0.0</velocity>
      <orientation>-2.4392934756053353</orientation>
      <time>29</time>
    </ksState>
    <ksState>
      <x>46.300806594164605</x>
      <y>223.21569039866867</y>
      <steeringAngle>-0.3553333333333333</steeringAngle>
      <velocity>0.0</velocity>
      <orientation>-2.4392934756053353</orientation>
      <time>30</time>
    </ksState>
    <ksState>
      <x>46.300806594164605</x>
      <y>223.21569039866867</y>
      <steeringAngle>-0.3198</steeringAngle>
      <velocity>0.0</velocity>
      <orientation>-2.4392934756053353</orientation>
      <time>31</time>
    </ksState>
    <ksState>
      <x>46.300806594164605</x>
      <y>223.21569039866867</y>
      <steeringAngle>-0.2842666666666666</steeringAngle>
      <velocity>0.0</velocity>
      <orientation>-2.4392934756053353</orientation>
      <time>32</time>
    </ksState>
    <ksState>
      <x>46.300806594164605</x>
      <y>223.21569039866867</y>
      <steeringAngle>-0.24873333333333333</steeringAngle>
      <velocity>0.0</velocity>
      <orientation>-2.4392934756053353</orientation>
      <time>33</time>
    </ksState>
    <ksState>
      <x>46.300806594164605</x>
      <y>223.21569039866867</y>
      <steeringAngle>-0.21320000000000003</steeringAngle>
      <velocity>0.0</velocity>
      <orientation>-2.4392934756053353</orientation>
      <time>34</time>
    </ksState>
    <ksState>
      <x>46.300806594164605</x>
      <y>223.21569039866867</y>
      <steeringAngle>-0.1776666666666667</steeringAngle>
      <velocity>0.0</velocity>
      <orientation>-2.4392934756053353</orientation>
      <time>35</time>
    </ksState>
    <ksState>
      <x>46.268030755740924</x>
      <y>223.1925066565544</y>
      <steeringAngle>-0.14213333333333333</steeringAngle>
      <velocity>0.8</velocity>
      <orientation>-2.441700972816138</orientation>
      <time>36</time>
    </ksState>
    <ksState>
      <x>46.17078205468175</x>
      <y>223.12173064595416</y>
      <steeringAngle>-0.10660000000000001</steeringAngle>
      <velocity>1.6</velocity>
      <orientation>-2.4474252594364723</orientation>
      <time>37</time>
    </ksState>
    <ksState>
      <x>46.01042276907455</x>
      <y>223.00181543108695</y>
      <steeringAngle>-0.07106666666666664</steeringAngle>
      <velocity>2.4000000000000004</velocity>
      <orientation>-2.454240773199451</orientation>
      <time>38</time>
    </ksState>
    <ksState>
      <x>45.78831226420079</x>
      <y>222.83112871560425</y>
      <steeringAngle>-0.03553333333333332</steeringAngle>
      <velocity>3.1999999999999993</velocity>
      <orientation>-2.459941693912381</orientation>
      <time>39</time>
    </ksState>
    <ksState>
      <x>45.506257975818066</x>
      <y>222.60739254670725</y>
      <steeringAngle>2.6020852139652106e-18</steeringAngle>
      <velocity>3.999999999999999</velocity>
      <orientation>-2.4623304455007076</orientation>
      <time>40</time>
    </ksState>
    <ksState>
      <x>45.16701191653942</x>
      <y>222.3271609983255</y>
      <steeringAngle>0.035533333333333326</steeringAngle>
      <velocity>4.799999999999999</velocity>
      <orientation>-2.4592066668315167</orientation>
      <time>41</time>
    </ksState>
    <ksState>
      <x>44.77484542442321</x>
      <y>221.98535481375293</y>
      <steeringAngle>0.07106666666666667</steeringAngle>
      <velocity>5.599999999999998</velocity>
      <orientation>-2.448356055770344</orientation>
      <time>42</time>
    </ksState>
    <ksState>
      <x>44.336252808624636</x>
      <y>221.5748966458239</y>
      <steeringAngle>0.10659999999999999</steeringAngle>
      <velocity>6.3999999999999995</velocity>
      <orientation>-2.427539106770016</orientation>
      <time>43</time>
    </ksState>
    <ksState>
      <x>43.860847342704936</x>
      <y>221.08652307047407</y>
      <steeringAngle>0.14213333333333333</steeringAngle>
      <velocity>7.199999999999999</velocity>
      <orientation>-2.3944795357888506</orientation>
      <time>44</time>
    </ksState>
    <ksState>
      <x>43.36251458596032</x>
      <y>220.5088955972104</y>
      <steeringAngle>0.17766666666666664</steeringAngle>
      <velocity>7.9999999999999964</velocity>
      <orientation>-2.346852213707304</orientation>
      <time>45</time>
    </ksState>
    <ksState>
      <x>42.86923407433773</x>
      <y>219.87508618862321</y>
      <steeringAngle>0.14213333333333336</steeringAngle>
      <velocity>8.0</velocity>
      <orientation>-2.2968174021585557</orientation>
      <time>46</time>
    </ksState>
    <ksState>
      <x>42.39237913570792</x>
      <y>219.23037254906563</y>
      <steeringAngle>0.1066000000000001</steeringAngle>
      <velocity>8.0</velocity>
      <orientation>-2.2580335501515583</orientation>
      <time>47</time>
    </ksState>
    <ksState>
      <x>41.92477309470756</x>
      <y>218.5800592209639</y>
      <steeringAngle>0.07106666666666674</steeringAngle>
      <velocity>8.0</velocity>
      <orientation>-2.230401071121871</orientation>
      <time>48</time>
    </ksState>
    <ksState>
      <x>41.4590970041558</x>
      <y>217.92912123035637</y>
      <steeringAngle>0.035533333333333354</steeringAngle>
      <velocity>8.0</velocity>
      <orientation>-2.213849550492842</orientation>
      <time>49</time>
    </ksState>
    <ksState>
      <x>40.988029715669605</x>
      <y>217.28246296278888</y>
      <steeringAngle>2.0816681711721685e-17</steeringAngle>
      <velocity>8.0</velocity>
      <orientation>-2.2083370240344373</orientation>
      <time>50</time>
    </ksState>
    <ksState>
      <x>40.504383941959496</x>
      <y>216.6451757898885</y>
      <steeringAngle>-0.03553333333333333</steeringAngle>
      <velocity>8.0</velocity>
      <orientation>-2.213849559037276</orientation>
      <time>51</time>
    </ksState>
    <ksState>
      <x>40.00125361558433</x>
      <y>216.02278929523976</y>
      <steeringAngle>-0.07106666666666667</steeringAngle>
      <velocity>8.0</velocity>
      <orientation>-2.2304010799175455</orientation>
      <time>52</time>
    </ksState>
    <ksState>
      <x>39.47218784194186</x>
      <y>215.42151084910773</y>
      <steeringAngle>-0.10659999999999997</steeringAngle>
      <velocity>8.0</velocity>
      <orientation>-2.258033559208241</orientation>
      <time>53</time>
    </ksState>
    <ksState>
      <x>38.911405689625276</x>
      <y>214.84844456010023</y>
      <steeringAngle>-0.1421333333333333</steeringAngle>
      <velocity>8.0</velocity>
      <orientation>-2.2968174114809754</orientation>
      <time>54</time>
    </ksState>
    <ksState>
      <x>38.314065743982695</x>
      <y>214.31177860610737</y>
      <steeringAngle>-0.17766666666666667</steeringAngle>
      <velocity>8.0</velocity>
      <orientation>-2.34685222373013</orientation>
      <time>55</time>
    </ksState>
    <ksState>
      <x>37.68958315209364</x>
      <y>213.80674244701797</y>
      <steeringAngle>-0.14213333333333336</steeringAngle>
      <velocity>8.0</velocity>
      <orientation>-2.3968870352788785</orientation>
      <time>56</time>
    </ksState>
    <ksState>
      <x>37.053891346111506</x>
      <y>213.3179252651039</y>
      <steeringAngle>-0.1066000000000001</steeringAngle>
      <velocity>8.0</velocity>
      <orientation>-2.435670887285876</orientation>
      <time>57</time>
    </ksState>
    <ksState>
      <x>36.41242802764639</x>
      <y>212.83825074488158</y>
      <steeringAngle>-0.07106666666666674</steeringAngle>
      <velocity>8.0</velocity>
      <orientation>-2.463303366315563</orientation>
      <time>58</time>
    </ksState>
    <ksState>
      <x>35.77030409756704</x>
      <y>212.3604941673788</y>
      <steeringAngle>-0.035533333333333354</steeringAngle>
      <velocity>8.0</velocity>
      <orientation>-2.479854886944592</orientation>
      <time>59</time>
    </ksState>
    <ksState>
      <x>35.13255986970614</x>
      <y>211.87742729299677</y>
      <steeringAngle>-2.0816681711721685e-17</steeringAngle>
      <velocity>8.0</velocity>
      <orientation>-2.485367413402997</orientation>
      <time>60</time>
    </ksState>
    <ksState>
      <x>34.50442011035116</x>
      <y>211.38195921341094</y>
      <steeringAngle>0.03553333333333333</steeringAngle>
      <velocity>8.0</velocity>
      <orientation>-2.479854878400158</orientation>
      <time>61</time>
    </ksState>
    <ksState>
      <x>33.89154246709809</x>
      <y>210.86728837837157</y>
      <steeringAngle>0.07106666666666667</steeringAngle>
      <velocity>8.0</velocity>
      <orientation>-2.4633033575198886</orientation>
      <time>62</time>
    </ksState>
    <ksState>
      <x>33.300253751713534</x>
      <y>210.3270809944145</y>
      <steeringAngle>0.10659999999999997</steeringAngle>
      <velocity>8.0</velocity>
      <orientation>-2.4356708782291934</orientation>
      <time>63</time>
    </ksState>
    <ksState>
      <x>32.73776484055251</x>
      <y>209.75568986849942</y>
      <steeringAngle>0.1421333333333333</steeringAngle>
      <velocity>8.0</velocity>
      <orientation>-2.3968870259564587</orientation>
      <time>64</time>
    </ksState>
    <ksState>
      <x>32.21235293660719</x>
      <y>209.1484274145078</y>
      <steeringAngle>0.17766666666666667</steeringAngle>
      <velocity>8.0</velocity>
      <orientation>-2.346852213707304</orientation>
      <time>65</time>
    </ksState>
    <ksState>
      <x>31.719072424984603</x>
      <y>208.51461800592062</y>
      <steeringAngle>0.14213333333333336</steeringAngle>
      <velocity>8.0</velocity>
      <orientation>-2.2968174021585557</orientation>
      <time>66</time>
    </ksState>
    <ksState>
      <x>31.242217486354786</x>
      <y>207.86990436636304</y>
      <steeringAngle>0.1066000000000001</steeringAngle>
      <velocity>8.0</velocity>
      <orientation>-2.2580335501515583</orientation>
      <time>67</time>
    </ksState>
    <ksState>
      <x>30.774611445354427</x>
      <y>207.2195910382613</y>
      <steeringAngle>0.07106666666666674</steeringAngle>
      <velocity>8.0</velocity>
      <orientation>-2.230401071121871</orientation>
      <time>68</time>
    </ksState>
    <ksState>
      <x>30.30893535480267</x>
      <y>206.56865304765378</y>
      <steeringAngle>0.035533333333333354</steeringAngle>
      <velocity>8.0</velocity>
      <orientation>-2.213849550492842</orientation>
      <time>69</time>
    </ksState>
    <ksState>
      <x>29.83786806631647</x>
      <y>205.9219947800863</y>
      <steeringAngle>2.0816681711721685e-17</steeringAngle>
      <velocity>8.0</velocity>
      <orientation>-2.2083370240344373</orientation>
      <time>70</time>
    </ksState>
    <ksState>
      <x>29.35422229260637</x>
      <y>205.2847076071859</y>
      <steeringAngle>-0.03553333333333333</steeringAngle>
      <velocity>8.0</velocity>
      <orientation>-2.213849559037276</orientation>
      <time>71</time>
    </ksState>
    <ksState>
      <x>28.85109196623121</x>
      <y>204.66232111253717</y>
      <steeringAngle>-0.07106666666666667</steeringAngle>
      <velocity>8.0</velocity>
      <orientation>-2.2304010799175455</orientation>
      <time>72</time>
    </ksState>
    <ksState>
      <x>28.32202619258873</x>
      <y>204.06104266640514</y>
      <steeringAngle>-0.10659999999999997</steeringAngle>
      <velocity>8.0</velocity>
      <orientation>-2.258033559208241</orientation>
      <time>73</time>
    </ksState>
    <ksState>
      <x>27.76124404027215</x>
      <y>203.48797637739764</y>
      <steeringAngle>-0.1421333333333333</steeringAngle>
      <velocity>8.0</velocity>
      <orientation>-2.2968174114809754</orientation>
      <time>74</time>
    </ksState>
    <ksState>
      <x>27.163904094629565</x>
      <y>202.95131042340478</y>
      <steeringAngle>-0.17766666666666667</steeringAngle>
      <velocity>8.0</velocity>
      <orientation>-2.34685222373013</orientation>
      <time>75</time>
    </ksState>
    <ksState>
      <x>26.53942150274051</x>
      <y>202.44627426431538</y>
      <steeringAngle>-0.14213333333333336</steeringAngle>
      <velocity>8.0</velocity>
      <orientation>-2.3968870352788785</orientation>
      <time>76</time>
    </ksState>
    <ksState>
      <x>25.903729696758376</x>
      <y>201.9574570824013</y>
      <steeringAngle>-0.1066000000000001</steeringAngle>
      <velocity>8.0</velocity>
      <orientation>-2.435670887285876</orientation>
      <time>77</time>
    </ksState>
    <ksState>
      <x>25.262266378293265</x>
      <y>201.477782562179</y>
      <steeringAngle>-0.07106666666666674</steeringAngle>
      <velocity>8.0</velocity>
      <orientation>-2.463303366315563</orientation>
      <time>78</time>
    </ksState>
    <ksState>
      <x>24.620142448213915</x>
      <y>201.0000259846762</y>
      <steeringAngle>-0.035533333333333354</steeringAngle>
      <velocity>8.0</velocity>
      <orientation>-2.479854886944592</orientation>
      <time>79</time>
    </ksState>
    <ksState>
      <x>23.982398220353016</x>
      <y>200.51695911029418</y>
      <steeringAngle>-2.0816681711721685e-17</steeringAngle>
      <velocity>8.0</velocity>
      <orientation>-2.485367413402997</orientation>
      <time>80</time>
    </ksState>
    <ksState>
      <x>23.354258460998032</x>
      <y>200.02149103070835</y>
      <steeringAngle>0.03553333333333333</steeringAngle>
      <velocity>8.0</velocity>
      <orientation>-2.479854878400158</orientation>
      <time>81</time>
    </ksState>
    <ksState>
      <x>22.741380817744957</x>
      <y>199.50682019566898</y>
      <steeringAngle>0.07106666666666667</steeringAngle>
      <velocity>8.0</velocity>
      <orientation>-2.4633033575198886</orientation>
      <time>82</time>
    </ksState>
    <ksState>
      <x>22.150092102360407</x>
      <y>198.9666128117119</y>
      <steeringAngle>0.10659999999999997</steeringAngle>
      <velocity>8.0</velocity>
      <orientation>-2.4356708782291934</orientation>
      <time>83</time>
    </ksState>
    <ksState>
      <x>21.587603191199378</x>
      <y>198.39522168579683</y>
      <steeringAngle>0.1421333333333333</steeringAngle>
      <velocity>8.0</velocity>
      <orientation>-2.3968870259564587</orientation>
      <time>84</time>
    </ksState>
    <ksState>
      <x>21.06219128725406</x>
      <y>197.78795923180522</y>
      <steeringAngle>0.17766666666666667</steeringAngle>
      <velocity>8.0</velocity>
      <orientation>-2.346852213707304</orientation>
      <time>85</time>
    </ksState>
    <ksState>
      <x>20.56891077563148</x>
      <y>197.15414982321803</y>
      <steeringAngle>0.14213333333333336</steeringAngle>
      <velocity>8.0</velocity>
      <orientation>-2.2968174021585557</orientation>
      <time>86</time>
    </ksState>
    <ksState>
      <x>20.092055837001663</x>
      <y>196.50943618366045</y>
      <steeringAngle>0.1066000000000001</steeringAngle>
      <velocity>8.0</velocity>
      <orientation>-2.2580335501515583</orientation>
      <time>87</time>
    </ksState>
    <ksState>
      <x>19.6244497960013</x>
      <y>195.85912285555872</y>
      <steeringAngle>0.07106666666666674</steeringAngle>
      <velocity>8.0</velocity>
      <orientation>-2.230401071121871</orientation>
      <time>88</time>
    </ksState>
    <ksState>
      <x>19.158773705449544</x>
      <y>195.2081848649512</y>
      <steeringAngle>0.035533333333333354</steeringAngle>
      <velocity>8.0</velocity>
      <orientation>-2.213849550492842</orientation>
      <time>89</time>
    </ksState>
    <ksState>
      <x>18.687706416963344</x>
      <y>194.5615265973837</y>
      <steeringAngle>2.0816681711721685e-17</steeringAngle>
      <velocity>8.0</velocity>
      <orientation>-2.2083370240344373</orientation>
      <time>90</time>
    </ksState>
    <ksState>
      <x>18.204060643253243</x>
      <y>193.92423942448332</y>
      <steeringAngle>-0.03553333333333333</steeringAngle>
      <velocity>8.0</velocity>
      <orientation>-2.213849559037276</orientation>
      <time>91</time>
    </ksState>
    <ksState>
      <x>17.700930316878082</x>
      <y>193.30185292983458</y>
      <steeringAngle>-0.07106666666666667</steeringAngle>
      <velocity>8.0</velocity>
      <orientation>-2.2304010799175455</orientation>
      <time>92</time>
    </ksState>
    <ksState>
      <x>17.1718645432356</x>
      <y>192.70057448370255</y>
      <steeringAngle>-0.10659999999999997</steeringAngle>
      <velocity>8.0</velocity>
      <orientation>-2.258033559208241</orientation>
      <time>93</time>
    </ksState>
    <ksState>
      <x>16.611082390919023</x>
      <y>192.12750819469505</y>
      <steeringAngle>-0.1421333333333333</steeringAngle>
      <velocity>8.0</velocity>
      <orientation>-2.2968174114809754</orientation>
      <time>94</time>
    </ksState>
    <ksState>
      <x>16.013742445276435</x>
      <y>191.5908422407022</y>
      <steeringAngle>-0.17766666666666667</steeringAngle>
      <velocity>8.0</velocity>
      <orientation>-2.34685222373013</orientation>
      <time>95</time>
    </ksState>
    <ksState>
      <x>15.420987927300743</x>
      <y>191.11040965090666</y>
      <steeringAngle>-0.1421333333333334</steeringAngle>
      <velocity>7.2</velocity>
      <orientation>-2.3944795454757672</orientation>
      <time>96</time>
    </ksState>
    <ksState>
      <x>14.882812779409814</x>
      <y>190.692093971851</y>
      <steeringAngle>-0.10660000000000011</steeringAngle>
      <velocity>6.4</velocity>
      <orientation>-2.427539115923735</orientation>
      <time>97</time>
    </ksState>
    <ksState>
      <x>14.405896854392674</x>
      <y>190.3267996971764</y>
      <steeringAngle>-0.07106666666666674</steeringAngle>
      <velocity>5.600000000000001</velocity>
      <orientation>-2.4483560642176236</orientation>
      <time>98</time>
    </ksState>
    <ksState>
      <x>13.994129723583432</x>
      <y>190.00884835116634</y>
      <steeringAngle>-0.03553333333333339</steeringAngle>
      <velocity>4.800000000000001</velocity>
      <orientation>-2.4592066738752862</orientation>
      <time>99</time>
    </ksState>
  </ksTrajectory>
</CommonRoadSolution>
