<?xml version="1.0" ?>
<CommonRoadSolution benchmark_id="KS2:SM1:ESP_Ceuta-10_1_T-1:2020a" computation_time="1.5600195930001064" date="2023-01-12T15:00:04">
  <ksTrajectory planningProblem="1">
    <ksState>
      <x>-188.6829</x>
      <y>720.69979</y>
      <steeringAngle>0.0</steeringAngle>
      <velocity>0.0</velocity>
      <orientation>1.0440703</orientation>
      <time>0</time>
    </ksState>
    <ksState>
      <x>-188.66233470518134</x>
      <y>720.7341023968214</y>
      <steeringAngle>-0.03553333333333333</steeringAngle>
      <velocity>0.8</velocity>
      <orientation>1.0437027682217581</orientation>
      <time>1</time>
    </ksState>
    <ksState>
      <x>-188.59868872939091</x>
      <y>720.8358986772256</y>
      <steeringAngle>-0.0710666666666667</steeringAngle>
      <velocity>1.6</velocity>
      <orientation>1.0411279216297724</orientation>
      <time>2</time>
    </ksState>
    <ksState>
      <x>-188.48849796246543</x>
      <y>721.0030995062062</y>
      <steeringAngle>-0.10660000000000003</steeringAngle>
      <velocity>2.4000000000000004</velocity>
      <orientation>1.0341272173929352</orientation>
      <time>3</time>
    </ksState>
    <ksState>
      <x>-188.32713554158985</x>
      <y>721.2327416441955</y>
      <steeringAngle>-0.14213333333333342</steeringAngle>
      <velocity>3.2000000000000015</velocity>
      <orientation>1.020459576452115</orientation>
      <time>4</time>
    </ksState>
    <ksState>
      <x>-188.1083156429212</x>
      <y>721.5203824298613</y>
      <steeringAngle>-0.17766666666666683</steeringAngle>
      <velocity>4.0000000000000036</velocity>
      <orientation>0.9978496605788949</orientation>
      <time>5</time>
    </ksState>
    <ksState>
      <x>-187.8538267930297</x>
      <y>721.8315013481874</y>
      <steeringAngle>-0.17766666666666667</steeringAngle>
      <velocity>4.0</velocity>
      <orientation>0.969999172423639</orientation>
      <time>6</time>
    </ksState>
    <ksState>
      <x>-187.59077292252078</x>
      <y>722.1354129234263</y>
      <steeringAngle>-0.17766666666666667</steeringAngle>
      <velocity>4.0</velocity>
      <orientation>0.9421486842683832</orientation>
      <time>7</time>
    </ksState>
    <ksState>
      <x>-187.31935807210738</x>
      <y>722.4318814116557</y>
      <steeringAngle>-0.17766666666666667</steeringAngle>
      <velocity>4.0</velocity>
      <orientation>0.9142981961131272</orientation>
      <time>8</time>
    </ksState>
    <ksState>
      <x>-187.03979275140628</x>
      <y>722.720676871986</y>
      <steeringAngle>-0.17766666666666667</steeringAngle>
      <velocity>4.0</velocity>
      <orientation>0.8864477079578714</orientation>
      <time>9</time>
    </ksState>
    <ksState>
      <x>-186.75229379041187</x>
      <y>723.001575314023</y>
      <steeringAngle>-0.17766666666666667</steeringAngle>
      <velocity>4.0</velocity>
      <orientation>0.8585972198026155</orientation>
      <time>10</time>
    </ksState>
    <ksState>
      <x>-186.4869456387405</x>
      <y>723.2474517378344</y>
      <steeringAngle>-0.17766666666666667</steeringAngle>
      <velocity>3.2000000000000006</velocity>
      <orientation>0.8335317805344379</orientation>
      <time>11</time>
    </ksState>
    <ksState>
      <x>-186.27635230066016</x>
      <y>723.4340455314758</y>
      <steeringAngle>-0.17766666666666667</steeringAngle>
      <velocity>2.4000000000000012</velocity>
      <orientation>0.8140364389044081</orientation>
      <time>12</time>
    </ksState>
    <ksState>
      <x>-186.12372123876898</x>
      <y>723.5647957085437</y>
      <steeringAngle>-0.17766666666666667</steeringAngle>
      <velocity>1.6000000000000005</velocity>
      <orientation>0.8001111949054271</orientation>
      <time>13</time>
    </ksState>
    <ksState>
      <x>-186.0312738686656</x>
      <y>723.6422211581585</y>
      <steeringAngle>-0.17766666666666667</steeringAngle>
      <velocity>0.8000000000000004</velocity>
      <orientation>0.7917560485346731</orientation>
      <time>14</time>
    </ksState>
    <ksState>
      <x>-186.00031471439456</x>
      <y>723.667857653313</y>
      <steeringAngle>-0.17766666666666667</steeringAngle>
      <velocity>2.7755575615628914e-16</velocity>
      <orientation>0.7889709997884576</orientation>
      <time>15</time>
    </ksState>
    <ksState>
      <x>-186.00031471439456</x>
      <y>723.667857653313</y>
      <steeringAngle>-0.14213333333333336</steeringAngle>
      <velocity>0.0</velocity>
      <orientation>0.7889709997884576</orientation>
      <time>16</time>
    </ksState>
    <ksState>
      <x>-186.00031471439456</x>
      <y>723.667857653313</y>
      <steeringAngle>-0.10660000000000001</steeringAngle>
      <velocity>0.0</velocity>
      <orientation>0.7889709997884576</orientation>
      <time>17</time>
    </ksState>
    <ksState>
      <x>-186.00031471439456</x>
      <y>723.667857653313</y>
      <steeringAngle>-0.07106666666666668</steeringAngle>
      <velocity>0.0</velocity>
      <orientation>0.7889709997884576</orientation>
      <time>18</time>
    </ksState>
    <ksState>
      <x>-186.00031471439456</x>
      <y>723.667857653313</y>
      <steeringAngle>-0.03553333333333333</steeringAngle>
      <velocity>0.0</velocity>
      <orientation>0.7889709997884576</orientation>
      <time>19</time>
    </ksState>
    <ksState>
      <x>-186.00031471439456</x>
      <y>723.667857653313</y>
      <steeringAngle>-0.0</steeringAngle>
      <velocity>0.0</velocity>
      <orientation>0.7889709997884576</orientation>
      <time>20</time>
    </ksState>
    <ksState>
      <x>-186.00031471439456</x>
      <y>723.667857653313</y>
      <steeringAngle>0.0</steeringAngle>
      <velocity>0.0</velocity>
      <orientation>0.7889709997884576</orientation>
      <time>21</time>
    </ksState>
    <ksState>
      <x>-186.00031471439456</x>
      <y>723.667857653313</y>
      <steeringAngle>0.0</steeringAngle>
      <velocity>0.0</velocity>
      <orientation>0.7889709997884576</orientation>
      <time>22</time>
    </ksState>
    <ksState>
      <x>-186.00031471439456</x>
      <y>723.667857653313</y>
      <steeringAngle>0.0</steeringAngle>
      <velocity>0.0</velocity>
      <orientation>0.7889709997884576</orientation>
      <time>23</time>
    </ksState>
    <ksState>
      <x>-186.00031471439456</x>
      <y>723.667857653313</y>
      <steeringAngle>0.0</steeringAngle>
      <velocity>0.0</velocity>
      <orientation>0.7889709997884576</orientation>
      <time>24</time>
    </ksState>
    <ksState>
      <x>-186.00031471439456</x>
      <y>723.667857653313</y>
      <steeringAngle>0.0</steeringAngle>
      <velocity>0.0</velocity>
      <orientation>0.7889709997884576</orientation>
      <time>25</time>
    </ksState>
    <ksState>
      <x>-186.00031471439456</x>
      <y>723.667857653313</y>
      <steeringAngle>0.0</steeringAngle>
      <velocity>0.0</velocity>
      <orientation>0.7889709997884576</orientation>
      <time>26</time>
    </ksState>
    <ksState>
      <x>-186.00031471439456</x>
      <y>723.667857653313</y>
      <steeringAngle>0.0</steeringAngle>
      <velocity>0.0</velocity>
      <orientation>0.7889709997884576</orientation>
      <time>27</time>
    </ksState>
    <ksState>
      <x>-186.00031471439456</x>
      <y>723.667857653313</y>
      <steeringAngle>0.0</steeringAngle>
      <velocity>0.0</velocity>
      <orientation>0.7889709997884576</orientation>
      <time>28</time>
    </ksState>
    <ksState>
      <x>-186.00031471439456</x>
      <y>723.667857653313</y>
      <steeringAngle>0.0</steeringAngle>
      <velocity>0.0</velocity>
      <orientation>0.7889709997884576</orientation>
      <time>29</time>
    </ksState>
    <ksState>
      <x>-186.00031471439456</x>
      <y>723.667857653313</y>
      <steeringAngle>0.0</steeringAngle>
      <velocity>0.0</velocity>
      <orientation>0.7889709997884576</orientation>
      <time>30</time>
    </ksState>
    <ksState>
      <x>-186.00031471439456</x>
      <y>723.667857653313</y>
      <steeringAngle>0.0</steeringAngle>
      <velocity>0.0</velocity>
      <orientation>0.7889709997884576</orientation>
      <time>31</time>
    </ksState>
    <ksState>
      <x>-186.00031471439456</x>
      <y>723.667857653313</y>
      <steeringAngle>0.0</steeringAngle>
      <velocity>0.0</velocity>
      <orientation>0.7889709997884576</orientation>
      <time>32</time>
    </ksState>
    <ksState>
      <x>-186.00031471439456</x>
      <y>723.667857653313</y>
      <steeringAngle>0.0</steeringAngle>
      <velocity>0.0</velocity>
      <orientation>0.7889709997884576</orientation>
      <time>33</time>
    </ksState>
  </ksTrajectory>
</CommonRoadSolution>
