<?xml version="1.0" ?>
<CommonRoadSolution benchmark_id="KS2:SM1:PRI_Barceloneta-4_3_T-1:2020a" computation_time="1.2819115060001423" date="2023-01-12T15:00:04">
  <ksTrajectory planningProblem="1">
    <ksState>
      <x>-131.42135</x>
      <y>538.97182</y>
      <steeringAngle>0.0</steeringAngle>
      <velocity>16.0</velocity>
      <orientation>2.9421734</orientation>
      <time>0</time>
    </ksState>
    <ksState>
      <x>-132.9504335906111</x>
      <y>539.2808561983313</y>
      <steeringAngle>0.0</steeringAngle>
      <velocity>15.2</velocity>
      <orientation>2.9421734</orientation>
      <time>1</time>
    </ksState>
    <ksState>
      <x>-134.40110263756145</x>
      <y>539.57404438638</y>
      <steeringAngle>0.0</steeringAngle>
      <velocity>14.400000000000002</velocity>
      <orientation>2.9421734</orientation>
      <time>2</time>
    </ksState>
    <ksState>
      <x>-135.77335714121384</x>
      <y>539.8513845642196</y>
      <steeringAngle>0.0</steeringAngle>
      <velocity>13.600000000000001</velocity>
      <orientation>2.9421734</orientation>
      <time>3</time>
    </ksState>
    <ksState>
      <x>-137.06719710167815</x>
      <y>540.1128767318723</y>
      <steeringAngle>0.0</steeringAngle>
      <velocity>12.800000000000004</velocity>
      <orientation>2.9421734</orientation>
      <time>4</time>
    </ksState>
    <ksState>
      <x>-138.2826225189891</x>
      <y>540.3585208893451</y>
      <steeringAngle>0.0</steeringAngle>
      <velocity>12.000000000000002</velocity>
      <orientation>2.9421734</orientation>
      <time>5</time>
    </ksState>
    <ksState>
      <x>-139.41963339382409</x>
      <y>540.5883170367747</y>
      <steeringAngle>0.0</steeringAngle>
      <velocity>11.200000000000001</velocity>
      <orientation>2.9421734</orientation>
      <time>6</time>
    </ksState>
    <ksState>
      <x>-140.47822972509198</x>
      <y>540.8022651739408</y>
      <steeringAngle>0.0</steeringAngle>
      <velocity>10.4</velocity>
      <orientation>2.9421734</orientation>
      <time>7</time>
    </ksState>
    <ksState>
      <x>-141.4584115130963</x>
      <y>541.0003653009047</y>
      <steeringAngle>0.0</steeringAngle>
      <velocity>9.599999999999998</velocity>
      <orientation>2.9421734</orientation>
      <time>8</time>
    </ksState>
    <ksState>
      <x>-142.36017875792342</x>
      <y>541.1826174176838</y>
      <steeringAngle>0.0</steeringAngle>
      <velocity>8.799999999999999</velocity>
      <orientation>2.9421734</orientation>
      <time>9</time>
    </ksState>
    <ksState>
      <x>-143.18353145960145</x>
      <y>541.3490215242838</y>
      <steeringAngle>0.0</steeringAngle>
      <velocity>7.999999999999997</velocity>
      <orientation>2.9421734</orientation>
      <time>10</time>
    </ksState>
    <ksState>
      <x>-143.92674319833884</x>
      <y>541.5080146999209</y>
      <steeringAngle>-0.03553333333333333</steeringAngle>
      <velocity>7.199999999999999</velocity>
      <orientation>2.937028387017508</orientation>
      <time>11</time>
    </ksState>
    <ksState>
      <x>-144.58751407051207</x>
      <y>541.6697197687962</y>
      <steeringAngle>-0.07106666666666664</steeringAngle>
      <velocity>6.400000000000001</velocity>
      <orientation>2.9230517148965447</orientation>
      <time>12</time>
    </ksState>
    <ksState>
      <x>-145.16529475122806</x>
      <y>541.8340178055388</y>
      <steeringAngle>-0.10659999999999997</steeringAngle>
      <velocity>5.600000000000004</velocity>
      <orientation>2.9024199470306633</orientation>
      <time>13</time>
    </ksState>
    <ksState>
      <x>-145.6600706804093</x>
      <y>541.9978374000415</y>
      <steeringAngle>-0.1421333333333333</steeringAngle>
      <velocity>4.800000000000003</velocity>
      <orientation>2.877303739522015</orientation>
      <time>14</time>
    </ksState>
    <ksState>
      <x>-146.07251892487508</x>
      <y>542.1558843908327</y>
      <steeringAngle>-0.17766666666666653</steeringAngle>
      <velocity>4.000000000000006</velocity>
      <orientation>2.849878842936865</orientation>
      <time>15</time>
    </ksState>
    <ksState>
      <x>-146.40529333706613</x>
      <y>542.297750693994</y>
      <steeringAngle>-0.17766666666666667</steeringAngle>
      <velocity>3.2000000000000006</velocity>
      <orientation>2.8248134036686876</orientation>
      <time>16</time>
    </ksState>
    <ksState>
      <x>-146.66159806494292</x>
      <y>542.4138312019932</y>
      <steeringAngle>-0.17766666666666667</steeringAngle>
      <velocity>2.4000000000000012</velocity>
      <orientation>2.8053180620386575</orientation>
      <time>17</time>
    </ksState>
    <ksState>
      <x>-146.84326325535324</x>
      <y>542.4997940337895</y>
      <steeringAngle>-0.17766666666666667</steeringAngle>
      <velocity>1.6000000000000005</velocity>
      <orientation>2.791392818039677</orientation>
      <time>18</time>
    </ksState>
    <ksState>
      <x>-146.95168158969972</x>
      <y>542.5525830597762</y>
      <steeringAngle>-0.17766666666666667</steeringAngle>
      <velocity>0.8000000000000004</velocity>
      <orientation>2.7830376716689225</orientation>
      <time>19</time>
    </ksState>
    <ksState>
      <x>-146.98772254993403</x>
      <y>542.5703804838138</y>
      <steeringAngle>-0.17766666666666667</steeringAngle>
      <velocity>2.7755575615628914e-16</velocity>
      <orientation>2.780252622922707</orientation>
      <time>20</time>
    </ksState>
    <ksState>
      <x>-146.98772254993403</x>
      <y>542.5703804838138</y>
      <steeringAngle>-0.14213333333333336</steeringAngle>
      <velocity>0.0</velocity>
      <orientation>2.780252622922707</orientation>
      <time>21</time>
    </ksState>
    <ksState>
      <x>-146.98772254993403</x>
      <y>542.5703804838138</y>
      <steeringAngle>-0.10660000000000001</steeringAngle>
      <velocity>0.0</velocity>
      <orientation>2.780252622922707</orientation>
      <time>22</time>
    </ksState>
    <ksState>
      <x>-146.98772254993403</x>
      <y>542.5703804838138</y>
      <steeringAngle>-0.07106666666666668</steeringAngle>
      <velocity>0.0</velocity>
      <orientation>2.780252622922707</orientation>
      <time>23</time>
    </ksState>
    <ksState>
      <x>-146.98772254993403</x>
      <y>542.5703804838138</y>
      <steeringAngle>-0.03553333333333333</steeringAngle>
      <velocity>0.0</velocity>
      <orientation>2.780252622922707</orientation>
      <time>24</time>
    </ksState>
    <ksState>
      <x>-146.98772254993403</x>
      <y>542.5703804838138</y>
      <steeringAngle>-0.0</steeringAngle>
      <velocity>0.0</velocity>
      <orientation>2.780252622922707</orientation>
      <time>25</time>
    </ksState>
    <ksState>
      <x>-146.98772254993403</x>
      <y>542.5703804838138</y>
      <steeringAngle>0.0</steeringAngle>
      <velocity>0.0</velocity>
      <orientation>2.780252622922707</orientation>
      <time>26</time>
    </ksState>
    <ksState>
      <x>-146.98772254993403</x>
      <y>542.5703804838138</y>
      <steeringAngle>0.0</steeringAngle>
      <velocity>0.0</velocity>
      <orientation>2.780252622922707</orientation>
      <time>27</time>
    </ksState>
    <ksState>
      <x>-146.98772254993403</x>
      <y>542.5703804838138</y>
      <steeringAngle>0.0</steeringAngle>
      <velocity>0.0</velocity>
      <orientation>2.780252622922707</orientation>
      <time>28</time>
    </ksState>
    <ksState>
      <x>-146.98772254993403</x>
      <y>542.5703804838138</y>
      <steeringAngle>0.0</steeringAngle>
      <velocity>0.0</velocity>
      <orientation>2.780252622922707</orientation>
      <time>29</time>
    </ksState>
    <ksState>
      <x>-146.98772254993403</x>
      <y>542.5703804838138</y>
      <steeringAngle>0.0</steeringAngle>
      <velocity>0.0</velocity>
      <orientation>2.780252622922707</orientation>
      <time>30</time>
    </ksState>
    <ksState>
      <x>-146.98772254993403</x>
      <y>542.5703804838138</y>
      <steeringAngle>0.0</steeringAngle>
      <velocity>0.0</velocity>
      <orientation>2.780252622922707</orientation>
      <time>31</time>
    </ksState>
    <ksState>
      <x>-146.98772254993403</x>
      <y>542.5703804838138</y>
      <steeringAngle>0.0</steeringAngle>
      <velocity>0.0</velocity>
      <orientation>2.780252622922707</orientation>
      <time>32</time>
    </ksState>
    <ksState>
      <x>-146.98772254993403</x>
      <y>542.5703804838138</y>
      <steeringAngle>0.0</steeringAngle>
      <velocity>0.0</velocity>
      <orientation>2.780252622922707</orientation>
      <time>33</time>
    </ksState>
  </ksTrajectory>
</CommonRoadSolution>
