<?xml version="1.0" ?>
<CommonRoadSolution benchmark_id="KS2:SM1:DEU_Hennigsdorf-5_4_T-1:2020a" computation_time="6.397258635000071" date="2023-01-12T15:00:04">
  <ksTrajectory planningProblem="1">
    <ksState>
      <x>-648.57057</x>
      <y>285.84712</y>
      <steeringAngle>0.0</steeringAngle>
      <velocity>4.0</velocity>
      <orientation>-2.01487</orientation>
      <time>0</time>
    </ksState>
    <ksState>
      <x>-648.7385432732129</x>
      <y>285.48407896605164</y>
      <steeringAngle>0.035533333333333326</steeringAngle>
      <velocity>4.0</velocity>
      <orientation>-2.0121137254673997</orientation>
      <time>1</time>
    </ksState>
    <ksState>
      <x>-648.8973973692147</x>
      <y>285.1167933240382</y>
      <steeringAngle>0.07106666666666711</steeringAngle>
      <velocity>4.0</velocity>
      <orientation>-2.0038379649241143</orientation>
      <time>2</time>
    </ksState>
    <ksState>
      <x>-649.0450073329533</x>
      <y>284.7445194454346</y>
      <steeringAngle>0.10660000000000043</steeringAngle>
      <velocity>4.0</velocity>
      <orientation>-1.9900217251049774</orientation>
      <time>3</time>
    </ksState>
    <ksState>
      <x>-649.1791396250986</x>
      <y>284.36669097679703</y>
      <steeringAngle>0.14213333333333378</steeringAngle>
      <velocity>4.0</velocity>
      <orientation>-1.9706297987194317</orientation>
      <time>4</time>
    </ksState>
    <ksState>
      <x>-649.2974400448585</x>
      <y>283.9829592825618</y>
      <steeringAngle>0.1776666666666672</steeringAngle>
      <velocity>4.0</velocity>
      <orientation>-1.9456123922680344</orientation>
      <time>5</time>
    </ksState>
    <ksState>
      <x>-649.4016088638542</x>
      <y>283.5947474676867</y>
      <steeringAngle>0.17766666666666667</steeringAngle>
      <velocity>4.0</velocity>
      <orientation>-1.9177619041127785</orientation>
      <time>6</time>
    </ksState>
    <ksState>
      <x>-649.4949268103559</x>
      <y>283.2037853912464</y>
      <steeringAngle>0.17766666666666667</steeringAngle>
      <velocity>4.0</velocity>
      <orientation>-1.8899114159575225</orientation>
      <time>7</time>
    </ksState>
    <ksState>
      <x>-649.577321491929</x>
      <y>282.8103763140933</y>
      <steeringAngle>0.17766666666666667</steeringAngle>
      <velocity>4.0</velocity>
      <orientation>-1.8620609278022666</orientation>
      <time>8</time>
    </ksState>
    <ksState>
      <x>-649.6487290034656</x>
      <y>282.4148253644772</y>
      <steeringAngle>0.17766666666666667</steeringAngle>
      <velocity>4.0</velocity>
      <orientation>-1.834210439647011</orientation>
      <time>9</time>
    </ksState>
    <ksState>
      <x>-649.7090939602779</x>
      <y>282.01743933138</y>
      <steeringAngle>0.17766666666666667</steeringAngle>
      <velocity>4.0</velocity>
      <orientation>-1.806359951491755</orientation>
      <time>10</time>
    </ksState>
    <ksState>
      <x>-649.7576404963099</x>
      <y>281.6592742827277</y>
      <steeringAngle>0.1421333333333333</steeringAngle>
      <velocity>3.1999999999999993</velocity>
      <orientation>-1.7837500365183128</orientation>
      <time>11</time>
    </ksState>
    <ksState>
      <x>-649.7958232310302</x>
      <y>281.3812050385511</y>
      <steeringAngle>0.10659999999999997</steeringAngle>
      <velocity>2.3999999999999977</velocity>
      <orientation>-1.7700823956476053</orientation>
      <time>12</time>
    </ksState>
    <ksState>
      <x>-649.8249158291527</x>
      <y>281.1830798951936</y>
      <steeringAngle>0.07106666666666664</steeringAngle>
      <velocity>1.5999999999999976</velocity>
      <orientation>-1.7630816897943862</orientation>
      <time>13</time>
    </ksState>
    <ksState>
      <x>-649.8440838960224</x>
      <y>281.064563587442</y>
      <steeringAngle>0.0355333333333333</steeringAngle>
      <velocity>0.7999999999999972</velocity>
      <orientation>-1.760506845320419</orientation>
      <time>14</time>
    </ksState>
    <ksState>
      <x>-649.8511047210061</x>
      <y>281.02518106800886</y>
      <steeringAngle>-2.5153490401663703e-17</steeringAngle>
      <velocity>-2.914335439641036e-15</velocity>
      <orientation>-1.7601393337418878</orientation>
      <time>15</time>
    </ksState>
    <ksState>
      <x>-649.8511047210061</x>
      <y>281.02518106800886</y>
      <steeringAngle>-0.03553333333333333</steeringAngle>
      <velocity>0.0</velocity>
      <orientation>-1.7601393337418878</orientation>
      <time>16</time>
    </ksState>
    <ksState>
      <x>-649.8511047210061</x>
      <y>281.02518106800886</y>
      <steeringAngle>-0.07106666666666667</steeringAngle>
      <velocity>0.0</velocity>
      <orientation>-1.7601393337418878</orientation>
      <time>17</time>
    </ksState>
    <ksState>
      <x>-649.8511047210061</x>
      <y>281.02518106800886</y>
      <steeringAngle>-0.10660000000000001</steeringAngle>
      <velocity>0.0</velocity>
      <orientation>-1.7601393337418878</orientation>
      <time>18</time>
    </ksState>
    <ksState>
      <x>-649.8511047210061</x>
      <y>281.02518106800886</y>
      <steeringAngle>-0.14213333333333336</steeringAngle>
      <velocity>0.0</velocity>
      <orientation>-1.7601393337418878</orientation>
      <time>19</time>
    </ksState>
    <ksState>
      <x>-649.8511047210061</x>
      <y>281.02518106800886</y>
      <steeringAngle>-0.1776666666666667</steeringAngle>
      <velocity>0.0</velocity>
      <orientation>-1.7601393337418878</orientation>
      <time>20</time>
    </ksState>
    <ksState>
      <x>-649.8625785084753</x>
      <y>280.98665767439405</y>
      <steeringAngle>-0.17766666666666667</steeringAngle>
      <velocity>0.7999999999999999</velocity>
      <orientation>-1.7629243826080239</orientation>
      <time>21</time>
    </ksState>
    <ksState>
      <x>-649.8976427967023</x>
      <y>280.87128127899945</y>
      <steeringAngle>-0.17766666666666667</steeringAngle>
      <velocity>1.6000000000000005</velocity>
      <orientation>-1.7712795291239107</orientation>
      <time>22</time>
    </ksState>
    <ksState>
      <x>-649.958221462948</x>
      <y>280.67965123081234</y>
      <steeringAngle>-0.17766666666666667</steeringAngle>
      <velocity>2.4000000000000017</velocity>
      <orientation>-1.7852047732773615</orientation>
      <time>23</time>
    </ksState>
    <ksState>
      <x>-650.047501922261</x>
      <y>280.4128258245174</y>
      <steeringAngle>-0.17766666666666667</steeringAngle>
      <velocity>3.2000000000000024</velocity>
      <orientation>-1.8047001150646875</orientation>
      <time>24</time>
    </ksState>
    <ksState>
      <x>-650.1699042321436</x>
      <y>280.0724105909468</y>
      <steeringAngle>-0.17766666666666667</steeringAngle>
      <velocity>4.000000000000002</velocity>
      <orientation>-1.8297655544843798</orientation>
      <time>25</time>
    </ksState>
    <ksState>
      <x>-650.3158645758698</x>
      <y>279.6979040701506</y>
      <steeringAngle>-0.17766666666666667</steeringAngle>
      <velocity>4.0</velocity>
      <orientation>-1.8576160426396358</orientation>
      <time>26</time>
    </ksState>
    <ksState>
      <x>-650.4721971644926</x>
      <y>279.3276072890569</y>
      <steeringAngle>-0.17766666666666667</steeringAngle>
      <velocity>4.0</velocity>
      <orientation>-1.8854665307948917</orientation>
      <time>27</time>
    </ksState>
    <ksState>
      <x>-650.6387807404113</x>
      <y>278.9618074834636</y>
      <steeringAngle>-0.17766666666666667</steeringAngle>
      <velocity>4.0</velocity>
      <orientation>-1.9133170189501474</orientation>
      <time>28</time>
    </ksState>
    <ksState>
      <x>-650.8154861011368</x>
      <y>278.60078836771356</y>
      <steeringAngle>-0.17766666666666667</steeringAngle>
      <velocity>4.0</velocity>
      <orientation>-1.9411675071054033</orientation>
      <time>29</time>
    </ksState>
    <ksState>
      <x>-651.0021761950134</x>
      <y>278.2448299485688</y>
      <steeringAngle>-0.17766666666666667</steeringAngle>
      <velocity>4.0</velocity>
      <orientation>-1.9690179952606592</orientation>
      <time>30</time>
    </ksState>
    <ksState>
      <x>-651.1946880181091</x>
      <y>277.8923940889834</y>
      <steeringAngle>-0.1421333333333333</steeringAngle>
      <velocity>4.0</velocity>
      <orientation>-1.9940354016051824</orientation>
      <time>31</time>
    </ksState>
    <ksState>
      <x>-651.3877128754486</x>
      <y>277.5409572977507</y>
      <steeringAngle>-0.10659999999999999</steeringAngle>
      <velocity>4.0</velocity>
      <orientation>-2.013427327895933</orientation>
      <time>32</time>
    </ksState>
    <ksState>
      <x>-651.5794019613601</x>
      <y>277.18932340388204</y>
      <steeringAngle>-0.07106666666666664</steeringAngle>
      <velocity>4.0</velocity>
      <orientation>-2.027243567630886</orientation>
      <time>33</time>
    </ksState>
  </ksTrajectory>
</CommonRoadSolution>
