<?xml version="1.0" ?>
<CommonRoadSolution benchmark_id="KS2:SM1:DEU_Guetersloh-19_1_T-1:2020a" computation_time="0.9137691080004515" date="2023-01-12T15:00:04">
  <ksTrajectory planningProblem="1">
    <ksState>
      <x>304.39457</x>
      <y>305.81065</y>
      <steeringAngle>0.0</steeringAngle>
      <velocity>8.0</velocity>
      <orientation>-0.98258292</orientation>
      <time>0</time>
    </ksState>
    <ksState>
      <x>304.84620459109476</x>
      <y>305.1502907255912</y>
      <steeringAngle>0.03553333333333333</steeringAngle>
      <velocity>8.0</velocity>
      <orientation>-0.9770703849971613</orientation>
      <time>1</time>
    </ksState>
    <ksState>
      <x>305.31803474698467</x>
      <y>304.503853274609</y>
      <steeringAngle>0.07106666666666667</steeringAngle>
      <velocity>8.0</velocity>
      <orientation>-0.9605188641168916</orientation>
      <time>2</time>
    </ksState>
    <ksState>
      <x>305.81680958436493</x>
      <y>303.8772193908944</y>
      <steeringAngle>0.10659999999999997</steeringAngle>
      <velocity>8.0</velocity>
      <orientation>-0.9328863848261967</orientation>
      <time>3</time>
    </ksState>
    <ksState>
      <x>306.3486532873777</x>
      <y>303.2771994999581</y>
      <steeringAngle>0.1421333333333333</steeringAngle>
      <velocity>8.0</velocity>
      <orientation>-0.8941025325534617</orientation>
      <time>4</time>
    </ksState>
    <ksState>
      <x>306.91880511870363</x>
      <y>302.71173310301566</y>
      <steeringAngle>0.17766666666666667</steeringAngle>
      <velocity>8.0</velocity>
      <orientation>-0.8440677203043071</orientation>
      <time>5</time>
    </ksState>
    <ksState>
      <x>307.4998180540398</x>
      <y>302.2151322076075</y>
      <steeringAngle>0.21320000000000014</steeringAngle>
      <velocity>7.200000000000003</velocity>
      <orientation>-0.7858183932328142</orientation>
      <time>6</time>
    </ksState>
    <ksState>
      <x>308.0549939584046</x>
      <y>301.81302413668124</y>
      <steeringAngle>0.24873333333333347</steeringAngle>
      <velocity>6.400000000000004</velocity>
      <orientation>-0.7239013057470349</orientation>
      <time>7</time>
    </ksState>
    <ksState>
      <x>308.5741217934753</x>
      <y>301.4992651891215</y>
      <steeringAngle>0.2842666666666668</steeringAngle>
      <velocity>5.600000000000001</velocity>
      <orientation>-0.6604791629831137</orientation>
      <time>8</time>
    </ksState>
    <ksState>
      <x>309.04680421452656</x>
      <y>301.26520495100766</y>
      <steeringAngle>0.3198</steeringAngle>
      <velocity>4.800000000000002</velocity>
      <orientation>-0.5977500632411612</orientation>
      <time>9</time>
    </ksState>
    <ksState>
      <x>309.4633024910641</x>
      <y>301.1000901834654</y>
      <steeringAngle>0.3553333333333332</steeringAngle>
      <velocity>4.000000000000001</velocity>
      <orientation>-0.5379602291929464</orientation>
      <time>10</time>
    </ksState>
    <ksState>
      <x>309.8501756065671</x>
      <y>300.9723369702181</y>
      <steeringAngle>0.31979999999999986</steeringAngle>
      <velocity>4.0</velocity>
      <orientation>-0.4835120299995668</orientation>
      <time>11</time>
    </ksState>
    <ksState>
      <x>310.2392500068577</x>
      <y>300.85681717086595</y>
      <steeringAngle>0.28426666666666656</steeringAngle>
      <velocity>4.0</velocity>
      <orientation>-0.43518135051830953</orientation>
      <time>12</time>
    </ksState>
    <ksState>
      <x>310.62974328279466</x>
      <y>300.75125126547226</y>
      <steeringAngle>0.2487333333333332</steeringAngle>
      <velocity>4.0</velocity>
      <orientation>-0.39283411679543445</orientation>
      <time>13</time>
    </ksState>
    <ksState>
      <x>311.0210444958062</x>
      <y>300.6533791824802</y>
      <steeringAngle>0.21319999999999986</steeringAngle>
      <velocity>4.0</velocity>
      <orientation>-0.3563552757218067</orientation>
      <time>14</time>
    </ksState>
    <ksState>
      <x>311.4126717810032</x>
      <y>300.56096327332546</y>
      <steeringAngle>0.1776666666666665</steeringAngle>
      <velocity>4.0</velocity>
      <orientation>-0.3256474930729789</orientation>
      <time>15</time>
    </ksState>
    <ksState>
      <x>311.7661433187131</x>
      <y>300.48400400220913</y>
      <steeringAngle>0.17766666666666667</steeringAngle>
      <velocity>3.2000000000000006</velocity>
      <orientation>-0.3005820538048013</orientation>
      <time>16</time>
    </ksState>
    <ksState>
      <x>312.0423337786161</x>
      <y>300.4302859630799</y>
      <steeringAngle>0.17766666666666667</steeringAngle>
      <velocity>2.4000000000000012</velocity>
      <orientation>-0.28108671217477155</orientation>
      <time>17</time>
    </ksState>
    <ksState>
      <x>312.24022781515987</x>
      <y>300.3952174564435</y>
      <steeringAngle>0.17766666666666667</steeringAngle>
      <velocity>1.6000000000000005</velocity>
      <orientation>-0.26716146817579056</orientation>
      <time>18</time>
    </ksState>
    <ksState>
      <x>312.3591918837055</x>
      <y>300.37550028417763</y>
      <steeringAngle>0.17766666666666667</steeringAngle>
      <velocity>0.8000000000000004</velocity>
      <orientation>-0.2588063218050365</orientation>
      <time>19</time>
    </ksState>
    <ksState>
      <x>312.398882671545</x>
      <y>300.36914886877116</y>
      <steeringAngle>0.17766666666666667</steeringAngle>
      <velocity>2.7755575615628914e-16</velocity>
      <orientation>-0.2560212730588211</orientation>
      <time>20</time>
    </ksState>
    <ksState>
      <x>312.398882671545</x>
      <y>300.36914886877116</y>
      <steeringAngle>0.14213333333333336</steeringAngle>
      <velocity>0.0</velocity>
      <orientation>-0.2560212730588211</orientation>
      <time>21</time>
    </ksState>
    <ksState>
      <x>312.398882671545</x>
      <y>300.36914886877116</y>
      <steeringAngle>0.10660000000000001</steeringAngle>
      <velocity>0.0</velocity>
      <orientation>-0.2560212730588211</orientation>
      <time>22</time>
    </ksState>
    <ksState>
      <x>312.398882671545</x>
      <y>300.36914886877116</y>
      <steeringAngle>0.07106666666666668</steeringAngle>
      <velocity>0.0</velocity>
      <orientation>-0.2560212730588211</orientation>
      <time>23</time>
    </ksState>
    <ksState>
      <x>312.398882671545</x>
      <y>300.36914886877116</y>
      <steeringAngle>0.03553333333333333</steeringAngle>
      <velocity>0.0</velocity>
      <orientation>-0.2560212730588211</orientation>
      <time>24</time>
    </ksState>
    <ksState>
      <x>312.398882671545</x>
      <y>300.36914886877116</y>
      <steeringAngle>0.0</steeringAngle>
      <velocity>0.0</velocity>
      <orientation>-0.2560212730588211</orientation>
      <time>25</time>
    </ksState>
    <ksState>
      <x>312.398882671545</x>
      <y>300.36914886877116</y>
      <steeringAngle>0.0</steeringAngle>
      <velocity>0.0</velocity>
      <orientation>-0.2560212730588211</orientation>
      <time>26</time>
    </ksState>
    <ksState>
      <x>312.398882671545</x>
      <y>300.36914886877116</y>
      <steeringAngle>0.0</steeringAngle>
      <velocity>0.0</velocity>
      <orientation>-0.2560212730588211</orientation>
      <time>27</time>
    </ksState>
    <ksState>
      <x>312.398882671545</x>
      <y>300.36914886877116</y>
      <steeringAngle>0.0</steeringAngle>
      <velocity>0.0</velocity>
      <orientation>-0.2560212730588211</orientation>
      <time>28</time>
    </ksState>
    <ksState>
      <x>312.398882671545</x>
      <y>300.36914886877116</y>
      <steeringAngle>0.0</steeringAngle>
      <velocity>0.0</velocity>
      <orientation>-0.2560212730588211</orientation>
      <time>29</time>
    </ksState>
    <ksState>
      <x>312.398882671545</x>
      <y>300.36914886877116</y>
      <steeringAngle>0.0</steeringAngle>
      <velocity>0.0</velocity>
      <orientation>-0.2560212730588211</orientation>
      <time>30</time>
    </ksState>
    <ksState>
      <x>312.398882671545</x>
      <y>300.36914886877116</y>
      <steeringAngle>0.0</steeringAngle>
      <velocity>0.0</velocity>
      <orientation>-0.2560212730588211</orientation>
      <time>31</time>
    </ksState>
    <ksState>
      <x>312.398882671545</x>
      <y>300.36914886877116</y>
      <steeringAngle>0.0</steeringAngle>
      <velocity>0.0</velocity>
      <orientation>-0.2560212730588211</orientation>
      <time>32</time>
    </ksState>
    <ksState>
      <x>312.398882671545</x>
      <y>300.36914886877116</y>
      <steeringAngle>0.0</steeringAngle>
      <velocity>0.0</velocity>
      <orientation>-0.2560212730588211</orientation>
      <time>33</time>
    </ksState>
  </ksTrajectory>
</CommonRoadSolution>
