<?xml version="1.0" ?>
<CommonRoadSolution benchmark_id="KS2:SM1:USA_US101-24_2_T-1:2020a" computation_time="46.150868032999824" date="2023-01-12T15:00:04">
  <ksTrajectory planningProblem="63">
    <ksState>
      <x>0.0</x>
      <y>0.0</y>
      <steeringAngle>0.0</steeringAngle>
      <velocity>20.0</velocity>
      <orientation>-0.68034</orientation>
      <time>0</time>
    </ksState>
    <ksState>
      <x>1.5236234128136914</x>
      <y>-1.2329524301413073</y>
      <steeringAngle>0.0</steeringAngle>
      <velocity>19.2</velocity>
      <orientation>-0.68034</orientation>
      <time>1</time>
    </ksState>
    <ksState>
      <x>2.9850581144258124</x>
      <y>-2.415580270913294</y>
      <steeringAngle>0.0</steeringAngle>
      <velocity>18.400000000000002</velocity>
      <orientation>-0.68034</orientation>
      <time>2</time>
    </ksState>
    <ksState>
      <x>4.384304105145865</x>
      <y>-3.547883522566416</y>
      <steeringAngle>0.0</steeringAngle>
      <velocity>17.6</velocity>
      <orientation>-0.68034</orientation>
      <time>3</time>
    </ksState>
    <ksState>
      <x>5.7213613850750775</x>
      <y>-4.62986218518259</y>
      <steeringAngle>0.0</steeringAngle>
      <velocity>16.8</velocity>
      <orientation>-0.68034</orientation>
      <time>4</time>
    </ksState>
    <ksState>
      <x>6.996229954244775</x>
      <y>-5.661516258787166</y>
      <steeringAngle>0.0</steeringAngle>
      <velocity>16.0</velocity>
      <orientation>-0.68034</orientation>
      <time>5</time>
    </ksState>
    <ksState>
      <x>8.24000416893786</x>
      <y>-6.6680080386167875</y>
      <steeringAngle>0.0</steeringAngle>
      <velocity>16.0</velocity>
      <orientation>-0.68034</orientation>
      <time>6</time>
    </ksState>
    <ksState>
      <x>9.483778383630945</x>
      <y>-7.674499818446409</y>
      <steeringAngle>0.0</steeringAngle>
      <velocity>16.0</velocity>
      <orientation>-0.68034</orientation>
      <time>7</time>
    </ksState>
    <ksState>
      <x>10.72755259832403</x>
      <y>-8.68099159827603</y>
      <steeringAngle>0.0</steeringAngle>
      <velocity>16.0</velocity>
      <orientation>-0.68034</orientation>
      <time>8</time>
    </ksState>
    <ksState>
      <x>11.971326813017114</x>
      <y>-9.687483378105654</y>
      <steeringAngle>0.0</steeringAngle>
      <velocity>16.0</velocity>
      <orientation>-0.68034</orientation>
      <time>9</time>
    </ksState>
    <ksState>
      <x>13.2151010277102</x>
      <y>-10.693975157935274</y>
      <steeringAngle>0.0</steeringAngle>
      <velocity>16.0</velocity>
      <orientation>-0.68034</orientation>
      <time>10</time>
    </ksState>
    <ksState>
      <x>14.458875242403284</x>
      <y>-11.700466937764897</y>
      <steeringAngle>0.0</steeringAngle>
      <velocity>16.0</velocity>
      <orientation>-0.68034</orientation>
      <time>11</time>
    </ksState>
    <ksState>
      <x>15.702649457096369</x>
      <y>-12.706958717594517</y>
      <steeringAngle>0.0</steeringAngle>
      <velocity>16.0</velocity>
      <orientation>-0.68034</orientation>
      <time>12</time>
    </ksState>
    <ksState>
      <x>16.946423671789454</x>
      <y>-13.713450497424141</y>
      <steeringAngle>0.0</steeringAngle>
      <velocity>16.0</velocity>
      <orientation>-0.68034</orientation>
      <time>13</time>
    </ksState>
    <ksState>
      <x>18.190197886482537</x>
      <y>-14.719942277253761</y>
      <steeringAngle>0.0</steeringAngle>
      <velocity>16.0</velocity>
      <orientation>-0.68034</orientation>
      <time>14</time>
    </ksState>
    <ksState>
      <x>19.43397210117562</x>
      <y>-15.726434057083384</y>
      <steeringAngle>0.0</steeringAngle>
      <velocity>16.0</velocity>
      <orientation>-0.68034</orientation>
      <time>15</time>
    </ksState>
    <ksState>
      <x>20.677746315868703</x>
      <y>-16.732925836913008</y>
      <steeringAngle>0.0</steeringAngle>
      <velocity>16.0</velocity>
      <orientation>-0.68034</orientation>
      <time>16</time>
    </ksState>
    <ksState>
      <x>21.92152053056179</x>
      <y>-17.739417616742628</y>
      <steeringAngle>0.0</steeringAngle>
      <velocity>16.0</velocity>
      <orientation>-0.68034</orientation>
      <time>17</time>
    </ksState>
    <ksState>
      <x>23.165294745254876</x>
      <y>-18.74590939657225</y>
      <steeringAngle>0.0</steeringAngle>
      <velocity>16.0</velocity>
      <orientation>-0.68034</orientation>
      <time>18</time>
    </ksState>
    <ksState>
      <x>24.40906895994796</x>
      <y>-19.75240117640187</y>
      <steeringAngle>0.0</steeringAngle>
      <velocity>16.0</velocity>
      <orientation>-0.68034</orientation>
      <time>19</time>
    </ksState>
    <ksState>
      <x>25.652843174641042</x>
      <y>-20.758892956231495</y>
      <steeringAngle>0.0</steeringAngle>
      <velocity>16.0</velocity>
      <orientation>-0.68034</orientation>
      <time>20</time>
    </ksState>
    <ksState>
      <x>26.896617389334125</x>
      <y>-21.76538473606112</y>
      <steeringAngle>0.0</steeringAngle>
      <velocity>16.0</velocity>
      <orientation>-0.68034</orientation>
      <time>21</time>
    </ksState>
    <ksState>
      <x>28.14039160402721</x>
      <y>-22.77187651589074</y>
      <steeringAngle>0.0</steeringAngle>
      <velocity>16.0</velocity>
      <orientation>-0.68034</orientation>
      <time>22</time>
    </ksState>
    <ksState>
      <x>29.384165818720298</x>
      <y>-23.778368295720362</y>
      <steeringAngle>0.0</steeringAngle>
      <velocity>16.0</velocity>
      <orientation>-0.68034</orientation>
      <time>23</time>
    </ksState>
    <ksState>
      <x>30.62794003341338</x>
      <y>-24.784860075549982</y>
      <steeringAngle>0.0</steeringAngle>
      <velocity>16.0</velocity>
      <orientation>-0.68034</orientation>
      <time>24</time>
    </ksState>
    <ksState>
      <x>31.871714248106464</x>
      <y>-25.791351855379606</y>
      <steeringAngle>0.0</steeringAngle>
      <velocity>16.0</velocity>
      <orientation>-0.68034</orientation>
      <time>25</time>
    </ksState>
    <ksState>
      <x>33.11548846279955</x>
      <y>-26.79784363520923</y>
      <steeringAngle>0.0</steeringAngle>
      <velocity>16.0</velocity>
      <orientation>-0.68034</orientation>
      <time>26</time>
    </ksState>
    <ksState>
      <x>34.35926267749263</x>
      <y>-27.80433541503885</y>
      <steeringAngle>0.0</steeringAngle>
      <velocity>16.0</velocity>
      <orientation>-0.68034</orientation>
      <time>27</time>
    </ksState>
    <ksState>
      <x>35.60303689218572</x>
      <y>-28.810827194868473</y>
      <steeringAngle>0.0</steeringAngle>
      <velocity>16.0</velocity>
      <orientation>-0.68034</orientation>
      <time>28</time>
    </ksState>
    <ksState>
      <x>36.8468111068788</x>
      <y>-29.817318974698093</y>
      <steeringAngle>0.0</steeringAngle>
      <velocity>16.0</velocity>
      <orientation>-0.68034</orientation>
      <time>29</time>
    </ksState>
    <ksState>
      <x>38.090585321571886</x>
      <y>-30.823810754527717</y>
      <steeringAngle>0.0</steeringAngle>
      <velocity>16.0</velocity>
      <orientation>-0.68034</orientation>
      <time>30</time>
    </ksState>
    <ksState>
      <x>39.33435953626497</x>
      <y>-31.83030253435734</y>
      <steeringAngle>0.0</steeringAngle>
      <velocity>16.0</velocity>
      <orientation>-0.68034</orientation>
      <time>31</time>
    </ksState>
    <ksState>
      <x>40.57813375095805</x>
      <y>-32.83679431418696</y>
      <steeringAngle>0.0</steeringAngle>
      <velocity>16.0</velocity>
      <orientation>-0.68034</orientation>
      <time>32</time>
    </ksState>
    <ksState>
      <x>41.82190796565114</x>
      <y>-33.843286094016584</y>
      <steeringAngle>0.0</steeringAngle>
      <velocity>16.0</velocity>
      <orientation>-0.68034</orientation>
      <time>33</time>
    </ksState>
    <ksState>
      <x>43.065682180344226</x>
      <y>-34.84977787384621</y>
      <steeringAngle>0.0</steeringAngle>
      <velocity>16.0</velocity>
      <orientation>-0.68034</orientation>
      <time>34</time>
    </ksState>
    <ksState>
      <x>44.30945639503731</x>
      <y>-35.85626965367583</y>
      <steeringAngle>0.0</steeringAngle>
      <velocity>16.0</velocity>
      <orientation>-0.68034</orientation>
      <time>35</time>
    </ksState>
    <ksState>
      <x>45.55323060973039</x>
      <y>-36.862761433505455</y>
      <steeringAngle>0.0</steeringAngle>
      <velocity>16.0</velocity>
      <orientation>-0.68034</orientation>
      <time>36</time>
    </ksState>
    <ksState>
      <x>46.797004824423475</x>
      <y>-37.86925321333508</y>
      <steeringAngle>0.0</steeringAngle>
      <velocity>16.0</velocity>
      <orientation>-0.68034</orientation>
      <time>37</time>
    </ksState>
    <ksState>
      <x>48.040779039116565</x>
      <y>-38.875744993164695</y>
      <steeringAngle>0.0</steeringAngle>
      <velocity>16.0</velocity>
      <orientation>-0.68034</orientation>
      <time>38</time>
    </ksState>
    <ksState>
      <x>49.28455325380965</x>
      <y>-39.88223677299432</y>
      <steeringAngle>0.0</steeringAngle>
      <velocity>16.0</velocity>
      <orientation>-0.68034</orientation>
      <time>39</time>
    </ksState>
    <ksState>
      <x>50.52832746850273</x>
      <y>-40.88872855282394</y>
      <steeringAngle>0.0</steeringAngle>
      <velocity>16.0</velocity>
      <orientation>-0.68034</orientation>
      <time>40</time>
    </ksState>
    <ksState>
      <x>51.772101683195814</x>
      <y>-41.895220332653565</y>
      <steeringAngle>0.0</steeringAngle>
      <velocity>16.0</velocity>
      <orientation>-0.68034</orientation>
      <time>41</time>
    </ksState>
    <ksState>
      <x>53.0158758978889</x>
      <y>-42.90171211248319</y>
      <steeringAngle>0.0</steeringAngle>
      <velocity>16.0</velocity>
      <orientation>-0.68034</orientation>
      <time>42</time>
    </ksState>
    <ksState>
      <x>54.25965011258199</x>
      <y>-43.908203892312805</y>
      <steeringAngle>0.0</steeringAngle>
      <velocity>16.0</velocity>
      <orientation>-0.68034</orientation>
      <time>43</time>
    </ksState>
    <ksState>
      <x>55.50342432727507</x>
      <y>-44.91469567214243</y>
      <steeringAngle>0.0</steeringAngle>
      <velocity>16.0</velocity>
      <orientation>-0.68034</orientation>
      <time>44</time>
    </ksState>
    <ksState>
      <x>56.74719854196815</x>
      <y>-45.92118745197205</y>
      <steeringAngle>0.0</steeringAngle>
      <velocity>16.0</velocity>
      <orientation>-0.68034</orientation>
      <time>45</time>
    </ksState>
    <ksState>
      <x>57.990972756661236</x>
      <y>-46.927679231801676</y>
      <steeringAngle>0.0</steeringAngle>
      <velocity>16.0</velocity>
      <orientation>-0.68034</orientation>
      <time>46</time>
    </ksState>
    <ksState>
      <x>59.23474697135432</x>
      <y>-47.9341710116313</y>
      <steeringAngle>0.0</steeringAngle>
      <velocity>16.0</velocity>
      <orientation>-0.68034</orientation>
      <time>47</time>
    </ksState>
    <ksState>
      <x>60.47852118604741</x>
      <y>-48.940662791460916</y>
      <steeringAngle>0.0</steeringAngle>
      <velocity>16.0</velocity>
      <orientation>-0.68034</orientation>
      <time>48</time>
    </ksState>
    <ksState>
      <x>61.72229540074049</x>
      <y>-49.94715457129054</y>
      <steeringAngle>0.0</steeringAngle>
      <velocity>16.0</velocity>
      <orientation>-0.68034</orientation>
      <time>49</time>
    </ksState>
    <ksState>
      <x>62.966069615433575</x>
      <y>-50.95364635112016</y>
      <steeringAngle>0.0</steeringAngle>
      <velocity>16.0</velocity>
      <orientation>-0.68034</orientation>
      <time>50</time>
    </ksState>
    <ksState>
      <x>64.20984383012666</x>
      <y>-51.96013813094979</y>
      <steeringAngle>0.0</steeringAngle>
      <velocity>16.0</velocity>
      <orientation>-0.68034</orientation>
      <time>51</time>
    </ksState>
    <ksState>
      <x>65.45361804481975</x>
      <y>-52.96662991077941</y>
      <steeringAngle>0.0</steeringAngle>
      <velocity>16.0</velocity>
      <orientation>-0.68034</orientation>
      <time>52</time>
    </ksState>
    <ksState>
      <x>66.69739225951284</x>
      <y>-53.97312169060903</y>
      <steeringAngle>0.0</steeringAngle>
      <velocity>16.0</velocity>
      <orientation>-0.68034</orientation>
      <time>53</time>
    </ksState>
    <ksState>
      <x>67.94116647420591</x>
      <y>-54.97961347043865</y>
      <steeringAngle>0.0</steeringAngle>
      <velocity>16.0</velocity>
      <orientation>-0.68034</orientation>
      <time>54</time>
    </ksState>
    <ksState>
      <x>69.184940688899</x>
      <y>-55.986105250268274</y>
      <steeringAngle>0.0</steeringAngle>
      <velocity>16.0</velocity>
      <orientation>-0.68034</orientation>
      <time>55</time>
    </ksState>
    <ksState>
      <x>70.4287149035921</x>
      <y>-56.9925970300979</y>
      <steeringAngle>0.0</steeringAngle>
      <velocity>16.0</velocity>
      <orientation>-0.68034</orientation>
      <time>56</time>
    </ksState>
    <ksState>
      <x>71.67248911828517</x>
      <y>-57.99908880992752</y>
      <steeringAngle>0.0</steeringAngle>
      <velocity>16.0</velocity>
      <orientation>-0.68034</orientation>
      <time>57</time>
    </ksState>
    <ksState>
      <x>72.91626333297826</x>
      <y>-59.00558058975714</y>
      <steeringAngle>0.0</steeringAngle>
      <velocity>16.0</velocity>
      <orientation>-0.68034</orientation>
      <time>58</time>
    </ksState>
    <ksState>
      <x>74.16003754767135</x>
      <y>-60.01207236958676</y>
      <steeringAngle>0.0</steeringAngle>
      <velocity>16.0</velocity>
      <orientation>-0.68034</orientation>
      <time>59</time>
    </ksState>
    <ksState>
      <x>75.40381176236443</x>
      <y>-61.018564149416385</y>
      <steeringAngle>0.0</steeringAngle>
      <velocity>16.0</velocity>
      <orientation>-0.68034</orientation>
      <time>60</time>
    </ksState>
    <ksState>
      <x>76.61649162142987</x>
      <y>-61.99989363453962</y>
      <steeringAngle>0.0</steeringAngle>
      <velocity>15.2</velocity>
      <orientation>-0.68034</orientation>
      <time>61</time>
    </ksState>
    <ksState>
      <x>77.76698276933584</x>
      <y>-62.93089853032758</y>
      <steeringAngle>0.0</steeringAngle>
      <velocity>14.400000000000002</velocity>
      <orientation>-0.68034</orientation>
      <time>62</time>
    </ksState>
    <ksState>
      <x>78.85528520637006</x>
      <y>-63.81157883701314</y>
      <steeringAngle>0.0</steeringAngle>
      <velocity>13.600000000000001</velocity>
      <orientation>-0.68034</orientation>
      <time>63</time>
    </ksState>
    <ksState>
      <x>79.88139893261967</x>
      <y>-64.64193455466679</y>
      <steeringAngle>0.0</steeringAngle>
      <velocity>12.800000000000004</velocity>
      <orientation>-0.68034</orientation>
      <time>64</time>
    </ksState>
    <ksState>
      <x>80.84532394811221</x>
      <y>-65.42196568331082</y>
      <steeringAngle>0.0</steeringAngle>
      <velocity>12.000000000000002</velocity>
      <orientation>-0.68034</orientation>
      <time>65</time>
    </ksState>
    <ksState>
      <x>81.7560022317176</x>
      <y>-66.1405401286442</y>
      <steeringAngle>0.03553333333333333</steeringAngle>
      <velocity>11.200000000000001</velocity>
      <orientation>-0.6724387262276559</orientation>
      <time>66</time>
    </ksState>
    <ksState>
      <x>82.62692402776888</x>
      <y>-66.77988670576524</y>
      <steeringAngle>0.07106666666666667</steeringAngle>
      <velocity>10.400000000000007</velocity>
      <orientation>-0.650186295429166</orientation>
      <time>67</time>
    </ksState>
    <ksState>
      <x>83.46146753136817</x>
      <y>-67.33281204525409</y>
      <steeringAngle>0.10660000000000001</steeringAngle>
      <velocity>9.60000000000001</velocity>
      <orientation>-0.6157382845444942</orientation>
      <time>68</time>
    </ksState>
    <ksState>
      <x>84.25894006178618</x>
      <y>-67.7956099566035</y>
      <steeringAngle>0.14213333333333344</steeringAngle>
      <velocity>8.800000000000008</velocity>
      <orientation>-0.5712301524236494</orientation>
      <time>69</time>
    </ksState>
    <ksState>
      <x>85.01540528528447</x>
      <y>-68.16795409755233</y>
      <steeringAngle>0.17766666666666675</steeringAngle>
      <velocity>8.000000000000009</velocity>
      <orientation>-0.5187878546086679</orientation>
      <time>70</time>
    </ksState>
    <ksState>
      <x>85.72064624913448</x>
      <y>-68.46081383765751</y>
      <steeringAngle>0.17766666666666667</steeringAngle>
      <velocity>7.2</velocity>
      <orientation>-0.4658719271642906</orientation>
      <time>71</time>
    </ksState>
    <ksState>
      <x>86.36400398041496</x>
      <y>-68.69090281299653</y>
      <steeringAngle>0.17766666666666667</steeringAngle>
      <velocity>6.4</velocity>
      <orientation>-0.4185260973714794</orientation>
      <time>72</time>
    </ksState>
    <ksState>
      <x>86.9401646993266</x>
      <y>-68.86843725585769</y>
      <steeringAngle>0.17766666666666667</steeringAngle>
      <velocity>5.599999999999999</velocity>
      <orientation>-0.3767503652162946</orientation>
      <time>73</time>
    </ksState>
    <ksState>
      <x>87.44513133222806</x>
      <y>-69.00272125330758</y>
      <steeringAngle>0.17766666666666667</steeringAngle>
      <velocity>4.799999999999999</velocity>
      <orientation>-0.34054473069478014</orientation>
      <time>74</time>
    </ksState>
    <ksState>
      <x>87.8759755809791</x>
      <y>-69.10200699152813</y>
      <steeringAngle>0.17766666666666667</steeringAngle>
      <velocity>4.0</velocity>
      <orientation>-0.3099091938054501</orientation>
      <time>75</time>
    </ksState>
    <ksState>
      <x>88.2306145012311</x>
      <y>-69.17339392047334</y>
      <steeringAngle>0.17766666666666667</steeringAngle>
      <velocity>3.2000000000000006</velocity>
      <orientation>-0.2848437545372725</orientation>
      <time>76</time>
    </ksState>
    <ksState>
      <x>88.50761615214643</x>
      <y>-69.22275871825002</y>
      <steeringAngle>0.17766666666666667</steeringAngle>
      <velocity>2.4000000000000012</velocity>
      <orientation>-0.26534841290724276</orientation>
      <time>77</time>
    </ksState>
    <ksState>
      <x>88.70603757647507</x>
      <y>-69.25470849484807</y>
      <steeringAngle>0.17766666666666667</steeringAngle>
      <velocity>1.6000000000000005</velocity>
      <orientation>-0.2514231689082618</orientation>
      <time>78</time>
    </ksState>
    <ksState>
      <x>88.82529721392545</x>
      <y>-69.2725510104299</y>
      <steeringAngle>0.17766666666666667</steeringAngle>
      <velocity>0.8000000000000004</velocity>
      <orientation>-0.24306802253750767</orientation>
      <time>79</time>
    </ksState>
    <ksState>
      <x>88.86508304263005</x>
      <y>-69.27827699953878</y>
      <steeringAngle>0.17766666666666667</steeringAngle>
      <velocity>2.7755575615628914e-16</velocity>
      <orientation>-0.24028297379129232</orientation>
      <time>80</time>
    </ksState>
    <ksState>
      <x>88.90488467792026</x>
      <y>-69.28389211153365</y>
      <steeringAngle>0.17766666666666667</steeringAngle>
      <velocity>0.7999999999999999</velocity>
      <orientation>-0.23749792492515628</orientation>
      <time>81</time>
    </ksState>
    <ksState>
      <x>89.02438120765954</x>
      <y>-69.30007223215704</y>
      <steeringAngle>0.17766666666666667</steeringAngle>
      <velocity>1.6000000000000005</velocity>
      <orientation>-0.22914277840926928</orientation>
      <time>82</time>
    </ksState>
    <ksState>
      <x>89.22382910487495</x>
      <y>-69.32481867571325</y>
      <steeringAngle>0.17766666666666667</steeringAngle>
      <velocity>2.4000000000000017</velocity>
      <orientation>-0.21521753425581866</orientation>
      <time>83</time>
    </ksState>
    <ksState>
      <x>89.50359390755351</x>
      <y>-69.35479288198738</y>
      <steeringAngle>0.17766666666666667</steeringAngle>
      <velocity>3.2000000000000024</velocity>
      <orientation>-0.19572219246849254</orientation>
      <time>84</time>
    </ksState>
    <ksState>
      <x>89.86405708302945</x>
      <y>-69.38530772816736</y>
      <steeringAngle>0.17766666666666667</steeringAngle>
      <velocity>4.000000000000002</velocity>
      <orientation>-0.17065675304880018</orientation>
      <time>85</time>
    </ksState>
    <ksState>
      <x>90.26469000176597</x>
      <y>-69.41296819775775</y>
      <steeringAngle>0.1421333333333333</steeringAngle>
      <velocity>4.0</velocity>
      <orientation>-0.14563934670427686</orientation>
      <time>86</time>
    </ksState>
    <ksState>
      <x>90.66475756484482</x>
      <y>-69.43965824749624</y>
      <steeringAngle>0.10659999999999999</steeringAngle>
      <velocity>4.0</velocity>
      <orientation>-0.1262474204135263</orientation>
      <time>87</time>
    </ksState>
    <ksState>
      <x>91.06427162470858</x>
      <y>-69.46757986897374</y>
      <steeringAngle>0.07106666666666664</steeringAngle>
      <velocity>4.0</velocity>
      <orientation>-0.11243118067857338</orientation>
      <time>88</time>
    </ksState>
    <ksState>
      <x>91.46321970929414</x>
      <y>-69.49892423066063</y>
      <steeringAngle>0.03553333333333332</steeringAngle>
      <velocity>4.0</velocity>
      <orientation>-0.10415542021630801</orientation>
      <time>89</time>
    </ksState>
    <ksState>
      <x>91.8615299259722</x>
      <y>-69.53587930348478</y>
      <steeringAngle>-2.2985086056692694e-17</steeringAngle>
      <velocity>4.0</velocity>
      <orientation>-0.10139915692146766</orientation>
      <time>90</time>
    </ksState>
    <ksState>
      <x>92.25947532948334</x>
      <y>-69.57636949766014</y>
      <steeringAngle>0.0</steeringAngle>
      <velocity>4.0</velocity>
      <orientation>-0.10139915692146766</orientation>
      <time>91</time>
    </ksState>
    <ksState>
      <x>92.65742073299448</x>
      <y>-69.6168596918355</y>
      <steeringAngle>0.0</steeringAngle>
      <velocity>4.0</velocity>
      <orientation>-0.10139915692146766</orientation>
      <time>92</time>
    </ksState>
    <ksState>
      <x>93.05536613650561</x>
      <y>-69.65734988601086</y>
      <steeringAngle>0.0</steeringAngle>
      <velocity>4.0</velocity>
      <orientation>-0.10139915692146766</orientation>
      <time>93</time>
    </ksState>
    <ksState>
      <x>93.45331154001676</x>
      <y>-69.69784008018623</y>
      <steeringAngle>0.0</steeringAngle>
      <velocity>4.0</velocity>
      <orientation>-0.10139915692146766</orientation>
      <time>94</time>
    </ksState>
    <ksState>
      <x>93.85125694352789</x>
      <y>-69.73833027436159</y>
      <steeringAngle>0.0</steeringAngle>
      <velocity>4.0</velocity>
      <orientation>-0.10139915692146766</orientation>
      <time>95</time>
    </ksState>
    <ksState>
      <x>94.28899688841253</x>
      <y>-69.78286948805851</y>
      <steeringAngle>0.0</steeringAngle>
      <velocity>4.8</velocity>
      <orientation>-0.10139915692146766</orientation>
      <time>96</time>
    </ksState>
    <ksState>
      <x>94.80632591404438</x>
      <y>-69.8355067405951</y>
      <steeringAngle>0.0</steeringAngle>
      <velocity>5.6</velocity>
      <orientation>-0.10139915692146766</orientation>
      <time>97</time>
    </ksState>
    <ksState>
      <x>95.40324402040756</x>
      <y>-69.89624203196969</y>
      <steeringAngle>0.0</steeringAngle>
      <velocity>6.4</velocity>
      <orientation>-0.10139915692146766</orientation>
      <time>98</time>
    </ksState>
    <ksState>
      <x>96.07975120749269</x>
      <y>-69.96507536218138</y>
      <steeringAngle>0.0</steeringAngle>
      <velocity>7.199999999999999</velocity>
      <orientation>-0.10139915692146766</orientation>
      <time>99</time>
    </ksState>
    <ksState>
      <x>96.83584747529402</x>
      <y>-70.04200673122956</y>
      <steeringAngle>0.0</steeringAngle>
      <velocity>7.999999999999998</velocity>
      <orientation>-0.10139915692146766</orientation>
      <time>100</time>
    </ksState>
    <ksState>
      <x>97.63077163562032</x>
      <y>-70.13224948440414</y>
      <steeringAngle>-0.03553333333333333</steeringAngle>
      <velocity>8.0</velocity>
      <orientation>-0.10691169192430644</orientation>
      <time>101</time>
    </ksState>
    <ksState>
      <x>98.42283904304574</x>
      <y>-70.2468544412512</y>
      <steeringAngle>-0.07106666666666667</steeringAngle>
      <velocity>8.0</velocity>
      <orientation>-0.12346321280457608</orientation>
      <time>102</time>
    </ksState>
    <ksState>
      <x>99.21000857149993</x>
      <y>-70.39453821184246</y>
      <steeringAngle>-0.10659999999999997</steeringAngle>
      <velocity>8.0</velocity>
      <orientation>-0.15109569209527096</orientation>
      <time>103</time>
    </ksState>
    <ksState>
      <x>99.98912594902148</x>
      <y>-70.58389952256238</y>
      <steeringAngle>-0.1421333333333333</steeringAngle>
      <velocity>8.0</velocity>
      <orientation>-0.18987954436800591</orientation>
      <time>104</time>
    </ksState>
    <ksState>
      <x>100.75562501787229</x>
      <y>-70.82328317757295</y>
      <steeringAngle>-0.17766666666666667</steeringAngle>
      <velocity>8.0</velocity>
      <orientation>-0.2399143566171606</orientation>
      <time>105</time>
    </ksState>
    <ksState>
      <x>101.46892086909277</x>
      <y>-71.09593803833688</y>
      <steeringAngle>-0.17766666666666667</steeringAngle>
      <velocity>7.2</velocity>
      <orientation>-0.292830284061538</orientation>
      <time>106</time>
    </ksState>
    <ksState>
      <x>102.09412119233741</x>
      <y>-71.37157305568005</y>
      <steeringAngle>-0.17766666666666667</steeringAngle>
      <velocity>6.4</velocity>
      <orientation>-0.34017611385434915</orientation>
      <time>107</time>
    </ksState>
    <ksState>
      <x>102.63439818632489</x>
      <y>-71.6391182335223</y>
      <steeringAngle>-0.17766666666666667</steeringAngle>
      <velocity>5.599999999999999</velocity>
      <orientation>-0.3819518460095339</orientation>
      <time>108</time>
    </ksState>
    <ksState>
      <x>103.09325208440733</x>
      <y>-71.88907141419719</y>
      <steeringAngle>-0.17766666666666667</steeringAngle>
      <velocity>4.799999999999999</velocity>
      <orientation>-0.4181574805310484</orientation>
      <time>109</time>
    </ksState>
    <ksState>
      <x>103.47423507485848</x>
      <y>-72.11342913187757</y>
      <steeringAngle>-0.17766666666666667</steeringAngle>
      <velocity>4.0</velocity>
      <orientation>-0.4487930174203784</orientation>
      <time>110</time>
    </ksState>
    <ksState>
      <x>103.81243112121102</x>
      <y>-72.33138028947216</y>
      <steeringAngle>-0.21319999999999995</steeringAngle>
      <velocity>4.0</velocity>
      <orientation>-0.4795008000578786</orientation>
      <time>111</time>
    </ksState>
    <ksState>
      <x>104.13919224892634</x>
      <y>-72.56777510239912</y>
      <steeringAngle>-0.24873333333333336</steeringAngle>
      <velocity>4.0</velocity>
      <orientation>-0.5159796411805728</orientation>
      <time>112</time>
    </ksState>
    <ksState>
      <x>104.45210885127041</x>
      <y>-72.82402652718646</y>
      <steeringAngle>-0.2842666666666667</steeringAngle>
      <velocity>4.0</velocity>
      <orientation>-0.5583268750260209</orientation>
      <time>113</time>
    </ksState>
    <ksState>
      <x>104.74840270160894</x>
      <y>-73.10129576039826</y>
      <steeringAngle>-0.31980000000000003</steeringAngle>
      <velocity>4.0</velocity>
      <orientation>-0.6066575563931559</orientation>
      <time>114</time>
    </ksState>
    <ksState>
      <x>105.02490417753356</x>
      <y>-73.40041895157141</y>
      <steeringAngle>-0.35533333333333333</steeringAngle>
      <velocity>4.0</velocity>
      <orientation>-0.6611057575714343</orientation>
      <time>115</time>
    </ksState>
    <ksState>
      <x>105.30955867051915</x>
      <y>-73.74652632325241</y>
      <steeringAngle>-0.31979999999999975</steeringAngle>
      <velocity>4.800000000000001</velocity>
      <orientation>-0.7208955926031829</orientation>
      <time>116</time>
    </ksState>
    <ksState>
      <x>105.6279692753442</x>
      <y>-74.16717935607949</y>
      <steeringAngle>-0.28426666666666645</steeringAngle>
      <velocity>5.600000000000004</velocity>
      <orientation>-0.7836246927345064</orientation>
      <time>117</time>
    </ksState>
    <ksState>
      <x>105.97327792500488</x>
      <y>-74.6660384848837</y>
      <steeringAngle>-0.2487333333333331</steeringAngle>
      <velocity>6.400000000000004</velocity>
      <orientation>-0.8470468294271822</orientation>
      <time>118</time>
    </ksState>
    <ksState>
      <x>106.33931311381343</x>
      <y>-75.24580279524943</y>
      <steeringAngle>-0.21319999999999992</steeringAngle>
      <velocity>7.200000000000004</velocity>
      <orientation>-0.9089639181049813</orientation>
      <time>119</time>
    </ksState>
    <ksState>
      <x>106.72128399283076</x>
      <y>-75.90800745117716</y>
      <steeringAngle>-0.17766666666666656</steeringAngle>
      <velocity>8.000000000000004</velocity>
      <orientation>-0.9672132477059465</orientation>
      <time>120</time>
    </ksState>
    <ksState>
      <x>107.09032415937394</x>
      <y>-76.62209588983573</y>
      <steeringAngle>-0.17766666666666667</steeringAngle>
      <velocity>8.0</velocity>
      <orientation>-1.0229142240164584</orientation>
      <time>121</time>
    </ksState>
    <ksState>
      <x>107.41903714432074</x>
      <y>-77.35562215077466</y>
      <steeringAngle>-0.17766666666666667</steeringAngle>
      <velocity>8.0</velocity>
      <orientation>-1.07861520032697</orientation>
      <time>122</time>
    </ksState>
    <ksState>
      <x>107.70640332746729</x>
      <y>-78.10631095579302</y>
      <steeringAngle>-0.17766666666666667</steeringAngle>
      <velocity>8.0</velocity>
      <orientation>-1.1343161766374816</orientation>
      <time>123</time>
    </ksState>
    <ksState>
      <x>107.95153135739695</x>
      <y>-78.87183382096342</y>
      <steeringAngle>-0.17766666666666667</steeringAngle>
      <velocity>8.0</velocity>
      <orientation>-1.1900171529479935</orientation>
      <time>124</time>
    </ksState>
    <ksState>
      <x>108.15366089658261</x>
      <y>-79.64981625086907</y>
      <steeringAngle>-0.17766666666666667</steeringAngle>
      <velocity>8.0</velocity>
      <orientation>-1.2457181292585053</orientation>
      <time>125</time>
    </ksState>
    <ksState>
      <x>108.31380095313128</x>
      <y>-80.39582466516936</y>
      <steeringAngle>-0.1421333333333334</steeringAngle>
      <velocity>7.2</velocity>
      <orientation>-1.2933454510041422</orientation>
      <time>126</time>
    </ksState>
    <ksState>
      <x>108.44325185359126</x>
      <y>-81.06505030837297</y>
      <steeringAngle>-0.10660000000000011</steeringAngle>
      <velocity>6.4</velocity>
      <orientation>-1.3264050214521101</orientation>
      <time>127</time>
    </ksState>
    <ksState>
      <x>108.55314745583082</x>
      <y>-81.65565310488974</y>
      <steeringAngle>-0.07106666666666674</steeringAngle>
      <velocity>5.600000000000001</velocity>
      <orientation>-1.3472219697459986</orientation>
      <time>128</time>
    </ksState>
    <ksState>
      <x>108.65031173916938</x>
      <y>-82.16673463506648</y>
      <steeringAngle>-0.03553333333333339</steeringAngle>
      <velocity>4.800000000000001</velocity>
      <orientation>-1.3580725794036617</orientation>
      <time>129</time>
    </ksState>
  </ksTrajectory>
</CommonRoadSolution>
