<?xml version="1.0" ?>
<CommonRoadSolution benchmark_id="KS2:SM1:DEU_Lohmar-37_1_T-1:2020a" computation_time="6.777274385000055" date="2023-01-12T15:00:04">
  <ksTrajectory planningProblem="123">
    <ksState>
      <x>155.61737</x>
      <y>-651.93465</y>
      <steeringAngle>0.0</steeringAngle>
      <velocity>4.0</velocity>
      <orientation>1.6542514</orientation>
      <time>0</time>
    </ksState>
    <ksState>
      <x>155.57580060354317</x>
      <y>-651.4965979543219</y>
      <steeringAngle>0.035533333333333326</steeringAngle>
      <velocity>4.799999999999999</velocity>
      <orientation>1.6573751786691908</orientation>
      <time>1</time>
    </ksState>
    <ksState>
      <x>155.51296386761697</x>
      <y>-650.9801896178586</y>
      <steeringAngle>0.07106666666666667</steeringAngle>
      <velocity>5.599999999999998</velocity>
      <orientation>1.6682257897303636</orientation>
      <time>2</time>
    </ksState>
    <ksState>
      <x>155.4193574446099</x>
      <y>-650.3868286587245</y>
      <steeringAngle>0.10659999999999999</steeringAngle>
      <velocity>6.3999999999999995</velocity>
      <orientation>1.6890427387306914</orientation>
      <time>3</time>
    </ksState>
    <ksState>
      <x>155.28191928910607</x>
      <y>-649.7192735227709</y>
      <steeringAngle>0.14213333333333333</steeringAngle>
      <velocity>7.199999999999999</velocity>
      <orientation>1.7221023097118566</orientation>
      <time>4</time>
    </ksState>
    <ksState>
      <x>155.08347232338494</x>
      <y>-648.9826543293542</y>
      <steeringAngle>0.17766666666666664</steeringAngle>
      <velocity>7.9999999999999964</velocity>
      <orientation>1.7697296317934033</orientation>
      <time>5</time>
    </ksState>
    <ksState>
      <x>154.83568860071276</x>
      <y>-648.2186888482369</y>
      <steeringAngle>0.14213333333333336</steeringAngle>
      <velocity>8.0</velocity>
      <orientation>1.8197644433421516</orientation>
      <time>6</time>
    </ksState>
    <ksState>
      <x>154.56966183784832</x>
      <y>-647.4621995416586</y>
      <steeringAngle>0.1066000000000001</steeringAngle>
      <velocity>8.0</velocity>
      <orientation>1.858548295349149</orientation>
      <time>7</time>
    </ksState>
    <ksState>
      <x>154.2938099675466</x>
      <y>-646.7102230926007</y>
      <steeringAngle>0.07106666666666674</steeringAngle>
      <velocity>8.0</velocity>
      <orientation>1.886180774378836</orientation>
      <time>8</time>
    </ksState>
    <ksState>
      <x>154.01635802289636</x>
      <y>-645.9594935092368</y>
      <steeringAngle>0.035533333333333354</steeringAngle>
      <velocity>8.0</velocity>
      <orientation>1.9027322950078653</orientation>
      <time>9</time>
    </ksState>
    <ksState>
      <x>153.74547380340977</x>
      <y>-645.2067033359959</y>
      <steeringAngle>2.0816681711721685e-17</steeringAngle>
      <velocity>8.0</velocity>
      <orientation>1.9082448214662702</orientation>
      <time>10</time>
    </ksState>
    <ksState>
      <x>153.48940475643062</x>
      <y>-644.4487608458621</y>
      <steeringAngle>-0.03553333333333333</steeringAngle>
      <velocity>8.0</velocity>
      <orientation>1.9027322864634313</orientation>
      <time>11</time>
    </ksState>
    <ksState>
      <x>153.25660322139876</x>
      <y>-643.6830529907853</y>
      <steeringAngle>-0.07106666666666667</steeringAngle>
      <velocity>8.0</velocity>
      <orientation>1.8861807655831617</orientation>
      <time>12</time>
    </ksState>
    <ksState>
      <x>153.0558271064305</x>
      <y>-642.9077238256683</y>
      <steeringAngle>-0.10659999999999997</steeringAngle>
      <velocity>8.0</velocity>
      <orientation>1.858548286292467</orientation>
      <time>13</time>
    </ksState>
    <ksState>
      <x>152.89620057828694</x>
      <y>-642.1219751600846</y>
      <steeringAngle>-0.1421333333333333</steeringAngle>
      <velocity>8.0</velocity>
      <orientation>1.8197644340197319</orientation>
      <time>14</time>
    </ksState>
    <ksState>
      <x>152.7872178481526</x>
      <y>-641.3263947924486</y>
      <steeringAngle>-0.17766666666666667</steeringAngle>
      <velocity>8.0</velocity>
      <orientation>1.7697296217705771</orientation>
      <time>15</time>
    </ksState>
    <ksState>
      <x>152.71964679591727</x>
      <y>-640.5260984832855</y>
      <steeringAngle>-0.14213333333333336</steeringAngle>
      <velocity>8.0</velocity>
      <orientation>1.7196948102218288</orientation>
      <time>16</time>
    </ksState>
    <ksState>
      <x>152.67179047647298</x>
      <y>-639.7256260713833</y>
      <steeringAngle>-0.1066000000000001</steeringAngle>
      <velocity>8.0</velocity>
      <orientation>1.6809109582148314</orientation>
      <time>17</time>
    </ksState>
    <ksState>
      <x>152.63474033997892</x>
      <y>-638.9255072541614</y>
      <steeringAngle>-0.07106666666666674</steeringAngle>
      <velocity>8.0</velocity>
      <orientation>1.6532784791851445</orientation>
      <time>18</time>
    </ksState>
    <ksState>
      <x>152.5996483967059</x>
      <y>-638.1259179568062</y>
      <steeringAngle>-0.035533333333333354</steeringAngle>
      <velocity>8.0</velocity>
      <orientation>1.636726958556115</orientation>
      <time>19</time>
    </ksState>
    <ksState>
      <x>152.5577033547381</x>
      <y>-637.3269737042144</y>
      <steeringAngle>-2.0816681711721685e-17</steeringAngle>
      <velocity>8.0</velocity>
      <orientation>1.6312144320977102</orientation>
      <time>20</time>
    </ksState>
    <ksState>
      <x>152.50010408020646</x>
      <y>-636.5290197589617</y>
      <steeringAngle>0.03553333333333333</steeringAngle>
      <velocity>8.0</velocity>
      <orientation>1.636726967100549</orientation>
      <time>21</time>
    </ksState>
    <ksState>
      <x>152.4180460166781</x>
      <y>-635.7329220587707</y>
      <steeringAngle>0.07106666666666667</steeringAngle>
      <velocity>8.0</velocity>
      <orientation>1.6532784879808187</orientation>
      <time>22</time>
    </ksState>
    <ksState>
      <x>152.3027362485162</x>
      <y>-634.9403629001022</y>
      <steeringAngle>0.10659999999999997</steeringAngle>
      <velocity>8.0</velocity>
      <orientation>1.6809109672715135</orientation>
      <time>23</time>
    </ksState>
    <ksState>
      <x>152.14545403967404</x>
      <y>-634.1541416203498</y>
      <steeringAngle>0.1421333333333333</steeringAngle>
      <velocity>8.0</velocity>
      <orientation>1.7196948195442485</orientation>
      <time>24</time>
    </ksState>
    <ksState>
      <x>151.93767451876298</x>
      <y>-633.3784786603438</y>
      <steeringAngle>0.17766666666666667</steeringAngle>
      <velocity>8.0</velocity>
      <orientation>1.7697296317934033</orientation>
      <time>25</time>
    </ksState>
    <ksState>
      <x>151.6898907960908</x>
      <y>-632.6145131792265</y>
      <steeringAngle>0.14213333333333336</steeringAngle>
      <velocity>8.0</velocity>
      <orientation>1.8197644433421516</orientation>
      <time>26</time>
    </ksState>
    <ksState>
      <x>151.42386403322635</x>
      <y>-631.8580238726482</y>
      <steeringAngle>0.1066000000000001</steeringAngle>
      <velocity>8.0</velocity>
      <orientation>1.858548295349149</orientation>
      <time>27</time>
    </ksState>
    <ksState>
      <x>151.14801216292463</x>
      <y>-631.1060474235903</y>
      <steeringAngle>0.07106666666666674</steeringAngle>
      <velocity>8.0</velocity>
      <orientation>1.886180774378836</orientation>
      <time>28</time>
    </ksState>
    <ksState>
      <x>150.8705602182744</x>
      <y>-630.3553178402265</y>
      <steeringAngle>0.035533333333333354</steeringAngle>
      <velocity>8.0</velocity>
      <orientation>1.9027322950078653</orientation>
      <time>29</time>
    </ksState>
    <ksState>
      <x>150.5996759987878</x>
      <y>-629.6025276669856</y>
      <steeringAngle>2.0816681711721685e-17</steeringAngle>
      <velocity>8.0</velocity>
      <orientation>1.9082448214662702</orientation>
      <time>30</time>
    </ksState>
    <ksState>
      <x>150.35618784901558</x>
      <y>-628.8825581958156</y>
      <steeringAngle>-0.03553333333333333</steeringAngle>
      <velocity>7.199999999999999</velocity>
      <orientation>1.9030998084837778</orientation>
      <time>31</time>
    </ksState>
    <ksState>
      <x>150.15719419626973</x>
      <y>-628.2320443981299</y>
      <steeringAngle>-0.07106666666666664</steeringAngle>
      <velocity>6.400000000000001</velocity>
      <orientation>1.8891231363628147</orientation>
      <time>32</time>
    </ksState>
    <ksState>
      <x>150.0028737967315</x>
      <y>-627.6515191409943</y>
      <steeringAngle>-0.10659999999999997</steeringAngle>
      <velocity>5.600000000000004</velocity>
      <orientation>1.8684913684969333</orientation>
      <time>33</time>
    </ksState>
    <ksState>
      <x>149.89059478871675</x>
      <y>-627.1425657993219</y>
      <steeringAngle>-0.1421333333333333</steeringAngle>
      <velocity>4.800000000000003</velocity>
      <orientation>1.8433751609882851</orientation>
      <time>34</time>
    </ksState>
    <ksState>
      <x>149.81546153678872</x>
      <y>-626.7073102420733</y>
      <steeringAngle>-0.17766666666666653</steeringAngle>
      <velocity>4.000000000000006</velocity>
      <orientation>1.8159502644031353</orientation>
      <time>35</time>
    </ksState>
    <ksState>
      <x>149.77089575609415</x>
      <y>-626.3479651488886</y>
      <steeringAngle>-0.21319999999999997</steeringAngle>
      <velocity>3.2</velocity>
      <orientation>1.7884087188397007</orientation>
      <time>36</time>
    </ksState>
    <ksState>
      <x>149.7492685684546</x>
      <y>-626.066485195397</y>
      <steeringAngle>-0.24873333333333342</steeringAngle>
      <velocity>2.4000000000000004</velocity>
      <orientation>1.7629704884530513</orientation>
      <time>37</time>
    </ksState>
    <ksState>
      <x>149.74258299340136</x>
      <y>-625.8643716820441</y>
      <steeringAngle>-0.2842666666666668</steeringAngle>
      <velocity>1.600000000000001</velocity>
      <orientation>1.7418955886624716</orientation>
      <time>38</time>
    </ksState>
    <ksState>
      <x>149.74319580987603</x>
      <y>-625.7426413495965</y>
      <steeringAngle>-0.3197999999999999</steeringAngle>
      <velocity>0.8000000000000007</velocity>
      <orientation>1.7274971613617671</orientation>
      <time>39</time>
    </ksState>
    <ksState>
      <x>149.74456700283113</x>
      <y>-625.7019492661916</y>
      <steeringAngle>-0.3553333333333332</steeringAngle>
      <velocity>5.551115123125783e-16</velocity>
      <orientation>1.7221555197260379</orientation>
      <time>40</time>
    </ksState>
    <ksState>
      <x>149.74456700283113</x>
      <y>-625.7019492661916</y>
      <steeringAngle>-0.3198</steeringAngle>
      <velocity>0.0</velocity>
      <orientation>1.7221555197260379</orientation>
      <time>41</time>
    </ksState>
    <ksState>
      <x>149.74456700283113</x>
      <y>-625.7019492661916</y>
      <steeringAngle>-0.2842666666666666</steeringAngle>
      <velocity>0.0</velocity>
      <orientation>1.7221555197260379</orientation>
      <time>42</time>
    </ksState>
    <ksState>
      <x>149.74456700283113</x>
      <y>-625.7019492661916</y>
      <steeringAngle>-0.24873333333333333</steeringAngle>
      <velocity>0.0</velocity>
      <orientation>1.7221555197260379</orientation>
      <time>43</time>
    </ksState>
    <ksState>
      <x>149.74456700283113</x>
      <y>-625.7019492661916</y>
      <steeringAngle>-0.21320000000000003</steeringAngle>
      <velocity>0.0</velocity>
      <orientation>1.7221555197260379</orientation>
      <time>44</time>
    </ksState>
    <ksState>
      <x>149.74456700283113</x>
      <y>-625.7019492661916</y>
      <steeringAngle>-0.1776666666666667</steeringAngle>
      <velocity>0.0</velocity>
      <orientation>1.7221555197260379</orientation>
      <time>45</time>
    </ksState>
    <ksState>
      <x>149.74456700283113</x>
      <y>-625.7019492661916</y>
      <steeringAngle>-0.14213333333333336</steeringAngle>
      <velocity>0.0</velocity>
      <orientation>1.7221555197260379</orientation>
      <time>46</time>
    </ksState>
    <ksState>
      <x>149.74456700283113</x>
      <y>-625.7019492661916</y>
      <steeringAngle>-0.10660000000000001</steeringAngle>
      <velocity>0.0</velocity>
      <orientation>1.7221555197260379</orientation>
      <time>47</time>
    </ksState>
    <ksState>
      <x>149.74456700283113</x>
      <y>-625.7019492661916</y>
      <steeringAngle>-0.07106666666666668</steeringAngle>
      <velocity>0.0</velocity>
      <orientation>1.7221555197260379</orientation>
      <time>48</time>
    </ksState>
    <ksState>
      <x>149.74456700283113</x>
      <y>-625.7019492661916</y>
      <steeringAngle>-0.03553333333333333</steeringAngle>
      <velocity>0.0</velocity>
      <orientation>1.7221555197260379</orientation>
      <time>49</time>
    </ksState>
    <ksState>
      <x>149.74456700283113</x>
      <y>-625.7019492661916</y>
      <steeringAngle>-0.0</steeringAngle>
      <velocity>0.0</velocity>
      <orientation>1.7221555197260379</orientation>
      <time>50</time>
    </ksState>
    <ksState>
      <x>149.7385357257342</x>
      <y>-625.6624065834965</y>
      <steeringAngle>0.0</steeringAngle>
      <velocity>0.8</velocity>
      <orientation>1.7221555197260379</orientation>
      <time>51</time>
    </ksState>
    <ksState>
      <x>149.72044189462216</x>
      <y>-625.5437785365825</y>
      <steeringAngle>0.0</steeringAngle>
      <velocity>1.6</velocity>
      <orientation>1.7221555197260379</orientation>
      <time>52</time>
    </ksState>
    <ksState>
      <x>149.69028550952132</x>
      <y>-625.346065125623</y>
      <steeringAngle>0.0</steeringAngle>
      <velocity>2.4000000000000004</velocity>
      <orientation>1.7221555197260379</orientation>
      <time>53</time>
    </ksState>
    <ksState>
      <x>149.64806657043977</x>
      <y>-625.0692663506702</y>
      <steeringAngle>0.0</steeringAngle>
      <velocity>3.2000000000000006</velocity>
      <orientation>1.7221555197260379</orientation>
      <time>54</time>
    </ksState>
    <ksState>
      <x>149.5937850773807</x>
      <y>-624.7133822117456</y>
      <steeringAngle>0.0</steeringAngle>
      <velocity>4.000000000000001</velocity>
      <orientation>1.7221555197260379</orientation>
      <time>55</time>
    </ksState>
    <ksState>
      <x>149.5431421416786</x>
      <y>-624.3569474101557</y>
      <steeringAngle>-0.03553333333333333</steeringAngle>
      <velocity>3.2</velocity>
      <orientation>1.7197667713462452</orientation>
      <time>56</time>
    </ksState>
    <ksState>
      <x>149.5103094390225</x>
      <y>-624.0787637892503</y>
      <steeringAngle>-0.07106666666666668</steeringAngle>
      <velocity>2.4</velocity>
      <orientation>1.7140658563404487</orientation>
      <time>57</time>
    </ksState>
    <ksState>
      <x>149.49198465901915</x>
      <y>-623.8793717620497</y>
      <steeringAngle>-0.10660000000000003</steeringAngle>
      <velocity>1.5999999999999994</velocity>
      <orientation>1.7072503225957172</orientation>
      <time>58</time>
    </ksState>
    <ksState>
      <x>149.48405649286238</x>
      <y>-623.7593585837003</y>
      <steeringAngle>-0.14213333333333342</steeringAngle>
      <velocity>0.7999999999999988</velocity>
      <orientation>1.7015260611092375</orientation>
      <time>59</time>
    </ksState>
    <ksState>
      <x>149.48228494048917</x>
      <y>-623.7192514471608</y>
      <steeringAngle>-0.17766666666666675</steeringAngle>
      <velocity>-1.5265566588595902e-15</velocity>
      <orientation>1.6991185666346817</orientation>
      <time>60</time>
    </ksState>
    <ksState>
      <x>149.48228494048917</x>
      <y>-623.7192514471608</y>
      <steeringAngle>-0.14213333333333336</steeringAngle>
      <velocity>0.0</velocity>
      <orientation>1.6991185666346817</orientation>
      <time>61</time>
    </ksState>
    <ksState>
      <x>149.48228494048917</x>
      <y>-623.7192514471608</y>
      <steeringAngle>-0.10660000000000001</steeringAngle>
      <velocity>0.0</velocity>
      <orientation>1.6991185666346817</orientation>
      <time>62</time>
    </ksState>
    <ksState>
      <x>149.48228494048917</x>
      <y>-623.7192514471608</y>
      <steeringAngle>-0.07106666666666668</steeringAngle>
      <velocity>0.0</velocity>
      <orientation>1.6991185666346817</orientation>
      <time>63</time>
    </ksState>
    <ksState>
      <x>149.48228494048917</x>
      <y>-623.7192514471608</y>
      <steeringAngle>-0.03553333333333333</steeringAngle>
      <velocity>0.0</velocity>
      <orientation>1.6991185666346817</orientation>
      <time>64</time>
    </ksState>
    <ksState>
      <x>149.48228494048917</x>
      <y>-623.7192514471608</y>
      <steeringAngle>-0.0</steeringAngle>
      <velocity>0.0</velocity>
      <orientation>1.6991185666346817</orientation>
      <time>65</time>
    </ksState>
    <ksState>
      <x>149.48228494048917</x>
      <y>-623.7192514471608</y>
      <steeringAngle>0.0</steeringAngle>
      <velocity>0.0</velocity>
      <orientation>1.6991185666346817</orientation>
      <time>66</time>
    </ksState>
    <ksState>
      <x>149.48228494048917</x>
      <y>-623.7192514471608</y>
      <steeringAngle>0.0</steeringAngle>
      <velocity>0.0</velocity>
      <orientation>1.6991185666346817</orientation>
      <time>67</time>
    </ksState>
    <ksState>
      <x>149.48228494048917</x>
      <y>-623.7192514471608</y>
      <steeringAngle>0.0</steeringAngle>
      <velocity>0.0</velocity>
      <orientation>1.6991185666346817</orientation>
      <time>68</time>
    </ksState>
    <ksState>
      <x>149.48228494048917</x>
      <y>-623.7192514471608</y>
      <steeringAngle>0.0</steeringAngle>
      <velocity>0.0</velocity>
      <orientation>1.6991185666346817</orientation>
      <time>69</time>
    </ksState>
    <ksState>
      <x>149.48228494048917</x>
      <y>-623.7192514471608</y>
      <steeringAngle>0.0</steeringAngle>
      <velocity>0.0</velocity>
      <orientation>1.6991185666346817</orientation>
      <time>70</time>
    </ksState>
    <ksState>
      <x>149.48228494048917</x>
      <y>-623.7192514471608</y>
      <steeringAngle>0.0</steeringAngle>
      <velocity>0.0</velocity>
      <orientation>1.6991185666346817</orientation>
      <time>71</time>
    </ksState>
    <ksState>
      <x>149.48228494048917</x>
      <y>-623.7192514471608</y>
      <steeringAngle>0.0</steeringAngle>
      <velocity>0.0</velocity>
      <orientation>1.6991185666346817</orientation>
      <time>72</time>
    </ksState>
    <ksState>
      <x>149.48228494048917</x>
      <y>-623.7192514471608</y>
      <steeringAngle>0.0</steeringAngle>
      <velocity>0.0</velocity>
      <orientation>1.6991185666346817</orientation>
      <time>73</time>
    </ksState>
    <ksState>
      <x>149.48228494048917</x>
      <y>-623.7192514471608</y>
      <steeringAngle>0.0</steeringAngle>
      <velocity>0.0</velocity>
      <orientation>1.6991185666346817</orientation>
      <time>74</time>
    </ksState>
    <ksState>
      <x>149.48228494048917</x>
      <y>-623.7192514471608</y>
      <steeringAngle>0.0</steeringAngle>
      <velocity>0.0</velocity>
      <orientation>1.6991185666346817</orientation>
      <time>75</time>
    </ksState>
    <ksState>
      <x>149.48228494048917</x>
      <y>-623.7192514471608</y>
      <steeringAngle>0.0</steeringAngle>
      <velocity>0.0</velocity>
      <orientation>1.6991185666346817</orientation>
      <time>76</time>
    </ksState>
    <ksState>
      <x>149.48228494048917</x>
      <y>-623.7192514471608</y>
      <steeringAngle>0.0</steeringAngle>
      <velocity>0.0</velocity>
      <orientation>1.6991185666346817</orientation>
      <time>77</time>
    </ksState>
    <ksState>
      <x>149.48228494048917</x>
      <y>-623.7192514471608</y>
      <steeringAngle>0.0</steeringAngle>
      <velocity>0.0</velocity>
      <orientation>1.6991185666346817</orientation>
      <time>78</time>
    </ksState>
    <ksState>
      <x>149.48228494048917</x>
      <y>-623.7192514471608</y>
      <steeringAngle>0.0</steeringAngle>
      <velocity>0.0</velocity>
      <orientation>1.6991185666346817</orientation>
      <time>79</time>
    </ksState>
    <ksState>
      <x>149.48228494048917</x>
      <y>-623.7192514471608</y>
      <steeringAngle>0.0</steeringAngle>
      <velocity>0.0</velocity>
      <orientation>1.6991185666346817</orientation>
      <time>80</time>
    </ksState>
    <ksState>
      <x>149.48228494048917</x>
      <y>-623.7192514471608</y>
      <steeringAngle>0.0</steeringAngle>
      <velocity>0.0</velocity>
      <orientation>1.6991185666346817</orientation>
      <time>81</time>
    </ksState>
    <ksState>
      <x>149.48228494048917</x>
      <y>-623.7192514471608</y>
      <steeringAngle>0.0</steeringAngle>
      <velocity>0.0</velocity>
      <orientation>1.6991185666346817</orientation>
      <time>82</time>
    </ksState>
    <ksState>
      <x>149.48228494048917</x>
      <y>-623.7192514471608</y>
      <steeringAngle>0.0</steeringAngle>
      <velocity>0.0</velocity>
      <orientation>1.6991185666346817</orientation>
      <time>83</time>
    </ksState>
    <ksState>
      <x>149.48228494048917</x>
      <y>-623.7192514471608</y>
      <steeringAngle>0.0</steeringAngle>
      <velocity>0.0</velocity>
      <orientation>1.6991185666346817</orientation>
      <time>84</time>
    </ksState>
    <ksState>
      <x>149.48228494048917</x>
      <y>-623.7192514471608</y>
      <steeringAngle>0.0</steeringAngle>
      <velocity>0.0</velocity>
      <orientation>1.6991185666346817</orientation>
      <time>85</time>
    </ksState>
    <ksState>
      <x>149.48228494048917</x>
      <y>-623.7192514471608</y>
      <steeringAngle>0.0</steeringAngle>
      <velocity>0.0</velocity>
      <orientation>1.6991185666346817</orientation>
      <time>86</time>
    </ksState>
    <ksState>
      <x>149.48228494048917</x>
      <y>-623.7192514471608</y>
      <steeringAngle>0.0</steeringAngle>
      <velocity>0.0</velocity>
      <orientation>1.6991185666346817</orientation>
      <time>87</time>
    </ksState>
    <ksState>
      <x>149.48228494048917</x>
      <y>-623.7192514471608</y>
      <steeringAngle>0.0</steeringAngle>
      <velocity>0.0</velocity>
      <orientation>1.6991185666346817</orientation>
      <time>88</time>
    </ksState>
    <ksState>
      <x>149.48228494048917</x>
      <y>-623.7192514471608</y>
      <steeringAngle>0.0</steeringAngle>
      <velocity>0.0</velocity>
      <orientation>1.6991185666346817</orientation>
      <time>89</time>
    </ksState>
    <ksState>
      <x>149.48228494048917</x>
      <y>-623.7192514471608</y>
      <steeringAngle>0.0</steeringAngle>
      <velocity>0.0</velocity>
      <orientation>1.6991185666346817</orientation>
      <time>90</time>
    </ksState>
    <ksState>
      <x>149.48228494048917</x>
      <y>-623.7192514471608</y>
      <steeringAngle>0.0</steeringAngle>
      <velocity>0.0</velocity>
      <orientation>1.6991185666346817</orientation>
      <time>91</time>
    </ksState>
    <ksState>
      <x>149.48228494048917</x>
      <y>-623.7192514471608</y>
      <steeringAngle>0.0</steeringAngle>
      <velocity>0.0</velocity>
      <orientation>1.6991185666346817</orientation>
      <time>92</time>
    </ksState>
    <ksState>
      <x>149.48228494048917</x>
      <y>-623.7192514471608</y>
      <steeringAngle>0.0</steeringAngle>
      <velocity>0.0</velocity>
      <orientation>1.6991185666346817</orientation>
      <time>93</time>
    </ksState>
    <ksState>
      <x>149.48228494048917</x>
      <y>-623.7192514471608</y>
      <steeringAngle>0.0</steeringAngle>
      <velocity>0.0</velocity>
      <orientation>1.6991185666346817</orientation>
      <time>94</time>
    </ksState>
    <ksState>
      <x>149.48228494048917</x>
      <y>-623.7192514471608</y>
      <steeringAngle>0.0</steeringAngle>
      <velocity>0.0</velocity>
      <orientation>1.6991185666346817</orientation>
      <time>95</time>
    </ksState>
    <ksState>
      <x>149.48228494048917</x>
      <y>-623.7192514471608</y>
      <steeringAngle>0.0</steeringAngle>
      <velocity>0.0</velocity>
      <orientation>1.6991185666346817</orientation>
      <time>96</time>
    </ksState>
    <ksState>
      <x>149.48228494048917</x>
      <y>-623.7192514471608</y>
      <steeringAngle>0.0</steeringAngle>
      <velocity>0.0</velocity>
      <orientation>1.6991185666346817</orientation>
      <time>97</time>
    </ksState>
    <ksState>
      <x>149.48228494048917</x>
      <y>-623.7192514471608</y>
      <steeringAngle>0.0</steeringAngle>
      <velocity>0.0</velocity>
      <orientation>1.6991185666346817</orientation>
      <time>98</time>
    </ksState>
    <ksState>
      <x>149.48228494048917</x>
      <y>-623.7192514471608</y>
      <steeringAngle>0.0</steeringAngle>
      <velocity>0.0</velocity>
      <orientation>1.6991185666346817</orientation>
      <time>99</time>
    </ksState>
  </ksTrajectory>
</CommonRoadSolution>
