<?xml version="1.0" ?>
<CommonRoadSolution benchmark_id="KS2:SM1:ITA_CarpiCentro-1_3_T-1:2020a" computation_time="1.4881576830002814" date="2023-01-12T15:00:04">
  <ksTrajectory planningProblem="1">
    <ksState>
      <x>-692.38874</x>
      <y>453.61903</y>
      <steeringAngle>0.0</steeringAngle>
      <velocity>4.0</velocity>
      <orientation>2.7527052</orientation>
      <time>0</time>
    </ksState>
    <ksState>
      <x>-692.757241117198</x>
      <y>453.7746601367601</y>
      <steeringAngle>-0.035533333333333326</steeringAngle>
      <velocity>4.0</velocity>
      <orientation>2.7499489254673994</orientation>
      <time>1</time>
    </ksState>
    <ksState>
      <x>-693.1218500089055</x>
      <y>453.93956532992775</y>
      <steeringAngle>-0.07106666666666711</steeringAngle>
      <velocity>4.0</velocity>
      <orientation>2.741673164924114</orientation>
      <time>2</time>
    </ksState>
    <ksState>
      <x>-693.4814945942726</x>
      <y>454.1157252410925</y>
      <steeringAngle>-0.10660000000000043</steeringAngle>
      <velocity>4.0</velocity>
      <orientation>2.727856925104977</orientation>
      <time>3</time>
    </ksState>
    <ksState>
      <x>-693.8349031972964</x>
      <y>454.3050614046164</y>
      <steeringAngle>-0.14213333333333378</steeringAngle>
      <velocity>4.0</velocity>
      <orientation>2.7084649987194314</orientation>
      <time>4</time>
    </ksState>
    <ksState>
      <x>-694.180568405218</x>
      <y>454.5094154271082</y>
      <steeringAngle>-0.1776666666666672</steeringAngle>
      <velocity>4.0</velocity>
      <orientation>2.683447592268034</orientation>
      <time>5</time>
    </ksState>
    <ksState>
      <x>-694.4834678481833</x>
      <y>454.7078264455927</y>
      <steeringAngle>-0.21319999999999997</steeringAngle>
      <velocity>3.2</velocity>
      <orientation>2.655906046704599</orientation>
      <time>6</time>
    </ksState>
    <ksState>
      <x>-694.7121433100689</x>
      <y>454.8733747243342</y>
      <steeringAngle>-0.24873333333333342</steeringAngle>
      <velocity>2.4000000000000004</velocity>
      <orientation>2.6304678163179496</orientation>
      <time>7</time>
    </ksState>
    <ksState>
      <x>-694.8706216761555</x>
      <y>454.99898991718993</y>
      <steeringAngle>-0.2842666666666668</steeringAngle>
      <velocity>1.600000000000001</velocity>
      <orientation>2.60939291652737</orientation>
      <time>8</time>
    </ksState>
    <ksState>
      <x>-694.9630706221341</x>
      <y>455.07818487769407</y>
      <steeringAngle>-0.3197999999999999</steeringAngle>
      <velocity>0.8000000000000007</velocity>
      <orientation>2.5949944892266656</orientation>
      <time>9</time>
    </ksState>
    <ksState>
      <x>-694.993220191447</x>
      <y>455.1055477958901</y>
      <steeringAngle>-0.3553333333333332</steeringAngle>
      <velocity>5.551115123125783e-16</velocity>
      <orientation>2.589652847590936</orientation>
      <time>10</time>
    </ksState>
    <ksState>
      <x>-694.993220191447</x>
      <y>455.1055477958901</y>
      <steeringAngle>-0.3198</steeringAngle>
      <velocity>0.0</velocity>
      <orientation>2.589652847590936</orientation>
      <time>11</time>
    </ksState>
    <ksState>
      <x>-694.993220191447</x>
      <y>455.1055477958901</y>
      <steeringAngle>-0.2842666666666666</steeringAngle>
      <velocity>0.0</velocity>
      <orientation>2.589652847590936</orientation>
      <time>12</time>
    </ksState>
    <ksState>
      <x>-694.993220191447</x>
      <y>455.1055477958901</y>
      <steeringAngle>-0.24873333333333333</steeringAngle>
      <velocity>0.0</velocity>
      <orientation>2.589652847590936</orientation>
      <time>13</time>
    </ksState>
    <ksState>
      <x>-694.993220191447</x>
      <y>455.1055477958901</y>
      <steeringAngle>-0.21320000000000003</steeringAngle>
      <velocity>0.0</velocity>
      <orientation>2.589652847590936</orientation>
      <time>14</time>
    </ksState>
    <ksState>
      <x>-694.993220191447</x>
      <y>455.1055477958901</y>
      <steeringAngle>-0.1776666666666667</steeringAngle>
      <velocity>0.0</velocity>
      <orientation>2.589652847590936</orientation>
      <time>15</time>
    </ksState>
    <ksState>
      <x>-694.993220191447</x>
      <y>455.1055477958901</y>
      <steeringAngle>-0.14213333333333336</steeringAngle>
      <velocity>0.0</velocity>
      <orientation>2.589652847590936</orientation>
      <time>16</time>
    </ksState>
    <ksState>
      <x>-694.993220191447</x>
      <y>455.1055477958901</y>
      <steeringAngle>-0.10660000000000001</steeringAngle>
      <velocity>0.0</velocity>
      <orientation>2.589652847590936</orientation>
      <time>17</time>
    </ksState>
    <ksState>
      <x>-694.993220191447</x>
      <y>455.1055477958901</y>
      <steeringAngle>-0.07106666666666668</steeringAngle>
      <velocity>0.0</velocity>
      <orientation>2.589652847590936</orientation>
      <time>18</time>
    </ksState>
    <ksState>
      <x>-694.993220191447</x>
      <y>455.1055477958901</y>
      <steeringAngle>-0.03553333333333333</steeringAngle>
      <velocity>0.0</velocity>
      <orientation>2.589652847590936</orientation>
      <time>19</time>
    </ksState>
    <ksState>
      <x>-694.993220191447</x>
      <y>455.1055477958901</y>
      <steeringAngle>-0.0</steeringAngle>
      <velocity>0.0</velocity>
      <orientation>2.589652847590936</orientation>
      <time>20</time>
    </ksState>
    <ksState>
      <x>-694.993220191447</x>
      <y>455.1055477958901</y>
      <steeringAngle>0.0</steeringAngle>
      <velocity>0.0</velocity>
      <orientation>2.589652847590936</orientation>
      <time>21</time>
    </ksState>
    <ksState>
      <x>-694.993220191447</x>
      <y>455.1055477958901</y>
      <steeringAngle>0.0</steeringAngle>
      <velocity>0.0</velocity>
      <orientation>2.589652847590936</orientation>
      <time>22</time>
    </ksState>
    <ksState>
      <x>-694.993220191447</x>
      <y>455.1055477958901</y>
      <steeringAngle>0.0</steeringAngle>
      <velocity>0.0</velocity>
      <orientation>2.589652847590936</orientation>
      <time>23</time>
    </ksState>
    <ksState>
      <x>-694.993220191447</x>
      <y>455.1055477958901</y>
      <steeringAngle>0.0</steeringAngle>
      <velocity>0.0</velocity>
      <orientation>2.589652847590936</orientation>
      <time>24</time>
    </ksState>
    <ksState>
      <x>-694.993220191447</x>
      <y>455.1055477958901</y>
      <steeringAngle>0.0</steeringAngle>
      <velocity>0.0</velocity>
      <orientation>2.589652847590936</orientation>
      <time>25</time>
    </ksState>
    <ksState>
      <x>-694.993220191447</x>
      <y>455.1055477958901</y>
      <steeringAngle>0.0</steeringAngle>
      <velocity>0.0</velocity>
      <orientation>2.589652847590936</orientation>
      <time>26</time>
    </ksState>
    <ksState>
      <x>-694.993220191447</x>
      <y>455.1055477958901</y>
      <steeringAngle>0.0</steeringAngle>
      <velocity>0.0</velocity>
      <orientation>2.589652847590936</orientation>
      <time>27</time>
    </ksState>
    <ksState>
      <x>-694.993220191447</x>
      <y>455.1055477958901</y>
      <steeringAngle>0.0</steeringAngle>
      <velocity>0.0</velocity>
      <orientation>2.589652847590936</orientation>
      <time>28</time>
    </ksState>
    <ksState>
      <x>-694.993220191447</x>
      <y>455.1055477958901</y>
      <steeringAngle>0.0</steeringAngle>
      <velocity>0.0</velocity>
      <orientation>2.589652847590936</orientation>
      <time>29</time>
    </ksState>
    <ksState>
      <x>-694.993220191447</x>
      <y>455.1055477958901</y>
      <steeringAngle>0.0</steeringAngle>
      <velocity>0.0</velocity>
      <orientation>2.589652847590936</orientation>
      <time>30</time>
    </ksState>
    <ksState>
      <x>-694.993220191447</x>
      <y>455.1055477958901</y>
      <steeringAngle>0.0</steeringAngle>
      <velocity>0.0</velocity>
      <orientation>2.589652847590936</orientation>
      <time>31</time>
    </ksState>
    <ksState>
      <x>-694.993220191447</x>
      <y>455.1055477958901</y>
      <steeringAngle>0.0</steeringAngle>
      <velocity>0.0</velocity>
      <orientation>2.589652847590936</orientation>
      <time>32</time>
    </ksState>
    <ksState>
      <x>-694.993220191447</x>
      <y>455.1055477958901</y>
      <steeringAngle>0.0</steeringAngle>
      <velocity>0.0</velocity>
      <orientation>2.589652847590936</orientation>
      <time>33</time>
    </ksState>
  </ksTrajectory>
</CommonRoadSolution>
