<?xml version="1.0" ?>
<CommonRoadSolution benchmark_id="KS2:SM1:DEU_Reutlingen-4_1_T-1:2020a" computation_time="1.9175846139996793" date="2023-01-12T15:00:04">
  <ksTrajectory planningProblem="123">
    <ksState>
      <x>-177.66567</x>
      <y>387.98448</y>
      <steeringAngle>0.0</steeringAngle>
      <velocity>0.0</velocity>
      <orientation>-2.0311571</orientation>
      <time>0</time>
    </ksState>
    <ksState>
      <x>-177.6829670792687</x>
      <y>387.94840947220547</y>
      <steeringAngle>0.03553333333333333</steeringAngle>
      <velocity>0.8</velocity>
      <orientation>-2.030789568221758</orientation>
      <time>1</time>
    </ksState>
    <ksState>
      <x>-177.7328315740864</x>
      <y>387.83919946764996</y>
      <steeringAngle>0.0710666666666667</steeringAngle>
      <velocity>1.6</velocity>
      <orientation>-2.0282147216297726</orientation>
      <time>2</time>
    </ksState>
    <ksState>
      <x>-177.8116192865175</x>
      <y>387.6551054191385</y>
      <steeringAngle>0.10660000000000003</steeringAngle>
      <velocity>2.4000000000000004</velocity>
      <orientation>-2.021214017392935</orientation>
      <time>3</time>
    </ksState>
    <ksState>
      <x>-177.91430764767932</x>
      <y>387.39389967093797</y>
      <steeringAngle>0.14213333333333342</steeringAngle>
      <velocity>3.2000000000000015</velocity>
      <orientation>-2.0075463764521153</orientation>
      <time>4</time>
    </ksState>
    <ksState>
      <x>-178.0337253320335</x>
      <y>387.0527856338547</y>
      <steeringAngle>0.17766666666666683</steeringAngle>
      <velocity>4.0000000000000036</velocity>
      <orientation>-1.984936460578895</orientation>
      <time>5</time>
    </ksState>
    <ksState>
      <x>-178.16442187390854</x>
      <y>386.63040803415174</y>
      <steeringAngle>0.17766666666666667</steeringAngle>
      <velocity>4.800000000000002</velocity>
      <orientation>-1.954300923536561</orientation>
      <time>6</time>
    </ksState>
    <ksState>
      <x>-178.30211346890434</x>
      <y>386.12635990564723</y>
      <steeringAngle>0.17766666666666667</steeringAngle>
      <velocity>5.600000000000001</velocity>
      <orientation>-1.918095288860021</orientation>
      <time>7</time>
    </ksState>
    <ksState>
      <x>-178.4381941432935</x>
      <y>385.53902549547956</y>
      <steeringAngle>0.17766666666666667</steeringAngle>
      <velocity>6.3999999999999995</velocity>
      <orientation>-1.876319556550381</orientation>
      <time>8</time>
    </ksState>
    <ksState>
      <x>-178.5626113658227</x>
      <y>384.8671843911919</y>
      <steeringAngle>0.17766666666666667</steeringAngle>
      <velocity>7.200000000000002</velocity>
      <orientation>-1.828973726608284</orientation>
      <time>9</time>
    </ksState>
    <ksState>
      <x>-178.66386228844172</x>
      <y>384.1102960881084</y>
      <steeringAngle>0.17766666666666667</steeringAngle>
      <velocity>8.0</velocity>
      <orientation>-1.776057799034134</orientation>
      <time>10</time>
    </ksState>
    <ksState>
      <x>-178.72703668195348</x>
      <y>383.308970973843</y>
      <steeringAngle>0.17766666666666667</steeringAngle>
      <velocity>8.0</velocity>
      <orientation>-1.7203568227236221</orientation>
      <time>11</time>
    </ksState>
    <ksState>
      <x>-178.74550159119443</x>
      <y>382.5053715406137</y>
      <steeringAngle>0.17766666666666667</steeringAngle>
      <velocity>8.0</velocity>
      <orientation>-1.6646558464131105</orientation>
      <time>12</time>
    </ksState>
    <ksState>
      <x>-178.7191997351292</x>
      <y>381.70199042460234</y>
      <steeringAngle>0.17766666666666667</steeringAngle>
      <velocity>8.0</velocity>
      <orientation>-1.6089548701025986</orientation>
      <time>13</time>
    </ksState>
    <ksState>
      <x>-178.64821269677452</x>
      <y>380.90131955055887</y>
      <steeringAngle>0.17766666666666667</steeringAngle>
      <velocity>8.0</velocity>
      <orientation>-1.553253893792087</orientation>
      <time>14</time>
    </ksState>
    <ksState>
      <x>-178.53276066295413</x>
      <y>380.1058424360295</y>
      <steeringAngle>0.17766666666666667</steeringAngle>
      <velocity>8.0</velocity>
      <orientation>-1.4975529174815752</orientation>
      <time>15</time>
    </ksState>
    <ksState>
      <x>-178.3732017350452</x>
      <y>379.31802653667694</y>
      <steeringAngle>0.17766666666666667</steeringAngle>
      <velocity>8.0</velocity>
      <orientation>-1.4418519411710633</orientation>
      <time>16</time>
    </ksState>
    <ksState>
      <x>-178.17003083666222</x>
      <y>378.5403154154951</y>
      <steeringAngle>0.17766666666666667</steeringAngle>
      <velocity>8.0</velocity>
      <orientation>-1.3861509648605517</orientation>
      <time>17</time>
    </ksState>
    <ksState>
      <x>-177.92387816562027</x>
      <y>377.7751214088961</y>
      <steeringAngle>0.17766666666666667</steeringAngle>
      <velocity>8.0</velocity>
      <orientation>-1.3304499885500398</orientation>
      <time>18</time>
    </ksState>
    <ksState>
      <x>-177.6355072374285</x>
      <y>377.0248179929838</y>
      <steeringAngle>0.17766666666666667</steeringAngle>
      <velocity>8.0</velocity>
      <orientation>-1.2747490122395282</orientation>
      <time>19</time>
    </ksState>
    <ksState>
      <x>-177.30581251936317</x>
      <y>376.29173245586475</y>
      <steeringAngle>0.17766666666666667</steeringAngle>
      <velocity>8.0</velocity>
      <orientation>-1.2190480359290163</orientation>
      <time>20</time>
    </ksState>
    <ksState>
      <x>-176.93581666336004</x>
      <y>375.578138727411</y>
      <steeringAngle>0.17766666666666667</steeringAngle>
      <velocity>8.0</velocity>
      <orientation>-1.1633470596185045</orientation>
      <time>21</time>
    </ksState>
    <ksState>
      <x>-176.52666730296048</x>
      <y>374.8862501505113</y>
      <steeringAngle>0.17766666666666667</steeringAngle>
      <velocity>8.0</velocity>
      <orientation>-1.1076460833079929</orientation>
      <time>22</time>
    </ksState>
    <ksState>
      <x>-176.07963354869645</x>
      <y>374.2182128553363</y>
      <steeringAngle>0.17766666666666667</steeringAngle>
      <velocity>8.0</velocity>
      <orientation>-1.051945106997481</orientation>
      <time>23</time>
    </ksState>
    <ksState>
      <x>-175.59610200832074</x>
      <y>373.57609895763756</y>
      <steeringAngle>0.17766666666666667</steeringAngle>
      <velocity>8.0</velocity>
      <orientation>-0.9962441306869693</orientation>
      <time>24</time>
    </ksState>
    <ksState>
      <x>-175.07757249752817</x>
      <y>372.9619001638497</y>
      <steeringAngle>0.17766666666666667</steeringAngle>
      <velocity>8.0</velocity>
      <orientation>-0.9405431543764575</orientation>
      <time>25</time>
    </ksState>
    <ksState>
      <x>-174.52565340824066</x>
      <y>372.37752163786837</y>
      <steeringAngle>0.17766666666666667</steeringAngle>
      <velocity>8.0</velocity>
      <orientation>-0.8848421780659458</orientation>
      <time>26</time>
    </ksState>
    <ksState>
      <x>-173.9420566416587</x>
      <y>371.82477593142215</y>
      <steeringAngle>0.17766666666666667</steeringAngle>
      <velocity>8.0</velocity>
      <orientation>-0.829141201755434</orientation>
      <time>27</time>
    </ksState>
    <ksState>
      <x>-173.328592417151</x>
      <y>371.30537757712625</y>
      <steeringAngle>0.17766666666666667</steeringAngle>
      <velocity>8.0</velocity>
      <orientation>-0.7734402254449223</orientation>
      <time>28</time>
    </ksState>
    <ksState>
      <x>-172.68716357592174</x>
      <y>370.8209376429804</y>
      <steeringAngle>0.17766666666666667</steeringAngle>
      <velocity>8.0</velocity>
      <orientation>-0.7177392491344105</orientation>
      <time>29</time>
    </ksState>
    <ksState>
      <x>-172.019759698933</x>
      <y>370.3729587630835</y>
      <steeringAngle>0.17766666666666667</steeringAngle>
      <velocity>8.0</velocity>
      <orientation>-0.6620382728238987</orientation>
      <time>30</time>
    </ksState>
    <ksState>
      <x>-171.33394470859128</x>
      <y>369.95499006977883</y>
      <steeringAngle>0.14213333333333336</steeringAngle>
      <velocity>8.0</velocity>
      <orientation>-0.6120034612751503</orientation>
      <time>31</time>
    </ksState>
    <ksState>
      <x>-170.6391650376494</x>
      <y>369.5545808811066</y>
      <steeringAngle>0.1066000000000001</steeringAngle>
      <velocity>8.0</velocity>
      <orientation>-0.573219609268153</orientation>
      <time>32</time>
    </ksState>
    <ksState>
      <x>-169.9398742906623</x>
      <y>369.1639976179411</y>
      <steeringAngle>0.07106666666666674</steeringAngle>
      <velocity>8.0</velocity>
      <orientation>-0.5455871302384661</orientation>
      <time>33</time>
    </ksState>
    <ksState>
      <x>-169.24018250896725</x>
      <y>368.775402842428</y>
      <steeringAngle>0.035533333333333354</steeringAngle>
      <velocity>8.0</velocity>
      <orientation>-0.5290356096094366</orientation>
      <time>34</time>
    </ksState>
    <ksState>
      <x>-168.54412930164327</x>
      <y>368.3809649666235</y>
      <steeringAngle>2.0816681711721685e-17</steeringAngle>
      <velocity>8.0</velocity>
      <orientation>-0.5235230831510318</orientation>
      <time>35</time>
    </ksState>
    <ksState>
      <x>-167.85595527923087</x>
      <y>367.9729641209776</y>
      <steeringAngle>-0.03553333333333333</steeringAngle>
      <velocity>8.0</velocity>
      <orientation>-0.5290356181538706</orientation>
      <time>36</time>
    </ksState>
    <ksState>
      <x>-167.18036841352014</x>
      <y>367.5439099741398</y>
      <steeringAngle>-0.07106666666666667</steeringAngle>
      <velocity>8.0</velocity>
      <orientation>-0.5455871390341402</orientation>
      <time>37</time>
    </ksState>
    <ksState>
      <x>-166.52280184748267</x>
      <y>367.0866872998852</y>
      <steeringAngle>-0.10659999999999997</steeringAngle>
      <velocity>8.0</velocity>
      <orientation>-0.5732196183248351</orientation>
      <time>38</time>
    </ksState>
    <ksState>
      <x>-165.88965586214374</x>
      <y>366.5947444625526</y>
      <steeringAngle>-0.1421333333333333</steeringAngle>
      <velocity>8.0</velocity>
      <orientation>-0.6120034705975701</orientation>
      <time>39</time>
    </ksState>
    <ksState>
      <x>-165.28851465849507</x>
      <y>366.0623399076217</y>
      <steeringAngle>-0.17766666666666667</steeringAngle>
      <velocity>8.0</velocity>
      <orientation>-0.6620382828467247</orientation>
      <time>40</time>
    </ksState>
    <ksState>
      <x>-164.71570983961115</x>
      <y>365.4993703977692</y>
      <steeringAngle>-0.14213333333333336</steeringAngle>
      <velocity>8.0</velocity>
      <orientation>-0.7120730943954732</orientation>
      <time>41</time>
    </ksState>
    <ksState>
      <x>-164.15774340803904</x>
      <y>364.9234192099365</y>
      <steeringAngle>-0.1066000000000001</steeringAngle>
      <velocity>8.0</velocity>
      <orientation>-0.7508569464024705</orientation>
      <time>42</time>
    </ksState>
    <ksState>
      <x>-163.6082036459111</x>
      <y>364.3406938165245</y>
      <steeringAngle>-0.07106666666666674</steeringAngle>
      <velocity>8.0</velocity>
      <orientation>-0.7784894254321574</orientation>
      <time>43</time>
    </ksState>
    <ksState>
      <x>-163.06049421508936</x>
      <y>363.7570938950743</y>
      <steeringAngle>-0.035533333333333354</steeringAngle>
      <velocity>8.0</velocity>
      <orientation>-0.7950409460611867</orientation>
      <time>44</time>
    </ksState>
    <ksState>
      <x>-162.50800724892972</x>
      <y>363.17844939495455</y>
      <steeringAngle>-2.0816681711721685e-17</steeringAngle>
      <velocity>8.0</velocity>
      <orientation>-0.8005534725195915</orientation>
      <time>45</time>
    </ksState>
    <ksState>
      <x>-161.9509595963116</x>
      <y>362.60425612373604</y>
      <steeringAngle>0.0</steeringAngle>
      <velocity>8.0</velocity>
      <orientation>-0.8005534725195915</orientation>
      <time>46</time>
    </ksState>
    <ksState>
      <x>-161.3939119436935</x>
      <y>362.03006285251746</y>
      <steeringAngle>0.0</steeringAngle>
      <velocity>8.0</velocity>
      <orientation>-0.8005534725195915</orientation>
      <time>47</time>
    </ksState>
    <ksState>
      <x>-160.83686429107536</x>
      <y>361.45586958129894</y>
      <steeringAngle>0.0</steeringAngle>
      <velocity>8.0</velocity>
      <orientation>-0.8005534725195915</orientation>
      <time>48</time>
    </ksState>
    <ksState>
      <x>-160.27981663845725</x>
      <y>360.8816763100804</y>
      <steeringAngle>0.0</steeringAngle>
      <velocity>8.0</velocity>
      <orientation>-0.8005534725195915</orientation>
      <time>49</time>
    </ksState>
    <ksState>
      <x>-159.72276898583914</x>
      <y>360.30748303886185</y>
      <steeringAngle>0.0</steeringAngle>
      <velocity>8.0</velocity>
      <orientation>-0.8005534725195915</orientation>
      <time>50</time>
    </ksState>
    <ksState>
      <x>-159.16572133322103</x>
      <y>359.7332897676433</y>
      <steeringAngle>0.0</steeringAngle>
      <velocity>8.0</velocity>
      <orientation>-0.8005534725195915</orientation>
      <time>51</time>
    </ksState>
    <ksState>
      <x>-158.60867368060292</x>
      <y>359.15909649642475</y>
      <steeringAngle>0.0</steeringAngle>
      <velocity>8.0</velocity>
      <orientation>-0.8005534725195915</orientation>
      <time>52</time>
    </ksState>
    <ksState>
      <x>-158.05162602798478</x>
      <y>358.58490322520623</y>
      <steeringAngle>0.0</steeringAngle>
      <velocity>8.0</velocity>
      <orientation>-0.8005534725195915</orientation>
      <time>53</time>
    </ksState>
    <ksState>
      <x>-157.49457837536667</x>
      <y>358.0107099539877</y>
      <steeringAngle>0.0</steeringAngle>
      <velocity>8.0</velocity>
      <orientation>-0.8005534725195915</orientation>
      <time>54</time>
    </ksState>
    <ksState>
      <x>-156.93753072274856</x>
      <y>357.43651668276914</y>
      <steeringAngle>0.0</steeringAngle>
      <velocity>8.0</velocity>
      <orientation>-0.8005534725195915</orientation>
      <time>55</time>
    </ksState>
    <ksState>
      <x>-156.38048307013045</x>
      <y>356.8623234115506</y>
      <steeringAngle>0.0</steeringAngle>
      <velocity>8.0</velocity>
      <orientation>-0.8005534725195915</orientation>
      <time>56</time>
    </ksState>
    <ksState>
      <x>-155.82343541751234</x>
      <y>356.28813014033204</y>
      <steeringAngle>0.0</steeringAngle>
      <velocity>8.0</velocity>
      <orientation>-0.8005534725195915</orientation>
      <time>57</time>
    </ksState>
    <ksState>
      <x>-155.2663877648942</x>
      <y>355.7139368691135</y>
      <steeringAngle>0.0</steeringAngle>
      <velocity>8.0</velocity>
      <orientation>-0.8005534725195915</orientation>
      <time>58</time>
    </ksState>
    <ksState>
      <x>-154.7093401122761</x>
      <y>355.139743597895</y>
      <steeringAngle>0.0</steeringAngle>
      <velocity>8.0</velocity>
      <orientation>-0.8005534725195915</orientation>
      <time>59</time>
    </ksState>
    <ksState>
      <x>-154.15229245965799</x>
      <y>354.56555032667643</y>
      <steeringAngle>0.0</steeringAngle>
      <velocity>8.0</velocity>
      <orientation>-0.8005534725195915</orientation>
      <time>60</time>
    </ksState>
    <ksState>
      <x>-153.59524480703988</x>
      <y>353.9913570554579</y>
      <steeringAngle>0.0</steeringAngle>
      <velocity>8.0</velocity>
      <orientation>-0.8005534725195915</orientation>
      <time>61</time>
    </ksState>
    <ksState>
      <x>-153.03819715442177</x>
      <y>353.41716378423934</y>
      <steeringAngle>0.0</steeringAngle>
      <velocity>8.0</velocity>
      <orientation>-0.8005534725195915</orientation>
      <time>62</time>
    </ksState>
    <ksState>
      <x>-152.48114950180363</x>
      <y>352.8429705130208</y>
      <steeringAngle>0.0</steeringAngle>
      <velocity>8.0</velocity>
      <orientation>-0.8005534725195915</orientation>
      <time>63</time>
    </ksState>
    <ksState>
      <x>-151.92410184918552</x>
      <y>352.2687772418023</y>
      <steeringAngle>0.0</steeringAngle>
      <velocity>8.0</velocity>
      <orientation>-0.8005534725195915</orientation>
      <time>64</time>
    </ksState>
    <ksState>
      <x>-151.3670541965674</x>
      <y>351.6945839705837</y>
      <steeringAngle>0.0</steeringAngle>
      <velocity>8.0</velocity>
      <orientation>-0.8005534725195915</orientation>
      <time>65</time>
    </ksState>
    <ksState>
      <x>-150.8100065439493</x>
      <y>351.1203906993652</y>
      <steeringAngle>0.0</steeringAngle>
      <velocity>8.0</velocity>
      <orientation>-0.8005534725195915</orientation>
      <time>66</time>
    </ksState>
    <ksState>
      <x>-150.2529588913312</x>
      <y>350.5461974281466</y>
      <steeringAngle>0.0</steeringAngle>
      <velocity>8.0</velocity>
      <orientation>-0.8005534725195915</orientation>
      <time>67</time>
    </ksState>
    <ksState>
      <x>-149.69591123871305</x>
      <y>349.9720041569281</y>
      <steeringAngle>0.0</steeringAngle>
      <velocity>8.0</velocity>
      <orientation>-0.8005534725195915</orientation>
      <time>68</time>
    </ksState>
    <ksState>
      <x>-149.13886358609494</x>
      <y>349.3978108857096</y>
      <steeringAngle>0.0</steeringAngle>
      <velocity>8.0</velocity>
      <orientation>-0.8005534725195915</orientation>
      <time>69</time>
    </ksState>
    <ksState>
      <x>-148.58181593347683</x>
      <y>348.823617614491</y>
      <steeringAngle>0.0</steeringAngle>
      <velocity>8.0</velocity>
      <orientation>-0.8005534725195915</orientation>
      <time>70</time>
    </ksState>
    <ksState>
      <x>-148.02476828085872</x>
      <y>348.2494243432725</y>
      <steeringAngle>0.0</steeringAngle>
      <velocity>8.0</velocity>
      <orientation>-0.8005534725195915</orientation>
      <time>71</time>
    </ksState>
    <ksState>
      <x>-147.4677206282406</x>
      <y>347.6752310720539</y>
      <steeringAngle>0.0</steeringAngle>
      <velocity>8.0</velocity>
      <orientation>-0.8005534725195915</orientation>
      <time>72</time>
    </ksState>
    <ksState>
      <x>-146.91067297562248</x>
      <y>347.1010378008354</y>
      <steeringAngle>0.0</steeringAngle>
      <velocity>8.0</velocity>
      <orientation>-0.8005534725195915</orientation>
      <time>73</time>
    </ksState>
    <ksState>
      <x>-146.35362532300437</x>
      <y>346.5268445296169</y>
      <steeringAngle>0.0</steeringAngle>
      <velocity>8.0</velocity>
      <orientation>-0.8005534725195915</orientation>
      <time>74</time>
    </ksState>
    <ksState>
      <x>-145.79657767038626</x>
      <y>345.9526512583983</y>
      <steeringAngle>0.0</steeringAngle>
      <velocity>8.0</velocity>
      <orientation>-0.8005534725195915</orientation>
      <time>75</time>
    </ksState>
    <ksState>
      <x>-145.24623086238543</x>
      <y>345.3719908015956</y>
      <steeringAngle>-0.03553333333333333</steeringAngle>
      <velocity>8.0</velocity>
      <orientation>-0.8060660075224303</orientation>
      <time>76</time>
    </ksState>
    <ksState>
      <x>-144.71374937416732</x>
      <y>344.774522359965</y>
      <steeringAngle>-0.07106666666666667</steeringAngle>
      <velocity>8.0</velocity>
      <orientation>-0.8226175284027</orientation>
      <time>77</time>
    </ksState>
    <ksState>
      <x>-144.20630521085565</x>
      <y>344.15488796474165</y>
      <steeringAngle>-0.10659999999999997</steeringAngle>
      <velocity>8.0</velocity>
      <orientation>-0.8502500076933949</orientation>
      <time>78</time>
    </ksState>
    <ksState>
      <x>-143.7318464981746</x>
      <y>343.50853626178514</y>
      <steeringAngle>-0.1421333333333333</steeringAngle>
      <velocity>8.0</velocity>
      <orientation>-0.8890338599661298</orientation>
      <time>79</time>
    </ksState>
    <ksState>
      <x>-143.29923858358256</x>
      <y>342.83201889388715</y>
      <steeringAngle>-0.17766666666666667</steeringAngle>
      <velocity>8.0</velocity>
      <orientation>-0.9390686722152845</orientation>
      <time>80</time>
    </ksState>
    <ksState>
      <x>-142.9022461699944</x>
      <y>342.13385197035547</y>
      <steeringAngle>-0.14213333333333336</steeringAngle>
      <velocity>8.0</velocity>
      <orientation>-0.9891034837640329</orientation>
      <time>81</time>
    </ksState>
    <ksState>
      <x>-142.52307687880904</x>
      <y>341.42725664193244</y>
      <steeringAngle>-0.1066000000000001</steeringAngle>
      <velocity>8.0</velocity>
      <orientation>-1.0278873357710303</orientation>
      <time>82</time>
    </ksState>
    <ksState>
      <x>-142.1538657123401</x>
      <y>340.71645009381865</y>
      <steeringAngle>-0.07106666666666674</steeringAngle>
      <velocity>8.0</velocity>
      <orientation>-1.0555198148007172</orientation>
      <time>83</time>
    </ksState>
    <ksState>
      <x>-141.7866542738969</x>
      <y>340.0053029582664</y>
      <steeringAngle>-0.035533333333333354</steeringAngle>
      <velocity>8.0</velocity>
      <orientation>-1.0720713354297464</orientation>
      <time>84</time>
    </ksState>
    <ksState>
      <x>-141.4134921485311</x>
      <y>339.2976156449086</y>
      <steeringAngle>-2.0816681711721685e-17</steeringAngle>
      <velocity>8.0</velocity>
      <orientation>-1.0775838618881513</orientation>
      <time>85</time>
    </ksState>
    <ksState>
      <x>-141.0265344968264</x>
      <y>338.5973928582484</y>
      <steeringAngle>0.03553333333333333</steeringAngle>
      <velocity>8.0</velocity>
      <orientation>-1.0720713268853124</orientation>
      <time>86</time>
    </ksState>
    <ksState>
      <x>-140.61815174829223</x>
      <y>337.9091134057444</y>
      <steeringAngle>0.07106666666666667</steeringAngle>
      <velocity>8.0</velocity>
      <orientation>-1.0555198060050428</orientation>
      <time>87</time>
    </ksState>
    <ksState>
      <x>-140.18106728824517</x>
      <y>337.2379923008697</y>
      <steeringAngle>0.10659999999999997</steeringAngle>
      <velocity>8.0</velocity>
      <orientation>-1.027887326714348</orientation>
      <time>88</time>
    </ksState>
    <ksState>
      <x>-139.70853852362637</x>
      <y>336.59022833107707</y>
      <steeringAngle>0.1421333333333333</steeringAngle>
      <velocity>8.0</velocity>
      <orientation>-0.989103474441613</orientation>
      <time>89</time>
    </ksState>
    <ksState>
      <x>-139.19459669057053</x>
      <y>335.9732282102744</y>
      <steeringAngle>0.17766666666666667</steeringAngle>
      <velocity>8.0</velocity>
      <orientation>-0.9390686621924583</orientation>
      <time>90</time>
    </ksState>
    <ksState>
      <x>-138.64924518021195</x>
      <y>335.3836251576111</y>
      <steeringAngle>0.14213333333333336</steeringAngle>
      <velocity>8.0</velocity>
      <orientation>-0.8890338506437099</orientation>
      <time>91</time>
    </ksState>
    <ksState>
      <x>-138.0904682629404</x>
      <y>334.80846025408187</y>
      <steeringAngle>0.1066000000000001</steeringAngle>
      <velocity>8.0</velocity>
      <orientation>-0.8502499986367126</orientation>
      <time>92</time>
    </ksState>
    <ksState>
      <x>-137.52466487324415</x>
      <y>334.24151285044115</y>
      <steeringAngle>0.07106666666666674</steeringAngle>
      <velocity>8.0</velocity>
      <orientation>-0.8226175196070257</orientation>
      <time>93</time>
    </ksState>
    <ksState>
      <x>-136.95793188722914</x>
      <y>333.6763684339507</y>
      <steeringAngle>0.035533333333333354</steeringAngle>
      <velocity>8.0</velocity>
      <orientation>-0.8060659989779964</orientation>
      <time>94</time>
    </ksState>
    <ksState>
      <x>-136.39629683424008</x>
      <y>333.1065988554815</y>
      <steeringAngle>2.0816681711721685e-17</steeringAngle>
      <velocity>8.0</velocity>
      <orientation>-0.8005534725195915</orientation>
      <time>95</time>
    </ksState>
    <ksState>
      <x>-135.8732971625085</x>
      <y>332.55513365996603</y>
      <steeringAngle>-0.03553333333333333</steeringAngle>
      <velocity>7.199999999999999</velocity>
      <orientation>-0.8056984855020839</orientation>
      <time>96</time>
    </ksState>
    <ksState>
      <x>-135.4198198206213</x>
      <y>332.04805873926153</y>
      <steeringAngle>-0.07106666666666664</steeringAngle>
      <velocity>6.400000000000001</velocity>
      <orientation>-0.819675157623047</orientation>
      <time>97</time>
    </ksState>
    <ksState>
      <x>-135.0362505722825</x>
      <y>331.58578285668176</y>
      <steeringAngle>-0.10659999999999997</steeringAngle>
      <velocity>5.600000000000004</velocity>
      <orientation>-0.8403069254889284</orientation>
      <time>98</time>
    </ksState>
    <ksState>
      <x>-134.72086430244502</x>
      <y>331.17084722259114</y>
      <steeringAngle>-0.1421333333333333</steeringAngle>
      <velocity>4.800000000000003</velocity>
      <orientation>-0.8654231329975766</orientation>
      <time>99</time>
    </ksState>
  </ksTrajectory>
</CommonRoadSolution>
