<?xml version="1.0" ?>
<CommonRoadSolution benchmark_id="KS2:SM1:DEU_Ibbenbueren-15_4_T-1:2020a" computation_time="1.1851149249996524" date="2023-01-12T15:00:04">
  <ksTrajectory planningProblem="1">
    <ksState>
      <x>-222.26603</x>
      <y>-785.41566</y>
      <steeringAngle>0.0</steeringAngle>
      <velocity>12.0</velocity>
      <orientation>1.3481593</orientation>
      <time>0</time>
    </ksState>
    <ksState>
      <x>-222.0098992984133</x>
      <y>-784.2842904482746</y>
      <steeringAngle>0.0</steeringAngle>
      <velocity>11.200000000000001</velocity>
      <orientation>1.3481593</orientation>
      <time>1</time>
    </ksState>
    <ksState>
      <x>-221.77143278324994</x>
      <y>-783.2309463833478</y>
      <steeringAngle>0.0</steeringAngle>
      <velocity>10.4</velocity>
      <orientation>1.3481593</orientation>
      <time>2</time>
    </ksState>
    <ksState>
      <x>-221.55063045444155</x>
      <y>-782.2556278049176</y>
      <steeringAngle>0.0</steeringAngle>
      <velocity>9.599999999999998</velocity>
      <orientation>1.3481593</orientation>
      <time>3</time>
    </ksState>
    <ksState>
      <x>-221.34749231196864</x>
      <y>-781.3583347128979</y>
      <steeringAngle>0.0</steeringAngle>
      <velocity>8.799999999999999</velocity>
      <orientation>1.3481593</orientation>
      <time>4</time>
    </ksState>
    <ksState>
      <x>-221.1620183558249</x>
      <y>-780.5390671072608</y>
      <steeringAngle>0.0</steeringAngle>
      <velocity>7.999999999999997</velocity>
      <orientation>1.3481593</orientation>
      <time>5</time>
    </ksState>
    <ksState>
      <x>-220.98581386078104</x>
      <y>-779.7997468150853</y>
      <steeringAngle>-0.03553333333333333</steeringAngle>
      <velocity>7.199999999999999</velocity>
      <orientation>1.3430142870175077</orientation>
      <time>6</time>
    </ksState>
    <ksState>
      <x>-220.80881212478667</x>
      <y>-779.1429081284449</y>
      <steeringAngle>-0.07106666666666664</steeringAngle>
      <velocity>6.400000000000001</velocity>
      <orientation>1.3290376148965446</orientation>
      <time>7</time>
    </ksState>
    <ksState>
      <x>-220.63114479411502</x>
      <y>-778.5690974632441</y>
      <steeringAngle>-0.10659999999999997</steeringAngle>
      <velocity>5.600000000000004</velocity>
      <orientation>1.3084058470306632</orientation>
      <time>8</time>
    </ksState>
    <ksState>
      <x>-220.45588278908752</x>
      <y>-778.0782580707399</y>
      <steeringAngle>-0.1421333333333333</steeringAngle>
      <velocity>4.800000000000003</velocity>
      <orientation>1.283289639522015</orientation>
      <time>9</time>
    </ksState>
    <ksState>
      <x>-220.28830312571998</x>
      <y>-777.669590158999</y>
      <steeringAngle>-0.17766666666666653</steeringAngle>
      <velocity>4.000000000000006</velocity>
      <orientation>1.2558647429368652</orientation>
      <time>10</time>
    </ksState>
    <ksState>
      <x>-220.13515449582687</x>
      <y>-777.3414735608716</y>
      <steeringAngle>-0.21319999999999997</steeringAngle>
      <velocity>3.2</velocity>
      <orientation>1.2283231973734305</orientation>
      <time>11</time>
    </ksState>
    <ksState>
      <x>-220.00393859719387</x>
      <y>-777.0915113889159</y>
      <steeringAngle>-0.24873333333333342</steeringAngle>
      <velocity>2.4000000000000004</velocity>
      <orientation>1.2028849669867812</orientation>
      <time>12</time>
    </ksState>
    <ksState>
      <x>-219.90222812794033</x>
      <y>-776.9167270943186</y>
      <steeringAngle>-0.2842666666666668</steeringAngle>
      <velocity>1.600000000000001</velocity>
      <orientation>1.1818100671962015</orientation>
      <time>13</time>
    </ksState>
    <ksState>
      <x>-219.8370386512657</x>
      <y>-776.8139215423639</y>
      <steeringAngle>-0.3197999999999999</steeringAngle>
      <velocity>0.8000000000000007</velocity>
      <orientation>1.167411639895497</orientation>
      <time>14</time>
    </ksState>
    <ksState>
      <x>-219.8142589418432</x>
      <y>-776.7801752735245</y>
      <steeringAngle>-0.3553333333333332</steeringAngle>
      <velocity>5.551115123125783e-16</velocity>
      <orientation>1.1620699982597678</orientation>
      <time>15</time>
    </ksState>
    <ksState>
      <x>-219.8142589418432</x>
      <y>-776.7801752735245</y>
      <steeringAngle>-0.3198</steeringAngle>
      <velocity>0.0</velocity>
      <orientation>1.1620699982597678</orientation>
      <time>16</time>
    </ksState>
    <ksState>
      <x>-219.8142589418432</x>
      <y>-776.7801752735245</y>
      <steeringAngle>-0.2842666666666666</steeringAngle>
      <velocity>0.0</velocity>
      <orientation>1.1620699982597678</orientation>
      <time>17</time>
    </ksState>
    <ksState>
      <x>-219.8142589418432</x>
      <y>-776.7801752735245</y>
      <steeringAngle>-0.24873333333333333</steeringAngle>
      <velocity>0.0</velocity>
      <orientation>1.1620699982597678</orientation>
      <time>18</time>
    </ksState>
    <ksState>
      <x>-219.8142589418432</x>
      <y>-776.7801752735245</y>
      <steeringAngle>-0.21320000000000003</steeringAngle>
      <velocity>0.0</velocity>
      <orientation>1.1620699982597678</orientation>
      <time>19</time>
    </ksState>
    <ksState>
      <x>-219.8142589418432</x>
      <y>-776.7801752735245</y>
      <steeringAngle>-0.1776666666666667</steeringAngle>
      <velocity>0.0</velocity>
      <orientation>1.1620699982597678</orientation>
      <time>20</time>
    </ksState>
    <ksState>
      <x>-219.8142589418432</x>
      <y>-776.7801752735245</y>
      <steeringAngle>-0.14213333333333336</steeringAngle>
      <velocity>0.0</velocity>
      <orientation>1.1620699982597678</orientation>
      <time>21</time>
    </ksState>
    <ksState>
      <x>-219.8142589418432</x>
      <y>-776.7801752735245</y>
      <steeringAngle>-0.10660000000000001</steeringAngle>
      <velocity>0.0</velocity>
      <orientation>1.1620699982597678</orientation>
      <time>22</time>
    </ksState>
    <ksState>
      <x>-219.8142589418432</x>
      <y>-776.7801752735245</y>
      <steeringAngle>-0.07106666666666668</steeringAngle>
      <velocity>0.0</velocity>
      <orientation>1.1620699982597678</orientation>
      <time>23</time>
    </ksState>
    <ksState>
      <x>-219.8142589418432</x>
      <y>-776.7801752735245</y>
      <steeringAngle>-0.03553333333333333</steeringAngle>
      <velocity>0.0</velocity>
      <orientation>1.1620699982597678</orientation>
      <time>24</time>
    </ksState>
    <ksState>
      <x>-219.8142589418432</x>
      <y>-776.7801752735245</y>
      <steeringAngle>-0.0</steeringAngle>
      <velocity>0.0</velocity>
      <orientation>1.1620699982597678</orientation>
      <time>25</time>
    </ksState>
    <ksState>
      <x>-219.8142589418432</x>
      <y>-776.7801752735245</y>
      <steeringAngle>0.0</steeringAngle>
      <velocity>0.0</velocity>
      <orientation>1.1620699982597678</orientation>
      <time>26</time>
    </ksState>
    <ksState>
      <x>-219.8142589418432</x>
      <y>-776.7801752735245</y>
      <steeringAngle>0.0</steeringAngle>
      <velocity>0.0</velocity>
      <orientation>1.1620699982597678</orientation>
      <time>27</time>
    </ksState>
    <ksState>
      <x>-219.8142589418432</x>
      <y>-776.7801752735245</y>
      <steeringAngle>0.0</steeringAngle>
      <velocity>0.0</velocity>
      <orientation>1.1620699982597678</orientation>
      <time>28</time>
    </ksState>
    <ksState>
      <x>-219.8142589418432</x>
      <y>-776.7801752735245</y>
      <steeringAngle>0.0</steeringAngle>
      <velocity>0.0</velocity>
      <orientation>1.1620699982597678</orientation>
      <time>29</time>
    </ksState>
    <ksState>
      <x>-219.8142589418432</x>
      <y>-776.7801752735245</y>
      <steeringAngle>0.0</steeringAngle>
      <velocity>0.0</velocity>
      <orientation>1.1620699982597678</orientation>
      <time>30</time>
    </ksState>
    <ksState>
      <x>-219.8142589418432</x>
      <y>-776.7801752735245</y>
      <steeringAngle>0.0</steeringAngle>
      <velocity>0.0</velocity>
      <orientation>1.1620699982597678</orientation>
      <time>31</time>
    </ksState>
    <ksState>
      <x>-219.8142589418432</x>
      <y>-776.7801752735245</y>
      <steeringAngle>0.0</steeringAngle>
      <velocity>0.0</velocity>
      <orientation>1.1620699982597678</orientation>
      <time>32</time>
    </ksState>
    <ksState>
      <x>-219.8142589418432</x>
      <y>-776.7801752735245</y>
      <steeringAngle>0.0</steeringAngle>
      <velocity>0.0</velocity>
      <orientation>1.1620699982597678</orientation>
      <time>33</time>
    </ksState>
  </ksTrajectory>
</CommonRoadSolution>
