<?xml version="1.0" ?>
<CommonRoadSolution benchmark_id="KS2:SM1:ITA_CarpiCentro-6_2_T-1:2020a" computation_time="1.8020010360005472" date="2023-01-12T15:00:04">
  <ksTrajectory planningProblem="1">
    <ksState>
      <x>-405.34569</x>
      <y>-363.62107</y>
      <steeringAngle>0.0</steeringAngle>
      <velocity>0.0</velocity>
      <orientation>-2.0665344</orientation>
      <time>0</time>
    </ksState>
    <ksState>
      <x>-405.36425206800845</x>
      <y>-363.65650616172576</y>
      <steeringAngle>0.03553333333333333</steeringAngle>
      <velocity>0.8</velocity>
      <orientation>-2.066166868221758</orientation>
      <time>1</time>
    </ksState>
    <ksState>
      <x>-405.4179481112796</x>
      <y>-363.7638841290908</y>
      <steeringAngle>0.0710666666666667</steeringAngle>
      <velocity>1.6</velocity>
      <orientation>-2.0635920216297725</orientation>
      <time>2</time>
    </ksState>
    <ksState>
      <x>-405.50319791729805</x>
      <y>-363.94507627268786</y>
      <steeringAngle>0.10660000000000003</steeringAngle>
      <velocity>2.4000000000000004</velocity>
      <orientation>-2.056591317392935</orientation>
      <time>3</time>
    </ksState>
    <ksState>
      <x>-405.61506085186716</x>
      <y>-364.20248650224505</y>
      <steeringAngle>0.14213333333333342</steeringAngle>
      <velocity>3.2000000000000015</velocity>
      <orientation>-2.0429236764521153</orientation>
      <time>4</time>
    </ksState>
    <ksState>
      <x>-405.74646899176776</x>
      <y>-364.53916330631637</y>
      <steeringAngle>0.17766666666666683</steeringAngle>
      <velocity>4.0000000000000036</velocity>
      <orientation>-2.020313760578895</orientation>
      <time>5</time>
    </ksState>
    <ksState>
      <x>-405.8752626202596</x>
      <y>-364.9203344937443</y>
      <steeringAngle>0.21319999999999995</steeringAngle>
      <velocity>4.0</velocity>
      <orientation>-1.9896059779413946</orientation>
      <time>6</time>
    </ksState>
    <ksState>
      <x>-405.9836218382281</x>
      <y>-365.3088105188035</y>
      <steeringAngle>0.24873333333333336</steeringAngle>
      <velocity>4.0</velocity>
      <orientation>-1.9531271368187004</orientation>
      <time>7</time>
    </ksState>
    <ksState>
      <x>-406.0687814926236</x>
      <y>-365.70419568037556</y>
      <steeringAngle>0.2842666666666667</steeringAngle>
      <velocity>4.0</velocity>
      <orientation>-1.9107799029732524</orientation>
      <time>8</time>
    </ksState>
    <ksState>
      <x>-406.12784489753693</x>
      <y>-366.1056677063429</y>
      <steeringAngle>0.31980000000000003</steeringAngle>
      <velocity>4.0</velocity>
      <orientation>-1.8624492216061173</orientation>
      <time>9</time>
    </ksState>
    <ksState>
      <x>-406.15781167008697</x>
      <y>-366.51190623507824</y>
      <steeringAngle>0.35533333333333333</steeringAngle>
      <velocity>4.0</velocity>
      <orientation>-1.808001020427839</orientation>
      <time>10</time>
    </ksState>
    <ksState>
      <x>-406.1556220164687</x>
      <y>-366.92101505464564</y>
      <steeringAngle>0.39086666666666653</steeringAngle>
      <velocity>4.0</velocity>
      <orientation>-1.7472806541218517</orientation>
      <time>11</time>
    </ksState>
    <ksState>
      <x>-406.1182211919963</x>
      <y>-367.33043936105696</y>
      <steeringAngle>0.42639999999999995</steeringAngle>
      <velocity>4.0</velocity>
      <orientation>-1.680111040665448</orientation>
      <time>12</time>
    </ksState>
    <ksState>
      <x>-406.04264897225255</x>
      <y>-367.73688036248734</y>
      <steeringAngle>0.4619333333333333</steeringAngle>
      <velocity>4.0</velocity>
      <orientation>-1.6062904570331042</orientation>
      <time>13</time>
    </ksState>
    <ksState>
      <x>-405.92615895245257</x>
      <y>-368.1362107847529</y>
      <steeringAngle>0.49746666666666667</steeringAngle>
      <velocity>4.0</velocity>
      <orientation>-1.5255899152198837</orientation>
      <time>14</time>
    </ksState>
    <ksState>
      <x>-405.76637346412025</x>
      <y>-368.52339667455414</y>
      <steeringAngle>0.533</steeringAngle>
      <velocity>4.0</velocity>
      <orientation>-1.4377500486200752</orientation>
      <time>15</time>
    </ksState>
    <ksState>
      <x>-405.5837155253254</x>
      <y>-368.8564674786689</y>
      <steeringAngle>0.5685333333333333</steeringAngle>
      <velocity>3.199999999999999</velocity>
      <orientation>-1.3521311954232222</orientation>
      <time>16</time>
    </ksState>
    <ksState>
      <x>-405.4142166823519</x>
      <y>-369.1016134860268</y>
      <steeringAngle>0.6040666666666664</steeringAngle>
      <velocity>2.3999999999999995</velocity>
      <orientation>-1.2801374506100038</orientation>
      <time>17</time>
    </ksState>
    <ksState>
      <x>-405.2767686583439</x>
      <y>-369.26686747156015</y>
      <steeringAngle>0.6395999999999996</steeringAngle>
      <velocity>1.5999999999999983</velocity>
      <orientation>-1.2246876158339912</orientation>
      <time>18</time>
    </ksState>
    <ksState>
      <x>-405.1865109684812</x>
      <y>-369.3608883575698</y>
      <steeringAngle>0.675133333333333</steeringAngle>
      <velocity>0.7999999999999986</velocity>
      <orientation>-1.188911010915162</orientation>
      <time>19</time>
    </ksState>
    <ksState>
      <x>-405.1546151714473</x>
      <y>-369.39105886687565</y>
      <steeringAngle>0.7106666666666662</steeringAngle>
      <velocity>-1.27675647831893e-15</velocity>
      <orientation>-1.1761868138165537</orientation>
      <time>20</time>
    </ksState>
    <ksState>
      <x>-405.1546151714473</x>
      <y>-369.39105886687565</y>
      <steeringAngle>0.6751333333333334</steeringAngle>
      <velocity>0.0</velocity>
      <orientation>-1.1761868138165537</orientation>
      <time>21</time>
    </ksState>
    <ksState>
      <x>-405.1546151714473</x>
      <y>-369.39105886687565</y>
      <steeringAngle>0.6396</steeringAngle>
      <velocity>0.0</velocity>
      <orientation>-1.1761868138165537</orientation>
      <time>22</time>
    </ksState>
    <ksState>
      <x>-405.1546151714473</x>
      <y>-369.39105886687565</y>
      <steeringAngle>0.6040666666666666</steeringAngle>
      <velocity>0.0</velocity>
      <orientation>-1.1761868138165537</orientation>
      <time>23</time>
    </ksState>
    <ksState>
      <x>-405.1546151714473</x>
      <y>-369.39105886687565</y>
      <steeringAngle>0.5685333333333333</steeringAngle>
      <velocity>0.0</velocity>
      <orientation>-1.1761868138165537</orientation>
      <time>24</time>
    </ksState>
    <ksState>
      <x>-405.1546151714473</x>
      <y>-369.39105886687565</y>
      <steeringAngle>0.5329999999999999</steeringAngle>
      <velocity>0.0</velocity>
      <orientation>-1.1761868138165537</orientation>
      <time>25</time>
    </ksState>
    <ksState>
      <x>-405.1546151714473</x>
      <y>-369.39105886687565</y>
      <steeringAngle>0.49746666666666667</steeringAngle>
      <velocity>0.0</velocity>
      <orientation>-1.1761868138165537</orientation>
      <time>26</time>
    </ksState>
    <ksState>
      <x>-405.1546151714473</x>
      <y>-369.39105886687565</y>
      <steeringAngle>0.4619333333333333</steeringAngle>
      <velocity>0.0</velocity>
      <orientation>-1.1761868138165537</orientation>
      <time>27</time>
    </ksState>
    <ksState>
      <x>-405.1546151714473</x>
      <y>-369.39105886687565</y>
      <steeringAngle>0.42639999999999995</steeringAngle>
      <velocity>0.0</velocity>
      <orientation>-1.1761868138165537</orientation>
      <time>28</time>
    </ksState>
    <ksState>
      <x>-405.1546151714473</x>
      <y>-369.39105886687565</y>
      <steeringAngle>0.3908666666666666</steeringAngle>
      <velocity>0.0</velocity>
      <orientation>-1.1761868138165537</orientation>
      <time>29</time>
    </ksState>
    <ksState>
      <x>-405.1546151714473</x>
      <y>-369.39105886687565</y>
      <steeringAngle>0.3553333333333333</steeringAngle>
      <velocity>0.0</velocity>
      <orientation>-1.1761868138165537</orientation>
      <time>30</time>
    </ksState>
    <ksState>
      <x>-405.1546151714473</x>
      <y>-369.39105886687565</y>
      <steeringAngle>0.3198</steeringAngle>
      <velocity>0.0</velocity>
      <orientation>-1.1761868138165537</orientation>
      <time>31</time>
    </ksState>
    <ksState>
      <x>-405.1546151714473</x>
      <y>-369.39105886687565</y>
      <steeringAngle>0.2842666666666666</steeringAngle>
      <velocity>0.0</velocity>
      <orientation>-1.1761868138165537</orientation>
      <time>32</time>
    </ksState>
    <ksState>
      <x>-405.1546151714473</x>
      <y>-369.39105886687565</y>
      <steeringAngle>0.24873333333333333</steeringAngle>
      <velocity>0.0</velocity>
      <orientation>-1.1761868138165537</orientation>
      <time>33</time>
    </ksState>
  </ksTrajectory>
</CommonRoadSolution>
