<?xml version="1.0" ?>
<CommonRoadSolution benchmark_id="KS2:SM1:DEU_Meckenheim-8_3_T-1:2020a" computation_time="1.3411152340004264" date="2023-01-12T15:00:04">
  <ksTrajectory planningProblem="1">
    <ksState>
      <x>529.95444</x>
      <y>640.44953</y>
      <steeringAngle>0.0</steeringAngle>
      <velocity>4.0</velocity>
      <orientation>1.5780901</orientation>
      <time>0</time>
    </ksState>
    <ksState>
      <x>529.9554941860042</x>
      <y>640.809543004505</y>
      <steeringAngle>-0.03553333333333333</steeringAngle>
      <velocity>3.2</velocity>
      <orientation>1.5757013516202074</orientation>
      <time>1</time>
    </ksState>
    <ksState>
      <x>529.9629397664436</x>
      <y>641.0895584980686</y>
      <steeringAngle>-0.07106666666666668</steeringAngle>
      <velocity>2.4</velocity>
      <orientation>1.570000436614411</orientation>
      <time>2</time>
    </ksState>
    <ksState>
      <x>529.9734310553678</x>
      <y>641.2895157708298</y>
      <steeringAngle>-0.10660000000000003</steeringAngle>
      <velocity>1.5999999999999994</velocity>
      <orientation>1.5631849028696794</orientation>
      <time>3</time>
    </ksState>
    <ksState>
      <x>529.9828150242103</x>
      <y>641.4094239020174</y>
      <steeringAngle>-0.14213333333333342</steeringAngle>
      <velocity>0.7999999999999988</velocity>
      <orientation>1.5574606413831997</orientation>
      <time>4</time>
    </ksState>
    <ksState>
      <x>529.9868199093069</x>
      <y>641.4493698867288</y>
      <steeringAngle>-0.17766666666666675</steeringAngle>
      <velocity>-1.5265566588595902e-15</velocity>
      <orientation>1.555053146908644</orientation>
      <time>5</time>
    </ksState>
    <ksState>
      <x>529.9920153870585</x>
      <y>641.4892858475896</y>
      <steeringAngle>-0.21319999999999997</steeringAngle>
      <velocity>0.8</velocity>
      <orientation>1.5518869134274904</orientation>
      <time>6</time>
    </ksState>
    <ksState>
      <x>530.0106324611684</x>
      <y>641.6088661519364</y>
      <steeringAngle>-0.24873333333333328</steeringAngle>
      <velocity>1.6000000000000005</velocity>
      <orientation>1.5408463211170904</orientation>
      <time>7</time>
    </ksState>
    <ksState>
      <x>530.0489373789002</x>
      <y>641.8074716958869</y>
      <steeringAngle>-0.2842666666666665</steeringAngle>
      <velocity>2.400000000000001</velocity>
      <orientation>1.5195739997161304</orientation>
      <time>8</time>
    </ksState>
    <ksState>
      <x>530.1160777780169</x>
      <y>642.0835250981028</y>
      <steeringAngle>-0.31979999999999986</steeringAngle>
      <velocity>3.200000000000001</velocity>
      <orientation>1.4856417434364344</orientation>
      <time>9</time>
    </ksState>
    <ksState>
      <x>530.2247614360664</x>
      <y>642.4336944655677</y>
      <steeringAngle>-0.3553333333333332</steeringAngle>
      <velocity>4.0</velocity>
      <orientation>1.4365351826484576</orientation>
      <time>10</time>
    </ksState>
    <ksState>
      <x>530.3590631359591</x>
      <y>642.7765127918698</y>
      <steeringAngle>-0.3908666666666668</steeringAngle>
      <velocity>3.2000000000000006</velocity>
      <orientation>1.381992795875275</orientation>
      <time>11</time>
    </ksState>
    <ksState>
      <x>530.4831761277098</x>
      <y>643.0361677373946</y>
      <steeringAngle>-0.4264</steeringAngle>
      <velocity>2.3999999999999995</velocity>
      <orientation>1.3350831590787582</orientation>
      <time>12</time>
    </ksState>
    <ksState>
      <x>530.5840650101715</x>
      <y>643.2165882608618</y>
      <steeringAngle>-0.4619333333333332</steeringAngle>
      <velocity>1.5999999999999996</velocity>
      <orientation>1.2982855345533613</orientation>
      <time>13</time>
    </ksState>
    <ksState>
      <x>530.6506313364029</x>
      <y>643.3221427823818</y>
      <steeringAngle>-0.49746666666666656</steeringAngle>
      <velocity>0.7999999999999986</velocity>
      <orientation>1.2741920984033797</orientation>
      <time>14</time>
    </ksState>
    <ksState>
      <x>530.6742566421093</x>
      <y>643.3566924651116</y>
      <steeringAngle>-0.5329999999999998</steeringAngle>
      <velocity>-1.5265566588595902e-15</velocity>
      <orientation>1.265529432265799</orientation>
      <time>15</time>
    </ksState>
    <ksState>
      <x>530.6742566421093</x>
      <y>643.3566924651116</y>
      <steeringAngle>-0.49746666666666667</steeringAngle>
      <velocity>0.0</velocity>
      <orientation>1.265529432265799</orientation>
      <time>16</time>
    </ksState>
    <ksState>
      <x>530.6742566421093</x>
      <y>643.3566924651116</y>
      <steeringAngle>-0.4619333333333333</steeringAngle>
      <velocity>0.0</velocity>
      <orientation>1.265529432265799</orientation>
      <time>17</time>
    </ksState>
    <ksState>
      <x>530.6742566421093</x>
      <y>643.3566924651116</y>
      <steeringAngle>-0.42639999999999995</steeringAngle>
      <velocity>0.0</velocity>
      <orientation>1.265529432265799</orientation>
      <time>18</time>
    </ksState>
    <ksState>
      <x>530.6742566421093</x>
      <y>643.3566924651116</y>
      <steeringAngle>-0.3908666666666666</steeringAngle>
      <velocity>0.0</velocity>
      <orientation>1.265529432265799</orientation>
      <time>19</time>
    </ksState>
    <ksState>
      <x>530.6742566421093</x>
      <y>643.3566924651116</y>
      <steeringAngle>-0.3553333333333333</steeringAngle>
      <velocity>0.0</velocity>
      <orientation>1.265529432265799</orientation>
      <time>20</time>
    </ksState>
    <ksState>
      <x>530.6742566421093</x>
      <y>643.3566924651116</y>
      <steeringAngle>-0.3198</steeringAngle>
      <velocity>0.0</velocity>
      <orientation>1.265529432265799</orientation>
      <time>21</time>
    </ksState>
    <ksState>
      <x>530.6742566421093</x>
      <y>643.3566924651116</y>
      <steeringAngle>-0.2842666666666666</steeringAngle>
      <velocity>0.0</velocity>
      <orientation>1.265529432265799</orientation>
      <time>22</time>
    </ksState>
    <ksState>
      <x>530.6742566421093</x>
      <y>643.3566924651116</y>
      <steeringAngle>-0.24873333333333333</steeringAngle>
      <velocity>0.0</velocity>
      <orientation>1.265529432265799</orientation>
      <time>23</time>
    </ksState>
    <ksState>
      <x>530.6742566421093</x>
      <y>643.3566924651116</y>
      <steeringAngle>-0.21320000000000003</steeringAngle>
      <velocity>0.0</velocity>
      <orientation>1.265529432265799</orientation>
      <time>24</time>
    </ksState>
    <ksState>
      <x>530.6742566421093</x>
      <y>643.3566924651116</y>
      <steeringAngle>-0.1776666666666667</steeringAngle>
      <velocity>0.0</velocity>
      <orientation>1.265529432265799</orientation>
      <time>25</time>
    </ksState>
    <ksState>
      <x>530.6742566421093</x>
      <y>643.3566924651116</y>
      <steeringAngle>-0.14213333333333336</steeringAngle>
      <velocity>0.0</velocity>
      <orientation>1.265529432265799</orientation>
      <time>26</time>
    </ksState>
    <ksState>
      <x>530.6742566421093</x>
      <y>643.3566924651116</y>
      <steeringAngle>-0.10660000000000001</steeringAngle>
      <velocity>0.0</velocity>
      <orientation>1.265529432265799</orientation>
      <time>27</time>
    </ksState>
    <ksState>
      <x>530.6742566421093</x>
      <y>643.3566924651116</y>
      <steeringAngle>-0.07106666666666668</steeringAngle>
      <velocity>0.0</velocity>
      <orientation>1.265529432265799</orientation>
      <time>28</time>
    </ksState>
    <ksState>
      <x>530.6742566421093</x>
      <y>643.3566924651116</y>
      <steeringAngle>-0.03553333333333333</steeringAngle>
      <velocity>0.0</velocity>
      <orientation>1.265529432265799</orientation>
      <time>29</time>
    </ksState>
    <ksState>
      <x>530.6742566421093</x>
      <y>643.3566924651116</y>
      <steeringAngle>-0.0</steeringAngle>
      <velocity>0.0</velocity>
      <orientation>1.265529432265799</orientation>
      <time>30</time>
    </ksState>
    <ksState>
      <x>530.6742566421093</x>
      <y>643.3566924651116</y>
      <steeringAngle>0.0</steeringAngle>
      <velocity>0.0</velocity>
      <orientation>1.265529432265799</orientation>
      <time>31</time>
    </ksState>
    <ksState>
      <x>530.6742566421093</x>
      <y>643.3566924651116</y>
      <steeringAngle>0.0</steeringAngle>
      <velocity>0.0</velocity>
      <orientation>1.265529432265799</orientation>
      <time>32</time>
    </ksState>
    <ksState>
      <x>530.6742566421093</x>
      <y>643.3566924651116</y>
      <steeringAngle>0.0</steeringAngle>
      <velocity>0.0</velocity>
      <orientation>1.265529432265799</orientation>
      <time>33</time>
    </ksState>
  </ksTrajectory>
</CommonRoadSolution>
