<?xml version="1.0" ?>
<CommonRoadSolution benchmark_id="KS2:SM1:ESP_Monzon-5_1_T-1:2020a" computation_time="1.05663542900038" date="2023-01-12T15:00:04">
  <ksTrajectory planningProblem="1">
    <ksState>
      <x>115.88287</x>
      <y>-354.57899</y>
      <steeringAngle>0.0</steeringAngle>
      <velocity>12.0</velocity>
      <orientation>-2.137878</orientation>
      <time>0</time>
    </ksState>
    <ksState>
      <x>115.25974953819743</x>
      <y>-355.5574177637871</y>
      <steeringAngle>0.0</steeringAngle>
      <velocity>11.200000000000001</velocity>
      <orientation>-2.137878</orientation>
      <time>1</time>
    </ksState>
    <ksState>
      <x>114.67960290160707</x>
      <y>-356.46836775035257</y>
      <steeringAngle>0.0</steeringAngle>
      <velocity>10.4</velocity>
      <orientation>-2.137878</orientation>
      <time>2</time>
    </ksState>
    <ksState>
      <x>114.1424300900626</x>
      <y>-357.3118399599575</y>
      <steeringAngle>0.0</steeringAngle>
      <velocity>9.599999999999998</velocity>
      <orientation>-2.137878</orientation>
      <time>3</time>
    </ksState>
    <ksState>
      <x>113.64823110351672</x>
      <y>-358.0878343926763</y>
      <steeringAngle>0.0</steeringAngle>
      <velocity>8.799999999999999</velocity>
      <orientation>-2.137878</orientation>
      <time>4</time>
    </ksState>
    <ksState>
      <x>113.19700594195396</x>
      <y>-358.79635104853315</y>
      <steeringAngle>0.0</steeringAngle>
      <velocity>7.999999999999997</velocity>
      <orientation>-2.137878</orientation>
      <time>5</time>
    </ksState>
    <ksState>
      <x>112.77513558637642</x>
      <y>-359.47611099017126</y>
      <steeringAngle>0.03553333333333333</steeringAngle>
      <velocity>8.0</velocity>
      <orientation>-2.1323654649971613</orientation>
      <time>6</time>
    </ksState>
    <ksState>
      <x>112.37415441448766</x>
      <y>-360.1687286147162</y>
      <steeringAngle>0.07106666666666667</steeringAngle>
      <velocity>8.0</velocity>
      <orientation>-2.115813944116892</orientation>
      <time>7</time>
    </ksState>
    <ksState>
      <x>112.00216798806933</x>
      <y>-360.87800462670543</y>
      <steeringAngle>0.10659999999999997</steeringAngle>
      <velocity>8.0</velocity>
      <orientation>-2.0881814648261967</orientation>
      <time>8</time>
    </ksState>
    <ksState>
      <x>111.66787927972719</x>
      <y>-361.60679311003145</y>
      <steeringAngle>0.1421333333333333</steeringAngle>
      <velocity>8.0</velocity>
      <orientation>-2.049397612553462</orientation>
      <time>9</time>
    </ksState>
    <ksState>
      <x>111.38066707206829</x>
      <y>-362.3566827716531</y>
      <steeringAngle>0.17766666666666667</steeringAngle>
      <velocity>8.0</velocity>
      <orientation>-1.9993628003043074</orientation>
      <time>10</time>
    </ksState>
    <ksState>
      <x>111.13270603971968</x>
      <y>-363.12059072160315</y>
      <steeringAngle>0.14213333333333336</steeringAngle>
      <velocity>8.0</velocity>
      <orientation>-1.949327988755559</orientation>
      <time>11</time>
    </ksState>
    <ksState>
      <x>110.90390214300318</x>
      <y>-363.8891576258962</y>
      <steeringAngle>0.1066000000000001</steeringAngle>
      <velocity>8.0</velocity>
      <orientation>-1.9105441367485616</orientation>
      <time>12</time>
    </ksState>
    <ksState>
      <x>110.68570125180851</x>
      <y>-364.6598399244918</y>
      <steeringAngle>0.07106666666666674</steeringAngle>
      <velocity>8.0</velocity>
      <orientation>-1.8829116577188747</orientation>
      <time>13</time>
    </ksState>
    <ksState>
      <x>110.46952768067328</x>
      <y>-365.4304523277597</y>
      <steeringAngle>0.035533333333333354</steeringAngle>
      <velocity>8.0</velocity>
      <orientation>-1.8663601370898453</orientation>
      <time>14</time>
    </ksState>
    <ksState>
      <x>110.24682773029431</x>
      <y>-366.19887671401796</y>
      <steeringAngle>2.0816681711721685e-17</steeringAngle>
      <velocity>8.0</velocity>
      <orientation>-1.8608476106314404</orientation>
      <time>15</time>
    </ksState>
    <ksState>
      <x>110.02695716932934</x>
      <y>-366.9681004211357</y>
      <steeringAngle>0.03553333333333333</steeringAngle>
      <velocity>8.0</velocity>
      <orientation>-1.8553350756286016</orientation>
      <time>16</time>
    </ksState>
    <ksState>
      <x>109.83069590887105</x>
      <y>-367.743978370096</y>
      <steeringAngle>0.07106666666666667</steeringAngle>
      <velocity>8.0</velocity>
      <orientation>-1.838783554748332</orientation>
      <time>17</time>
    </ksState>
    <ksState>
      <x>109.66687995526495</x>
      <y>-368.52794947668536</y>
      <steeringAngle>0.10659999999999997</steeringAngle>
      <velocity>8.0</velocity>
      <orientation>-1.8111510754576372</orientation>
      <time>18</time>
    </ksState>
    <ksState>
      <x>109.54466104632701</x>
      <y>-369.3203787367785</y>
      <steeringAngle>0.1421333333333333</steeringAngle>
      <velocity>8.0</velocity>
      <orientation>-1.7723672231849021</orientation>
      <time>19</time>
    </ksState>
    <ksState>
      <x>109.47349488131094</x>
      <y>-370.1202291814194</y>
      <steeringAngle>0.17766666666666667</steeringAngle>
      <velocity>8.0</velocity>
      <orientation>-1.7223324109357474</orientation>
      <time>20</time>
    </ksState>
    <ksState>
      <x>109.44391732611919</x>
      <y>-370.9228282081999</y>
      <steeringAngle>0.14213333333333336</steeringAngle>
      <velocity>8.0</velocity>
      <orientation>-1.672297599386999</orientation>
      <time>21</time>
    </ksState>
    <ksState>
      <x>109.43404070698746</x>
      <y>-371.7246690664267</y>
      <steeringAngle>0.1066000000000001</steeringAngle>
      <velocity>8.0</velocity>
      <orientation>-1.6335137473800017</orientation>
      <time>22</time>
    </ksState>
    <ksState>
      <x>109.43494138192958</x>
      <y>-372.5256447358895</y>
      <steeringAngle>0.07106666666666674</steeringAngle>
      <velocity>8.0</velocity>
      <orientation>-1.6058812683503148</orientation>
      <time>23</time>
    </ksState>
    <ksState>
      <x>109.43777296259947</x>
      <y>-373.32599870200613</y>
      <steeringAngle>0.035533333333333354</steeringAngle>
      <velocity>8.0</velocity>
      <orientation>-1.5893297477212853</orientation>
      <time>24</time>
    </ksState>
    <ksState>
      <x>109.4337285789848</x>
      <y>-374.1260330439293</y>
      <steeringAngle>2.0816681711721685e-17</steeringAngle>
      <velocity>8.0</velocity>
      <orientation>-1.5838172212628805</orientation>
      <time>25</time>
    </ksState>
    <ksState>
      <x>109.43262432008541</x>
      <y>-374.92606239075553</y>
      <steeringAngle>0.03553333333333333</steeringAngle>
      <velocity>8.0</velocity>
      <orientation>-1.5783046862600416</orientation>
      <time>26</time>
    </ksState>
    <ksState>
      <x>109.45604912146798</x>
      <y>-375.7260351107402</y>
      <steeringAngle>0.07106666666666667</steeringAngle>
      <velocity>8.0</velocity>
      <orientation>-1.561753165379772</orientation>
      <time>27</time>
    </ksState>
    <ksState>
      <x>109.51289563321282</x>
      <y>-376.5249186045773</y>
      <steeringAngle>0.10659999999999997</steeringAngle>
      <velocity>8.0</velocity>
      <orientation>-1.5341206860890773</orientation>
      <time>28</time>
    </ksState>
    <ksState>
      <x>109.61206648101498</x>
      <y>-377.32056094690194</y>
      <steeringAngle>0.1421333333333333</steeringAngle>
      <velocity>8.0</velocity>
      <orientation>-1.4953368338163422</orientation>
      <time>29</time>
    </ksState>
    <ksState>
      <x>109.76237322448004</x>
      <y>-378.1093785682215</y>
      <steeringAngle>0.17766666666666667</steeringAngle>
      <velocity>8.0</velocity>
      <orientation>-1.4453020215671875</orientation>
      <time>30</time>
    </ksState>
    <ksState>
      <x>109.96059095919668</x>
      <y>-378.8475507771213</y>
      <steeringAngle>0.21320000000000014</steeringAngle>
      <velocity>7.200000000000003</velocity>
      <orientation>-1.3870526944956947</orientation>
      <time>31</time>
    </ksState>
    <ksState>
      <x>110.19095337765602</x>
      <y>-379.4931856132732</y>
      <steeringAngle>0.24873333333333347</steeringAngle>
      <velocity>6.400000000000004</velocity>
      <orientation>-1.3251356070099152</orientation>
      <time>32</time>
    </ksState>
    <ksState>
      <x>110.44156481853634</x>
      <y>-380.04557342271397</y>
      <steeringAngle>0.2842666666666668</steeringAngle>
      <velocity>5.600000000000001</velocity>
      <orientation>-1.2617134642459942</orientation>
      <time>33</time>
    </ksState>
  </ksTrajectory>
</CommonRoadSolution>
