<?xml version="1.0" ?>
<CommonRoadSolution benchmark_id="KS2:SM1:DEU_Meckenheim-5_1_T-1:2020a" computation_time="0.6725213480003731" date="2023-01-12T15:00:04">
  <ksTrajectory planningProblem="1">
    <ksState>
      <x>-333.89853</x>
      <y>571.7787</y>
      <steeringAngle>0.0</steeringAngle>
      <velocity>4.0</velocity>
      <orientation>0.40730915</orientation>
      <time>0</time>
    </ksState>
    <ksState>
      <x>-333.5295602207853</x>
      <y>571.933215743115</y>
      <steeringAngle>-0.035533333333333326</steeringAngle>
      <velocity>4.0</velocity>
      <orientation>0.4045528754673996</orientation>
      <time>1</time>
    </ksState>
    <ksState>
      <x>-333.1566838884347</x>
      <y>572.0784624553621</y>
      <steeringAngle>-0.07106666666666711</steeringAngle>
      <velocity>4.0</velocity>
      <orientation>0.3962771149241142</orientation>
      <time>2</time>
    </ksState>
    <ksState>
      <x>-332.7792359822837</x>
      <y>572.2122892846143</y>
      <steeringAngle>-0.10660000000000043</steeringAngle>
      <velocity>4.0</velocity>
      <orientation>0.38246087510497734</orientation>
      <time>3</time>
    </ksState>
    <ksState>
      <x>-332.39673262810703</x>
      <y>572.3324433838068</y>
      <steeringAngle>-0.14213333333333378</steeringAngle>
      <velocity>4.0</velocity>
      <orientation>0.3630689487194315</orientation>
      <time>4</time>
    </ksState>
    <ksState>
      <x>-332.00891195750114</x>
      <y>572.4365593284397</y>
      <steeringAngle>-0.1776666666666672</steeringAngle>
      <velocity>4.0</velocity>
      <orientation>0.3380515422680342</orientation>
      <time>5</time>
    </ksState>
    <ksState>
      <x>-331.61848763945926</x>
      <y>572.5305842668063</y>
      <steeringAngle>-0.1421333333333333</steeringAngle>
      <velocity>4.0</velocity>
      <orientation>0.31303413592351087</orientation>
      <time>6</time>
    </ksState>
    <ksState>
      <x>-331.2284590889826</x>
      <y>572.6235581534412</y>
      <steeringAngle>-0.10659999999999999</steeringAngle>
      <velocity>4.0</velocity>
      <orientation>0.29364220963276033</orientation>
      <time>7</time>
    </ksState>
    <ksState>
      <x>-330.83918150219506</x>
      <y>572.7176541756717</y>
      <steeringAngle>-0.07106666666666664</steeringAngle>
      <velocity>4.0</velocity>
      <orientation>0.2798259698978074</orientation>
      <time>8</time>
    </ksState>
    <ksState>
      <x>-330.45103225643777</x>
      <y>572.8150307961824</y>
      <steeringAngle>-0.03553333333333332</steeringAngle>
      <velocity>4.0</velocity>
      <orientation>0.27155020943554203</orientation>
      <time>9</time>
    </ksState>
    <ksState>
      <x>-330.06444678629225</x>
      <y>572.9178334245045</y>
      <steeringAngle>2.2985086056692694e-17</steeringAngle>
      <velocity>4.0</velocity>
      <orientation>0.2687939461407017</orientation>
      <time>10</time>
    </ksState>
    <ksState>
      <x>-329.71835510452445</x>
      <y>573.0169849375138</y>
      <steeringAngle>0.03553333333333333</steeringAngle>
      <velocity>3.2</velocity>
      <orientation>0.27118269452049426</orientation>
      <time>11</time>
    </ksState>
    <ksState>
      <x>-329.45097362225533</x>
      <y>573.100478986663</y>
      <steeringAngle>0.07106666666666668</steeringAngle>
      <velocity>2.4</velocity>
      <orientation>0.2768836095262909</orientation>
      <time>12</time>
    </ksState>
    <ksState>
      <x>-329.2614487375587</x>
      <y>573.1650800404784</y>
      <steeringAngle>0.10660000000000003</steeringAngle>
      <velocity>1.5999999999999994</velocity>
      <orientation>0.28369914327102236</orientation>
      <time>13</time>
    </ksState>
    <ksState>
      <x>-329.14863962593245</x>
      <y>573.2067948235923</y>
      <steeringAngle>0.14213333333333342</steeringAngle>
      <velocity>0.7999999999999988</velocity>
      <orientation>0.28942340475750206</orientation>
      <time>14</time>
    </ksState>
    <ksState>
      <x>-329.1112981313071</x>
      <y>573.221537061494</y>
      <steeringAngle>0.17766666666666675</steeringAngle>
      <velocity>-1.5265566588595902e-15</velocity>
      <orientation>0.29183089923205785</orientation>
      <time>15</time>
    </ksState>
    <ksState>
      <x>-329.0741507478253</x>
      <y>573.2368919159363</y>
      <steeringAngle>0.17766666666666667</steeringAngle>
      <velocity>0.7999999999999999</velocity>
      <orientation>0.2946159480981939</orientation>
      <time>16</time>
    </ksState>
    <ksState>
      <x>-328.96296714280174</x>
      <y>573.2835762055539</y>
      <steeringAngle>0.17766666666666667</steeringAngle>
      <velocity>1.6000000000000005</velocity>
      <orientation>0.3029710946140809</orientation>
      <time>17</time>
    </ksState>
    <ksState>
      <x>-328.7785403493948</x>
      <y>573.3634423939315</y>
      <steeringAngle>0.17766666666666667</steeringAngle>
      <velocity>2.4000000000000017</velocity>
      <orientation>0.3168963387675315</orientation>
      <time>18</time>
    </ksState>
    <ksState>
      <x>-328.52224920898175</x>
      <y>573.4795528982164</y>
      <steeringAngle>0.17766666666666667</steeringAngle>
      <velocity>3.2000000000000024</velocity>
      <orientation>0.33639168055485763</orientation>
      <time>19</time>
    </ksState>
    <ksState>
      <x>-328.196143037466</x>
      <y>573.6361403230337</y>
      <steeringAngle>0.17766666666666667</steeringAngle>
      <velocity>4.000000000000002</velocity>
      <orientation>0.36145711997455</orientation>
      <time>20</time>
    </ksState>
    <ksState>
      <x>-327.8011402000047</x>
      <y>573.8338792887379</y>
      <steeringAngle>0.14213333333333333</steeringAngle>
      <velocity>4.8000000000000025</velocity>
      <orientation>0.3888820196929024</orientation>
      <time>21</time>
    </ksState>
    <ksState>
      <x>-327.3365785281738</x>
      <y>574.0702424614792</y>
      <steeringAngle>0.10660000000000003</steeringAngle>
      <velocity>5.600000000000005</velocity>
      <orientation>0.4139982319718203</orientation>
      <time>22</time>
    </ksState>
    <ksState>
      <x>-326.8020513036951</x>
      <y>574.3443845464102</y>
      <steeringAngle>0.07106666666666671</steeringAngle>
      <velocity>6.400000000000004</velocity>
      <orientation>0.4346300015712798</orientation>
      <time>23</time>
    </ksState>
    <ksState>
      <x>-326.1960211120584</x>
      <y>574.6534741880255</y>
      <steeringAngle>0.035533333333333375</steeringAngle>
      <velocity>7.200000000000006</velocity>
      <orientation>0.4486066696640721</orientation>
      <time>24</time>
    </ksState>
    <ksState>
      <x>-325.5155534445503</x>
      <y>574.9920383472327</y>
      <steeringAngle>2.6346112791397758e-17</steeringAngle>
      <velocity>8.000000000000007</velocity>
      <orientation>0.4537516824436405</orientation>
      <time>25</time>
    </ksState>
    <ksState>
      <x>-324.79244585936414</x>
      <y>575.3343300290148</y>
      <steeringAngle>-0.03553333333333333</steeringAngle>
      <velocity>8.0</velocity>
      <orientation>0.44823914744080173</orientation>
      <time>26</time>
    </ksState>
    <ksState>
      <x>-324.058925379579</x>
      <y>575.6544124867899</y>
      <steeringAngle>-0.07106666666666667</steeringAngle>
      <velocity>8.0</velocity>
      <orientation>0.43168762656053206</orientation>
      <time>27</time>
    </ksState>
    <ksState>
      <x>-323.3121323202034</x>
      <y>575.9438023433695</y>
      <steeringAngle>-0.10659999999999997</steeringAngle>
      <velocity>8.0</velocity>
      <orientation>0.40405514726983716</orientation>
      <time>28</time>
    </ksState>
    <ksState>
      <x>-322.55021510407147</x>
      <y>576.1935296941252</y>
      <steeringAngle>-0.1421333333333333</steeringAngle>
      <velocity>8.0</velocity>
      <orientation>0.36527129499710226</orientation>
      <time>29</time>
    </ksState>
    <ksState>
      <x>-321.77265583929005</x>
      <y>576.3940962581084</y>
      <steeringAngle>-0.17766666666666667</steeringAngle>
      <velocity>8.0</velocity>
      <orientation>0.3152364827479476</orientation>
      <time>30</time>
    </ksState>
    <ksState>
      <x>-321.0251075263229</x>
      <y>576.5468866756685</y>
      <steeringAngle>-0.1421333333333334</steeringAngle>
      <velocity>7.2</velocity>
      <orientation>0.26760916100231064</orientation>
      <time>31</time>
    </ksState>
    <ksState>
      <x>-320.3546402949633</x>
      <y>576.6697450853287</y>
      <steeringAngle>-0.10660000000000011</steeringAngle>
      <velocity>6.4</velocity>
      <orientation>0.23454959055434269</orientation>
      <time>32</time>
    </ksState>
    <ksState>
      <x>-319.7629845572032</x>
      <y>576.773822914959</y>
      <steeringAngle>-0.07106666666666674</steeringAngle>
      <velocity>5.600000000000001</velocity>
      <orientation>0.21373264226045421</orientation>
      <time>33</time>
    </ksState>
  </ksTrajectory>
</CommonRoadSolution>
