<?xml version="1.0" ?>
<CommonRoadSolution benchmark_id="KS2:SM1:DEU_Meckenheim-1_4_T-1:2020a" computation_time="0.9317078889998811" date="2023-01-12T15:00:04">
  <ksTrajectory planningProblem="1">
    <ksState>
      <x>82.978904</x>
      <y>771.80994</y>
      <steeringAngle>0.0</steeringAngle>
      <velocity>8.0</velocity>
      <orientation>0.95427654</orientation>
      <time>0</time>
    </ksState>
    <ksState>
      <x>83.418335374093</x>
      <y>772.4300206934246</y>
      <steeringAngle>0.0</steeringAngle>
      <velocity>7.200000000000001</velocity>
      <orientation>0.95427654</orientation>
      <time>1</time>
    </ksState>
    <ksState>
      <x>83.81151081385654</x>
      <y>772.984829734607</y>
      <steeringAngle>0.0</steeringAngle>
      <velocity>6.400000000000001</velocity>
      <orientation>0.95427654</orientation>
      <time>2</time>
    </ksState>
    <ksState>
      <x>84.15843031940635</x>
      <y>773.474367123711</y>
      <steeringAngle>0.0</steeringAngle>
      <velocity>5.600000000000001</velocity>
      <orientation>0.95427654</orientation>
      <time>3</time>
    </ksState>
    <ksState>
      <x>84.45909389077511</x>
      <y>773.8986328607823</y>
      <steeringAngle>0.0</steeringAngle>
      <velocity>4.800000000000001</velocity>
      <orientation>0.95427654</orientation>
      <time>4</time>
    </ksState>
    <ksState>
      <x>84.71350152797481</x>
      <y>774.2576269458381</y>
      <steeringAngle>0.0</steeringAngle>
      <velocity>4.000000000000001</velocity>
      <orientation>0.95427654</orientation>
      <time>5</time>
    </ksState>
    <ksState>
      <x>84.92465325434458</x>
      <y>774.5492181377008</y>
      <steeringAngle>-0.03553333333333333</steeringAngle>
      <velocity>3.2</velocity>
      <orientation>0.9518877916202074</orientation>
      <time>6</time>
    </ksState>
    <ksState>
      <x>85.09426327679365</x>
      <y>774.7721453760289</y>
      <steeringAngle>-0.07106666666666668</steeringAngle>
      <velocity>2.4</velocity>
      <orientation>0.9461868766144108</orientation>
      <time>7</time>
    </ksState>
    <ksState>
      <x>85.21958058406278</x>
      <y>774.9283137165213</y>
      <steeringAngle>-0.10660000000000003</steeringAngle>
      <velocity>1.5999999999999994</velocity>
      <orientation>0.9393713428696793</orientation>
      <time>8</time>
    </ksState>
    <ksState>
      <x>85.29723964605306</x>
      <y>775.0201564565008</y>
      <steeringAngle>-0.14213333333333342</steeringAngle>
      <velocity>0.7999999999999988</velocity>
      <orientation>0.9336470813831996</orientation>
      <time>9</time>
    </ksState>
    <ksState>
      <x>85.32382407388678</x>
      <y>775.0502394915198</y>
      <steeringAngle>-0.17766666666666675</steeringAngle>
      <velocity>-1.5265566588595902e-15</velocity>
      <orientation>0.9312395869086437</orientation>
      <time>10</time>
    </ksState>
    <ksState>
      <x>85.32382407388678</x>
      <y>775.0502394915198</y>
      <steeringAngle>-0.14213333333333336</steeringAngle>
      <velocity>0.0</velocity>
      <orientation>0.9312395869086437</orientation>
      <time>11</time>
    </ksState>
    <ksState>
      <x>85.32382407388678</x>
      <y>775.0502394915198</y>
      <steeringAngle>-0.10660000000000001</steeringAngle>
      <velocity>0.0</velocity>
      <orientation>0.9312395869086437</orientation>
      <time>12</time>
    </ksState>
    <ksState>
      <x>85.32382407388678</x>
      <y>775.0502394915198</y>
      <steeringAngle>-0.07106666666666668</steeringAngle>
      <velocity>0.0</velocity>
      <orientation>0.9312395869086437</orientation>
      <time>13</time>
    </ksState>
    <ksState>
      <x>85.32382407388678</x>
      <y>775.0502394915198</y>
      <steeringAngle>-0.03553333333333333</steeringAngle>
      <velocity>0.0</velocity>
      <orientation>0.9312395869086437</orientation>
      <time>14</time>
    </ksState>
    <ksState>
      <x>85.32382407388678</x>
      <y>775.0502394915198</y>
      <steeringAngle>-0.0</steeringAngle>
      <velocity>0.0</velocity>
      <orientation>0.9312395869086437</orientation>
      <time>15</time>
    </ksState>
    <ksState>
      <x>85.32382407388678</x>
      <y>775.0502394915198</y>
      <steeringAngle>0.0</steeringAngle>
      <velocity>0.0</velocity>
      <orientation>0.9312395869086437</orientation>
      <time>16</time>
    </ksState>
    <ksState>
      <x>85.32382407388678</x>
      <y>775.0502394915198</y>
      <steeringAngle>0.0</steeringAngle>
      <velocity>0.0</velocity>
      <orientation>0.9312395869086437</orientation>
      <time>17</time>
    </ksState>
    <ksState>
      <x>85.32382407388678</x>
      <y>775.0502394915198</y>
      <steeringAngle>0.0</steeringAngle>
      <velocity>0.0</velocity>
      <orientation>0.9312395869086437</orientation>
      <time>18</time>
    </ksState>
    <ksState>
      <x>85.32382407388678</x>
      <y>775.0502394915198</y>
      <steeringAngle>0.0</steeringAngle>
      <velocity>0.0</velocity>
      <orientation>0.9312395869086437</orientation>
      <time>19</time>
    </ksState>
    <ksState>
      <x>85.32382407388678</x>
      <y>775.0502394915198</y>
      <steeringAngle>0.0</steeringAngle>
      <velocity>0.0</velocity>
      <orientation>0.9312395869086437</orientation>
      <time>20</time>
    </ksState>
    <ksState>
      <x>85.32382407388678</x>
      <y>775.0502394915198</y>
      <steeringAngle>0.0</steeringAngle>
      <velocity>0.0</velocity>
      <orientation>0.9312395869086437</orientation>
      <time>21</time>
    </ksState>
    <ksState>
      <x>85.32382407388678</x>
      <y>775.0502394915198</y>
      <steeringAngle>0.0</steeringAngle>
      <velocity>0.0</velocity>
      <orientation>0.9312395869086437</orientation>
      <time>22</time>
    </ksState>
    <ksState>
      <x>85.32382407388678</x>
      <y>775.0502394915198</y>
      <steeringAngle>0.0</steeringAngle>
      <velocity>0.0</velocity>
      <orientation>0.9312395869086437</orientation>
      <time>23</time>
    </ksState>
    <ksState>
      <x>85.32382407388678</x>
      <y>775.0502394915198</y>
      <steeringAngle>0.0</steeringAngle>
      <velocity>0.0</velocity>
      <orientation>0.9312395869086437</orientation>
      <time>24</time>
    </ksState>
    <ksState>
      <x>85.32382407388678</x>
      <y>775.0502394915198</y>
      <steeringAngle>0.0</steeringAngle>
      <velocity>0.0</velocity>
      <orientation>0.9312395869086437</orientation>
      <time>25</time>
    </ksState>
    <ksState>
      <x>85.32382407388678</x>
      <y>775.0502394915198</y>
      <steeringAngle>0.0</steeringAngle>
      <velocity>0.0</velocity>
      <orientation>0.9312395869086437</orientation>
      <time>26</time>
    </ksState>
    <ksState>
      <x>85.32382407388678</x>
      <y>775.0502394915198</y>
      <steeringAngle>0.0</steeringAngle>
      <velocity>0.0</velocity>
      <orientation>0.9312395869086437</orientation>
      <time>27</time>
    </ksState>
    <ksState>
      <x>85.32382407388678</x>
      <y>775.0502394915198</y>
      <steeringAngle>0.0</steeringAngle>
      <velocity>0.0</velocity>
      <orientation>0.9312395869086437</orientation>
      <time>28</time>
    </ksState>
    <ksState>
      <x>85.32382407388678</x>
      <y>775.0502394915198</y>
      <steeringAngle>0.0</steeringAngle>
      <velocity>0.0</velocity>
      <orientation>0.9312395869086437</orientation>
      <time>29</time>
    </ksState>
    <ksState>
      <x>85.32382407388678</x>
      <y>775.0502394915198</y>
      <steeringAngle>0.0</steeringAngle>
      <velocity>0.0</velocity>
      <orientation>0.9312395869086437</orientation>
      <time>30</time>
    </ksState>
    <ksState>
      <x>85.32382407388678</x>
      <y>775.0502394915198</y>
      <steeringAngle>0.0</steeringAngle>
      <velocity>0.0</velocity>
      <orientation>0.9312395869086437</orientation>
      <time>31</time>
    </ksState>
    <ksState>
      <x>85.32382407388678</x>
      <y>775.0502394915198</y>
      <steeringAngle>0.0</steeringAngle>
      <velocity>0.0</velocity>
      <orientation>0.9312395869086437</orientation>
      <time>32</time>
    </ksState>
    <ksState>
      <x>85.32382407388678</x>
      <y>775.0502394915198</y>
      <steeringAngle>0.0</steeringAngle>
      <velocity>0.0</velocity>
      <orientation>0.9312395869086437</orientation>
      <time>33</time>
    </ksState>
  </ksTrajectory>
</CommonRoadSolution>
