<?xml version="1.0" ?>
<CommonRoadSolution benchmark_id="KS2:SM1:DEU_Meckenheim-8_5_T-1:2020a" computation_time="1.7683326619999207" date="2023-01-12T15:00:04">
  <ksTrajectory planningProblem="1">
    <ksState>
      <x>612.40157</x>
      <y>789.54953</y>
      <steeringAngle>0.0</steeringAngle>
      <velocity>4.0</velocity>
      <orientation>1.3557732</orientation>
      <time>0</time>
    </ksState>
    <ksState>
      <x>612.4911069028428</x>
      <y>789.9393978697628</y>
      <steeringAngle>-0.035533333333333326</steeringAngle>
      <velocity>4.0</velocity>
      <orientation>1.3530169254673996</orientation>
      <time>1</time>
    </ksState>
    <ksState>
      <x>612.5904523428585</x>
      <y>790.3270366838592</y>
      <steeringAngle>-0.07106666666666711</steeringAngle>
      <velocity>4.0</velocity>
      <orientation>1.344741164924114</orientation>
      <time>2</time>
    </ksState>
    <ksState>
      <x>612.7017415944755</x>
      <y>790.711732985583</y>
      <steeringAngle>-0.10660000000000043</steeringAngle>
      <velocity>4.0</velocity>
      <orientation>1.3309249251049773</orientation>
      <time>3</time>
    </ksState>
    <ksState>
      <x>612.8270872091482</x>
      <y>791.0925666768335</y>
      <steeringAngle>-0.14213333333333378</steeringAngle>
      <velocity>4.0</velocity>
      <orientation>1.3115329987194315</orientation>
      <time>4</time>
    </ksState>
    <ksState>
      <x>612.9685637956275</x>
      <y>791.4683716501297</y>
      <steeringAngle>-0.1776666666666672</steeringAngle>
      <velocity>4.0</velocity>
      <orientation>1.2865155922680342</orientation>
      <time>5</time>
    </ksState>
    <ksState>
      <x>613.1079526649448</x>
      <y>791.8021913626875</y>
      <steeringAngle>-0.17766666666666667</steeringAngle>
      <velocity>3.2000000000000006</velocity>
      <orientation>1.2614501529998567</orientation>
      <time>6</time>
    </ksState>
    <ksState>
      <x>613.2221248511881</x>
      <y>792.0593518374066</y>
      <steeringAngle>-0.17766666666666667</steeringAngle>
      <velocity>2.4000000000000012</velocity>
      <orientation>1.2419548113698269</orientation>
      <time>7</time>
    </ksState>
    <ksState>
      <x>613.3067349894902</x>
      <y>792.2416509716717</y>
      <steeringAngle>-0.17766666666666667</steeringAngle>
      <velocity>1.6000000000000005</velocity>
      <orientation>1.228029567370846</orientation>
      <time>8</time>
    </ksState>
    <ksState>
      <x>613.3587166828586</x>
      <y>792.3504586921773</y>
      <steeringAngle>-0.17766666666666667</steeringAngle>
      <velocity>0.8000000000000004</velocity>
      <orientation>1.2196744210000918</orientation>
      <time>9</time>
    </ksState>
    <ksState>
      <x>613.3762457225049</x>
      <y>792.386630945163</y>
      <steeringAngle>-0.17766666666666667</steeringAngle>
      <velocity>2.7755575615628914e-16</velocity>
      <orientation>1.2168893722538765</orientation>
      <time>10</time>
    </ksState>
    <ksState>
      <x>613.3762457225049</x>
      <y>792.386630945163</y>
      <steeringAngle>-0.14213333333333336</steeringAngle>
      <velocity>0.0</velocity>
      <orientation>1.2168893722538765</orientation>
      <time>11</time>
    </ksState>
    <ksState>
      <x>613.3762457225049</x>
      <y>792.386630945163</y>
      <steeringAngle>-0.10660000000000001</steeringAngle>
      <velocity>0.0</velocity>
      <orientation>1.2168893722538765</orientation>
      <time>12</time>
    </ksState>
    <ksState>
      <x>613.3762457225049</x>
      <y>792.386630945163</y>
      <steeringAngle>-0.07106666666666668</steeringAngle>
      <velocity>0.0</velocity>
      <orientation>1.2168893722538765</orientation>
      <time>13</time>
    </ksState>
    <ksState>
      <x>613.3762457225049</x>
      <y>792.386630945163</y>
      <steeringAngle>-0.03553333333333333</steeringAngle>
      <velocity>0.0</velocity>
      <orientation>1.2168893722538765</orientation>
      <time>14</time>
    </ksState>
    <ksState>
      <x>613.3762457225049</x>
      <y>792.386630945163</y>
      <steeringAngle>-0.0</steeringAngle>
      <velocity>0.0</velocity>
      <orientation>1.2168893722538765</orientation>
      <time>15</time>
    </ksState>
    <ksState>
      <x>613.3896122883713</x>
      <y>792.424335147098</y>
      <steeringAngle>0.03553333333333333</steeringAngle>
      <velocity>0.8</velocity>
      <orientation>1.2172569040321184</orientation>
      <time>16</time>
    </ksState>
    <ksState>
      <x>613.4275906309728</x>
      <y>792.5382251748952</y>
      <steeringAngle>0.0710666666666667</steeringAngle>
      <velocity>1.6</velocity>
      <orientation>1.219831750624104</orientation>
      <time>17</time>
    </ksState>
    <ksState>
      <x>613.486371816394</x>
      <y>792.729648513514</y>
      <steeringAngle>0.10660000000000003</steeringAngle>
      <velocity>2.4000000000000004</velocity>
      <orientation>1.2268324548609413</orientation>
      <time>18</time>
    </ksState>
    <ksState>
      <x>613.5607250129915</x>
      <y>793.0002865458872</y>
      <steeringAngle>0.14213333333333342</steeringAngle>
      <velocity>3.2000000000000015</velocity>
      <orientation>1.2405000958017616</orientation>
      <time>19</time>
    </ksState>
    <ksState>
      <x>613.6432223454618</x>
      <y>793.3521580561961</y>
      <steeringAngle>0.17766666666666683</steeringAngle>
      <velocity>4.0000000000000036</velocity>
      <orientation>1.2631100116749816</orientation>
      <time>20</time>
    </ksState>
    <ksState>
      <x>613.7331510709062</x>
      <y>793.7846401535137</y>
      <steeringAngle>0.14213333333333333</steeringAngle>
      <velocity>4.8000000000000025</velocity>
      <orientation>1.290534911393334</orientation>
      <time>21</time>
    </ksState>
    <ksState>
      <x>613.835933116553</x>
      <y>794.2956401021</y>
      <steeringAngle>0.10660000000000003</steeringAngle>
      <velocity>5.600000000000005</velocity>
      <orientation>1.315651123672252</orientation>
      <time>22</time>
    </ksState>
    <ksState>
      <x>613.9524837853903</x>
      <y>794.8849525642395</y>
      <steeringAngle>0.07106666666666671</steeringAngle>
      <velocity>6.400000000000004</velocity>
      <orientation>1.3362828932717115</orientation>
      <time>23</time>
    </ksState>
    <ksState>
      <x>614.0859775407383</x>
      <y>795.5520270855728</y>
      <steeringAngle>0.035533333333333375</steeringAngle>
      <velocity>7.200000000000006</velocity>
      <orientation>1.3502595613645036</orientation>
      <time>24</time>
    </ksState>
    <ksState>
      <x>614.2425274967419</x>
      <y>796.295770352903</y>
      <steeringAngle>2.6346112791397758e-17</steeringAngle>
      <velocity>8.000000000000007</velocity>
      <orientation>1.3554045741440721</orientation>
      <time>25</time>
    </ksState>
    <ksState>
      <x>614.4226039116047</x>
      <y>797.07527061588</y>
      <steeringAngle>-0.03553333333333333</steeringAngle>
      <velocity>8.0</velocity>
      <orientation>1.3498920391412332</orientation>
      <time>26</time>
    </ksState>
    <ksState>
      <x>614.6265594725564</x>
      <y>797.849161566335</y>
      <steeringAngle>-0.07106666666666667</steeringAngle>
      <velocity>8.0</velocity>
      <orientation>1.3333405182609637</orientation>
      <time>27</time>
    </ksState>
    <ksState>
      <x>614.8628220481122</x>
      <y>798.6144238468734</y>
      <steeringAngle>-0.10659999999999997</steeringAngle>
      <velocity>8.0</velocity>
      <orientation>1.3057080389702689</orientation>
      <time>28</time>
    </ksState>
    <ksState>
      <x>615.1395757724193</x>
      <y>799.3669455874468</y>
      <steeringAngle>-0.1421333333333333</steeringAngle>
      <velocity>8.0</velocity>
      <orientation>1.2669241866975338</orientation>
      <time>29</time>
    </ksState>
    <ksState>
      <x>615.4645919091997</x>
      <y>800.1012410781505</y>
      <steeringAngle>-0.17766666666666667</steeringAngle>
      <velocity>8.0</velocity>
      <orientation>1.216889374448379</orientation>
      <time>30</time>
    </ksState>
    <ksState>
      <x>615.8084651992344</x>
      <y>800.7823611500313</y>
      <steeringAngle>-0.1421333333333334</steeringAngle>
      <velocity>7.2</velocity>
      <orientation>1.1692620527027422</orientation>
      <time>31</time>
    </ksState>
    <ksState>
      <x>616.1280012560292</x>
      <y>801.3844551672406</y>
      <steeringAngle>-0.10660000000000011</steeringAngle>
      <velocity>6.4</velocity>
      <orientation>1.1362024822547743</orientation>
      <time>32</time>
    </ksState>
    <ksState>
      <x>616.4133800209951</x>
      <y>801.9130832663345</y>
      <steeringAngle>-0.07106666666666674</steeringAngle>
      <velocity>5.600000000000001</velocity>
      <orientation>1.1153855339608858</orientation>
      <time>33</time>
    </ksState>
  </ksTrajectory>
</CommonRoadSolution>
