<?xml version="1.0" ?>
<CommonRoadSolution benchmark_id="KS2:SM1:DEU_Lohmar-35_1_T-1:2020a" computation_time="2.0856085000004896" date="2023-01-12T15:00:04">
  <ksTrajectory planningProblem="123">
    <ksState>
      <x>-34.454649</x>
      <y>-212.74778</y>
      <steeringAngle>0.0</steeringAngle>
      <velocity>16.0</velocity>
      <orientation>2.2955742</orientation>
      <time>0</time>
    </ksState>
    <ksState>
      <x>-35.51539966324397</x>
      <y>-211.5499452741603</y>
      <steeringAngle>0.0</steeringAngle>
      <velocity>16.0</velocity>
      <orientation>2.2955742</orientation>
      <time>1</time>
    </ksState>
    <ksState>
      <x>-36.576150326487934</x>
      <y>-210.35211054832058</y>
      <steeringAngle>0.0</steeringAngle>
      <velocity>16.0</velocity>
      <orientation>2.2955742</orientation>
      <time>2</time>
    </ksState>
    <ksState>
      <x>-37.6369009897319</x>
      <y>-209.15427582248088</y>
      <steeringAngle>0.0</steeringAngle>
      <velocity>16.0</velocity>
      <orientation>2.2955742</orientation>
      <time>3</time>
    </ksState>
    <ksState>
      <x>-38.697651652975864</x>
      <y>-207.95644109664119</y>
      <steeringAngle>0.0</steeringAngle>
      <velocity>16.0</velocity>
      <orientation>2.2955742</orientation>
      <time>4</time>
    </ksState>
    <ksState>
      <x>-39.75840231621983</x>
      <y>-206.75860637080146</y>
      <steeringAngle>0.0</steeringAngle>
      <velocity>16.0</velocity>
      <orientation>2.2955742</orientation>
      <time>5</time>
    </ksState>
    <ksState>
      <x>-40.792634212660694</x>
      <y>-205.59071751335844</y>
      <steeringAngle>0.0</steeringAngle>
      <velocity>15.2</velocity>
      <orientation>2.2955742</orientation>
      <time>6</time>
    </ksState>
    <ksState>
      <x>-41.773828575577035</x>
      <y>-204.48272039261656</y>
      <steeringAngle>0.0</steeringAngle>
      <velocity>14.400000000000002</velocity>
      <orientation>2.2955742</orientation>
      <time>7</time>
    </ksState>
    <ksState>
      <x>-42.70198540521427</x>
      <y>-203.43461500829866</y>
      <steeringAngle>0.0</steeringAngle>
      <velocity>13.600000000000001</velocity>
      <orientation>2.2955742</orientation>
      <time>8</time>
    </ksState>
    <ksState>
      <x>-43.57710470164671</x>
      <y>-202.44640136032086</y>
      <steeringAngle>0.0</steeringAngle>
      <velocity>12.800000000000004</velocity>
      <orientation>2.2955742</orientation>
      <time>9</time>
    </ksState>
    <ksState>
      <x>-44.39918646489782</x>
      <y>-201.51807944865666</y>
      <steeringAngle>0.0</steeringAngle>
      <velocity>12.000000000000002</velocity>
      <orientation>2.2955742</orientation>
      <time>10</time>
    </ksState>
    <ksState>
      <x>-45.15750682202395</x>
      <y>-200.64022159815653</y>
      <steeringAngle>-0.03553333333333333</steeringAngle>
      <velocity>11.200000000000001</velocity>
      <orientation>2.287672926227656</orientation>
      <time>11</time>
    </ksState>
    <ksState>
      <x>-45.83491141231993</x>
      <y>-199.79856142827828</y>
      <steeringAngle>-0.07106666666666667</steeringAngle>
      <velocity>10.400000000000007</velocity>
      <orientation>2.265420495429166</orientation>
      <time>12</time>
    </ksState>
    <ksState>
      <x>-46.42436403806186</x>
      <y>-198.98940452603088</y>
      <steeringAngle>-0.10660000000000001</steeringAngle>
      <velocity>9.60000000000001</velocity>
      <orientation>2.2309724845444943</orientation>
      <time>13</time>
    </ksState>
    <ksState>
      <x>-46.92213139636445</x>
      <y>-198.21327824730483</y>
      <steeringAngle>-0.14213333333333344</steeringAngle>
      <velocity>8.800000000000008</velocity>
      <orientation>2.1864643524236493</orientation>
      <time>14</time>
    </ksState>
    <ksState>
      <x>-47.32771260239681</x>
      <y>-197.47410054270694</y>
      <steeringAngle>-0.17766666666666675</steeringAngle>
      <velocity>8.000000000000009</velocity>
      <orientation>2.1340220546086677</orientation>
      <time>15</time>
    </ksState>
    <ksState>
      <x>-47.675985549555215</x>
      <y>-196.75039757612615</y>
      <steeringAngle>-0.14213333333333336</steeringAngle>
      <velocity>8.0</velocity>
      <orientation>2.0839872430599193</orientation>
      <time>16</time>
    </ksState>
    <ksState>
      <x>-48.00590026505232</x>
      <y>-196.01950593571306</y>
      <steeringAngle>-0.1066000000000001</steeringAngle>
      <velocity>8.0</velocity>
      <orientation>2.045203391052922</orientation>
      <time>17</time>
    </ksState>
    <ksState>
      <x>-48.32559195991535</x>
      <y>-195.28509456970465</y>
      <steeringAngle>-0.07106666666666674</steeringAngle>
      <velocity>8.0</velocity>
      <orientation>2.017570912023235</orientation>
      <time>18</time>
    </ksState>
    <ksState>
      <x>-48.64326530414075</x>
      <y>-194.5504802931646</y>
      <steeringAngle>-0.035533333333333354</steeringAngle>
      <velocity>8.0</velocity>
      <orientation>2.001019391394206</orientation>
      <time>19</time>
    </ksState>
    <ksState>
      <x>-48.96711219807906</x>
      <y>-193.8189104095707</y>
      <steeringAngle>-2.0816681711721685e-17</steeringAngle>
      <velocity>8.0</velocity>
      <orientation>1.9955068649358008</orientation>
      <time>20</time>
    </ksState>
    <ksState>
      <x>-49.28811375927868</x>
      <y>-193.12999784893356</y>
      <steeringAngle>0.03553333333333333</steeringAngle>
      <velocity>7.199999999999999</velocity>
      <orientation>2.000651877918293</orientation>
      <time>21</time>
    </ksState>
    <ksState>
      <x>-49.59334219216254</x>
      <y>-192.5220486088059</y>
      <steeringAngle>0.07106666666666664</steeringAngle>
      <velocity>6.400000000000001</velocity>
      <orientation>2.014628550039256</orientation>
      <time>22</time>
    </ksState>
    <ksState>
      <x>-49.88255886286333</x>
      <y>-191.99557156536065</y>
      <steeringAngle>0.10659999999999997</steeringAngle>
      <velocity>5.600000000000004</velocity>
      <orientation>2.0352603179051374</orientation>
      <time>23</time>
    </ksState>
    <ksState>
      <x>-50.15276672605849</x>
      <y>-191.54989478751855</y>
      <steeringAngle>0.1421333333333333</steeringAngle>
      <velocity>4.800000000000003</velocity>
      <orientation>2.060376525413786</orientation>
      <time>24</time>
    </ksState>
    <ksState>
      <x>-50.39895665877298</x>
      <y>-191.18317565426926</y>
      <steeringAngle>0.17766666666666653</steeringAngle>
      <velocity>4.000000000000006</velocity>
      <orientation>2.0878014219989356</orientation>
      <time>25</time>
    </ksState>
    <ksState>
      <x>-50.61484245730802</x>
      <y>-190.89247249502316</y>
      <steeringAngle>0.21319999999999997</steeringAngle>
      <velocity>3.2</velocity>
      <orientation>2.1153429675623703</orientation>
      <time>26</time>
    </ksState>
    <ksState>
      <x>-50.793556122364144</x>
      <y>-190.67393159407993</y>
      <steeringAngle>0.24873333333333342</steeringAngle>
      <velocity>2.4000000000000004</velocity>
      <orientation>2.14078119794902</orientation>
      <time>27</time>
    </ksState>
    <ksState>
      <x>-50.928276437649494</x>
      <y>-190.5231171191676</y>
      <steeringAngle>0.2842666666666668</steeringAngle>
      <velocity>1.600000000000001</velocity>
      <orientation>2.1618560977395993</orientation>
      <time>28</time>
    </ksState>
    <ksState>
      <x>-51.012772658736395</x>
      <y>-190.4354869987532</y>
      <steeringAngle>0.3197999999999999</steeringAngle>
      <velocity>0.8000000000000007</velocity>
      <orientation>2.176254525040304</orientation>
      <time>29</time>
    </ksState>
    <ksState>
      <x>-51.04186177131281</x>
      <y>-190.40699929348446</y>
      <steeringAngle>0.3553333333333332</steeringAngle>
      <velocity>5.551115123125783e-16</velocity>
      <orientation>2.1815961666760333</orientation>
      <time>30</time>
    </ksState>
    <ksState>
      <x>-51.04186177131281</x>
      <y>-190.40699929348446</y>
      <steeringAngle>0.3198</steeringAngle>
      <velocity>0.0</velocity>
      <orientation>2.1815961666760333</orientation>
      <time>31</time>
    </ksState>
    <ksState>
      <x>-51.04186177131281</x>
      <y>-190.40699929348446</y>
      <steeringAngle>0.2842666666666666</steeringAngle>
      <velocity>0.0</velocity>
      <orientation>2.1815961666760333</orientation>
      <time>32</time>
    </ksState>
    <ksState>
      <x>-51.04186177131281</x>
      <y>-190.40699929348446</y>
      <steeringAngle>0.24873333333333333</steeringAngle>
      <velocity>0.0</velocity>
      <orientation>2.1815961666760333</orientation>
      <time>33</time>
    </ksState>
    <ksState>
      <x>-51.04186177131281</x>
      <y>-190.40699929348446</y>
      <steeringAngle>0.21320000000000003</steeringAngle>
      <velocity>0.0</velocity>
      <orientation>2.1815961666760333</orientation>
      <time>34</time>
    </ksState>
    <ksState>
      <x>-51.04186177131281</x>
      <y>-190.40699929348446</y>
      <steeringAngle>0.1776666666666667</steeringAngle>
      <velocity>0.0</velocity>
      <orientation>2.1815961666760333</orientation>
      <time>35</time>
    </ksState>
    <ksState>
      <x>-51.04186177131281</x>
      <y>-190.40699929348446</y>
      <steeringAngle>0.14213333333333336</steeringAngle>
      <velocity>0.0</velocity>
      <orientation>2.1815961666760333</orientation>
      <time>36</time>
    </ksState>
    <ksState>
      <x>-51.04186177131281</x>
      <y>-190.40699929348446</y>
      <steeringAngle>0.10660000000000001</steeringAngle>
      <velocity>0.0</velocity>
      <orientation>2.1815961666760333</orientation>
      <time>37</time>
    </ksState>
    <ksState>
      <x>-51.04186177131281</x>
      <y>-190.40699929348446</y>
      <steeringAngle>0.07106666666666668</steeringAngle>
      <velocity>0.0</velocity>
      <orientation>2.1815961666760333</orientation>
      <time>38</time>
    </ksState>
    <ksState>
      <x>-51.04186177131281</x>
      <y>-190.40699929348446</y>
      <steeringAngle>0.03553333333333333</steeringAngle>
      <velocity>0.0</velocity>
      <orientation>2.1815961666760333</orientation>
      <time>39</time>
    </ksState>
    <ksState>
      <x>-51.04186177131281</x>
      <y>-190.40699929348446</y>
      <steeringAngle>0.0</steeringAngle>
      <velocity>0.0</velocity>
      <orientation>2.1815961666760333</orientation>
      <time>40</time>
    </ksState>
    <ksState>
      <x>-51.04186177131281</x>
      <y>-190.40699929348446</y>
      <steeringAngle>0.0</steeringAngle>
      <velocity>0.0</velocity>
      <orientation>2.1815961666760333</orientation>
      <time>41</time>
    </ksState>
    <ksState>
      <x>-51.04186177131281</x>
      <y>-190.40699929348446</y>
      <steeringAngle>0.0</steeringAngle>
      <velocity>0.0</velocity>
      <orientation>2.1815961666760333</orientation>
      <time>42</time>
    </ksState>
    <ksState>
      <x>-51.04186177131281</x>
      <y>-190.40699929348446</y>
      <steeringAngle>0.0</steeringAngle>
      <velocity>0.0</velocity>
      <orientation>2.1815961666760333</orientation>
      <time>43</time>
    </ksState>
    <ksState>
      <x>-51.04186177131281</x>
      <y>-190.40699929348446</y>
      <steeringAngle>0.0</steeringAngle>
      <velocity>0.0</velocity>
      <orientation>2.1815961666760333</orientation>
      <time>44</time>
    </ksState>
    <ksState>
      <x>-51.04186177131281</x>
      <y>-190.40699929348446</y>
      <steeringAngle>0.0</steeringAngle>
      <velocity>0.0</velocity>
      <orientation>2.1815961666760333</orientation>
      <time>45</time>
    </ksState>
    <ksState>
      <x>-51.04186177131281</x>
      <y>-190.40699929348446</y>
      <steeringAngle>0.0</steeringAngle>
      <velocity>0.0</velocity>
      <orientation>2.1815961666760333</orientation>
      <time>46</time>
    </ksState>
    <ksState>
      <x>-51.04186177131281</x>
      <y>-190.40699929348446</y>
      <steeringAngle>0.0</steeringAngle>
      <velocity>0.0</velocity>
      <orientation>2.1815961666760333</orientation>
      <time>47</time>
    </ksState>
    <ksState>
      <x>-51.04186177131281</x>
      <y>-190.40699929348446</y>
      <steeringAngle>0.0</steeringAngle>
      <velocity>0.0</velocity>
      <orientation>2.1815961666760333</orientation>
      <time>48</time>
    </ksState>
    <ksState>
      <x>-51.04186177131281</x>
      <y>-190.40699929348446</y>
      <steeringAngle>0.0</steeringAngle>
      <velocity>0.0</velocity>
      <orientation>2.1815961666760333</orientation>
      <time>49</time>
    </ksState>
    <ksState>
      <x>-51.04186177131281</x>
      <y>-190.40699929348446</y>
      <steeringAngle>0.0</steeringAngle>
      <velocity>0.0</velocity>
      <orientation>2.1815961666760333</orientation>
      <time>50</time>
    </ksState>
    <ksState>
      <x>-51.04186177131281</x>
      <y>-190.40699929348446</y>
      <steeringAngle>0.0</steeringAngle>
      <velocity>0.0</velocity>
      <orientation>2.1815961666760333</orientation>
      <time>51</time>
    </ksState>
    <ksState>
      <x>-51.04186177131281</x>
      <y>-190.40699929348446</y>
      <steeringAngle>0.0</steeringAngle>
      <velocity>0.0</velocity>
      <orientation>2.1815961666760333</orientation>
      <time>52</time>
    </ksState>
    <ksState>
      <x>-51.04186177131281</x>
      <y>-190.40699929348446</y>
      <steeringAngle>0.0</steeringAngle>
      <velocity>0.0</velocity>
      <orientation>2.1815961666760333</orientation>
      <time>53</time>
    </ksState>
    <ksState>
      <x>-51.04186177131281</x>
      <y>-190.40699929348446</y>
      <steeringAngle>0.0</steeringAngle>
      <velocity>0.0</velocity>
      <orientation>2.1815961666760333</orientation>
      <time>54</time>
    </ksState>
    <ksState>
      <x>-51.04186177131281</x>
      <y>-190.40699929348446</y>
      <steeringAngle>0.0</steeringAngle>
      <velocity>0.0</velocity>
      <orientation>2.1815961666760333</orientation>
      <time>55</time>
    </ksState>
    <ksState>
      <x>-51.04186177131281</x>
      <y>-190.40699929348446</y>
      <steeringAngle>0.0</steeringAngle>
      <velocity>0.0</velocity>
      <orientation>2.1815961666760333</orientation>
      <time>56</time>
    </ksState>
    <ksState>
      <x>-51.04186177131281</x>
      <y>-190.40699929348446</y>
      <steeringAngle>0.0</steeringAngle>
      <velocity>0.0</velocity>
      <orientation>2.1815961666760333</orientation>
      <time>57</time>
    </ksState>
    <ksState>
      <x>-51.04186177131281</x>
      <y>-190.40699929348446</y>
      <steeringAngle>0.0</steeringAngle>
      <velocity>0.0</velocity>
      <orientation>2.1815961666760333</orientation>
      <time>58</time>
    </ksState>
    <ksState>
      <x>-51.04186177131281</x>
      <y>-190.40699929348446</y>
      <steeringAngle>0.0</steeringAngle>
      <velocity>0.0</velocity>
      <orientation>2.1815961666760333</orientation>
      <time>59</time>
    </ksState>
    <ksState>
      <x>-51.04186177131281</x>
      <y>-190.40699929348446</y>
      <steeringAngle>0.0</steeringAngle>
      <velocity>0.0</velocity>
      <orientation>2.1815961666760333</orientation>
      <time>60</time>
    </ksState>
    <ksState>
      <x>-51.04186177131281</x>
      <y>-190.40699929348446</y>
      <steeringAngle>0.0</steeringAngle>
      <velocity>0.0</velocity>
      <orientation>2.1815961666760333</orientation>
      <time>61</time>
    </ksState>
    <ksState>
      <x>-51.04186177131281</x>
      <y>-190.40699929348446</y>
      <steeringAngle>0.0</steeringAngle>
      <velocity>0.0</velocity>
      <orientation>2.1815961666760333</orientation>
      <time>62</time>
    </ksState>
    <ksState>
      <x>-51.04186177131281</x>
      <y>-190.40699929348446</y>
      <steeringAngle>0.0</steeringAngle>
      <velocity>0.0</velocity>
      <orientation>2.1815961666760333</orientation>
      <time>63</time>
    </ksState>
    <ksState>
      <x>-51.04186177131281</x>
      <y>-190.40699929348446</y>
      <steeringAngle>0.0</steeringAngle>
      <velocity>0.0</velocity>
      <orientation>2.1815961666760333</orientation>
      <time>64</time>
    </ksState>
    <ksState>
      <x>-51.04186177131281</x>
      <y>-190.40699929348446</y>
      <steeringAngle>0.0</steeringAngle>
      <velocity>0.0</velocity>
      <orientation>2.1815961666760333</orientation>
      <time>65</time>
    </ksState>
    <ksState>
      <x>-51.04186177131281</x>
      <y>-190.40699929348446</y>
      <steeringAngle>0.0</steeringAngle>
      <velocity>0.0</velocity>
      <orientation>2.1815961666760333</orientation>
      <time>66</time>
    </ksState>
    <ksState>
      <x>-51.04186177131281</x>
      <y>-190.40699929348446</y>
      <steeringAngle>0.0</steeringAngle>
      <velocity>0.0</velocity>
      <orientation>2.1815961666760333</orientation>
      <time>67</time>
    </ksState>
    <ksState>
      <x>-51.04186177131281</x>
      <y>-190.40699929348446</y>
      <steeringAngle>0.0</steeringAngle>
      <velocity>0.0</velocity>
      <orientation>2.1815961666760333</orientation>
      <time>68</time>
    </ksState>
    <ksState>
      <x>-51.04186177131281</x>
      <y>-190.40699929348446</y>
      <steeringAngle>0.0</steeringAngle>
      <velocity>0.0</velocity>
      <orientation>2.1815961666760333</orientation>
      <time>69</time>
    </ksState>
    <ksState>
      <x>-51.04186177131281</x>
      <y>-190.40699929348446</y>
      <steeringAngle>0.0</steeringAngle>
      <velocity>0.0</velocity>
      <orientation>2.1815961666760333</orientation>
      <time>70</time>
    </ksState>
    <ksState>
      <x>-51.04186177131281</x>
      <y>-190.40699929348446</y>
      <steeringAngle>0.0</steeringAngle>
      <velocity>0.0</velocity>
      <orientation>2.1815961666760333</orientation>
      <time>71</time>
    </ksState>
    <ksState>
      <x>-51.04186177131281</x>
      <y>-190.40699929348446</y>
      <steeringAngle>0.0</steeringAngle>
      <velocity>0.0</velocity>
      <orientation>2.1815961666760333</orientation>
      <time>72</time>
    </ksState>
    <ksState>
      <x>-51.04186177131281</x>
      <y>-190.40699929348446</y>
      <steeringAngle>0.0</steeringAngle>
      <velocity>0.0</velocity>
      <orientation>2.1815961666760333</orientation>
      <time>73</time>
    </ksState>
    <ksState>
      <x>-51.04186177131281</x>
      <y>-190.40699929348446</y>
      <steeringAngle>0.0</steeringAngle>
      <velocity>0.0</velocity>
      <orientation>2.1815961666760333</orientation>
      <time>74</time>
    </ksState>
    <ksState>
      <x>-51.04186177131281</x>
      <y>-190.40699929348446</y>
      <steeringAngle>0.0</steeringAngle>
      <velocity>0.0</velocity>
      <orientation>2.1815961666760333</orientation>
      <time>75</time>
    </ksState>
    <ksState>
      <x>-51.04186177131281</x>
      <y>-190.40699929348446</y>
      <steeringAngle>0.0</steeringAngle>
      <velocity>0.0</velocity>
      <orientation>2.1815961666760333</orientation>
      <time>76</time>
    </ksState>
    <ksState>
      <x>-51.04186177131281</x>
      <y>-190.40699929348446</y>
      <steeringAngle>0.0</steeringAngle>
      <velocity>0.0</velocity>
      <orientation>2.1815961666760333</orientation>
      <time>77</time>
    </ksState>
    <ksState>
      <x>-51.04186177131281</x>
      <y>-190.40699929348446</y>
      <steeringAngle>0.0</steeringAngle>
      <velocity>0.0</velocity>
      <orientation>2.1815961666760333</orientation>
      <time>78</time>
    </ksState>
    <ksState>
      <x>-51.04186177131281</x>
      <y>-190.40699929348446</y>
      <steeringAngle>0.0</steeringAngle>
      <velocity>0.0</velocity>
      <orientation>2.1815961666760333</orientation>
      <time>79</time>
    </ksState>
    <ksState>
      <x>-51.04186177131281</x>
      <y>-190.40699929348446</y>
      <steeringAngle>0.0</steeringAngle>
      <velocity>0.0</velocity>
      <orientation>2.1815961666760333</orientation>
      <time>80</time>
    </ksState>
    <ksState>
      <x>-51.04186177131281</x>
      <y>-190.40699929348446</y>
      <steeringAngle>0.0</steeringAngle>
      <velocity>0.0</velocity>
      <orientation>2.1815961666760333</orientation>
      <time>81</time>
    </ksState>
    <ksState>
      <x>-51.04186177131281</x>
      <y>-190.40699929348446</y>
      <steeringAngle>0.0</steeringAngle>
      <velocity>0.0</velocity>
      <orientation>2.1815961666760333</orientation>
      <time>82</time>
    </ksState>
    <ksState>
      <x>-51.04186177131281</x>
      <y>-190.40699929348446</y>
      <steeringAngle>0.0</steeringAngle>
      <velocity>0.0</velocity>
      <orientation>2.1815961666760333</orientation>
      <time>83</time>
    </ksState>
    <ksState>
      <x>-51.04186177131281</x>
      <y>-190.40699929348446</y>
      <steeringAngle>0.0</steeringAngle>
      <velocity>0.0</velocity>
      <orientation>2.1815961666760333</orientation>
      <time>84</time>
    </ksState>
    <ksState>
      <x>-51.04186177131281</x>
      <y>-190.40699929348446</y>
      <steeringAngle>0.0</steeringAngle>
      <velocity>0.0</velocity>
      <orientation>2.1815961666760333</orientation>
      <time>85</time>
    </ksState>
    <ksState>
      <x>-51.04186177131281</x>
      <y>-190.40699929348446</y>
      <steeringAngle>0.0</steeringAngle>
      <velocity>0.0</velocity>
      <orientation>2.1815961666760333</orientation>
      <time>86</time>
    </ksState>
    <ksState>
      <x>-51.04186177131281</x>
      <y>-190.40699929348446</y>
      <steeringAngle>0.0</steeringAngle>
      <velocity>0.0</velocity>
      <orientation>2.1815961666760333</orientation>
      <time>87</time>
    </ksState>
    <ksState>
      <x>-51.04186177131281</x>
      <y>-190.40699929348446</y>
      <steeringAngle>0.0</steeringAngle>
      <velocity>0.0</velocity>
      <orientation>2.1815961666760333</orientation>
      <time>88</time>
    </ksState>
    <ksState>
      <x>-51.04186177131281</x>
      <y>-190.40699929348446</y>
      <steeringAngle>0.0</steeringAngle>
      <velocity>0.0</velocity>
      <orientation>2.1815961666760333</orientation>
      <time>89</time>
    </ksState>
    <ksState>
      <x>-51.04186177131281</x>
      <y>-190.40699929348446</y>
      <steeringAngle>0.0</steeringAngle>
      <velocity>0.0</velocity>
      <orientation>2.1815961666760333</orientation>
      <time>90</time>
    </ksState>
    <ksState>
      <x>-51.04186177131281</x>
      <y>-190.40699929348446</y>
      <steeringAngle>0.0</steeringAngle>
      <velocity>0.0</velocity>
      <orientation>2.1815961666760333</orientation>
      <time>91</time>
    </ksState>
    <ksState>
      <x>-51.04186177131281</x>
      <y>-190.40699929348446</y>
      <steeringAngle>0.0</steeringAngle>
      <velocity>0.0</velocity>
      <orientation>2.1815961666760333</orientation>
      <time>92</time>
    </ksState>
    <ksState>
      <x>-51.04186177131281</x>
      <y>-190.40699929348446</y>
      <steeringAngle>0.0</steeringAngle>
      <velocity>0.0</velocity>
      <orientation>2.1815961666760333</orientation>
      <time>93</time>
    </ksState>
    <ksState>
      <x>-51.04186177131281</x>
      <y>-190.40699929348446</y>
      <steeringAngle>0.0</steeringAngle>
      <velocity>0.0</velocity>
      <orientation>2.1815961666760333</orientation>
      <time>94</time>
    </ksState>
    <ksState>
      <x>-51.04186177131281</x>
      <y>-190.40699929348446</y>
      <steeringAngle>0.0</steeringAngle>
      <velocity>0.0</velocity>
      <orientation>2.1815961666760333</orientation>
      <time>95</time>
    </ksState>
    <ksState>
      <x>-51.04186177131281</x>
      <y>-190.40699929348446</y>
      <steeringAngle>0.0</steeringAngle>
      <velocity>0.0</velocity>
      <orientation>2.1815961666760333</orientation>
      <time>96</time>
    </ksState>
    <ksState>
      <x>-51.04186177131281</x>
      <y>-190.40699929348446</y>
      <steeringAngle>0.0</steeringAngle>
      <velocity>0.0</velocity>
      <orientation>2.1815961666760333</orientation>
      <time>97</time>
    </ksState>
    <ksState>
      <x>-51.04186177131281</x>
      <y>-190.40699929348446</y>
      <steeringAngle>0.0</steeringAngle>
      <velocity>0.0</velocity>
      <orientation>2.1815961666760333</orientation>
      <time>98</time>
    </ksState>
    <ksState>
      <x>-51.04186177131281</x>
      <y>-190.40699929348446</y>
      <steeringAngle>0.0</steeringAngle>
      <velocity>0.0</velocity>
      <orientation>2.1815961666760333</orientation>
      <time>99</time>
    </ksState>
  </ksTrajectory>
</CommonRoadSolution>
