<?xml version="1.0" ?>
<CommonRoadSolution benchmark_id="KS2:SM1:ARG_Carcarana-9_2_T-1:2020a" computation_time="2.3145483819998844" date="2023-01-12T15:00:04">
  <ksTrajectory planningProblem="1">
    <ksState>
      <x>-135.79707</x>
      <y>392.48165</y>
      <steeringAngle>0.0</steeringAngle>
      <velocity>0.0</velocity>
      <orientation>1.374541</orientation>
      <time>0</time>
    </ksState>
    <ksState>
      <x>-135.78875147034202</x>
      <y>392.52077894058027</y>
      <steeringAngle>-0.03553333333333333</steeringAngle>
      <velocity>0.8</velocity>
      <orientation>1.3741734682217581</orientation>
      <time>1</time>
    </ksState>
    <ksState>
      <x>-135.7615810980783</x>
      <y>392.6377193690449</y>
      <steeringAngle>-0.0710666666666667</steeringAngle>
      <velocity>1.6</velocity>
      <orientation>1.3715986216297724</orientation>
      <time>2</time>
    </ksState>
    <ksState>
      <x>-135.71160749717518</x>
      <y>392.8316285270036</y>
      <steeringAngle>-0.10660000000000003</steeringAngle>
      <velocity>2.4000000000000004</velocity>
      <orientation>1.3645979173929352</orientation>
      <time>3</time>
    </ksState>
    <ksState>
      <x>-135.63349262914468</x>
      <y>393.10120487945994</y>
      <steeringAngle>-0.14213333333333342</steeringAngle>
      <velocity>3.2000000000000015</velocity>
      <orientation>1.350930276452115</orientation>
      <time>4</time>
    </ksState>
    <ksState>
      <x>-135.5198492062851</x>
      <y>393.4442858350266</y>
      <steeringAngle>-0.17766666666666683</steeringAngle>
      <velocity>4.0000000000000036</velocity>
      <orientation>1.328320360578895</orientation>
      <time>5</time>
    </ksState>
    <ksState>
      <x>-135.3908554964656</x>
      <y>393.78262830595185</y>
      <steeringAngle>-0.21319999999999997</steeringAngle>
      <velocity>3.2</velocity>
      <orientation>1.3007788150154602</orientation>
      <time>6</time>
    </ksState>
    <ksState>
      <x>-135.27807919787392</x>
      <y>394.04143364967337</y>
      <steeringAngle>-0.24873333333333342</steeringAngle>
      <velocity>2.4000000000000004</velocity>
      <orientation>1.2753405846288108</orientation>
      <time>7</time>
    </ksState>
    <ksState>
      <x>-135.18928861871578</x>
      <y>394.22312240069124</y>
      <steeringAngle>-0.2842666666666668</steeringAngle>
      <velocity>1.600000000000001</velocity>
      <orientation>1.2542656848382312</orientation>
      <time>8</time>
    </ksState>
    <ksState>
      <x>-135.13171250755693</x>
      <y>394.33037742763935</y>
      <steeringAngle>-0.3197999999999999</steeringAngle>
      <velocity>0.8000000000000007</velocity>
      <orientation>1.2398672575375267</orientation>
      <time>9</time>
    </ksState>
    <ksState>
      <x>-135.11143553454704</x>
      <y>394.3656842285071</y>
      <steeringAngle>-0.3553333333333332</steeringAngle>
      <velocity>5.551115123125783e-16</velocity>
      <orientation>1.2345256159017974</orientation>
      <time>10</time>
    </ksState>
    <ksState>
      <x>-135.11143553454704</x>
      <y>394.3656842285071</y>
      <steeringAngle>-0.3198</steeringAngle>
      <velocity>0.0</velocity>
      <orientation>1.2345256159017974</orientation>
      <time>11</time>
    </ksState>
    <ksState>
      <x>-135.11143553454704</x>
      <y>394.3656842285071</y>
      <steeringAngle>-0.2842666666666666</steeringAngle>
      <velocity>0.0</velocity>
      <orientation>1.2345256159017974</orientation>
      <time>12</time>
    </ksState>
    <ksState>
      <x>-135.11143553454704</x>
      <y>394.3656842285071</y>
      <steeringAngle>-0.24873333333333333</steeringAngle>
      <velocity>0.0</velocity>
      <orientation>1.2345256159017974</orientation>
      <time>13</time>
    </ksState>
    <ksState>
      <x>-135.11143553454704</x>
      <y>394.3656842285071</y>
      <steeringAngle>-0.21320000000000003</steeringAngle>
      <velocity>0.0</velocity>
      <orientation>1.2345256159017974</orientation>
      <time>14</time>
    </ksState>
    <ksState>
      <x>-135.11143553454704</x>
      <y>394.3656842285071</y>
      <steeringAngle>-0.1776666666666667</steeringAngle>
      <velocity>0.0</velocity>
      <orientation>1.2345256159017974</orientation>
      <time>15</time>
    </ksState>
    <ksState>
      <x>-135.0949579311243</x>
      <y>394.40229338130035</y>
      <steeringAngle>-0.14213333333333333</steeringAngle>
      <velocity>0.8</velocity>
      <orientation>1.2321181186909949</orientation>
      <time>16</time>
    </ksState>
    <ksState>
      <x>-135.0470762333681</x>
      <y>394.5126287634503</y>
      <steeringAngle>-0.10660000000000001</steeringAngle>
      <velocity>1.6</velocity>
      <orientation>1.2263938320706602</orientation>
      <time>17</time>
    </ksState>
    <ksState>
      <x>-134.9697492855516</x>
      <y>394.69733204544195</y>
      <steeringAngle>-0.07106666666666664</steeringAngle>
      <velocity>2.4000000000000004</velocity>
      <orientation>1.2195783183076816</orientation>
      <time>18</time>
    </ksState>
    <ksState>
      <x>-134.86497673852543</x>
      <y>394.9571199293149</y>
      <steeringAngle>-0.03553333333333332</steeringAngle>
      <velocity>3.1999999999999993</velocity>
      <orientation>1.2138773975947519</orientation>
      <time>19</time>
    </ksState>
    <ksState>
      <x>-134.7354719765865</x>
      <y>395.2930380912278</y>
      <steeringAngle>2.6020852139652106e-18</steeringAngle>
      <velocity>3.999999999999999</velocity>
      <orientation>1.211488646006425</orientation>
      <time>20</time>
    </ksState>
    <ksState>
      <x>-134.61233302492215</x>
      <y>395.6313386577421</y>
      <steeringAngle>0.03553333333333333</steeringAngle>
      <velocity>3.2</velocity>
      <orientation>1.2138773943862176</orientation>
      <time>21</time>
    </ksState>
    <ksState>
      <x>-134.52277580439625</x>
      <y>395.8967508231668</y>
      <steeringAngle>0.07106666666666668</steeringAngle>
      <velocity>2.4</velocity>
      <orientation>1.219578309392014</orientation>
      <time>22</time>
    </ksState>
    <ksState>
      <x>-134.4636807177925</x>
      <y>396.088064044907</y>
      <steeringAngle>0.10660000000000003</steeringAngle>
      <velocity>1.5999999999999994</velocity>
      <orientation>1.2263938431367456</orientation>
      <time>23</time>
    </ksState>
    <ksState>
      <x>-134.43114626882573</x>
      <y>396.20385492721897</y>
      <steeringAngle>0.14213333333333342</steeringAngle>
      <velocity>0.7999999999999988</velocity>
      <orientation>1.2321181046232252</orientation>
      <time>24</time>
    </ksState>
    <ksState>
      <x>-134.42113264239222</x>
      <y>396.24273227389875</y>
      <steeringAngle>0.17766666666666675</steeringAngle>
      <velocity>-1.5265566588595902e-15</velocity>
      <orientation>1.234525599097781</orientation>
      <time>25</time>
    </ksState>
    <ksState>
      <x>-134.42113264239222</x>
      <y>396.24273227389875</y>
      <steeringAngle>0.14213333333333336</steeringAngle>
      <velocity>0.0</velocity>
      <orientation>1.234525599097781</orientation>
      <time>26</time>
    </ksState>
    <ksState>
      <x>-134.42113264239222</x>
      <y>396.24273227389875</y>
      <steeringAngle>0.10660000000000001</steeringAngle>
      <velocity>0.0</velocity>
      <orientation>1.234525599097781</orientation>
      <time>27</time>
    </ksState>
    <ksState>
      <x>-134.42113264239222</x>
      <y>396.24273227389875</y>
      <steeringAngle>0.07106666666666668</steeringAngle>
      <velocity>0.0</velocity>
      <orientation>1.234525599097781</orientation>
      <time>28</time>
    </ksState>
    <ksState>
      <x>-134.42113264239222</x>
      <y>396.24273227389875</y>
      <steeringAngle>0.03553333333333333</steeringAngle>
      <velocity>0.0</velocity>
      <orientation>1.234525599097781</orientation>
      <time>29</time>
    </ksState>
    <ksState>
      <x>-134.42113264239222</x>
      <y>396.24273227389875</y>
      <steeringAngle>0.0</steeringAngle>
      <velocity>0.0</velocity>
      <orientation>1.234525599097781</orientation>
      <time>30</time>
    </ksState>
    <ksState>
      <x>-134.42113264239222</x>
      <y>396.24273227389875</y>
      <steeringAngle>0.0</steeringAngle>
      <velocity>0.0</velocity>
      <orientation>1.234525599097781</orientation>
      <time>31</time>
    </ksState>
    <ksState>
      <x>-134.42113264239222</x>
      <y>396.24273227389875</y>
      <steeringAngle>0.0</steeringAngle>
      <velocity>0.0</velocity>
      <orientation>1.234525599097781</orientation>
      <time>32</time>
    </ksState>
    <ksState>
      <x>-134.42113264239222</x>
      <y>396.24273227389875</y>
      <steeringAngle>0.0</steeringAngle>
      <velocity>0.0</velocity>
      <orientation>1.234525599097781</orientation>
      <time>33</time>
    </ksState>
  </ksTrajectory>
</CommonRoadSolution>
