<?xml version="1.0" ?>
<CommonRoadSolution benchmark_id="KS2:SM1:DEU_Ibbenbueren-3_3_T-1:2020a" computation_time="1.2259908480000377" date="2023-01-12T15:00:04">
  <ksTrajectory planningProblem="1">
    <ksState>
      <x>-661.52354</x>
      <y>61.957774</y>
      <steeringAngle>0.0</steeringAngle>
      <velocity>4.0</velocity>
      <orientation>1.3195928</orientation>
      <time>0</time>
    </ksState>
    <ksState>
      <x>-661.4199591953632</x>
      <y>62.34414795066819</y>
      <steeringAngle>-0.035533333333333326</steeringAngle>
      <velocity>4.0</velocity>
      <orientation>1.3168365254673995</orientation>
      <time>1</time>
    </ksState>
    <ksState>
      <x>-661.3066569031773</x>
      <y>62.72793950507141</y>
      <steeringAngle>-0.07106666666666711</steeringAngle>
      <velocity>4.0</velocity>
      <orientation>1.308560764924114</orientation>
      <time>2</time>
    </ksState>
    <ksState>
      <x>-661.181525053939</x>
      <y>63.10835843518883</y>
      <steeringAngle>-0.10660000000000043</steeringAngle>
      <velocity>4.0</velocity>
      <orientation>1.2947445251049772</orientation>
      <time>3</time>
    </ksState>
    <ksState>
      <x>-661.0424857609855</x>
      <y>63.48440882878543</y>
      <steeringAngle>-0.14213333333333378</steeringAngle>
      <velocity>4.0</velocity>
      <orientation>1.2753525987194314</orientation>
      <time>4</time>
    </ksState>
    <ksState>
      <x>-660.8875079543027</x>
      <y>63.85485029772725</y>
      <steeringAngle>-0.1776666666666672</steeringAngle>
      <velocity>4.0</velocity>
      <orientation>1.2503351922680341</orientation>
      <time>5</time>
    </ksState>
    <ksState>
      <x>-660.7325473376258</x>
      <y>64.18211504083882</y>
      <steeringAngle>-0.21319999999999997</steeringAngle>
      <velocity>3.2</velocity>
      <orientation>1.2227936467045994</orientation>
      <time>6</time>
    </ksState>
    <ksState>
      <x>-660.5999512735601</x>
      <y>64.43134783012866</y>
      <steeringAngle>-0.24873333333333342</steeringAngle>
      <velocity>2.4000000000000004</velocity>
      <orientation>1.19735541631795</orientation>
      <time>7</time>
    </ksState>
    <ksState>
      <x>-660.497275885561</x>
      <y>64.6055670423093</y>
      <steeringAngle>-0.2842666666666668</steeringAngle>
      <velocity>1.600000000000001</velocity>
      <orientation>1.1762805165273704</orientation>
      <time>8</time>
    </ksState>
    <ksState>
      <x>-660.4315189398865</x>
      <y>64.70801055590286</y>
      <steeringAngle>-0.3197999999999999</steeringAngle>
      <velocity>0.8000000000000007</velocity>
      <orientation>1.161882089226666</orientation>
      <time>9</time>
    </ksState>
    <ksState>
      <x>-660.408552977966</x>
      <y>64.74163034791631</y>
      <steeringAngle>-0.3553333333333332</steeringAngle>
      <velocity>5.551115123125783e-16</velocity>
      <orientation>1.1565404475909367</orientation>
      <time>10</time>
    </ksState>
    <ksState>
      <x>-660.408552977966</x>
      <y>64.74163034791631</y>
      <steeringAngle>-0.3198</steeringAngle>
      <velocity>0.0</velocity>
      <orientation>1.1565404475909367</orientation>
      <time>11</time>
    </ksState>
    <ksState>
      <x>-660.408552977966</x>
      <y>64.74163034791631</y>
      <steeringAngle>-0.2842666666666666</steeringAngle>
      <velocity>0.0</velocity>
      <orientation>1.1565404475909367</orientation>
      <time>12</time>
    </ksState>
    <ksState>
      <x>-660.408552977966</x>
      <y>64.74163034791631</y>
      <steeringAngle>-0.24873333333333333</steeringAngle>
      <velocity>0.0</velocity>
      <orientation>1.1565404475909367</orientation>
      <time>13</time>
    </ksState>
    <ksState>
      <x>-660.408552977966</x>
      <y>64.74163034791631</y>
      <steeringAngle>-0.21320000000000003</steeringAngle>
      <velocity>0.0</velocity>
      <orientation>1.1565404475909367</orientation>
      <time>14</time>
    </ksState>
    <ksState>
      <x>-660.408552977966</x>
      <y>64.74163034791631</y>
      <steeringAngle>-0.1776666666666667</steeringAngle>
      <velocity>0.0</velocity>
      <orientation>1.1565404475909367</orientation>
      <time>15</time>
    </ksState>
    <ksState>
      <x>-660.408552977966</x>
      <y>64.74163034791631</y>
      <steeringAngle>-0.14213333333333336</steeringAngle>
      <velocity>0.0</velocity>
      <orientation>1.1565404475909367</orientation>
      <time>16</time>
    </ksState>
    <ksState>
      <x>-660.408552977966</x>
      <y>64.74163034791631</y>
      <steeringAngle>-0.10660000000000001</steeringAngle>
      <velocity>0.0</velocity>
      <orientation>1.1565404475909367</orientation>
      <time>17</time>
    </ksState>
    <ksState>
      <x>-660.408552977966</x>
      <y>64.74163034791631</y>
      <steeringAngle>-0.07106666666666668</steeringAngle>
      <velocity>0.0</velocity>
      <orientation>1.1565404475909367</orientation>
      <time>18</time>
    </ksState>
    <ksState>
      <x>-660.408552977966</x>
      <y>64.74163034791631</y>
      <steeringAngle>-0.03553333333333333</steeringAngle>
      <velocity>0.0</velocity>
      <orientation>1.1565404475909367</orientation>
      <time>19</time>
    </ksState>
    <ksState>
      <x>-660.408552977966</x>
      <y>64.74163034791631</y>
      <steeringAngle>-0.0</steeringAngle>
      <velocity>0.0</velocity>
      <orientation>1.1565404475909367</orientation>
      <time>20</time>
    </ksState>
    <ksState>
      <x>-660.408552977966</x>
      <y>64.74163034791631</y>
      <steeringAngle>0.0</steeringAngle>
      <velocity>0.0</velocity>
      <orientation>1.1565404475909367</orientation>
      <time>21</time>
    </ksState>
    <ksState>
      <x>-660.408552977966</x>
      <y>64.74163034791631</y>
      <steeringAngle>0.0</steeringAngle>
      <velocity>0.0</velocity>
      <orientation>1.1565404475909367</orientation>
      <time>22</time>
    </ksState>
    <ksState>
      <x>-660.408552977966</x>
      <y>64.74163034791631</y>
      <steeringAngle>0.0</steeringAngle>
      <velocity>0.0</velocity>
      <orientation>1.1565404475909367</orientation>
      <time>23</time>
    </ksState>
    <ksState>
      <x>-660.408552977966</x>
      <y>64.74163034791631</y>
      <steeringAngle>0.0</steeringAngle>
      <velocity>0.0</velocity>
      <orientation>1.1565404475909367</orientation>
      <time>24</time>
    </ksState>
    <ksState>
      <x>-660.408552977966</x>
      <y>64.74163034791631</y>
      <steeringAngle>0.0</steeringAngle>
      <velocity>0.0</velocity>
      <orientation>1.1565404475909367</orientation>
      <time>25</time>
    </ksState>
    <ksState>
      <x>-660.408552977966</x>
      <y>64.74163034791631</y>
      <steeringAngle>0.0</steeringAngle>
      <velocity>0.0</velocity>
      <orientation>1.1565404475909367</orientation>
      <time>26</time>
    </ksState>
    <ksState>
      <x>-660.408552977966</x>
      <y>64.74163034791631</y>
      <steeringAngle>0.0</steeringAngle>
      <velocity>0.0</velocity>
      <orientation>1.1565404475909367</orientation>
      <time>27</time>
    </ksState>
    <ksState>
      <x>-660.408552977966</x>
      <y>64.74163034791631</y>
      <steeringAngle>0.0</steeringAngle>
      <velocity>0.0</velocity>
      <orientation>1.1565404475909367</orientation>
      <time>28</time>
    </ksState>
    <ksState>
      <x>-660.408552977966</x>
      <y>64.74163034791631</y>
      <steeringAngle>0.0</steeringAngle>
      <velocity>0.0</velocity>
      <orientation>1.1565404475909367</orientation>
      <time>29</time>
    </ksState>
    <ksState>
      <x>-660.408552977966</x>
      <y>64.74163034791631</y>
      <steeringAngle>0.0</steeringAngle>
      <velocity>0.0</velocity>
      <orientation>1.1565404475909367</orientation>
      <time>30</time>
    </ksState>
    <ksState>
      <x>-660.408552977966</x>
      <y>64.74163034791631</y>
      <steeringAngle>0.0</steeringAngle>
      <velocity>0.0</velocity>
      <orientation>1.1565404475909367</orientation>
      <time>31</time>
    </ksState>
    <ksState>
      <x>-660.408552977966</x>
      <y>64.74163034791631</y>
      <steeringAngle>0.0</steeringAngle>
      <velocity>0.0</velocity>
      <orientation>1.1565404475909367</orientation>
      <time>32</time>
    </ksState>
    <ksState>
      <x>-660.408552977966</x>
      <y>64.74163034791631</y>
      <steeringAngle>0.0</steeringAngle>
      <velocity>0.0</velocity>
      <orientation>1.1565404475909367</orientation>
      <time>33</time>
    </ksState>
  </ksTrajectory>
</CommonRoadSolution>
