<?xml version="1.0" ?>
<CommonRoadSolution benchmark_id="KS2:SM1:ITA_Empoli-10_1_T-1:2020a" computation_time="2.3097742580002887" date="2023-01-12T15:00:04">
  <ksTrajectory planningProblem="1">
    <ksState>
      <x>-98.3188</x>
      <y>209.77294</y>
      <steeringAngle>0.0</steeringAngle>
      <velocity>8.0</velocity>
      <orientation>-3.1210064</orientation>
      <time>0</time>
    </ksState>
    <ksState>
      <x>-99.11879809819672</x>
      <y>209.76578332112007</y>
      <steeringAngle>-0.03553333333333333</steeringAngle>
      <velocity>8.0</velocity>
      <orientation>-3.126518935002839</orientation>
      <time>1</time>
    </ksState>
    <ksState>
      <x>-99.91892514055218</x>
      <y>209.78315542896755</y>
      <steeringAngle>-0.07106666666666667</steeringAngle>
      <velocity>8.0</velocity>
      <orientation>-3.1430704558831084</orientation>
      <time>2</time>
    </ksState>
    <ksState>
      <x>-100.71821583276</x>
      <y>209.83395653105015</y>
      <steeringAngle>-0.10659999999999997</steeringAngle>
      <velocity>8.0</velocity>
      <orientation>-3.1707029351738036</orientation>
      <time>3</time>
    </ksState>
    <ksState>
      <x>-101.51458566195554</x>
      <y>209.9271052782276</y>
      <steeringAngle>-0.1421333333333333</steeringAngle>
      <velocity>8.0</velocity>
      <orientation>-3.2094867874465383</orientation>
      <time>4</time>
    </ksState>
    <ksState>
      <x>-102.30451782317473</x>
      <y>210.071440088675</y>
      <steeringAngle>-0.17766666666666667</steeringAngle>
      <velocity>8.0</velocity>
      <orientation>-3.259521599695693</orientation>
      <time>5</time>
    </ksState>
    <ksState>
      <x>-103.04416848170084</x>
      <y>210.26406766637382</y>
      <steeringAngle>-0.21320000000000014</steeringAngle>
      <velocity>7.200000000000003</velocity>
      <orientation>-3.317770926767186</orientation>
      <time>6</time>
    </ksState>
    <ksState>
      <x>-103.69152759939553</x>
      <y>210.4895390797036</y>
      <steeringAngle>-0.24873333333333347</steeringAngle>
      <velocity>6.400000000000004</velocity>
      <orientation>-3.3796880142529653</orientation>
      <time>7</time>
    </ksState>
    <ksState>
      <x>-104.24579554851233</x>
      <y>210.735964376499</y>
      <steeringAngle>-0.2842666666666668</steeringAngle>
      <velocity>5.600000000000001</velocity>
      <orientation>-3.4431101570168865</orientation>
      <time>8</time>
    </ksState>
    <ksState>
      <x>-104.70812250021127</x>
      <y>210.98986722400088</y>
      <steeringAngle>-0.3198</steeringAngle>
      <velocity>4.800000000000002</velocity>
      <orientation>-3.505839256758839</orientation>
      <time>9</time>
    </ksState>
    <ksState>
      <x>-105.08176029710077</x>
      <y>211.23710900355047</y>
      <steeringAngle>-0.3553333333333332</steeringAngle>
      <velocity>4.000000000000001</velocity>
      <orientation>-3.565629090807054</orientation>
      <time>10</time>
    </ksState>
    <ksState>
      <x>-105.40329686340624</x>
      <y>211.49006958814672</y>
      <steeringAngle>-0.39086666666666653</steeringAngle>
      <velocity>4.0</velocity>
      <orientation>-3.626349457113041</orientation>
      <time>11</time>
    </ksState>
    <ksState>
      <x>-105.70345935203132</x>
      <y>211.7710136480128</y>
      <steeringAngle>-0.42639999999999995</steeringAngle>
      <velocity>4.0</velocity>
      <orientation>-3.6935190705694447</orientation>
      <time>12</time>
    </ksState>
    <ksState>
      <x>-105.97782639078122</x>
      <y>212.08025170532196</y>
      <steeringAngle>-0.4619333333333333</steeringAngle>
      <velocity>4.0</velocity>
      <orientation>-3.7673396542017885</orientation>
      <time>13</time>
    </ksState>
    <ksState>
      <x>-106.22145404974363</x>
      <y>212.41741676081892</y>
      <steeringAngle>-0.49746666666666667</steeringAngle>
      <velocity>4.0</velocity>
      <orientation>-3.848040196015009</orientation>
      <time>14</time>
    </ksState>
    <ksState>
      <x>-106.42890925985544</x>
      <y>212.78129400844546</y>
      <steeringAngle>-0.533</steeringAngle>
      <velocity>4.0</velocity>
      <orientation>-3.9358800626148174</orientation>
      <time>15</time>
    </ksState>
    <ksState>
      <x>-106.59433978986998</x>
      <y>213.16962637469206</y>
      <steeringAngle>-0.5685333333333333</steeringAngle>
      <velocity>4.0</velocity>
      <orientation>-4.031152702264047</orientation>
      <time>16</time>
    </ksState>
    <ksState>
      <x>-106.71159297200515</x>
      <y>213.57889781659932</y>
      <steeringAngle>-0.6040666666666665</steeringAngle>
      <velocity>4.0</velocity>
      <orientation>-4.1341900554825095</orientation>
      <time>17</time>
    </ksState>
    <ksState>
      <x>-106.77439772857265</x>
      <y>214.004099351485</y>
      <steeringAngle>-0.6396</steeringAngle>
      <velocity>4.0</velocity>
      <orientation>-4.245367838258001</orientation>
      <time>18</time>
    </ksState>
    <ksState>
      <x>-106.77662752106461</x>
      <y>214.438487026346</y>
      <steeringAngle>-0.6751333333333333</steeringAngle>
      <velocity>4.0</velocity>
      <orientation>-4.365111887137931</orientation>
      <time>19</time>
    </ksState>
    <ksState>
      <x>-106.71266420217123</x>
      <y>214.87334742393165</y>
      <steeringAngle>-0.7106666666666664</steeringAngle>
      <velocity>4.0</velocity>
      <orientation>-4.493905824822241</orientation>
      <time>20</time>
    </ksState>
    <ksState>
      <x>-106.57788470767409</x>
      <y>215.29779509915795</y>
      <steeringAngle>-0.7461999999999996</steeringAngle>
      <velocity>4.0</velocity>
      <orientation>-4.632300378173458</orientation>
      <time>21</time>
    </ksState>
    <ksState>
      <x>-106.36929295891353</x>
      <y>215.6986385214671</y>
      <steeringAngle>-0.7817333333333332</steeringAngle>
      <velocity>4.0</velocity>
      <orientation>-4.780924780338632</orientation>
      <time>22</time>
    </ksState>
    <ksState>
      <x>-106.08631660900278</x>
      <y>216.06036743125463</y>
      <steeringAngle>-0.8172666666666665</steeringAngle>
      <velocity>4.0</velocity>
      <orientation>-4.9405008335394776</orientation>
      <time>23</time>
    </ksState>
    <ksState>
      <x>-105.731780487062</x>
      <y>216.36533593563217</y>
      <steeringAngle>-0.8527999999999999</steeringAngle>
      <velocity>4.0</velocity>
      <orientation>-5.111860396958988</orientation>
      <time>24</time>
    </ksState>
    <ksState>
      <x>-105.31305155418528</x>
      <y>216.59424255018067</y>
      <steeringAngle>-0.888333333333333</steeringAngle>
      <velocity>4.0</velocity>
      <orientation>-5.295967345556624</orientation>
      <time>25</time>
    </ksState>
    <ksState>
      <x>-104.89161160124837</x>
      <y>216.71821559360714</y>
      <steeringAngle>-0.9238666666666666</steeringAngle>
      <velocity>3.200000000000001</velocity>
      <orientation>-5.473906104179873</orientation>
      <time>26</time>
    </ksState>
    <ksState>
      <x>-104.54228037372992</x>
      <y>216.7488678071767</y>
      <steeringAngle>-0.9593999999999998</steeringAngle>
      <velocity>2.399999999999999</velocity>
      <orientation>-5.622858767178759</orientation>
      <time>27</time>
    </ksState>
    <ksState>
      <x>-104.28525790697655</x>
      <y>216.7280536403643</y>
      <steeringAngle>-0.9949333333333338</steeringAngle>
      <velocity>1.5999999999999979</velocity>
      <orientation>-5.73752540712364</orientation>
      <time>28</time>
    </ksState>
    <ksState>
      <x>-104.12908339982904</x>
      <y>216.6942916096802</y>
      <steeringAngle>-1.0304666666666673</steeringAngle>
      <velocity>0.7999999999999972</velocity>
      <orientation>-5.811759038275335</orientation>
      <time>29</time>
    </ksState>
    <ksState>
      <x>-104.07649253264636</x>
      <y>216.67808312269744</y>
      <steeringAngle>-1.0659999901600319</steeringAngle>
      <velocity>-3.0809324208058535e-15</velocity>
      <orientation>-5.838330627412175</orientation>
      <time>30</time>
    </ksState>
    <ksState>
      <x>-104.07649253264636</x>
      <y>216.67808312269744</y>
      <steeringAngle>-1.0304666666666669</steeringAngle>
      <velocity>0.0</velocity>
      <orientation>-5.838330627412175</orientation>
      <time>31</time>
    </ksState>
    <ksState>
      <x>-104.07649253264636</x>
      <y>216.67808312269744</y>
      <steeringAngle>-0.9949333333333334</steeringAngle>
      <velocity>0.0</velocity>
      <orientation>-5.838330627412175</orientation>
      <time>32</time>
    </ksState>
    <ksState>
      <x>-104.07649253264636</x>
      <y>216.67808312269744</y>
      <steeringAngle>-0.9594000000000003</steeringAngle>
      <velocity>0.0</velocity>
      <orientation>-5.838330627412175</orientation>
      <time>33</time>
    </ksState>
  </ksTrajectory>
</CommonRoadSolution>
