<?xml version="1.0" ?>
<CommonRoadSolution benchmark_id="KS2:SM1:ESP_Almansa-6_1_T-1:2020a" computation_time="2.4650372330006576" date="2023-01-12T15:00:04">
  <ksTrajectory planningProblem="1">
    <ksState>
      <x>-1008.6572</x>
      <y>-759.65605</y>
      <steeringAngle>0.0</steeringAngle>
      <velocity>12.0</velocity>
      <orientation>-0.17065052</orientation>
      <time>0</time>
    </ksState>
    <ksState>
      <x>-1007.5116755789477</x>
      <y>-759.838965200269</y>
      <steeringAngle>0.03553333333333333</steeringAngle>
      <velocity>11.200000000000001</velocity>
      <orientation>-0.16274924622765594</orientation>
      <time>1</time>
    </ksState>
    <ksState>
      <x>-1006.439510208614</x>
      <y>-759.9721201444919</y>
      <steeringAngle>0.07106666666666667</steeringAngle>
      <velocity>10.400000000000007</velocity>
      <orientation>-0.14049681542916598</orientation>
      <time>2</time>
    </ksState>
    <ksState>
      <x>-1005.4412647654973</x>
      <y>-760.0475875264863</y>
      <steeringAngle>0.10660000000000001</steeringAngle>
      <velocity>9.60000000000001</velocity>
      <orientation>-0.10604880454449428</orientation>
      <time>3</time>
    </ksState>
    <ksState>
      <x>-1004.5193521612689</x>
      <y>-760.0624701904169</y>
      <steeringAngle>0.14213333333333344</steeringAngle>
      <velocity>8.800000000000008</velocity>
      <orientation>-0.061540672423649384</orientation>
      <time>4</time>
    </ksState>
    <ksState>
      <x>-1003.6773676305368</x>
      <y>-760.0184038351218</y>
      <steeringAngle>0.17766666666666675</steeringAngle>
      <velocity>8.000000000000009</velocity>
      <orientation>-0.009098374608667942</orientation>
      <time>5</time>
    </ksState>
    <ksState>
      <x>-1002.9188460432147</x>
      <y>-759.929947758059</y>
      <steeringAngle>0.17766666666666667</steeringAngle>
      <velocity>7.2</velocity>
      <orientation>0.04381755283570943</orientation>
      <time>6</time>
    </ksState>
    <ksState>
      <x>-1002.2449717095549</x>
      <y>-759.8168912106322</y>
      <steeringAngle>0.17766666666666667</steeringAngle>
      <velocity>6.4</velocity>
      <orientation>0.09116338262852061</orientation>
      <time>7</time>
    </ksState>
    <ksState>
      <x>-1001.6553984733864</x>
      <y>-759.6907450012844</y>
      <steeringAngle>0.17766666666666667</steeringAngle>
      <velocity>5.599999999999999</velocity>
      <orientation>0.13293911478370538</orientation>
      <time>8</time>
    </ksState>
    <ksState>
      <x>-1001.1490758378864</x>
      <y>-759.5615812450542</y>
      <steeringAngle>0.17766666666666667</steeringAngle>
      <velocity>4.799999999999999</velocity>
      <orientation>0.16914474930521986</orientation>
      <time>9</time>
    </ksState>
    <ksState>
      <x>-1000.7245335825968</x>
      <y>-759.4380323371912</y>
      <steeringAngle>0.17766666666666667</steeringAngle>
      <velocity>4.0</velocity>
      <orientation>0.19978028619454988</orientation>
      <time>10</time>
    </ksState>
    <ksState>
      <x>-1000.3793032021548</x>
      <y>-759.3310045246532</y>
      <steeringAngle>0.1421333333333333</steeringAngle>
      <velocity>3.1999999999999993</velocity>
      <orientation>0.22239020116799219</orientation>
      <time>11</time>
    </ksState>
    <ksState>
      <x>-1000.1110683406158</x>
      <y>-759.2483577773318</y>
      <steeringAngle>0.10659999999999997</steeringAngle>
      <velocity>2.3999999999999977</velocity>
      <orientation>0.23605784203869953</orientation>
      <time>12</time>
    </ksState>
    <ksState>
      <x>-999.9191543117121</x>
      <y>-759.1911829821341</y>
      <steeringAngle>0.07106666666666664</steeringAngle>
      <velocity>1.5999999999999976</velocity>
      <orientation>0.24305854789191866</orientation>
      <time>13</time>
    </ksState>
    <ksState>
      <x>-999.8036090048716</x>
      <y>-759.1585821837122</y>
      <steeringAngle>0.0355333333333333</steeringAngle>
      <velocity>0.7999999999999972</velocity>
      <orientation>0.24563339236588594</orientation>
      <time>14</time>
    </ksState>
    <ksState>
      <x>-999.764939049363</x>
      <y>-759.1483396566167</y>
      <steeringAngle>-2.5153490401663703e-17</steeringAngle>
      <velocity>-2.914335439641036e-15</velocity>
      <orientation>0.24600090394441715</orientation>
      <time>15</time>
    </ksState>
    <ksState>
      <x>-999.7260146070827</x>
      <y>-759.1391114542039</y>
      <steeringAngle>-0.03553333333333333</steeringAngle>
      <velocity>0.8</velocity>
      <orientation>0.24563337216617517</orientation>
      <time>16</time>
    </ksState>
    <ksState>
      <x>-999.6086968429763</x>
      <y>-759.1136195895497</y>
      <steeringAngle>-0.0710666666666667</steeringAngle>
      <velocity>1.6</velocity>
      <orientation>0.24305852557418953</orientation>
      <time>17</time>
    </ksState>
    <ksState>
      <x>-999.4120563192139</x>
      <y>-759.0757959627816</y>
      <steeringAngle>-0.10660000000000003</steeringAngle>
      <velocity>2.4000000000000004</velocity>
      <orientation>0.2360578213373523</orientation>
      <time>18</time>
    </ksState>
    <ksState>
      <x>-999.1349847758017</x>
      <y>-759.0310220614296</y>
      <steeringAngle>-0.14213333333333342</steeringAngle>
      <velocity>3.2000000000000015</velocity>
      <orientation>0.22239018039653216</orientation>
      <time>19</time>
    </ksState>
    <ksState>
      <x>-998.7762751283962</x>
      <y>-758.9868999752376</y>
      <steeringAngle>-0.17766666666666683</steeringAngle>
      <velocity>4.0000000000000036</velocity>
      <orientation>0.19978026452331202</orientation>
      <time>20</time>
    </ksState>
    <ksState>
      <x>-998.3357625556447</x>
      <y>-758.949043720314</y>
      <steeringAngle>-0.17766666666666667</steeringAngle>
      <velocity>4.800000000000002</velocity>
      <orientation>0.16914472748097784</orientation>
      <time>21</time>
    </ksState>
    <ksState>
      <x>-997.813960665102</x>
      <y>-758.9217256272746</y>
      <steeringAngle>-0.17766666666666667</steeringAngle>
      <velocity>5.600000000000001</velocity>
      <orientation>0.13293909280443783</orientation>
      <time>22</time>
    </ksState>
    <ksState>
      <x>-997.2111213638972</x>
      <y>-758.9136984090645</y>
      <steeringAngle>-0.17766666666666667</steeringAngle>
      <velocity>6.3999999999999995</velocity>
      <orientation>0.0911633604947979</orientation>
      <time>23</time>
    </ksState>
    <ksState>
      <x>-996.5281905659142</x>
      <y>-758.9350441308538</y>
      <steeringAngle>-0.17766666666666667</steeringAngle>
      <velocity>7.200000000000002</velocity>
      <orientation>0.04381753055270099</orientation>
      <time>24</time>
    </ksState>
    <ksState>
      <x>-995.7670870458861</x>
      <y>-758.9971173495293</y>
      <steeringAngle>-0.17766666666666667</steeringAngle>
      <velocity>8.0</velocity>
      <orientation>-0.0090983970214491</orientation>
      <time>25</time>
    </ksState>
    <ksState>
      <x>-995.0097912879721</x>
      <y>-759.0905213648613</y>
      <steeringAngle>-0.1421333333333334</steeringAngle>
      <velocity>7.2</velocity>
      <orientation>-0.05672571876708603</orientation>
      <time>26</time>
    </ksState>
    <ksState>
      <x>-994.3350998744953</x>
      <y>-759.1877337824393</y>
      <steeringAngle>-0.10660000000000011</steeringAngle>
      <velocity>6.4</velocity>
      <orientation>-0.08978528921505399</orientation>
      <time>27</time>
    </ksState>
    <ksState>
      <x>-993.7410992739317</x>
      <y>-759.2776325326544</y>
      <steeringAngle>-0.07106666666666674</steeringAngle>
      <velocity>5.600000000000001</velocity>
      <orientation>-0.11060223750894246</orientation>
      <time>28</time>
    </ksState>
    <ksState>
      <x>-993.2263999730724</x>
      <y>-759.3534760440457</y>
      <steeringAngle>-0.03553333333333339</steeringAngle>
      <velocity>4.800000000000001</velocity>
      <orientation>-0.12145284716660534</orientation>
      <time>29</time>
    </ksState>
    <ksState>
      <x>-992.7902796891926</x>
      <y>-759.412099230692</y>
      <steeringAngle>-5.5294310796760726e-17</steeringAngle>
      <velocity>4.0</velocity>
      <orientation>-0.1245766230037709</orientation>
      <time>30</time>
    </ksState>
    <ksState>
      <x>-992.4330695596342</x>
      <y>-759.4568309040444</y>
      <steeringAngle>0.0</steeringAngle>
      <velocity>3.2</velocity>
      <orientation>-0.1245766230037709</orientation>
      <time>31</time>
    </ksState>
    <ksState>
      <x>-992.1552394591941</x>
      <y>-759.4916222054998</y>
      <steeringAngle>0.0</steeringAngle>
      <velocity>2.4000000000000004</velocity>
      <orientation>-0.1245766230037709</orientation>
      <time>32</time>
    </ksState>
    <ksState>
      <x>-991.9567893877716</x>
      <y>-759.5164731350706</y>
      <steeringAngle>0.0</steeringAngle>
      <velocity>1.6</velocity>
      <orientation>-0.1245766230037709</orientation>
      <time>33</time>
    </ksState>
  </ksTrajectory>
</CommonRoadSolution>
