<?xml version="1.0" ?>
<CommonRoadSolution benchmark_id="KS2:SM1:ESP_Monzon-7_2_T-1:2020a" computation_time="1.4904846629997337" date="2023-01-12T15:00:04">
  <ksTrajectory planningProblem="1">
    <ksState>
      <x>843.20354</x>
      <y>-93.698709</y>
      <steeringAngle>0.0</steeringAngle>
      <velocity>8.0</velocity>
      <orientation>0.91520713</orientation>
      <time>0</time>
    </ksState>
    <ksState>
      <x>843.6986084552485</x>
      <y>-93.07025422852567</y>
      <steeringAngle>-0.03553333333333333</steeringAngle>
      <velocity>8.0</velocity>
      <orientation>0.9096945949971612</orientation>
      <time>1</time>
    </ksState>
    <ksState>
      <x>844.2128893694338</x>
      <y>-92.45704935628125</y>
      <steeringAngle>-0.07106666666666667</steeringAngle>
      <velocity>8.0</velocity>
      <orientation>0.8931430741168915</orientation>
      <time>2</time>
    </ksState>
    <ksState>
      <x>844.7527205588653</x>
      <y>-91.8654171651863</y>
      <steeringAngle>-0.10659999999999997</steeringAngle>
      <velocity>8.0</velocity>
      <orientation>0.8655105948261966</orientation>
      <time>3</time>
    </ksState>
    <ksState>
      <x>845.3237538018711</x>
      <y>-91.30256493827773</y>
      <steeringAngle>-0.1421333333333333</steeringAngle>
      <velocity>8.0</velocity>
      <orientation>0.8267267425534617</orientation>
      <time>4</time>
    </ksState>
    <ksState>
      <x>845.9306819482813</x>
      <y>-90.77676689536544</y>
      <steeringAngle>-0.17766666666666667</steeringAngle>
      <velocity>8.0</velocity>
      <orientation>0.776691930304307</orientation>
      <time>5</time>
    </ksState>
    <ksState>
      <x>846.5705321200229</x>
      <y>-90.29024382245895</y>
      <steeringAngle>-0.17766666666666667</steeringAngle>
      <velocity>8.0</velocity>
      <orientation>0.7209909539937953</orientation>
      <time>6</time>
    </ksState>
    <ksState>
      <x>847.2364757752698</x>
      <y>-89.84009712415273</y>
      <steeringAngle>-0.17766666666666667</steeringAngle>
      <velocity>8.0</velocity>
      <orientation>0.6652899776832835</orientation>
      <time>7</time>
    </ksState>
    <ksState>
      <x>847.9264472670894</x>
      <y>-89.42772308802479</y>
      <steeringAngle>-0.17766666666666667</steeringAngle>
      <velocity>8.0</velocity>
      <orientation>0.6095890013727718</orientation>
      <time>8</time>
    </ksState>
    <ksState>
      <x>848.6383064443031</x>
      <y>-89.05440081441594</y>
      <steeringAngle>-0.17766666666666667</steeringAngle>
      <velocity>8.0</velocity>
      <orientation>0.55388802506226</orientation>
      <time>9</time>
    </ksState>
    <ksState>
      <x>849.369845265368</x>
      <y>-88.72128827318058</y>
      <steeringAngle>-0.17766666666666667</steeringAngle>
      <velocity>8.0</velocity>
      <orientation>0.4981870487517482</orientation>
      <time>10</time>
    </ksState>
    <ksState>
      <x>850.1187946097159</x>
      <y>-88.4294187435124</y>
      <steeringAngle>-0.17766666666666667</steeringAngle>
      <velocity>8.0</velocity>
      <orientation>0.4424860724412364</orientation>
      <time>11</time>
    </ksState>
    <ksState>
      <x>850.8828314552125</x>
      <y>-88.17969749755308</y>
      <steeringAngle>-0.17766666666666667</steeringAngle>
      <velocity>8.0</velocity>
      <orientation>0.38678509613072465</orientation>
      <time>12</time>
    </ksState>
    <ksState>
      <x>851.6595858841504</x>
      <y>-87.97289913604719</y>
      <steeringAngle>-0.17766666666666667</steeringAngle>
      <velocity>8.0</velocity>
      <orientation>0.33108411982021296</orientation>
      <time>13</time>
    </ksState>
    <ksState>
      <x>852.4466485623417</x>
      <y>-87.8096651054221</y>
      <steeringAngle>-0.17766666666666667</steeringAngle>
      <velocity>8.0</velocity>
      <orientation>0.27538314350970117</orientation>
      <time>14</time>
    </ksState>
    <ksState>
      <x>853.2415781822216</x>
      <y>-87.6905017247596</y>
      <steeringAngle>-0.17766666666666667</steeringAngle>
      <velocity>8.0</velocity>
      <orientation>0.21968216719918932</orientation>
      <time>15</time>
    </ksState>
    <ksState>
      <x>854.0419089904875</x>
      <y>-87.61577863536687</y>
      <steeringAngle>-0.17766666666666667</steeringAngle>
      <velocity>8.0</velocity>
      <orientation>0.16398119088867752</orientation>
      <time>16</time>
    </ksState>
    <ksState>
      <x>854.8451586007302</x>
      <y>-87.5857275853895</y>
      <steeringAngle>-0.17766666666666667</steeringAngle>
      <velocity>8.0</velocity>
      <orientation>0.10828021457816578</orientation>
      <time>17</time>
    </ksState>
    <ksState>
      <x>855.6488354619468</x>
      <y>-87.60044179420728</y>
      <steeringAngle>-0.17766666666666667</steeringAngle>
      <velocity>8.0</velocity>
      <orientation>0.052579238267654094</orientation>
      <time>18</time>
    </ksState>
    <ksState>
      <x>856.4504467320459</x>
      <y>-87.6598756213273</y>
      <steeringAngle>-0.17766666666666667</steeringAngle>
      <velocity>8.0</velocity>
      <orientation>-0.00312173804285773</orientation>
      <time>19</time>
    </ksState>
    <ksState>
      <x>857.2475059765713</x>
      <y>-87.7638447156278</y>
      <steeringAngle>-0.17766666666666667</steeringAngle>
      <velocity>8.0</velocity>
      <orientation>-0.058822714353369554</orientation>
      <time>20</time>
    </ksState>
    <ksState>
      <x>857.9991918209948</x>
      <y>-87.89477134856271</y>
      <steeringAngle>-0.1421333333333334</steeringAngle>
      <velocity>7.2</velocity>
      <orientation>-0.10645003609900648</orientation>
      <time>21</time>
    </ksState>
    <ksState>
      <x>858.6681895376533</x>
      <y>-88.02539505336733</y>
      <steeringAngle>-0.10660000000000011</steeringAngle>
      <velocity>6.4</velocity>
      <orientation>-0.13950960654697445</orientation>
      <time>22</time>
    </ksState>
    <ksState>
      <x>859.2569630670812</x>
      <y>-88.14470321608081</y>
      <steeringAngle>-0.07106666666666674</steeringAngle>
      <velocity>5.600000000000001</velocity>
      <orientation>-0.16032655484086292</orientation>
      <time>23</time>
    </ksState>
    <ksState>
      <x>859.7672352401164</x>
      <y>-88.24603207608847</y>
      <steeringAngle>-0.03553333333333339</steeringAngle>
      <velocity>4.800000000000001</velocity>
      <orientation>-0.1711771644985258</orientation>
      <time>24</time>
    </ksState>
    <ksState>
      <x>860.1998847250006</x>
      <y>-88.32625662220245</y>
      <steeringAngle>-5.5294310796760726e-17</steeringAngle>
      <velocity>4.0</velocity>
      <orientation>-0.17430094033569135</orientation>
      <time>25</time>
    </ksState>
    <ksState>
      <x>860.5945620655274</x>
      <y>-88.3913996165986</y>
      <steeringAngle>0.035533333333333326</steeringAngle>
      <velocity>4.0</velocity>
      <orientation>-0.17154466580309094</orientation>
      <time>26</time>
    </ksState>
    <ksState>
      <x>860.9909001192019</x>
      <y>-88.4466220201618</y>
      <steeringAngle>0.07106666666666711</steeringAngle>
      <velocity>4.0</velocity>
      <orientation>-0.16326890525980553</orientation>
      <time>27</time>
    </ksState>
    <ksState>
      <x>861.389049291751</x>
      <y>-88.48967754807619</y>
      <steeringAngle>0.10660000000000043</steeringAngle>
      <velocity>4.0</velocity>
      <orientation>-0.14945266544066868</orientation>
      <time>28</time>
    </ksState>
    <ksState>
      <x>861.7889601865394</x>
      <y>-88.51826250458599</y>
      <steeringAngle>0.14213333333333378</steeringAngle>
      <velocity>4.0</velocity>
      <orientation>-0.13006073905512286</orientation>
      <time>29</time>
    </ksState>
    <ksState>
      <x>862.1903414058077</x>
      <y>-88.53001492113273</y>
      <steeringAngle>0.1776666666666672</steeringAngle>
      <velocity>4.0</velocity>
      <orientation>-0.10504333260372553</orientation>
      <time>30</time>
    </ksState>
    <ksState>
      <x>862.5517783472325</x>
      <y>-88.53153334476684</y>
      <steeringAngle>0.1421333333333333</steeringAngle>
      <velocity>3.1999999999999993</velocity>
      <orientation>-0.08243341763028322</orientation>
      <time>31</time>
    </ksState>
    <ksState>
      <x>862.8324519050942</x>
      <y>-88.53320058945481</y>
      <steeringAngle>0.10659999999999997</steeringAngle>
      <velocity>2.3999999999999977</velocity>
      <orientation>-0.06876577675957588</orientation>
      <time>32</time>
    </ksState>
    <ksState>
      <x>863.0326782602025</x>
      <y>-88.53625974228116</y>
      <steeringAngle>0.07106666666666664</steeringAngle>
      <velocity>1.5999999999999976</velocity>
      <orientation>-0.06176507090635674</orientation>
      <time>33</time>
    </ksState>
  </ksTrajectory>
</CommonRoadSolution>
