<?xml version="1.0" ?>
<CommonRoadSolution benchmark_id="KS2:SM1:FRA_Miramas-9_1_T-1:2020a" computation_time="0.9916804989998127" date="2023-01-12T15:00:04">
  <ksTrajectory planningProblem="1">
    <ksState>
      <x>639.78661</x>
      <y>-281.13297</y>
      <steeringAngle>0.0</steeringAngle>
      <velocity>16.0</velocity>
      <orientation>-3.1237348</orientation>
      <time>0</time>
    </ksState>
    <ksState>
      <x>638.2268587380136</x>
      <y>-281.160826770938</y>
      <steeringAngle>0.0</steeringAngle>
      <velocity>15.2</velocity>
      <orientation>-3.1237348</orientation>
      <time>1</time>
    </ksState>
    <ksState>
      <x>636.7470947207952</x>
      <y>-281.18725498951017</y>
      <steeringAngle>0.0</steeringAngle>
      <velocity>14.400000000000002</velocity>
      <orientation>-3.1237348</orientation>
      <time>2</time>
    </ksState>
    <ksState>
      <x>635.3473179479748</x>
      <y>-281.21225465572303</y>
      <steeringAngle>0.0</steeringAngle>
      <velocity>13.600000000000001</velocity>
      <orientation>-3.1237348</orientation>
      <time>3</time>
    </ksState>
    <ksState>
      <x>634.0275284194402</x>
      <y>-281.2358257695787</y>
      <steeringAngle>0.0</steeringAngle>
      <velocity>12.800000000000004</velocity>
      <orientation>-3.1237348</orientation>
      <time>4</time>
    </ksState>
    <ksState>
      <x>632.787726135156</x>
      <y>-281.25796833107773</y>
      <steeringAngle>0.0</steeringAngle>
      <velocity>12.000000000000002</velocity>
      <orientation>-3.1237348</orientation>
      <time>5</time>
    </ksState>
    <ksState>
      <x>631.6282176585468</x>
      <y>-281.2929577921746</y>
      <steeringAngle>0.03553333333333333</steeringAngle>
      <velocity>11.200000000000001</velocity>
      <orientation>-3.115833526227656</orientation>
      <time>6</time>
    </ksState>
    <ksState>
      <x>630.5500934345735</x>
      <y>-281.3630789601326</y>
      <steeringAngle>0.07106666666666667</steeringAngle>
      <velocity>10.400000000000007</velocity>
      <orientation>-3.093581095429166</orientation>
      <time>7</time>
    </ksState>
    <ksState>
      <x>629.5553899325605</x>
      <y>-281.4760136028765</y>
      <steeringAngle>0.10660000000000001</steeringAngle>
      <velocity>9.60000000000001</velocity>
      <orientation>-3.059133084544494</orientation>
      <time>8</time>
    </ksState>
    <ksState>
      <x>628.6470202284227</x>
      <y>-281.63415538775644</y>
      <steeringAngle>0.14213333333333344</steeringAngle>
      <velocity>8.800000000000008</velocity>
      <orientation>-3.0146249524236493</orientation>
      <time>9</time>
    </ksState>
    <ksState>
      <x>627.8282093466574</x>
      <y>-281.8352238675441</y>
      <steeringAngle>0.17766666666666675</steeringAngle>
      <velocity>8.000000000000009</velocity>
      <orientation>-2.9621826546086676</orientation>
      <time>10</time>
    </ksState>
    <ksState>
      <x>627.1017916447639</x>
      <y>-282.07293335983246</y>
      <steeringAngle>0.21320000000000014</steeringAngle>
      <velocity>7.200000000000003</velocity>
      <orientation>-2.9039333275371746</orientation>
      <time>11</time>
    </ksState>
    <ksState>
      <x>626.4695091130443</x>
      <y>-282.3377540266497</y>
      <steeringAngle>0.24873333333333347</steeringAngle>
      <velocity>6.400000000000004</velocity>
      <orientation>-2.8420162400513953</orientation>
      <time>12</time>
    </ksState>
    <ksState>
      <x>625.9314293221162</x>
      <y>-282.617769249296</y>
      <steeringAngle>0.2842666666666668</steeringAngle>
      <velocity>5.600000000000001</velocity>
      <orientation>-2.778594097287474</orientation>
      <time>13</time>
    </ksState>
    <ksState>
      <x>625.4855762566555</x>
      <y>-282.8995988259129</y>
      <steeringAngle>0.3198</steeringAngle>
      <velocity>4.800000000000002</velocity>
      <orientation>-2.7158649975455216</orientation>
      <time>14</time>
    </ksState>
    <ksState>
      <x>625.1278355083258</x>
      <y>-283.16933065162834</y>
      <steeringAngle>0.3553333333333332</steeringAngle>
      <velocity>4.000000000000001</velocity>
      <orientation>-2.6560751634973068</orientation>
      <time>15</time>
    </ksState>
    <ksState>
      <x>624.8224489290504</x>
      <y>-283.441569256586</y>
      <steeringAngle>0.39086666666666653</steeringAngle>
      <velocity>4.0</velocity>
      <orientation>-2.5953547971913196</orientation>
      <time>16</time>
    </ksState>
    <ksState>
      <x>624.5401154138926</x>
      <y>-283.74042519273297</y>
      <steeringAngle>0.42639999999999995</steeringAngle>
      <velocity>4.0</velocity>
      <orientation>-2.528185183734916</orientation>
      <time>17</time>
    </ksState>
    <ksState>
      <x>624.2852670606683</x>
      <y>-284.06593673615276</y>
      <steeringAngle>0.4619333333333333</steeringAngle>
      <velocity>4.0</velocity>
      <orientation>-2.454364600102572</orientation>
      <time>18</time>
    </ksState>
    <ksState>
      <x>624.0628159091141</x>
      <y>-284.4174338144223</y>
      <steeringAngle>0.49746666666666667</steeringAngle>
      <velocity>4.0</velocity>
      <orientation>-2.373664058289352</orientation>
      <time>19</time>
    </ksState>
    <ksState>
      <x>623.8781101227324</x>
      <y>-284.7933700962839</y>
      <steeringAngle>0.533</steeringAngle>
      <velocity>4.0</velocity>
      <orientation>-2.285824191689543</orientation>
      <time>20</time>
    </ksState>
    <ksState>
      <x>623.7491195794289</x>
      <y>-285.15066762341877</y>
      <steeringAngle>0.5685333333333333</steeringAngle>
      <velocity>3.199999999999999</velocity>
      <orientation>-2.2002053384926903</orientation>
      <time>21</time>
    </ksState>
    <ksState>
      <x>623.6773695306064</x>
      <y>-285.4399397326634</y>
      <steeringAngle>0.6040666666666664</steeringAngle>
      <velocity>2.3999999999999995</velocity>
      <orientation>-2.128211593679472</orientation>
      <time>22</time>
    </ksState>
    <ksState>
      <x>623.6443398015825</x>
      <y>-285.6523305894322</y>
      <steeringAngle>0.6395999999999996</steeringAngle>
      <velocity>1.5999999999999983</velocity>
      <orientation>-2.072761758903459</orientation>
      <time>23</time>
    </ksState>
    <ksState>
      <x>623.6335224204872</x>
      <y>-285.78221269694376</y>
      <steeringAngle>0.675133333333333</steeringAngle>
      <velocity>0.7999999999999986</velocity>
      <orientation>-2.03698515398463</orientation>
      <time>24</time>
    </ksState>
    <ksState>
      <x>623.6319910958678</x>
      <y>-285.8260904423861</y>
      <steeringAngle>0.7106666666666662</steeringAngle>
      <velocity>-1.27675647831893e-15</velocity>
      <orientation>-2.024260956886022</orientation>
      <time>25</time>
    </ksState>
    <ksState>
      <x>623.6319910958678</x>
      <y>-285.8260904423861</y>
      <steeringAngle>0.6751333333333334</steeringAngle>
      <velocity>0.0</velocity>
      <orientation>-2.024260956886022</orientation>
      <time>26</time>
    </ksState>
    <ksState>
      <x>623.6319910958678</x>
      <y>-285.8260904423861</y>
      <steeringAngle>0.6396</steeringAngle>
      <velocity>0.0</velocity>
      <orientation>-2.024260956886022</orientation>
      <time>27</time>
    </ksState>
    <ksState>
      <x>623.6319910958678</x>
      <y>-285.8260904423861</y>
      <steeringAngle>0.6040666666666666</steeringAngle>
      <velocity>0.0</velocity>
      <orientation>-2.024260956886022</orientation>
      <time>28</time>
    </ksState>
    <ksState>
      <x>623.6319910958678</x>
      <y>-285.8260904423861</y>
      <steeringAngle>0.5685333333333333</steeringAngle>
      <velocity>0.0</velocity>
      <orientation>-2.024260956886022</orientation>
      <time>29</time>
    </ksState>
    <ksState>
      <x>623.6319910958678</x>
      <y>-285.8260904423861</y>
      <steeringAngle>0.5329999999999999</steeringAngle>
      <velocity>0.0</velocity>
      <orientation>-2.024260956886022</orientation>
      <time>30</time>
    </ksState>
    <ksState>
      <x>623.6319910958678</x>
      <y>-285.8260904423861</y>
      <steeringAngle>0.49746666666666667</steeringAngle>
      <velocity>0.0</velocity>
      <orientation>-2.024260956886022</orientation>
      <time>31</time>
    </ksState>
    <ksState>
      <x>623.6319910958678</x>
      <y>-285.8260904423861</y>
      <steeringAngle>0.4619333333333333</steeringAngle>
      <velocity>0.0</velocity>
      <orientation>-2.024260956886022</orientation>
      <time>32</time>
    </ksState>
    <ksState>
      <x>623.6319910958678</x>
      <y>-285.8260904423861</y>
      <steeringAngle>0.42639999999999995</steeringAngle>
      <velocity>0.0</velocity>
      <orientation>-2.024260956886022</orientation>
      <time>33</time>
    </ksState>
  </ksTrajectory>
</CommonRoadSolution>
