<?xml version="1.0" ?>
<CommonRoadSolution benchmark_id="KS2:SM1:DEU_Ibbenbueren-14_1_T-1:2020a" computation_time="1.3581617580002785" date="2023-01-12T15:00:04">
  <ksTrajectory planningProblem="1">
    <ksState>
      <x>-495.40776</x>
      <y>-115.47931</y>
      <steeringAngle>0.0</steeringAngle>
      <velocity>4.0</velocity>
      <orientation>2.270763</orientation>
      <time>0</time>
    </ksState>
    <ksState>
      <x>-495.66215277912465</x>
      <y>-115.17060605319433</y>
      <steeringAngle>-0.035533333333333326</steeringAngle>
      <velocity>4.0</velocity>
      <orientation>2.2680067254673997</orientation>
      <time>1</time>
    </ksState>
    <ksState>
      <x>-495.9087976731684</x>
      <y>-114.85548756295937</y>
      <steeringAngle>-0.07106666666666711</steeringAngle>
      <velocity>4.0</velocity>
      <orientation>2.259730964924114</orientation>
      <time>2</time>
    </ksState>
    <ksState>
      <x>-496.1458271399922</x>
      <y>-114.53269726889417</y>
      <steeringAngle>-0.10660000000000043</steeringAngle>
      <velocity>4.0</velocity>
      <orientation>2.2459147251049774</orientation>
      <time>3</time>
    </ksState>
    <ksState>
      <x>-496.3712237189428</x>
      <y>-114.20112192948164</y>
      <steeringAngle>-0.14213333333333378</steeringAngle>
      <velocity>4.0</velocity>
      <orientation>2.2265227987194316</orientation>
      <time>4</time>
    </ksState>
    <ksState>
      <x>-496.58279811047646</x>
      <y>-113.85982839112623</y>
      <steeringAngle>-0.1776666666666672</steeringAngle>
      <velocity>4.0</velocity>
      <orientation>2.201505392268034</orientation>
      <time>5</time>
    </ksState>
    <ksState>
      <x>-496.75923250081996</x>
      <y>-113.5436229030194</y>
      <steeringAngle>-0.21319999999999997</steeringAngle>
      <velocity>3.2</velocity>
      <orientation>2.1739638467045994</orientation>
      <time>6</time>
    </ksState>
    <ksState>
      <x>-496.88512920356146</x>
      <y>-113.29093986104449</y>
      <steeringAngle>-0.24873333333333342</steeringAngle>
      <velocity>2.4000000000000004</velocity>
      <orientation>2.14852561631795</orientation>
      <time>7</time>
    </ksState>
    <ksState>
      <x>-496.96733353986735</x>
      <y>-113.10617780788917</y>
      <steeringAngle>-0.2842666666666668</steeringAngle>
      <velocity>1.600000000000001</velocity>
      <orientation>2.1274507165273704</orientation>
      <time>8</time>
    </ksState>
    <ksState>
      <x>-497.0125452711289</x>
      <y>-112.99315325861714</y>
      <steeringAngle>-0.3197999999999999</steeringAngle>
      <velocity>0.8000000000000007</velocity>
      <orientation>2.113052289226666</orientation>
      <time>9</time>
    </ksState>
    <ksState>
      <x>-497.0265779548107</x>
      <y>-112.95493271949682</y>
      <steeringAngle>-0.3553333333333332</steeringAngle>
      <velocity>5.551115123125783e-16</velocity>
      <orientation>2.1077106475909364</orientation>
      <time>10</time>
    </ksState>
    <ksState>
      <x>-497.0265779548107</x>
      <y>-112.95493271949682</y>
      <steeringAngle>-0.3198</steeringAngle>
      <velocity>0.0</velocity>
      <orientation>2.1077106475909364</orientation>
      <time>11</time>
    </ksState>
    <ksState>
      <x>-497.0265779548107</x>
      <y>-112.95493271949682</y>
      <steeringAngle>-0.2842666666666666</steeringAngle>
      <velocity>0.0</velocity>
      <orientation>2.1077106475909364</orientation>
      <time>12</time>
    </ksState>
    <ksState>
      <x>-497.0265779548107</x>
      <y>-112.95493271949682</y>
      <steeringAngle>-0.24873333333333333</steeringAngle>
      <velocity>0.0</velocity>
      <orientation>2.1077106475909364</orientation>
      <time>13</time>
    </ksState>
    <ksState>
      <x>-497.0265779548107</x>
      <y>-112.95493271949682</y>
      <steeringAngle>-0.21320000000000003</steeringAngle>
      <velocity>0.0</velocity>
      <orientation>2.1077106475909364</orientation>
      <time>14</time>
    </ksState>
    <ksState>
      <x>-497.0265779548107</x>
      <y>-112.95493271949682</y>
      <steeringAngle>-0.1776666666666667</steeringAngle>
      <velocity>0.0</velocity>
      <orientation>2.1077106475909364</orientation>
      <time>15</time>
    </ksState>
    <ksState>
      <x>-497.0265779548107</x>
      <y>-112.95493271949682</y>
      <steeringAngle>-0.14213333333333336</steeringAngle>
      <velocity>0.0</velocity>
      <orientation>2.1077106475909364</orientation>
      <time>16</time>
    </ksState>
    <ksState>
      <x>-497.0265779548107</x>
      <y>-112.95493271949682</y>
      <steeringAngle>-0.10660000000000001</steeringAngle>
      <velocity>0.0</velocity>
      <orientation>2.1077106475909364</orientation>
      <time>17</time>
    </ksState>
    <ksState>
      <x>-497.0265779548107</x>
      <y>-112.95493271949682</y>
      <steeringAngle>-0.07106666666666668</steeringAngle>
      <velocity>0.0</velocity>
      <orientation>2.1077106475909364</orientation>
      <time>18</time>
    </ksState>
    <ksState>
      <x>-497.0265779548107</x>
      <y>-112.95493271949682</y>
      <steeringAngle>-0.03553333333333333</steeringAngle>
      <velocity>0.0</velocity>
      <orientation>2.1077106475909364</orientation>
      <time>19</time>
    </ksState>
    <ksState>
      <x>-497.0265779548107</x>
      <y>-112.95493271949682</y>
      <steeringAngle>-0.0</steeringAngle>
      <velocity>0.0</velocity>
      <orientation>2.1077106475909364</orientation>
      <time>20</time>
    </ksState>
    <ksState>
      <x>-497.04749176102484</x>
      <y>-112.92083162514136</y>
      <steeringAngle>0.03553333333333333</steeringAngle>
      <velocity>0.8</velocity>
      <orientation>2.1080781793691785</orientation>
      <time>21</time>
    </ksState>
    <ksState>
      <x>-497.1121715460657</x>
      <y>-112.8196890606816</y>
      <steeringAngle>0.0710666666666667</steeringAngle>
      <velocity>1.6</velocity>
      <orientation>2.110653025961164</orientation>
      <time>22</time>
    </ksState>
    <ksState>
      <x>-497.2240600557987</x>
      <y>-112.65361954596794</y>
      <steeringAngle>0.10660000000000003</steeringAngle>
      <velocity>2.4000000000000004</velocity>
      <orientation>2.1176537301980014</orientation>
      <time>23</time>
    </ksState>
    <ksState>
      <x>-497.38775372306975</x>
      <y>-112.42563330579888</y>
      <steeringAngle>0.14213333333333342</steeringAngle>
      <velocity>3.2000000000000015</velocity>
      <orientation>2.1313213711388213</orientation>
      <time>24</time>
    </ksState>
    <ksState>
      <x>-497.6094927831297</x>
      <y>-112.14023681164467</y>
      <steeringAngle>0.17766666666666683</steeringAngle>
      <velocity>4.0000000000000036</velocity>
      <orientation>2.1539312870120417</orientation>
      <time>25</time>
    </ksState>
    <ksState>
      <x>-497.8671381411661</x>
      <y>-111.83172680282513</y>
      <steeringAngle>0.17766666666666667</steeringAngle>
      <velocity>4.0</velocity>
      <orientation>2.1817817751672974</orientation>
      <time>26</time>
    </ksState>
    <ksState>
      <x>-498.1332746460335</x>
      <y>-111.53051102446875</y>
      <steeringAngle>0.17766666666666667</steeringAngle>
      <velocity>4.0</velocity>
      <orientation>2.2096322633225536</orientation>
      <time>27</time>
    </ksState>
    <ksState>
      <x>-498.4076958658219</x>
      <y>-111.2368231294716</y>
      <steeringAngle>0.17766666666666667</steeringAngle>
      <velocity>4.0</velocity>
      <orientation>2.2374827514778093</orientation>
      <time>28</time>
    </ksState>
    <ksState>
      <x>-498.69018895917503</x>
      <y>-110.95089090209278</y>
      <steeringAngle>0.17766666666666667</steeringAngle>
      <velocity>4.0</velocity>
      <orientation>2.2653332396330654</orientation>
      <time>29</time>
    </ksState>
    <ksState>
      <x>-498.9805348253117</x>
      <y>-110.67293611201171</y>
      <steeringAngle>0.17766666666666667</steeringAngle>
      <velocity>4.0</velocity>
      <orientation>2.293183727788321</orientation>
      <time>30</time>
    </ksState>
    <ksState>
      <x>-499.3050263828306</x>
      <y>-110.37321429222004</y>
      <steeringAngle>0.14213333333333333</steeringAngle>
      <velocity>4.8000000000000025</velocity>
      <orientation>2.3206086275066737</orientation>
      <time>31</time>
    </ksState>
    <ksState>
      <x>-499.69021787532535</x>
      <y>-110.02205533893493</y>
      <steeringAngle>0.10660000000000003</steeringAngle>
      <velocity>5.600000000000005</velocity>
      <orientation>2.3457248397855914</orientation>
      <time>32</time>
    </ksState>
    <ksState>
      <x>-500.1354621018059</x>
      <y>-109.61878022784461</y>
      <steeringAngle>0.07106666666666671</steeringAngle>
      <velocity>6.400000000000004</velocity>
      <orientation>2.366356609385051</orientation>
      <time>33</time>
    </ksState>
  </ksTrajectory>
</CommonRoadSolution>
