<?xml version="1.0" ?>
<CommonRoadSolution benchmark_id="KS2:SM1:ESP_Toledo-8_1_T-1:2020a" computation_time="2.863382227999864" date="2023-01-12T15:00:04">
  <ksTrajectory planningProblem="1">
    <ksState>
      <x>-943.61189</x>
      <y>216.08183</y>
      <steeringAngle>0.0</steeringAngle>
      <velocity>8.0</velocity>
      <orientation>-1.8465072</orientation>
      <time>0</time>
    </ksState>
    <ksState>
      <x>-943.8270665367701</x>
      <y>215.352898194877</y>
      <steeringAngle>-0.03553333333333333</steeringAngle>
      <velocity>7.199999999999999</velocity>
      <orientation>-1.8516522129824924</orientation>
      <time>1</time>
    </ksState>
    <ksState>
      <x>-944.0386636307226</x>
      <y>214.7063741468762</y>
      <steeringAngle>-0.07106666666666664</steeringAngle>
      <velocity>6.400000000000001</velocity>
      <orientation>-1.8656288851034555</orientation>
      <time>2</time>
    </ksState>
    <ksState>
      <x>-944.2465208341728</x>
      <y>214.1427965188071</y>
      <steeringAngle>-0.10659999999999997</steeringAngle>
      <velocity>5.600000000000004</velocity>
      <orientation>-1.8862606529693369</orientation>
      <time>3</time>
    </ksState>
    <ksState>
      <x>-944.4475745613794</x>
      <y>213.66194573278662</y>
      <steeringAngle>-0.1421333333333333</steeringAngle>
      <velocity>4.800000000000003</velocity>
      <orientation>-1.911376860477985</orientation>
      <time>4</time>
    </ksState>
    <ksState>
      <x>-944.636597654928</x>
      <y>213.26274318298712</y>
      <steeringAngle>-0.17766666666666653</steeringAngle>
      <velocity>4.000000000000006</velocity>
      <orientation>-1.9388017570631348</orientation>
      <time>5</time>
    </ksState>
    <ksState>
      <x>-944.7999175017153</x>
      <y>212.94030621878764</y>
      <steeringAngle>-0.1421333333333333</steeringAngle>
      <velocity>3.1999999999999993</velocity>
      <orientation>-1.961411672036577</orientation>
      <time>6</time>
    </ksState>
    <ksState>
      <x>-944.9263088825851</x>
      <y>212.68969567505593</y>
      <steeringAngle>-0.10659999999999997</steeringAngle>
      <velocity>2.3999999999999977</velocity>
      <orientation>-1.9750793129072846</orientation>
      <time>7</time>
    </ksState>
    <ksState>
      <x>-945.0148092747669</x>
      <y>212.5100637394777</y>
      <steeringAngle>-0.07106666666666664</steeringAngle>
      <velocity>1.5999999999999976</velocity>
      <orientation>-1.9820800187605037</orientation>
      <time>8</time>
    </ksState>
    <ksState>
      <x>-945.0662959393504</x>
      <y>212.40160797263854</y>
      <steeringAngle>-0.0355333333333333</steeringAngle>
      <velocity>0.7999999999999972</velocity>
      <orientation>-1.984654863234471</orientation>
      <time>9</time>
    </ksState>
    <ksState>
      <x>-945.0828684971085</x>
      <y>212.3651988371131</y>
      <steeringAngle>2.5153490401663703e-17</steeringAngle>
      <velocity>-2.914335439641036e-15</velocity>
      <orientation>-1.985022374813002</orientation>
      <time>10</time>
    </ksState>
    <ksState>
      <x>-945.0828684971085</x>
      <y>212.3651988371131</y>
      <steeringAngle>0.0</steeringAngle>
      <velocity>0.0</velocity>
      <orientation>-1.985022374813002</orientation>
      <time>11</time>
    </ksState>
    <ksState>
      <x>-945.0828684971085</x>
      <y>212.3651988371131</y>
      <steeringAngle>0.0</steeringAngle>
      <velocity>0.0</velocity>
      <orientation>-1.985022374813002</orientation>
      <time>12</time>
    </ksState>
    <ksState>
      <x>-945.0828684971085</x>
      <y>212.3651988371131</y>
      <steeringAngle>0.0</steeringAngle>
      <velocity>0.0</velocity>
      <orientation>-1.985022374813002</orientation>
      <time>13</time>
    </ksState>
    <ksState>
      <x>-945.0828684971085</x>
      <y>212.3651988371131</y>
      <steeringAngle>0.0</steeringAngle>
      <velocity>0.0</velocity>
      <orientation>-1.985022374813002</orientation>
      <time>14</time>
    </ksState>
    <ksState>
      <x>-945.0828684971085</x>
      <y>212.3651988371131</y>
      <steeringAngle>0.0</steeringAngle>
      <velocity>0.0</velocity>
      <orientation>-1.985022374813002</orientation>
      <time>15</time>
    </ksState>
    <ksState>
      <x>-945.0828684971085</x>
      <y>212.3651988371131</y>
      <steeringAngle>0.0</steeringAngle>
      <velocity>0.0</velocity>
      <orientation>-1.985022374813002</orientation>
      <time>16</time>
    </ksState>
    <ksState>
      <x>-945.0828684971085</x>
      <y>212.3651988371131</y>
      <steeringAngle>0.0</steeringAngle>
      <velocity>0.0</velocity>
      <orientation>-1.985022374813002</orientation>
      <time>17</time>
    </ksState>
    <ksState>
      <x>-945.0828684971085</x>
      <y>212.3651988371131</y>
      <steeringAngle>0.0</steeringAngle>
      <velocity>0.0</velocity>
      <orientation>-1.985022374813002</orientation>
      <time>18</time>
    </ksState>
    <ksState>
      <x>-945.0828684971085</x>
      <y>212.3651988371131</y>
      <steeringAngle>0.0</steeringAngle>
      <velocity>0.0</velocity>
      <orientation>-1.985022374813002</orientation>
      <time>19</time>
    </ksState>
    <ksState>
      <x>-945.0828684971085</x>
      <y>212.3651988371131</y>
      <steeringAngle>0.0</steeringAngle>
      <velocity>0.0</velocity>
      <orientation>-1.985022374813002</orientation>
      <time>20</time>
    </ksState>
    <ksState>
      <x>-945.0828684971085</x>
      <y>212.3651988371131</y>
      <steeringAngle>0.0</steeringAngle>
      <velocity>0.0</velocity>
      <orientation>-1.985022374813002</orientation>
      <time>21</time>
    </ksState>
    <ksState>
      <x>-945.0828684971085</x>
      <y>212.3651988371131</y>
      <steeringAngle>0.0</steeringAngle>
      <velocity>0.0</velocity>
      <orientation>-1.985022374813002</orientation>
      <time>22</time>
    </ksState>
    <ksState>
      <x>-945.0828684971085</x>
      <y>212.3651988371131</y>
      <steeringAngle>0.0</steeringAngle>
      <velocity>0.0</velocity>
      <orientation>-1.985022374813002</orientation>
      <time>23</time>
    </ksState>
    <ksState>
      <x>-945.0828684971085</x>
      <y>212.3651988371131</y>
      <steeringAngle>0.0</steeringAngle>
      <velocity>0.0</velocity>
      <orientation>-1.985022374813002</orientation>
      <time>24</time>
    </ksState>
    <ksState>
      <x>-945.0828684971085</x>
      <y>212.3651988371131</y>
      <steeringAngle>0.0</steeringAngle>
      <velocity>0.0</velocity>
      <orientation>-1.985022374813002</orientation>
      <time>25</time>
    </ksState>
    <ksState>
      <x>-945.0828684971085</x>
      <y>212.3651988371131</y>
      <steeringAngle>0.0</steeringAngle>
      <velocity>0.0</velocity>
      <orientation>-1.985022374813002</orientation>
      <time>26</time>
    </ksState>
    <ksState>
      <x>-945.0828684971085</x>
      <y>212.3651988371131</y>
      <steeringAngle>0.0</steeringAngle>
      <velocity>0.0</velocity>
      <orientation>-1.985022374813002</orientation>
      <time>27</time>
    </ksState>
    <ksState>
      <x>-945.0828684971085</x>
      <y>212.3651988371131</y>
      <steeringAngle>0.0</steeringAngle>
      <velocity>0.0</velocity>
      <orientation>-1.985022374813002</orientation>
      <time>28</time>
    </ksState>
    <ksState>
      <x>-945.0828684971085</x>
      <y>212.3651988371131</y>
      <steeringAngle>0.0</steeringAngle>
      <velocity>0.0</velocity>
      <orientation>-1.985022374813002</orientation>
      <time>29</time>
    </ksState>
    <ksState>
      <x>-945.0828684971085</x>
      <y>212.3651988371131</y>
      <steeringAngle>0.0</steeringAngle>
      <velocity>0.0</velocity>
      <orientation>-1.985022374813002</orientation>
      <time>30</time>
    </ksState>
    <ksState>
      <x>-945.0828684971085</x>
      <y>212.3651988371131</y>
      <steeringAngle>0.0</steeringAngle>
      <velocity>0.0</velocity>
      <orientation>-1.985022374813002</orientation>
      <time>31</time>
    </ksState>
    <ksState>
      <x>-945.0828684971085</x>
      <y>212.3651988371131</y>
      <steeringAngle>0.0</steeringAngle>
      <velocity>0.0</velocity>
      <orientation>-1.985022374813002</orientation>
      <time>32</time>
    </ksState>
    <ksState>
      <x>-945.0828684971085</x>
      <y>212.3651988371131</y>
      <steeringAngle>0.0</steeringAngle>
      <velocity>0.0</velocity>
      <orientation>-1.985022374813002</orientation>
      <time>33</time>
    </ksState>
  </ksTrajectory>
</CommonRoadSolution>
