<?xml version="1.0" ?>
<CommonRoadSolution benchmark_id="KS2:SM1:DEU_Guetersloh-41_1_T-1:2020a" computation_time="3.314855839000302" date="2023-01-12T15:00:04">
  <ksTrajectory planningProblem="1">
    <ksState>
      <x>-641.75639</x>
      <y>486.48184</y>
      <steeringAngle>0.0</steeringAngle>
      <velocity>4.0</velocity>
      <orientation>1.4616091</orientation>
      <time>0</time>
    </ksState>
    <ksState>
      <x>-641.7085391203806</x>
      <y>486.8789849435204</y>
      <steeringAngle>-0.035533333333333326</steeringAngle>
      <velocity>4.0</velocity>
      <orientation>1.4588528254673996</orientation>
      <time>1</time>
    </ksState>
    <ksState>
      <x>-641.6506991122711</x>
      <y>487.2749494622688</y>
      <steeringAngle>-0.07106666666666711</steeringAngle>
      <velocity>4.0</velocity>
      <orientation>1.450577064924114</orientation>
      <time>2</time>
    </ksState>
    <ksState>
      <x>-641.5806712804974</x>
      <y>487.66924965864536</y>
      <steeringAngle>-0.10660000000000043</steeringAngle>
      <velocity>4.0</velocity>
      <orientation>1.4367608251049773</orientation>
      <time>3</time>
    </ksState>
    <ksState>
      <x>-641.4962576964431</x>
      <y>488.06119374947497</y>
      <steeringAngle>-0.14213333333333378</steeringAngle>
      <velocity>4.0</velocity>
      <orientation>1.4173688987194315</orientation>
      <time>4</time>
    </ksState>
    <ksState>
      <x>-641.3952721738472</x>
      <y>488.44984131051456</y>
      <steeringAngle>-0.1776666666666672</steeringAngle>
      <velocity>4.0</velocity>
      <orientation>1.3923514922680342</orientation>
      <time>5</time>
    </ksState>
    <ksState>
      <x>-641.2842261926638</x>
      <y>488.83576957744555</y>
      <steeringAngle>-0.1421333333333333</steeringAngle>
      <velocity>4.0</velocity>
      <orientation>1.367334085923511</orientation>
      <time>6</time>
    </ksState>
    <ksState>
      <x>-641.1724617089772</x>
      <y>489.22083465502226</y>
      <steeringAngle>-0.10659999999999999</steeringAngle>
      <velocity>4.0</velocity>
      <orientation>1.3479421596327603</orientation>
      <time>7</time>
    </ksState>
    <ksState>
      <x>-641.0620438369482</x>
      <y>489.6058008801789</y>
      <steeringAngle>-0.07106666666666664</steeringAngle>
      <velocity>4.0</velocity>
      <orientation>1.3341259198978075</orientation>
      <time>8</time>
    </ksState>
    <ksState>
      <x>-640.9550358407514</x>
      <y>489.9914060304998</y>
      <steeringAngle>-0.03553333333333332</steeringAngle>
      <velocity>4.0</velocity>
      <orientation>1.325850159435542</orientation>
      <time>9</time>
    </ksState>
    <ksState>
      <x>-640.8535183049194</x>
      <y>490.3783309534967</y>
      <steeringAngle>2.2985086056692694e-17</steeringAngle>
      <velocity>4.0</velocity>
      <orientation>1.3230938961407017</orientation>
      <time>10</time>
    </ksState>
    <ksState>
      <x>-640.7652545258672</x>
      <y>490.72734313747816</y>
      <steeringAngle>0.0</steeringAngle>
      <velocity>3.2</velocity>
      <orientation>1.3230938961407017</orientation>
      <time>11</time>
    </ksState>
    <ksState>
      <x>-640.6966049200189</x>
      <y>490.9987970580325</y>
      <steeringAngle>0.0</steeringAngle>
      <velocity>2.4000000000000004</velocity>
      <orientation>1.3230938961407017</orientation>
      <time>12</time>
    </ksState>
    <ksState>
      <x>-640.6475694873492</x>
      <y>491.1926927152584</y>
      <steeringAngle>0.0</steeringAngle>
      <velocity>1.6</velocity>
      <orientation>1.3230938961407017</orientation>
      <time>13</time>
    </ksState>
    <ksState>
      <x>-640.6181482278481</x>
      <y>491.30903010919525</y>
      <steeringAngle>0.0</steeringAngle>
      <velocity>0.7999999999999998</velocity>
      <orientation>1.3230938961407017</orientation>
      <time>14</time>
    </ksState>
    <ksState>
      <x>-640.6083411415028</x>
      <y>491.34780923989433</y>
      <steeringAngle>0.0</steeringAngle>
      <velocity>-3.3306690738754696e-16</velocity>
      <orientation>1.3230938961407017</orientation>
      <time>15</time>
    </ksState>
    <ksState>
      <x>-640.5990467215025</x>
      <y>491.38671792380245</y>
      <steeringAngle>0.03553333333333333</steeringAngle>
      <velocity>0.8</velocity>
      <orientation>1.3234614279189436</orientation>
      <time>16</time>
    </ksState>
    <ksState>
      <x>-640.5733552745374</x>
      <y>491.5039921430122</y>
      <steeringAngle>0.0710666666666667</steeringAngle>
      <velocity>1.6</velocity>
      <orientation>1.3260362745109293</orientation>
      <time>17</time>
    </ksState>
    <ksState>
      <x>-640.5351971135808</x>
      <y>491.7005680242385</y>
      <steeringAngle>0.10660000000000003</steeringAngle>
      <velocity>2.4000000000000004</velocity>
      <orientation>1.3330369787477665</orientation>
      <time>18</time>
    </ksState>
    <ksState>
      <x>-640.489951832639</x>
      <y>491.97756298261066</y>
      <steeringAngle>0.14213333333333342</steeringAngle>
      <velocity>3.2000000000000015</velocity>
      <orientation>1.3467046196885868</orientation>
      <time>19</time>
    </ksState>
    <ksState>
      <x>-640.4452194565665</x>
      <y>492.33619703587766</y>
      <steeringAngle>0.17766666666666683</steeringAngle>
      <velocity>4.0000000000000036</velocity>
      <orientation>1.3693145355618068</orientation>
      <time>20</time>
    </ksState>
    <ksState>
      <x>-640.4016426828405</x>
      <y>492.77577524843133</y>
      <steeringAngle>0.14213333333333333</steeringAngle>
      <velocity>4.8000000000000025</velocity>
      <orientation>1.3967394352801592</orientation>
      <time>21</time>
    </ksState>
    <ksState>
      <x>-640.3536082931315</x>
      <y>493.2947914271464</y>
      <steeringAngle>0.10660000000000003</steeringAngle>
      <velocity>5.600000000000005</velocity>
      <orientation>1.4218556475590771</orientation>
      <time>22</time>
    </ksState>
    <ksState>
      <x>-640.3001843748148</x>
      <y>493.8931384179392</y>
      <steeringAngle>0.07106666666666671</steeringAngle>
      <velocity>6.400000000000004</velocity>
      <orientation>1.4424874171585367</orientation>
      <time>23</time>
    </ksState>
    <ksState>
      <x>-640.2381559998661</x>
      <y>494.5706053768607</y>
      <steeringAngle>0.035533333333333375</steeringAngle>
      <velocity>7.200000000000006</velocity>
      <orientation>1.4564640852513289</orientation>
      <time>24</time>
    </ksState>
    <ksState>
      <x>-640.161328601233</x>
      <y>495.32675317143713</y>
      <steeringAngle>2.6346112791397758e-17</steeringAngle>
      <velocity>8.000000000000007</velocity>
      <orientation>1.4616090980308973</orientation>
      <time>25</time>
    </ksState>
    <ksState>
      <x>-640.0741522766408</x>
      <y>496.12198916686907</y>
      <steeringAngle>0.0</steeringAngle>
      <velocity>8.0</velocity>
      <orientation>1.4616090980308973</orientation>
      <time>26</time>
    </ksState>
    <ksState>
      <x>-639.9869759520486</x>
      <y>496.91722516230095</y>
      <steeringAngle>0.0</steeringAngle>
      <velocity>8.0</velocity>
      <orientation>1.4616090980308973</orientation>
      <time>27</time>
    </ksState>
    <ksState>
      <x>-639.8997996274564</x>
      <y>497.7124611577329</y>
      <steeringAngle>0.0</steeringAngle>
      <velocity>8.0</velocity>
      <orientation>1.4616090980308973</orientation>
      <time>28</time>
    </ksState>
    <ksState>
      <x>-639.8126233028642</x>
      <y>498.5076971531648</y>
      <steeringAngle>0.0</steeringAngle>
      <velocity>8.0</velocity>
      <orientation>1.4616090980308973</orientation>
      <time>29</time>
    </ksState>
    <ksState>
      <x>-639.725446978272</x>
      <y>499.3029331485967</y>
      <steeringAngle>0.0</steeringAngle>
      <velocity>8.0</velocity>
      <orientation>1.4616090980308973</orientation>
      <time>30</time>
    </ksState>
    <ksState>
      <x>-639.6340711470548</x>
      <y>500.05744820872843</y>
      <steeringAngle>-0.03553333333333333</steeringAngle>
      <velocity>7.199999999999999</velocity>
      <orientation>1.456464085048405</orientation>
      <time>31</time>
    </ksState>
    <ksState>
      <x>-639.53256573879</x>
      <y>500.7301021516334</y>
      <steeringAngle>-0.07106666666666664</steeringAngle>
      <velocity>6.400000000000001</velocity>
      <orientation>1.4424874129274419</orientation>
      <time>32</time>
    </ksState>
    <ksState>
      <x>-639.4209996955784</x>
      <y>501.32033717083186</y>
      <steeringAngle>-0.10659999999999997</steeringAngle>
      <velocity>5.600000000000004</velocity>
      <orientation>1.4218556450615605</orientation>
      <time>33</time>
    </ksState>
  </ksTrajectory>
</CommonRoadSolution>
