<?xml version="1.0" ?>
<CommonRoadSolution benchmark_id="KS2:SM1:HRV_Pula-18_1_T-1:2020a" computation_time="1.4622867739999492" date="2023-01-12T15:00:04">
  <ksTrajectory planningProblem="1">
    <ksState>
      <x>-321.12874</x>
      <y>208.20545</y>
      <steeringAngle>0.0</steeringAngle>
      <velocity>8.0</velocity>
      <orientation>-1.6300209</orientation>
      <time>0</time>
    </ksState>
    <ksState>
      <x>-321.1651263585485</x>
      <y>207.44629352640067</y>
      <steeringAngle>0.03553333333333333</steeringAngle>
      <velocity>7.199999999999999</velocity>
      <orientation>-1.6248758870175077</orientation>
      <time>1</time>
    </ksState>
    <ksState>
      <x>-321.1778051499083</x>
      <y>206.76614212923812</y>
      <steeringAngle>0.07106666666666664</steeringAngle>
      <velocity>6.400000000000001</velocity>
      <orientation>-1.6108992148965446</orientation>
      <time>2</time>
    </ksState>
    <ksState>
      <x>-321.1667508430472</x>
      <y>206.16555727912456</y>
      <steeringAngle>0.10659999999999997</steeringAngle>
      <velocity>5.600000000000004</velocity>
      <orientation>-1.5902674470306633</orientation>
      <time>3</time>
    </ksState>
    <ksState>
      <x>-321.1349289619886</x>
      <y>205.6453386255508</y>
      <steeringAngle>0.1421333333333333</steeringAngle>
      <velocity>4.800000000000003</velocity>
      <orientation>-1.565151239522015</orientation>
      <time>4</time>
    </ksState>
    <ksState>
      <x>-321.087630745596</x>
      <y>205.2061857086902</y>
      <steeringAngle>0.17766666666666653</steeringAngle>
      <velocity>4.000000000000006</velocity>
      <orientation>-1.5377263429368653</orientation>
      <time>5</time>
    </ksState>
    <ksState>
      <x>-321.0317892178543</x>
      <y>204.84841940426196</y>
      <steeringAngle>0.21319999999999997</steeringAngle>
      <velocity>3.2</velocity>
      <orientation>-1.5101847973734306</orientation>
      <time>6</time>
    </ksState>
    <ksState>
      <x>-320.975276734882</x>
      <y>204.57182396190765</y>
      <steeringAngle>0.24873333333333342</steeringAngle>
      <velocity>2.4000000000000004</velocity>
      <orientation>-1.4847465669867812</orientation>
      <time>7</time>
    </ksState>
    <ksState>
      <x>-320.92619508089825</x>
      <y>204.3756465920714</y>
      <steeringAngle>0.2842666666666668</steeringAngle>
      <velocity>1.600000000000001</velocity>
      <orientation>-1.4636716671962016</orientation>
      <time>8</time>
    </ksState>
    <ksState>
      <x>-320.89217280112365</x>
      <y>204.258765738803</y>
      <steeringAngle>0.3197999999999999</steeringAngle>
      <velocity>0.8000000000000007</velocity>
      <orientation>-1.449273239895497</orientation>
      <time>9</time>
    </ksState>
    <ksState>
      <x>-320.879678326055</x>
      <y>204.2200150753929</y>
      <steeringAngle>0.3553333333333332</steeringAngle>
      <velocity>5.551115123125783e-16</velocity>
      <orientation>-1.4439315982597678</orientation>
      <time>10</time>
    </ksState>
    <ksState>
      <x>-320.879678326055</x>
      <y>204.2200150753929</y>
      <steeringAngle>0.3198</steeringAngle>
      <velocity>0.0</velocity>
      <orientation>-1.4439315982597678</orientation>
      <time>11</time>
    </ksState>
    <ksState>
      <x>-320.879678326055</x>
      <y>204.2200150753929</y>
      <steeringAngle>0.2842666666666666</steeringAngle>
      <velocity>0.0</velocity>
      <orientation>-1.4439315982597678</orientation>
      <time>12</time>
    </ksState>
    <ksState>
      <x>-320.879678326055</x>
      <y>204.2200150753929</y>
      <steeringAngle>0.24873333333333333</steeringAngle>
      <velocity>0.0</velocity>
      <orientation>-1.4439315982597678</orientation>
      <time>13</time>
    </ksState>
    <ksState>
      <x>-320.879678326055</x>
      <y>204.2200150753929</y>
      <steeringAngle>0.21320000000000003</steeringAngle>
      <velocity>0.0</velocity>
      <orientation>-1.4439315982597678</orientation>
      <time>14</time>
    </ksState>
    <ksState>
      <x>-320.879678326055</x>
      <y>204.2200150753929</y>
      <steeringAngle>0.1776666666666667</steeringAngle>
      <velocity>0.0</velocity>
      <orientation>-1.4439315982597678</orientation>
      <time>15</time>
    </ksState>
    <ksState>
      <x>-320.879678326055</x>
      <y>204.2200150753929</y>
      <steeringAngle>0.14213333333333336</steeringAngle>
      <velocity>0.0</velocity>
      <orientation>-1.4439315982597678</orientation>
      <time>16</time>
    </ksState>
    <ksState>
      <x>-320.879678326055</x>
      <y>204.2200150753929</y>
      <steeringAngle>0.10660000000000001</steeringAngle>
      <velocity>0.0</velocity>
      <orientation>-1.4439315982597678</orientation>
      <time>17</time>
    </ksState>
    <ksState>
      <x>-320.879678326055</x>
      <y>204.2200150753929</y>
      <steeringAngle>0.07106666666666668</steeringAngle>
      <velocity>0.0</velocity>
      <orientation>-1.4439315982597678</orientation>
      <time>18</time>
    </ksState>
    <ksState>
      <x>-320.879678326055</x>
      <y>204.2200150753929</y>
      <steeringAngle>0.03553333333333333</steeringAngle>
      <velocity>0.0</velocity>
      <orientation>-1.4439315982597678</orientation>
      <time>19</time>
    </ksState>
    <ksState>
      <x>-320.879678326055</x>
      <y>204.2200150753929</y>
      <steeringAngle>0.0</steeringAngle>
      <velocity>0.0</velocity>
      <orientation>-1.4439315982597678</orientation>
      <time>20</time>
    </ksState>
    <ksState>
      <x>-320.879678326055</x>
      <y>204.2200150753929</y>
      <steeringAngle>0.0</steeringAngle>
      <velocity>0.0</velocity>
      <orientation>-1.4439315982597678</orientation>
      <time>21</time>
    </ksState>
    <ksState>
      <x>-320.879678326055</x>
      <y>204.2200150753929</y>
      <steeringAngle>0.0</steeringAngle>
      <velocity>0.0</velocity>
      <orientation>-1.4439315982597678</orientation>
      <time>22</time>
    </ksState>
    <ksState>
      <x>-320.879678326055</x>
      <y>204.2200150753929</y>
      <steeringAngle>0.0</steeringAngle>
      <velocity>0.0</velocity>
      <orientation>-1.4439315982597678</orientation>
      <time>23</time>
    </ksState>
    <ksState>
      <x>-320.879678326055</x>
      <y>204.2200150753929</y>
      <steeringAngle>0.0</steeringAngle>
      <velocity>0.0</velocity>
      <orientation>-1.4439315982597678</orientation>
      <time>24</time>
    </ksState>
    <ksState>
      <x>-320.879678326055</x>
      <y>204.2200150753929</y>
      <steeringAngle>0.0</steeringAngle>
      <velocity>0.0</velocity>
      <orientation>-1.4439315982597678</orientation>
      <time>25</time>
    </ksState>
    <ksState>
      <x>-320.879678326055</x>
      <y>204.2200150753929</y>
      <steeringAngle>0.0</steeringAngle>
      <velocity>0.0</velocity>
      <orientation>-1.4439315982597678</orientation>
      <time>26</time>
    </ksState>
    <ksState>
      <x>-320.879678326055</x>
      <y>204.2200150753929</y>
      <steeringAngle>0.0</steeringAngle>
      <velocity>0.0</velocity>
      <orientation>-1.4439315982597678</orientation>
      <time>27</time>
    </ksState>
    <ksState>
      <x>-320.879678326055</x>
      <y>204.2200150753929</y>
      <steeringAngle>0.0</steeringAngle>
      <velocity>0.0</velocity>
      <orientation>-1.4439315982597678</orientation>
      <time>28</time>
    </ksState>
    <ksState>
      <x>-320.879678326055</x>
      <y>204.2200150753929</y>
      <steeringAngle>0.0</steeringAngle>
      <velocity>0.0</velocity>
      <orientation>-1.4439315982597678</orientation>
      <time>29</time>
    </ksState>
    <ksState>
      <x>-320.879678326055</x>
      <y>204.2200150753929</y>
      <steeringAngle>0.0</steeringAngle>
      <velocity>0.0</velocity>
      <orientation>-1.4439315982597678</orientation>
      <time>30</time>
    </ksState>
    <ksState>
      <x>-320.879678326055</x>
      <y>204.2200150753929</y>
      <steeringAngle>0.0</steeringAngle>
      <velocity>0.0</velocity>
      <orientation>-1.4439315982597678</orientation>
      <time>31</time>
    </ksState>
    <ksState>
      <x>-320.879678326055</x>
      <y>204.2200150753929</y>
      <steeringAngle>0.0</steeringAngle>
      <velocity>0.0</velocity>
      <orientation>-1.4439315982597678</orientation>
      <time>32</time>
    </ksState>
    <ksState>
      <x>-320.879678326055</x>
      <y>204.2200150753929</y>
      <steeringAngle>0.0</steeringAngle>
      <velocity>0.0</velocity>
      <orientation>-1.4439315982597678</orientation>
      <time>33</time>
    </ksState>
  </ksTrajectory>
</CommonRoadSolution>
