<?xml version="1.0" ?>
<CommonRoadSolution benchmark_id="KS2:SM1:DEU_Lohmar-51_1_T-1:2020a" computation_time="20.152819349999845" date="2023-01-12T15:00:04">
  <ksTrajectory planningProblem="123">
    <ksState>
      <x>-413.78098</x>
      <y>-372.63766</y>
      <steeringAngle>0.0</steeringAngle>
      <velocity>4.0</velocity>
      <orientation>1.3288285</orientation>
      <time>0</time>
    </ksState>
    <ksState>
      <x>-413.6707853340199</x>
      <y>-372.21166147296725</y>
      <steeringAngle>-0.035533333333333326</steeringAngle>
      <velocity>4.799999999999999</velocity>
      <orientation>1.325704721330809</orientation>
      <time>1</time>
    </ksState>
    <ksState>
      <x>-413.5272214309751</x>
      <y>-371.7116460421121</y>
      <steeringAngle>-0.07106666666666667</steeringAngle>
      <velocity>5.599999999999998</velocity>
      <orientation>1.3148541102696363</orientation>
      <time>2</time>
    </ksState>
    <ksState>
      <x>-413.3411266415895</x>
      <y>-371.1404997214409</y>
      <steeringAngle>-0.10659999999999999</steeringAngle>
      <velocity>6.3999999999999995</velocity>
      <orientation>1.2940371612693085</orientation>
      <time>3</time>
    </ksState>
    <ksState>
      <x>-413.1000380975951</x>
      <y>-370.50300821555163</y>
      <steeringAngle>-0.14213333333333333</steeringAngle>
      <velocity>7.199999999999999</velocity>
      <orientation>1.2609775902881433</orientation>
      <time>4</time>
    </ksState>
    <ksState>
      <x>-412.787803856159</x>
      <y>-369.8069487261483</y>
      <steeringAngle>-0.17766666666666664</steeringAngle>
      <velocity>7.9999999999999964</velocity>
      <orientation>1.2133502682065966</orientation>
      <time>5</time>
    </ksState>
    <ksState>
      <x>-412.4333880179162</x>
      <y>-369.1305456968313</y>
      <steeringAngle>-0.17766666666666667</steeringAngle>
      <velocity>7.2</velocity>
      <orientation>1.1604343407622193</orientation>
      <time>6</time>
    </ksState>
    <ksState>
      <x>-412.0863427788214</x>
      <y>-368.54197988998163</y>
      <steeringAngle>-0.17766666666666667</steeringAngle>
      <velocity>6.4</velocity>
      <orientation>1.113088510969408</orientation>
      <time>7</time>
    </ksState>
    <ksState>
      <x>-411.7572897879836</x>
      <y>-368.0368029094693</y>
      <steeringAngle>-0.17766666666666667</steeringAngle>
      <velocity>5.599999999999999</velocity>
      <orientation>1.0713127788142234</orientation>
      <time>8</time>
    </ksState>
    <ksState>
      <x>-411.4552552066972</x>
      <y>-367.61042443437697</y>
      <steeringAngle>-0.17766666666666667</steeringAngle>
      <velocity>4.799999999999999</velocity>
      <orientation>1.035107144292709</orientation>
      <time>9</time>
    </ksState>
    <ksState>
      <x>-411.18777075144584</x>
      <y>-367.2583782858471</y>
      <steeringAngle>-0.17766666666666667</steeringAngle>
      <velocity>4.0</velocity>
      <orientation>1.0044716074033788</orientation>
      <time>10</time>
    </ksState>
    <ksState>
      <x>-410.96412499603355</x>
      <y>-366.9744389537303</y>
      <steeringAngle>-0.1421333333333333</steeringAngle>
      <velocity>3.1999999999999993</velocity>
      <orientation>0.9818616924299365</orientation>
      <time>11</time>
    </ksState>
    <ksState>
      <x>-410.7908352490343</x>
      <y>-366.7536424651428</y>
      <steeringAngle>-0.10659999999999997</steeringAngle>
      <velocity>2.3999999999999977</velocity>
      <orientation>0.9681940515592291</orientation>
      <time>12</time>
    </ksState>
    <ksState>
      <x>-410.66867812936084</x>
      <y>-366.59496798764553</y>
      <steeringAngle>-0.07106666666666664</steeringAngle>
      <velocity>1.5999999999999976</velocity>
      <orientation>0.96119334570601</orientation>
      <time>13</time>
    </ksState>
    <ksState>
      <x>-410.5968324947819</x>
      <y>-366.49878204905497</y>
      <steeringAngle>-0.0355333333333333</steeringAngle>
      <velocity>0.7999999999999972</velocity>
      <orientation>0.9586185012320427</orientation>
      <time>14</time>
    </ksState>
    <ksState>
      <x>-410.57341137912346</x>
      <y>-366.46635172124803</y>
      <steeringAngle>2.5153490401663703e-17</steeringAngle>
      <velocity>-2.914335439641036e-15</velocity>
      <orientation>0.9582509896535115</orientation>
      <time>15</time>
    </ksState>
    <ksState>
      <x>-410.57341137912346</x>
      <y>-366.46635172124803</y>
      <steeringAngle>0.0</steeringAngle>
      <velocity>0.0</velocity>
      <orientation>0.9582509896535115</orientation>
      <time>16</time>
    </ksState>
    <ksState>
      <x>-410.57341137912346</x>
      <y>-366.46635172124803</y>
      <steeringAngle>0.0</steeringAngle>
      <velocity>0.0</velocity>
      <orientation>0.9582509896535115</orientation>
      <time>17</time>
    </ksState>
    <ksState>
      <x>-410.57341137912346</x>
      <y>-366.46635172124803</y>
      <steeringAngle>0.0</steeringAngle>
      <velocity>0.0</velocity>
      <orientation>0.9582509896535115</orientation>
      <time>18</time>
    </ksState>
    <ksState>
      <x>-410.57341137912346</x>
      <y>-366.46635172124803</y>
      <steeringAngle>0.0</steeringAngle>
      <velocity>0.0</velocity>
      <orientation>0.9582509896535115</orientation>
      <time>19</time>
    </ksState>
    <ksState>
      <x>-410.57341137912346</x>
      <y>-366.46635172124803</y>
      <steeringAngle>0.0</steeringAngle>
      <velocity>0.0</velocity>
      <orientation>0.9582509896535115</orientation>
      <time>20</time>
    </ksState>
    <ksState>
      <x>-410.57341137912346</x>
      <y>-366.46635172124803</y>
      <steeringAngle>0.0</steeringAngle>
      <velocity>0.0</velocity>
      <orientation>0.9582509896535115</orientation>
      <time>21</time>
    </ksState>
    <ksState>
      <x>-410.57341137912346</x>
      <y>-366.46635172124803</y>
      <steeringAngle>0.0</steeringAngle>
      <velocity>0.0</velocity>
      <orientation>0.9582509896535115</orientation>
      <time>22</time>
    </ksState>
    <ksState>
      <x>-410.57341137912346</x>
      <y>-366.46635172124803</y>
      <steeringAngle>0.0</steeringAngle>
      <velocity>0.0</velocity>
      <orientation>0.9582509896535115</orientation>
      <time>23</time>
    </ksState>
    <ksState>
      <x>-410.57341137912346</x>
      <y>-366.46635172124803</y>
      <steeringAngle>0.0</steeringAngle>
      <velocity>0.0</velocity>
      <orientation>0.9582509896535115</orientation>
      <time>24</time>
    </ksState>
    <ksState>
      <x>-410.57341137912346</x>
      <y>-366.46635172124803</y>
      <steeringAngle>0.0</steeringAngle>
      <velocity>0.0</velocity>
      <orientation>0.9582509896535115</orientation>
      <time>25</time>
    </ksState>
    <ksState>
      <x>-410.57341137912346</x>
      <y>-366.46635172124803</y>
      <steeringAngle>0.0</steeringAngle>
      <velocity>0.0</velocity>
      <orientation>0.9582509896535115</orientation>
      <time>26</time>
    </ksState>
    <ksState>
      <x>-410.57341137912346</x>
      <y>-366.46635172124803</y>
      <steeringAngle>0.0</steeringAngle>
      <velocity>0.0</velocity>
      <orientation>0.9582509896535115</orientation>
      <time>27</time>
    </ksState>
    <ksState>
      <x>-410.57341137912346</x>
      <y>-366.46635172124803</y>
      <steeringAngle>0.0</steeringAngle>
      <velocity>0.0</velocity>
      <orientation>0.9582509896535115</orientation>
      <time>28</time>
    </ksState>
    <ksState>
      <x>-410.57341137912346</x>
      <y>-366.46635172124803</y>
      <steeringAngle>0.0</steeringAngle>
      <velocity>0.0</velocity>
      <orientation>0.9582509896535115</orientation>
      <time>29</time>
    </ksState>
    <ksState>
      <x>-410.57341137912346</x>
      <y>-366.46635172124803</y>
      <steeringAngle>0.0</steeringAngle>
      <velocity>0.0</velocity>
      <orientation>0.9582509896535115</orientation>
      <time>30</time>
    </ksState>
    <ksState>
      <x>-410.57341137912346</x>
      <y>-366.46635172124803</y>
      <steeringAngle>0.0</steeringAngle>
      <velocity>0.0</velocity>
      <orientation>0.9582509896535115</orientation>
      <time>31</time>
    </ksState>
    <ksState>
      <x>-410.57341137912346</x>
      <y>-366.46635172124803</y>
      <steeringAngle>0.0</steeringAngle>
      <velocity>0.0</velocity>
      <orientation>0.9582509896535115</orientation>
      <time>32</time>
    </ksState>
    <ksState>
      <x>-410.57341137912346</x>
      <y>-366.46635172124803</y>
      <steeringAngle>0.0</steeringAngle>
      <velocity>0.0</velocity>
      <orientation>0.9582509896535115</orientation>
      <time>33</time>
    </ksState>
    <ksState>
      <x>-410.57341137912346</x>
      <y>-366.46635172124803</y>
      <steeringAngle>0.0</steeringAngle>
      <velocity>0.0</velocity>
      <orientation>0.9582509896535115</orientation>
      <time>34</time>
    </ksState>
    <ksState>
      <x>-410.57341137912346</x>
      <y>-366.46635172124803</y>
      <steeringAngle>0.0</steeringAngle>
      <velocity>0.0</velocity>
      <orientation>0.9582509896535115</orientation>
      <time>35</time>
    </ksState>
    <ksState>
      <x>-410.5508460020305</x>
      <y>-366.43332028647364</y>
      <steeringAngle>0.03553333333333333</steeringAngle>
      <velocity>0.8</velocity>
      <orientation>0.9586185214317535</orientation>
      <time>36</time>
    </ksState>
    <ksState>
      <x>-410.485001830714</x>
      <y>-366.33293185067504</y>
      <steeringAngle>0.0710666666666667</steeringAngle>
      <velocity>1.6</velocity>
      <orientation>0.9611933680237391</orientation>
      <time>37</time>
    </ksState>
    <ksState>
      <x>-410.379216471861</x>
      <y>-366.1629095574903</y>
      <steeringAngle>0.10660000000000003</steeringAngle>
      <velocity>2.4000000000000004</velocity>
      <orientation>0.9681940722605763</orientation>
      <time>38</time>
    </ksState>
    <ksState>
      <x>-410.23811673709173</x>
      <y>-365.920290087416</y>
      <steeringAngle>0.14213333333333342</steeringAngle>
      <velocity>3.2000000000000015</velocity>
      <orientation>0.9818617132013965</orientation>
      <time>39</time>
    </ksState>
    <ksState>
      <x>-410.06836711084935</x>
      <y>-365.6012220162739</y>
      <steeringAngle>0.17766666666666683</steeringAngle>
      <velocity>4.0000000000000036</velocity>
      <orientation>1.0044716290746167</orientation>
      <time>40</time>
    </ksState>
    <ksState>
      <x>-409.8960287234622</x>
      <y>-365.2376580561539</y>
      <steeringAngle>0.21319999999999995</steeringAngle>
      <velocity>4.0</velocity>
      <orientation>1.035179411712117</orientation>
      <time>41</time>
    </ksState>
    <ksState>
      <x>-409.74313418300227</x>
      <y>-364.86445757161226</y>
      <steeringAngle>0.24873333333333336</steeringAngle>
      <velocity>4.0</velocity>
      <orientation>1.071658252834811</orientation>
      <time>42</time>
    </ksState>
    <ksState>
      <x>-409.61247591590165</x>
      <y>-364.4816913113876</y>
      <steeringAngle>0.2842666666666667</steeringAngle>
      <velocity>4.0</velocity>
      <orientation>1.1140054866802591</orientation>
      <time>43</time>
    </ksState>
    <ksState>
      <x>-409.50702669852234</x>
      <y>-364.08983835939114</y>
      <steeringAngle>0.31980000000000003</steeringAngle>
      <velocity>4.0</velocity>
      <orientation>1.1623361680473943</orientation>
      <time>44</time>
    </ksState>
    <ksState>
      <x>-409.4299203458457</x>
      <y>-363.68986040992013</y>
      <steeringAngle>0.35533333333333333</steeringAngle>
      <velocity>4.0</velocity>
      <orientation>1.2167843692256728</orientation>
      <time>45</time>
    </ksState>
    <ksState>
      <x>-409.3877115349567</x>
      <y>-363.324101243629</y>
      <steeringAngle>0.3908666666666668</steeringAngle>
      <velocity>3.2000000000000006</velocity>
      <orientation>1.2713267559988555</orientation>
      <time>46</time>
    </ksState>
    <ksState>
      <x>-409.3755166905749</x>
      <y>-363.0365668783309</y>
      <steeringAngle>0.4264</steeringAngle>
      <velocity>2.3999999999999995</velocity>
      <orientation>1.3182363927953724</orientation>
      <time>47</time>
    </ksState>
    <ksState>
      <x>-409.3799805925451</x>
      <y>-362.82990240273887</y>
      <steeringAngle>0.4619333333333332</steeringAngle>
      <velocity>1.5999999999999996</velocity>
      <orientation>1.3550340173207691</orientation>
      <time>48</time>
    </ksState>
    <ksState>
      <x>-409.38925247872004</x>
      <y>-362.705456169658</y>
      <steeringAngle>0.49746666666666656</steeringAngle>
      <velocity>0.7999999999999986</velocity>
      <orientation>1.3791274534707507</orientation>
      <time>49</time>
    </ksState>
    <ksState>
      <x>-409.3939097243966</x>
      <y>-362.66386114941326</y>
      <steeringAngle>0.5329999999999998</steeringAngle>
      <velocity>-1.5265566588595902e-15</velocity>
      <orientation>1.3877901196083313</orientation>
      <time>50</time>
    </ksState>
    <ksState>
      <x>-409.3939097243966</x>
      <y>-362.66386114941326</y>
      <steeringAngle>0.49746666666666667</steeringAngle>
      <velocity>0.0</velocity>
      <orientation>1.3877901196083313</orientation>
      <time>51</time>
    </ksState>
    <ksState>
      <x>-409.3939097243966</x>
      <y>-362.66386114941326</y>
      <steeringAngle>0.4619333333333333</steeringAngle>
      <velocity>0.0</velocity>
      <orientation>1.3877901196083313</orientation>
      <time>52</time>
    </ksState>
    <ksState>
      <x>-409.3939097243966</x>
      <y>-362.66386114941326</y>
      <steeringAngle>0.42639999999999995</steeringAngle>
      <velocity>0.0</velocity>
      <orientation>1.3877901196083313</orientation>
      <time>53</time>
    </ksState>
    <ksState>
      <x>-409.3939097243966</x>
      <y>-362.66386114941326</y>
      <steeringAngle>0.3908666666666666</steeringAngle>
      <velocity>0.0</velocity>
      <orientation>1.3877901196083313</orientation>
      <time>54</time>
    </ksState>
    <ksState>
      <x>-409.3939097243966</x>
      <y>-362.66386114941326</y>
      <steeringAngle>0.3553333333333333</steeringAngle>
      <velocity>0.0</velocity>
      <orientation>1.3877901196083313</orientation>
      <time>55</time>
    </ksState>
    <ksState>
      <x>-409.3939097243966</x>
      <y>-362.66386114941326</y>
      <steeringAngle>0.3198</steeringAngle>
      <velocity>0.0</velocity>
      <orientation>1.3877901196083313</orientation>
      <time>56</time>
    </ksState>
    <ksState>
      <x>-409.3939097243966</x>
      <y>-362.66386114941326</y>
      <steeringAngle>0.2842666666666666</steeringAngle>
      <velocity>0.0</velocity>
      <orientation>1.3877901196083313</orientation>
      <time>57</time>
    </ksState>
    <ksState>
      <x>-409.3939097243966</x>
      <y>-362.66386114941326</y>
      <steeringAngle>0.24873333333333333</steeringAngle>
      <velocity>0.0</velocity>
      <orientation>1.3877901196083313</orientation>
      <time>58</time>
    </ksState>
    <ksState>
      <x>-409.3939097243966</x>
      <y>-362.66386114941326</y>
      <steeringAngle>0.21320000000000003</steeringAngle>
      <velocity>0.0</velocity>
      <orientation>1.3877901196083313</orientation>
      <time>59</time>
    </ksState>
    <ksState>
      <x>-409.3939097243966</x>
      <y>-362.66386114941326</y>
      <steeringAngle>0.1776666666666667</steeringAngle>
      <velocity>0.0</velocity>
      <orientation>1.3877901196083313</orientation>
      <time>60</time>
    </ksState>
    <ksState>
      <x>-409.3939097243966</x>
      <y>-362.66386114941326</y>
      <steeringAngle>0.14213333333333336</steeringAngle>
      <velocity>0.0</velocity>
      <orientation>1.3877901196083313</orientation>
      <time>61</time>
    </ksState>
    <ksState>
      <x>-409.3939097243966</x>
      <y>-362.66386114941326</y>
      <steeringAngle>0.10660000000000001</steeringAngle>
      <velocity>0.0</velocity>
      <orientation>1.3877901196083313</orientation>
      <time>62</time>
    </ksState>
    <ksState>
      <x>-409.3939097243966</x>
      <y>-362.66386114941326</y>
      <steeringAngle>0.07106666666666668</steeringAngle>
      <velocity>0.0</velocity>
      <orientation>1.3877901196083313</orientation>
      <time>63</time>
    </ksState>
    <ksState>
      <x>-409.3939097243966</x>
      <y>-362.66386114941326</y>
      <steeringAngle>0.03553333333333333</steeringAngle>
      <velocity>0.0</velocity>
      <orientation>1.3877901196083313</orientation>
      <time>64</time>
    </ksState>
    <ksState>
      <x>-409.3939097243966</x>
      <y>-362.66386114941326</y>
      <steeringAngle>0.0</steeringAngle>
      <velocity>0.0</velocity>
      <orientation>1.3877901196083313</orientation>
      <time>65</time>
    </ksState>
    <ksState>
      <x>-409.3939097243966</x>
      <y>-362.66386114941326</y>
      <steeringAngle>0.0</steeringAngle>
      <velocity>0.0</velocity>
      <orientation>1.3877901196083313</orientation>
      <time>66</time>
    </ksState>
    <ksState>
      <x>-409.3939097243966</x>
      <y>-362.66386114941326</y>
      <steeringAngle>0.0</steeringAngle>
      <velocity>0.0</velocity>
      <orientation>1.3877901196083313</orientation>
      <time>67</time>
    </ksState>
    <ksState>
      <x>-409.3939097243966</x>
      <y>-362.66386114941326</y>
      <steeringAngle>0.0</steeringAngle>
      <velocity>0.0</velocity>
      <orientation>1.3877901196083313</orientation>
      <time>68</time>
    </ksState>
    <ksState>
      <x>-409.3939097243966</x>
      <y>-362.66386114941326</y>
      <steeringAngle>0.0</steeringAngle>
      <velocity>0.0</velocity>
      <orientation>1.3877901196083313</orientation>
      <time>69</time>
    </ksState>
    <ksState>
      <x>-409.3939097243966</x>
      <y>-362.66386114941326</y>
      <steeringAngle>0.0</steeringAngle>
      <velocity>0.0</velocity>
      <orientation>1.3877901196083313</orientation>
      <time>70</time>
    </ksState>
    <ksState>
      <x>-409.3939097243966</x>
      <y>-362.66386114941326</y>
      <steeringAngle>0.0</steeringAngle>
      <velocity>0.0</velocity>
      <orientation>1.3877901196083313</orientation>
      <time>71</time>
    </ksState>
    <ksState>
      <x>-409.3939097243966</x>
      <y>-362.66386114941326</y>
      <steeringAngle>0.0</steeringAngle>
      <velocity>0.0</velocity>
      <orientation>1.3877901196083313</orientation>
      <time>72</time>
    </ksState>
    <ksState>
      <x>-409.3939097243966</x>
      <y>-362.66386114941326</y>
      <steeringAngle>0.0</steeringAngle>
      <velocity>0.0</velocity>
      <orientation>1.3877901196083313</orientation>
      <time>73</time>
    </ksState>
    <ksState>
      <x>-409.3939097243966</x>
      <y>-362.66386114941326</y>
      <steeringAngle>0.0</steeringAngle>
      <velocity>0.0</velocity>
      <orientation>1.3877901196083313</orientation>
      <time>74</time>
    </ksState>
    <ksState>
      <x>-409.3939097243966</x>
      <y>-362.66386114941326</y>
      <steeringAngle>0.0</steeringAngle>
      <velocity>0.0</velocity>
      <orientation>1.3877901196083313</orientation>
      <time>75</time>
    </ksState>
    <ksState>
      <x>-409.3939097243966</x>
      <y>-362.66386114941326</y>
      <steeringAngle>0.0</steeringAngle>
      <velocity>0.0</velocity>
      <orientation>1.3877901196083313</orientation>
      <time>76</time>
    </ksState>
    <ksState>
      <x>-409.3939097243966</x>
      <y>-362.66386114941326</y>
      <steeringAngle>0.0</steeringAngle>
      <velocity>0.0</velocity>
      <orientation>1.3877901196083313</orientation>
      <time>77</time>
    </ksState>
    <ksState>
      <x>-409.3939097243966</x>
      <y>-362.66386114941326</y>
      <steeringAngle>0.0</steeringAngle>
      <velocity>0.0</velocity>
      <orientation>1.3877901196083313</orientation>
      <time>78</time>
    </ksState>
    <ksState>
      <x>-409.3939097243966</x>
      <y>-362.66386114941326</y>
      <steeringAngle>0.0</steeringAngle>
      <velocity>0.0</velocity>
      <orientation>1.3877901196083313</orientation>
      <time>79</time>
    </ksState>
    <ksState>
      <x>-409.3939097243966</x>
      <y>-362.66386114941326</y>
      <steeringAngle>0.0</steeringAngle>
      <velocity>0.0</velocity>
      <orientation>1.3877901196083313</orientation>
      <time>80</time>
    </ksState>
    <ksState>
      <x>-409.3939097243966</x>
      <y>-362.66386114941326</y>
      <steeringAngle>0.0</steeringAngle>
      <velocity>0.0</velocity>
      <orientation>1.3877901196083313</orientation>
      <time>81</time>
    </ksState>
    <ksState>
      <x>-409.3939097243966</x>
      <y>-362.66386114941326</y>
      <steeringAngle>0.0</steeringAngle>
      <velocity>0.0</velocity>
      <orientation>1.3877901196083313</orientation>
      <time>82</time>
    </ksState>
    <ksState>
      <x>-409.3939097243966</x>
      <y>-362.66386114941326</y>
      <steeringAngle>0.0</steeringAngle>
      <velocity>0.0</velocity>
      <orientation>1.3877901196083313</orientation>
      <time>83</time>
    </ksState>
    <ksState>
      <x>-409.3939097243966</x>
      <y>-362.66386114941326</y>
      <steeringAngle>0.0</steeringAngle>
      <velocity>0.0</velocity>
      <orientation>1.3877901196083313</orientation>
      <time>84</time>
    </ksState>
    <ksState>
      <x>-409.3939097243966</x>
      <y>-362.66386114941326</y>
      <steeringAngle>0.0</steeringAngle>
      <velocity>0.0</velocity>
      <orientation>1.3877901196083313</orientation>
      <time>85</time>
    </ksState>
    <ksState>
      <x>-409.3939097243966</x>
      <y>-362.66386114941326</y>
      <steeringAngle>0.0</steeringAngle>
      <velocity>0.0</velocity>
      <orientation>1.3877901196083313</orientation>
      <time>86</time>
    </ksState>
    <ksState>
      <x>-409.3939097243966</x>
      <y>-362.66386114941326</y>
      <steeringAngle>0.0</steeringAngle>
      <velocity>0.0</velocity>
      <orientation>1.3877901196083313</orientation>
      <time>87</time>
    </ksState>
    <ksState>
      <x>-409.3939097243966</x>
      <y>-362.66386114941326</y>
      <steeringAngle>0.0</steeringAngle>
      <velocity>0.0</velocity>
      <orientation>1.3877901196083313</orientation>
      <time>88</time>
    </ksState>
    <ksState>
      <x>-409.3939097243966</x>
      <y>-362.66386114941326</y>
      <steeringAngle>0.0</steeringAngle>
      <velocity>0.0</velocity>
      <orientation>1.3877901196083313</orientation>
      <time>89</time>
    </ksState>
    <ksState>
      <x>-409.3939097243966</x>
      <y>-362.66386114941326</y>
      <steeringAngle>0.0</steeringAngle>
      <velocity>0.0</velocity>
      <orientation>1.3877901196083313</orientation>
      <time>90</time>
    </ksState>
    <ksState>
      <x>-409.3871502382267</x>
      <y>-362.6244329707422</y>
      <steeringAngle>0.03553333333333333</steeringAngle>
      <velocity>0.8</velocity>
      <orientation>1.3881576513865732</orientation>
      <time>91</time>
    </ksState>
    <ksState>
      <x>-409.36909444695647</x>
      <y>-362.50574311717395</y>
      <steeringAngle>0.0710666666666667</steeringAngle>
      <velocity>1.6</velocity>
      <orientation>1.390732497978559</orientation>
      <time>92</time>
    </ksState>
    <ksState>
      <x>-409.3437249626884</x>
      <y>-362.30711151949765</y>
      <steeringAngle>0.10660000000000003</steeringAngle>
      <velocity>2.4000000000000004</velocity>
      <orientation>1.397733202215396</orientation>
      <time>93</time>
    </ksState>
    <ksState>
      <x>-409.3164823670558</x>
      <y>-362.0277708969697</y>
      <steeringAngle>0.14213333333333342</steeringAngle>
      <velocity>3.2000000000000015</velocity>
      <orientation>1.4114008431562164</orientation>
      <time>94</time>
    </ksState>
    <ksState>
      <x>-409.2950296606134</x>
      <y>-361.66699513417785</y>
      <steeringAngle>0.17766666666666683</steeringAngle>
      <velocity>4.0000000000000036</velocity>
      <orientation>1.4340107590294364</orientation>
      <time>95</time>
    </ksState>
    <ksState>
      <x>-409.2820411119958</x>
      <y>-361.30578845394945</y>
      <steeringAngle>0.1421333333333333</steeringAngle>
      <velocity>3.1999999999999993</velocity>
      <orientation>1.4566206740028786</orientation>
      <time>96</time>
    </ksState>
    <ksState>
      <x>-409.27146699712443</x>
      <y>-361.0253091964591</y>
      <steeringAngle>0.10659999999999997</steeringAngle>
      <velocity>2.3999999999999977</velocity>
      <orientation>1.4702883148735861</orientation>
      <time>97</time>
    </ksState>
    <ksState>
      <x>-409.2620548205102</x>
      <y>-360.8252807919078</y>
      <steeringAngle>0.07106666666666664</steeringAngle>
      <velocity>1.5999999999999976</velocity>
      <orientation>1.4772890207268052</orientation>
      <time>98</time>
    </ksState>
    <ksState>
      <x>-409.2546679724977</x>
      <y>-360.70545189527996</y>
      <steeringAngle>0.0355333333333333</steeringAngle>
      <velocity>0.7999999999999972</velocity>
      <orientation>1.4798638652007725</orientation>
      <time>99</time>
    </ksState>
  </ksTrajectory>
</CommonRoadSolution>
