<?xml version="1.0" ?>
<CommonRoadSolution benchmark_id="KS2:SM1:DEU_Reutlingen-5_1_T-1:2020a" computation_time="2.9966721810005765" date="2023-01-12T15:00:04">
  <ksTrajectory planningProblem="123">
    <ksState>
      <x>-174.4265</x>
      <y>386.41335</y>
      <steeringAngle>0.0</steeringAngle>
      <velocity>8.0</velocity>
      <orientation>1.1614165</orientation>
      <time>0</time>
    </ksState>
    <ksState>
      <x>-174.10806761791585</x>
      <y>387.1472442826049</y>
      <steeringAngle>0.0</steeringAngle>
      <velocity>8.0</velocity>
      <orientation>1.1614165</orientation>
      <time>1</time>
    </ksState>
    <ksState>
      <x>-173.78963523583167</x>
      <y>387.8811385652098</y>
      <steeringAngle>0.0</steeringAngle>
      <velocity>8.0</velocity>
      <orientation>1.1614165</orientation>
      <time>2</time>
    </ksState>
    <ksState>
      <x>-173.4712028537475</x>
      <y>388.61503284781475</y>
      <steeringAngle>0.0</steeringAngle>
      <velocity>8.0</velocity>
      <orientation>1.1614165</orientation>
      <time>3</time>
    </ksState>
    <ksState>
      <x>-173.15277047166333</x>
      <y>389.3489271304197</y>
      <steeringAngle>0.0</steeringAngle>
      <velocity>8.0</velocity>
      <orientation>1.1614165</orientation>
      <time>4</time>
    </ksState>
    <ksState>
      <x>-172.83433808957918</x>
      <y>390.08282141302465</y>
      <steeringAngle>0.0</steeringAngle>
      <velocity>8.0</velocity>
      <orientation>1.1614165</orientation>
      <time>5</time>
    </ksState>
    <ksState>
      <x>-172.51590570749502</x>
      <y>390.81671569562957</y>
      <steeringAngle>0.0</steeringAngle>
      <velocity>8.0</velocity>
      <orientation>1.1614165</orientation>
      <time>6</time>
    </ksState>
    <ksState>
      <x>-172.19747332541084</x>
      <y>391.5506099782345</y>
      <steeringAngle>0.0</steeringAngle>
      <velocity>8.0</velocity>
      <orientation>1.1614165</orientation>
      <time>7</time>
    </ksState>
    <ksState>
      <x>-171.8790409433267</x>
      <y>392.2845042608394</y>
      <steeringAngle>0.0</steeringAngle>
      <velocity>8.0</velocity>
      <orientation>1.1614165</orientation>
      <time>8</time>
    </ksState>
    <ksState>
      <x>-171.5606085612425</x>
      <y>393.0183985434444</y>
      <steeringAngle>0.0</steeringAngle>
      <velocity>8.0</velocity>
      <orientation>1.1614165</orientation>
      <time>9</time>
    </ksState>
    <ksState>
      <x>-171.24217617915835</x>
      <y>393.7522928260493</y>
      <steeringAngle>0.0</steeringAngle>
      <velocity>8.0</velocity>
      <orientation>1.1614165</orientation>
      <time>10</time>
    </ksState>
    <ksState>
      <x>-170.9237437970742</x>
      <y>394.48618710865424</y>
      <steeringAngle>0.0</steeringAngle>
      <velocity>8.0</velocity>
      <orientation>1.1614165</orientation>
      <time>11</time>
    </ksState>
    <ksState>
      <x>-170.60531141499</x>
      <y>395.22008139125916</y>
      <steeringAngle>0.0</steeringAngle>
      <velocity>8.0</velocity>
      <orientation>1.1614165</orientation>
      <time>12</time>
    </ksState>
    <ksState>
      <x>-170.28687903290586</x>
      <y>395.9539756738641</y>
      <steeringAngle>0.0</steeringAngle>
      <velocity>8.0</velocity>
      <orientation>1.1614165</orientation>
      <time>13</time>
    </ksState>
    <ksState>
      <x>-169.96844665082168</x>
      <y>396.68786995646906</y>
      <steeringAngle>0.0</steeringAngle>
      <velocity>8.0</velocity>
      <orientation>1.1614165</orientation>
      <time>14</time>
    </ksState>
    <ksState>
      <x>-169.65001426873752</x>
      <y>397.421764239074</y>
      <steeringAngle>0.0</steeringAngle>
      <velocity>8.0</velocity>
      <orientation>1.1614165</orientation>
      <time>15</time>
    </ksState>
    <ksState>
      <x>-169.340134591875</x>
      <y>398.1593432253789</y>
      <steeringAngle>0.03553333333333333</steeringAngle>
      <velocity>8.0</velocity>
      <orientation>1.166929035002839</orientation>
      <time>16</time>
    </ksState>
    <ksState>
      <x>-169.0529041670181</x>
      <y>398.90633971605075</y>
      <steeringAngle>0.07106666666666667</steeringAngle>
      <velocity>8.0</velocity>
      <orientation>1.1834805558831085</orientation>
      <time>17</time>
    </ksState>
    <ksState>
      <x>-168.79692486932376</x>
      <y>399.6652342817018</y>
      <steeringAngle>0.10659999999999997</steeringAngle>
      <velocity>8.0</velocity>
      <orientation>1.2111130351738033</orientation>
      <time>18</time>
    </ksState>
    <ksState>
      <x>-168.58123990557644</x>
      <y>400.4374787963259</y>
      <steeringAngle>0.1421333333333333</steeringAngle>
      <velocity>8.0</velocity>
      <orientation>1.2498968874465384</orientation>
      <time>19</time>
    </ksState>
    <ksState>
      <x>-168.41536118014304</x>
      <y>401.2231693240046</y>
      <steeringAngle>0.17766666666666667</steeringAngle>
      <velocity>8.0</velocity>
      <orientation>1.2999316996956929</orientation>
      <time>20</time>
    </ksState>
    <ksState>
      <x>-168.29979092620027</x>
      <y>402.01862922818054</y>
      <steeringAngle>0.17766666666666667</steeringAngle>
      <velocity>8.0</velocity>
      <orientation>1.3556326760062047</orientation>
      <time>21</time>
    </ksState>
    <ksState>
      <x>-168.22868488577254</x>
      <y>402.8192895387832</y>
      <steeringAngle>0.17766666666666667</steeringAngle>
      <velocity>8.0</velocity>
      <orientation>1.4113336523167164</orientation>
      <time>22</time>
    </ksState>
    <ksState>
      <x>-168.20226362420408</x>
      <y>403.6226667367004</y>
      <steeringAngle>0.17766666666666667</steeringAngle>
      <velocity>8.0</velocity>
      <orientation>1.467034628627228</orientation>
      <time>23</time>
    </ksState>
    <ksState>
      <x>-168.22060909486106</x>
      <y>404.42626890933445</y>
      <steeringAngle>0.17766666666666667</steeringAngle>
      <velocity>8.0</velocity>
      <orientation>1.5227356049377399</orientation>
      <time>24</time>
    </ksState>
    <ksState>
      <x>-168.28366439431178</x>
      <y>405.2276034468808</y>
      <steeringAngle>0.17766666666666667</steeringAngle>
      <velocity>8.0</velocity>
      <orientation>1.5784365812482517</orientation>
      <time>25</time>
    </ksState>
    <ksState>
      <x>-168.3912339482866</x>
      <y>406.0241847257254</y>
      <steeringAngle>0.17766666666666667</steeringAngle>
      <velocity>8.0</velocity>
      <orientation>1.6341375575587636</orientation>
      <time>26</time>
    </ksState>
    <ksState>
      <x>-168.5429840882887</x>
      <y>406.81354199399436</y>
      <steeringAngle>0.17766666666666667</steeringAngle>
      <velocity>8.0</velocity>
      <orientation>1.6898385338692752</orientation>
      <time>27</time>
    </ksState>
    <ksState>
      <x>-168.7384441155178</x>
      <y>407.5932267911731</y>
      <steeringAngle>0.17766666666666667</steeringAngle>
      <velocity>8.0</velocity>
      <orientation>1.7455395101797868</orientation>
      <time>28</time>
    </ksState>
    <ksState>
      <x>-168.97700775273077</x>
      <y>408.3608206936734</y>
      <steeringAngle>0.17766666666666667</steeringAngle>
      <velocity>8.0</velocity>
      <orientation>1.8012404864902987</orientation>
      <time>29</time>
    </ksState>
    <ksState>
      <x>-169.25793502470432</x>
      <y>409.11394278186015</y>
      <steeringAngle>0.17766666666666667</steeringAngle>
      <velocity>8.0</velocity>
      <orientation>1.8569414628008105</orientation>
      <time>30</time>
    </ksState>
    <ksState>
      <x>-169.5716789223975</x>
      <y>409.8109027857402</y>
      <steeringAngle>0.21320000000000014</steeringAngle>
      <velocity>7.200000000000003</velocity>
      <orientation>1.9151907898723033</orientation>
      <time>31</time>
    </ksState>
    <ksState>
      <x>-169.902351247057</x>
      <y>410.41137509916996</y>
      <steeringAngle>0.24873333333333347</steeringAngle>
      <velocity>6.400000000000004</velocity>
      <orientation>1.9771078773580828</orientation>
      <time>32</time>
    </ksState>
    <ksState>
      <x>-170.23809599647277</x>
      <y>410.91656204432854</y>
      <steeringAngle>0.2842666666666668</steeringAngle>
      <velocity>5.600000000000001</velocity>
      <orientation>2.040530020122004</orientation>
      <time>33</time>
    </ksState>
    <ksState>
      <x>-170.56581962272466</x>
      <y>411.3298538190266</y>
      <steeringAngle>0.3198</steeringAngle>
      <velocity>4.800000000000002</velocity>
      <orientation>2.1032591198639565</orientation>
      <time>34</time>
    </ksState>
    <ksState>
      <x>-170.87212751037495</x>
      <y>411.6568235099499</y>
      <steeringAngle>0.3553333333333332</steeringAngle>
      <velocity>4.000000000000001</velocity>
      <orientation>2.1630489539121713</orientation>
      <time>35</time>
    </ksState>
    <ksState>
      <x>-171.19783093057686</x>
      <y>411.9646152823832</y>
      <steeringAngle>0.31979999999999975</steeringAngle>
      <velocity>4.800000000000001</velocity>
      <orientation>2.22283878894392</orientation>
      <time>36</time>
    </ksState>
    <ksState>
      <x>-171.59558100243075</x>
      <y>412.31121183117136</y>
      <steeringAngle>0.28426666666666645</steeringAngle>
      <velocity>5.600000000000004</velocity>
      <orientation>2.2855678890752436</orientation>
      <time>37</time>
    </ksState>
    <ksState>
      <x>-172.06950131395894</x>
      <y>412.69002317239915</y>
      <steeringAngle>0.2487333333333331</steeringAngle>
      <velocity>6.400000000000004</velocity>
      <orientation>2.3489900257679195</orientation>
      <time>38</time>
    </ksState>
    <ksState>
      <x>-172.62270914724283</x>
      <y>413.09507811708363</y>
      <steeringAngle>0.21319999999999992</steeringAngle>
      <velocity>7.200000000000004</velocity>
      <orientation>2.410907114445718</orientation>
      <time>39</time>
    </ksState>
    <ksState>
      <x>-173.25706563317718</x>
      <y>413.52170278526705</y>
      <steeringAngle>0.17766666666666656</steeringAngle>
      <velocity>8.000000000000004</velocity>
      <orientation>2.4691564440466838</orientation>
      <time>40</time>
    </ksState>
    <ksState>
      <x>-173.9440725830419</x>
      <y>413.93899691844604</y>
      <steeringAngle>0.17766666666666667</steeringAngle>
      <velocity>8.0</velocity>
      <orientation>2.5248574203571956</orientation>
      <time>41</time>
    </ksState>
    <ksState>
      <x>-174.65324575773482</x>
      <y>414.31739672058086</y>
      <steeringAngle>0.17766666666666667</steeringAngle>
      <velocity>8.0</velocity>
      <orientation>2.5805583966677075</orientation>
      <time>42</time>
    </ksState>
    <ksState>
      <x>-175.38238541877732</x>
      <y>414.6557284511219</y>
      <steeringAngle>0.17766666666666667</steeringAngle>
      <velocity>8.0</velocity>
      <orientation>2.636259372978219</orientation>
      <time>43</time>
    </ksState>
    <ksState>
      <x>-176.12922992330112</x>
      <y>414.9529426738948</y>
      <steeringAngle>0.17766666666666667</steeringAngle>
      <velocity>8.0</velocity>
      <orientation>2.6919603492887307</orientation>
      <time>44</time>
    </ksState>
    <ksState>
      <x>-176.89146271237942</x>
      <y>415.20811749065234</y>
      <steeringAngle>0.17766666666666667</steeringAngle>
      <velocity>8.0</velocity>
      <orientation>2.7476613255992426</orientation>
      <time>45</time>
    </ksState>
    <ksState>
      <x>-177.62468606990868</x>
      <y>415.41920254434336</y>
      <steeringAngle>0.1421333333333334</steeringAngle>
      <velocity>7.2</velocity>
      <orientation>2.7952886473448797</orientation>
      <time>46</time>
    </ksState>
    <ksState>
      <x>-178.28341996384071</x>
      <y>415.5943886001137</y>
      <steeringAngle>0.10660000000000011</steeringAngle>
      <velocity>6.4</velocity>
      <orientation>2.8283482177928474</orientation>
      <time>47</time>
    </ksState>
    <ksState>
      <x>-178.8650626831341</x>
      <y>415.74465653993445</y>
      <steeringAngle>0.07106666666666674</steeringAngle>
      <velocity>5.600000000000001</velocity>
      <orientation>2.849165166086736</orientation>
      <time>48</time>
    </ksState>
    <ksState>
      <x>-179.36824845570374</x>
      <y>415.8767523639714</y>
      <steeringAngle>0.03553333333333339</steeringAngle>
      <velocity>4.800000000000001</velocity>
      <orientation>2.8600157757443987</orientation>
      <time>49</time>
    </ksState>
    <ksState>
      <x>-179.79240040363857</x>
      <y>415.9938705932653</y>
      <steeringAngle>5.5294310796760726e-17</steeringAngle>
      <velocity>4.0</velocity>
      <orientation>2.8631395515815643</orientation>
      <time>50</time>
    </ksState>
    <ksState>
      <x>-180.17580873061934</x>
      <y>416.1079401669735</y>
      <steeringAngle>-0.035533333333333326</steeringAngle>
      <velocity>4.0</velocity>
      <orientation>2.860383277048964</orientation>
      <time>51</time>
    </ksState>
    <ksState>
      <x>-180.55637074641777</x>
      <y>416.23165725866755</y>
      <steeringAngle>-0.07106666666666711</steeringAngle>
      <velocity>4.0</velocity>
      <orientation>2.8521075165056784</orientation>
      <time>52</time>
    </ksState>
    <ksState>
      <x>-180.9332390794929</x>
      <y>416.36710762452407</y>
      <steeringAngle>-0.10660000000000043</steeringAngle>
      <velocity>4.0</velocity>
      <orientation>2.8382912766865416</orientation>
      <time>53</time>
    </ksState>
    <ksState>
      <x>-181.30536157281696</x>
      <y>416.51634124497014</y>
      <steeringAngle>-0.14213333333333378</steeringAngle>
      <velocity>4.0</velocity>
      <orientation>2.818899350300996</orientation>
      <time>54</time>
    </ksState>
    <ksState>
      <x>-181.67144295980003</x>
      <y>416.68135464012505</y>
      <steeringAngle>-0.1776666666666672</steeringAngle>
      <velocity>4.0</velocity>
      <orientation>2.7938819438495983</orientation>
      <time>55</time>
    </ksState>
    <ksState>
      <x>-181.9943641185323</x>
      <y>416.8451744498178</y>
      <steeringAngle>-0.21319999999999997</steeringAngle>
      <velocity>3.2</velocity>
      <orientation>2.7663403982861636</orientation>
      <time>56</time>
    </ksState>
    <ksState>
      <x>-182.23989164168933</x>
      <y>416.9845119352094</y>
      <steeringAngle>-0.24873333333333342</steeringAngle>
      <velocity>2.4000000000000004</velocity>
      <orientation>2.740902167899514</orientation>
      <time>57</time>
    </ksState>
    <ksState>
      <x>-182.411248661095</x>
      <y>417.0918960173355</y>
      <steeringAngle>-0.2842666666666668</steeringAngle>
      <velocity>1.600000000000001</velocity>
      <orientation>2.7198272681089346</orientation>
      <time>58</time>
    </ksState>
    <ksState>
      <x>-182.51186251577988</x>
      <y>417.16041974773066</y>
      <steeringAngle>-0.3197999999999999</steeringAngle>
      <velocity>0.8000000000000007</velocity>
      <orientation>2.70542884080823</orientation>
      <time>59</time>
    </ksState>
    <ksState>
      <x>-182.5448440912953</x>
      <y>417.1842931952924</y>
      <steeringAngle>-0.3553333333333332</steeringAngle>
      <velocity>5.551115123125783e-16</velocity>
      <orientation>2.7000871991725006</orientation>
      <time>60</time>
    </ksState>
    <ksState>
      <x>-182.5448440912953</x>
      <y>417.1842931952924</y>
      <steeringAngle>-0.3198</steeringAngle>
      <velocity>0.0</velocity>
      <orientation>2.7000871991725006</orientation>
      <time>61</time>
    </ksState>
    <ksState>
      <x>-182.5448440912953</x>
      <y>417.1842931952924</y>
      <steeringAngle>-0.2842666666666666</steeringAngle>
      <velocity>0.0</velocity>
      <orientation>2.7000871991725006</orientation>
      <time>62</time>
    </ksState>
    <ksState>
      <x>-182.5448440912953</x>
      <y>417.1842931952924</y>
      <steeringAngle>-0.24873333333333333</steeringAngle>
      <velocity>0.0</velocity>
      <orientation>2.7000871991725006</orientation>
      <time>63</time>
    </ksState>
    <ksState>
      <x>-182.5448440912953</x>
      <y>417.1842931952924</y>
      <steeringAngle>-0.21320000000000003</steeringAngle>
      <velocity>0.0</velocity>
      <orientation>2.7000871991725006</orientation>
      <time>64</time>
    </ksState>
    <ksState>
      <x>-182.5448440912953</x>
      <y>417.1842931952924</y>
      <steeringAngle>-0.1776666666666667</steeringAngle>
      <velocity>0.0</velocity>
      <orientation>2.7000871991725006</orientation>
      <time>65</time>
    </ksState>
    <ksState>
      <x>-182.5448440912953</x>
      <y>417.1842931952924</y>
      <steeringAngle>-0.14213333333333336</steeringAngle>
      <velocity>0.0</velocity>
      <orientation>2.7000871991725006</orientation>
      <time>66</time>
    </ksState>
    <ksState>
      <x>-182.5448440912953</x>
      <y>417.1842931952924</y>
      <steeringAngle>-0.10660000000000001</steeringAngle>
      <velocity>0.0</velocity>
      <orientation>2.7000871991725006</orientation>
      <time>67</time>
    </ksState>
    <ksState>
      <x>-182.5448440912953</x>
      <y>417.1842931952924</y>
      <steeringAngle>-0.07106666666666668</steeringAngle>
      <velocity>0.0</velocity>
      <orientation>2.7000871991725006</orientation>
      <time>68</time>
    </ksState>
    <ksState>
      <x>-182.5448440912953</x>
      <y>417.1842931952924</y>
      <steeringAngle>-0.03553333333333333</steeringAngle>
      <velocity>0.0</velocity>
      <orientation>2.7000871991725006</orientation>
      <time>69</time>
    </ksState>
    <ksState>
      <x>-182.5448440912953</x>
      <y>417.1842931952924</y>
      <steeringAngle>-0.0</steeringAngle>
      <velocity>0.0</velocity>
      <orientation>2.7000871991725006</orientation>
      <time>70</time>
    </ksState>
    <ksState>
      <x>-182.5448440912953</x>
      <y>417.1842931952924</y>
      <steeringAngle>0.0</steeringAngle>
      <velocity>0.0</velocity>
      <orientation>2.7000871991725006</orientation>
      <time>71</time>
    </ksState>
    <ksState>
      <x>-182.5448440912953</x>
      <y>417.1842931952924</y>
      <steeringAngle>0.0</steeringAngle>
      <velocity>0.0</velocity>
      <orientation>2.7000871991725006</orientation>
      <time>72</time>
    </ksState>
    <ksState>
      <x>-182.5448440912953</x>
      <y>417.1842931952924</y>
      <steeringAngle>0.0</steeringAngle>
      <velocity>0.0</velocity>
      <orientation>2.7000871991725006</orientation>
      <time>73</time>
    </ksState>
    <ksState>
      <x>-182.5448440912953</x>
      <y>417.1842931952924</y>
      <steeringAngle>0.0</steeringAngle>
      <velocity>0.0</velocity>
      <orientation>2.7000871991725006</orientation>
      <time>74</time>
    </ksState>
    <ksState>
      <x>-182.5448440912953</x>
      <y>417.1842931952924</y>
      <steeringAngle>0.0</steeringAngle>
      <velocity>0.0</velocity>
      <orientation>2.7000871991725006</orientation>
      <time>75</time>
    </ksState>
    <ksState>
      <x>-182.5448440912953</x>
      <y>417.1842931952924</y>
      <steeringAngle>0.0</steeringAngle>
      <velocity>0.0</velocity>
      <orientation>2.7000871991725006</orientation>
      <time>76</time>
    </ksState>
    <ksState>
      <x>-182.5448440912953</x>
      <y>417.1842931952924</y>
      <steeringAngle>0.0</steeringAngle>
      <velocity>0.0</velocity>
      <orientation>2.7000871991725006</orientation>
      <time>77</time>
    </ksState>
    <ksState>
      <x>-182.5448440912953</x>
      <y>417.1842931952924</y>
      <steeringAngle>0.0</steeringAngle>
      <velocity>0.0</velocity>
      <orientation>2.7000871991725006</orientation>
      <time>78</time>
    </ksState>
    <ksState>
      <x>-182.5448440912953</x>
      <y>417.1842931952924</y>
      <steeringAngle>0.0</steeringAngle>
      <velocity>0.0</velocity>
      <orientation>2.7000871991725006</orientation>
      <time>79</time>
    </ksState>
    <ksState>
      <x>-182.5448440912953</x>
      <y>417.1842931952924</y>
      <steeringAngle>0.0</steeringAngle>
      <velocity>0.0</velocity>
      <orientation>2.7000871991725006</orientation>
      <time>80</time>
    </ksState>
    <ksState>
      <x>-182.5448440912953</x>
      <y>417.1842931952924</y>
      <steeringAngle>0.0</steeringAngle>
      <velocity>0.0</velocity>
      <orientation>2.7000871991725006</orientation>
      <time>81</time>
    </ksState>
    <ksState>
      <x>-182.5448440912953</x>
      <y>417.1842931952924</y>
      <steeringAngle>0.0</steeringAngle>
      <velocity>0.0</velocity>
      <orientation>2.7000871991725006</orientation>
      <time>82</time>
    </ksState>
    <ksState>
      <x>-182.5448440912953</x>
      <y>417.1842931952924</y>
      <steeringAngle>0.0</steeringAngle>
      <velocity>0.0</velocity>
      <orientation>2.7000871991725006</orientation>
      <time>83</time>
    </ksState>
    <ksState>
      <x>-182.5448440912953</x>
      <y>417.1842931952924</y>
      <steeringAngle>0.0</steeringAngle>
      <velocity>0.0</velocity>
      <orientation>2.7000871991725006</orientation>
      <time>84</time>
    </ksState>
    <ksState>
      <x>-182.5448440912953</x>
      <y>417.1842931952924</y>
      <steeringAngle>0.0</steeringAngle>
      <velocity>0.0</velocity>
      <orientation>2.7000871991725006</orientation>
      <time>85</time>
    </ksState>
    <ksState>
      <x>-182.5448440912953</x>
      <y>417.1842931952924</y>
      <steeringAngle>0.0</steeringAngle>
      <velocity>0.0</velocity>
      <orientation>2.7000871991725006</orientation>
      <time>86</time>
    </ksState>
    <ksState>
      <x>-182.5448440912953</x>
      <y>417.1842931952924</y>
      <steeringAngle>0.0</steeringAngle>
      <velocity>0.0</velocity>
      <orientation>2.7000871991725006</orientation>
      <time>87</time>
    </ksState>
    <ksState>
      <x>-182.5448440912953</x>
      <y>417.1842931952924</y>
      <steeringAngle>0.0</steeringAngle>
      <velocity>0.0</velocity>
      <orientation>2.7000871991725006</orientation>
      <time>88</time>
    </ksState>
    <ksState>
      <x>-182.5448440912953</x>
      <y>417.1842931952924</y>
      <steeringAngle>0.0</steeringAngle>
      <velocity>0.0</velocity>
      <orientation>2.7000871991725006</orientation>
      <time>89</time>
    </ksState>
    <ksState>
      <x>-182.5448440912953</x>
      <y>417.1842931952924</y>
      <steeringAngle>0.0</steeringAngle>
      <velocity>0.0</velocity>
      <orientation>2.7000871991725006</orientation>
      <time>90</time>
    </ksState>
    <ksState>
      <x>-182.58078243141983</x>
      <y>417.2018632731436</y>
      <steeringAngle>-0.03553333333333333</steeringAngle>
      <velocity>0.8</velocity>
      <orientation>2.6997196673942585</orientation>
      <time>91</time>
    </ksState>
    <ksState>
      <x>-182.68762666899744</x>
      <y>417.25661363236514</y>
      <steeringAngle>-0.0710666666666667</steeringAngle>
      <velocity>1.6</velocity>
      <orientation>2.697144820802273</orientation>
      <time>92</time>
    </ksState>
    <ksState>
      <x>-182.8635998713335</x>
      <y>417.35217279930936</y>
      <steeringAngle>-0.10660000000000003</steeringAngle>
      <velocity>2.4000000000000004</velocity>
      <orientation>2.6901441165654356</orientation>
      <time>93</time>
    </ksState>
    <ksState>
      <x>-183.1061433794766</x>
      <y>417.49340306897113</y>
      <steeringAngle>-0.14213333333333342</steeringAngle>
      <velocity>3.2000000000000015</velocity>
      <orientation>2.6764764756246158</orientation>
      <time>94</time>
    </ksState>
    <ksState>
      <x>-183.41136568818882</x>
      <y>417.686945601496</y>
      <steeringAngle>-0.17766666666666683</steeringAngle>
      <velocity>4.0000000000000036</velocity>
      <orientation>2.6538665597513953</orientation>
      <time>95</time>
    </ksState>
    <ksState>
      <x>-183.7101379948923</x>
      <y>417.89090629900613</y>
      <steeringAngle>-0.17766666666666667</steeringAngle>
      <velocity>3.2000000000000006</velocity>
      <orientation>2.628801120483218</orientation>
      <time>96</time>
    </ksState>
    <ksState>
      <x>-183.93892696315052</x>
      <y>418.05468177297183</y>
      <steeringAngle>-0.17766666666666667</steeringAngle>
      <velocity>2.4000000000000012</velocity>
      <orientation>2.6093057788531877</orientation>
      <time>97</time>
    </ksState>
    <ksState>
      <x>-184.1003713694974</x>
      <y>418.1743795320009</y>
      <steeringAngle>-0.17766666666666667</steeringAngle>
      <velocity>1.6000000000000005</velocity>
      <orientation>2.595380534854207</orientation>
      <time>98</time>
    </ksState>
    <ksState>
      <x>-184.19643243728459</x>
      <y>418.2472732062303</y>
      <steeringAngle>-0.17766666666666667</steeringAngle>
      <velocity>0.8000000000000004</velocity>
      <orientation>2.5870253884834526</orientation>
      <time>99</time>
    </ksState>
  </ksTrajectory>
</CommonRoadSolution>
