<?xml version="1.0" ?>
<CommonRoadSolution benchmark_id="KS2:SM1:ESP_Cambre-1_1_T-1:2020a" computation_time="1.0887501930001235" date="2023-01-12T15:00:04">
  <ksTrajectory planningProblem="1">
    <ksState>
      <x>-270.48033</x>
      <y>69.99066</y>
      <steeringAngle>0.0</steeringAngle>
      <velocity>4.0</velocity>
      <orientation>2.7096854</orientation>
      <time>0</time>
    </ksState>
    <ksState>
      <x>-270.87786254217946</x>
      <y>70.1793011602827</y>
      <steeringAngle>-0.035533333333333326</steeringAngle>
      <velocity>4.799999999999999</velocity>
      <orientation>2.7065616213308092</orientation>
      <time>1</time>
    </ksState>
    <ksState>
      <x>-271.34178075166784</x>
      <y>70.41468578224413</y>
      <steeringAngle>-0.07106666666666667</steeringAngle>
      <velocity>5.599999999999998</velocity>
      <orientation>2.6957110102696364</orientation>
      <time>2</time>
    </ksState>
    <ksState>
      <x>-271.8675208034861</x>
      <y>70.70526587131903</y>
      <steeringAngle>-0.10659999999999999</steeringAngle>
      <velocity>6.3999999999999995</velocity>
      <orientation>2.6748940612693084</orientation>
      <time>3</time>
    </ksState>
    <ksState>
      <x>-272.4480300785181</x>
      <y>71.06237662126671</y>
      <steeringAngle>-0.14213333333333333</steeringAngle>
      <velocity>7.199999999999999</velocity>
      <orientation>2.641834490288143</orientation>
      <time>4</time>
    </ksState>
    <ksState>
      <x>-273.0726217654962</x>
      <y>71.50041116199554</y>
      <steeringAngle>-0.17766666666666664</steeringAngle>
      <velocity>7.9999999999999964</velocity>
      <orientation>2.5942071682065966</orientation>
      <time>5</time>
    </ksState>
    <ksState>
      <x>-273.7060705811223</x>
      <y>71.99415464553948</y>
      <steeringAngle>-0.14213333333333336</steeringAngle>
      <velocity>8.0</velocity>
      <orientation>2.5441723566578482</orientation>
      <time>6</time>
    </ksState>
    <ksState>
      <x>-274.32626355687563</x>
      <y>72.50249211450426</y>
      <steeringAngle>-0.1066000000000001</steeringAngle>
      <velocity>8.0</velocity>
      <orientation>2.505388504650851</orientation>
      <time>7</time>
    </ksState>
    <ksState>
      <x>-274.9388601690613</x>
      <y>73.01852333935933</y>
      <steeringAngle>-0.07106666666666674</steeringAngle>
      <velocity>8.0</velocity>
      <orientation>2.4777560256211637</orientation>
      <time>8</time>
    </ksState>
    <ksState>
      <x>-275.54973851441986</x>
      <y>73.53563274374078</y>
      <steeringAngle>-0.035533333333333354</steeringAngle>
      <velocity>8.0</velocity>
      <orientation>2.4612045049921347</orientation>
      <time>9</time>
    </ksState>
    <ksState>
      <x>-276.1647961195349</x>
      <y>74.04727270277962</y>
      <steeringAngle>-2.0816681711721685e-17</steeringAngle>
      <velocity>8.0</velocity>
      <orientation>2.45569197853373</orientation>
      <time>10</time>
    </ksState>
    <ksState>
      <x>-276.75292128316886</x>
      <y>74.52863409590921</y>
      <steeringAngle>0.0</steeringAngle>
      <velocity>7.200000000000001</velocity>
      <orientation>2.45569197853373</orientation>
      <time>11</time>
    </ksState>
    <ksState>
      <x>-277.2791385345544</x>
      <y>74.95932586847451</y>
      <steeringAngle>0.0</steeringAngle>
      <velocity>6.400000000000001</velocity>
      <orientation>2.45569197853373</orientation>
      <time>12</time>
    </ksState>
    <ksState>
      <x>-277.7434478738464</x>
      <y>75.33934802060227</y>
      <steeringAngle>0.0</steeringAngle>
      <velocity>5.600000000000001</velocity>
      <orientation>2.45569197853373</orientation>
      <time>13</time>
    </ksState>
    <ksState>
      <x>-278.14584930108856</x>
      <y>75.66870055232832</y>
      <steeringAngle>0.0</steeringAngle>
      <velocity>4.800000000000001</velocity>
      <orientation>2.45569197853373</orientation>
      <time>14</time>
    </ksState>
    <ksState>
      <x>-278.48634281629705</x>
      <y>75.94738346366579</y>
      <steeringAngle>0.0</steeringAngle>
      <velocity>4.000000000000001</velocity>
      <orientation>2.45569197853373</orientation>
      <time>15</time>
    </ksState>
    <ksState>
      <x>-278.76259432848974</x>
      <y>76.17824181142936</y>
      <steeringAngle>-0.03553333333333333</steeringAngle>
      <velocity>3.2</velocity>
      <orientation>2.4533032301539373</orientation>
      <time>16</time>
    </ksState>
    <ksState>
      <x>-278.9732269734928</x>
      <y>76.36289825502875</y>
      <steeringAngle>-0.07106666666666668</steeringAngle>
      <velocity>2.4</velocity>
      <orientation>2.4476023151481408</orientation>
      <time>17</time>
    </ksState>
    <ksState>
      <x>-279.1203319381652</x>
      <y>76.49874047027158</y>
      <steeringAngle>-0.10660000000000003</steeringAngle>
      <velocity>1.5999999999999994</velocity>
      <orientation>2.440786781403409</orientation>
      <time>18</time>
    </ksState>
    <ksState>
      <x>-279.2065699817641</x>
      <y>76.58257971306622</y>
      <steeringAngle>-0.14213333333333342</steeringAngle>
      <velocity>0.7999999999999988</velocity>
      <orientation>2.4350625199169293</orientation>
      <time>19</time>
    </ksState>
    <ksState>
      <x>-279.2347376685571</x>
      <y>76.6111856953066</y>
      <steeringAngle>-0.17766666666666675</steeringAngle>
      <velocity>-1.5265566588595902e-15</velocity>
      <orientation>2.4326550254423736</orientation>
      <time>20</time>
    </ksState>
    <ksState>
      <x>-279.26283445064666</x>
      <y>76.63986168385117</y>
      <steeringAngle>-0.14213333333333333</steeringAngle>
      <velocity>0.8</velocity>
      <orientation>2.430247528231571</orientation>
      <time>21</time>
    </ksState>
    <ksState>
      <x>-279.3481626175812</x>
      <y>76.72462994124612</y>
      <steeringAngle>-0.10660000000000001</steeringAngle>
      <velocity>1.6</velocity>
      <orientation>2.4245232416112366</orientation>
      <time>22</time>
    </ksState>
    <ksState>
      <x>-279.4920330116897</x>
      <y>76.86389971160622</y>
      <steeringAngle>-0.07106666666666664</steeringAngle>
      <velocity>2.4000000000000004</velocity>
      <orientation>2.4177077278482577</orientation>
      <time>23</time>
    </ksState>
    <ksState>
      <x>-279.69584121436094</x>
      <y>77.05606955248004</y>
      <steeringAngle>-0.03553333333333332</steeringAngle>
      <velocity>3.1999999999999993</velocity>
      <orientation>2.412006807135328</orientation>
      <time>24</time>
    </ksState>
    <ksState>
      <x>-279.9615490709622</x>
      <y>77.29899305856412</y>
      <steeringAngle>2.6020852139652106e-18</steeringAngle>
      <velocity>3.999999999999999</velocity>
      <orientation>2.4096180555470013</orientation>
      <time>25</time>
    </ksState>
    <ksState>
      <x>-280.2268746338723</x>
      <y>77.54232990408352</y>
      <steeringAngle>-0.03553333333333333</steeringAngle>
      <velocity>3.2</velocity>
      <orientation>2.4072293071672086</orientation>
      <time>26</time>
    </ksState>
    <ksState>
      <x>-280.42877891526456</x>
      <y>77.73649162651925</y>
      <steeringAngle>-0.07106666666666668</steeringAngle>
      <velocity>2.4</velocity>
      <orientation>2.401528392161412</orientation>
      <time>27</time>
    </ksState>
    <ksState>
      <x>-280.569471200243</x>
      <y>77.87896498901516</y>
      <steeringAngle>-0.10660000000000003</steeringAngle>
      <velocity>1.5999999999999994</velocity>
      <orientation>2.3947128584166806</orientation>
      <time>28</time>
    </ksState>
    <ksState>
      <x>-280.6517562904014</x>
      <y>77.96668717967273</y>
      <steeringAngle>-0.14213333333333342</steeringAngle>
      <velocity>0.7999999999999988</velocity>
      <orientation>2.3889885969302007</orientation>
      <time>29</time>
    </ksState>
    <ksState>
      <x>-280.6785765616443</x>
      <y>77.9965601415223</y>
      <steeringAngle>-0.17766666666666675</steeringAngle>
      <velocity>-1.5265566588595902e-15</velocity>
      <orientation>2.386581102455645</orientation>
      <time>30</time>
    </ksState>
    <ksState>
      <x>-280.6785765616443</x>
      <y>77.9965601415223</y>
      <steeringAngle>-0.14213333333333336</steeringAngle>
      <velocity>0.0</velocity>
      <orientation>2.386581102455645</orientation>
      <time>31</time>
    </ksState>
    <ksState>
      <x>-280.6785765616443</x>
      <y>77.9965601415223</y>
      <steeringAngle>-0.10660000000000001</steeringAngle>
      <velocity>0.0</velocity>
      <orientation>2.386581102455645</orientation>
      <time>32</time>
    </ksState>
    <ksState>
      <x>-280.6785765616443</x>
      <y>77.9965601415223</y>
      <steeringAngle>-0.07106666666666668</steeringAngle>
      <velocity>0.0</velocity>
      <orientation>2.386581102455645</orientation>
      <time>33</time>
    </ksState>
  </ksTrajectory>
</CommonRoadSolution>
