<?xml version="1.0" ?>
<CommonRoadSolution benchmark_id="KS2:SM1:ESP_SantBoideLlobregat-24_1_T-1:2020a" computation_time="0.6056922000007035" date="2023-01-12T15:00:04">
  <ksTrajectory planningProblem="1">
    <ksState>
      <x>-994.04692</x>
      <y>-136.98818</y>
      <steeringAngle>0.0</steeringAngle>
      <velocity>8.0</velocity>
      <orientation>0.17011514</orientation>
      <time>0</time>
    </ksState>
    <ksState>
      <x>-993.2964529515043</x>
      <y>-136.86800626069586</y>
      <steeringAngle>-0.03553333333333333</steeringAngle>
      <velocity>7.199999999999999</velocity>
      <orientation>0.16497012701750768</orientation>
      <time>1</time>
    </ksState>
    <ksState>
      <x>-992.6218821644645</x>
      <y>-136.7801374489074</y>
      <steeringAngle>-0.07106666666666664</steeringAngle>
      <velocity>6.400000000000001</velocity>
      <orientation>0.15099345489654456</orientation>
      <time>2</time>
    </ksState>
    <ksState>
      <x>-992.0237628355542</x>
      <y>-136.7246610731239</y>
      <steeringAngle>-0.10659999999999997</steeringAngle>
      <velocity>5.600000000000004</velocity>
      <orientation>0.1303616870306632</orientation>
      <time>3</time>
    </ksState>
    <ksState>
      <x>-991.5032178778625</x>
      <y>-136.69871831571646</y>
      <steeringAngle>-0.1421333333333333</steeringAngle>
      <velocity>4.800000000000003</velocity>
      <orientation>0.10524547952201493</orientation>
      <time>4</time>
    </ksState>
    <ksState>
      <x>-991.0615280816465</x>
      <y>-136.69712785045684</y>
      <steeringAngle>-0.17766666666666653</steeringAngle>
      <velocity>4.000000000000006</velocity>
      <orientation>0.07782058293686513</orientation>
      <time>5</time>
    </ksState>
    <ksState>
      <x>-990.6199315911774</x>
      <y>-136.7081041779681</y>
      <steeringAngle>-0.14213333333333333</steeringAngle>
      <velocity>4.8000000000000025</velocity>
      <orientation>0.050395683218512705</orientation>
      <time>6</time>
    </ksState>
    <ksState>
      <x>-990.0989539170326</x>
      <y>-136.72445530652985</y>
      <steeringAngle>-0.10660000000000003</steeringAngle>
      <velocity>5.600000000000005</velocity>
      <orientation>0.025279470939594824</orientation>
      <time>7</time>
    </ksState>
    <ksState>
      <x>-989.498586447082</x>
      <y>-136.7452432228326</y>
      <steeringAngle>-0.07106666666666671</steeringAngle>
      <velocity>6.400000000000004</velocity>
      <orientation>0.004647701340135327</orientation>
      <time>8</time>
    </ksState>
    <ksState>
      <x>-988.8186418658057</x>
      <y>-136.76725154221828</y>
      <steeringAngle>-0.035533333333333375</steeringAngle>
      <velocity>7.200000000000006</velocity>
      <orientation>-0.009328966752656959</orientation>
      <time>9</time>
    </ksState>
    <ksState>
      <x>-988.0587918755489</x>
      <y>-136.7842788359043</y>
      <steeringAngle>-2.6346112791397758e-17</steeringAngle>
      <velocity>8.000000000000007</velocity>
      <orientation>-0.014473979532225414</orientation>
      <time>10</time>
    </ksState>
    <ksState>
      <x>-987.2986880491247</x>
      <y>-136.78666765035805</y>
      <steeringAngle>0.03553333333333333</steeringAngle>
      <velocity>7.199999999999999</velocity>
      <orientation>-0.00932896654973309</orientation>
      <time>11</time>
    </ksState>
    <ksState>
      <x>-986.6185791589867</x>
      <y>-136.76890626278902</y>
      <steeringAngle>0.07106666666666664</steeringAngle>
      <velocity>6.400000000000001</velocity>
      <orientation>0.00464770557123002</orientation>
      <time>12</time>
    </ksState>
    <ksState>
      <x>-986.0190272711592</x>
      <y>-136.73099396080246</y>
      <steeringAngle>0.10659999999999997</steeringAngle>
      <velocity>5.600000000000004</velocity>
      <orientation>0.025279473437111386</orientation>
      <time>13</time>
    </ksState>
    <ksState>
      <x>-985.50069859509</x>
      <y>-136.67592906118463</y>
      <steeringAngle>0.1421333333333333</steeringAngle>
      <velocity>4.800000000000003</velocity>
      <orientation>0.05039568094575965</orientation>
      <time>14</time>
    </ksState>
    <ksState>
      <x>-985.064055285096</x>
      <y>-136.60902902948953</y>
      <steeringAngle>0.17766666666666653</steeringAngle>
      <velocity>4.000000000000006</velocity>
      <orientation>0.07782057753090946</orientation>
      <time>15</time>
    </ksState>
    <ksState>
      <x>-984.7083684856109</x>
      <y>-136.5447961025056</y>
      <steeringAngle>0.1421333333333333</steeringAngle>
      <velocity>3.1999999999999993</velocity>
      <orientation>0.10043049250435176</orientation>
      <time>16</time>
    </ksState>
    <ksState>
      <x>-984.4320714338921</x>
      <y>-136.49539605190634</y>
      <steeringAngle>0.10659999999999997</steeringAngle>
      <velocity>2.3999999999999977</velocity>
      <orientation>0.11409813337505911</orientation>
      <time>17</time>
    </ksState>
    <ksState>
      <x>-984.2346271698291</x>
      <y>-136.46199374233785</y>
      <steeringAngle>0.07106666666666664</steeringAngle>
      <velocity>1.5999999999999976</velocity>
      <orientation>0.12109883922827824</orientation>
      <time>18</time>
    </ksState>
    <ksState>
      <x>-984.1159739840476</x>
      <y>-136.44369206223658</y>
      <steeringAngle>0.0355333333333333</steeringAngle>
      <velocity>0.7999999999999972</velocity>
      <orientation>0.12367368370224552</orientation>
      <time>19</time>
    </ksState>
    <ksState>
      <x>-984.0763451828171</x>
      <y>-136.43823010898006</y>
      <steeringAngle>-2.5153490401663703e-17</steeringAngle>
      <velocity>-2.914335439641036e-15</velocity>
      <orientation>0.12404119528077673</orientation>
      <time>20</time>
    </ksState>
    <ksState>
      <x>-984.0365871854083</x>
      <y>-136.43380590638066</y>
      <steeringAngle>-0.03553333333333333</steeringAngle>
      <velocity>0.8</velocity>
      <orientation>0.12367366350253475</orientation>
      <time>21</time>
    </ksState>
    <ksState>
      <x>-983.9170395637087</x>
      <y>-136.42277598868347</y>
      <steeringAngle>-0.0710666666666667</steeringAngle>
      <velocity>1.6</velocity>
      <orientation>0.1210988169105491</orientation>
      <time>22</time>
    </ksState>
    <ksState>
      <x>-983.7172581291338</x>
      <y>-136.40915612353518</y>
      <steeringAngle>-0.10660000000000003</steeringAngle>
      <velocity>2.4000000000000004</velocity>
      <orientation>0.1140981126737119</orientation>
      <time>23</time>
    </ksState>
    <ksState>
      <x>-983.4367975525163</x>
      <y>-136.39842265370999</y>
      <steeringAngle>-0.14213333333333342</steeringAngle>
      <velocity>3.2000000000000015</velocity>
      <orientation>0.10043047173289174</orientation>
      <time>24</time>
    </ksState>
    <ksState>
      <x>-983.0753845675113</x>
      <y>-136.39826805258122</y>
      <steeringAngle>-0.17766666666666683</steeringAngle>
      <velocity>4.0000000000000036</velocity>
      <orientation>0.0778205558596716</orientation>
      <time>25</time>
    </ksState>
    <ksState>
      <x>-982.6337880773393</x>
      <y>-136.4092443920497</y>
      <steeringAngle>-0.14213333333333333</steeringAngle>
      <velocity>4.8000000000000025</velocity>
      <orientation>0.050395656141319176</orientation>
      <time>26</time>
    </ksState>
    <ksState>
      <x>-982.1128104036372</x>
      <y>-136.42559553471804</y>
      <steeringAngle>-0.10660000000000003</steeringAngle>
      <velocity>5.600000000000005</velocity>
      <orientation>0.025279443862401295</orientation>
      <time>27</time>
    </ksState>
    <ksState>
      <x>-981.5124429342494</x>
      <y>-136.44638346727706</y>
      <steeringAngle>-0.07106666666666671</steeringAngle>
      <velocity>6.400000000000004</velocity>
      <orientation>0.004647674262941798</orientation>
      <time>28</time>
    </ksState>
    <ksState>
      <x>-980.8324983535691</x>
      <y>-136.4683918050737</y>
      <steeringAngle>-0.035533333333333375</steeringAngle>
      <velocity>7.200000000000006</velocity>
      <orientation>-0.009328993829850488</orientation>
      <time>29</time>
    </ksState>
    <ksState>
      <x>-980.0726483637734</x>
      <y>-136.48541911933432</y>
      <steeringAngle>-2.6346112791397758e-17</steeringAngle>
      <velocity>8.000000000000007</velocity>
      <orientation>-0.014474006609418943</orientation>
      <time>30</time>
    </ksState>
    <ksState>
      <x>-979.3127938264</x>
      <y>-136.50503017166858</y>
      <steeringAngle>-0.03553333333333333</steeringAngle>
      <velocity>7.199999999999999</velocity>
      <orientation>-0.019619019591911268</orientation>
      <time>31</time>
    </ksState>
    <ksState>
      <x>-978.6334839260279</x>
      <y>-136.54246777690713</y>
      <steeringAngle>-0.07106666666666664</steeringAngle>
      <velocity>6.400000000000001</velocity>
      <orientation>-0.03359569171287438</orientation>
      <time>32</time>
    </ksState>
    <ksState>
      <x>-978.0352805075573</x>
      <y>-136.5977163791579</y>
      <steeringAngle>-0.10659999999999997</steeringAngle>
      <velocity>5.600000000000004</velocity>
      <orientation>-0.05422745957875574</orientation>
      <time>33</time>
    </ksState>
  </ksTrajectory>
</CommonRoadSolution>
