<?xml version="1.0" ?>
<CommonRoadSolution benchmark_id="KS2:SM1:DEU_Hennigsdorf-3_2_T-1:2020a" computation_time="1.0092340450000847" date="2023-01-12T15:00:04">
  <ksTrajectory planningProblem="1">
    <ksState>
      <x>-16.179049</x>
      <y>409.50941</y>
      <steeringAngle>0.0</steeringAngle>
      <velocity>12.0</velocity>
      <orientation>-0.47237313</orientation>
      <time>0</time>
    </ksState>
    <ksState>
      <x>-15.139628568291513</x>
      <y>408.9943475417839</y>
      <steeringAngle>0.03553333333333333</steeringAngle>
      <velocity>11.200000000000001</velocity>
      <orientation>-0.4644718562276559</orientation>
      <time>1</time>
    </ksState>
    <ksState>
      <x>-14.155466237615263</x>
      <y>408.5485972446539</y>
      <steeringAngle>0.07106666666666667</steeringAngle>
      <velocity>10.400000000000007</velocity>
      <orientation>-0.442219425429166</orientation>
      <time>2</time>
    </ksState>
    <ksState>
      <x>-13.22474182601126</x>
      <y>408.1798949798209</y>
      <steeringAngle>0.10660000000000001</steeringAngle>
      <velocity>9.60000000000001</velocity>
      <orientation>-0.4077714145444943</orientation>
      <time>3</time>
    </ksState>
    <ksState>
      <x>-12.348898309706394</x>
      <y>407.89172406097686</y>
      <steeringAngle>0.14213333333333344</steeringAngle>
      <velocity>8.800000000000008</velocity>
      <orientation>-0.36326328242364936</orientation>
      <time>4</time>
    </ksState>
    <ksState>
      <x>-11.531854585365435</x>
      <y>407.6835910598062</y>
      <steeringAngle>0.17766666666666675</steeringAngle>
      <velocity>8.000000000000009</velocity>
      <orientation>-0.3108209846086679</orientation>
      <time>5</time>
    </ksState>
    <ksState>
      <x>-10.781342601394913</x>
      <y>407.5426534623271</y>
      <steeringAngle>0.17766666666666667</steeringAngle>
      <velocity>7.2</velocity>
      <orientation>-0.2579050571642906</orientation>
      <time>6</time>
    </ksState>
    <ksState>
      <x>-10.104340777571334</x>
      <y>407.45035699700736</y>
      <steeringAngle>0.17766666666666667</steeringAngle>
      <velocity>6.4</velocity>
      <orientation>-0.21055922737147936</orientation>
      <time>7</time>
    </ksState>
    <ksState>
      <x>-9.503939040426198</x>
      <y>407.39560842212273</y>
      <steeringAngle>0.17766666666666667</steeringAngle>
      <velocity>5.599999999999999</velocity>
      <orientation>-0.1687834952162946</orientation>
      <time>8</time>
    </ksState>
    <ksState>
      <x>-8.982127313312272</x>
      <y>407.36847884856684</y>
      <steeringAngle>0.17766666666666667</steeringAngle>
      <velocity>4.799999999999999</velocity>
      <orientation>-0.13257786069478011</orientation>
      <time>9</time>
    </ksState>
    <ksState>
      <x>-8.540066960321411</x>
      <y>407.3602892936673</y>
      <steeringAngle>0.17766666666666667</steeringAngle>
      <velocity>4.0</velocity>
      <orientation>-0.1019423238054501</orientation>
      <time>10</time>
    </ksState>
    <ksState>
      <x>-8.178330213438587</x>
      <y>407.36366321369667</y>
      <steeringAngle>0.17766666666666667</steeringAngle>
      <velocity>3.2000000000000006</velocity>
      <orientation>-0.07687688453727251</orientation>
      <time>11</time>
    </ksState>
    <ksState>
      <x>-7.897104795427119</x>
      <y>407.37255490271616</y>
      <steeringAngle>0.17766666666666667</steeringAngle>
      <velocity>2.4000000000000012</velocity>
      <orientation>-0.057381542907242726</orientation>
      <time>12</time>
    </ksState>
    <ksState>
      <x>-7.696362110736155</x>
      <y>407.3822618280966</y>
      <steeringAngle>0.17766666666666667</steeringAngle>
      <velocity>1.6000000000000005</velocity>
      <orientation>-0.043456298908261755</orientation>
      <time>13</time>
    </ksState>
    <ksState>
      <x>-7.575988232044773</x>
      <y>407.3894274275743</y>
      <steeringAngle>0.17766666666666667</steeringAngle>
      <velocity>0.8000000000000004</velocity>
      <orientation>-0.035101152537507646</orientation>
      <time>14</time>
    </ksState>
    <ksState>
      <x>-7.535877429033068</x>
      <y>407.39203943805325</y>
      <steeringAngle>0.17766666666666667</steeringAngle>
      <velocity>2.7755575615628914e-16</velocity>
      <orientation>-0.03231610379129228</orientation>
      <time>15</time>
    </ksState>
    <ksState>
      <x>-7.495769315810536</x>
      <y>407.3942199774997</y>
      <steeringAngle>0.14213333333333333</steeringAngle>
      <velocity>0.8</velocity>
      <orientation>-0.029908606580489806</orientation>
      <time>16</time>
    </ksState>
    <ksState>
      <x>-7.375530025949472</x>
      <y>407.3991319172984</y>
      <steeringAngle>0.10660000000000001</steeringAngle>
      <velocity>1.6</velocity>
      <orientation>-0.02418431996015512</orientation>
      <time>17</time>
    </ksState>
    <ksState>
      <x>-7.17526675116123</x>
      <y>407.4047173593513</y>
      <steeringAngle>0.07106666666666664</steeringAngle>
      <velocity>2.4000000000000004</velocity>
      <orientation>-0.01736880619717644</orientation>
      <time>18</time>
    </ksState>
    <ksState>
      <x>-6.895031398813444</x>
      <y>407.4088532581505</y>
      <steeringAngle>0.03553333333333332</steeringAngle>
      <velocity>3.1999999999999993</velocity>
      <orientation>-0.01166788548424668</orientation>
      <time>19</time>
    </ksState>
    <ksState>
      <x>-6.534826153070189</x>
      <y>407.40863182708136</y>
      <steeringAngle>-2.6020852139652106e-18</steeringAngle>
      <velocity>3.999999999999999</velocity>
      <orientation>-0.009279133895919816</orientation>
      <time>20</time>
    </ksState>
    <ksState>
      <x>-6.174826154097858</x>
      <y>407.4052913388884</y>
      <steeringAngle>0.0</steeringAngle>
      <velocity>3.2</velocity>
      <orientation>-0.009279133895919816</orientation>
      <time>21</time>
    </ksState>
    <ksState>
      <x>-5.894826155227418</x>
      <y>407.402693181408</y>
      <steeringAngle>0.0</steeringAngle>
      <velocity>2.4000000000000004</velocity>
      <orientation>-0.009279133895919816</orientation>
      <time>22</time>
    </ksState>
    <ksState>
      <x>-5.694826156356977</x>
      <y>407.4008373546393</y>
      <steeringAngle>0.0</steeringAngle>
      <velocity>1.6</velocity>
      <orientation>-0.009279133895919816</orientation>
      <time>23</time>
    </ksState>
    <ksState>
      <x>-5.574826157445973</x>
      <y>407.39972385858186</y>
      <steeringAngle>0.0</steeringAngle>
      <velocity>0.7999999999999998</velocity>
      <orientation>-0.009279133895919816</orientation>
      <time>24</time>
    </ksState>
    <ksState>
      <x>-5.534826158441435</x>
      <y>407.3993526932353</y>
      <steeringAngle>0.0</steeringAngle>
      <velocity>-3.3306690738754696e-16</velocity>
      <orientation>-0.009279133895919816</orientation>
      <time>25</time>
    </ksState>
    <ksState>
      <x>-5.534826158441435</x>
      <y>407.3993526932353</y>
      <steeringAngle>0.0</steeringAngle>
      <velocity>0.0</velocity>
      <orientation>-0.009279133895919816</orientation>
      <time>26</time>
    </ksState>
    <ksState>
      <x>-5.534826158441435</x>
      <y>407.3993526932353</y>
      <steeringAngle>0.0</steeringAngle>
      <velocity>0.0</velocity>
      <orientation>-0.009279133895919816</orientation>
      <time>27</time>
    </ksState>
    <ksState>
      <x>-5.534826158441435</x>
      <y>407.3993526932353</y>
      <steeringAngle>0.0</steeringAngle>
      <velocity>0.0</velocity>
      <orientation>-0.009279133895919816</orientation>
      <time>28</time>
    </ksState>
    <ksState>
      <x>-5.534826158441435</x>
      <y>407.3993526932353</y>
      <steeringAngle>0.0</steeringAngle>
      <velocity>0.0</velocity>
      <orientation>-0.009279133895919816</orientation>
      <time>29</time>
    </ksState>
    <ksState>
      <x>-5.534826158441435</x>
      <y>407.3993526932353</y>
      <steeringAngle>0.0</steeringAngle>
      <velocity>0.0</velocity>
      <orientation>-0.009279133895919816</orientation>
      <time>30</time>
    </ksState>
    <ksState>
      <x>-5.534826158441435</x>
      <y>407.3993526932353</y>
      <steeringAngle>0.0</steeringAngle>
      <velocity>0.0</velocity>
      <orientation>-0.009279133895919816</orientation>
      <time>31</time>
    </ksState>
    <ksState>
      <x>-5.534826158441435</x>
      <y>407.3993526932353</y>
      <steeringAngle>0.0</steeringAngle>
      <velocity>0.0</velocity>
      <orientation>-0.009279133895919816</orientation>
      <time>32</time>
    </ksState>
    <ksState>
      <x>-5.534826158441435</x>
      <y>407.3993526932353</y>
      <steeringAngle>0.0</steeringAngle>
      <velocity>0.0</velocity>
      <orientation>-0.009279133895919816</orientation>
      <time>33</time>
    </ksState>
  </ksTrajectory>
</CommonRoadSolution>
