<?xml version="1.0" ?>
<CommonRoadSolution benchmark_id="KS2:SM1:DEU_Lohmar-11_1_T-1:2020a" computation_time="2.8145220449996486" date="2023-01-12T15:00:04">
  <ksTrajectory planningProblem="123">
    <ksState>
      <x>138.70643</x>
      <y>-577.00177</y>
      <steeringAngle>0.0</steeringAngle>
      <velocity>0.0</velocity>
      <orientation>1.9174576</orientation>
      <time>0</time>
    </ksState>
    <ksState>
      <x>138.69333697524573</x>
      <y>-576.9639699387646</y>
      <steeringAngle>-0.03553333333333333</steeringAngle>
      <velocity>0.8</velocity>
      <orientation>1.9170900682217582</orientation>
      <time>1</time>
    </ksState>
    <ksState>
      <x>138.65618483319744</x>
      <y>-576.8498077240014</y>
      <steeringAngle>-0.0710666666666667</steeringAngle>
      <velocity>1.6</velocity>
      <orientation>1.9145152216297725</orientation>
      <time>2</time>
    </ksState>
    <ksState>
      <x>138.59879217114838</x>
      <y>-576.6579635042021</y>
      <steeringAngle>-0.10660000000000003</steeringAngle>
      <velocity>2.4000000000000004</velocity>
      <orientation>1.9075145173929353</orientation>
      <time>3</time>
    </ksState>
    <ksState>
      <x>138.52640186609162</x>
      <y>-576.3867938411775</y>
      <steeringAngle>-0.14213333333333342</steeringAngle>
      <velocity>3.2000000000000015</velocity>
      <orientation>1.893846876452115</orientation>
      <time>4</time>
    </ksState>
    <ksState>
      <x>138.4464562256891</x>
      <y>-576.0343338232855</y>
      <steeringAngle>-0.17766666666666683</steeringAngle>
      <velocity>4.0000000000000036</velocity>
      <orientation>1.871236960578895</orientation>
      <time>5</time>
    </ksState>
    <ksState>
      <x>138.37479144073507</x>
      <y>-575.6800696184407</y>
      <steeringAngle>-0.1421333333333333</steeringAngle>
      <velocity>3.1999999999999993</velocity>
      <orientation>1.8486270456054528</orientation>
      <time>6</time>
    </ksState>
    <ksState>
      <x>138.3186613857071</x>
      <y>-575.405060813654</y>
      <steeringAngle>-0.10659999999999997</steeringAngle>
      <velocity>2.3999999999999977</velocity>
      <orientation>1.8349594047347453</orientation>
      <time>7</time>
    </ksState>
    <ksState>
      <x>138.2767852402181</x>
      <y>-575.2092385980222</y>
      <steeringAngle>-0.07106666666666664</steeringAngle>
      <velocity>1.5999999999999976</velocity>
      <orientation>1.8279586988815262</orientation>
      <time>8</time>
    </ksState>
    <ksState>
      <x>138.2499739077958</x>
      <y>-575.0922143165917</y>
      <steeringAngle>-0.0355333333333333</steeringAngle>
      <velocity>0.7999999999999972</velocity>
      <orientation>1.825383854407559</orientation>
      <time>9</time>
    </ksState>
    <ksState>
      <x>138.24041462495836</x>
      <y>-575.0533698197873</y>
      <steeringAngle>2.5153490401663703e-17</steeringAngle>
      <velocity>-2.914335439641036e-15</velocity>
      <orientation>1.8250163428290278</orientation>
      <time>10</time>
    </ksState>
    <ksState>
      <x>138.24041462495836</x>
      <y>-575.0533698197873</y>
      <steeringAngle>0.0</steeringAngle>
      <velocity>0.0</velocity>
      <orientation>1.8250163428290278</orientation>
      <time>11</time>
    </ksState>
    <ksState>
      <x>138.24041462495836</x>
      <y>-575.0533698197873</y>
      <steeringAngle>0.0</steeringAngle>
      <velocity>0.0</velocity>
      <orientation>1.8250163428290278</orientation>
      <time>12</time>
    </ksState>
    <ksState>
      <x>138.24041462495836</x>
      <y>-575.0533698197873</y>
      <steeringAngle>0.0</steeringAngle>
      <velocity>0.0</velocity>
      <orientation>1.8250163428290278</orientation>
      <time>13</time>
    </ksState>
    <ksState>
      <x>138.24041462495836</x>
      <y>-575.0533698197873</y>
      <steeringAngle>0.0</steeringAngle>
      <velocity>0.0</velocity>
      <orientation>1.8250163428290278</orientation>
      <time>14</time>
    </ksState>
    <ksState>
      <x>138.24041462495836</x>
      <y>-575.0533698197873</y>
      <steeringAngle>0.0</steeringAngle>
      <velocity>0.0</velocity>
      <orientation>1.8250163428290278</orientation>
      <time>15</time>
    </ksState>
    <ksState>
      <x>138.2303550019705</x>
      <y>-575.0146554291362</y>
      <steeringAngle>0.0</steeringAngle>
      <velocity>0.8</velocity>
      <orientation>1.8250163428290278</orientation>
      <time>16</time>
    </ksState>
    <ksState>
      <x>138.20017613330504</x>
      <y>-574.8985122583297</y>
      <steeringAngle>0.0</steeringAngle>
      <velocity>1.6</velocity>
      <orientation>1.8250163428290278</orientation>
      <time>17</time>
    </ksState>
    <ksState>
      <x>138.14987801900597</x>
      <y>-574.7049403075373</y>
      <steeringAngle>0.0</steeringAngle>
      <velocity>2.4000000000000004</velocity>
      <orientation>1.8250163428290278</orientation>
      <time>18</time>
    </ksState>
    <ksState>
      <x>138.0794606590866</x>
      <y>-574.4339395768104</y>
      <steeringAngle>0.0</steeringAngle>
      <velocity>3.2000000000000006</velocity>
      <orientation>1.8250163428290278</orientation>
      <time>19</time>
    </ksState>
    <ksState>
      <x>137.98892405355244</x>
      <y>-574.0855100661698</y>
      <steeringAngle>0.0</steeringAngle>
      <velocity>4.000000000000001</velocity>
      <orientation>1.8250163428290278</orientation>
      <time>20</time>
    </ksState>
    <ksState>
      <x>137.89482680764792</x>
      <y>-573.7380101625237</y>
      <steeringAngle>0.03553333333333333</steeringAngle>
      <velocity>3.2</velocity>
      <orientation>1.8274050912088204</orientation>
      <time>21</time>
    </ksState>
    <ksState>
      <x>137.8152382864759</x>
      <y>-573.4694402822291</y>
      <steeringAngle>0.07106666666666668</steeringAngle>
      <velocity>2.4</velocity>
      <orientation>1.833106006214617</orientation>
      <time>22</time>
    </ksState>
    <ksState>
      <x>137.75340611779805</x>
      <y>-573.278994066751</y>
      <steeringAngle>0.10660000000000003</steeringAngle>
      <velocity>1.5999999999999994</velocity>
      <orientation>1.8399215399593485</orientation>
      <time>23</time>
    </ksState>
    <ksState>
      <x>137.71333977861283</x>
      <y>-573.1655890083963</y>
      <steeringAngle>0.14213333333333342</steeringAngle>
      <velocity>0.7999999999999988</velocity>
      <orientation>1.8456458014458281</orientation>
      <time>24</time>
    </ksState>
    <ksState>
      <x>137.6991432993728</x>
      <y>-573.1280366346178</y>
      <steeringAngle>0.17766666666666675</steeringAngle>
      <velocity>-1.5265566588595902e-15</velocity>
      <orientation>1.848053295920384</orientation>
      <time>25</time>
    </ksState>
    <ksState>
      <x>137.6991432993728</x>
      <y>-573.1280366346178</y>
      <steeringAngle>0.14213333333333336</steeringAngle>
      <velocity>0.0</velocity>
      <orientation>1.848053295920384</orientation>
      <time>26</time>
    </ksState>
    <ksState>
      <x>137.6991432993728</x>
      <y>-573.1280366346178</y>
      <steeringAngle>0.10660000000000001</steeringAngle>
      <velocity>0.0</velocity>
      <orientation>1.848053295920384</orientation>
      <time>27</time>
    </ksState>
    <ksState>
      <x>137.6991432993728</x>
      <y>-573.1280366346178</y>
      <steeringAngle>0.07106666666666668</steeringAngle>
      <velocity>0.0</velocity>
      <orientation>1.848053295920384</orientation>
      <time>28</time>
    </ksState>
    <ksState>
      <x>137.6991432993728</x>
      <y>-573.1280366346178</y>
      <steeringAngle>0.03553333333333333</steeringAngle>
      <velocity>0.0</velocity>
      <orientation>1.848053295920384</orientation>
      <time>29</time>
    </ksState>
    <ksState>
      <x>137.6991432993728</x>
      <y>-573.1280366346178</y>
      <steeringAngle>0.0</steeringAngle>
      <velocity>0.0</velocity>
      <orientation>1.848053295920384</orientation>
      <time>30</time>
    </ksState>
    <ksState>
      <x>137.6991432993728</x>
      <y>-573.1280366346178</y>
      <steeringAngle>0.0</steeringAngle>
      <velocity>0.0</velocity>
      <orientation>1.848053295920384</orientation>
      <time>31</time>
    </ksState>
    <ksState>
      <x>137.6991432993728</x>
      <y>-573.1280366346178</y>
      <steeringAngle>0.0</steeringAngle>
      <velocity>0.0</velocity>
      <orientation>1.848053295920384</orientation>
      <time>32</time>
    </ksState>
    <ksState>
      <x>137.6991432993728</x>
      <y>-573.1280366346178</y>
      <steeringAngle>0.0</steeringAngle>
      <velocity>0.0</velocity>
      <orientation>1.848053295920384</orientation>
      <time>33</time>
    </ksState>
    <ksState>
      <x>137.6991432993728</x>
      <y>-573.1280366346178</y>
      <steeringAngle>0.0</steeringAngle>
      <velocity>0.0</velocity>
      <orientation>1.848053295920384</orientation>
      <time>34</time>
    </ksState>
    <ksState>
      <x>137.6991432993728</x>
      <y>-573.1280366346178</y>
      <steeringAngle>0.0</steeringAngle>
      <velocity>0.0</velocity>
      <orientation>1.848053295920384</orientation>
      <time>35</time>
    </ksState>
    <ksState>
      <x>137.6991432993728</x>
      <y>-573.1280366346178</y>
      <steeringAngle>0.0</steeringAngle>
      <velocity>0.0</velocity>
      <orientation>1.848053295920384</orientation>
      <time>36</time>
    </ksState>
    <ksState>
      <x>137.6991432993728</x>
      <y>-573.1280366346178</y>
      <steeringAngle>0.0</steeringAngle>
      <velocity>0.0</velocity>
      <orientation>1.848053295920384</orientation>
      <time>37</time>
    </ksState>
    <ksState>
      <x>137.6991432993728</x>
      <y>-573.1280366346178</y>
      <steeringAngle>0.0</steeringAngle>
      <velocity>0.0</velocity>
      <orientation>1.848053295920384</orientation>
      <time>38</time>
    </ksState>
    <ksState>
      <x>137.6991432993728</x>
      <y>-573.1280366346178</y>
      <steeringAngle>0.0</steeringAngle>
      <velocity>0.0</velocity>
      <orientation>1.848053295920384</orientation>
      <time>39</time>
    </ksState>
    <ksState>
      <x>137.6991432993728</x>
      <y>-573.1280366346178</y>
      <steeringAngle>0.0</steeringAngle>
      <velocity>0.0</velocity>
      <orientation>1.848053295920384</orientation>
      <time>40</time>
    </ksState>
    <ksState>
      <x>137.6881945628758</x>
      <y>-573.089564238965</y>
      <steeringAngle>0.0</steeringAngle>
      <velocity>0.8</velocity>
      <orientation>1.848053295920384</orientation>
      <time>41</time>
    </ksState>
    <ksState>
      <x>137.65534835370917</x>
      <y>-572.9741470531463</y>
      <steeringAngle>0.0</steeringAngle>
      <velocity>1.6</velocity>
      <orientation>1.848053295920384</orientation>
      <time>42</time>
    </ksState>
    <ksState>
      <x>137.60060467192088</x>
      <y>-572.7817850773303</y>
      <steeringAngle>0.0</steeringAngle>
      <velocity>2.4000000000000004</velocity>
      <orientation>1.848053295920384</orientation>
      <time>43</time>
    </ksState>
    <ksState>
      <x>137.52396351752537</x>
      <y>-572.5124783115677</y>
      <steeringAngle>0.0</steeringAngle>
      <velocity>3.2000000000000006</velocity>
      <orientation>1.848053295920384</orientation>
      <time>44</time>
    </ksState>
    <ksState>
      <x>137.42542489052863</x>
      <y>-572.1662267558796</y>
      <steeringAngle>0.0</steeringAngle>
      <velocity>4.000000000000001</velocity>
      <orientation>1.848053295920384</orientation>
      <time>45</time>
    </ksState>
    <ksState>
      <x>137.3159375275482</x>
      <y>-571.7815028063424</y>
      <steeringAngle>0.0</steeringAngle>
      <velocity>4.0</velocity>
      <orientation>1.848053295920384</orientation>
      <time>46</time>
    </ksState>
    <ksState>
      <x>137.2064501645677</x>
      <y>-571.396778856805</y>
      <steeringAngle>0.0</steeringAngle>
      <velocity>4.0</velocity>
      <orientation>1.848053295920384</orientation>
      <time>47</time>
    </ksState>
    <ksState>
      <x>137.09696280158727</x>
      <y>-571.0120549072677</y>
      <steeringAngle>0.0</steeringAngle>
      <velocity>4.0</velocity>
      <orientation>1.848053295920384</orientation>
      <time>48</time>
    </ksState>
    <ksState>
      <x>136.98747543860682</x>
      <y>-570.6273309577304</y>
      <steeringAngle>0.0</steeringAngle>
      <velocity>4.0</velocity>
      <orientation>1.848053295920384</orientation>
      <time>49</time>
    </ksState>
    <ksState>
      <x>136.87798807562638</x>
      <y>-570.2426070081931</y>
      <steeringAngle>0.0</steeringAngle>
      <velocity>4.0</velocity>
      <orientation>1.848053295920384</orientation>
      <time>50</time>
    </ksState>
    <ksState>
      <x>136.76850071264593</x>
      <y>-569.8578830586558</y>
      <steeringAngle>0.0</steeringAngle>
      <velocity>4.0</velocity>
      <orientation>1.848053295920384</orientation>
      <time>51</time>
    </ksState>
    <ksState>
      <x>136.65901334966546</x>
      <y>-569.4731591091185</y>
      <steeringAngle>0.0</steeringAngle>
      <velocity>4.0</velocity>
      <orientation>1.848053295920384</orientation>
      <time>52</time>
    </ksState>
    <ksState>
      <x>136.549525986685</x>
      <y>-569.0884351595812</y>
      <steeringAngle>0.0</steeringAngle>
      <velocity>4.0</velocity>
      <orientation>1.848053295920384</orientation>
      <time>53</time>
    </ksState>
    <ksState>
      <x>136.44003862370457</x>
      <y>-568.7037112100438</y>
      <steeringAngle>0.0</steeringAngle>
      <velocity>4.0</velocity>
      <orientation>1.848053295920384</orientation>
      <time>54</time>
    </ksState>
    <ksState>
      <x>136.33055126072412</x>
      <y>-568.3189872605066</y>
      <steeringAngle>0.0</steeringAngle>
      <velocity>4.0</velocity>
      <orientation>1.848053295920384</orientation>
      <time>55</time>
    </ksState>
    <ksState>
      <x>136.21011516116434</x>
      <y>-567.8957909150271</y>
      <steeringAngle>0.0</steeringAngle>
      <velocity>4.8</velocity>
      <orientation>1.848053295920384</orientation>
      <time>56</time>
    </ksState>
    <ksState>
      <x>136.06778158899607</x>
      <y>-567.3956497795967</y>
      <steeringAngle>0.0</steeringAngle>
      <velocity>5.6</velocity>
      <orientation>1.848053295920384</orientation>
      <time>57</time>
    </ksState>
    <ksState>
      <x>135.90355054422372</x>
      <y>-566.8185638542307</y>
      <steeringAngle>0.0</steeringAngle>
      <velocity>6.4</velocity>
      <orientation>1.848053295920384</orientation>
      <time>58</time>
    </ksState>
    <ksState>
      <x>135.71742202684985</x>
      <y>-566.1645331389382</y>
      <steeringAngle>0.0</steeringAngle>
      <velocity>7.199999999999999</velocity>
      <orientation>1.848053295920384</orientation>
      <time>59</time>
    </ksState>
    <ksState>
      <x>135.50939603687604</x>
      <y>-565.4335576337246</y>
      <steeringAngle>0.0</steeringAngle>
      <velocity>7.999999999999998</velocity>
      <orientation>1.848053295920384</orientation>
      <time>60</time>
    </ksState>
    <ksState>
      <x>135.29042131091512</x>
      <y>-564.66410973465</y>
      <steeringAngle>0.0</steeringAngle>
      <velocity>8.0</velocity>
      <orientation>1.848053295920384</orientation>
      <time>61</time>
    </ksState>
    <ksState>
      <x>135.07144658495423</x>
      <y>-563.8946618355753</y>
      <steeringAngle>0.0</steeringAngle>
      <velocity>8.0</velocity>
      <orientation>1.848053295920384</orientation>
      <time>62</time>
    </ksState>
    <ksState>
      <x>134.8524718589933</x>
      <y>-563.1252139365007</y>
      <steeringAngle>0.0</steeringAngle>
      <velocity>8.0</velocity>
      <orientation>1.848053295920384</orientation>
      <time>63</time>
    </ksState>
    <ksState>
      <x>134.63349713303242</x>
      <y>-562.3557660374262</y>
      <steeringAngle>0.0</steeringAngle>
      <velocity>8.0</velocity>
      <orientation>1.848053295920384</orientation>
      <time>64</time>
    </ksState>
    <ksState>
      <x>134.4145224070715</x>
      <y>-561.5863181383515</y>
      <steeringAngle>0.0</steeringAngle>
      <velocity>8.0</velocity>
      <orientation>1.848053295920384</orientation>
      <time>65</time>
    </ksState>
    <ksState>
      <x>134.21478510298775</x>
      <y>-560.8530054302565</y>
      <steeringAngle>-0.03553333333333333</steeringAngle>
      <velocity>7.199999999999999</velocity>
      <orientation>1.8429082829378916</orientation>
      <time>66</time>
    </ksState>
    <ksState>
      <x>134.05528359906523</x>
      <y>-560.1916991887474</y>
      <steeringAngle>-0.07106666666666664</steeringAngle>
      <velocity>6.400000000000001</velocity>
      <orientation>1.8289316108169285</orientation>
      <time>67</time>
    </ksState>
    <ksState>
      <x>133.93616427304684</x>
      <y>-559.6029420689985</y>
      <steeringAngle>-0.10659999999999997</steeringAngle>
      <velocity>5.600000000000004</velocity>
      <orientation>1.808299842951047</orientation>
      <time>68</time>
    </ksState>
    <ksState>
      <x>133.85470478123966</x>
      <y>-559.08815625836</y>
      <steeringAngle>-0.1421333333333333</steeringAngle>
      <velocity>4.800000000000003</velocity>
      <orientation>1.7831836354423989</orientation>
      <time>69</time>
    </ksState>
    <ksState>
      <x>133.80589047197827</x>
      <y>-558.6491692780605</y>
      <steeringAngle>-0.17766666666666653</steeringAngle>
      <velocity>4.000000000000006</velocity>
      <orientation>1.755758738857249</orientation>
      <time>70</time>
    </ksState>
    <ksState>
      <x>133.77552192655637</x>
      <y>-558.2890072038693</y>
      <steeringAngle>-0.1421333333333333</steeringAngle>
      <velocity>3.1999999999999993</velocity>
      <orientation>1.7331488238838069</orientation>
      <time>71</time>
    </ksState>
    <ksState>
      <x>133.75145270163782</x>
      <y>-558.0093626112174</y>
      <steeringAngle>-0.10659999999999997</steeringAngle>
      <velocity>2.3999999999999977</velocity>
      <orientation>1.7194811830130994</orientation>
      <time>72</time>
    </ksState>
    <ksState>
      <x>133.73241843587218</x>
      <y>-557.810019569145</y>
      <steeringAngle>-0.07106666666666664</steeringAngle>
      <velocity>1.5999999999999976</velocity>
      <orientation>1.7124804771598803</orientation>
      <time>73</time>
    </ksState>
    <ksState>
      <x>133.71926941350375</x>
      <y>-557.6906854449333</y>
      <steeringAngle>-0.0355333333333333</steeringAngle>
      <velocity>0.7999999999999972</velocity>
      <orientation>1.709905632685913</orientation>
      <time>74</time>
    </ksState>
    <ksState>
      <x>133.71424952787862</x>
      <y>-557.650998223203</y>
      <steeringAngle>2.5153490401663703e-17</steeringAngle>
      <velocity>-2.914335439641036e-15</velocity>
      <orientation>1.709538121107382</orientation>
      <time>75</time>
    </ksState>
    <ksState>
      <x>133.70871764341328</x>
      <y>-557.6113825910307</y>
      <steeringAngle>0.0</steeringAngle>
      <velocity>0.8</velocity>
      <orientation>1.709538121107382</orientation>
      <time>76</time>
    </ksState>
    <ksState>
      <x>133.69212199018114</x>
      <y>-557.4925356956876</y>
      <steeringAngle>0.0</steeringAngle>
      <velocity>1.6</velocity>
      <orientation>1.709538121107382</orientation>
      <time>77</time>
    </ksState>
    <ksState>
      <x>133.6644625682064</x>
      <y>-557.294457537347</y>
      <steeringAngle>0.0</steeringAngle>
      <velocity>2.4000000000000004</velocity>
      <orientation>1.709538121107382</orientation>
      <time>78</time>
    </ksState>
    <ksState>
      <x>133.62573937749642</x>
      <y>-557.0171481160612</y>
      <steeringAngle>0.0</steeringAngle>
      <velocity>3.2000000000000006</velocity>
      <orientation>1.709538121107382</orientation>
      <time>79</time>
    </ksState>
    <ksState>
      <x>133.5759524180542</x>
      <y>-556.6606074318521</y>
      <steeringAngle>0.0</steeringAngle>
      <velocity>4.000000000000001</velocity>
      <orientation>1.709538121107382</orientation>
      <time>80</time>
    </ksState>
    <ksState>
      <x>133.51510168989898</x>
      <y>-556.2248354848576</y>
      <steeringAngle>0.0</steeringAngle>
      <velocity>4.8</velocity>
      <orientation>1.709538121107382</orientation>
      <time>81</time>
    </ksState>
    <ksState>
      <x>133.4431871930079</x>
      <y>-555.7098322749135</y>
      <steeringAngle>0.0</steeringAngle>
      <velocity>5.6</velocity>
      <orientation>1.709538121107382</orientation>
      <time>82</time>
    </ksState>
    <ksState>
      <x>133.36020892738313</x>
      <y>-555.1155978020357</y>
      <steeringAngle>0.0</steeringAngle>
      <velocity>6.4</velocity>
      <orientation>1.709538121107382</orientation>
      <time>83</time>
    </ksState>
    <ksState>
      <x>133.26616689302594</x>
      <y>-554.4421320662333</y>
      <steeringAngle>0.0</steeringAngle>
      <velocity>7.199999999999999</velocity>
      <orientation>1.709538121107382</orientation>
      <time>84</time>
    </ksState>
    <ksState>
      <x>133.16106108993716</x>
      <y>-553.6894350675121</y>
      <steeringAngle>0.0</steeringAngle>
      <velocity>7.999999999999998</velocity>
      <orientation>1.709538121107382</orientation>
      <time>85</time>
    </ksState>
    <ksState>
      <x>133.05595528710603</x>
      <y>-552.936738070636</y>
      <steeringAngle>0.0</steeringAngle>
      <velocity>7.200000000000001</velocity>
      <orientation>1.709538121107382</orientation>
      <time>86</time>
    </ksState>
    <ksState>
      <x>132.96191325304525</x>
      <y>-552.2632723369562</y>
      <steeringAngle>0.0</steeringAngle>
      <velocity>6.400000000000001</velocity>
      <orientation>1.709538121107382</orientation>
      <time>87</time>
    </ksState>
    <ksState>
      <x>132.87893498772712</x>
      <y>-551.6690378662745</y>
      <steeringAngle>0.0</steeringAngle>
      <velocity>5.600000000000001</velocity>
      <orientation>1.709538121107382</orientation>
      <time>88</time>
    </ksState>
    <ksState>
      <x>132.80702049114387</x>
      <y>-551.1540346585349</y>
      <steeringAngle>0.0</steeringAngle>
      <velocity>4.800000000000001</velocity>
      <orientation>1.709538121107382</orientation>
      <time>89</time>
    </ksState>
    <ksState>
      <x>132.74616976329258</x>
      <y>-550.7182627137169</y>
      <steeringAngle>0.0</steeringAngle>
      <velocity>4.000000000000001</velocity>
      <orientation>1.709538121107382</orientation>
      <time>90</time>
    </ksState>
    <ksState>
      <x>132.68660404196558</x>
      <y>-550.3227052113396</y>
      <steeringAngle>0.035533333333333326</steeringAngle>
      <velocity>4.0</velocity>
      <orientation>1.7122943956399823</orientation>
      <time>91</time>
    </ksState>
    <ksState>
      <x>132.61708843631027</x>
      <y>-549.9286227996334</y>
      <steeringAngle>0.07106666666666711</steeringAngle>
      <velocity>4.0</velocity>
      <orientation>1.7205701561832678</orientation>
      <time>92</time>
    </ksState>
    <ksState>
      <x>132.53543951063477</x>
      <y>-549.5365641369035</y>
      <steeringAngle>0.10660000000000043</steeringAngle>
      <velocity>4.0</velocity>
      <orientation>1.7343863960024046</orientation>
      <time>93</time>
    </ksState>
    <ksState>
      <x>132.4394807385444</x>
      <y>-549.1472856535936</y>
      <steeringAngle>0.14213333333333378</steeringAngle>
      <velocity>4.0</velocity>
      <orientation>1.7537783223879504</orientation>
      <time>94</time>
    </ksState>
    <ksState>
      <x>132.3270546782811</x>
      <y>-548.7617919656432</y>
      <steeringAngle>0.1776666666666672</steeringAngle>
      <velocity>4.0</velocity>
      <orientation>1.7787957288393477</orientation>
      <time>95</time>
    </ksState>
    <ksState>
      <x>132.21719302424927</x>
      <y>-548.4174529100451</y>
      <steeringAngle>0.1421333333333333</steeringAngle>
      <velocity>3.1999999999999993</velocity>
      <orientation>1.80140564381279</orientation>
      <time>96</time>
    </ksState>
    <ksState>
      <x>132.13234443988583</x>
      <y>-548.1499063841487</y>
      <steeringAngle>0.10659999999999997</steeringAngle>
      <velocity>2.3999999999999977</velocity>
      <orientation>1.8150732846834974</orientation>
      <time>97</time>
    </ksState>
    <ksState>
      <x>132.0735942299892</x>
      <y>-547.9584687584504</y>
      <steeringAngle>0.07106666666666664</steeringAngle>
      <velocity>1.5999999999999976</velocity>
      <orientation>1.8220739905367165</orientation>
      <time>98</time>
    </ksState>
    <ksState>
      <x>132.04004486314568</x>
      <y>-547.8431953010761</y>
      <steeringAngle>0.0355333333333333</steeringAngle>
      <velocity>0.7999999999999972</velocity>
      <orientation>1.8246488350106838</orientation>
      <time>99</time>
    </ksState>
  </ksTrajectory>
</CommonRoadSolution>
