<?xml version="1.0" ?>
<CommonRoadSolution benchmark_id="KS2:SM1:ARG_Carcarana-11_1_T-1:2020a" computation_time="2.4754556120001325" date="2023-01-12T15:00:04">
  <ksTrajectory planningProblem="1">
    <ksState>
      <x>0.04852876400000006</x>
      <y>-323.4029</y>
      <steeringAngle>0.0</steeringAngle>
      <velocity>4.0</velocity>
      <orientation>2.9517475</orientation>
      <time>0</time>
    </ksState>
    <ksState>
      <x>-0.34346965732022827</x>
      <y>-323.32320652142977</y>
      <steeringAngle>-0.035533333333333326</steeringAngle>
      <velocity>4.0</velocity>
      <orientation>2.9489912254674</orientation>
      <time>1</time>
    </ksState>
    <ksState>
      <x>-0.7334866624638872</x>
      <y>-323.23365149731296</y>
      <steeringAngle>-0.07106666666666711</steeringAngle>
      <velocity>4.0</velocity>
      <orientation>2.9407154649241143</orientation>
      <time>2</time>
    </ksState>
    <ksState>
      <x>-1.12086277705664</x>
      <y>-323.13208236849664</y>
      <steeringAngle>-0.10660000000000043</steeringAngle>
      <velocity>4.0</velocity>
      <orientation>2.9268992251049775</orientation>
      <time>3</time>
    </ksState>
    <ksState>
      <x>-1.5047313787654377</x>
      <y>-323.0163640893386</y>
      <steeringAngle>-0.14213333333333378</steeringAngle>
      <velocity>4.0</velocity>
      <orientation>2.9075072987194317</orientation>
      <time>4</time>
    </ksState>
    <ksState>
      <x>-1.8839789586301912</x>
      <y>-322.88439335151116</y>
      <steeringAngle>-0.1776666666666672</steeringAngle>
      <velocity>4.0</velocity>
      <orientation>2.882489892268034</orientation>
      <time>5</time>
    </ksState>
    <ksState>
      <x>-2.2201300100264927</x>
      <y>-322.74979217971116</y>
      <steeringAngle>-0.21319999999999997</steeringAngle>
      <velocity>3.2</velocity>
      <orientation>2.8549483467045995</orientation>
      <time>6</time>
    </ksState>
    <ksState>
      <x>-2.477024559147759</x>
      <y>-322.63272856412266</y>
      <steeringAngle>-0.24873333333333342</steeringAngle>
      <velocity>2.4000000000000004</velocity>
      <orientation>2.82951011631795</orientation>
      <time>7</time>
    </ksState>
    <ksState>
      <x>-2.6572119620406696</x>
      <y>-322.54092949532367</y>
      <steeringAngle>-0.2842666666666668</steeringAngle>
      <velocity>1.600000000000001</velocity>
      <orientation>2.8084352165273705</orientation>
      <time>8</time>
    </ksState>
    <ksState>
      <x>-2.763494901891397</x>
      <y>-322.4815781172562</y>
      <steeringAngle>-0.3197999999999999</steeringAngle>
      <velocity>0.8000000000000007</velocity>
      <orientation>2.794036789226666</orientation>
      <time>9</time>
    </ksState>
    <ksState>
      <x>-2.798459697041462</x>
      <y>-322.46071693507315</y>
      <steeringAngle>-0.3553333333333332</steeringAngle>
      <velocity>5.551115123125783e-16</velocity>
      <orientation>2.7886951475909365</orientation>
      <time>10</time>
    </ksState>
    <ksState>
      <x>-2.798459697041462</x>
      <y>-322.46071693507315</y>
      <steeringAngle>-0.3198</steeringAngle>
      <velocity>0.0</velocity>
      <orientation>2.7886951475909365</orientation>
      <time>11</time>
    </ksState>
    <ksState>
      <x>-2.798459697041462</x>
      <y>-322.46071693507315</y>
      <steeringAngle>-0.2842666666666666</steeringAngle>
      <velocity>0.0</velocity>
      <orientation>2.7886951475909365</orientation>
      <time>12</time>
    </ksState>
    <ksState>
      <x>-2.798459697041462</x>
      <y>-322.46071693507315</y>
      <steeringAngle>-0.24873333333333333</steeringAngle>
      <velocity>0.0</velocity>
      <orientation>2.7886951475909365</orientation>
      <time>13</time>
    </ksState>
    <ksState>
      <x>-2.798459697041462</x>
      <y>-322.46071693507315</y>
      <steeringAngle>-0.21320000000000003</steeringAngle>
      <velocity>0.0</velocity>
      <orientation>2.7886951475909365</orientation>
      <time>14</time>
    </ksState>
    <ksState>
      <x>-2.798459697041462</x>
      <y>-322.46071693507315</y>
      <steeringAngle>-0.1776666666666667</steeringAngle>
      <velocity>0.0</velocity>
      <orientation>2.7886951475909365</orientation>
      <time>15</time>
    </ksState>
    <ksState>
      <x>-2.834600752140121</x>
      <y>-322.44312364684026</y>
      <steeringAngle>-0.17766666666666667</steeringAngle>
      <velocity>0.7999999999999999</velocity>
      <orientation>2.7859100987248007</orientation>
      <time>16</time>
    </ksState>
    <ksState>
      <x>-2.9427280328743812</x>
      <y>-322.3897409896927</y>
      <steeringAngle>-0.17766666666666667</steeringAngle>
      <velocity>1.6000000000000005</velocity>
      <orientation>2.7775549522089134</orientation>
      <time>17</time>
    </ksState>
    <ksState>
      <x>-3.121936930918971</x>
      <y>-322.29876835076226</y>
      <steeringAngle>-0.17766666666666667</steeringAngle>
      <velocity>2.4000000000000017</velocity>
      <orientation>2.763629708055463</orientation>
      <time>18</time>
    </ksState>
    <ksState>
      <x>-3.3706642798237003</x>
      <y>-322.1672331700448</y>
      <steeringAngle>-0.17766666666666667</steeringAngle>
      <velocity>3.2000000000000024</velocity>
      <orientation>2.7441343662681366</orientation>
      <time>19</time>
    </ksState>
    <ksState>
      <x>-3.686606273394098</x>
      <y>-321.9910357994335</y>
      <steeringAngle>-0.17766666666666667</steeringAngle>
      <velocity>4.000000000000002</velocity>
      <orientation>2.7190689268484443</orientation>
      <time>20</time>
    </ksState>
    <ksState>
      <x>-3.998033011799678</x>
      <y>-321.8069753637397</y>
      <steeringAngle>-0.17766666666666667</steeringAngle>
      <velocity>3.2000000000000006</velocity>
      <orientation>2.6940034875802668</orientation>
      <time>21</time>
    </ksState>
    <ksState>
      <x>-4.23700680530275</x>
      <y>-321.658454914346</y>
      <steeringAngle>-0.17766666666666667</steeringAngle>
      <velocity>2.4000000000000012</velocity>
      <orientation>2.6745081459502367</orientation>
      <time>22</time>
    </ksState>
    <ksState>
      <x>-4.405907203385539</x>
      <y>-321.5495306039982</y>
      <steeringAngle>-0.17766666666666667</steeringAngle>
      <velocity>1.6000000000000005</velocity>
      <orientation>2.660582901951256</orientation>
      <time>23</time>
    </ksState>
    <ksState>
      <x>-4.506513622116211</x>
      <y>-321.4830507950539</y>
      <steeringAngle>-0.17766666666666667</steeringAngle>
      <velocity>0.8000000000000004</velocity>
      <orientation>2.6522277555805016</orientation>
      <time>24</time>
    </ksState>
    <ksState>
      <x>-4.539925223298937</x>
      <y>-321.4607043406731</y>
      <steeringAngle>-0.17766666666666667</steeringAngle>
      <velocity>2.7755575615628914e-16</velocity>
      <orientation>2.6494427068342863</orientation>
      <time>25</time>
    </ksState>
    <ksState>
      <x>-4.539925223298937</x>
      <y>-321.4607043406731</y>
      <steeringAngle>-0.14213333333333336</steeringAngle>
      <velocity>0.0</velocity>
      <orientation>2.6494427068342863</orientation>
      <time>26</time>
    </ksState>
    <ksState>
      <x>-4.539925223298937</x>
      <y>-321.4607043406731</y>
      <steeringAngle>-0.10660000000000001</steeringAngle>
      <velocity>0.0</velocity>
      <orientation>2.6494427068342863</orientation>
      <time>27</time>
    </ksState>
    <ksState>
      <x>-4.539925223298937</x>
      <y>-321.4607043406731</y>
      <steeringAngle>-0.07106666666666668</steeringAngle>
      <velocity>0.0</velocity>
      <orientation>2.6494427068342863</orientation>
      <time>28</time>
    </ksState>
    <ksState>
      <x>-4.539925223298937</x>
      <y>-321.4607043406731</y>
      <steeringAngle>-0.03553333333333333</steeringAngle>
      <velocity>0.0</velocity>
      <orientation>2.6494427068342863</orientation>
      <time>29</time>
    </ksState>
    <ksState>
      <x>-4.539925223298937</x>
      <y>-321.4607043406731</y>
      <steeringAngle>-0.0</steeringAngle>
      <velocity>0.0</velocity>
      <orientation>2.6494427068342863</orientation>
      <time>30</time>
    </ksState>
    <ksState>
      <x>-4.539925223298937</x>
      <y>-321.4607043406731</y>
      <steeringAngle>0.0</steeringAngle>
      <velocity>0.0</velocity>
      <orientation>2.6494427068342863</orientation>
      <time>31</time>
    </ksState>
    <ksState>
      <x>-4.539925223298937</x>
      <y>-321.4607043406731</y>
      <steeringAngle>0.0</steeringAngle>
      <velocity>0.0</velocity>
      <orientation>2.6494427068342863</orientation>
      <time>32</time>
    </ksState>
    <ksState>
      <x>-4.539925223298937</x>
      <y>-321.4607043406731</y>
      <steeringAngle>0.0</steeringAngle>
      <velocity>0.0</velocity>
      <orientation>2.6494427068342863</orientation>
      <time>33</time>
    </ksState>
  </ksTrajectory>
</CommonRoadSolution>
