<?xml version="1.0" ?>
<CommonRoadSolution benchmark_id="KS2:SM1:ESP_SantBoideLlobregat-18_2_T-1:2020a" computation_time="0.3734264989998337" date="2023-01-12T15:00:04">
  <ksTrajectory planningProblem="1">
    <ksState>
      <x>315.03649</x>
      <y>877.71709</y>
      <steeringAngle>0.0</steeringAngle>
      <velocity>16.0</velocity>
      <orientation>-1.5117542</orientation>
      <time>0</time>
    </ksState>
    <ksState>
      <x>315.1285422141032</x>
      <y>876.1598082692801</y>
      <steeringAngle>0.0</steeringAngle>
      <velocity>15.2</velocity>
      <orientation>-1.5117542</orientation>
      <time>1</time>
    </ksState>
    <ksState>
      <x>315.2158738018089</x>
      <y>874.6823871406983</y>
      <steeringAngle>0.0</steeringAngle>
      <velocity>14.400000000000002</velocity>
      <orientation>-1.5117542</orientation>
      <time>2</time>
    </ksState>
    <ksState>
      <x>315.29848476313896</x>
      <y>873.284826613885</y>
      <steeringAngle>0.0</steeringAngle>
      <velocity>13.600000000000001</velocity>
      <orientation>-1.5117542</orientation>
      <time>3</time>
    </ksState>
    <ksState>
      <x>315.3763750980999</x>
      <y>871.9671266887285</y>
      <steeringAngle>0.0</steeringAngle>
      <velocity>12.800000000000004</velocity>
      <orientation>-1.5117542</orientation>
      <time>4</time>
    </ksState>
    <ksState>
      <x>315.44954480669384</x>
      <y>870.7292873651932</y>
      <steeringAngle>0.0</steeringAngle>
      <velocity>12.000000000000002</velocity>
      <orientation>-1.5117542</orientation>
      <time>5</time>
    </ksState>
    <ksState>
      <x>315.53224461394973</x>
      <y>869.5722027046793</y>
      <steeringAngle>0.03553333333333333</steeringAngle>
      <velocity>11.200000000000001</velocity>
      <orientation>-1.5038529262276559</orientation>
      <time>6</time>
    </ksState>
    <ksState>
      <x>315.6466955341881</x>
      <y>868.4978797516665</y>
      <steeringAngle>0.07106666666666667</steeringAngle>
      <velocity>10.400000000000007</velocity>
      <orientation>-1.481600495429166</orientation>
      <time>7</time>
    </ksState>
    <ksState>
      <x>315.80048897475916</x>
      <y>867.5086695272521</y>
      <steeringAngle>0.10660000000000001</steeringAngle>
      <velocity>9.60000000000001</velocity>
      <orientation>-1.4471524845444943</orientation>
      <time>8</time>
    </ksState>
    <ksState>
      <x>315.99589663429526</x>
      <y>866.6075811907859</y>
      <steeringAngle>0.14213333333333344</steeringAngle>
      <velocity>8.800000000000008</velocity>
      <orientation>-1.4026443524236494</orientation>
      <time>9</time>
    </ksState>
    <ksState>
      <x>316.23050721653254</x>
      <y>865.7977431400848</y>
      <steeringAngle>0.17766666666666675</steeringAngle>
      <velocity>8.000000000000009</velocity>
      <orientation>-1.350202054608668</orientation>
      <time>10</time>
    </ksState>
    <ksState>
      <x>316.4979236710653</x>
      <y>865.0817285311603</y>
      <steeringAngle>0.21320000000000014</steeringAngle>
      <velocity>7.200000000000003</velocity>
      <orientation>-1.2919527275371752</orientation>
      <time>11</time>
    </ksState>
    <ksState>
      <x>316.7885525184446</x>
      <y>864.46088550868</y>
      <steeringAngle>0.24873333333333347</steeringAngle>
      <velocity>6.400000000000004</velocity>
      <orientation>-1.2300356400513957</orientation>
      <time>12</time>
    </ksState>
    <ksState>
      <x>317.0904844626348</x>
      <y>863.9347909474114</y>
      <steeringAngle>0.2842666666666668</steeringAngle>
      <velocity>5.600000000000001</velocity>
      <orientation>-1.1666134972874747</orientation>
      <time>13</time>
    </ksState>
    <ksState>
      <x>317.39043200530193</x>
      <y>863.5009196094727</y>
      <steeringAngle>0.3198</steeringAngle>
      <velocity>4.800000000000002</velocity>
      <orientation>-1.103884397545522</orientation>
      <time>14</time>
    </ksState>
    <ksState>
      <x>317.67466423939504</x>
      <y>863.1545877773785</y>
      <steeringAngle>0.3553333333333332</steeringAngle>
      <velocity>4.000000000000001</velocity>
      <orientation>-1.0440945634973073</orientation>
      <time>15</time>
    </ksState>
    <ksState>
      <x>317.95924556817636</x>
      <y>862.8606689311983</y>
      <steeringAngle>0.39086666666666653</steeringAngle>
      <velocity>4.0</velocity>
      <orientation>-0.9833741971913201</orientation>
      <time>16</time>
    </ksState>
    <ksState>
      <x>318.2694725025992</x>
      <y>862.590879506813</y>
      <steeringAngle>0.42639999999999995</steeringAngle>
      <velocity>4.0</velocity>
      <orientation>-0.9162045837349165</orientation>
      <time>17</time>
    </ksState>
    <ksState>
      <x>318.60520080515914</x>
      <y>862.3496494197572</y>
      <steeringAngle>0.4619333333333333</steeringAngle>
      <velocity>4.0</velocity>
      <orientation>-0.8423840001025725</orientation>
      <time>18</time>
    </ksState>
    <ksState>
      <x>318.9655587300193</x>
      <y>862.1418589559476</y>
      <steeringAngle>0.49746666666666667</steeringAngle>
      <velocity>4.0</velocity>
      <orientation>-0.7616834582893521</orientation>
      <time>19</time>
    </ksState>
    <ksState>
      <x>319.34878105917073</x>
      <y>861.9727880773711</y>
      <steeringAngle>0.533</steeringAngle>
      <velocity>4.0</velocity>
      <orientation>-0.6738435916895436</orientation>
      <time>20</time>
    </ksState>
    <ksState>
      <x>319.752022837302</x>
      <y>861.8480268842656</y>
      <steeringAngle>0.5685333333333333</steeringAngle>
      <velocity>4.0</velocity>
      <orientation>-0.5785709520403137</orientation>
      <time>21</time>
    </ksState>
    <ksState>
      <x>320.17115597844275</x>
      <y>861.7733353058971</y>
      <steeringAngle>0.6040666666666665</steeringAngle>
      <velocity>4.0</velocity>
      <orientation>-0.475533598821851</orientation>
      <time>22</time>
    </ksState>
    <ksState>
      <x>320.6005551826625</x>
      <y>861.7544380539244</y>
      <steeringAngle>0.6396</steeringAngle>
      <velocity>4.0</velocity>
      <orientation>-0.3643558160463604</orientation>
      <time>23</time>
    </ksState>
    <ksState>
      <x>321.03288412822985</x>
      <y>861.796738253337</y>
      <steeringAngle>0.6751333333333333</steeringAngle>
      <velocity>4.0</velocity>
      <orientation>-0.24461176716642996</orientation>
      <time>24</time>
    </ksState>
    <ksState>
      <x>321.4588995018029</x>
      <y>861.9049314741577</y>
      <steeringAngle>0.7106666666666664</steeringAngle>
      <velocity>4.0</velocity>
      <orientation>-0.11581782948211927</orientation>
      <time>25</time>
    </ksState>
    <ksState>
      <x>321.82764256491953</x>
      <y>862.0491696124492</y>
      <steeringAngle>0.6751333333333334</steeringAngle>
      <velocity>3.1999999999999984</velocity>
      <orientation>0.00025191306109492717</orientation>
      <time>26</time>
    </ksState>
    <ksState>
      <x>322.10226198295396</x>
      <y>862.180451983515</y>
      <steeringAngle>0.6395999999999997</steeringAngle>
      <velocity>2.3999999999999986</velocity>
      <orientation>0.0842193573817141</orientation>
      <time>27</time>
    </ksState>
    <ksState>
      <x>322.2921067500699</x>
      <y>862.2816648686701</y>
      <steeringAngle>0.6040666666666666</steeringAngle>
      <velocity>1.5999999999999988</velocity>
      <orientation>0.13994730565918234</orientation>
      <time>28</time>
    </ksState>
    <ksState>
      <x>322.40381245283345</x>
      <y>862.3439002383628</y>
      <steeringAngle>0.5685333333333333</steeringAngle>
      <velocity>0.7999999999999987</velocity>
      <orientation>0.17099090743292833</orientation>
      <time>29</time>
    </ksState>
    <ksState>
      <x>322.4407929375674</x>
      <y>862.3644215690346</y>
      <steeringAngle>0.5330000000000004</steeringAngle>
      <velocity>-1.2212453270876722e-15</velocity>
      <orientation>0.18064468920326393</orientation>
      <time>30</time>
    </ksState>
    <ksState>
      <x>322.4407929375674</x>
      <y>862.3644215690346</y>
      <steeringAngle>0.49746666666666667</steeringAngle>
      <velocity>0.0</velocity>
      <orientation>0.18064468920326393</orientation>
      <time>31</time>
    </ksState>
    <ksState>
      <x>322.4407929375674</x>
      <y>862.3644215690346</y>
      <steeringAngle>0.4619333333333333</steeringAngle>
      <velocity>0.0</velocity>
      <orientation>0.18064468920326393</orientation>
      <time>32</time>
    </ksState>
    <ksState>
      <x>322.4407929375674</x>
      <y>862.3644215690346</y>
      <steeringAngle>0.42639999999999995</steeringAngle>
      <velocity>0.0</velocity>
      <orientation>0.18064468920326393</orientation>
      <time>33</time>
    </ksState>
  </ksTrajectory>
</CommonRoadSolution>
