<?xml version="1.0" ?>
<CommonRoadSolution benchmark_id="KS2:SM1:DEU_Speyer-2_4_T-1:2020a" computation_time="0.7491277529998115" date="2023-01-12T15:00:04">
  <ksTrajectory planningProblem="1">
    <ksState>
      <x>-293.77831</x>
      <y>912.64712</y>
      <steeringAngle>0.0</steeringAngle>
      <velocity>12.0</velocity>
      <orientation>-1.3018409</orientation>
      <time>0</time>
    </ksState>
    <ksState>
      <x>-293.4563179012736</x>
      <y>911.5326671036986</y>
      <steeringAngle>0.03553333333333333</steeringAngle>
      <velocity>11.200000000000001</velocity>
      <orientation>-1.293939626227656</orientation>
      <time>1</time>
    </ksState>
    <ksState>
      <x>-293.12051713812707</x>
      <y>910.5057753528388</y>
      <steeringAngle>0.07106666666666667</steeringAngle>
      <velocity>10.400000000000007</velocity>
      <orientation>-1.271687195429166</orientation>
      <time>2</time>
    </ksState>
    <ksState>
      <x>-292.7639728365755</x>
      <y>909.5703260215121</y>
      <steeringAngle>0.10660000000000001</steeringAngle>
      <velocity>9.60000000000001</velocity>
      <orientation>-1.2372391845444943</orientation>
      <time>3</time>
    </ksState>
    <ksState>
      <x>-292.38509019797016</x>
      <y>908.7297355804028</y>
      <steeringAngle>0.14213333333333344</steeringAngle>
      <velocity>8.800000000000008</velocity>
      <orientation>-1.1927310524236494</orientation>
      <time>4</time>
    </ksState>
    <ksState>
      <x>-291.98687946839317</x>
      <y>907.9865613017098</y>
      <steeringAngle>0.17766666666666675</steeringAngle>
      <velocity>8.000000000000009</velocity>
      <orientation>-1.140288754608668</orientation>
      <time>5</time>
    </ksState>
    <ksState>
      <x>-291.5840340680974</x>
      <y>907.3378339106379</y>
      <steeringAngle>0.17766666666666667</steeringAngle>
      <velocity>7.2</velocity>
      <orientation>-1.0873728271642906</orientation>
      <time>6</time>
    </ksState>
    <ksState>
      <x>-291.1949514161354</x>
      <y>906.7761713812546</y>
      <steeringAngle>0.17766666666666667</steeringAngle>
      <velocity>6.4</velocity>
      <orientation>-1.0400269973714793</orientation>
      <time>7</time>
    </ksState>
    <ksState>
      <x>-290.8299001076392</x>
      <y>906.2963618413494</y>
      <steeringAngle>0.17766666666666667</steeringAngle>
      <velocity>5.599999999999999</velocity>
      <orientation>-0.9982512652162947</orientation>
      <time>8</time>
    </ksState>
    <ksState>
      <x>-290.49754714635986</x>
      <y>905.8931683376271</y>
      <steeringAngle>0.17766666666666667</steeringAngle>
      <velocity>4.799999999999999</velocity>
      <orientation>-0.9620456306947802</orientation>
      <time>9</time>
    </ksState>
    <ksState>
      <x>-290.2050781400655</x>
      <y>905.5615868169523</y>
      <steeringAngle>0.17766666666666667</steeringAngle>
      <velocity>4.0</velocity>
      <orientation>-0.9314100938054501</orientation>
      <time>10</time>
    </ksState>
    <ksState>
      <x>-289.95832023162257</x>
      <y>905.2970581946774</y>
      <steeringAngle>0.17766666666666667</steeringAngle>
      <velocity>3.2000000000000006</velocity>
      <orientation>-0.9063446545372725</orientation>
      <time>11</time>
    </ksState>
    <ksState>
      <x>-289.7618593281728</x>
      <y>905.0956384556124</y>
      <steeringAngle>0.17766666666666667</steeringAngle>
      <velocity>2.4000000000000012</velocity>
      <orientation>-0.8868493129072428</orientation>
      <time>12</time>
    </ksState>
    <ksState>
      <x>-289.61914457680473</x>
      <y>904.9541310367283</y>
      <steeringAngle>0.17766666666666667</steeringAngle>
      <velocity>1.6000000000000005</velocity>
      <orientation>-0.8729240689082618</orientation>
      <time>13</time>
    </ksState>
    <ksState>
      <x>-289.532574752599</x>
      <y>904.8701853279395</y>
      <steeringAngle>0.17766666666666667</steeringAngle>
      <velocity>0.8000000000000004</velocity>
      <orientation>-0.8645689225375077</orientation>
      <time>14</time>
    </ksState>
    <ksState>
      <x>-289.5035626482824</x>
      <y>904.8423645278052</y>
      <steeringAngle>0.17766666666666667</steeringAngle>
      <velocity>2.7755575615628914e-16</velocity>
      <orientation>-0.8617838737912923</orientation>
      <time>15</time>
    </ksState>
    <ksState>
      <x>-289.5035626482824</x>
      <y>904.8423645278052</y>
      <steeringAngle>0.14213333333333336</steeringAngle>
      <velocity>0.0</velocity>
      <orientation>-0.8617838737912923</orientation>
      <time>16</time>
    </ksState>
    <ksState>
      <x>-289.5035626482824</x>
      <y>904.8423645278052</y>
      <steeringAngle>0.10660000000000001</steeringAngle>
      <velocity>0.0</velocity>
      <orientation>-0.8617838737912923</orientation>
      <time>17</time>
    </ksState>
    <ksState>
      <x>-289.5035626482824</x>
      <y>904.8423645278052</y>
      <steeringAngle>0.07106666666666668</steeringAngle>
      <velocity>0.0</velocity>
      <orientation>-0.8617838737912923</orientation>
      <time>18</time>
    </ksState>
    <ksState>
      <x>-289.5035626482824</x>
      <y>904.8423645278052</y>
      <steeringAngle>0.03553333333333333</steeringAngle>
      <velocity>0.0</velocity>
      <orientation>-0.8617838737912923</orientation>
      <time>19</time>
    </ksState>
    <ksState>
      <x>-289.5035626482824</x>
      <y>904.8423645278052</y>
      <steeringAngle>0.0</steeringAngle>
      <velocity>0.0</velocity>
      <orientation>-0.8617838737912923</orientation>
      <time>20</time>
    </ksState>
    <ksState>
      <x>-289.5035626482824</x>
      <y>904.8423645278052</y>
      <steeringAngle>0.0</steeringAngle>
      <velocity>0.0</velocity>
      <orientation>-0.8617838737912923</orientation>
      <time>21</time>
    </ksState>
    <ksState>
      <x>-289.5035626482824</x>
      <y>904.8423645278052</y>
      <steeringAngle>0.0</steeringAngle>
      <velocity>0.0</velocity>
      <orientation>-0.8617838737912923</orientation>
      <time>22</time>
    </ksState>
    <ksState>
      <x>-289.5035626482824</x>
      <y>904.8423645278052</y>
      <steeringAngle>0.0</steeringAngle>
      <velocity>0.0</velocity>
      <orientation>-0.8617838737912923</orientation>
      <time>23</time>
    </ksState>
    <ksState>
      <x>-289.5035626482824</x>
      <y>904.8423645278052</y>
      <steeringAngle>0.0</steeringAngle>
      <velocity>0.0</velocity>
      <orientation>-0.8617838737912923</orientation>
      <time>24</time>
    </ksState>
    <ksState>
      <x>-289.5035626482824</x>
      <y>904.8423645278052</y>
      <steeringAngle>0.0</steeringAngle>
      <velocity>0.0</velocity>
      <orientation>-0.8617838737912923</orientation>
      <time>25</time>
    </ksState>
    <ksState>
      <x>-289.5035626482824</x>
      <y>904.8423645278052</y>
      <steeringAngle>0.0</steeringAngle>
      <velocity>0.0</velocity>
      <orientation>-0.8617838737912923</orientation>
      <time>26</time>
    </ksState>
    <ksState>
      <x>-289.5035626482824</x>
      <y>904.8423645278052</y>
      <steeringAngle>0.0</steeringAngle>
      <velocity>0.0</velocity>
      <orientation>-0.8617838737912923</orientation>
      <time>27</time>
    </ksState>
    <ksState>
      <x>-289.5035626482824</x>
      <y>904.8423645278052</y>
      <steeringAngle>0.0</steeringAngle>
      <velocity>0.0</velocity>
      <orientation>-0.8617838737912923</orientation>
      <time>28</time>
    </ksState>
    <ksState>
      <x>-289.5035626482824</x>
      <y>904.8423645278052</y>
      <steeringAngle>0.0</steeringAngle>
      <velocity>0.0</velocity>
      <orientation>-0.8617838737912923</orientation>
      <time>29</time>
    </ksState>
    <ksState>
      <x>-289.5035626482824</x>
      <y>904.8423645278052</y>
      <steeringAngle>0.0</steeringAngle>
      <velocity>0.0</velocity>
      <orientation>-0.8617838737912923</orientation>
      <time>30</time>
    </ksState>
    <ksState>
      <x>-289.5035626482824</x>
      <y>904.8423645278052</y>
      <steeringAngle>0.0</steeringAngle>
      <velocity>0.0</velocity>
      <orientation>-0.8617838737912923</orientation>
      <time>31</time>
    </ksState>
    <ksState>
      <x>-289.5035626482824</x>
      <y>904.8423645278052</y>
      <steeringAngle>0.0</steeringAngle>
      <velocity>0.0</velocity>
      <orientation>-0.8617838737912923</orientation>
      <time>32</time>
    </ksState>
    <ksState>
      <x>-289.5035626482824</x>
      <y>904.8423645278052</y>
      <steeringAngle>0.0</steeringAngle>
      <velocity>0.0</velocity>
      <orientation>-0.8617838737912923</orientation>
      <time>33</time>
    </ksState>
  </ksTrajectory>
</CommonRoadSolution>
