<?xml version="1.0" ?>
<CommonRoadSolution benchmark_id="KS2:SM1:DEU_Flensburg-25_1_T-1:2020a" computation_time="2.4066254579997803" date="2023-01-12T15:00:04">
  <ksTrajectory planningProblem="123">
    <ksState>
      <x>295.73164</x>
      <y>-333.65906</y>
      <steeringAngle>0.0</steeringAngle>
      <velocity>4.0</velocity>
      <orientation>-3.8206023</orientation>
      <time>0</time>
    </ksState>
    <ksState>
      <x>295.39232317579166</x>
      <y>-333.37891414110925</y>
      <steeringAngle>-0.035533333333333326</steeringAngle>
      <velocity>4.799999999999999</velocity>
      <orientation>-3.823726078669191</orientation>
      <time>1</time>
    </ksState>
    <ksState>
      <x>295.00007036904015</x>
      <y>-333.0372070136647</y>
      <steeringAngle>-0.07106666666666667</steeringAngle>
      <velocity>5.599999999999998</velocity>
      <orientation>-3.8345766897303637</orientation>
      <time>2</time>
    </ksState>
    <ksState>
      <x>294.561374101227</x>
      <y>-332.62685963051297</y>
      <steeringAngle>-0.10659999999999999</steeringAngle>
      <velocity>6.3999999999999995</velocity>
      <orientation>-3.8553936387306917</orientation>
      <time>3</time>
    </ksState>
    <ksState>
      <x>294.085845306021</x>
      <y>-332.13860613994046</y>
      <steeringAngle>-0.14213333333333333</steeringAngle>
      <velocity>7.199999999999999</velocity>
      <orientation>-3.888453209711857</orientation>
      <time>4</time>
    </ksState>
    <ksState>
      <x>293.5873666786071</x>
      <y>-331.5611045448559</y>
      <steeringAngle>-0.17766666666666664</steeringAngle>
      <velocity>7.9999999999999964</velocity>
      <orientation>-3.9360805317934036</orientation>
      <time>5</time>
    </ksState>
    <ksState>
      <x>293.13124426793956</x>
      <y>-330.9478013353135</y>
      <steeringAngle>-0.21320000000000014</steeringAngle>
      <velocity>7.200000000000003</velocity>
      <orientation>-3.9943298588648966</orientation>
      <time>6</time>
    </ksState>
    <ksState>
      <x>292.76764848235234</x>
      <y>-330.36667373297934</y>
      <steeringAngle>-0.24873333333333347</steeringAngle>
      <velocity>6.400000000000004</velocity>
      <orientation>-4.056246946350676</orientation>
      <time>7</time>
    </ksState>
    <ksState>
      <x>292.48975835598844</x>
      <y>-329.82749336984625</y>
      <steeringAngle>-0.2842666666666668</steeringAngle>
      <velocity>5.600000000000001</velocity>
      <orientation>-4.119669089114597</orientation>
      <time>8</time>
    </ksState>
    <ksState>
      <x>292.28823934821463</x>
      <y>-329.34004803368776</y>
      <steeringAngle>-0.3198</steeringAngle>
      <velocity>4.800000000000002</velocity>
      <orientation>-4.182398188856549</orientation>
      <time>9</time>
    </ksState>
    <ksState>
      <x>292.15170351204625</x>
      <y>-328.91332603254295</y>
      <steeringAngle>-0.3553333333333332</steeringAngle>
      <velocity>4.000000000000001</velocity>
      <orientation>-4.242188022904764</orientation>
      <time>10</time>
    </ksState>
    <ksState>
      <x>292.04136098325347</x>
      <y>-328.47899549084866</y>
      <steeringAngle>-0.31979999999999975</steeringAngle>
      <velocity>4.800000000000001</velocity>
      <orientation>-4.301977857936513</orientation>
      <time>11</time>
    </ksState>
    <ksState>
      <x>291.9321877333181</x>
      <y>-327.96284097058344</y>
      <steeringAngle>-0.28426666666666645</steeringAngle>
      <velocity>5.600000000000004</velocity>
      <orientation>-4.364706958067836</orientation>
      <time>12</time>
    </ksState>
    <ksState>
      <x>291.8319475330209</x>
      <y>-327.3644678460481</y>
      <steeringAngle>-0.2487333333333331</steeringAngle>
      <velocity>6.400000000000004</velocity>
      <orientation>-4.428129094760512</orientation>
      <time>13</time>
    </ksState>
    <ksState>
      <x>291.7473738038727</x>
      <y>-326.6840593662671</y>
      <steeringAngle>-0.21319999999999992</steeringAngle>
      <velocity>7.200000000000004</velocity>
      <orientation>-4.490046183438311</orientation>
      <time>14</time>
    </ksState>
    <ksState>
      <x>291.6834552933072</x>
      <y>-325.9222646545785</y>
      <steeringAngle>-0.17766666666666656</steeringAngle>
      <velocity>8.000000000000004</velocity>
      <orientation>-4.548295513039276</orientation>
      <time>15</time>
    </ksState>
    <ksState>
      <x>291.6533140650716</x>
      <y>-325.1190184599977</y>
      <steeringAngle>-0.17766666666666667</steeringAngle>
      <velocity>8.0</velocity>
      <orientation>-4.603996489349788</orientation>
      <time>16</time>
    </ksState>
    <ksState>
      <x>291.66793804226614</x>
      <y>-324.3153399538457</y>
      <steeringAngle>-0.17766666666666667</steeringAngle>
      <velocity>8.0</velocity>
      <orientation>-4.6596974656603</orientation>
      <time>17</time>
    </ksState>
    <ksState>
      <x>291.72728186951815</x>
      <y>-323.51372201781686</y>
      <steeringAngle>-0.17766666666666667</steeringAngle>
      <velocity>8.0</velocity>
      <orientation>-4.7153984419708115</orientation>
      <time>18</time>
    </ksState>
    <ksState>
      <x>291.8311614743396</x>
      <y>-322.7166511076351</y>
      <steeringAngle>-0.17766666666666667</steeringAngle>
      <velocity>8.0</velocity>
      <orientation>-4.771099418281324</orientation>
      <time>19</time>
    </ksState>
    <ksState>
      <x>291.9792546438821</x>
      <y>-321.92659957451326</y>
      <steeringAngle>-0.17766666666666667</steeringAngle>
      <velocity>8.0</velocity>
      <orientation>-4.826800394591835</orientation>
      <time>20</time>
    </ksState>
    <ksState>
      <x>292.1711020286455</x>
      <y>-321.1460180453265</y>
      <steeringAngle>-0.17766666666666667</steeringAngle>
      <velocity>8.0</velocity>
      <orientation>-4.882501370902347</orientation>
      <time>21</time>
    </ksState>
    <ksState>
      <x>292.40610855615495</x>
      <y>-320.3773276434171</y>
      <steeringAngle>-0.17766666666666667</steeringAngle>
      <velocity>8.0</velocity>
      <orientation>-4.938202347212859</orientation>
      <time>22</time>
    </ksState>
    <ksState>
      <x>292.68354527952374</x>
      <y>-319.62291272460754</y>
      <steeringAngle>-0.17766666666666667</steeringAngle>
      <velocity>8.0</velocity>
      <orientation>-4.99390332352337</orientation>
      <time>23</time>
    </ksState>
    <ksState>
      <x>293.00255164647814</x>
      <y>-318.8851133304641</y>
      <steeringAngle>-0.17766666666666667</steeringAngle>
      <velocity>8.0</velocity>
      <orientation>-5.049604299833883</orientation>
      <time>24</time>
    </ksState>
    <ksState>
      <x>293.36213816486116</x>
      <y>-318.16621796418985</y>
      <steeringAngle>-0.17766666666666667</steeringAngle>
      <velocity>8.0</velocity>
      <orientation>-5.105305276144394</orientation>
      <time>25</time>
    </ksState>
    <ksState>
      <x>293.76118946249665</x>
      <y>-317.4684565403468</y>
      <steeringAngle>-0.17766666666666667</steeringAngle>
      <velocity>8.0</velocity>
      <orientation>-5.161006252454905</orientation>
      <time>26</time>
    </ksState>
    <ksState>
      <x>294.19846778503825</x>
      <y>-316.79399329405766</y>
      <steeringAngle>-0.17766666666666667</steeringAngle>
      <velocity>8.0</velocity>
      <orientation>-5.216707228765418</orientation>
      <time>27</time>
    </ksState>
    <ksState>
      <x>294.6726167703063</x>
      <y>-316.1449203051224</y>
      <steeringAngle>-0.17766666666666667</steeringAngle>
      <velocity>8.0</velocity>
      <orientation>-5.272408205075929</orientation>
      <time>28</time>
    </ksState>
    <ksState>
      <x>295.1821657046192</x>
      <y>-315.5232508658732</y>
      <steeringAngle>-0.17766666666666667</steeringAngle>
      <velocity>8.0</velocity>
      <orientation>-5.328109181386441</orientation>
      <time>29</time>
    </ksState>
    <ksState>
      <x>295.72553407162854</x>
      <y>-314.93091326822554</y>
      <steeringAngle>-0.17766666666666667</steeringAngle>
      <velocity>8.0</velocity>
      <orientation>-5.383810157696953</orientation>
      <time>30</time>
    </ksState>
    <ksState>
      <x>296.2938532884122</x>
      <y>-314.36341586964596</y>
      <steeringAngle>-0.14213333333333336</steeringAngle>
      <velocity>8.0</velocity>
      <orientation>-5.433844969245701</orientation>
      <time>31</time>
    </ksState>
    <ksState>
      <x>296.8750143867559</x>
      <y>-313.8108780091339</y>
      <steeringAngle>-0.1066000000000001</steeringAngle>
      <velocity>8.0</velocity>
      <orientation>-5.472628821252699</orientation>
      <time>32</time>
    </ksState>
    <ksState>
      <x>297.4628703270949</x>
      <y>-313.2668300078556</y>
      <steeringAngle>-0.07106666666666674</steeringAngle>
      <velocity>8.0</velocity>
      <orientation>-5.500261300282386</orientation>
      <time>33</time>
    </ksState>
    <ksState>
      <x>298.05158358342277</x>
      <y>-312.724620462798</y>
      <steeringAngle>-0.035533333333333354</steeringAngle>
      <velocity>8.0</velocity>
      <orientation>-5.516812820911415</orientation>
      <time>34</time>
    </ksState>
    <ksState>
      <x>298.63538646300515</x>
      <y>-312.1775870971918</y>
      <steeringAngle>-2.0816681711721685e-17</steeringAngle>
      <velocity>8.0</velocity>
      <orientation>-5.5223253473698195</orientation>
      <time>35</time>
    </ksState>
    <ksState>
      <x>299.2083421728768</x>
      <y>-311.6192234793795</y>
      <steeringAngle>0.03553333333333333</steeringAngle>
      <velocity>8.0</velocity>
      <orientation>-5.516812812366981</orientation>
      <time>36</time>
    </ksState>
    <ksState>
      <x>299.76411362797074</x>
      <y>-311.04335616502465</y>
      <steeringAngle>0.07106666666666667</steeringAngle>
      <velocity>8.0</velocity>
      <orientation>-5.500261291486711</orientation>
      <time>37</time>
    </ksState>
    <ksState>
      <x>300.29574709319513</x>
      <y>-310.4443467984231</y>
      <steeringAngle>0.10659999999999997</steeringAngle>
      <velocity>8.0</velocity>
      <orientation>-5.4726288121960165</orientation>
      <time>38</time>
    </ksState>
    <ksState>
      <x>300.7954813152341</x>
      <y>-309.8173322042733</y>
      <steeringAngle>0.1421333333333333</steeringAngle>
      <velocity>8.0</velocity>
      <orientation>-5.433844959923281</orientation>
      <time>39</time>
    </ksState>
    <ksState>
      <x>301.25459477119233</x>
      <y>-309.1585149372005</y>
      <steeringAngle>0.17766666666666667</steeringAngle>
      <velocity>8.0</velocity>
      <orientation>-5.383810147674127</orientation>
      <time>40</time>
    </ksState>
    <ksState>
      <x>301.67897990117723</x>
      <y>-308.4766518343653</y>
      <steeringAngle>0.14213333333333336</steeringAngle>
      <velocity>8.0</velocity>
      <orientation>-5.333775336125378</orientation>
      <time>41</time>
    </ksState>
    <ksState>
      <x>302.0858904128998</x>
      <y>-307.7856596889853</y>
      <steeringAngle>0.1066000000000001</steeringAngle>
      <velocity>8.0</velocity>
      <orientation>-5.2949914841183805</orientation>
      <time>42</time>
    </ksState>
    <ksState>
      <x>302.48301775797273</x>
      <y>-307.0900644718639</y>
      <steeringAngle>0.07106666666666674</steeringAngle>
      <velocity>8.0</velocity>
      <orientation>-5.267359005088694</orientation>
      <time>43</time>
    </ksState>
    <ksState>
      <x>302.8781604657358</x>
      <y>-306.3940495801918</y>
      <steeringAngle>0.035533333333333354</steeringAngle>
      <velocity>8.0</velocity>
      <orientation>-5.250807484459664</orientation>
      <time>44</time>
    </ksState>
    <ksState>
      <x>303.27911187672413</x>
      <y>-305.7017279271131</y>
      <steeringAngle>2.0816681711721685e-17</steeringAngle>
      <velocity>8.0</velocity>
      <orientation>-5.24529495800126</orientation>
      <time>45</time>
    </ksState>
    <ksState>
      <x>303.69355173204934</x>
      <y>-305.0174123701592</y>
      <steeringAngle>-0.03553333333333333</steeringAngle>
      <velocity>8.0</velocity>
      <orientation>-5.250807493004099</orientation>
      <time>46</time>
    </ksState>
    <ksState>
      <x>304.1289258595906</x>
      <y>-304.3458809538374</y>
      <steeringAngle>-0.07106666666666667</steeringAngle>
      <velocity>8.0</velocity>
      <orientation>-5.267359013884368</orientation>
      <time>47</time>
    </ksState>
    <ksState>
      <x>304.5922981945082</x>
      <y>-303.6926333423945</y>
      <steeringAngle>-0.10659999999999997</steeringAngle>
      <velocity>8.0</velocity>
      <orientation>-5.294991493175063</orientation>
      <time>48</time>
    </ksState>
    <ksState>
      <x>305.0901600317865</x>
      <y>-303.0641310075257</y>
      <steeringAngle>-0.1421333333333333</steeringAngle>
      <velocity>8.0</velocity>
      <orientation>-5.3337753454477985</orientation>
      <time>49</time>
    </ksState>
    <ksState>
      <x>305.6281815124948</x>
      <y>-302.4680116879832</y>
      <steeringAngle>-0.17766666666666667</steeringAngle>
      <velocity>8.0</velocity>
      <orientation>-5.383810157696953</orientation>
      <time>50</time>
    </ksState>
    <ksState>
      <x>306.19650072927845</x>
      <y>-301.90051428940365</y>
      <steeringAngle>-0.14213333333333336</steeringAngle>
      <velocity>8.0</velocity>
      <orientation>-5.433844969245701</orientation>
      <time>51</time>
    </ksState>
    <ksState>
      <x>306.7776618276221</x>
      <y>-301.34797642889157</y>
      <steeringAngle>-0.1066000000000001</steeringAngle>
      <velocity>8.0</velocity>
      <orientation>-5.472628821252699</orientation>
      <time>52</time>
    </ksState>
    <ksState>
      <x>307.36551776796114</x>
      <y>-300.8039284276133</y>
      <steeringAngle>-0.07106666666666674</steeringAngle>
      <velocity>8.0</velocity>
      <orientation>-5.500261300282386</orientation>
      <time>53</time>
    </ksState>
    <ksState>
      <x>307.954231024289</x>
      <y>-300.26171888255567</y>
      <steeringAngle>-0.035533333333333354</steeringAngle>
      <velocity>8.0</velocity>
      <orientation>-5.516812820911415</orientation>
      <time>54</time>
    </ksState>
    <ksState>
      <x>308.5380339038714</x>
      <y>-299.7146855169495</y>
      <steeringAngle>-2.0816681711721685e-17</steeringAngle>
      <velocity>8.0</velocity>
      <orientation>-5.5223253473698195</orientation>
      <time>55</time>
    </ksState>
    <ksState>
      <x>309.1174285423032</x>
      <y>-299.16304990084365</y>
      <steeringAngle>0.0</steeringAngle>
      <velocity>8.0</velocity>
      <orientation>-5.5223253473698195</orientation>
      <time>56</time>
    </ksState>
    <ksState>
      <x>309.696823180735</x>
      <y>-298.6114142847378</y>
      <steeringAngle>0.0</steeringAngle>
      <velocity>8.0</velocity>
      <orientation>-5.5223253473698195</orientation>
      <time>57</time>
    </ksState>
    <ksState>
      <x>310.2762178191668</x>
      <y>-298.05977866863196</y>
      <steeringAngle>0.0</steeringAngle>
      <velocity>8.0</velocity>
      <orientation>-5.5223253473698195</orientation>
      <time>58</time>
    </ksState>
    <ksState>
      <x>310.8556124575986</x>
      <y>-297.5081430525261</y>
      <steeringAngle>0.0</steeringAngle>
      <velocity>8.0</velocity>
      <orientation>-5.5223253473698195</orientation>
      <time>59</time>
    </ksState>
    <ksState>
      <x>311.4350070960304</x>
      <y>-296.9565074364203</y>
      <steeringAngle>0.0</steeringAngle>
      <velocity>8.0</velocity>
      <orientation>-5.5223253473698195</orientation>
      <time>60</time>
    </ksState>
    <ksState>
      <x>312.0144017344622</x>
      <y>-296.40487182031444</y>
      <steeringAngle>0.0</steeringAngle>
      <velocity>8.0</velocity>
      <orientation>-5.5223253473698195</orientation>
      <time>61</time>
    </ksState>
    <ksState>
      <x>312.593796372894</x>
      <y>-295.8532362042086</y>
      <steeringAngle>0.0</steeringAngle>
      <velocity>8.0</velocity>
      <orientation>-5.5223253473698195</orientation>
      <time>62</time>
    </ksState>
    <ksState>
      <x>313.1731910113258</x>
      <y>-295.30160058810276</y>
      <steeringAngle>0.0</steeringAngle>
      <velocity>8.0</velocity>
      <orientation>-5.5223253473698195</orientation>
      <time>63</time>
    </ksState>
    <ksState>
      <x>313.75258564975763</x>
      <y>-294.7499649719969</y>
      <steeringAngle>0.0</steeringAngle>
      <velocity>8.0</velocity>
      <orientation>-5.5223253473698195</orientation>
      <time>64</time>
    </ksState>
    <ksState>
      <x>314.3319802881894</x>
      <y>-294.1983293558911</y>
      <steeringAngle>0.0</steeringAngle>
      <velocity>8.0</velocity>
      <orientation>-5.5223253473698195</orientation>
      <time>65</time>
    </ksState>
    <ksState>
      <x>314.9113749266212</x>
      <y>-293.64669373978523</y>
      <steeringAngle>0.0</steeringAngle>
      <velocity>8.0</velocity>
      <orientation>-5.5223253473698195</orientation>
      <time>66</time>
    </ksState>
    <ksState>
      <x>315.49076956505303</x>
      <y>-293.0950581236794</y>
      <steeringAngle>0.0</steeringAngle>
      <velocity>8.0</velocity>
      <orientation>-5.5223253473698195</orientation>
      <time>67</time>
    </ksState>
    <ksState>
      <x>316.0701642034848</x>
      <y>-292.54342250757355</y>
      <steeringAngle>0.0</steeringAngle>
      <velocity>8.0</velocity>
      <orientation>-5.5223253473698195</orientation>
      <time>68</time>
    </ksState>
    <ksState>
      <x>316.64955884191664</x>
      <y>-291.9917868914677</y>
      <steeringAngle>0.0</steeringAngle>
      <velocity>8.0</velocity>
      <orientation>-5.5223253473698195</orientation>
      <time>69</time>
    </ksState>
    <ksState>
      <x>317.2289534803484</x>
      <y>-291.44015127536187</y>
      <steeringAngle>0.0</steeringAngle>
      <velocity>8.0</velocity>
      <orientation>-5.5223253473698195</orientation>
      <time>70</time>
    </ksState>
    <ksState>
      <x>317.8083481187802</x>
      <y>-290.88851565925603</y>
      <steeringAngle>0.0</steeringAngle>
      <velocity>8.0</velocity>
      <orientation>-5.5223253473698195</orientation>
      <time>71</time>
    </ksState>
    <ksState>
      <x>318.38774275721204</x>
      <y>-290.3368800431502</y>
      <steeringAngle>0.0</steeringAngle>
      <velocity>8.0</velocity>
      <orientation>-5.5223253473698195</orientation>
      <time>72</time>
    </ksState>
    <ksState>
      <x>318.9671373956438</x>
      <y>-289.78524442704435</y>
      <steeringAngle>0.0</steeringAngle>
      <velocity>8.0</velocity>
      <orientation>-5.5223253473698195</orientation>
      <time>73</time>
    </ksState>
    <ksState>
      <x>319.54653203407565</x>
      <y>-289.2336088109385</y>
      <steeringAngle>0.0</steeringAngle>
      <velocity>8.0</velocity>
      <orientation>-5.5223253473698195</orientation>
      <time>74</time>
    </ksState>
    <ksState>
      <x>320.12592667250743</x>
      <y>-288.68197319483266</y>
      <steeringAngle>0.0</steeringAngle>
      <velocity>8.0</velocity>
      <orientation>-5.5223253473698195</orientation>
      <time>75</time>
    </ksState>
    <ksState>
      <x>320.7053213109392</x>
      <y>-288.1303375787268</y>
      <steeringAngle>0.0</steeringAngle>
      <velocity>8.0</velocity>
      <orientation>-5.5223253473698195</orientation>
      <time>76</time>
    </ksState>
    <ksState>
      <x>321.28471594937105</x>
      <y>-287.578701962621</y>
      <steeringAngle>0.0</steeringAngle>
      <velocity>8.0</velocity>
      <orientation>-5.5223253473698195</orientation>
      <time>77</time>
    </ksState>
    <ksState>
      <x>321.8641105878028</x>
      <y>-287.02706634651514</y>
      <steeringAngle>0.0</steeringAngle>
      <velocity>8.0</velocity>
      <orientation>-5.5223253473698195</orientation>
      <time>78</time>
    </ksState>
    <ksState>
      <x>322.44350522623466</x>
      <y>-286.4754307304093</y>
      <steeringAngle>0.0</steeringAngle>
      <velocity>8.0</velocity>
      <orientation>-5.5223253473698195</orientation>
      <time>79</time>
    </ksState>
    <ksState>
      <x>323.02289986466644</x>
      <y>-285.92379511430346</y>
      <steeringAngle>0.0</steeringAngle>
      <velocity>8.0</velocity>
      <orientation>-5.5223253473698195</orientation>
      <time>80</time>
    </ksState>
    <ksState>
      <x>323.5958555745381</x>
      <y>-285.36543149649117</y>
      <steeringAngle>0.03553333333333333</steeringAngle>
      <velocity>8.0</velocity>
      <orientation>-5.516812812366981</orientation>
      <time>81</time>
    </ksState>
    <ksState>
      <x>324.15162702963204</x>
      <y>-284.7895641821363</y>
      <steeringAngle>0.07106666666666667</steeringAngle>
      <velocity>8.0</velocity>
      <orientation>-5.500261291486711</orientation>
      <time>82</time>
    </ksState>
    <ksState>
      <x>324.6832604948564</x>
      <y>-284.19055481553477</y>
      <steeringAngle>0.10659999999999997</steeringAngle>
      <velocity>8.0</velocity>
      <orientation>-5.4726288121960165</orientation>
      <time>83</time>
    </ksState>
    <ksState>
      <x>325.1829947168954</x>
      <y>-283.563540221385</y>
      <steeringAngle>0.1421333333333333</steeringAngle>
      <velocity>8.0</velocity>
      <orientation>-5.433844959923281</orientation>
      <time>84</time>
    </ksState>
    <ksState>
      <x>325.6421081728536</x>
      <y>-282.90472295431215</y>
      <steeringAngle>0.17766666666666667</steeringAngle>
      <velocity>8.0</velocity>
      <orientation>-5.383810147674127</orientation>
      <time>85</time>
    </ksState>
    <ksState>
      <x>326.0664933028385</x>
      <y>-282.222859851477</y>
      <steeringAngle>0.14213333333333336</steeringAngle>
      <velocity>8.0</velocity>
      <orientation>-5.333775336125378</orientation>
      <time>86</time>
    </ksState>
    <ksState>
      <x>326.4734038145611</x>
      <y>-281.53186770609693</y>
      <steeringAngle>0.1066000000000001</steeringAngle>
      <velocity>8.0</velocity>
      <orientation>-5.2949914841183805</orientation>
      <time>87</time>
    </ksState>
    <ksState>
      <x>326.870531159634</x>
      <y>-280.83627248897557</y>
      <steeringAngle>0.07106666666666674</steeringAngle>
      <velocity>8.0</velocity>
      <orientation>-5.267359005088694</orientation>
      <time>88</time>
    </ksState>
    <ksState>
      <x>327.2656738673971</x>
      <y>-280.14025759730345</y>
      <steeringAngle>0.035533333333333354</steeringAngle>
      <velocity>8.0</velocity>
      <orientation>-5.250807484459664</orientation>
      <time>89</time>
    </ksState>
    <ksState>
      <x>327.6666252783854</x>
      <y>-279.44793594422475</y>
      <steeringAngle>2.0816681711721685e-17</steeringAngle>
      <velocity>8.0</velocity>
      <orientation>-5.24529495800126</orientation>
      <time>90</time>
    </ksState>
    <ksState>
      <x>328.08106513371064</x>
      <y>-278.76362038727086</y>
      <steeringAngle>-0.03553333333333333</steeringAngle>
      <velocity>8.0</velocity>
      <orientation>-5.250807493004099</orientation>
      <time>91</time>
    </ksState>
    <ksState>
      <x>328.5164392612519</x>
      <y>-278.0920889709491</y>
      <steeringAngle>-0.07106666666666667</steeringAngle>
      <velocity>8.0</velocity>
      <orientation>-5.267359013884368</orientation>
      <time>92</time>
    </ksState>
    <ksState>
      <x>328.9798115961695</x>
      <y>-277.43884135950617</y>
      <steeringAngle>-0.10659999999999997</steeringAngle>
      <velocity>8.0</velocity>
      <orientation>-5.294991493175063</orientation>
      <time>93</time>
    </ksState>
    <ksState>
      <x>329.4776734334478</x>
      <y>-276.81033902463736</y>
      <steeringAngle>-0.1421333333333333</steeringAngle>
      <velocity>8.0</velocity>
      <orientation>-5.3337753454477985</orientation>
      <time>94</time>
    </ksState>
    <ksState>
      <x>330.0156949141561</x>
      <y>-276.2142197050949</y>
      <steeringAngle>-0.17766666666666667</steeringAngle>
      <velocity>8.0</velocity>
      <orientation>-5.383810157696953</orientation>
      <time>95</time>
    </ksState>
    <ksState>
      <x>330.55502927739434</x>
      <y>-275.6745051170499</y>
      <steeringAngle>-0.1421333333333334</steeringAngle>
      <velocity>7.2</velocity>
      <orientation>-5.4314374794425895</orientation>
      <time>96</time>
    </ksState>
    <ksState>
      <x>331.04657050910123</x>
      <y>-275.2022681906206</y>
      <steeringAngle>-0.10660000000000011</steeringAngle>
      <velocity>6.4</velocity>
      <orientation>-5.464497049890558</orientation>
      <time>97</time>
    </ksState>
    <ksState>
      <x>331.4827253199744</x>
      <y>-274.7891608346015</y>
      <steeringAngle>-0.07106666666666674</steeringAngle>
      <velocity>5.600000000000001</velocity>
      <orientation>-5.485313998184446</orientation>
      <time>98</time>
    </ksState>
    <ksState>
      <x>331.8590323294883</x>
      <y>-274.42994187207967</y>
      <steeringAngle>-0.03553333333333339</steeringAngle>
      <velocity>4.800000000000001</velocity>
      <orientation>-5.496164607842109</orientation>
      <time>99</time>
    </ksState>
  </ksTrajectory>
</CommonRoadSolution>
