<?xml version="1.0" ?>
<CommonRoadSolution benchmark_id="KS2:SM1:ESP_Toledo-5_1_T-1:2020a" computation_time="0.7017170290000649" date="2022-12-18T12:01:12">
  <ksTrajectory planningProblem="1">
    <ksState>
      <x>539.46872</x>
      <y>-157.09514</y>
      <steeringAngle>0.0</steeringAngle>
      <velocity>0.0</velocity>
      <orientation>0.36907896</orientation>
      <time>0</time>
    </ksState>
    <ksState>
      <x>539.5062170726276</x>
      <y>-157.08120294611626</y>
      <steeringAngle>-0.03553333333333333</steeringAngle>
      <velocity>0.8</velocity>
      <orientation>0.36871142822175806</orientation>
      <time>1</time>
    </ksState>
    <ksState>
      <x>539.6195178070026</x>
      <y>-157.04150110071143</y>
      <steeringAngle>-0.0710666666666667</steeringAngle>
      <velocity>1.6</velocity>
      <orientation>0.3661365816297724</orientation>
      <time>2</time>
    </ksState>
    <ksState>
      <x>539.8100273199473</x>
      <y>-156.97982251605626</y>
      <steeringAngle>-0.10660000000000003</steeringAngle>
      <velocity>2.4000000000000004</velocity>
      <orientation>0.3591358773929352</orientation>
      <time>3</time>
    </ksState>
    <ksState>
      <x>540.0795061600412</x>
      <y>-156.9013719127913</y>
      <steeringAngle>-0.14213333333333342</steeringAngle>
      <velocity>3.2000000000000015</velocity>
      <orientation>0.345468236452115</orientation>
      <time>4</time>
    </ksState>
    <ksState>
      <x>540.43008557056</x>
      <y>-156.81354568349644</y>
      <steeringAngle>-0.17766666666666683</steeringAngle>
      <velocity>4.0000000000000036</velocity>
      <orientation>0.32285832057889485</orientation>
      <time>5</time>
    </ksState>
    <ksState>
      <x>540.8231834356302</x>
      <y>-156.7296789765341</y>
      <steeringAngle>-0.17766666666666667</steeringAngle>
      <velocity>4.0</velocity>
      <orientation>0.295007832423639</orientation>
      <time>6</time>
    </ksState>
    <ksState>
      <x>541.2184643175558</x>
      <y>-156.65679133191622</y>
      <steeringAngle>-0.17766666666666667</steeringAngle>
      <velocity>4.0</velocity>
      <orientation>0.26715734426838306</orientation>
      <time>7</time>
    </ksState>
    <ksState>
      <x>541.6156216050795</x>
      <y>-156.59493929472274</y>
      <steeringAngle>-0.17766666666666667</steeringAngle>
      <velocity>4.0</velocity>
      <orientation>0.2393068561131272</orientation>
      <time>8</time>
    </ksState>
    <ksState>
      <x>542.0143472628499</x>
      <y>-156.54417083717755</y>
      <steeringAngle>-0.17766666666666667</steeringAngle>
      <velocity>4.0</velocity>
      <orientation>0.21145636795787132</orientation>
      <time>9</time>
    </ksState>
    <ksState>
      <x>542.4143320395285</x>
      <y>-156.50452533633478</y>
      <steeringAngle>-0.17766666666666667</steeringAngle>
      <velocity>4.0</velocity>
      <orientation>0.1836058798026155</orientation>
      <time>10</time>
    </ksState>
    <ksState>
      <x>542.7751384770909</x>
      <y>-156.4783801265389</y>
      <steeringAngle>-0.17766666666666667</steeringAngle>
      <velocity>3.2000000000000006</velocity>
      <orientation>0.15854044053443792</orientation>
      <time>11</time>
    </ksState>
    <ksState>
      <x>543.0561519990496</x>
      <y>-156.46430183311432</y>
      <steeringAngle>-0.17766666666666667</steeringAngle>
      <velocity>2.4000000000000012</velocity>
      <orientation>0.13904509890440814</orientation>
      <time>12</time>
    </ksState>
    <ksState>
      <x>543.2570175068186</x>
      <y>-156.4576012625453</y>
      <steeringAngle>-0.17766666666666667</steeringAngle>
      <velocity>1.6000000000000005</velocity>
      <orientation>0.12511985490542715</orientation>
      <time>13</time>
    </ksState>
    <ksState>
      <x>543.3775747438001</x>
      <y>-156.45492374532682</y>
      <steeringAngle>-0.17766666666666667</steeringAngle>
      <velocity>0.8000000000000004</velocity>
      <orientation>0.11676470853467305</orientation>
      <time>14</time>
    </ksState>
    <ksState>
      <x>543.4177649419842</x>
      <y>-156.45425509974203</y>
      <steeringAngle>-0.17766666666666667</steeringAngle>
      <velocity>2.7755575615628914e-16</velocity>
      <orientation>0.11397965978845769</orientation>
      <time>15</time>
    </ksState>
    <ksState>
      <x>543.4177649419842</x>
      <y>-156.45425509974203</y>
      <steeringAngle>-0.14213333333333336</steeringAngle>
      <velocity>0.0</velocity>
      <orientation>0.11397965978845769</orientation>
      <time>16</time>
    </ksState>
    <ksState>
      <x>543.4177649419842</x>
      <y>-156.45425509974203</y>
      <steeringAngle>-0.10660000000000001</steeringAngle>
      <velocity>0.0</velocity>
      <orientation>0.11397965978845769</orientation>
      <time>17</time>
    </ksState>
    <ksState>
      <x>543.4177649419842</x>
      <y>-156.45425509974203</y>
      <steeringAngle>-0.07106666666666668</steeringAngle>
      <velocity>0.0</velocity>
      <orientation>0.11397965978845769</orientation>
      <time>18</time>
    </ksState>
    <ksState>
      <x>543.4177649419842</x>
      <y>-156.45425509974203</y>
      <steeringAngle>-0.03553333333333333</steeringAngle>
      <velocity>0.0</velocity>
      <orientation>0.11397965978845769</orientation>
      <time>19</time>
    </ksState>
    <ksState>
      <x>543.4177649419842</x>
      <y>-156.45425509974203</y>
      <steeringAngle>-0.0</steeringAngle>
      <velocity>0.0</velocity>
      <orientation>0.11397965978845769</orientation>
      <time>20</time>
    </ksState>
    <ksState>
      <x>543.4574451604472</x>
      <y>-156.4491804382429</y>
      <steeringAngle>0.03553333333333333</steeringAngle>
      <velocity>0.8</velocity>
      <orientation>0.11434719156669966</orientation>
      <time>21</time>
    </ksState>
    <ksState>
      <x>543.5762229498454</x>
      <y>-156.43171247659575</y>
      <steeringAngle>0.0710666666666667</steeringAngle>
      <velocity>1.6</velocity>
      <orientation>0.1169220381586853</orientation>
      <time>22</time>
    </ksState>
    <ksState>
      <x>543.7735831388758</x>
      <y>-156.3978439349477</y>
      <steeringAngle>0.10660000000000003</steeringAngle>
      <velocity>2.4000000000000004</velocity>
      <orientation>0.12392274239552252</orientation>
      <time>23</time>
    </ksState>
    <ksState>
      <x>544.0486672906319</x>
      <y>-156.34214786808752</y>
      <steeringAngle>0.14213333333333342</steeringAngle>
      <velocity>3.2000000000000015</velocity>
      <orientation>0.13759038333634266</orientation>
      <time>24</time>
    </ksState>
    <ksState>
      <x>544.3999272377307</x>
      <y>-156.25708424956642</y>
      <steeringAngle>0.17766666666666683</steeringAngle>
      <velocity>4.0000000000000036</velocity>
      <orientation>0.16020029920956283</orientation>
      <time>25</time>
    </ksState>
    <ksState>
      <x>544.8264855876378</x>
      <y>-156.14229786411585</y>
      <steeringAngle>0.14213333333333333</steeringAngle>
      <velocity>4.8000000000000025</velocity>
      <orientation>0.18762519892791524</orientation>
      <time>26</time>
    </ksState>
    <ksState>
      <x>545.3289198195546</x>
      <y>-156.00357173477886</y>
      <steeringAngle>0.10660000000000003</steeringAngle>
      <velocity>5.600000000000005</velocity>
      <orientation>0.21274141120683313</orientation>
      <time>27</time>
    </ksState>
    <ksState>
      <x>545.9074594673673</x>
      <y>-155.84181539843354</y>
      <steeringAngle>0.07106666666666671</steeringAngle>
      <velocity>6.400000000000004</velocity>
      <orientation>0.23337318080629263</orientation>
      <time>28</time>
    </ksState>
    <ksState>
      <x>546.5630449239527</x>
      <y>-155.66011039343124</y>
      <steeringAngle>0.035533333333333375</steeringAngle>
      <velocity>7.200000000000006</velocity>
      <orientation>0.2473498488990849</orientation>
      <time>29</time>
    </ksState>
    <ksState>
      <x>547.2974574025611</x>
      <y>-155.46440590271175</y>
      <steeringAngle>2.6346112791397758e-17</steeringAngle>
      <velocity>8.000000000000007</velocity>
      <orientation>0.25249486167865337</orientation>
      <time>30</time>
    </ksState>
    <ksState>
      <x>548.0743942948022</x>
      <y>-155.27357288500824</y>
      <steeringAngle>-0.03553333333333333</steeringAngle>
      <velocity>8.0</velocity>
      <orientation>0.2469823266758146</orientation>
      <time>31</time>
    </ksState>
    <ksState>
      <x>548.8570942641541</x>
      <y>-155.1065823702592</y>
      <steeringAngle>-0.07106666666666667</steeringAngle>
      <velocity>8.0</velocity>
      <orientation>0.23043080579554495</orientation>
      <time>32</time>
    </ksState>
    <ksState>
      <x>549.6466634409593</x>
      <y>-154.9723181618416</y>
      <steeringAngle>-0.10659999999999997</steeringAngle>
      <velocity>8.0</velocity>
      <orientation>0.20279832650485005</orientation>
      <time>33</time>
    </ksState>
  </ksTrajectory>
</CommonRoadSolution>
