<?xml version="1.0" ?>
<CommonRoadSolution benchmark_id="KS2:SM1:FRA_Anglet-1_2_T-1:2020a" computation_time="0.8463713190003546" date="2022-12-18T12:01:12">
  <ksTrajectory planningProblem="1">
    <ksState>
      <x>429.99898</x>
      <y>796.38937</y>
      <steeringAngle>0.0</steeringAngle>
      <velocity>8.0</velocity>
      <orientation>-2.9917349</orientation>
      <time>0</time>
    </ksState>
    <ksState>
      <x>429.2093603175423</x>
      <y>796.2607273467066</y>
      <steeringAngle>0.03553333333333333</steeringAngle>
      <velocity>8.0</velocity>
      <orientation>-2.986222364997161</orientation>
      <time>1</time>
    </ksState>
    <ksState>
      <x>428.4237741306952</x>
      <y>796.1078894683042</y>
      <steeringAngle>0.07106666666666667</steeringAngle>
      <velocity>8.0</velocity>
      <orientation>-2.9696708441168918</orientation>
      <time>2</time>
    </ksState>
    <ksState>
      <x>427.64468239887304</x>
      <y>795.9222488584443</y>
      <steeringAngle>0.10659999999999997</steeringAngle>
      <velocity>8.0</velocity>
      <orientation>-2.9420383648261965</orientation>
      <time>3</time>
    </ksState>
    <ksState>
      <x>426.87565221042985</x>
      <y>795.6953696764626</y>
      <steeringAngle>0.1421333333333333</steeringAngle>
      <velocity>8.0</velocity>
      <orientation>-2.903254512553462</orientation>
      <time>4</time>
    </ksState>
    <ksState>
      <x>426.12164858220126</x>
      <y>795.4191380970705</y>
      <steeringAngle>0.17766666666666667</steeringAngle>
      <velocity>8.0</velocity>
      <orientation>-2.853219700304307</orientation>
      <time>5</time>
    </ksState>
    <ksState>
      <x>425.4253892713844</x>
      <y>795.1038422797036</y>
      <steeringAngle>0.21320000000000014</steeringAngle>
      <velocity>7.200000000000003</velocity>
      <orientation>-2.794970373232814</orientation>
      <time>6</time>
    </ksState>
    <ksState>
      <x>424.82565512498644</x>
      <y>794.7718330341461</y>
      <steeringAngle>0.24873333333333347</steeringAngle>
      <velocity>6.400000000000004</velocity>
      <orientation>-2.733053285747035</orientation>
      <time>7</time>
    </ksState>
    <ksState>
      <x>424.3212174108273</x>
      <y>794.4349636546342</y>
      <steeringAngle>0.2842666666666668</steeringAngle>
      <velocity>5.600000000000001</velocity>
      <orientation>-2.6696311429831137</orientation>
      <time>8</time>
    </ksState>
    <ksState>
      <x>423.9086567695009</x>
      <y>794.1063201038604</y>
      <steeringAngle>0.3198</steeringAngle>
      <velocity>4.800000000000002</velocity>
      <orientation>-2.606902043241161</orientation>
      <time>9</time>
    </ksState>
    <ksState>
      <x>423.5823702874208</x>
      <y>793.7992845482141</y>
      <steeringAngle>0.3553333333333332</steeringAngle>
      <velocity>4.000000000000001</velocity>
      <orientation>-2.5471122091929463</orientation>
      <time>10</time>
    </ksState>
    <ksState>
      <x>423.3298331981156</x>
      <y>793.5333854131496</y>
      <steeringAngle>0.31979999999999975</steeringAngle>
      <velocity>3.2</velocity>
      <orientation>-2.498005649135158</orientation>
      <time>11</time>
    </ksState>
    <ksState>
      <x>423.1384198725095</x>
      <y>793.323401482634</y>
      <steeringAngle>0.2842666666666663</steeringAngle>
      <velocity>2.4000000000000004</velocity>
      <orientation>-2.4640733937689436</orientation>
      <time>12</time>
    </ksState>
    <ksState>
      <x>423.0031911700819</x>
      <y>793.1729669235251</y>
      <steeringAngle>0.24873333333333292</steeringAngle>
      <velocity>1.6000000000000008</velocity>
      <orientation>-2.4428010728220046</orientation>
      <time>13</time>
    </ksState>
    <ksState>
      <x>422.92192661673243</x>
      <y>793.0832830941465</y>
      <steeringAngle>0.21319999999999967</steeringAngle>
      <velocity>0.8000000000000008</velocity>
      <orientation>-2.43176048208095</orientation>
      <time>14</time>
    </ksState>
    <ksState>
      <x>422.89457120466733</x>
      <y>793.0537536902442</y>
      <steeringAngle>0.1776666666666663</steeringAngle>
      <velocity>6.661338147750939e-16</velocity>
      <orientation>-2.4285942445390716</orientation>
      <time>15</time>
    </ksState>
    <ksState>
      <x>422.8665911008212</x>
      <y>793.0249638435695</y>
      <steeringAngle>0.14213333333333333</steeringAngle>
      <velocity>0.8</velocity>
      <orientation>-2.426186747328269</orientation>
      <time>16</time>
    </ksState>
    <ksState>
      <x>422.78160786178876</x>
      <y>792.9398497870468</y>
      <steeringAngle>0.10660000000000001</steeringAngle>
      <velocity>1.6</velocity>
      <orientation>-2.4204624607079346</orientation>
      <time>17</time>
    </ksState>
    <ksState>
      <x>422.63830419635536</x>
      <y>792.799996940417</y>
      <steeringAngle>0.07106666666666664</steeringAngle>
      <velocity>2.4000000000000004</velocity>
      <orientation>-2.4136469469449557</orientation>
      <time>18</time>
    </ksState>
    <ksState>
      <x>422.43527803154984</x>
      <y>792.607001065793</y>
      <steeringAngle>0.03553333333333332</steeringAngle>
      <velocity>3.1999999999999993</velocity>
      <orientation>-2.407946026232026</orientation>
      <time>19</time>
    </ksState>
    <ksState>
      <x>422.1705588221225</x>
      <y>792.3630005841788</y>
      <steeringAngle>-2.6020852139652106e-18</steeringAngle>
      <velocity>3.999999999999999</velocity>
      <orientation>-2.4055572746436993</orientation>
      <time>20</time>
    </ksState>
    <ksState>
      <x>421.9012824261167</x>
      <y>792.1240430622736</y>
      <steeringAngle>-0.03553333333333333</steeringAngle>
      <velocity>3.2</velocity>
      <orientation>-2.407946023023492</orientation>
      <time>21</time>
    </ksState>
    <ksState>
      <x>421.68742898286126</x>
      <y>791.943126456868</y>
      <steeringAngle>-0.07106666666666668</steeringAngle>
      <velocity>2.4</velocity>
      <orientation>-2.4136469380292884</orientation>
      <time>22</time>
    </ksState>
    <ksState>
      <x>421.53127177997686</x>
      <y>791.8177952713608</y>
      <steeringAngle>-0.10660000000000003</steeringAngle>
      <velocity>1.5999999999999994</velocity>
      <orientation>-2.42046247177402</orientation>
      <time>23</time>
    </ksState>
    <ksState>
      <x>421.43556967630207</x>
      <y>791.7449452463204</y>
      <steeringAngle>-0.14213333333333342</steeringAngle>
      <velocity>0.7999999999999988</velocity>
      <orientation>-2.4261867332605</orientation>
      <time>24</time>
    </ksState>
    <ksState>
      <x>421.40310247385275</x>
      <y>791.721331657768</y>
      <steeringAngle>-0.17766666666666675</steeringAngle>
      <velocity>-1.5265566588595902e-15</velocity>
      <orientation>-2.4285942277350556</orientation>
      <time>25</time>
    </ksState>
    <ksState>
      <x>421.40310247385275</x>
      <y>791.721331657768</y>
      <steeringAngle>-0.14213333333333336</steeringAngle>
      <velocity>0.0</velocity>
      <orientation>-2.4285942277350556</orientation>
      <time>26</time>
    </ksState>
    <ksState>
      <x>421.40310247385275</x>
      <y>791.721331657768</y>
      <steeringAngle>-0.10660000000000001</steeringAngle>
      <velocity>0.0</velocity>
      <orientation>-2.4285942277350556</orientation>
      <time>27</time>
    </ksState>
    <ksState>
      <x>421.40310247385275</x>
      <y>791.721331657768</y>
      <steeringAngle>-0.07106666666666668</steeringAngle>
      <velocity>0.0</velocity>
      <orientation>-2.4285942277350556</orientation>
      <time>28</time>
    </ksState>
    <ksState>
      <x>421.40310247385275</x>
      <y>791.721331657768</y>
      <steeringAngle>-0.03553333333333333</steeringAngle>
      <velocity>0.0</velocity>
      <orientation>-2.4285942277350556</orientation>
      <time>29</time>
    </ksState>
    <ksState>
      <x>421.40310247385275</x>
      <y>791.721331657768</y>
      <steeringAngle>-0.0</steeringAngle>
      <velocity>0.0</velocity>
      <orientation>-2.4285942277350556</orientation>
      <time>30</time>
    </ksState>
    <ksState>
      <x>421.40310247385275</x>
      <y>791.721331657768</y>
      <steeringAngle>0.0</steeringAngle>
      <velocity>0.0</velocity>
      <orientation>-2.4285942277350556</orientation>
      <time>31</time>
    </ksState>
    <ksState>
      <x>421.40310247385275</x>
      <y>791.721331657768</y>
      <steeringAngle>0.0</steeringAngle>
      <velocity>0.0</velocity>
      <orientation>-2.4285942277350556</orientation>
      <time>32</time>
    </ksState>
    <ksState>
      <x>421.40310247385275</x>
      <y>791.721331657768</y>
      <steeringAngle>0.0</steeringAngle>
      <velocity>0.0</velocity>
      <orientation>-2.4285942277350556</orientation>
      <time>33</time>
    </ksState>
  </ksTrajectory>
</CommonRoadSolution>
