<?xml version="1.0" ?>
<CommonRoadSolution benchmark_id="KS2:SM1:DEU_Flensburg-22_1_T-1:2020a" computation_time="1.8200107789998583" date="2022-12-18T12:01:12">
  <ksTrajectory planningProblem="123">
    <ksState>
      <x>156.29673</x>
      <y>476.61498</y>
      <steeringAngle>0.0</steeringAngle>
      <velocity>4.0</velocity>
      <orientation>0.33048403</orientation>
      <time>0</time>
    </ksState>
    <ksState>
      <x>156.67368699101084</x>
      <y>476.7488352941509</y>
      <steeringAngle>0.035533333333333326</steeringAngle>
      <velocity>4.0</velocity>
      <orientation>0.3332403045326004</orientation>
      <time>1</time>
    </ksState>
    <ksState>
      <x>157.04729977990763</x>
      <y>476.8921770208691</y>
      <steeringAngle>0.07106666666666711</steeringAngle>
      <velocity>4.0</velocity>
      <orientation>0.34151606507588583</orientation>
      <time>2</time>
    </ksState>
    <ksState>
      <x>157.41661366703042</x>
      <y>477.0470440440334</y>
      <steeringAngle>0.10660000000000043</steeringAngle>
      <velocity>4.0</velocity>
      <orientation>0.35533230489502265</orientation>
      <time>3</time>
    </ksState>
    <ksState>
      <x>157.78047130497492</x>
      <y>477.2154288498164</y>
      <steeringAngle>0.14213333333333378</steeringAngle>
      <velocity>4.0</velocity>
      <orientation>0.3747242312805685</orientation>
      <time>4</time>
    </ksState>
    <ksState>
      <x>158.13747534611036</x>
      <y>477.3992578929216</y>
      <steeringAngle>0.1776666666666672</steeringAngle>
      <velocity>4.0</velocity>
      <orientation>0.3997416377319658</orientation>
      <time>5</time>
    </ksState>
    <ksState>
      <x>158.52252524715126</x>
      <y>477.6165618194791</y>
      <steeringAngle>0.17766666666666667</steeringAngle>
      <velocity>4.800000000000002</velocity>
      <orientation>0.4303771747743</orientation>
      <time>6</time>
    </ksState>
    <ksState>
      <x>158.96874191916228</x>
      <y>477.8884334303559</y>
      <steeringAngle>0.17766666666666667</steeringAngle>
      <velocity>5.600000000000001</velocity>
      <orientation>0.46658280945083996</orientation>
      <time>7</time>
    </ksState>
    <ksState>
      <x>159.47097868705916</x>
      <y>478.22195687523157</y>
      <steeringAngle>0.17766666666666667</steeringAngle>
      <velocity>6.3999999999999995</velocity>
      <orientation>0.5083585417604799</orientation>
      <time>8</time>
    </ksState>
    <ksState>
      <x>160.02276581588984</x>
      <y>478.62492223246363</y>
      <steeringAngle>0.17766666666666667</steeringAngle>
      <velocity>7.200000000000002</velocity>
      <orientation>0.5557043717025768</orientation>
      <time>9</time>
    </ksState>
    <ksState>
      <x>160.61611237078444</x>
      <y>479.1056212219264</y>
      <steeringAngle>0.17766666666666667</steeringAngle>
      <velocity>8.0</velocity>
      <orientation>0.6086202992767269</orientation>
      <time>10</time>
    </ksState>
    <ksState>
      <x>161.17771662888913</x>
      <y>479.6240700020647</y>
      <steeringAngle>0.21320000000000014</steeringAngle>
      <velocity>7.200000000000003</velocity>
      <orientation>0.6668696263482198</orientation>
      <time>11</time>
    </ksState>
    <ksState>
      <x>161.64244188570595</x>
      <y>480.1279962081385</y>
      <steeringAngle>0.24873333333333347</steeringAngle>
      <velocity>6.400000000000004</velocity>
      <orientation>0.7287867138339991</orientation>
      <time>12</time>
    </ksState>
    <ksState>
      <x>162.01518583461618</x>
      <y>480.6065360025858</y>
      <steeringAngle>0.2842666666666668</steeringAngle>
      <velocity>5.600000000000001</velocity>
      <orientation>0.7922088565979202</orientation>
      <time>13</time>
    </ksState>
    <ksState>
      <x>162.30331346512443</x>
      <y>481.0483451636209</y>
      <steeringAngle>0.3198</steeringAngle>
      <velocity>4.800000000000002</velocity>
      <orientation>0.8549379563398729</orientation>
      <time>14</time>
    </ksState>
    <ksState>
      <x>162.51635554906332</x>
      <y>481.44248571125615</y>
      <steeringAngle>0.3553333333333332</steeringAngle>
      <velocity>4.000000000000001</velocity>
      <orientation>0.9147277903880876</orientation>
      <time>15</time>
    </ksState>
    <ksState>
      <x>162.70506152399213</x>
      <y>481.84894425543376</y>
      <steeringAngle>0.31979999999999975</steeringAngle>
      <velocity>4.800000000000001</velocity>
      <orientation>0.9745176254198362</orientation>
      <time>16</time>
    </ksState>
    <ksState>
      <x>162.90773936834998</x>
      <y>482.33603354775926</y>
      <steeringAngle>0.28426666666666645</steeringAngle>
      <velocity>5.600000000000004</velocity>
      <orientation>1.0372467255511597</orientation>
      <time>17</time>
    </ksState>
    <ksState>
      <x>163.11683195880124</x>
      <y>482.905576155946</y>
      <steeringAngle>0.2487333333333331</steeringAngle>
      <velocity>6.400000000000004</velocity>
      <orientation>1.1006688622438356</orientation>
      <time>18</time>
    </ksState>
    <ksState>
      <x>163.32568798403688</x>
      <y>483.5586363183681</y>
      <steeringAngle>0.21319999999999992</steeringAngle>
      <velocity>7.200000000000004</velocity>
      <orientation>1.1625859509216345</orientation>
      <time>19</time>
    </ksState>
    <ksState>
      <x>163.5292846638504</x>
      <y>484.29549800872695</y>
      <steeringAngle>0.17766666666666656</steeringAngle>
      <velocity>8.000000000000004</velocity>
      <orientation>1.2208352805226</orientation>
      <time>20</time>
    </ksState>
    <ksState>
      <x>163.71649454508614</x>
      <y>485.0765181684718</y>
      <steeringAngle>0.14213333333333336</steeringAngle>
      <velocity>8.0</velocity>
      <orientation>1.2708700920713483</orientation>
      <time>21</time>
    </ksState>
    <ksState>
      <x>163.8842406023234</x>
      <y>485.8606785919877</y>
      <steeringAngle>0.1066000000000001</steeringAngle>
      <velocity>8.0</velocity>
      <orientation>1.3096539440783457</orientation>
      <time>22</time>
    </ksState>
    <ksState>
      <x>164.041250283882</x>
      <y>486.6461152821058</y>
      <steeringAngle>0.07106666666666674</steeringAngle>
      <velocity>8.0</velocity>
      <orientation>1.3372864231080326</orientation>
      <time>23</time>
    </ksState>
    <ksState>
      <x>164.19624439386882</x>
      <y>487.4313230984176</y>
      <steeringAngle>0.035533333333333354</steeringAngle>
      <velocity>8.0</velocity>
      <orientation>1.353837943737062</orientation>
      <time>24</time>
    </ksState>
    <ksState>
      <x>164.35791654379082</x>
      <y>488.2148621346083</y>
      <steeringAngle>2.0816681711721685e-17</steeringAngle>
      <velocity>8.0</velocity>
      <orientation>1.3593504701954668</orientation>
      <time>25</time>
    </ksState>
    <ksState>
      <x>164.5258155629213</x>
      <y>488.9970449261443</y>
      <steeringAngle>0.0</steeringAngle>
      <velocity>8.0</velocity>
      <orientation>1.3593504701954668</orientation>
      <time>26</time>
    </ksState>
    <ksState>
      <x>164.69371458205177</x>
      <y>489.77922771768027</y>
      <steeringAngle>0.0</steeringAngle>
      <velocity>8.0</velocity>
      <orientation>1.3593504701954668</orientation>
      <time>27</time>
    </ksState>
    <ksState>
      <x>164.86161360118226</x>
      <y>490.5614105092163</y>
      <steeringAngle>0.0</steeringAngle>
      <velocity>8.0</velocity>
      <orientation>1.3593504701954668</orientation>
      <time>28</time>
    </ksState>
    <ksState>
      <x>165.02951262031274</x>
      <y>491.3435933007523</y>
      <steeringAngle>0.0</steeringAngle>
      <velocity>8.0</velocity>
      <orientation>1.3593504701954668</orientation>
      <time>29</time>
    </ksState>
    <ksState>
      <x>165.1974116394432</x>
      <y>492.1257760922882</y>
      <steeringAngle>0.0</steeringAngle>
      <velocity>8.0</velocity>
      <orientation>1.3593504701954668</orientation>
      <time>30</time>
    </ksState>
    <ksState>
      <x>165.3653106585737</x>
      <y>492.9079588838242</y>
      <steeringAngle>0.0</steeringAngle>
      <velocity>8.0</velocity>
      <orientation>1.3593504701954668</orientation>
      <time>31</time>
    </ksState>
    <ksState>
      <x>165.53320967770415</x>
      <y>493.69014167536017</y>
      <steeringAngle>0.0</steeringAngle>
      <velocity>8.0</velocity>
      <orientation>1.3593504701954668</orientation>
      <time>32</time>
    </ksState>
    <ksState>
      <x>165.70110869683464</x>
      <y>494.47232446689617</y>
      <steeringAngle>0.0</steeringAngle>
      <velocity>8.0</velocity>
      <orientation>1.3593504701954668</orientation>
      <time>33</time>
    </ksState>
    <ksState>
      <x>165.86900771596513</x>
      <y>495.25450725843217</y>
      <steeringAngle>0.0</steeringAngle>
      <velocity>8.0</velocity>
      <orientation>1.3593504701954668</orientation>
      <time>34</time>
    </ksState>
    <ksState>
      <x>166.03690673509558</x>
      <y>496.0366900499681</y>
      <steeringAngle>0.0</steeringAngle>
      <velocity>8.0</velocity>
      <orientation>1.3593504701954668</orientation>
      <time>35</time>
    </ksState>
    <ksState>
      <x>166.20482650961375</x>
      <y>496.77793593887543</y>
      <steeringAngle>-0.03553333333333333</steeringAngle>
      <velocity>7.199999999999999</velocity>
      <orientation>1.3542054572129745</orientation>
      <time>36</time>
    </ksState>
    <ksState>
      <x>166.37446652157664</x>
      <y>497.43671430915924</y>
      <steeringAngle>-0.07106666666666664</steeringAngle>
      <velocity>6.400000000000001</velocity>
      <orientation>1.3402287850920114</orientation>
      <time>37</time>
    </ksState>
    <ksState>
      <x>166.54570124786056</x>
      <y>498.01247730588665</y>
      <steeringAngle>-0.10659999999999997</steeringAngle>
      <velocity>5.600000000000004</velocity>
      <orientation>1.31959701722613</orientation>
      <time>38</time>
    </ksState>
    <ksState>
      <x>166.71545932537498</x>
      <y>498.5052473077727</y>
      <steeringAngle>-0.1421333333333333</steeringAngle>
      <velocity>4.800000000000003</velocity>
      <orientation>1.2944808097174818</orientation>
      <time>39</time>
    </ksState>
    <ksState>
      <x>166.87845511813265</x>
      <y>498.91576500191564</y>
      <steeringAngle>-0.17766666666666653</steeringAngle>
      <velocity>4.000000000000006</velocity>
      <orientation>1.267055913132332</orientation>
      <time>40</time>
    </ksState>
    <ksState>
      <x>167.03685926861687</x>
      <y>499.284790695144</y>
      <steeringAngle>-0.1421333333333333</steeringAngle>
      <velocity>4.0</velocity>
      <orientation>1.2420385067878088</orientation>
      <time>41</time>
    </ksState>
    <ksState>
      <x>167.195868418052</x>
      <y>499.65287017593425</y>
      <steeringAngle>-0.10659999999999999</steeringAngle>
      <velocity>4.0</velocity>
      <orientation>1.222646580497058</orientation>
      <time>42</time>
    </ksState>
    <ksState>
      <x>167.35352915883507</x>
      <y>500.0210198625978</y>
      <steeringAngle>-0.07106666666666664</steeringAngle>
      <velocity>4.0</velocity>
      <orientation>1.2088303407621053</orientation>
      <time>43</time>
    </ksState>
    <ksState>
      <x>167.5078865997784</x>
      <y>500.3902295911119</y>
      <steeringAngle>-0.03553333333333332</steeringAngle>
      <velocity>4.0</velocity>
      <orientation>1.2005545802998399</orientation>
      <time>44</time>
    </ksState>
    <ksState>
      <x>167.65696155067698</x>
      <y>500.7614348781596</y>
      <steeringAngle>2.2985086056692694e-17</steeringAngle>
      <velocity>4.0</velocity>
      <orientation>1.1977983170049995</orientation>
      <time>45</time>
    </ksState>
    <ksState>
      <x>167.78472026423933</x>
      <y>501.0980179820579</y>
      <steeringAngle>0.03553333333333333</steeringAngle>
      <velocity>3.2</velocity>
      <orientation>1.2001870653847921</orientation>
      <time>46</time>
    </ksState>
    <ksState>
      <x>167.87790255862313</x>
      <y>501.36217924590466</y>
      <steeringAngle>0.07106666666666668</steeringAngle>
      <velocity>2.4</velocity>
      <orientation>1.2058879803905886</orientation>
      <time>47</time>
    </ksState>
    <ksState>
      <x>167.93961116649513</x>
      <y>501.5526655335682</y>
      <steeringAngle>0.10660000000000003</steeringAngle>
      <velocity>1.5999999999999994</velocity>
      <orientation>1.2127035141353202</orientation>
      <time>48</time>
    </ksState>
    <ksState>
      <x>167.9737277323797</x>
      <y>501.66800017159335</y>
      <steeringAngle>0.14213333333333342</steeringAngle>
      <velocity>0.7999999999999988</velocity>
      <orientation>1.2184277756217998</orientation>
      <time>49</time>
    </ksState>
    <ksState>
      <x>167.9842726474663</x>
      <y>501.70673678947645</y>
      <steeringAngle>0.17766666666666675</steeringAngle>
      <velocity>-1.5265566588595902e-15</velocity>
      <orientation>1.2208352700963556</orientation>
      <time>50</time>
    </ksState>
    <ksState>
      <x>167.9842726474663</x>
      <y>501.70673678947645</y>
      <steeringAngle>0.14213333333333336</steeringAngle>
      <velocity>0.0</velocity>
      <orientation>1.2208352700963556</orientation>
      <time>51</time>
    </ksState>
    <ksState>
      <x>167.9842726474663</x>
      <y>501.70673678947645</y>
      <steeringAngle>0.10660000000000001</steeringAngle>
      <velocity>0.0</velocity>
      <orientation>1.2208352700963556</orientation>
      <time>52</time>
    </ksState>
    <ksState>
      <x>167.9842726474663</x>
      <y>501.70673678947645</y>
      <steeringAngle>0.07106666666666668</steeringAngle>
      <velocity>0.0</velocity>
      <orientation>1.2208352700963556</orientation>
      <time>53</time>
    </ksState>
    <ksState>
      <x>167.9842726474663</x>
      <y>501.70673678947645</y>
      <steeringAngle>0.03553333333333333</steeringAngle>
      <velocity>0.0</velocity>
      <orientation>1.2208352700963556</orientation>
      <time>54</time>
    </ksState>
    <ksState>
      <x>167.9842726474663</x>
      <y>501.70673678947645</y>
      <steeringAngle>0.0</steeringAngle>
      <velocity>0.0</velocity>
      <orientation>1.2208352700963556</orientation>
      <time>55</time>
    </ksState>
    <ksState>
      <x>167.9842726474663</x>
      <y>501.70673678947645</y>
      <steeringAngle>0.0</steeringAngle>
      <velocity>0.0</velocity>
      <orientation>1.2208352700963556</orientation>
      <time>56</time>
    </ksState>
    <ksState>
      <x>167.9842726474663</x>
      <y>501.70673678947645</y>
      <steeringAngle>0.0</steeringAngle>
      <velocity>0.0</velocity>
      <orientation>1.2208352700963556</orientation>
      <time>57</time>
    </ksState>
    <ksState>
      <x>167.9842726474663</x>
      <y>501.70673678947645</y>
      <steeringAngle>0.0</steeringAngle>
      <velocity>0.0</velocity>
      <orientation>1.2208352700963556</orientation>
      <time>58</time>
    </ksState>
    <ksState>
      <x>167.9842726474663</x>
      <y>501.70673678947645</y>
      <steeringAngle>0.0</steeringAngle>
      <velocity>0.0</velocity>
      <orientation>1.2208352700963556</orientation>
      <time>59</time>
    </ksState>
    <ksState>
      <x>167.9842726474663</x>
      <y>501.70673678947645</y>
      <steeringAngle>0.0</steeringAngle>
      <velocity>0.0</velocity>
      <orientation>1.2208352700963556</orientation>
      <time>60</time>
    </ksState>
    <ksState>
      <x>167.9842726474663</x>
      <y>501.70673678947645</y>
      <steeringAngle>0.0</steeringAngle>
      <velocity>0.0</velocity>
      <orientation>1.2208352700963556</orientation>
      <time>61</time>
    </ksState>
    <ksState>
      <x>167.9842726474663</x>
      <y>501.70673678947645</y>
      <steeringAngle>0.0</steeringAngle>
      <velocity>0.0</velocity>
      <orientation>1.2208352700963556</orientation>
      <time>62</time>
    </ksState>
    <ksState>
      <x>167.9842726474663</x>
      <y>501.70673678947645</y>
      <steeringAngle>0.0</steeringAngle>
      <velocity>0.0</velocity>
      <orientation>1.2208352700963556</orientation>
      <time>63</time>
    </ksState>
    <ksState>
      <x>167.9842726474663</x>
      <y>501.70673678947645</y>
      <steeringAngle>0.0</steeringAngle>
      <velocity>0.0</velocity>
      <orientation>1.2208352700963556</orientation>
      <time>64</time>
    </ksState>
    <ksState>
      <x>167.9842726474663</x>
      <y>501.70673678947645</y>
      <steeringAngle>0.0</steeringAngle>
      <velocity>0.0</velocity>
      <orientation>1.2208352700963556</orientation>
      <time>65</time>
    </ksState>
    <ksState>
      <x>167.9842726474663</x>
      <y>501.70673678947645</y>
      <steeringAngle>0.0</steeringAngle>
      <velocity>0.0</velocity>
      <orientation>1.2208352700963556</orientation>
      <time>66</time>
    </ksState>
    <ksState>
      <x>167.9842726474663</x>
      <y>501.70673678947645</y>
      <steeringAngle>0.0</steeringAngle>
      <velocity>0.0</velocity>
      <orientation>1.2208352700963556</orientation>
      <time>67</time>
    </ksState>
    <ksState>
      <x>167.9842726474663</x>
      <y>501.70673678947645</y>
      <steeringAngle>0.0</steeringAngle>
      <velocity>0.0</velocity>
      <orientation>1.2208352700963556</orientation>
      <time>68</time>
    </ksState>
    <ksState>
      <x>167.9842726474663</x>
      <y>501.70673678947645</y>
      <steeringAngle>0.0</steeringAngle>
      <velocity>0.0</velocity>
      <orientation>1.2208352700963556</orientation>
      <time>69</time>
    </ksState>
    <ksState>
      <x>167.9842726474663</x>
      <y>501.70673678947645</y>
      <steeringAngle>0.0</steeringAngle>
      <velocity>0.0</velocity>
      <orientation>1.2208352700963556</orientation>
      <time>70</time>
    </ksState>
    <ksState>
      <x>167.9842726474663</x>
      <y>501.70673678947645</y>
      <steeringAngle>0.0</steeringAngle>
      <velocity>0.0</velocity>
      <orientation>1.2208352700963556</orientation>
      <time>71</time>
    </ksState>
    <ksState>
      <x>167.9842726474663</x>
      <y>501.70673678947645</y>
      <steeringAngle>0.0</steeringAngle>
      <velocity>0.0</velocity>
      <orientation>1.2208352700963556</orientation>
      <time>72</time>
    </ksState>
    <ksState>
      <x>167.9842726474663</x>
      <y>501.70673678947645</y>
      <steeringAngle>0.0</steeringAngle>
      <velocity>0.0</velocity>
      <orientation>1.2208352700963556</orientation>
      <time>73</time>
    </ksState>
    <ksState>
      <x>167.9842726474663</x>
      <y>501.70673678947645</y>
      <steeringAngle>0.0</steeringAngle>
      <velocity>0.0</velocity>
      <orientation>1.2208352700963556</orientation>
      <time>74</time>
    </ksState>
    <ksState>
      <x>167.9842726474663</x>
      <y>501.70673678947645</y>
      <steeringAngle>0.0</steeringAngle>
      <velocity>0.0</velocity>
      <orientation>1.2208352700963556</orientation>
      <time>75</time>
    </ksState>
    <ksState>
      <x>167.9842726474663</x>
      <y>501.70673678947645</y>
      <steeringAngle>0.0</steeringAngle>
      <velocity>0.0</velocity>
      <orientation>1.2208352700963556</orientation>
      <time>76</time>
    </ksState>
    <ksState>
      <x>167.9842726474663</x>
      <y>501.70673678947645</y>
      <steeringAngle>0.0</steeringAngle>
      <velocity>0.0</velocity>
      <orientation>1.2208352700963556</orientation>
      <time>77</time>
    </ksState>
    <ksState>
      <x>167.9842726474663</x>
      <y>501.70673678947645</y>
      <steeringAngle>0.0</steeringAngle>
      <velocity>0.0</velocity>
      <orientation>1.2208352700963556</orientation>
      <time>78</time>
    </ksState>
    <ksState>
      <x>167.9842726474663</x>
      <y>501.70673678947645</y>
      <steeringAngle>0.0</steeringAngle>
      <velocity>0.0</velocity>
      <orientation>1.2208352700963556</orientation>
      <time>79</time>
    </ksState>
    <ksState>
      <x>167.9842726474663</x>
      <y>501.70673678947645</y>
      <steeringAngle>0.0</steeringAngle>
      <velocity>0.0</velocity>
      <orientation>1.2208352700963556</orientation>
      <time>80</time>
    </ksState>
    <ksState>
      <x>167.9842726474663</x>
      <y>501.70673678947645</y>
      <steeringAngle>0.0</steeringAngle>
      <velocity>0.0</velocity>
      <orientation>1.2208352700963556</orientation>
      <time>81</time>
    </ksState>
    <ksState>
      <x>167.9842726474663</x>
      <y>501.70673678947645</y>
      <steeringAngle>0.0</steeringAngle>
      <velocity>0.0</velocity>
      <orientation>1.2208352700963556</orientation>
      <time>82</time>
    </ksState>
    <ksState>
      <x>167.9842726474663</x>
      <y>501.70673678947645</y>
      <steeringAngle>0.0</steeringAngle>
      <velocity>0.0</velocity>
      <orientation>1.2208352700963556</orientation>
      <time>83</time>
    </ksState>
    <ksState>
      <x>167.9842726474663</x>
      <y>501.70673678947645</y>
      <steeringAngle>0.0</steeringAngle>
      <velocity>0.0</velocity>
      <orientation>1.2208352700963556</orientation>
      <time>84</time>
    </ksState>
    <ksState>
      <x>167.9842726474663</x>
      <y>501.70673678947645</y>
      <steeringAngle>0.0</steeringAngle>
      <velocity>0.0</velocity>
      <orientation>1.2208352700963556</orientation>
      <time>85</time>
    </ksState>
    <ksState>
      <x>167.9842726474663</x>
      <y>501.70673678947645</y>
      <steeringAngle>0.0</steeringAngle>
      <velocity>0.0</velocity>
      <orientation>1.2208352700963556</orientation>
      <time>86</time>
    </ksState>
    <ksState>
      <x>167.9842726474663</x>
      <y>501.70673678947645</y>
      <steeringAngle>0.0</steeringAngle>
      <velocity>0.0</velocity>
      <orientation>1.2208352700963556</orientation>
      <time>87</time>
    </ksState>
    <ksState>
      <x>167.9842726474663</x>
      <y>501.70673678947645</y>
      <steeringAngle>0.0</steeringAngle>
      <velocity>0.0</velocity>
      <orientation>1.2208352700963556</orientation>
      <time>88</time>
    </ksState>
    <ksState>
      <x>167.9842726474663</x>
      <y>501.70673678947645</y>
      <steeringAngle>0.0</steeringAngle>
      <velocity>0.0</velocity>
      <orientation>1.2208352700963556</orientation>
      <time>89</time>
    </ksState>
    <ksState>
      <x>167.9842726474663</x>
      <y>501.70673678947645</y>
      <steeringAngle>0.0</steeringAngle>
      <velocity>0.0</velocity>
      <orientation>1.2208352700963556</orientation>
      <time>90</time>
    </ksState>
    <ksState>
      <x>167.9842726474663</x>
      <y>501.70673678947645</y>
      <steeringAngle>0.0</steeringAngle>
      <velocity>0.0</velocity>
      <orientation>1.2208352700963556</orientation>
      <time>91</time>
    </ksState>
    <ksState>
      <x>167.9842726474663</x>
      <y>501.70673678947645</y>
      <steeringAngle>0.0</steeringAngle>
      <velocity>0.0</velocity>
      <orientation>1.2208352700963556</orientation>
      <time>92</time>
    </ksState>
    <ksState>
      <x>167.9842726474663</x>
      <y>501.70673678947645</y>
      <steeringAngle>0.0</steeringAngle>
      <velocity>0.0</velocity>
      <orientation>1.2208352700963556</orientation>
      <time>93</time>
    </ksState>
    <ksState>
      <x>167.9842726474663</x>
      <y>501.70673678947645</y>
      <steeringAngle>0.0</steeringAngle>
      <velocity>0.0</velocity>
      <orientation>1.2208352700963556</orientation>
      <time>94</time>
    </ksState>
    <ksState>
      <x>167.9842726474663</x>
      <y>501.70673678947645</y>
      <steeringAngle>0.0</steeringAngle>
      <velocity>0.0</velocity>
      <orientation>1.2208352700963556</orientation>
      <time>95</time>
    </ksState>
    <ksState>
      <x>167.99749033273022</x>
      <y>501.744493440849</y>
      <steeringAngle>0.03553333333333333</steeringAngle>
      <velocity>0.8</velocity>
      <orientation>1.2212028018745975</orientation>
      <time>96</time>
    </ksState>
    <ksState>
      <x>168.03501898242004</x>
      <y>501.85853244027857</y>
      <steeringAngle>0.0710666666666667</steeringAngle>
      <velocity>1.6</velocity>
      <orientation>1.2237776484665832</orientation>
      <time>97</time>
    </ksState>
    <ksState>
      <x>168.09304437524835</x>
      <y>502.0501862326089</y>
      <steeringAngle>0.10660000000000003</steeringAngle>
      <velocity>2.4000000000000004</velocity>
      <orientation>1.2307783527034204</orientation>
      <time>98</time>
    </ksState>
    <ksState>
      <x>168.16632908574607</x>
      <y>502.32111554740953</y>
      <steeringAngle>0.14213333333333342</steeringAngle>
      <velocity>3.2000000000000015</velocity>
      <orientation>1.2444459936442407</orientation>
      <time>99</time>
    </ksState>
  </ksTrajectory>
</CommonRoadSolution>
