<?xml version="1.0" ?>
<CommonRoadSolution benchmark_id="KS2:SM1:ITA_Siderno-3_2_T-1:2020a" computation_time="0.6340200109998477" date="2022-12-18T12:01:12">
  <ksTrajectory planningProblem="1">
    <ksState>
      <x>313.3861</x>
      <y>1031.4664</y>
      <steeringAngle>0.0</steeringAngle>
      <velocity>4.0</velocity>
      <orientation>0.80573434</orientation>
      <time>0</time>
    </ksState>
    <ksState>
      <x>313.6662224589195</x>
      <y>1031.7519612383587</y>
      <steeringAngle>-0.035533333333333326</steeringAngle>
      <velocity>4.0</velocity>
      <orientation>0.8029780654673996</orientation>
      <time>1</time>
    </ksState>
    <ksState>
      <x>313.9535415642953</x>
      <y>1032.030495075319</y>
      <steeringAngle>-0.07106666666666711</steeringAngle>
      <velocity>4.0</velocity>
      <orientation>0.7947023049241142</orientation>
      <time>2</time>
    </ksState>
    <ksState>
      <x>314.2495047082227</x>
      <y>1032.3002771346228</y>
      <steeringAngle>-0.10660000000000043</steeringAngle>
      <velocity>4.0</velocity>
      <orientation>0.7808860651049774</orientation>
      <time>3</time>
    </ksState>
    <ksState>
      <x>314.5554318957013</x>
      <y>1032.5594187551135</y>
      <steeringAngle>-0.14213333333333378</steeringAngle>
      <velocity>4.0</velocity>
      <orientation>0.7614941387194315</orientation>
      <time>4</time>
    </ksState>
    <ksState>
      <x>314.8724821913055</x>
      <y>1032.8058413850267</y>
      <steeringAngle>-0.1776666666666672</steeringAngle>
      <velocity>4.0</velocity>
      <orientation>0.7364767322680341</orientation>
      <time>5</time>
    </ksState>
    <ksState>
      <x>315.1658061487316</x>
      <y>1033.0175626956725</y>
      <steeringAngle>-0.17766666666666667</steeringAngle>
      <velocity>3.2000000000000006</velocity>
      <orientation>0.7114112929998565</orientation>
      <time>6</time>
    </ksState>
    <ksState>
      <x>315.39756143346074</x>
      <y>1033.1771129569368</y>
      <steeringAngle>-0.17766666666666667</steeringAngle>
      <velocity>2.4000000000000012</velocity>
      <orientation>0.6919159513698268</orientation>
      <time>7</time>
    </ksState>
    <ksState>
      <x>315.5649834012144</x>
      <y>1033.2882962945857</y>
      <steeringAngle>-0.17766666666666667</steeringAngle>
      <velocity>1.6000000000000005</velocity>
      <orientation>0.6779907073708458</orientation>
      <time>8</time>
    </ksState>
    <ksState>
      <x>315.6661740242196</x>
      <y>1033.3538834450262</y>
      <steeringAngle>-0.17766666666666667</steeringAngle>
      <velocity>0.8000000000000004</velocity>
      <orientation>0.6696355610000917</orientation>
      <time>9</time>
    </ksState>
    <ksState>
      <x>315.700025577329</x>
      <y>1033.3755576571011</y>
      <steeringAngle>-0.17766666666666667</steeringAngle>
      <velocity>2.7755575615628914e-16</velocity>
      <orientation>0.6668505122538763</orientation>
      <time>10</time>
    </ksState>
    <ksState>
      <x>315.700025577329</x>
      <y>1033.3755576571011</y>
      <steeringAngle>-0.14213333333333336</steeringAngle>
      <velocity>0.0</velocity>
      <orientation>0.6668505122538763</orientation>
      <time>11</time>
    </ksState>
    <ksState>
      <x>315.700025577329</x>
      <y>1033.3755576571011</y>
      <steeringAngle>-0.10660000000000001</steeringAngle>
      <velocity>0.0</velocity>
      <orientation>0.6668505122538763</orientation>
      <time>12</time>
    </ksState>
    <ksState>
      <x>315.700025577329</x>
      <y>1033.3755576571011</y>
      <steeringAngle>-0.07106666666666668</steeringAngle>
      <velocity>0.0</velocity>
      <orientation>0.6668505122538763</orientation>
      <time>13</time>
    </ksState>
    <ksState>
      <x>315.700025577329</x>
      <y>1033.3755576571011</y>
      <steeringAngle>-0.03553333333333333</steeringAngle>
      <velocity>0.0</velocity>
      <orientation>0.6668505122538763</orientation>
      <time>14</time>
    </ksState>
    <ksState>
      <x>315.700025577329</x>
      <y>1033.3755576571011</y>
      <steeringAngle>-0.0</steeringAngle>
      <velocity>0.0</velocity>
      <orientation>0.6668505122538763</orientation>
      <time>15</time>
    </ksState>
    <ksState>
      <x>315.7314565204176</x>
      <y>1033.4002982285317</y>
      <steeringAngle>0.0</steeringAngle>
      <velocity>0.8</velocity>
      <orientation>0.6668505122538763</orientation>
      <time>16</time>
    </ksState>
    <ksState>
      <x>315.82574934875225</x>
      <y>1033.4745199420902</y>
      <steeringAngle>0.0</steeringAngle>
      <velocity>1.6</velocity>
      <orientation>0.6668505122538763</orientation>
      <time>17</time>
    </ksState>
    <ksState>
      <x>315.9829040621953</x>
      <y>1033.5982227976685</y>
      <steeringAngle>0.0</steeringAngle>
      <velocity>2.4000000000000004</velocity>
      <orientation>0.6668505122538763</orientation>
      <time>18</time>
    </ksState>
    <ksState>
      <x>316.2029206607052</x>
      <y>1033.7714067952338</y>
      <steeringAngle>0.0</steeringAngle>
      <velocity>3.2000000000000006</velocity>
      <orientation>0.6668505122538763</orientation>
      <time>19</time>
    </ksState>
    <ksState>
      <x>316.48579914426483</x>
      <y>1033.9940719347726</y>
      <steeringAngle>0.0</steeringAngle>
      <velocity>4.000000000000001</velocity>
      <orientation>0.6668505122538763</orientation>
      <time>20</time>
    </ksState>
    <ksState>
      <x>316.82849713285947</x>
      <y>1034.270071387775</y>
      <steeringAngle>0.035533333333333326</steeringAngle>
      <velocity>4.799999999999999</velocity>
      <orientation>0.669974290923067</orientation>
      <time>21</time>
    </ksState>
    <ksState>
      <x>317.22487570417616</x>
      <y>1034.6069839187853</y>
      <steeringAngle>0.07106666666666667</steeringAngle>
      <velocity>5.599999999999998</velocity>
      <orientation>0.6808249019842398</orientation>
      <time>22</time>
    </ksState>
    <ksState>
      <x>317.6685288889032</x>
      <y>1035.0119669331627</y>
      <steeringAngle>0.10659999999999999</steeringAngle>
      <velocity>6.3999999999999995</velocity>
      <orientation>0.7016418509845679</orientation>
      <time>23</time>
    </ksState>
    <ksState>
      <x>318.149959125783</x>
      <y>1035.4944024554288</y>
      <steeringAngle>0.14213333333333333</steeringAngle>
      <velocity>7.199999999999999</velocity>
      <orientation>0.734701421965733</orientation>
      <time>24</time>
    </ksState>
    <ksState>
      <x>318.65542265132433</x>
      <y>1036.065800441653</y>
      <steeringAngle>0.17766666666666664</steeringAngle>
      <velocity>7.9999999999999964</velocity>
      <orientation>0.7823287440472796</orientation>
      <time>25</time>
    </ksState>
    <ksState>
      <x>319.1565316160774</x>
      <y>1036.693438741157</y>
      <steeringAngle>0.14213333333333336</steeringAngle>
      <velocity>8.0</velocity>
      <orientation>0.832363555596028</orientation>
      <time>26</time>
    </ksState>
    <ksState>
      <x>319.6413516095263</x>
      <y>1037.3321842957243</y>
      <steeringAngle>0.1066000000000001</steeringAngle>
      <velocity>8.0</velocity>
      <orientation>0.8711474076030253</orientation>
      <time>27</time>
    </ksState>
    <ksState>
      <x>320.1169929175802</x>
      <y>1037.9766438990816</y>
      <steeringAngle>0.07106666666666674</steeringAngle>
      <velocity>8.0</velocity>
      <orientation>0.8987798866327122</orientation>
      <time>28</time>
    </ksState>
    <ksState>
      <x>320.59071217676023</x>
      <y>1038.6217520701737</y>
      <steeringAngle>0.035533333333333354</steeringAngle>
      <velocity>8.0</velocity>
      <orientation>0.9153314072617416</orientation>
      <time>29</time>
    </ksState>
    <ksState>
      <x>321.0697691013657</x>
      <y>1039.2625139356767</y>
      <steeringAngle>2.0816681711721685e-17</steeringAngle>
      <velocity>8.0</velocity>
      <orientation>0.9208439337201464</orientation>
      <time>30</time>
    </ksState>
    <ksState>
      <x>321.5612872341581</x>
      <y>1039.8937493119881</y>
      <steeringAngle>-0.03553333333333333</steeringAngle>
      <velocity>8.0</velocity>
      <orientation>0.9153313987173076</orientation>
      <time>31</time>
    </ksState>
    <ksState>
      <x>322.0721034808974</x>
      <y>1040.5098433276278</y>
      <steeringAngle>-0.07106666666666667</steeringAngle>
      <velocity>8.0</velocity>
      <orientation>0.8987798778370379</orientation>
      <time>32</time>
    </ksState>
    <ksState>
      <x>322.60859119729787</x>
      <y>1041.1045090259609</y>
      <steeringAngle>-0.10659999999999997</steeringAngle>
      <velocity>8.0</velocity>
      <orientation>0.871147398546343</orientation>
      <time>33</time>
    </ksState>
  </ksTrajectory>
</CommonRoadSolution>
