<?xml version="1.0" ?>
<CommonRoadSolution benchmark_id="KS2:SM1:HRV_Pula-32_2_T-1:2020a" computation_time="2.2913785049995568" date="2022-12-18T12:01:12">
  <ksTrajectory planningProblem="1">
    <ksState>
      <x>67.462995</x>
      <y>121.55823</y>
      <steeringAngle>0.0</steeringAngle>
      <velocity>8.0</velocity>
      <orientation>1.0905111</orientation>
      <time>0</time>
    </ksState>
    <ksState>
      <x>67.84086862465455</x>
      <y>122.26339643351866</y>
      <steeringAngle>-0.03553333333333333</steeringAngle>
      <velocity>8.0</velocity>
      <orientation>1.0849985649971612</orientation>
      <time>1</time>
    </ksState>
    <ksState>
      <x>68.24031994597644</x>
      <y>122.95689749042754</y>
      <steeringAngle>-0.07106666666666667</steeringAngle>
      <velocity>8.0</velocity>
      <orientation>1.0684470441168916</orientation>
      <time>2</time>
    </ksState>
    <ksState>
      <x>68.66869238449067</x>
      <y>123.63361265690767</y>
      <steeringAngle>-0.10659999999999997</steeringAngle>
      <velocity>8.0</velocity>
      <orientation>1.0408145648261968</orientation>
      <time>3</time>
    </ksState>
    <ksState>
      <x>69.13280810084434</x>
      <y>124.28743082412785</y>
      <steeringAngle>-0.1421333333333333</steeringAngle>
      <velocity>8.0</velocity>
      <orientation>1.0020307125534618</orientation>
      <time>4</time>
    </ksState>
    <ksState>
      <x>69.63873110586678</x>
      <y>124.9110230545352</y>
      <steeringAngle>-0.17766666666666667</steeringAngle>
      <velocity>8.0</velocity>
      <orientation>0.9519959003043071</orientation>
      <time>5</time>
    </ksState>
    <ksState>
      <x>70.16287012556147</x>
      <y>125.46732042859128</y>
      <steeringAngle>-0.21320000000000014</steeringAngle>
      <velocity>7.200000000000003</velocity>
      <orientation>0.8937465732328143</orientation>
      <time>6</time>
    </ksState>
    <ksState>
      <x>70.67150110018585</x>
      <y>125.92689166044119</y>
      <steeringAngle>-0.24873333333333347</steeringAngle>
      <velocity>6.400000000000004</velocity>
      <orientation>0.831829485747035</orientation>
      <time>7</time>
    </ksState>
    <ksState>
      <x>71.15381061339046</x>
      <y>126.29474478302028</y>
      <steeringAngle>-0.2842666666666668</steeringAngle>
      <velocity>5.600000000000001</velocity>
      <orientation>0.7684073429831138</orientation>
      <time>8</time>
    </ksState>
    <ksState>
      <x>71.5985300064486</x>
      <y>126.5783598878275</y>
      <steeringAngle>-0.3198</steeringAngle>
      <velocity>4.800000000000002</velocity>
      <orientation>0.7056782432411612</orientation>
      <time>9</time>
    </ksState>
    <ksState>
      <x>71.99481888894047</x>
      <y>126.78737860094336</y>
      <steeringAngle>-0.3553333333333332</steeringAngle>
      <velocity>4.000000000000001</velocity>
      <orientation>0.6458884091929464</orientation>
      <time>10</time>
    </ksState>
    <ksState>
      <x>72.3711056058806</x>
      <y>126.9479498545513</y>
      <steeringAngle>-0.39086666666666653</steeringAngle>
      <velocity>4.0</velocity>
      <orientation>0.5851680428869592</orientation>
      <time>11</time>
    </ksState>
    <ksState>
      <x>72.76167481002042</x>
      <y>127.07633513847905</y>
      <steeringAngle>-0.42639999999999995</steeringAngle>
      <velocity>4.0</velocity>
      <orientation>0.5179984294305556</orientation>
      <time>12</time>
    </ksState>
    <ksState>
      <x>73.16467578097338</x>
      <y>127.16850707266563</y>
      <steeringAngle>-0.4619333333333333</steeringAngle>
      <velocity>4.0</velocity>
      <orientation>0.4441778457982116</orientation>
      <time>13</time>
    </ksState>
    <ksState>
      <x>73.57741257359282</x>
      <y>127.22030524713159</y>
      <steeringAngle>-0.49746666666666667</steeringAngle>
      <velocity>4.0</velocity>
      <orientation>0.3634773039849913</orientation>
      <time>14</time>
    </ksState>
    <ksState>
      <x>73.99621069696711</x>
      <y>127.22754730491647</y>
      <steeringAngle>-0.533</steeringAngle>
      <velocity>4.0</velocity>
      <orientation>0.27563743738518265</orientation>
      <time>15</time>
    </ksState>
    <ksState>
      <x>74.37443995093503</x>
      <y>127.19229514751733</y>
      <steeringAngle>-0.5685333333333333</steeringAngle>
      <velocity>3.199999999999999</velocity>
      <orientation>0.19001858418832968</orientation>
      <time>16</time>
    </ksState>
    <ksState>
      <x>74.66675603190728</x>
      <y>127.13417689308821</y>
      <steeringAngle>-0.6040666666666664</steeringAngle>
      <velocity>2.3999999999999995</velocity>
      <orientation>0.1180248393751114</orientation>
      <time>17</time>
    </ksState>
    <ksState>
      <x>74.8730225687032</x>
      <y>127.07372067060781</y>
      <steeringAngle>-0.6395999999999996</steeringAngle>
      <velocity>1.5999999999999983</velocity>
      <orientation>0.0625750045990986</orientation>
      <time>18</time>
    </ksState>
    <ksState>
      <x>74.99516890512908</x>
      <y>127.02826024734615</y>
      <steeringAngle>-0.675133333333333</steeringAngle>
      <velocity>0.7999999999999986</velocity>
      <orientation>0.026798399680269452</orientation>
      <time>19</time>
    </ksState>
    <ksState>
      <x>75.0355301603057</x>
      <y>127.0109810523196</y>
      <steeringAngle>-0.7106666666666662</steeringAngle>
      <velocity>-1.27675647831893e-15</velocity>
      <orientation>0.014074202581661255</orientation>
      <time>20</time>
    </ksState>
    <ksState>
      <x>75.0355301603057</x>
      <y>127.0109810523196</y>
      <steeringAngle>-0.6751333333333334</steeringAngle>
      <velocity>0.0</velocity>
      <orientation>0.014074202581661255</orientation>
      <time>21</time>
    </ksState>
    <ksState>
      <x>75.0355301603057</x>
      <y>127.0109810523196</y>
      <steeringAngle>-0.6396</steeringAngle>
      <velocity>0.0</velocity>
      <orientation>0.014074202581661255</orientation>
      <time>22</time>
    </ksState>
    <ksState>
      <x>75.0355301603057</x>
      <y>127.0109810523196</y>
      <steeringAngle>-0.6040666666666666</steeringAngle>
      <velocity>0.0</velocity>
      <orientation>0.014074202581661255</orientation>
      <time>23</time>
    </ksState>
    <ksState>
      <x>75.0355301603057</x>
      <y>127.0109810523196</y>
      <steeringAngle>-0.5685333333333333</steeringAngle>
      <velocity>0.0</velocity>
      <orientation>0.014074202581661255</orientation>
      <time>24</time>
    </ksState>
    <ksState>
      <x>75.0355301603057</x>
      <y>127.0109810523196</y>
      <steeringAngle>-0.5329999999999999</steeringAngle>
      <velocity>0.0</velocity>
      <orientation>0.014074202581661255</orientation>
      <time>25</time>
    </ksState>
    <ksState>
      <x>75.0355301603057</x>
      <y>127.0109810523196</y>
      <steeringAngle>-0.49746666666666667</steeringAngle>
      <velocity>0.0</velocity>
      <orientation>0.014074202581661255</orientation>
      <time>26</time>
    </ksState>
    <ksState>
      <x>75.0355301603057</x>
      <y>127.0109810523196</y>
      <steeringAngle>-0.4619333333333333</steeringAngle>
      <velocity>0.0</velocity>
      <orientation>0.014074202581661255</orientation>
      <time>27</time>
    </ksState>
    <ksState>
      <x>75.0355301603057</x>
      <y>127.0109810523196</y>
      <steeringAngle>-0.42639999999999995</steeringAngle>
      <velocity>0.0</velocity>
      <orientation>0.014074202581661255</orientation>
      <time>28</time>
    </ksState>
    <ksState>
      <x>75.0355301603057</x>
      <y>127.0109810523196</y>
      <steeringAngle>-0.3908666666666666</steeringAngle>
      <velocity>0.0</velocity>
      <orientation>0.014074202581661255</orientation>
      <time>29</time>
    </ksState>
    <ksState>
      <x>75.0355301603057</x>
      <y>127.0109810523196</y>
      <steeringAngle>-0.3553333333333333</steeringAngle>
      <velocity>0.0</velocity>
      <orientation>0.014074202581661255</orientation>
      <time>30</time>
    </ksState>
    <ksState>
      <x>75.0355301603057</x>
      <y>127.0109810523196</y>
      <steeringAngle>-0.3198</steeringAngle>
      <velocity>0.0</velocity>
      <orientation>0.014074202581661255</orientation>
      <time>31</time>
    </ksState>
    <ksState>
      <x>75.0355301603057</x>
      <y>127.0109810523196</y>
      <steeringAngle>-0.2842666666666666</steeringAngle>
      <velocity>0.0</velocity>
      <orientation>0.014074202581661255</orientation>
      <time>32</time>
    </ksState>
    <ksState>
      <x>75.0355301603057</x>
      <y>127.0109810523196</y>
      <steeringAngle>-0.24873333333333333</steeringAngle>
      <velocity>0.0</velocity>
      <orientation>0.014074202581661255</orientation>
      <time>33</time>
    </ksState>
  </ksTrajectory>
</CommonRoadSolution>
