<?xml version="1.0" ?>
<CommonRoadSolution benchmark_id="KS2:SM1:DEU_Ibbenbueren-7_1_T-1:2020a" computation_time="0.9513563440000325" date="2022-12-18T12:01:12">
  <ksTrajectory planningProblem="1">
    <ksState>
      <x>640.29784</x>
      <y>-935.90549</y>
      <steeringAngle>0.0</steeringAngle>
      <velocity>4.0</velocity>
      <orientation>-3.6741957</orientation>
      <time>0</time>
    </ksState>
    <ksState>
      <x>639.9212844608128</x>
      <y>-935.677842168137</y>
      <steeringAngle>-0.035533333333333326</steeringAngle>
      <velocity>4.799999999999999</velocity>
      <orientation>-3.6773194786691907</orientation>
      <time>1</time>
    </ksState>
    <ksState>
      <x>639.4833784531346</x>
      <y>-935.3970141891351</y>
      <steeringAngle>-0.07106666666666667</steeringAngle>
      <velocity>5.599999999999998</velocity>
      <orientation>-3.6881700897303635</orientation>
      <time>2</time>
    </ksState>
    <ksState>
      <x>638.9895123275517</x>
      <y>-935.0550556532652</y>
      <steeringAngle>-0.10659999999999999</steeringAngle>
      <velocity>6.3999999999999995</velocity>
      <orientation>-3.7089870387306916</orientation>
      <time>3</time>
    </ksState>
    <ksState>
      <x>638.4478424562546</x>
      <y>-934.6413977551714</y>
      <steeringAngle>-0.14213333333333333</steeringAngle>
      <velocity>7.199999999999999</velocity>
      <orientation>-3.7420466097118568</orientation>
      <time>4</time>
    </ksState>
    <ksState>
      <x>637.8704483956437</x>
      <y>-934.1427945731871</y>
      <steeringAngle>-0.17766666666666664</steeringAngle>
      <velocity>7.9999999999999964</velocity>
      <orientation>-3.7896739317934034</orientation>
      <time>5</time>
    </ksState>
    <ksState>
      <x>637.3239740380471</x>
      <y>-933.6094115766864</y>
      <steeringAngle>-0.17766666666666667</steeringAngle>
      <velocity>7.2</velocity>
      <orientation>-3.8425898592377807</orientation>
      <time>6</time>
    </ksState>
    <ksState>
      <x>636.8595410637221</x>
      <y>-933.1082607816851</y>
      <steeringAngle>-0.17766666666666667</steeringAngle>
      <velocity>6.4</velocity>
      <orientation>-3.889935689030592</orientation>
      <time>7</time>
    </ksState>
    <ksState>
      <x>636.4698438842668</x>
      <y>-932.6482436507613</y>
      <steeringAngle>-0.17766666666666667</steeringAngle>
      <velocity>5.599999999999999</velocity>
      <orientation>-3.931711421185777</orientation>
      <time>8</time>
    </ksState>
    <ksState>
      <x>636.1478981428929</x>
      <y>-932.2366924000935</y>
      <steeringAngle>-0.17766666666666667</steeringAngle>
      <velocity>4.799999999999999</velocity>
      <orientation>-3.967917055707291</orientation>
      <time>9</time>
    </ksState>
    <ksState>
      <x>635.8872666680014</x>
      <y>-931.8795430492727</y>
      <steeringAngle>-0.17766666666666667</steeringAngle>
      <velocity>4.0</velocity>
      <orientation>-3.998552592596621</orientation>
      <time>10</time>
    </ksState>
    <ksState>
      <x>635.6565160152024</x>
      <y>-931.5508699998967</y>
      <steeringAngle>-0.1421333333333333</steeringAngle>
      <velocity>4.0</velocity>
      <orientation>-4.023569998941144</orientation>
      <time>11</time>
    </ksState>
    <ksState>
      <x>635.42688831938</x>
      <y>-931.2221793625274</y>
      <steeringAngle>-0.10659999999999999</steeringAngle>
      <velocity>4.0</velocity>
      <orientation>-4.042961925231895</orientation>
      <time>12</time>
    </ksState>
    <ksState>
      <x>635.1964923964491</x>
      <y>-930.8945991133188</y>
      <steeringAngle>-0.07106666666666664</steeringAngle>
      <velocity>4.0</velocity>
      <orientation>-4.056778164966848</orientation>
      <time>13</time>
    </ksState>
    <ksState>
      <x>634.9634589000474</x>
      <y>-930.5692724578496</y>
      <steeringAngle>-0.03553333333333332</steeringAngle>
      <velocity>4.0</velocity>
      <orientation>-4.065053925429114</orientation>
      <time>14</time>
    </ksState>
    <ksState>
      <x>634.7259519332799</x>
      <y>-930.2473918171542</y>
      <steeringAngle>2.2985086056692694e-17</steeringAngle>
      <velocity>4.0</velocity>
      <orientation>-4.0678101887239535</orientation>
      <time>15</time>
    </ksState>
    <ksState>
      <x>634.4615727416714</x>
      <y>-929.8956765289611</y>
      <steeringAngle>0.0</steeringAngle>
      <velocity>4.8</velocity>
      <orientation>-4.0678101887239535</orientation>
      <time>16</time>
    </ksState>
    <ksState>
      <x>634.1491246062191</x>
      <y>-929.4800130066643</y>
      <steeringAngle>0.0</steeringAngle>
      <velocity>5.6</velocity>
      <orientation>-4.0678101887239535</orientation>
      <time>17</time>
    </ksState>
    <ksState>
      <x>633.7886075269327</x>
      <y>-929.0004012502765</y>
      <steeringAngle>0.0</steeringAngle>
      <velocity>6.4</velocity>
      <orientation>-4.0678101887239535</orientation>
      <time>18</time>
    </ksState>
    <ksState>
      <x>633.3800215038177</x>
      <y>-928.4568412598054</y>
      <steeringAngle>0.0</steeringAngle>
      <velocity>7.199999999999999</velocity>
      <orientation>-4.0678101887239535</orientation>
      <time>19</time>
    </ksState>
    <ksState>
      <x>632.9233665368778</x>
      <y>-927.8493330352554</y>
      <steeringAngle>0.0</steeringAngle>
      <velocity>7.999999999999998</velocity>
      <orientation>-4.0678101887239535</orientation>
      <time>20</time>
    </ksState>
    <ksState>
      <x>632.4501356604374</x>
      <y>-927.2042743458678</y>
      <steeringAngle>-0.03553333333333333</steeringAngle>
      <velocity>8.0</velocity>
      <orientation>-4.073322723726792</orientation>
      <time>21</time>
    </ksState>
    <ksState>
      <x>631.9967358346314</x>
      <y>-926.5447793329993</y>
      <steeringAngle>-0.07106666666666667</steeringAngle>
      <velocity>8.0</velocity>
      <orientation>-4.089874244607062</orientation>
      <time>22</time>
    </ksState>
    <ksState>
      <x>631.5709540443061</x>
      <y>-925.866431170438</y>
      <steeringAngle>-0.10659999999999997</steeringAngle>
      <velocity>8.0</velocity>
      <orientation>-4.1175067238977565</orientation>
      <time>23</time>
    </ksState>
    <ksState>
      <x>631.1812461790263</x>
      <y>-925.1657105601425</y>
      <steeringAngle>-0.1421333333333333</steeringAngle>
      <velocity>8.0</velocity>
      <orientation>-4.156290576170492</orientation>
      <time>24</time>
    </ksState>
    <ksState>
      <x>630.8368398749207</x>
      <y>-924.4403074621841</y>
      <steeringAngle>-0.17766666666666667</steeringAngle>
      <velocity>8.0</velocity>
      <orientation>-4.206325388419646</orientation>
      <time>25</time>
    </ksState>
    <ksState>
      <x>630.5390803281102</x>
      <y>-923.6936802492918</y>
      <steeringAngle>-0.17766666666666667</steeringAngle>
      <velocity>8.0</velocity>
      <orientation>-4.262026364730158</orientation>
      <time>26</time>
    </ksState>
    <ksState>
      <x>630.283348921451</x>
      <y>-922.9316340239172</y>
      <steeringAngle>-0.17766666666666667</steeringAngle>
      <velocity>8.0</velocity>
      <orientation>-4.31772734104067</orientation>
      <time>27</time>
    </ksState>
    <ksState>
      <x>630.0704388982258</x>
      <y>-922.1565325291397</y>
      <steeringAngle>-0.17766666666666667</steeringAngle>
      <velocity>8.0</velocity>
      <orientation>-4.373428317351181</orientation>
      <time>28</time>
    </ksState>
    <ksState>
      <x>629.9010106619932</x>
      <y>-921.3707799720818</y>
      <steeringAngle>-0.17766666666666667</steeringAngle>
      <velocity>8.0</velocity>
      <orientation>-4.429129293661694</orientation>
      <time>29</time>
    </ksState>
    <ksState>
      <x>629.7755897449947</x>
      <y>-920.5768135965768</y>
      <steeringAngle>-0.17766666666666667</steeringAngle>
      <velocity>8.0</velocity>
      <orientation>-4.484830269972205</orientation>
      <time>30</time>
    </ksState>
    <ksState>
      <x>629.7063482325054</x>
      <y>-919.8156341871755</y>
      <steeringAngle>-0.21320000000000014</steeringAngle>
      <velocity>7.200000000000003</velocity>
      <orientation>-4.543079597043698</orientation>
      <time>31</time>
    </ksState>
    <ksState>
      <x>629.6992648704061</x>
      <y>-919.1301701024325</y>
      <steeringAngle>-0.24873333333333347</steeringAngle>
      <velocity>6.400000000000004</velocity>
      <orientation>-4.604996684529477</orientation>
      <time>32</time>
    </ksState>
    <ksState>
      <x>629.7434230772292</x>
      <y>-918.5252003188159</y>
      <steeringAngle>-0.2842666666666668</steeringAngle>
      <velocity>5.600000000000001</velocity>
      <orientation>-4.668418827293398</orientation>
      <time>33</time>
    </ksState>
  </ksTrajectory>
</CommonRoadSolution>
