<?xml version="1.0" ?>
<CommonRoadSolution benchmark_id="KS2:SM1:ESP_Berga-9_1_T-1:2020a" computation_time="1.1660706350003238" date="2022-12-18T12:01:12">
  <ksTrajectory planningProblem="1">
    <ksState>
      <x>-197.1506</x>
      <y>406.58278</y>
      <steeringAngle>0.0</steeringAngle>
      <velocity>16.0</velocity>
      <orientation>-1.9979838</orientation>
      <time>0</time>
    </ksState>
    <ksState>
      <x>-197.7969277595796</x>
      <y>405.1629700035033</y>
      <steeringAngle>0.0</steeringAngle>
      <velocity>15.2</velocity>
      <orientation>-1.9979838</orientation>
      <time>1</time>
    </ksState>
    <ksState>
      <x>-198.41011050561391</x>
      <y>403.8159707765707</y>
      <steeringAngle>0.0</steeringAngle>
      <velocity>14.400000000000002</velocity>
      <orientation>-1.9979838</orientation>
      <time>2</time>
    </ksState>
    <ksState>
      <x>-198.99014823825627</x>
      <y>402.5417823188654</y>
      <steeringAngle>0.0</steeringAngle>
      <velocity>13.600000000000001</velocity>
      <orientation>-1.9979838</orientation>
      <time>3</time>
    </ksState>
    <ksState>
      <x>-199.5370409575531</x>
      <y>401.34040463028526</y>
      <steeringAngle>0.0</steeringAngle>
      <velocity>12.800000000000004</velocity>
      <orientation>-1.9979838</orientation>
      <time>4</time>
    </ksState>
    <ksState>
      <x>-200.05078866351909</x>
      <y>400.21183771079814</y>
      <steeringAngle>0.0</steeringAngle>
      <velocity>12.000000000000002</velocity>
      <orientation>-1.9979838</orientation>
      <time>5</time>
    </ksState>
    <ksState>
      <x>-200.51837448432835</x>
      <y>399.15021269701276</y>
      <steeringAngle>0.03553333333333333</steeringAngle>
      <velocity>11.200000000000001</velocity>
      <orientation>-1.990082526227656</orientation>
      <time>6</time>
    </ksState>
    <ksState>
      <x>-200.9192149148555</x>
      <y>398.14692023229054</y>
      <steeringAngle>0.07106666666666667</steeringAngle>
      <velocity>10.400000000000007</velocity>
      <orientation>-1.967830095429166</orientation>
      <time>7</time>
    </ksState>
    <ksState>
      <x>-201.2454997617462</x>
      <y>397.20049142401274</y>
      <steeringAngle>0.10660000000000001</steeringAngle>
      <velocity>9.60000000000001</velocity>
      <orientation>-1.9333820845444945</orientation>
      <time>8</time>
    </ksState>
    <ksState>
      <x>-201.49381444636333</x>
      <y>396.31252511782526</y>
      <steeringAngle>0.14213333333333344</steeringAngle>
      <velocity>8.800000000000008</velocity>
      <orientation>-1.8888739524236495</orientation>
      <time>9</time>
    </ksState>
    <ksState>
      <x>-201.664828911049</x>
      <y>395.4869139220864</y>
      <steeringAngle>0.17766666666666675</steeringAngle>
      <velocity>8.000000000000009</velocity>
      <orientation>-1.836431654608668</orientation>
      <time>10</time>
    </ksState>
    <ksState>
      <x>-201.78036735658193</x>
      <y>394.7327095336597</y>
      <steeringAngle>0.1421333333333334</steeringAngle>
      <velocity>7.2</velocity>
      <orientation>-1.7888043328630312</orientation>
      <time>11</time>
    </ksState>
    <ksState>
      <x>-201.86983235027722</x>
      <y>394.0569754794236</y>
      <steeringAngle>0.10660000000000011</steeringAngle>
      <velocity>6.4</velocity>
      <orientation>-1.7557447624150633</orientation>
      <time>12</time>
    </ksState>
    <ksState>
      <x>-201.9444474002734</x>
      <y>393.46088714623875</y>
      <steeringAngle>0.07106666666666674</steeringAngle>
      <velocity>5.600000000000001</velocity>
      <orientation>-1.7349278141211748</orientation>
      <time>13</time>
    </ksState>
    <ksState>
      <x>-202.01107780652586</x>
      <y>392.94493596889043</y>
      <steeringAngle>0.03553333333333339</steeringAngle>
      <velocity>4.800000000000001</velocity>
      <orientation>-1.7240772044635118</orientation>
      <time>14</time>
    </ksState>
    <ksState>
      <x>-202.07296564368696</x>
      <y>392.5092853632655</y>
      <steeringAngle>5.5294310796760726e-17</steeringAngle>
      <velocity>4.0</velocity>
      <orientation>-1.7209534286263464</orientation>
      <time>15</time>
    </ksState>
    <ksState>
      <x>-202.1304572340992</x>
      <y>392.1538909460995</y>
      <steeringAngle>-0.03553333333333333</steeringAngle>
      <velocity>3.2</velocity>
      <orientation>-1.723342177006139</orientation>
      <time>16</time>
    </ksState>
    <ksState>
      <x>-202.18171745886661</x>
      <y>391.8785066643031</y>
      <steeringAngle>-0.07106666666666668</steeringAngle>
      <velocity>2.4</velocity>
      <orientation>-1.7290430920119355</orientation>
      <time>17</time>
    </ksState>
    <ksState>
      <x>-202.22343249813892</x>
      <y>391.682667869444</y>
      <steeringAngle>-0.10660000000000003</steeringAngle>
      <velocity>1.5999999999999994</velocity>
      <orientation>-1.735858625756667</orientation>
      <time>18</time>
    </ksState>
    <ksState>
      <x>-202.2515021191263</x>
      <y>391.565714395046</y>
      <steeringAngle>-0.14213333333333342</steeringAngle>
      <velocity>0.7999999999999988</velocity>
      <orientation>-1.7415828872431467</orientation>
      <time>19</time>
    </ksState>
    <ksState>
      <x>-202.26172103996686</x>
      <y>391.5268905047713</y>
      <steeringAngle>-0.17766666666666675</steeringAngle>
      <velocity>-1.5265566588595902e-15</velocity>
      <orientation>-1.7439903817177025</orientation>
      <time>20</time>
    </ksState>
    <ksState>
      <x>-202.26172103996686</x>
      <y>391.5268905047713</y>
      <steeringAngle>-0.14213333333333336</steeringAngle>
      <velocity>0.0</velocity>
      <orientation>-1.7439903817177025</orientation>
      <time>21</time>
    </ksState>
    <ksState>
      <x>-202.26172103996686</x>
      <y>391.5268905047713</y>
      <steeringAngle>-0.10660000000000001</steeringAngle>
      <velocity>0.0</velocity>
      <orientation>-1.7439903817177025</orientation>
      <time>22</time>
    </ksState>
    <ksState>
      <x>-202.26172103996686</x>
      <y>391.5268905047713</y>
      <steeringAngle>-0.07106666666666668</steeringAngle>
      <velocity>0.0</velocity>
      <orientation>-1.7439903817177025</orientation>
      <time>23</time>
    </ksState>
    <ksState>
      <x>-202.26172103996686</x>
      <y>391.5268905047713</y>
      <steeringAngle>-0.03553333333333333</steeringAngle>
      <velocity>0.0</velocity>
      <orientation>-1.7439903817177025</orientation>
      <time>24</time>
    </ksState>
    <ksState>
      <x>-202.26172103996686</x>
      <y>391.5268905047713</y>
      <steeringAngle>-0.0</steeringAngle>
      <velocity>0.0</velocity>
      <orientation>-1.7439903817177025</orientation>
      <time>25</time>
    </ksState>
    <ksState>
      <x>-202.26172103996686</x>
      <y>391.5268905047713</y>
      <steeringAngle>0.0</steeringAngle>
      <velocity>0.0</velocity>
      <orientation>-1.7439903817177025</orientation>
      <time>26</time>
    </ksState>
    <ksState>
      <x>-202.26172103996686</x>
      <y>391.5268905047713</y>
      <steeringAngle>0.0</steeringAngle>
      <velocity>0.0</velocity>
      <orientation>-1.7439903817177025</orientation>
      <time>27</time>
    </ksState>
    <ksState>
      <x>-202.26172103996686</x>
      <y>391.5268905047713</y>
      <steeringAngle>0.0</steeringAngle>
      <velocity>0.0</velocity>
      <orientation>-1.7439903817177025</orientation>
      <time>28</time>
    </ksState>
    <ksState>
      <x>-202.26172103996686</x>
      <y>391.5268905047713</y>
      <steeringAngle>0.0</steeringAngle>
      <velocity>0.0</velocity>
      <orientation>-1.7439903817177025</orientation>
      <time>29</time>
    </ksState>
    <ksState>
      <x>-202.26172103996686</x>
      <y>391.5268905047713</y>
      <steeringAngle>0.0</steeringAngle>
      <velocity>0.0</velocity>
      <orientation>-1.7439903817177025</orientation>
      <time>30</time>
    </ksState>
    <ksState>
      <x>-202.26172103996686</x>
      <y>391.5268905047713</y>
      <steeringAngle>0.0</steeringAngle>
      <velocity>0.0</velocity>
      <orientation>-1.7439903817177025</orientation>
      <time>31</time>
    </ksState>
    <ksState>
      <x>-202.26172103996686</x>
      <y>391.5268905047713</y>
      <steeringAngle>0.0</steeringAngle>
      <velocity>0.0</velocity>
      <orientation>-1.7439903817177025</orientation>
      <time>32</time>
    </ksState>
    <ksState>
      <x>-202.26172103996686</x>
      <y>391.5268905047713</y>
      <steeringAngle>0.0</steeringAngle>
      <velocity>0.0</velocity>
      <orientation>-1.7439903817177025</orientation>
      <time>33</time>
    </ksState>
  </ksTrajectory>
</CommonRoadSolution>
