<?xml version="1.0" ?>
<CommonRoadSolution benchmark_id="KS2:SM1:BEL_Zwevegem-2_3_T-1:2020a" computation_time="1.3099991260000934" date="2022-12-18T12:01:12">
  <ksTrajectory planningProblem="1">
    <ksState>
      <x>911.87194</x>
      <y>-343.99418</y>
      <steeringAngle>0.0</steeringAngle>
      <velocity>4.0</velocity>
      <orientation>2.4509029</orientation>
      <time>0</time>
    </ksState>
    <ksState>
      <x>911.5663540174994</x>
      <y>-343.7360501486785</y>
      <steeringAngle>-0.035533333333333326</steeringAngle>
      <velocity>4.0</velocity>
      <orientation>2.4481466254673996</orientation>
      <time>1</time>
    </ksState>
    <ksState>
      <x>911.2672412728793</x>
      <y>-343.47022138301963</y>
      <steeringAngle>-0.07106666666666711</steeringAngle>
      <velocity>4.0</velocity>
      <orientation>2.439870864924114</orientation>
      <time>2</time>
    </ksState>
    <ksState>
      <x>910.9762138290616</x>
      <y>-343.1951221844923</y>
      <steeringAngle>-0.10660000000000043</steeringAngle>
      <velocity>4.0</velocity>
      <orientation>2.4260546251049773</orientation>
      <time>3</time>
    </ksState>
    <ksState>
      <x>910.6950570450579</x>
      <y>-342.90929586254526</y>
      <steeringAngle>-0.14213333333333378</steeringAngle>
      <velocity>4.0</velocity>
      <orientation>2.4066626987194315</orientation>
      <time>4</time>
    </ksState>
    <ksState>
      <x>910.4257576040333</x>
      <y>-342.6114321125858</y>
      <steeringAngle>-0.1776666666666672</steeringAngle>
      <velocity>4.0</velocity>
      <orientation>2.381645292268034</orientation>
      <time>5</time>
    </ksState>
    <ksState>
      <x>910.1642565192282</x>
      <y>-342.3066551124709</y>
      <steeringAngle>-0.1421333333333333</steeringAngle>
      <velocity>4.0</velocity>
      <orientation>2.3566278859235106</orientation>
      <time>6</time>
    </ksState>
    <ksState>
      <x>909.90387140764</x>
      <y>-342.00175183691255</y>
      <steeringAngle>-0.10659999999999999</steeringAngle>
      <velocity>4.0</velocity>
      <orientation>2.33723595963276</orientation>
      <time>7</time>
    </ksState>
    <ksState>
      <x>909.6428292338989</x>
      <y>-341.69802813928067</y>
      <steeringAngle>-0.07106666666666664</steeringAngle>
      <velocity>4.0</velocity>
      <orientation>2.323419719897807</orientation>
      <time>8</time>
    </ksState>
    <ksState>
      <x>909.3793801728046</x>
      <y>-341.3968029155483</y>
      <steeringAngle>-0.03553333333333332</steeringAngle>
      <velocity>4.0</velocity>
      <orientation>2.3151439594355416</orientation>
      <time>9</time>
    </ksState>
    <ksState>
      <x>909.1118124583775</x>
      <y>-341.0994408058002</y>
      <steeringAngle>2.2985086056692694e-17</steeringAngle>
      <velocity>4.0</velocity>
      <orientation>2.3123876961407013</orientation>
      <time>10</time>
    </ksState>
    <ksState>
      <x>908.8109938390511</x>
      <y>-340.77830879601134</y>
      <steeringAngle>0.035533333333333326</steeringAngle>
      <velocity>4.799999999999999</velocity>
      <orientation>2.315511474809892</orientation>
      <time>11</time>
    </ksState>
    <ksState>
      <x>908.4454238003399</x>
      <y>-340.4081945269707</y>
      <steeringAngle>0.07106666666666667</steeringAngle>
      <velocity>5.599999999999998</velocity>
      <orientation>2.326362085871065</orientation>
      <time>12</time>
    </ksState>
    <ksState>
      <x>908.0084432609077</x>
      <y>-339.9960205365125</y>
      <steeringAngle>0.10659999999999999</steeringAngle>
      <velocity>6.3999999999999995</velocity>
      <orientation>2.347179034871393</orientation>
      <time>13</time>
    </ksState>
    <ksState>
      <x>907.4914055841035</x>
      <y>-339.55195843850004</y>
      <steeringAngle>0.14213333333333333</steeringAngle>
      <velocity>7.199999999999999</velocity>
      <orientation>2.380238605852558</orientation>
      <time>14</time>
    </ksState>
    <ksState>
      <x>906.8838592118827</x>
      <y>-339.0905730898867</y>
      <steeringAngle>0.17766666666666664</steeringAngle>
      <velocity>7.9999999999999964</velocity>
      <orientation>2.427865927934105</orientation>
      <time>15</time>
    </ksState>
    <ksState>
      <x>906.220554698642</x>
      <y>-338.6377296817701</y>
      <steeringAngle>0.14213333333333336</steeringAngle>
      <velocity>8.0</velocity>
      <orientation>2.477900739482853</orientation>
      <time>16</time>
    </ksState>
    <ksState>
      <x>905.5473902580545</x>
      <y>-338.2019591625104</y>
      <steeringAngle>0.1066000000000001</steeringAngle>
      <velocity>8.0</velocity>
      <orientation>2.5166845914898506</orientation>
      <time>17</time>
    </ksState>
    <ksState>
      <x>904.8692131054286</x>
      <y>-337.7757683790074</y>
      <steeringAngle>0.07106666666666674</steeringAngle>
      <velocity>8.0</velocity>
      <orientation>2.5443170705195377</orientation>
      <time>18</time>
    </ksState>
    <ksState>
      <x>904.1905327176075</x>
      <y>-337.351542707796</y>
      <steeringAngle>0.035533333333333354</steeringAngle>
      <velocity>8.0</velocity>
      <orientation>2.5608685911485667</orientation>
      <time>19</time>
    </ksState>
    <ksState>
      <x>903.5157879310041</x>
      <y>-336.9216697285956</y>
      <steeringAngle>2.0816681711721685e-17</steeringAngle>
      <velocity>8.0</velocity>
      <orientation>2.5663811176069715</orientation>
      <time>20</time>
    </ksState>
    <ksState>
      <x>902.849612543065</x>
      <y>-336.47865897514225</y>
      <steeringAngle>-0.03553333333333333</steeringAngle>
      <velocity>8.0</velocity>
      <orientation>2.5608685826041326</orientation>
      <time>21</time>
    </ksState>
    <ksState>
      <x>902.1970952291101</x>
      <y>-336.0152733592364</y>
      <steeringAngle>-0.07106666666666667</steeringAngle>
      <velocity>8.0</velocity>
      <orientation>2.5443170617238633</orientation>
      <time>22</time>
    </ksState>
    <ksState>
      <x>901.5640294871658</x>
      <y>-335.52468786312033</y>
      <steeringAngle>-0.10659999999999997</steeringAngle>
      <velocity>8.0</velocity>
      <orientation>2.516684582433168</orientation>
      <time>23</time>
    </ksState>
    <ksState>
      <x>900.9571455434967</x>
      <y>-335.00069027450917</y>
      <steeringAngle>-0.1421333333333333</steeringAngle>
      <velocity>8.0</velocity>
      <orientation>2.4779007301604334</orientation>
      <time>24</time>
    </ksState>
    <ksState>
      <x>900.3843141099497</x>
      <y>-334.43793854810053</y>
      <steeringAngle>-0.17766666666666667</steeringAngle>
      <velocity>8.0</velocity>
      <orientation>2.4278659179112787</orientation>
      <time>25</time>
    </ksState>
    <ksState>
      <x>899.8678924656164</x>
      <y>-333.87626063578574</y>
      <steeringAngle>-0.1421333333333334</steeringAngle>
      <velocity>7.2</velocity>
      <orientation>2.3802385961656416</orientation>
      <time>26</time>
    </ksState>
    <ksState>
      <x>899.4168667954401</x>
      <y>-333.36518692095274</y>
      <steeringAngle>-0.10660000000000011</steeringAngle>
      <velocity>6.4</velocity>
      <orientation>2.347179025717674</orientation>
      <time>27</time>
    </ksState>
    <ksState>
      <x>899.0225753351127</x>
      <y>-332.9119508335128</y>
      <steeringAngle>-0.07106666666666674</steeringAngle>
      <velocity>5.600000000000001</velocity>
      <orientation>2.326362077423785</orientation>
      <time>28</time>
    </ksState>
    <ksState>
      <x>898.6795929123482</x>
      <y>-332.52078809740533</y>
      <steeringAngle>-0.03553333333333339</steeringAngle>
      <velocity>4.800000000000001</velocity>
      <orientation>2.3155114677661226</orientation>
      <time>29</time>
    </ksState>
    <ksState>
      <x>898.385319258169</x>
      <y>-332.1936419969763</y>
      <steeringAngle>-5.5294310796760726e-17</steeringAngle>
      <velocity>4.0</velocity>
      <orientation>2.312387691928957</orientation>
      <time>30</time>
    </ksState>
    <ksState>
      <x>898.1421528559007</x>
      <y>-331.92817994682986</y>
      <steeringAngle>0.0</steeringAngle>
      <velocity>3.2</velocity>
      <orientation>2.312387691928957</orientation>
      <time>31</time>
    </ksState>
    <ksState>
      <x>897.9530234321372</x>
      <y>-331.7217094636262</y>
      <steeringAngle>0.0</steeringAngle>
      <velocity>2.4000000000000004</velocity>
      <orientation>2.312387691928957</orientation>
      <time>32</time>
    </ksState>
    <ksState>
      <x>897.81793098681</x>
      <y>-331.5742305472901</y>
      <steeringAngle>0.0</steeringAngle>
      <velocity>1.6</velocity>
      <orientation>2.312387691928957</orientation>
      <time>33</time>
    </ksState>
  </ksTrajectory>
</CommonRoadSolution>
