<?xml version="1.0" ?>
<CommonRoadSolution benchmark_id="KS2:SM1:DEU_Lohmar-12_1_T-1:2020a" computation_time="6.240441390999877" date="2022-12-18T12:01:12">
  <ksTrajectory planningProblem="123">
    <ksState>
      <x>171.85814</x>
      <y>787.69179</y>
      <steeringAngle>0.0</steeringAngle>
      <velocity>8.0</velocity>
      <orientation>-1.4356025</orientation>
      <time>0</time>
    </ksState>
    <ksState>
      <x>171.96910509029308</x>
      <y>786.9399061876775</y>
      <steeringAngle>0.03553333333333333</steeringAngle>
      <velocity>7.199999999999999</velocity>
      <orientation>-1.4304574870175075</orientation>
      <time>1</time>
    </ksState>
    <ksState>
      <x>172.08806764309483</x>
      <y>786.2701192171836</y>
      <steeringAngle>0.07106666666666664</steeringAngle>
      <velocity>6.400000000000001</velocity>
      <orientation>-1.4164808148965444</orientation>
      <time>2</time>
    </ksState>
    <ksState>
      <x>172.21494423460365</x>
      <y>785.6829849136267</y>
      <steeringAngle>0.10659999999999997</steeringAngle>
      <velocity>5.600000000000004</velocity>
      <orientation>-1.395849047030663</orientation>
      <time>3</time>
    </ksState>
    <ksState>
      <x>172.34667072165797</x>
      <y>785.1787149341034</y>
      <steeringAngle>0.1421333333333333</steeringAngle>
      <velocity>4.800000000000003</velocity>
      <orientation>-1.3707328395220149</orientation>
      <time>4</time>
    </ksState>
    <ksState>
      <x>172.47792040297466</x>
      <y>784.7569733938025</y>
      <steeringAngle>0.17766666666666653</steeringAngle>
      <velocity>4.000000000000006</velocity>
      <orientation>-1.343307942936865</orientation>
      <time>5</time>
    </ksState>
    <ksState>
      <x>172.60182887948503</x>
      <y>784.4167356912272</y>
      <steeringAngle>0.21319999999999997</steeringAngle>
      <velocity>3.2</velocity>
      <orientation>-1.3157663973734304</orientation>
      <time>6</time>
    </ksState>
    <ksState>
      <x>172.7107137907892</x>
      <y>784.1562692335917</y>
      <steeringAngle>0.24873333333333342</steeringAngle>
      <velocity>2.4000000000000004</velocity>
      <orientation>-1.290328166986781</orientation>
      <time>7</time>
    </ksState>
    <ksState>
      <x>172.79677142455134</x>
      <y>783.9732701820508</y>
      <steeringAngle>0.2842666666666668</steeringAngle>
      <velocity>1.600000000000001</velocity>
      <orientation>-1.2692532671962011</orientation>
      <time>8</time>
    </ksState>
    <ksState>
      <x>172.85273363586958</x>
      <y>783.8651643066961</y>
      <steeringAngle>0.3197999999999999</steeringAngle>
      <velocity>0.8000000000000007</velocity>
      <orientation>-1.2548548398954968</orientation>
      <time>9</time>
    </ksState>
    <ksState>
      <x>172.8724791877627</x>
      <y>783.8295575797699</y>
      <steeringAngle>0.3553333333333332</steeringAngle>
      <velocity>5.551115123125783e-16</velocity>
      <orientation>-1.2495131982597676</orientation>
      <time>10</time>
    </ksState>
    <ksState>
      <x>172.89298197762935</x>
      <y>783.7942491266958</y>
      <steeringAngle>0.35533333333333333</steeringAngle>
      <velocity>0.8</velocity>
      <orientation>-1.243757527479503</orientation>
      <time>11</time>
    </ksState>
    <ksState>
      <x>172.95570470034193</x>
      <y>783.6890399114184</y>
      <steeringAngle>0.35533333333333333</steeringAngle>
      <velocity>1.6000000000000005</velocity>
      <orientation>-1.22649051530925</orientation>
      <time>12</time>
    </ksState>
    <ksState>
      <x>173.06424910777974</x>
      <y>783.5161480344802</y>
      <steeringAngle>0.35533333333333333</steeringAngle>
      <velocity>2.4</velocity>
      <orientation>-1.1977121617741955</orientation>
      <time>13</time>
    </ksState>
    <ksState>
      <x>173.22447261144598</x>
      <y>783.2794983893634</y>
      <steeringAngle>0.35533333333333333</steeringAngle>
      <velocity>3.2</velocity>
      <orientation>-1.1574224668819613</orientation>
      <time>14</time>
    </ksState>
    <ksState>
      <x>173.44425119581294</x>
      <y>782.9850521258915</y>
      <steeringAngle>0.35533333333333333</steeringAngle>
      <velocity>4.000000000000001</velocity>
      <orientation>-1.1056214306356325</orientation>
      <time>15</time>
    </ksState>
    <ksState>
      <x>173.67898079600178</x>
      <y>782.7023805060388</y>
      <steeringAngle>0.35533333333333333</steeringAngle>
      <velocity>3.2000000000000015</velocity>
      <orientation>-1.053820394702463</orientation>
      <time>16</time>
    </ksState>
    <ksState>
      <x>173.8714830246971</x>
      <y>782.4911519108182</y>
      <steeringAngle>0.35533333333333333</steeringAngle>
      <velocity>2.4000000000000026</velocity>
      <orientation>-1.0135307001353182</orientation>
      <time>17</time>
    </ksState>
    <ksState>
      <x>174.014116733576</x>
      <y>782.3451070033123</y>
      <steeringAngle>0.35533333333333333</steeringAngle>
      <velocity>1.600000000000003</velocity>
      <orientation>-0.9847523469194955</orientation>
      <time>18</time>
    </ksState>
    <ksState>
      <x>174.10169345220314</x>
      <y>782.2594715075712</y>
      <steeringAngle>0.35533333333333333</steeringAngle>
      <velocity>0.8000000000000022</velocity>
      <orientation>-0.9674853350491789</orientation>
      <time>19</time>
    </ksState>
    <ksState>
      <x>174.13121267927826</x>
      <y>782.2312639639096</y>
      <steeringAngle>0.35533333333333333</steeringAngle>
      <velocity>1.8318679906315083e-15</velocity>
      <orientation>-0.9617296645167461</orientation>
      <time>20</time>
    </ksState>
    <ksState>
      <x>174.1604070807848</x>
      <y>782.2028832903234</y>
      <steeringAngle>0.3198</steeringAngle>
      <velocity>0.8</velocity>
      <orientation>-0.9563880243659715</orientation>
      <time>21</time>
    </ksState>
    <ksState>
      <x>174.24695491858031</x>
      <y>782.1172703662934</y>
      <steeringAngle>0.28426666666666656</steeringAngle>
      <velocity>1.6000000000000003</velocity>
      <orientation>-0.9419895966376984</orientation>
      <time>22</time>
    </ksState>
    <ksState>
      <x>174.39038687379735</x>
      <y>781.9746950683508</y>
      <steeringAngle>0.24873333333333336</steeringAngle>
      <velocity>2.4000000000000012</velocity>
      <orientation>-0.9209146859146333</orientation>
      <time>23</time>
    </ksState>
    <ksState>
      <x>174.5912365864613</x>
      <y>781.7762718701595</y>
      <steeringAngle>0.2131999999999999</steeringAngle>
      <velocity>3.200000000000001</velocity>
      <orientation>-0.8954764479973937</orientation>
      <time>24</time>
    </ksState>
    <ksState>
      <x>174.8504912698715</x>
      <y>781.523435584997</y>
      <steeringAngle>0.17766666666666672</steeringAngle>
      <velocity>4.000000000000001</velocity>
      <orientation>-0.867934913677574</orientation>
      <time>25</time>
    </ksState>
    <ksState>
      <x>175.1690689781046</x>
      <y>781.2174352843807</y>
      <steeringAngle>0.14213333333333333</steeringAngle>
      <velocity>4.8000000000000025</velocity>
      <orientation>-0.8405100139592216</orientation>
      <time>26</time>
    </ksState>
    <ksState>
      <x>175.5473307533</x>
      <y>780.8588225046467</y>
      <steeringAngle>0.10660000000000003</steeringAngle>
      <velocity>5.600000000000005</velocity>
      <orientation>-0.8153938016803037</orientation>
      <time>27</time>
    </ksState>
    <ksState>
      <x>175.98461626006304</x>
      <y>780.4469309873581</y>
      <steeringAngle>0.07106666666666671</steeringAngle>
      <velocity>6.400000000000004</velocity>
      <orientation>-0.7947620320808442</orientation>
      <time>28</time>
    </ksState>
    <ksState>
      <x>176.47877229615253</x>
      <y>779.9793640812095</y>
      <steeringAngle>0.035533333333333375</steeringAngle>
      <velocity>7.200000000000006</velocity>
      <orientation>-0.780785363988052</orientation>
      <time>29</time>
    </ksState>
    <ksState>
      <x>177.02562420143423</x>
      <y>779.4515242095501</y>
      <steeringAngle>2.6346112791397758e-17</steeringAngle>
      <velocity>8.000000000000007</velocity>
      <orientation>-0.7756403512084835</orientation>
      <time>30</time>
    </ksState>
    <ksState>
      <x>177.5902647961699</x>
      <y>778.884753379366</y>
      <steeringAngle>-0.03553333333333333</steeringAngle>
      <velocity>8.0</velocity>
      <orientation>-0.7811528862113223</orientation>
      <time>31</time>
    </ksState>
    <ksState>
      <x>178.13746431106338</x>
      <y>778.3007347452971</y>
      <steeringAngle>-0.07106666666666667</steeringAngle>
      <velocity>8.0</velocity>
      <orientation>-0.797704407091592</orientation>
      <time>32</time>
    </ksState>
    <ksState>
      <x>178.66018643649534</x>
      <y>777.6939333426893</y>
      <steeringAngle>-0.10659999999999997</steeringAngle>
      <velocity>8.0</velocity>
      <orientation>-0.8253368863822869</orientation>
      <time>33</time>
    </ksState>
    <ksState>
      <x>179.150598889879</x>
      <y>777.0596012376213</y>
      <steeringAngle>-0.1421333333333333</steeringAngle>
      <velocity>8.0</velocity>
      <orientation>-0.8641207386550218</orientation>
      <time>34</time>
    </ksState>
    <ksState>
      <x>179.599924975268</x>
      <y>776.3940703023341</y>
      <steeringAngle>-0.17766666666666667</steeringAngle>
      <velocity>8.0</velocity>
      <orientation>-0.9141555509041764</orientation>
      <time>35</time>
    </ksState>
    <ksState>
      <x>179.97956783955905</x>
      <y>775.7307002879822</y>
      <steeringAngle>-0.21320000000000014</steeringAngle>
      <velocity>7.200000000000003</velocity>
      <orientation>-0.9724048779756693</orientation>
      <time>36</time>
    </ksState>
    <ksState>
      <x>180.2711869922618</x>
      <y>775.1103218105442</y>
      <steeringAngle>-0.24873333333333347</steeringAngle>
      <velocity>6.400000000000004</velocity>
      <orientation>-1.0343219654614486</orientation>
      <time>37</time>
    </ksState>
    <ksState>
      <x>180.4827211777161</x>
      <y>774.5418223165224</y>
      <steeringAngle>-0.2842666666666668</steeringAngle>
      <velocity>5.600000000000001</velocity>
      <orientation>-1.0977441082253698</orientation>
      <time>38</time>
    </ksState>
    <ksState>
      <x>180.62460666758128</x>
      <y>774.0338052164141</y>
      <steeringAngle>-0.3198</steeringAngle>
      <velocity>4.800000000000002</velocity>
      <orientation>-1.1604732079673223</orientation>
      <time>39</time>
    </ksState>
    <ksState>
      <x>180.70922301095464</x>
      <y>773.5938350182716</y>
      <steeringAngle>-0.3553333333333332</steeringAngle>
      <velocity>4.000000000000001</velocity>
      <orientation>-1.2202630420155371</orientation>
      <time>40</time>
    </ksState>
    <ksState>
      <x>180.76692504714399</x>
      <y>773.1494377094044</y>
      <steeringAngle>-0.31979999999999975</steeringAngle>
      <velocity>4.800000000000001</velocity>
      <orientation>-1.2800528770472857</orientation>
      <time>41</time>
    </ksState>
    <ksState>
      <x>180.81369783498033</x>
      <y>772.6239411883791</y>
      <steeringAngle>-0.28426666666666645</steeringAngle>
      <velocity>5.600000000000004</velocity>
      <orientation>-1.3427819771786091</orientation>
      <time>42</time>
    </ksState>
    <ksState>
      <x>180.84178601603102</x>
      <y>772.017880508243</y>
      <steeringAngle>-0.2487333333333331</steeringAngle>
      <velocity>6.400000000000004</velocity>
      <orientation>-1.406204113871285</orientation>
      <time>43</time>
    </ksState>
    <ksState>
      <x>180.8445262004439</x>
      <y>771.3322414585898</y>
      <steeringAngle>-0.21319999999999992</steeringAngle>
      <velocity>7.200000000000004</velocity>
      <orientation>-1.4681212025490842</orientation>
      <time>44</time>
    </ksState>
    <ksState>
      <x>180.8170428123009</x>
      <y>770.5682640884238</y>
      <steeringAngle>-0.17766666666666656</steeringAngle>
      <velocity>8.000000000000004</velocity>
      <orientation>-1.5263705321500494</orientation>
      <time>45</time>
    </ksState>
    <ksState>
      <x>180.74650733168707</x>
      <y>769.8072034953547</y>
      <steeringAngle>-0.21320000000000014</steeringAngle>
      <velocity>7.200000000000003</velocity>
      <orientation>-1.5846198592215421</orientation>
      <time>46</time>
    </ksState>
    <ksState>
      <x>180.62864170313577</x>
      <y>769.1319117960886</y>
      <steeringAngle>-0.24873333333333347</steeringAngle>
      <velocity>6.400000000000004</velocity>
      <orientation>-1.6465369467073216</orientation>
      <time>47</time>
    </ksState>
    <ksState>
      <x>180.4750502649624</x>
      <y>768.5451000235084</y>
      <steeringAngle>-0.2842666666666668</steeringAngle>
      <velocity>5.600000000000001</velocity>
      <orientation>-1.7099590894712426</orientation>
      <time>48</time>
    </ksState>
    <ksState>
      <x>180.29921804443688</x>
      <y>768.0478114790377</y>
      <steeringAngle>-0.3198</steeringAngle>
      <velocity>4.800000000000002</velocity>
      <orientation>-1.7726881892131954</orientation>
      <time>49</time>
    </ksState>
    <ksState>
      <x>180.11562336454162</x>
      <y>767.6391224844056</y>
      <steeringAngle>-0.3553333333333332</steeringAngle>
      <velocity>4.000000000000001</velocity>
      <orientation>-1.8324780232614102</orientation>
      <time>50</time>
    </ksState>
    <ksState>
      <x>179.907458452622</x>
      <y>767.2422775996529</y>
      <steeringAngle>-0.31979999999999975</steeringAngle>
      <velocity>4.800000000000001</velocity>
      <orientation>-1.8922678582931587</orientation>
      <time>51</time>
    </ksState>
    <ksState>
      <x>179.6437430723168</x>
      <y>766.7853438128938</y>
      <steeringAngle>-0.28426666666666645</steeringAngle>
      <velocity>5.600000000000004</velocity>
      <orientation>-1.9549969584244824</orientation>
      <time>52</time>
    </ksState>
    <ksState>
      <x>179.3184379008653</x>
      <y>766.2732158607678</y>
      <steeringAngle>-0.2487333333333331</steeringAngle>
      <velocity>6.400000000000004</velocity>
      <orientation>-2.0184190951171583</orientation>
      <time>53</time>
    </ksState>
    <ksState>
      <x>178.9266562875871</x>
      <y>765.7105298181854</y>
      <steeringAngle>-0.21319999999999992</steeringAngle>
      <velocity>7.200000000000004</velocity>
      <orientation>-2.080336183794957</orientation>
      <time>54</time>
    </ksState>
    <ksState>
      <x>178.46512080601013</x>
      <y>765.1011024164424</y>
      <steeringAngle>-0.17766666666666656</steeringAngle>
      <velocity>8.000000000000004</velocity>
      <orientation>-2.138585513395922</orientation>
      <time>55</time>
    </ksState>
    <ksState>
      <x>177.9507569709454</x>
      <y>764.4834109174516</y>
      <steeringAngle>-0.17766666666666667</steeringAngle>
      <velocity>8.0</velocity>
      <orientation>-2.194286489706434</orientation>
      <time>56</time>
    </ksState>
    <ksState>
      <x>177.40280261035372</x>
      <y>763.8953131188939</y>
      <steeringAngle>-0.17766666666666667</steeringAngle>
      <velocity>8.0</velocity>
      <orientation>-2.249987466016946</orientation>
      <time>57</time>
    </ksState>
    <ksState>
      <x>176.8229573863301</x>
      <y>763.3386332096345</y>
      <steeringAngle>-0.17766666666666667</steeringAngle>
      <velocity>8.0</velocity>
      <orientation>-2.3056884423274573</orientation>
      <time>58</time>
    </ksState>
    <ksState>
      <x>176.21301986078052</x>
      <y>762.8150978974708</y>
      <steeringAngle>-0.17766666666666667</steeringAngle>
      <velocity>8.0</velocity>
      <orientation>-2.361389418637969</orientation>
      <time>59</time>
    </ksState>
    <ksState>
      <x>175.57488193501527</x>
      <y>762.3263310823602</y>
      <steeringAngle>-0.17766666666666667</steeringAngle>
      <velocity>8.0</velocity>
      <orientation>-2.417090394948481</orientation>
      <time>60</time>
    </ksState>
    <ksState>
      <x>174.9164954648969</x>
      <y>761.8663666429464</y>
      <steeringAngle>-0.14213333333333336</steeringAngle>
      <velocity>8.0</velocity>
      <orientation>-2.4671252064972293</orientation>
      <time>61</time>
    </ksState>
    <ksState>
      <x>174.24806567393802</x>
      <y>761.423367857298</y>
      <steeringAngle>-0.1066000000000001</steeringAngle>
      <velocity>8.0</velocity>
      <orientation>-2.5059090585042267</orientation>
      <time>62</time>
    </ksState>
    <ksState>
      <x>173.57452023719497</x>
      <y>760.9898942376516</y>
      <steeringAngle>-0.07106666666666674</steeringAngle>
      <velocity>8.0</velocity>
      <orientation>-2.533541537533914</orientation>
      <time>63</time>
    </ksState>
    <ksState>
      <x>172.9004504197499</x>
      <y>760.5583801936885</y>
      <steeringAngle>-0.035533333333333354</steeringAngle>
      <velocity>8.0</velocity>
      <orientation>-2.550093058162943</orientation>
      <time>64</time>
    </ksState>
    <ksState>
      <x>172.2303768266151</x>
      <y>760.1212615769739</y>
      <steeringAngle>-2.0816681711721685e-17</steeringAngle>
      <velocity>8.0</velocity>
      <orientation>-2.5556055846213477</orientation>
      <time>65</time>
    </ksState>
    <ksState>
      <x>171.56901369842424</x>
      <y>759.6710982867774</y>
      <steeringAngle>0.03553333333333333</steeringAngle>
      <velocity>8.0</velocity>
      <orientation>-2.550093049618509</orientation>
      <time>66</time>
    </ksState>
    <ksState>
      <x>170.9215273970449</x>
      <y>759.2007084871796</y>
      <steeringAngle>0.07106666666666667</steeringAngle>
      <velocity>8.0</velocity>
      <orientation>-2.5335415287382395</orientation>
      <time>67</time>
    </ksState>
    <ksState>
      <x>170.29378462594025</x>
      <y>758.7033299834736</y>
      <steeringAngle>0.10659999999999997</steeringAngle>
      <velocity>8.0</velocity>
      <orientation>-2.5059090494475442</orientation>
      <time>68</time>
    </ksState>
    <ksState>
      <x>169.69258215925095</x>
      <y>758.1728234443996</y>
      <steeringAngle>0.1421333333333333</steeringAngle>
      <velocity>8.0</velocity>
      <orientation>-2.4671251971748096</orientation>
      <time>69</time>
    </ksState>
    <ksState>
      <x>169.1258478141574</x>
      <y>757.6039319442638</y>
      <steeringAngle>0.17766666666666667</steeringAngle>
      <velocity>8.0</velocity>
      <orientation>-2.417090384925655</orientation>
      <time>70</time>
    </ksState>
    <ksState>
      <x>168.5893025586731</x>
      <y>757.0063039509623</y>
      <steeringAngle>0.14213333333333336</steeringAngle>
      <velocity>8.0</velocity>
      <orientation>-2.3670555733769065</orientation>
      <time>71</time>
    </ksState>
    <ksState>
      <x>168.06837711221522</x>
      <y>756.3966458592749</y>
      <steeringAngle>0.1066000000000001</steeringAngle>
      <velocity>8.0</velocity>
      <orientation>-2.328271721369909</orientation>
      <time>72</time>
    </ksState>
    <ksState>
      <x>167.55628476993726</x>
      <y>755.7807527944763</y>
      <steeringAngle>0.07106666666666674</steeringAngle>
      <velocity>8.0</velocity>
      <orientation>-2.300639242340222</orientation>
      <time>73</time>
    </ksState>
    <ksState>
      <x>167.04607378037002</x>
      <y>755.164101162635</y>
      <steeringAngle>0.035533333333333354</steeringAngle>
      <velocity>8.0</velocity>
      <orientation>-2.284087721711193</orientation>
      <time>74</time>
    </ksState>
    <ksState>
      <x>166.53078523868908</x>
      <y>754.5520970579857</y>
      <steeringAngle>2.0816681711721685e-17</steeringAngle>
      <velocity>8.0</velocity>
      <orientation>-2.278575195252788</orientation>
      <time>75</time>
    </ksState>
    <ksState>
      <x>166.0106670442591</x>
      <y>753.9442508078346</y>
      <steeringAngle>0.0</steeringAngle>
      <velocity>8.0</velocity>
      <orientation>-2.278575195252788</orientation>
      <time>76</time>
    </ksState>
    <ksState>
      <x>165.4905488498291</x>
      <y>753.3364045576833</y>
      <steeringAngle>0.0</steeringAngle>
      <velocity>8.0</velocity>
      <orientation>-2.278575195252788</orientation>
      <time>77</time>
    </ksState>
    <ksState>
      <x>164.97043065539913</x>
      <y>752.7285583075321</y>
      <steeringAngle>0.0</steeringAngle>
      <velocity>8.0</velocity>
      <orientation>-2.278575195252788</orientation>
      <time>78</time>
    </ksState>
    <ksState>
      <x>164.45031246096914</x>
      <y>752.1207120573808</y>
      <steeringAngle>0.0</steeringAngle>
      <velocity>8.0</velocity>
      <orientation>-2.278575195252788</orientation>
      <time>79</time>
    </ksState>
    <ksState>
      <x>163.93019426653916</x>
      <y>751.5128658072297</y>
      <steeringAngle>0.0</steeringAngle>
      <velocity>8.0</velocity>
      <orientation>-2.278575195252788</orientation>
      <time>80</time>
    </ksState>
    <ksState>
      <x>163.41007607210918</x>
      <y>750.9050195570785</y>
      <steeringAngle>0.0</steeringAngle>
      <velocity>8.0</velocity>
      <orientation>-2.278575195252788</orientation>
      <time>81</time>
    </ksState>
    <ksState>
      <x>162.8899578776792</x>
      <y>750.2971733069272</y>
      <steeringAngle>0.0</steeringAngle>
      <velocity>8.0</velocity>
      <orientation>-2.278575195252788</orientation>
      <time>82</time>
    </ksState>
    <ksState>
      <x>162.3698396832492</x>
      <y>749.689327056776</y>
      <steeringAngle>0.0</steeringAngle>
      <velocity>8.0</velocity>
      <orientation>-2.278575195252788</orientation>
      <time>83</time>
    </ksState>
    <ksState>
      <x>161.84972148881923</x>
      <y>749.0814808066248</y>
      <steeringAngle>0.0</steeringAngle>
      <velocity>8.0</velocity>
      <orientation>-2.278575195252788</orientation>
      <time>84</time>
    </ksState>
    <ksState>
      <x>161.32960329438924</x>
      <y>748.4736345564736</y>
      <steeringAngle>0.0</steeringAngle>
      <velocity>8.0</velocity>
      <orientation>-2.278575195252788</orientation>
      <time>85</time>
    </ksState>
    <ksState>
      <x>160.80948509995926</x>
      <y>747.8657883063224</y>
      <steeringAngle>0.0</steeringAngle>
      <velocity>8.0</velocity>
      <orientation>-2.278575195252788</orientation>
      <time>86</time>
    </ksState>
    <ksState>
      <x>160.28936690552928</x>
      <y>747.2579420561711</y>
      <steeringAngle>0.0</steeringAngle>
      <velocity>8.0</velocity>
      <orientation>-2.278575195252788</orientation>
      <time>87</time>
    </ksState>
    <ksState>
      <x>159.7692487110993</x>
      <y>746.65009580602</y>
      <steeringAngle>0.0</steeringAngle>
      <velocity>8.0</velocity>
      <orientation>-2.278575195252788</orientation>
      <time>88</time>
    </ksState>
    <ksState>
      <x>159.2491305166693</x>
      <y>746.0422495558687</y>
      <steeringAngle>0.0</steeringAngle>
      <velocity>8.0</velocity>
      <orientation>-2.278575195252788</orientation>
      <time>89</time>
    </ksState>
    <ksState>
      <x>158.72901232223933</x>
      <y>745.4344033057175</y>
      <steeringAngle>0.0</steeringAngle>
      <velocity>8.0</velocity>
      <orientation>-2.278575195252788</orientation>
      <time>90</time>
    </ksState>
    <ksState>
      <x>158.20889412780934</x>
      <y>744.8265570555664</y>
      <steeringAngle>0.0</steeringAngle>
      <velocity>8.0</velocity>
      <orientation>-2.278575195252788</orientation>
      <time>91</time>
    </ksState>
    <ksState>
      <x>157.68877593337936</x>
      <y>744.2187108054151</y>
      <steeringAngle>0.0</steeringAngle>
      <velocity>8.0</velocity>
      <orientation>-2.278575195252788</orientation>
      <time>92</time>
    </ksState>
    <ksState>
      <x>157.16865773894938</x>
      <y>743.6108645552639</y>
      <steeringAngle>0.0</steeringAngle>
      <velocity>8.0</velocity>
      <orientation>-2.278575195252788</orientation>
      <time>93</time>
    </ksState>
    <ksState>
      <x>156.6485395445194</x>
      <y>743.0030183051126</y>
      <steeringAngle>0.0</steeringAngle>
      <velocity>8.0</velocity>
      <orientation>-2.278575195252788</orientation>
      <time>94</time>
    </ksState>
    <ksState>
      <x>156.1284213500894</x>
      <y>742.3951720549614</y>
      <steeringAngle>0.0</steeringAngle>
      <velocity>8.0</velocity>
      <orientation>-2.278575195252788</orientation>
      <time>95</time>
    </ksState>
    <ksState>
      <x>155.61539463556204</x>
      <y>741.7812895211227</y>
      <steeringAngle>0.03553333333333333</steeringAngle>
      <velocity>8.0</velocity>
      <orientation>-2.2730626602499493</orientation>
      <time>96</time>
    </ksState>
    <ksState>
      <x>155.1212476102688</x>
      <y>741.1517469956066</y>
      <steeringAngle>0.07106666666666667</steeringAngle>
      <velocity>8.0</velocity>
      <orientation>-2.25651113936968</orientation>
      <time>97</time>
    </ksState>
    <ksState>
      <x>154.653472754686</x>
      <y>740.5016446597336</y>
      <steeringAngle>0.10659999999999997</steeringAngle>
      <velocity>8.0</velocity>
      <orientation>-2.2288786600789847</orientation>
      <time>98</time>
    </ksState>
    <ksState>
      <x>154.22028680466252</x>
      <y>739.8269361844231</y>
      <steeringAngle>0.1421333333333333</steeringAngle>
      <velocity>8.0</velocity>
      <orientation>-2.19009480780625</orientation>
      <time>99</time>
    </ksState>
  </ksTrajectory>
</CommonRoadSolution>
