<?xml version="1.0" ?>
<CommonRoadSolution benchmark_id="KS2:SM1:ESP_Inca-7_1_T-1:2020a" computation_time="1.0772278719996393" date="2022-12-18T12:01:12">
  <ksTrajectory planningProblem="1">
    <ksState>
      <x>-33.541894</x>
      <y>862.96654</y>
      <steeringAngle>0.0</steeringAngle>
      <velocity>12.0</velocity>
      <orientation>2.7428671</orientation>
      <time>0</time>
    </ksState>
    <ksState>
      <x>-34.64776184641257</x>
      <y>863.4324330201997</y>
      <steeringAngle>0.0</steeringAngle>
      <velocity>12.0</velocity>
      <orientation>2.7428671</orientation>
      <time>1</time>
    </ksState>
    <ksState>
      <x>-35.75362969282514</x>
      <y>863.8983260403994</y>
      <steeringAngle>0.0</steeringAngle>
      <velocity>12.0</velocity>
      <orientation>2.7428671</orientation>
      <time>2</time>
    </ksState>
    <ksState>
      <x>-36.85949753923771</x>
      <y>864.3642190605992</y>
      <steeringAngle>0.0</steeringAngle>
      <velocity>12.0</velocity>
      <orientation>2.7428671</orientation>
      <time>3</time>
    </ksState>
    <ksState>
      <x>-37.96536538565028</x>
      <y>864.8301120807989</y>
      <steeringAngle>0.0</steeringAngle>
      <velocity>12.0</velocity>
      <orientation>2.7428671</orientation>
      <time>4</time>
    </ksState>
    <ksState>
      <x>-39.07123323206285</x>
      <y>865.2960051009986</y>
      <steeringAngle>0.0</steeringAngle>
      <velocity>12.0</velocity>
      <orientation>2.7428671</orientation>
      <time>5</time>
    </ksState>
    <ksState>
      <x>-40.177101078475424</x>
      <y>865.7618981211983</y>
      <steeringAngle>0.0</steeringAngle>
      <velocity>12.0</velocity>
      <orientation>2.7428671</orientation>
      <time>6</time>
    </ksState>
    <ksState>
      <x>-41.282968924887996</x>
      <y>866.227791141398</y>
      <steeringAngle>0.0</steeringAngle>
      <velocity>12.0</velocity>
      <orientation>2.7428671</orientation>
      <time>7</time>
    </ksState>
    <ksState>
      <x>-42.38883677130056</x>
      <y>866.6936841615978</y>
      <steeringAngle>0.0</steeringAngle>
      <velocity>12.0</velocity>
      <orientation>2.7428671</orientation>
      <time>8</time>
    </ksState>
    <ksState>
      <x>-43.49470461771313</x>
      <y>867.1595771817975</y>
      <steeringAngle>0.0</steeringAngle>
      <velocity>12.0</velocity>
      <orientation>2.7428671</orientation>
      <time>9</time>
    </ksState>
    <ksState>
      <x>-44.600572464125705</x>
      <y>867.6254702019972</y>
      <steeringAngle>0.0</steeringAngle>
      <velocity>12.0</velocity>
      <orientation>2.7428671</orientation>
      <time>10</time>
    </ksState>
    <ksState>
      <x>-45.70644031053828</x>
      <y>868.091363222197</y>
      <steeringAngle>0.0</steeringAngle>
      <velocity>12.0</velocity>
      <orientation>2.7428671</orientation>
      <time>11</time>
    </ksState>
    <ksState>
      <x>-46.81230815695085</x>
      <y>868.5572562423966</y>
      <steeringAngle>0.0</steeringAngle>
      <velocity>12.0</velocity>
      <orientation>2.7428671</orientation>
      <time>12</time>
    </ksState>
    <ksState>
      <x>-47.91817600336341</x>
      <y>869.0231492625965</y>
      <steeringAngle>0.0</steeringAngle>
      <velocity>12.0</velocity>
      <orientation>2.7428671</orientation>
      <time>13</time>
    </ksState>
    <ksState>
      <x>-49.024043849775985</x>
      <y>869.4890422827962</y>
      <steeringAngle>0.0</steeringAngle>
      <velocity>12.0</velocity>
      <orientation>2.7428671</orientation>
      <time>14</time>
    </ksState>
    <ksState>
      <x>-50.12991169618856</x>
      <y>869.9549353029959</y>
      <steeringAngle>0.0</steeringAngle>
      <velocity>12.0</velocity>
      <orientation>2.7428671</orientation>
      <time>15</time>
    </ksState>
    <ksState>
      <x>-51.23577954260113</x>
      <y>870.4208283231956</y>
      <steeringAngle>0.0</steeringAngle>
      <velocity>12.0</velocity>
      <orientation>2.7428671</orientation>
      <time>16</time>
    </ksState>
    <ksState>
      <x>-52.3416473890137</x>
      <y>870.8867213433953</y>
      <steeringAngle>0.0</steeringAngle>
      <velocity>12.0</velocity>
      <orientation>2.7428671</orientation>
      <time>17</time>
    </ksState>
    <ksState>
      <x>-53.447515235426266</x>
      <y>871.3526143635951</y>
      <steeringAngle>0.0</steeringAngle>
      <velocity>12.0</velocity>
      <orientation>2.7428671</orientation>
      <time>18</time>
    </ksState>
    <ksState>
      <x>-54.55338308183884</x>
      <y>871.8185073837948</y>
      <steeringAngle>0.0</steeringAngle>
      <velocity>12.0</velocity>
      <orientation>2.7428671</orientation>
      <time>19</time>
    </ksState>
    <ksState>
      <x>-55.65925092825141</x>
      <y>872.2844004039945</y>
      <steeringAngle>0.0</steeringAngle>
      <velocity>12.0</velocity>
      <orientation>2.7428671</orientation>
      <time>20</time>
    </ksState>
    <ksState>
      <x>-56.728256512666654</x>
      <y>872.7347636566645</y>
      <steeringAngle>0.0</steeringAngle>
      <velocity>11.200000000000001</velocity>
      <orientation>2.7428671</orientation>
      <time>21</time>
    </ksState>
    <ksState>
      <x>-57.723537573572166</x>
      <y>873.1540673744795</y>
      <steeringAngle>0.0</steeringAngle>
      <velocity>10.4</velocity>
      <orientation>2.7428671</orientation>
      <time>22</time>
    </ksState>
    <ksState>
      <x>-58.64509411125334</x>
      <y>873.5423115575597</y>
      <steeringAngle>0.0</steeringAngle>
      <velocity>9.599999999999998</velocity>
      <orientation>2.7428671</orientation>
      <time>23</time>
    </ksState>
    <ksState>
      <x>-59.4929261257913</x>
      <y>873.8994962059393</y>
      <steeringAngle>0.0</steeringAngle>
      <velocity>8.799999999999999</velocity>
      <orientation>2.7428671</orientation>
      <time>24</time>
    </ksState>
    <ksState>
      <x>-60.26703361721257</x>
      <y>874.2256213196293</y>
      <steeringAngle>0.0</steeringAngle>
      <velocity>7.999999999999997</velocity>
      <orientation>2.7428671</orientation>
      <time>25</time>
    </ksState>
    <ksState>
      <x>-61.00064106647888</x>
      <y>874.5447894345028</y>
      <steeringAngle>-0.03553333333333333</steeringAngle>
      <velocity>8.0</velocity>
      <orientation>2.737354564997161</orientation>
      <time>26</time>
    </ksState>
    <ksState>
      <x>-61.72437983599459</x>
      <y>874.886413888457</y>
      <steeringAngle>-0.07106666666666667</steeringAngle>
      <velocity>8.0</velocity>
      <orientation>2.7208030441168916</orientation>
      <time>27</time>
    </ksState>
    <ksState>
      <x>-62.43374469647127</x>
      <y>875.2582308559877</y>
      <steeringAngle>-0.10659999999999997</steeringAngle>
      <velocity>8.0</velocity>
      <orientation>2.6931705648261963</orientation>
      <time>28</time>
    </ksState>
    <ksState>
      <x>-63.123200649824064</x>
      <y>875.6675376875212</y>
      <steeringAngle>-0.1421333333333333</steeringAngle>
      <velocity>8.0</velocity>
      <orientation>2.6543867125534617</orientation>
      <time>29</time>
    </ksState>
    <ksState>
      <x>-63.78593715156734</x>
      <y>876.1209753194977</y>
      <steeringAngle>-0.17766666666666667</steeringAngle>
      <velocity>8.0</velocity>
      <orientation>2.604351900304307</orientation>
      <time>30</time>
    </ksState>
    <ksState>
      <x>-64.38308654056331</x>
      <y>876.598050877004</y>
      <steeringAngle>-0.21320000000000014</steeringAngle>
      <velocity>7.200000000000003</velocity>
      <orientation>2.546102573232814</orientation>
      <time>31</time>
    </ksState>
    <ksState>
      <x>-64.88256788997201</x>
      <y>877.0675501497236</y>
      <steeringAngle>-0.24873333333333347</steeringAngle>
      <velocity>6.400000000000004</velocity>
      <orientation>2.4841854857470347</orientation>
      <time>32</time>
    </ksState>
    <ksState>
      <x>-65.28849162403617</x>
      <y>877.5182876658483</y>
      <steeringAngle>-0.2842666666666668</steeringAngle>
      <velocity>5.600000000000001</velocity>
      <orientation>2.4207633429831135</orientation>
      <time>33</time>
    </ksState>
  </ksTrajectory>
</CommonRoadSolution>
