<?xml version="1.0" ?>
<CommonRoadSolution benchmark_id="KS2:SM1:DEU_Flensburg-2_1_T-1:2020a" computation_time="13.081781252999917" date="2022-12-16T13:37:50">
  <ksTrajectory planningProblem="123">
    <ksState>
      <x>470.53552</x>
      <y>-247.21577</y>
      <steeringAngle>0.0</steeringAngle>
      <velocity>8.0</velocity>
      <orientation>-0.23455368</orientation>
      <time>0</time>
    </ksState>
    <ksState>
      <x>471.27268808044334</x>
      <y>-247.40077199910172</y>
      <steeringAngle>-0.03553333333333333</steeringAngle>
      <velocity>7.199999999999999</velocity>
      <orientation>-0.2396986929824923</orientation>
      <time>1</time>
    </ksState>
    <ksState>
      <x>471.92737091153043</x>
      <y>-247.58558830112185</y>
      <steeringAngle>-0.07106666666666664</steeringAngle>
      <velocity>6.400000000000001</velocity>
      <orientation>-0.2536753651034554</orientation>
      <time>2</time>
    </ksState>
    <ksState>
      <x>472.49902368489927</x>
      <y>-247.77008075783976</y>
      <steeringAngle>-0.10659999999999997</steeringAngle>
      <velocity>5.600000000000004</velocity>
      <orientation>-0.2743071329693368</orientation>
      <time>3</time>
    </ksState>
    <ksState>
      <x>472.9877397394902</x>
      <y>-247.95117934321593</y>
      <steeringAngle>-0.1421333333333333</steeringAngle>
      <velocity>4.800000000000003</velocity>
      <orientation>-0.299423340477985</orientation>
      <time>4</time>
    </ksState>
    <ksState>
      <x>473.39438169333073</x>
      <y>-248.1236169465333</y>
      <steeringAngle>-0.17766666666666653</steeringAngle>
      <velocity>4.000000000000006</velocity>
      <orientation>-0.32684823706313487</orientation>
      <time>5</time>
    </ksState>
    <ksState>
      <x>473.72326549470495</x>
      <y>-248.27353163370728</y>
      <steeringAngle>-0.1421333333333333</steeringAngle>
      <velocity>3.1999999999999993</velocity>
      <orientation>-0.3494581520365772</orientation>
      <time>6</time>
    </ksState>
    <ksState>
      <x>473.97886425798</x>
      <y>-248.38950446673272</y>
      <steeringAngle>-0.10659999999999997</steeringAngle>
      <velocity>2.3999999999999977</velocity>
      <orientation>-0.36312579290728453</orientation>
      <time>7</time>
    </ksState>
    <ksState>
      <x>474.16198547395817</x>
      <y>-248.47053885421485</y>
      <steeringAngle>-0.07106666666666664</steeringAngle>
      <velocity>1.5999999999999976</velocity>
      <orientation>-0.3701264987605037</orientation>
      <time>8</time>
    </ksState>
    <ksState>
      <x>474.27246784476733</x>
      <y>-248.51751944308924</y>
      <steeringAngle>-0.0355333333333333</steeringAngle>
      <velocity>0.7999999999999972</velocity>
      <orientation>-0.3727013432344709</orientation>
      <time>9</time>
    </ksState>
    <ksState>
      <x>474.3095280350768</x>
      <y>-248.53257989177357</y>
      <steeringAngle>2.5153490401663703e-17</steeringAngle>
      <velocity>-2.914335439641036e-15</velocity>
      <orientation>-0.3730688548130021</orientation>
      <time>10</time>
    </ksState>
    <ksState>
      <x>474.3469692020106</x>
      <y>-248.5466664437023</y>
      <steeringAngle>0.03553333333333333</steeringAngle>
      <velocity>0.8</velocity>
      <orientation>-0.37270132303476017</orientation>
      <time>11</time>
    </ksState>
    <ksState>
      <x>474.46011062878796</x>
      <y>-248.5868200299085</y>
      <steeringAngle>0.0710666666666667</steeringAngle>
      <velocity>1.6</velocity>
      <orientation>-0.3701264764427745</orientation>
      <time>12</time>
    </ksState>
    <ksState>
      <x>474.6503725349373</x>
      <y>-248.64925823452637</y>
      <steeringAngle>0.10660000000000003</steeringAngle>
      <velocity>2.4000000000000004</velocity>
      <orientation>-0.3631257722059373</orientation>
      <time>13</time>
    </ksState>
    <ksState>
      <x>474.9195362212577</x>
      <y>-248.728783402728</y>
      <steeringAngle>0.14213333333333342</steeringAngle>
      <velocity>3.2000000000000015</velocity>
      <orientation>-0.34945813126511716</orientation>
      <time>14</time>
    </ksState>
    <ksState>
      <x>475.2697624248106</x>
      <y>-248.81800770421975</y>
      <steeringAngle>0.17766666666666683</steeringAngle>
      <velocity>4.0000000000000036</velocity>
      <orientation>-0.32684821539189696</orientation>
      <time>15</time>
    </ksState>
    <ksState>
      <x>475.6638287450872</x>
      <y>-248.89919272801714</y>
      <steeringAngle>0.21319999999999995</steeringAngle>
      <velocity>4.0</velocity>
      <orientation>-0.2961404327543968</orientation>
      <time>16</time>
    </ksState>
    <ksState>
      <x>476.0626446199727</x>
      <y>-248.95920306132624</y>
      <steeringAngle>0.24873333333333336</steeringAngle>
      <velocity>4.0</velocity>
      <orientation>-0.2596615916317025</orientation>
      <time>17</time>
    </ksState>
    <ksState>
      <x>476.46547897271387</x>
      <y>-248.99534274837148</y>
      <steeringAngle>0.2842666666666667</steeringAngle>
      <velocity>4.0</velocity>
      <orientation>-0.21731435778625446</orientation>
      <time>18</time>
    </ksState>
    <ksState>
      <x>476.8711612664024</x>
      <y>-249.00483748490888</y>
      <steeringAngle>0.31980000000000003</steeringAngle>
      <velocity>4.0</velocity>
      <orientation>-0.16898367641911946</orientation>
      <time>19</time>
    </ksState>
    <ksState>
      <x>477.2780139289349</x>
      <y>-248.98487099607655</y>
      <steeringAngle>0.35533333333333333</steeringAngle>
      <velocity>4.0</velocity>
      <orientation>-0.11453547524084101</orientation>
      <time>20</time>
    </ksState>
    <ksState>
      <x>477.6837805954637</x>
      <y>-248.93263850460892</y>
      <steeringAngle>0.39086666666666653</steeringAngle>
      <velocity>4.0</velocity>
      <orientation>-0.05381510893485382</orientation>
      <time>21</time>
    </ksState>
    <ksState>
      <x>478.08555187585756</x>
      <y>-248.84542083092796</y>
      <steeringAngle>0.42639999999999995</steeringAngle>
      <velocity>4.0</velocity>
      <orientation>0.013354504521549793</orientation>
      <time>22</time>
    </ksState>
    <ksState>
      <x>478.47969154846965</x>
      <y>-248.72068364114892</y>
      <steeringAngle>0.4619333333333333</steeringAngle>
      <velocity>4.0</velocity>
      <orientation>0.0871750881538938</orientation>
      <time>23</time>
    </ksState>
    <ksState>
      <x>478.8617672982291</x>
      <y>-248.55620618887818</y>
      <steeringAngle>0.49746666666666667</steeringAngle>
      <velocity>4.0</velocity>
      <orientation>0.16787562996711414</orientation>
      <time>24</time>
    </ksState>
    <ksState>
      <x>479.226492063373</x>
      <y>-248.35024463607382</y>
      <steeringAngle>0.533</steeringAngle>
      <velocity>4.0</velocity>
      <orientation>0.2557154965669228</orientation>
      <time>25</time>
    </ksState>
    <ksState>
      <x>479.5676843656911</x>
      <y>-248.101734878168</y>
      <steeringAngle>0.5685333333333333</steeringAngle>
      <velocity>4.0</velocity>
      <orientation>0.35098813621615266</orientation>
      <time>26</time>
    </ksState>
    <ksState>
      <x>479.87825908086523</x>
      <y>-247.8105394658137</y>
      <steeringAngle>0.6040666666666665</steeringAngle>
      <velocity>4.0</velocity>
      <orientation>0.4540254894346153</orientation>
      <time>27</time>
    </ksState>
    <ksState>
      <x>480.15026369194965</x>
      <y>-247.47774181818764</y>
      <steeringAngle>0.6396</steeringAngle>
      <velocity>4.0</velocity>
      <orientation>0.5652032722101059</orientation>
      <time>28</time>
    </ksState>
    <ksState>
      <x>480.3749798758656</x>
      <y>-247.10598886159954</y>
      <steeringAngle>0.6751333333333333</steeringAngle>
      <velocity>4.0</velocity>
      <orientation>0.6849473210900363</orientation>
      <time>29</time>
    </ksState>
    <ksState>
      <x>480.54311557485136</x>
      <y>-246.6998789524878</y>
      <steeringAngle>0.7106666666666664</steeringAngle>
      <velocity>4.0</velocity>
      <orientation>0.8137412587743471</orientation>
      <time>30</time>
    </ksState>
    <ksState>
      <x>480.645118896236</x>
      <y>-246.2663853959401</y>
      <steeringAngle>0.7461999999999996</steeringAngle>
      <velocity>4.0</velocity>
      <orientation>0.9521358121255639</orientation>
      <time>31</time>
    </ksState>
    <ksState>
      <x>480.6716518044982</x>
      <y>-245.81529563587154</y>
      <steeringAngle>0.7817333333333332</steeringAngle>
      <velocity>4.0</velocity>
      <orientation>1.1007602142907376</orientation>
      <time>32</time>
    </ksState>
    <ksState>
      <x>480.6142675966872</x>
      <y>-245.35963076836606</y>
      <steeringAngle>0.8172666666666665</steeringAngle>
      <velocity>4.0</velocity>
      <orientation>1.2603362674915828</orientation>
      <time>33</time>
    </ksState>
    <ksState>
      <x>480.4663404596302</x>
      <y>-244.9159876544274</y>
      <steeringAngle>0.8527999999999999</steeringAngle>
      <velocity>4.0</velocity>
      <orientation>1.4316958309110936</orientation>
      <time>34</time>
    </ksState>
    <ksState>
      <x>480.224294566761</x>
      <y>-244.50471409199324</y>
      <steeringAngle>0.888333333333333</steeringAngle>
      <velocity>4.0</velocity>
      <orientation>1.6158027795087295</orientation>
      <time>35</time>
    </ksState>
    <ksState>
      <x>479.89996200116013</x>
      <y>-244.14719690501062</y>
      <steeringAngle>0.8883333333333333</steeringAngle>
      <velocity>4.0</velocity>
      <orientation>1.8066430490066485</orientation>
      <time>36</time>
    </ksState>
    <ksState>
      <x>479.5137023491091</x>
      <y>-243.85769106432647</y>
      <steeringAngle>0.8883333333333333</steeringAngle>
      <velocity>4.0</velocity>
      <orientation>1.9974833185045677</orientation>
      <time>37</time>
    </ksState>
    <ksState>
      <x>479.0795405472665</x>
      <y>-243.64670841205722</y>
      <steeringAngle>0.8883333333333333</steeringAngle>
      <velocity>4.0</velocity>
      <orientation>2.1883235880024867</orientation>
      <time>38</time>
    </ksState>
    <ksState>
      <x>478.6132408398855</x>
      <y>-243.52190964513707</y>
      <steeringAngle>0.8883333333333333</steeringAngle>
      <velocity>4.0</velocity>
      <orientation>2.379163857500405</orientation>
      <time>39</time>
    </ksState>
    <ksState>
      <x>478.131734382075</x>
      <y>-243.48782615400796</y>
      <steeringAngle>0.8883333333333333</steeringAngle>
      <velocity>4.0</velocity>
      <orientation>2.570004126998324</orientation>
      <time>40</time>
    </ksState>
    <ksState>
      <x>477.6564715367454</x>
      <y>-243.53599299089345</y>
      <steeringAngle>0.8527999999999999</steeringAngle>
      <velocity>4.0</velocity>
      <orientation>2.7541110752439826</orientation>
      <time>41</time>
    </ksState>
    <ksState>
      <x>477.2025190137679</x>
      <y>-243.6501237730661</y>
      <steeringAngle>0.8172666666666666</steeringAngle>
      <velocity>4.0</velocity>
      <orientation>2.9254706378486803</orientation>
      <time>42</time>
    </ksState>
    <ksState>
      <x>476.7757761446928</x>
      <y>-243.82087743924393</y>
      <steeringAngle>0.7817333333333335</steeringAngle>
      <velocity>4.0</velocity>
      <orientation>3.085046690299606</orientation>
      <time>43</time>
    </ksState>
    <ksState>
      <x>476.37996665486213</x>
      <y>-244.0395517646513</y>
      <steeringAngle>0.7461999999999999</steeringAngle>
      <velocity>4.0</velocity>
      <orientation>3.2336710916628753</orientation>
      <time>44</time>
    </ksState>
    <ksState>
      <x>476.017117306046</x>
      <y>-244.2982432247772</y>
      <steeringAngle>0.7106666666666667</steeringAngle>
      <velocity>4.0</velocity>
      <orientation>3.3720656438099885</orientation>
      <time>45</time>
    </ksState>
    <ksState>
      <x>475.68795086519174</x>
      <y>-244.5899135724131</y>
      <steeringAngle>0.6751333333333331</steeringAngle>
      <velocity>4.0</velocity>
      <orientation>3.500859581128536</orientation>
      <time>46</time>
    </ksState>
    <ksState>
      <x>475.39220407278896</x>
      <y>-244.9083960597565</y>
      <steeringAngle>0.6396000000000001</steeringAngle>
      <velocity>4.0</velocity>
      <orientation>3.6206036296394624</orientation>
      <time>47</time>
    </ksState>
    <ksState>
      <x>475.1288819242726</x>
      <y>-245.24836379328627</y>
      <steeringAngle>0.6040666666666666</steeringAngle>
      <velocity>4.0</velocity>
      <orientation>3.7317814119634587</orientation>
      <time>48</time>
    </ksState>
    <ksState>
      <x>474.89645870121416</x>
      <y>-245.60527560721957</y>
      <steeringAngle>0.5685333333333331</steeringAngle>
      <velocity>4.0</velocity>
      <orientation>3.8348187643769434</orientation>
      <time>49</time>
    </ksState>
    <ksState>
      <x>474.69303514618946</x>
      <y>-245.97530975735157</y>
      <steeringAngle>0.5329999999999997</steeringAngle>
      <velocity>4.0</velocity>
      <orientation>3.9300914028871876</orientation>
      <time>50</time>
    </ksState>
    <ksState>
      <x>474.5164598156516</x>
      <y>-246.35529226944206</y>
      <steeringAngle>0.4974666666666666</steeringAngle>
      <velocity>4.0</velocity>
      <orientation>4.0179312697266365</orientation>
      <time>51</time>
    </ksState>
    <ksState>
      <x>474.3644213783085</x>
      <y>-246.7426244313449</y>
      <steeringAngle>0.4619333333333334</steeringAngle>
      <velocity>4.0</velocity>
      <orientation>4.098631811513807</orientation>
      <time>52</time>
    </ksState>
    <ksState>
      <x>474.2345175246248</x>
      <y>-247.13521210140783</y>
      <steeringAngle>0.42640000000000017</steeringAngle>
      <velocity>4.0</velocity>
      <orientation>4.172452394763612</orientation>
      <time>53</time>
    </ksState>
    <ksState>
      <x>474.1243051172929</x>
      <y>-247.53139854120474</y>
      <steeringAngle>0.3908666666666668</steeringAngle>
      <velocity>4.0</velocity>
      <orientation>4.239622007626474</orientation>
      <time>54</time>
    </ksState>
    <ksState>
      <x>474.03133541605615</x>
      <y>-247.929901541207</y>
      <steeringAngle>0.3553333333333335</steeringAngle>
      <velocity>4.0</velocity>
      <orientation>4.30034237550476</orientation>
      <time>55</time>
    </ksState>
    <ksState>
      <x>473.94642339693047</x>
      <y>-248.36991113441698</y>
      <steeringAngle>0.31979999999999975</steeringAngle>
      <velocity>4.800000000000001</velocity>
      <orientation>4.360132210536509</orientation>
      <time>56</time>
    </ksState>
    <ksState>
      <x>473.86743441885835</x>
      <y>-248.89153842342208</y>
      <steeringAngle>0.28426666666666645</steeringAngle>
      <velocity>5.600000000000004</velocity>
      <orientation>4.422861310667832</orientation>
      <time>57</time>
    </ksState>
    <ksState>
      <x>473.8021420643293</x>
      <y>-249.49472612419342</y>
      <steeringAngle>0.2487333333333331</steeringAngle>
      <velocity>6.400000000000004</velocity>
      <orientation>4.486283447360508</orientation>
      <time>58</time>
    </ksState>
    <ksState>
      <x>473.757257721364</x>
      <y>-250.17889994039552</y>
      <steeringAngle>0.21319999999999992</steeringAngle>
      <velocity>7.200000000000004</velocity>
      <orientation>4.5482005360383075</orientation>
      <time>59</time>
    </ksState>
    <ksState>
      <x>473.7377239759059</x>
      <y>-250.94312189214645</y>
      <steeringAngle>0.17766666666666656</steeringAngle>
      <velocity>8.000000000000004</velocity>
      <orientation>4.606449865639273</orientation>
      <time>60</time>
    </ksState>
    <ksState>
      <x>473.74476056601884</x>
      <y>-251.7462349078297</y>
      <steeringAngle>0.14213333333333336</steeringAngle>
      <velocity>8.0</velocity>
      <orientation>4.656484677188021</orientation>
      <time>61</time>
    </ksState>
    <ksState>
      <x>473.7714430575826</x>
      <y>-252.54769255123398</y>
      <steeringAngle>0.1066000000000001</steeringAngle>
      <velocity>8.0</velocity>
      <orientation>4.695268529195019</orientation>
      <time>62</time>
    </ksState>
    <ksState>
      <x>473.8088522053963</x>
      <y>-253.34779466343383</y>
      <steeringAngle>0.07106666666666674</steeringAngle>
      <velocity>8.0</velocity>
      <orientation>4.722901008224706</orientation>
      <time>63</time>
    </ksState>
    <ksState>
      <x>473.84816191406173</x>
      <y>-254.14718770551787</y>
      <steeringAngle>0.035533333333333354</steeringAngle>
      <velocity>8.0</velocity>
      <orientation>4.739452528853735</orientation>
      <time>64</time>
    </ksState>
    <ksState>
      <x>473.88058823621157</x>
      <y>-254.94657487011767</y>
      <steeringAngle>2.0816681711721685e-17</steeringAngle>
      <velocity>8.0</velocity>
      <orientation>4.744965055312139</orientation>
      <time>65</time>
    </ksState>
    <ksState>
      <x>473.89733600514637</x>
      <y>-255.74642966156844</y>
      <steeringAngle>-0.03553333333333333</steeringAngle>
      <velocity>8.0</velocity>
      <orientation>4.7394525203093005</orientation>
      <time>66</time>
    </ksState>
    <ksState>
      <x>473.889558296391</x>
      <y>-256.5467074766339</y>
      <steeringAngle>-0.07106666666666667</steeringAngle>
      <velocity>8.0</velocity>
      <orientation>4.722900999429031</orientation>
      <time>67</time>
    </ksState>
    <ksState>
      <x>473.8483439687292</x>
      <y>-257.34654979973163</y>
      <steeringAngle>-0.10659999999999997</steeringAngle>
      <velocity>8.0</velocity>
      <orientation>4.695268520138336</orientation>
      <time>68</time>
    </ksState>
    <ksState>
      <x>473.7647500200096</x>
      <y>-258.1439791982937</y>
      <steeringAngle>-0.1421333333333333</steeringAngle>
      <velocity>8.0</velocity>
      <orientation>4.656484667865601</orientation>
      <time>69</time>
    </ksState>
    <ksState>
      <x>473.62989650248363</x>
      <y>-258.93558508864965</y>
      <steeringAngle>-0.17766666666666667</steeringAngle>
      <velocity>8.0</velocity>
      <orientation>4.606449855616447</orientation>
      <time>70</time>
    </ksState>
    <ksState>
      <x>473.45412540482056</x>
      <y>-259.7192588414234</y>
      <steeringAngle>-0.14213333333333336</steeringAngle>
      <velocity>8.0</velocity>
      <orientation>4.556415044067698</orientation>
      <time>71</time>
    </ksState>
    <ksState>
      <x>473.25949585319654</x>
      <y>-260.4971827754696</y>
      <steeringAngle>-0.1066000000000001</steeringAngle>
      <velocity>8.0</velocity>
      <orientation>4.5176311920607</orientation>
      <time>72</time>
    </ksState>
    <ksState>
      <x>473.05466458201835</x>
      <y>-261.2715257128264</y>
      <steeringAngle>-0.07106666666666674</steeringAngle>
      <velocity>8.0</velocity>
      <orientation>4.489998713031014</orientation>
      <time>73</time>
    </ksState>
    <ksState>
      <x>472.84812436596013</x>
      <y>-262.0447757552307</y>
      <steeringAngle>-0.035533333333333354</steeringAngle>
      <velocity>8.0</velocity>
      <orientation>4.473447192401984</orientation>
      <time>74</time>
    </ksState>
    <ksState>
      <x>472.6483148437485</x>
      <y>-262.81946760372836</y>
      <steeringAngle>-2.0816681711721685e-17</steeringAngle>
      <velocity>8.0</velocity>
      <orientation>4.46793466594358</orientation>
      <time>75</time>
    </ksState>
    <ksState>
      <x>472.45469332473</x>
      <y>-263.595683235736</y>
      <steeringAngle>0.0</steeringAngle>
      <velocity>8.0</velocity>
      <orientation>4.46793466594358</orientation>
      <time>76</time>
    </ksState>
    <ksState>
      <x>472.2610718057115</x>
      <y>-264.37189886774354</y>
      <steeringAngle>0.0</steeringAngle>
      <velocity>8.0</velocity>
      <orientation>4.46793466594358</orientation>
      <time>77</time>
    </ksState>
    <ksState>
      <x>472.067450286693</x>
      <y>-265.14811449975116</y>
      <steeringAngle>0.0</steeringAngle>
      <velocity>8.0</velocity>
      <orientation>4.46793466594358</orientation>
      <time>78</time>
    </ksState>
    <ksState>
      <x>471.87382876767447</x>
      <y>-265.9243301317588</y>
      <steeringAngle>0.0</steeringAngle>
      <velocity>8.0</velocity>
      <orientation>4.46793466594358</orientation>
      <time>79</time>
    </ksState>
    <ksState>
      <x>471.68020724865596</x>
      <y>-266.7005457637664</y>
      <steeringAngle>0.0</steeringAngle>
      <velocity>8.0</velocity>
      <orientation>4.46793466594358</orientation>
      <time>80</time>
    </ksState>
    <ksState>
      <x>471.48658572963745</x>
      <y>-267.476761395774</y>
      <steeringAngle>0.0</steeringAngle>
      <velocity>8.0</velocity>
      <orientation>4.46793466594358</orientation>
      <time>81</time>
    </ksState>
    <ksState>
      <x>471.29296421061895</x>
      <y>-268.2529770277816</y>
      <steeringAngle>0.0</steeringAngle>
      <velocity>8.0</velocity>
      <orientation>4.46793466594358</orientation>
      <time>82</time>
    </ksState>
    <ksState>
      <x>471.09934269160044</x>
      <y>-269.0291926597892</y>
      <steeringAngle>0.0</steeringAngle>
      <velocity>8.0</velocity>
      <orientation>4.46793466594358</orientation>
      <time>83</time>
    </ksState>
    <ksState>
      <x>470.90572117258193</x>
      <y>-269.8054082917968</y>
      <steeringAngle>0.0</steeringAngle>
      <velocity>8.0</velocity>
      <orientation>4.46793466594358</orientation>
      <time>84</time>
    </ksState>
    <ksState>
      <x>470.7120996535634</x>
      <y>-270.58162392380444</y>
      <steeringAngle>0.0</steeringAngle>
      <velocity>8.0</velocity>
      <orientation>4.46793466594358</orientation>
      <time>85</time>
    </ksState>
    <ksState>
      <x>470.5184781345449</x>
      <y>-271.35783955581206</y>
      <steeringAngle>0.0</steeringAngle>
      <velocity>8.0</velocity>
      <orientation>4.46793466594358</orientation>
      <time>86</time>
    </ksState>
    <ksState>
      <x>470.3248566155264</x>
      <y>-272.1340551878196</y>
      <steeringAngle>0.0</steeringAngle>
      <velocity>8.0</velocity>
      <orientation>4.46793466594358</orientation>
      <time>87</time>
    </ksState>
    <ksState>
      <x>470.1312350965079</x>
      <y>-272.91027081982725</y>
      <steeringAngle>0.0</steeringAngle>
      <velocity>8.0</velocity>
      <orientation>4.46793466594358</orientation>
      <time>88</time>
    </ksState>
    <ksState>
      <x>469.9376135774894</x>
      <y>-273.68648645183487</y>
      <steeringAngle>0.0</steeringAngle>
      <velocity>8.0</velocity>
      <orientation>4.46793466594358</orientation>
      <time>89</time>
    </ksState>
    <ksState>
      <x>469.7439920584709</x>
      <y>-274.4627020838425</y>
      <steeringAngle>0.0</steeringAngle>
      <velocity>8.0</velocity>
      <orientation>4.46793466594358</orientation>
      <time>90</time>
    </ksState>
    <ksState>
      <x>469.55941213992065</x>
      <y>-275.24114824693856</y>
      <steeringAngle>0.03553333333333333</steeringAngle>
      <velocity>8.0</velocity>
      <orientation>4.473447200946419</orientation>
      <time>91</time>
    </ksState>
    <ksState>
      <x>469.39872029140975</x>
      <y>-276.0251655961482</y>
      <steeringAngle>0.07106666666666667</steeringAngle>
      <velocity>8.0</velocity>
      <orientation>4.489998721826688</orientation>
      <time>92</time>
    </ksState>
    <ksState>
      <x>469.2708089229436</x>
      <y>-276.8157887961873</y>
      <steeringAngle>0.10659999999999997</steeringAngle>
      <velocity>8.0</velocity>
      <orientation>4.517631201117383</orientation>
      <time>93</time>
    </ksState>
    <ksState>
      <x>469.1848368973116</x>
      <y>-277.6129653166407</y>
      <steeringAngle>0.1421333333333333</steeringAngle>
      <velocity>8.0</velocity>
      <orientation>4.556415053390118</orientation>
      <time>94</time>
    </ksState>
    <ksState>
      <x>469.15020281961637</x>
      <y>-278.41522826449363</y>
      <steeringAngle>0.17766666666666667</steeringAngle>
      <velocity>8.0</velocity>
      <orientation>4.606449865639273</orientation>
      <time>95</time>
    </ksState>
    <ksState>
      <x>469.16490571876557</x>
      <y>-279.17871727503876</y>
      <steeringAngle>0.17766666666666667</steeringAngle>
      <velocity>7.2</velocity>
      <orientation>4.6593657930836505</orientation>
      <time>96</time>
    </ksState>
    <ksState>
      <x>469.21227666953115</x>
      <y>-279.8603374772001</y>
      <steeringAngle>0.17766666666666667</steeringAngle>
      <velocity>6.4</velocity>
      <orientation>4.706711622876461</orientation>
      <time>97</time>
    </ksState>
    <ksState>
      <x>469.2808257948673</x>
      <y>-280.4593205068716</y>
      <steeringAngle>0.17766666666666667</steeringAngle>
      <velocity>5.599999999999999</velocity>
      <orientation>4.748487355031646</orientation>
      <time>98</time>
    </ksState>
    <ksState>
      <x>469.36042701523945</x>
      <y>-280.97573810729807</y>
      <steeringAngle>0.17766666666666667</steeringAngle>
      <velocity>4.799999999999999</velocity>
      <orientation>4.784692989553161</orientation>
      <time>99</time>
    </ksState>
  </ksTrajectory>
</CommonRoadSolution>
