<?xml version="1.0" ?>
<CommonRoadSolution benchmark_id="KS2:SM1:DEU_Flensburg-21_1_T-1:2020a" computation_time="1.1633585929998844" date="2022-12-18T12:01:12">
  <ksTrajectory planningProblem="123">
    <ksState>
      <x>94.276912</x>
      <y>296.38185</y>
      <steeringAngle>0.0</steeringAngle>
      <velocity>12.0</velocity>
      <orientation>-2.0086209</orientation>
      <time>0</time>
    </ksState>
    <ksState>
      <x>93.76814771472093</x>
      <y>295.2950386538941</y>
      <steeringAngle>0.0</steeringAngle>
      <velocity>12.0</velocity>
      <orientation>-2.0086209</orientation>
      <time>1</time>
    </ksState>
    <ksState>
      <x>93.25938342944185</x>
      <y>294.2082273077882</y>
      <steeringAngle>0.0</steeringAngle>
      <velocity>12.0</velocity>
      <orientation>-2.0086209</orientation>
      <time>2</time>
    </ksState>
    <ksState>
      <x>92.75061914416278</x>
      <y>293.1214159616823</y>
      <steeringAngle>0.0</steeringAngle>
      <velocity>12.0</velocity>
      <orientation>-2.0086209</orientation>
      <time>3</time>
    </ksState>
    <ksState>
      <x>92.24185485888371</x>
      <y>292.0346046155765</y>
      <steeringAngle>0.0</steeringAngle>
      <velocity>12.0</velocity>
      <orientation>-2.0086209</orientation>
      <time>4</time>
    </ksState>
    <ksState>
      <x>91.73309057360464</x>
      <y>290.9477932694706</y>
      <steeringAngle>0.0</steeringAngle>
      <velocity>12.0</velocity>
      <orientation>-2.0086209</orientation>
      <time>5</time>
    </ksState>
    <ksState>
      <x>91.22432628832557</x>
      <y>289.8609819233647</y>
      <steeringAngle>0.0</steeringAngle>
      <velocity>12.0</velocity>
      <orientation>-2.0086209</orientation>
      <time>6</time>
    </ksState>
    <ksState>
      <x>90.7155620030465</x>
      <y>288.7741705772588</y>
      <steeringAngle>0.0</steeringAngle>
      <velocity>12.0</velocity>
      <orientation>-2.0086209</orientation>
      <time>7</time>
    </ksState>
    <ksState>
      <x>90.20679771776743</x>
      <y>287.6873592311529</y>
      <steeringAngle>0.0</steeringAngle>
      <velocity>12.0</velocity>
      <orientation>-2.0086209</orientation>
      <time>8</time>
    </ksState>
    <ksState>
      <x>89.69803343248836</x>
      <y>286.6005478850471</y>
      <steeringAngle>0.0</steeringAngle>
      <velocity>12.0</velocity>
      <orientation>-2.0086209</orientation>
      <time>9</time>
    </ksState>
    <ksState>
      <x>89.18926914720929</x>
      <y>285.5137365389412</y>
      <steeringAngle>0.0</steeringAngle>
      <velocity>12.0</velocity>
      <orientation>-2.0086209</orientation>
      <time>10</time>
    </ksState>
    <ksState>
      <x>88.68050486193022</x>
      <y>284.4269251928353</y>
      <steeringAngle>0.0</steeringAngle>
      <velocity>12.0</velocity>
      <orientation>-2.0086209</orientation>
      <time>11</time>
    </ksState>
    <ksState>
      <x>88.17174057665115</x>
      <y>283.3401138467294</y>
      <steeringAngle>0.0</steeringAngle>
      <velocity>12.0</velocity>
      <orientation>-2.0086209</orientation>
      <time>12</time>
    </ksState>
    <ksState>
      <x>87.66297629137208</x>
      <y>282.25330250062353</y>
      <steeringAngle>0.0</steeringAngle>
      <velocity>12.0</velocity>
      <orientation>-2.0086209</orientation>
      <time>13</time>
    </ksState>
    <ksState>
      <x>87.154212006093</x>
      <y>281.1664911545177</y>
      <steeringAngle>0.0</steeringAngle>
      <velocity>12.0</velocity>
      <orientation>-2.0086209</orientation>
      <time>14</time>
    </ksState>
    <ksState>
      <x>86.64544772081393</x>
      <y>280.0796798084118</y>
      <steeringAngle>0.0</steeringAngle>
      <velocity>12.0</velocity>
      <orientation>-2.0086209</orientation>
      <time>15</time>
    </ksState>
    <ksState>
      <x>86.13668343553486</x>
      <y>278.9928684623059</y>
      <steeringAngle>0.0</steeringAngle>
      <velocity>12.0</velocity>
      <orientation>-2.0086209</orientation>
      <time>16</time>
    </ksState>
    <ksState>
      <x>85.62791915025579</x>
      <y>277.90605711620003</y>
      <steeringAngle>0.0</steeringAngle>
      <velocity>12.0</velocity>
      <orientation>-2.0086209</orientation>
      <time>17</time>
    </ksState>
    <ksState>
      <x>85.11915486497672</x>
      <y>276.81924577009414</y>
      <steeringAngle>0.0</steeringAngle>
      <velocity>12.0</velocity>
      <orientation>-2.0086209</orientation>
      <time>18</time>
    </ksState>
    <ksState>
      <x>84.61039057969765</x>
      <y>275.7324344239883</y>
      <steeringAngle>0.0</steeringAngle>
      <velocity>12.0</velocity>
      <orientation>-2.0086209</orientation>
      <time>19</time>
    </ksState>
    <ksState>
      <x>84.10162629441858</x>
      <y>274.6456230778824</y>
      <steeringAngle>0.0</steeringAngle>
      <velocity>12.0</velocity>
      <orientation>-2.0086209</orientation>
      <time>20</time>
    </ksState>
    <ksState>
      <x>83.59286200913951</x>
      <y>273.55881173177653</y>
      <steeringAngle>0.0</steeringAngle>
      <velocity>12.0</velocity>
      <orientation>-2.0086209</orientation>
      <time>21</time>
    </ksState>
    <ksState>
      <x>83.08409772386044</x>
      <y>272.47200038567064</y>
      <steeringAngle>0.0</steeringAngle>
      <velocity>12.0</velocity>
      <orientation>-2.0086209</orientation>
      <time>22</time>
    </ksState>
    <ksState>
      <x>82.57533343858137</x>
      <y>271.38518903956475</y>
      <steeringAngle>0.0</steeringAngle>
      <velocity>12.0</velocity>
      <orientation>-2.0086209</orientation>
      <time>23</time>
    </ksState>
    <ksState>
      <x>82.0665691533023</x>
      <y>270.2983776934589</y>
      <steeringAngle>0.0</steeringAngle>
      <velocity>12.0</velocity>
      <orientation>-2.0086209</orientation>
      <time>24</time>
    </ksState>
    <ksState>
      <x>81.55780486802323</x>
      <y>269.211566347353</y>
      <steeringAngle>0.0</steeringAngle>
      <velocity>12.0</velocity>
      <orientation>-2.0086209</orientation>
      <time>25</time>
    </ksState>
    <ksState>
      <x>81.04904058274415</x>
      <y>268.12475500124714</y>
      <steeringAngle>0.0</steeringAngle>
      <velocity>12.0</velocity>
      <orientation>-2.0086209</orientation>
      <time>26</time>
    </ksState>
    <ksState>
      <x>80.54027629746508</x>
      <y>267.03794365514125</y>
      <steeringAngle>0.0</steeringAngle>
      <velocity>12.0</velocity>
      <orientation>-2.0086209</orientation>
      <time>27</time>
    </ksState>
    <ksState>
      <x>80.03151201218601</x>
      <y>265.95113230903536</y>
      <steeringAngle>0.0</steeringAngle>
      <velocity>12.0</velocity>
      <orientation>-2.0086209</orientation>
      <time>28</time>
    </ksState>
    <ksState>
      <x>79.52274772690694</x>
      <y>264.8643209629295</y>
      <steeringAngle>0.0</steeringAngle>
      <velocity>12.0</velocity>
      <orientation>-2.0086209</orientation>
      <time>29</time>
    </ksState>
    <ksState>
      <x>79.01398344162787</x>
      <y>263.77750961682364</y>
      <steeringAngle>0.0</steeringAngle>
      <velocity>12.0</velocity>
      <orientation>-2.0086209</orientation>
      <time>30</time>
    </ksState>
    <ksState>
      <x>78.5052191563488</x>
      <y>262.69069827071775</y>
      <steeringAngle>0.0</steeringAngle>
      <velocity>12.0</velocity>
      <orientation>-2.0086209</orientation>
      <time>31</time>
    </ksState>
    <ksState>
      <x>77.99645487106973</x>
      <y>261.60388692461186</y>
      <steeringAngle>0.0</steeringAngle>
      <velocity>12.0</velocity>
      <orientation>-2.0086209</orientation>
      <time>32</time>
    </ksState>
    <ksState>
      <x>77.48769058579066</x>
      <y>260.51707557850597</y>
      <steeringAngle>0.0</steeringAngle>
      <velocity>12.0</velocity>
      <orientation>-2.0086209</orientation>
      <time>33</time>
    </ksState>
    <ksState>
      <x>76.97892630051159</x>
      <y>259.43026423240013</y>
      <steeringAngle>0.0</steeringAngle>
      <velocity>12.0</velocity>
      <orientation>-2.0086209</orientation>
      <time>34</time>
    </ksState>
    <ksState>
      <x>76.47016201523252</x>
      <y>258.34345288629424</y>
      <steeringAngle>0.0</steeringAngle>
      <velocity>12.0</velocity>
      <orientation>-2.0086209</orientation>
      <time>35</time>
    </ksState>
    <ksState>
      <x>75.96139772995345</x>
      <y>257.25664154018835</y>
      <steeringAngle>0.0</steeringAngle>
      <velocity>12.0</velocity>
      <orientation>-2.0086209</orientation>
      <time>36</time>
    </ksState>
    <ksState>
      <x>75.45263344467438</x>
      <y>256.16983019408246</y>
      <steeringAngle>0.0</steeringAngle>
      <velocity>12.0</velocity>
      <orientation>-2.0086209</orientation>
      <time>37</time>
    </ksState>
    <ksState>
      <x>74.9438691593953</x>
      <y>255.08301884797655</y>
      <steeringAngle>0.0</steeringAngle>
      <velocity>12.0</velocity>
      <orientation>-2.0086209</orientation>
      <time>38</time>
    </ksState>
    <ksState>
      <x>74.43510487411623</x>
      <y>253.99620750187069</y>
      <steeringAngle>0.0</steeringAngle>
      <velocity>12.0</velocity>
      <orientation>-2.0086209</orientation>
      <time>39</time>
    </ksState>
    <ksState>
      <x>73.92634058883716</x>
      <y>252.90939615576482</y>
      <steeringAngle>0.0</steeringAngle>
      <velocity>12.0</velocity>
      <orientation>-2.0086209</orientation>
      <time>40</time>
    </ksState>
    <ksState>
      <x>73.42162515767818</x>
      <y>251.86491231038156</y>
      <steeringAngle>-0.03553333333333333</steeringAngle>
      <velocity>11.200000000000001</velocity>
      <orientation>-2.0165221737723438</orientation>
      <time>41</time>
    </ksState>
    <ksState>
      <x>72.91801368340334</x>
      <y>250.90906488349154</y>
      <steeringAngle>-0.07106666666666667</steeringAngle>
      <velocity>10.400000000000007</velocity>
      <orientation>-2.038774604570834</orientation>
      <time>42</time>
    </ksState>
    <ksState>
      <x>72.4093222542071</x>
      <y>250.04684546808096</y>
      <steeringAngle>-0.10660000000000001</steeringAngle>
      <velocity>9.60000000000001</velocity>
      <orientation>-2.0732226154555056</orientation>
      <time>43</time>
    </ksState>
    <ksState>
      <x>71.89455295505526</x>
      <y>249.2818899712242</y>
      <steeringAngle>-0.14213333333333344</steeringAngle>
      <velocity>8.800000000000008</velocity>
      <orientation>-2.1177307475763505</orientation>
      <time>44</time>
    </ksState>
    <ksState>
      <x>71.37710300748407</x>
      <y>248.61621336398923</y>
      <steeringAngle>-0.17766666666666675</steeringAngle>
      <velocity>8.000000000000009</velocity>
      <orientation>-2.170173045391332</orientation>
      <time>45</time>
    </ksState>
    <ksState>
      <x>70.85110773980824</x>
      <y>248.00927925888155</y>
      <steeringAngle>-0.14213333333333336</steeringAngle>
      <velocity>8.0</velocity>
      <orientation>-2.2202078569400805</orientation>
      <time>46</time>
    </ksState>
    <ksState>
      <x>70.31122708369988</x>
      <y>247.41634149934242</y>
      <steeringAngle>-0.1066000000000001</steeringAngle>
      <velocity>8.0</velocity>
      <orientation>-2.258991708947078</orientation>
      <time>47</time>
    </ksState>
    <ksState>
      <x>69.76405783421562</x>
      <y>246.83138966653428</y>
      <steeringAngle>-0.07106666666666674</steeringAngle>
      <velocity>8.0</velocity>
      <orientation>-2.286624187976765</orientation>
      <time>48</time>
    </ksState>
    <ksState>
      <x>69.21590115665416</x>
      <y>246.2482098093954</y>
      <steeringAngle>-0.035533333333333354</steeringAngle>
      <velocity>8.0</velocity>
      <orientation>-2.303175708605794</orientation>
      <time>49</time>
    </ksState>
    <ksState>
      <x>68.67298934691149</x>
      <y>245.6605721045661</y>
      <steeringAngle>-2.0816681711721685e-17</steeringAngle>
      <velocity>8.0</velocity>
      <orientation>-2.308688235064199</orientation>
      <time>50</time>
    </ksState>
    <ksState>
      <x>68.14171214438856</x>
      <y>245.06241434172222</y>
      <steeringAngle>0.03553333333333333</steeringAngle>
      <velocity>8.0</velocity>
      <orientation>-2.30317570006136</orientation>
      <time>51</time>
    </ksState>
    <ksState>
      <x>67.62883457305459</x>
      <y>244.44803524795185</y>
      <steeringAngle>0.07106666666666667</steeringAngle>
      <velocity>8.0</velocity>
      <orientation>-2.2866241791810906</orientation>
      <time>52</time>
    </ksState>
    <ksState>
      <x>67.1416981904335</x>
      <y>243.81231163870825</y>
      <steeringAngle>0.10659999999999997</steeringAngle>
      <velocity>8.0</velocity>
      <orientation>-2.2589916998903954</orientation>
      <time>53</time>
    </ksState>
    <ksState>
      <x>66.68839417835302</x>
      <y>243.150951625867</y>
      <steeringAngle>0.1421333333333333</steeringAngle>
      <velocity>8.0</velocity>
      <orientation>-2.2202078476176608</orientation>
      <time>54</time>
    </ksState>
    <ksState>
      <x>66.27789478367167</x>
      <y>242.46079540891205</y>
      <steeringAngle>0.17766666666666667</steeringAngle>
      <velocity>8.0</velocity>
      <orientation>-2.170173035368506</orientation>
      <time>55</time>
    </ksState>
    <ksState>
      <x>65.90369251576152</x>
      <y>241.75015295855383</y>
      <steeringAngle>0.14213333333333336</steeringAngle>
      <velocity>8.0</velocity>
      <orientation>-2.1201382238197577</orientation>
      <time>56</time>
    </ksState>
    <ksState>
      <x>65.54757666368539</x>
      <y>241.03166300773518</y>
      <steeringAngle>0.1066000000000001</steeringAngle>
      <velocity>8.0</velocity>
      <orientation>-2.0813543718127603</orientation>
      <time>57</time>
    </ksState>
    <ksState>
      <x>65.20154993895278</x>
      <y>240.3092861392949</y>
      <steeringAngle>0.07106666666666674</steeringAngle>
      <velocity>8.0</velocity>
      <orientation>-2.053721892783073</orientation>
      <time>58</time>
    </ksState>
    <ksState>
      <x>64.8575329122998</x>
      <y>239.5866335434367</y>
      <steeringAngle>0.035533333333333354</steeringAngle>
      <velocity>8.0</velocity>
      <orientation>-2.037170372154044</orientation>
      <time>59</time>
    </ksState>
    <ksState>
      <x>64.5074564034004</x>
      <y>238.86724648266073</y>
      <steeringAngle>2.0816681711721685e-17</steeringAngle>
      <velocity>8.0</velocity>
      <orientation>-2.0316578456956393</orientation>
      <time>60</time>
    </ksState>
    <ksState>
      <x>64.14335014423894</x>
      <y>238.15487382231333</y>
      <steeringAngle>-0.03553333333333333</steeringAngle>
      <velocity>8.0</velocity>
      <orientation>-2.0371703806984782</orientation>
      <time>61</time>
    </ksState>
    <ksState>
      <x>63.75744368808316</x>
      <y>237.45374524556237</y>
      <steeringAngle>-0.07106666666666667</steeringAngle>
      <velocity>8.0</velocity>
      <orientation>-2.0537219015787476</orientation>
      <time>62</time>
    </ksState>
    <ksState>
      <x>63.34229554651809</x>
      <y>236.768837672836</y>
      <steeringAngle>-0.10659999999999997</steeringAngle>
      <velocity>8.0</velocity>
      <orientation>-2.081354380869443</orientation>
      <time>63</time>
    </ksState>
    <ksState>
      <x>62.890966152860955</x>
      <y>236.10612855687734</y>
      <steeringAngle>-0.1421333333333333</steeringAngle>
      <velocity>8.0</velocity>
      <orientation>-2.1201382331421774</orientation>
      <time>64</time>
    </ksState>
    <ksState>
      <x>62.397250293971695</x>
      <y>235.47282767458157</y>
      <steeringAngle>-0.17766666666666667</steeringAngle>
      <velocity>8.0</velocity>
      <orientation>-2.170173045391332</orientation>
      <time>65</time>
    </ksState>
    <ksState>
      <x>61.87125502629587</x>
      <y>234.86589356947388</y>
      <steeringAngle>-0.14213333333333336</steeringAngle>
      <velocity>8.0</velocity>
      <orientation>-2.2202078569400805</orientation>
      <time>66</time>
    </ksState>
    <ksState>
      <x>61.331374370187504</x>
      <y>234.27295580993476</y>
      <steeringAngle>-0.1066000000000001</steeringAngle>
      <velocity>8.0</velocity>
      <orientation>-2.258991708947078</orientation>
      <time>67</time>
    </ksState>
    <ksState>
      <x>60.78420512070325</x>
      <y>233.6880039771266</y>
      <steeringAngle>-0.07106666666666674</steeringAngle>
      <velocity>8.0</velocity>
      <orientation>-2.286624187976765</orientation>
      <time>68</time>
    </ksState>
    <ksState>
      <x>60.23604844314178</x>
      <y>233.10482411998774</y>
      <steeringAngle>-0.035533333333333354</steeringAngle>
      <velocity>8.0</velocity>
      <orientation>-2.303175708605794</orientation>
      <time>69</time>
    </ksState>
    <ksState>
      <x>59.69313663339911</x>
      <y>232.51718641515845</y>
      <steeringAngle>-2.0816681711721685e-17</steeringAngle>
      <velocity>8.0</velocity>
      <orientation>-2.308688235064199</orientation>
      <time>70</time>
    </ksState>
    <ksState>
      <x>59.18186209606161</x>
      <y>231.95487124875666</y>
      <steeringAngle>0.0</steeringAngle>
      <velocity>7.200000000000001</velocity>
      <orientation>-2.308688235064199</orientation>
      <time>71</time>
    </ksState>
    <ksState>
      <x>58.72440593132489</x>
      <y>231.45174715277682</y>
      <steeringAngle>0.0</steeringAngle>
      <velocity>6.400000000000001</velocity>
      <orientation>-2.308688235064199</orientation>
      <time>72</time>
    </ksState>
    <ksState>
      <x>58.3207681390543</x>
      <y>231.00781412707082</y>
      <steeringAngle>0.0</steeringAngle>
      <velocity>5.600000000000001</velocity>
      <orientation>-2.308688235064199</orientation>
      <time>73</time>
    </ksState>
    <ksState>
      <x>57.97094871921181</x>
      <y>230.6230721715968</y>
      <steeringAngle>0.0</steeringAngle>
      <velocity>4.800000000000001</velocity>
      <orientation>-2.308688235064199</orientation>
      <time>74</time>
    </ksState>
    <ksState>
      <x>57.67494767178345</x>
      <y>230.29752128633942</y>
      <steeringAngle>0.0</steeringAngle>
      <velocity>4.000000000000001</velocity>
      <orientation>-2.308688235064199</orientation>
      <time>75</time>
    </ksState>
    <ksState>
      <x>57.40903295690155</x>
      <y>229.99868491430038</y>
      <steeringAngle>0.035533333333333326</steeringAngle>
      <velocity>4.0</velocity>
      <orientation>-2.3059319605315984</orientation>
      <time>76</time>
    </ksState>
    <ksState>
      <x>57.15061734103201</x>
      <y>229.69314484144485</y>
      <steeringAngle>0.07106666666666711</steeringAngle>
      <velocity>4.0</velocity>
      <orientation>-2.297656199988313</orientation>
      <time>77</time>
    </ksState>
    <ksState>
      <x>56.90151935294317</x>
      <y>229.37957390143993</y>
      <steeringAngle>0.10660000000000043</steeringAngle>
      <velocity>4.0</velocity>
      <orientation>-2.283839960169176</orientation>
      <time>78</time>
    </ksState>
    <ksState>
      <x>56.66371279275576</x>
      <y>229.0567831589441</y>
      <steeringAngle>0.14213333333333378</steeringAngle>
      <velocity>4.0</velocity>
      <orientation>-2.2644480337836304</orientation>
      <time>79</time>
    </ksState>
    <ksState>
      <x>56.43935000415549</x>
      <y>228.72375712157242</y>
      <steeringAngle>0.1776666666666672</steeringAngle>
      <velocity>4.0</velocity>
      <orientation>-2.239430627332233</orientation>
      <time>80</time>
    </ksState>
    <ksState>
      <x>56.22368669849401</x>
      <y>228.38499293257885</y>
      <steeringAngle>0.1421333333333333</steeringAngle>
      <velocity>4.0</velocity>
      <orientation>-2.2144132209877094</orientation>
      <time>81</time>
    </ksState>
    <ksState>
      <x>56.009145997518715</x>
      <y>228.0462619162725</y>
      <steeringAngle>0.10659999999999999</steeringAngle>
      <velocity>4.0</velocity>
      <orientation>-2.195021294696959</orientation>
      <time>82</time>
    </ksState>
    <ksState>
      <x>55.7937876793611</x>
      <y>227.70860544028682</y>
      <steeringAngle>0.07106666666666664</steeringAngle>
      <velocity>4.0</velocity>
      <orientation>-2.181205054962006</orientation>
      <time>83</time>
    </ksState>
    <ksState>
      <x>55.57569264940199</x>
      <y>227.3730810728987</y>
      <steeringAngle>0.03553333333333332</steeringAngle>
      <velocity>4.0</velocity>
      <orientation>-2.1729292944997405</orientation>
      <time>84</time>
    </ksState>
    <ksState>
      <x>55.3529730044394</x>
      <y>227.04079705904113</y>
      <steeringAngle>-2.2985086056692694e-17</steeringAngle>
      <velocity>4.0</velocity>
      <orientation>-2.1701730312049</orientation>
      <time>85</time>
    </ksState>
    <ksState>
      <x>55.14685083148539</x>
      <y>226.7456290991647</y>
      <steeringAngle>-0.03553333333333333</steeringAngle>
      <velocity>3.2</velocity>
      <orientation>-2.1725617795846928</orientation>
      <time>86</time>
    </ksState>
    <ksState>
      <x>54.981087204196854</x>
      <y>226.51982712137908</y>
      <steeringAngle>-0.07106666666666668</steeringAngle>
      <velocity>2.4</velocity>
      <orientation>-2.1782626945904893</orientation>
      <time>87</time>
    </ksState>
    <ksState>
      <x>54.858465386529296</x>
      <y>226.36153350841494</y>
      <steeringAngle>-0.10660000000000003</steeringAngle>
      <velocity>1.5999999999999994</velocity>
      <orientation>-2.185078228335221</orientation>
      <time>88</time>
    </ksState>
    <ksState>
      <x>54.78239212622714</x>
      <y>226.26837301322973</y>
      <steeringAngle>-0.14213333333333342</steeringAngle>
      <velocity>0.7999999999999988</velocity>
      <orientation>-2.1908024898217007</orientation>
      <time>89</time>
    </ksState>
    <ksState>
      <x>54.75632729537153</x>
      <y>226.23783868186857</y>
      <steeringAngle>-0.17766666666666675</steeringAngle>
      <velocity>-1.5265566588595902e-15</velocity>
      <orientation>-2.1932099842962565</orientation>
      <time>90</time>
    </ksState>
    <ksState>
      <x>54.75632729537153</x>
      <y>226.23783868186857</y>
      <steeringAngle>-0.14213333333333336</steeringAngle>
      <velocity>0.0</velocity>
      <orientation>-2.1932099842962565</orientation>
      <time>91</time>
    </ksState>
    <ksState>
      <x>54.75632729537153</x>
      <y>226.23783868186857</y>
      <steeringAngle>-0.10660000000000001</steeringAngle>
      <velocity>0.0</velocity>
      <orientation>-2.1932099842962565</orientation>
      <time>92</time>
    </ksState>
    <ksState>
      <x>54.75632729537153</x>
      <y>226.23783868186857</y>
      <steeringAngle>-0.07106666666666668</steeringAngle>
      <velocity>0.0</velocity>
      <orientation>-2.1932099842962565</orientation>
      <time>93</time>
    </ksState>
    <ksState>
      <x>54.75632729537153</x>
      <y>226.23783868186857</y>
      <steeringAngle>-0.03553333333333333</steeringAngle>
      <velocity>0.0</velocity>
      <orientation>-2.1932099842962565</orientation>
      <time>94</time>
    </ksState>
    <ksState>
      <x>54.75632729537153</x>
      <y>226.23783868186857</y>
      <steeringAngle>-0.0</steeringAngle>
      <velocity>0.0</velocity>
      <orientation>-2.1932099842962565</orientation>
      <time>95</time>
    </ksState>
    <ksState>
      <x>54.75632729537153</x>
      <y>226.23783868186857</y>
      <steeringAngle>0.0</steeringAngle>
      <velocity>0.0</velocity>
      <orientation>-2.1932099842962565</orientation>
      <time>96</time>
    </ksState>
    <ksState>
      <x>54.75632729537153</x>
      <y>226.23783868186857</y>
      <steeringAngle>0.0</steeringAngle>
      <velocity>0.0</velocity>
      <orientation>-2.1932099842962565</orientation>
      <time>97</time>
    </ksState>
    <ksState>
      <x>54.75632729537153</x>
      <y>226.23783868186857</y>
      <steeringAngle>0.0</steeringAngle>
      <velocity>0.0</velocity>
      <orientation>-2.1932099842962565</orientation>
      <time>98</time>
    </ksState>
    <ksState>
      <x>54.75632729537153</x>
      <y>226.23783868186857</y>
      <steeringAngle>0.0</steeringAngle>
      <velocity>0.0</velocity>
      <orientation>-2.1932099842962565</orientation>
      <time>99</time>
    </ksState>
  </ksTrajectory>
</CommonRoadSolution>
