<?xml version="1.0" ?>
<CommonRoadSolution benchmark_id="KS2:SM1:DEU_Backnang-6_1_T-1:2020a" computation_time="1.181852686000184" date="2022-12-18T12:01:12">
  <ksTrajectory planningProblem="1">
    <ksState>
      <x>592.07521</x>
      <y>184.39103</y>
      <steeringAngle>0.0</steeringAngle>
      <velocity>16.0</velocity>
      <orientation>-0.66836123</orientation>
      <time>0</time>
    </ksState>
    <ksState>
      <x>593.299557694898</x>
      <y>183.4242969856919</y>
      <steeringAngle>0.0</steeringAngle>
      <velocity>15.2</velocity>
      <orientation>-0.66836123</orientation>
      <time>1</time>
    </ksState>
    <ksState>
      <x>594.4611183280767</x>
      <y>182.50714002374895</y>
      <steeringAngle>0.0</steeringAngle>
      <velocity>14.400000000000002</velocity>
      <orientation>-0.66836123</orientation>
      <time>2</time>
    </ksState>
    <ksState>
      <x>595.5598918998268</x>
      <y>181.6395591139417</y>
      <steeringAngle>0.0</steeringAngle>
      <velocity>13.600000000000001</velocity>
      <orientation>-0.66836123</orientation>
      <time>3</time>
    </ksState>
    <ksState>
      <x>596.5958784102362</x>
      <y>180.8215542562007</y>
      <steeringAngle>0.0</steeringAngle>
      <velocity>12.800000000000004</velocity>
      <orientation>-0.66836123</orientation>
      <time>4</time>
    </ksState>
    <ksState>
      <x>597.5690778593325</x>
      <y>180.053125450504</y>
      <steeringAngle>0.0</steeringAngle>
      <velocity>12.000000000000002</velocity>
      <orientation>-0.66836123</orientation>
      <time>5</time>
    </ksState>
    <ksState>
      <x>598.4882982388389</x>
      <y>179.34551110383154</y>
      <steeringAngle>0.03553333333333333</steeringAngle>
      <velocity>11.200000000000001</velocity>
      <orientation>-0.660459956227656</orientation>
      <time>6</time>
    </ksState>
    <ksState>
      <x>599.3668159533905</x>
      <y>178.71664271876782</y>
      <steeringAngle>0.07106666666666667</steeringAngle>
      <velocity>10.400000000000007</velocity>
      <orientation>-0.638207525429166</orientation>
      <time>7</time>
    </ksState>
    <ksState>
      <x>600.207922790065</x>
      <y>178.1737536143016</y>
      <steeringAngle>0.10660000000000001</steeringAngle>
      <velocity>9.60000000000001</velocity>
      <orientation>-0.6037595145444943</orientation>
      <time>8</time>
    </ksState>
    <ksState>
      <x>601.0108817232871</x>
      <y>177.72054141777622</y>
      <steeringAngle>0.14213333333333344</steeringAngle>
      <velocity>8.800000000000008</velocity>
      <orientation>-0.5592513824236494</orientation>
      <time>9</time>
    </ksState>
    <ksState>
      <x>601.771752792644</x>
      <y>177.35728529673074</y>
      <steeringAngle>0.17766666666666675</steeringAngle>
      <velocity>8.000000000000009</velocity>
      <orientation>-0.5068090846086679</orientation>
      <time>10</time>
    </ksState>
    <ksState>
      <x>602.4843604925613</x>
      <y>177.08091824665644</y>
      <steeringAngle>0.21320000000000014</steeringAngle>
      <velocity>7.200000000000003</velocity>
      <orientation>-0.4485597575371751</orientation>
      <time>11</time>
    </ksState>
    <ksState>
      <x>603.1413188733852</x>
      <y>176.88517128919204</y>
      <steeringAngle>0.24873333333333347</steeringAngle>
      <velocity>6.400000000000004</velocity>
      <orientation>-0.38664267005139574</orientation>
      <time>12</time>
    </ksState>
    <ksState>
      <x>603.7350250916026</x>
      <y>176.76086797962634</y>
      <steeringAngle>0.2842666666666668</steeringAngle>
      <velocity>5.600000000000001</velocity>
      <orientation>-0.3232205272874746</orientation>
      <time>13</time>
    </ksState>
    <ksState>
      <x>604.2585299676045</x>
      <y>176.69640472622655</y>
      <steeringAngle>0.3198</steeringAngle>
      <velocity>4.800000000000002</velocity>
      <orientation>-0.26049142754552196</orientation>
      <time>14</time>
    </ksState>
    <ksState>
      <x>604.7062016609376</x>
      <y>176.6784115106294</y>
      <steeringAngle>0.3553333333333332</steeringAngle>
      <velocity>4.000000000000001</velocity>
      <orientation>-0.2007015934973072</orientation>
      <time>15</time>
    </ksState>
    <ksState>
      <x>605.0741165543237</x>
      <y>176.692553033439</y>
      <steeringAngle>0.3908666666666668</steeringAngle>
      <velocity>3.2000000000000006</velocity>
      <orientation>-0.1461592067241246</orientation>
      <time>16</time>
    </ksState>
    <ksState>
      <x>605.3601407001983</x>
      <y>176.7244107394697</y>
      <steeringAngle>0.4264</steeringAngle>
      <velocity>2.3999999999999995</velocity>
      <orientation>-0.0992495699276077</orientation>
      <time>17</time>
    </ksState>
    <ksState>
      <x>605.5636995165295</x>
      <y>176.76038211957123</y>
      <steeringAngle>0.4619333333333332</steeringAngle>
      <velocity>1.5999999999999996</velocity>
      <orientation>-0.062451945402210884</orientation>
      <time>18</time>
    </ksState>
    <ksState>
      <x>605.6852702011993</x>
      <y>176.7885495019517</y>
      <steeringAngle>0.49746666666666656</steeringAngle>
      <velocity>0.7999999999999986</velocity>
      <orientation>-0.03835850925222936</orientation>
      <time>19</time>
    </ksState>
    <ksState>
      <x>605.7256661417422</x>
      <y>176.7995041189742</y>
      <steeringAngle>0.5329999999999998</steeringAngle>
      <velocity>-1.5265566588595902e-15</velocity>
      <orientation>-0.029695843114648623</orientation>
      <time>20</time>
    </ksState>
    <ksState>
      <x>605.7256661417422</x>
      <y>176.7995041189742</y>
      <steeringAngle>0.49746666666666667</steeringAngle>
      <velocity>0.0</velocity>
      <orientation>-0.029695843114648623</orientation>
      <time>21</time>
    </ksState>
    <ksState>
      <x>605.7256661417422</x>
      <y>176.7995041189742</y>
      <steeringAngle>0.4619333333333333</steeringAngle>
      <velocity>0.0</velocity>
      <orientation>-0.029695843114648623</orientation>
      <time>22</time>
    </ksState>
    <ksState>
      <x>605.7256661417422</x>
      <y>176.7995041189742</y>
      <steeringAngle>0.42639999999999995</steeringAngle>
      <velocity>0.0</velocity>
      <orientation>-0.029695843114648623</orientation>
      <time>23</time>
    </ksState>
    <ksState>
      <x>605.7256661417422</x>
      <y>176.7995041189742</y>
      <steeringAngle>0.3908666666666666</steeringAngle>
      <velocity>0.0</velocity>
      <orientation>-0.029695843114648623</orientation>
      <time>24</time>
    </ksState>
    <ksState>
      <x>605.7256661417422</x>
      <y>176.7995041189742</y>
      <steeringAngle>0.3553333333333333</steeringAngle>
      <velocity>0.0</velocity>
      <orientation>-0.029695843114648623</orientation>
      <time>25</time>
    </ksState>
    <ksState>
      <x>605.7256661417422</x>
      <y>176.7995041189742</y>
      <steeringAngle>0.3198</steeringAngle>
      <velocity>0.0</velocity>
      <orientation>-0.029695843114648623</orientation>
      <time>26</time>
    </ksState>
    <ksState>
      <x>605.7256661417422</x>
      <y>176.7995041189742</y>
      <steeringAngle>0.2842666666666666</steeringAngle>
      <velocity>0.0</velocity>
      <orientation>-0.029695843114648623</orientation>
      <time>27</time>
    </ksState>
    <ksState>
      <x>605.7256661417422</x>
      <y>176.7995041189742</y>
      <steeringAngle>0.24873333333333333</steeringAngle>
      <velocity>0.0</velocity>
      <orientation>-0.029695843114648623</orientation>
      <time>28</time>
    </ksState>
    <ksState>
      <x>605.7256661417422</x>
      <y>176.7995041189742</y>
      <steeringAngle>0.21320000000000003</steeringAngle>
      <velocity>0.0</velocity>
      <orientation>-0.029695843114648623</orientation>
      <time>29</time>
    </ksState>
    <ksState>
      <x>605.7256661417422</x>
      <y>176.7995041189742</y>
      <steeringAngle>0.1776666666666667</steeringAngle>
      <velocity>0.0</velocity>
      <orientation>-0.029695843114648623</orientation>
      <time>30</time>
    </ksState>
    <ksState>
      <x>605.7657651539661</x>
      <y>176.80178973617518</y>
      <steeringAngle>0.14213333333333333</steeringAngle>
      <velocity>0.8</velocity>
      <orientation>-0.02728834590384615</orientation>
      <time>31</time>
    </ksState>
    <ksState>
      <x>605.8859814115011</x>
      <y>176.80701665137425</y>
      <steeringAngle>0.10660000000000001</steeringAngle>
      <velocity>1.6</velocity>
      <orientation>-0.021564059283511464</orientation>
      <time>32</time>
    </ksState>
    <ksState>
      <x>606.086213116195</x>
      <y>176.81312660282163</y>
      <steeringAngle>0.07106666666666664</steeringAngle>
      <velocity>2.4000000000000004</velocity>
      <orientation>-0.014748545520532782</orientation>
      <time>33</time>
    </ksState>
  </ksTrajectory>
</CommonRoadSolution>
