<?xml version="1.0" ?>
<CommonRoadSolution benchmark_id="KS2:SM1:BEL_Nivelles-20_1_T-1:2020a" computation_time="4.6937592630001745" date="2022-12-18T12:01:12">
  <ksTrajectory planningProblem="1">
    <ksState>
      <x>-883.77781</x>
      <y>-626.00842</y>
      <steeringAngle>0.0</steeringAngle>
      <velocity>4.0</velocity>
      <orientation>-2.1064599</orientation>
      <time>0</time>
    </ksState>
    <ksState>
      <x>-883.9782836488799</x>
      <y>-626.3545762204395</y>
      <steeringAngle>0.035533333333333326</steeringAngle>
      <velocity>4.0</velocity>
      <orientation>-2.1037036254673995</orientation>
      <time>1</time>
    </ksState>
    <ksState>
      <x>-884.1700645628024</x>
      <y>-626.7057933152696</y>
      <steeringAngle>0.07106666666666711</steeringAngle>
      <velocity>4.0</velocity>
      <orientation>-2.095427864924114</orientation>
      <time>2</time>
    </ksState>
    <ksState>
      <x>-884.3511047069803</x>
      <y>-627.0630061485799</y>
      <steeringAngle>0.10660000000000043</steeringAngle>
      <velocity>4.0</velocity>
      <orientation>-2.081611625104977</orientation>
      <time>3</time>
    </ksState>
    <ksState>
      <x>-884.519231703555</x>
      <y>-627.4269829837383</y>
      <steeringAngle>0.14213333333333378</steeringAngle>
      <velocity>4.0</velocity>
      <orientation>-2.0622196987194314</orientation>
      <time>4</time>
    </ksState>
    <ksState>
      <x>-884.6721331060584</x>
      <y>-627.7982863147071</y>
      <steeringAngle>0.1776666666666672</steeringAngle>
      <velocity>4.0</velocity>
      <orientation>-2.037202292268034</orientation>
      <time>5</time>
    </ksState>
    <ksState>
      <x>-884.7944712757436</x>
      <y>-628.1390917974136</y>
      <steeringAngle>0.21319999999999997</steeringAngle>
      <velocity>3.2</velocity>
      <orientation>-2.0096607467045993</orientation>
      <time>6</time>
    </ksState>
    <ksState>
      <x>-884.877342409695</x>
      <y>-628.4089641276375</y>
      <steeringAngle>0.24873333333333342</steeringAngle>
      <velocity>2.4000000000000004</velocity>
      <orientation>-1.9842225163179499</orientation>
      <time>7</time>
    </ksState>
    <ksState>
      <x>-884.9282190872881</x>
      <y>-628.6046836536709</y>
      <steeringAngle>0.2842666666666668</steeringAngle>
      <velocity>1.600000000000001</velocity>
      <orientation>-1.9631476165273702</orientation>
      <time>8</time>
    </ksState>
    <ksState>
      <x>-884.9543350891732</x>
      <y>-628.7235811045576</y>
      <steeringAngle>0.3197999999999999</steeringAngle>
      <velocity>0.8000000000000007</velocity>
      <orientation>-1.9487491892266657</orientation>
      <time>9</time>
    </ksState>
    <ksState>
      <x>-884.9619272518702</x>
      <y>-628.7635821656378</y>
      <steeringAngle>0.3553333333333332</steeringAngle>
      <velocity>5.551115123125783e-16</velocity>
      <orientation>-1.9434075475909365</orientation>
      <time>10</time>
    </ksState>
    <ksState>
      <x>-884.9681793960829</x>
      <y>-628.8040559986916</y>
      <steeringAngle>0.39086666666666675</steeringAngle>
      <velocity>0.8</velocity>
      <orientation>-1.9372295719329113</orientation>
      <time>11</time>
    </ksState>
    <ksState>
      <x>-884.9830407540238</x>
      <y>-628.9265645507251</y>
      <steeringAngle>0.4264</steeringAngle>
      <velocity>1.6000000000000005</velocity>
      <orientation>-1.9169695994725908</orientation>
      <time>12</time>
    </ksState>
    <ksState>
      <x>-884.9975880257433</x>
      <y>-629.1328460538342</y>
      <steeringAngle>0.46193333333333314</steeringAngle>
      <velocity>2.4</velocity>
      <orientation>-1.8799466378530225</orientation>
      <time>13</time>
    </ksState>
    <ksState>
      <x>-884.9979243088289</x>
      <y>-629.4241274844211</y>
      <steeringAngle>0.49746666666666634</steeringAngle>
      <velocity>3.200000000000001</velocity>
      <orientation>-1.8233395294558585</orientation>
      <time>14</time>
    </ksState>
    <ksState>
      <x>-884.9641082273374</x>
      <y>-629.7996633926026</y>
      <steeringAngle>0.5329999999999997</steeringAngle>
      <velocity>4.000000000000001</velocity>
      <orientation>-1.7441623255832321</orientation>
      <time>15</time>
    </ksState>
    <ksState>
      <x>-884.9003065227863</x>
      <y>-630.1714004646846</y>
      <steeringAngle>0.4974666666666667</steeringAngle>
      <velocity>3.1999999999999993</velocity>
      <orientation>-1.6649851224739927</orientation>
      <time>16</time>
    </ksState>
    <ksState>
      <x>-884.8382744083727</x>
      <y>-630.4560646845136</y>
      <steeringAngle>0.4619333333333334</steeringAngle>
      <velocity>2.3999999999999986</velocity>
      <orientation>-1.608378015071784</orientation>
      <time>17</time>
    </ksState>
    <ksState>
      <x>-884.7893714762366</x>
      <y>-630.6570223056402</y>
      <steeringAngle>0.4264000000000001</steeringAngle>
      <velocity>1.5999999999999979</velocity>
      <orientation>-1.571355054857725</orientation>
      <time>18</time>
    </ksState>
    <ksState>
      <x>-884.7593813406845</x>
      <y>-630.7767386902349</y>
      <steeringAngle>0.39086666666666675</steeringAngle>
      <velocity>0.7999999999999972</velocity>
      <orientation>-1.5510950856348986</orientation>
      <time>19</time>
    </ksState>
    <ksState>
      <x>-884.7496808934903</x>
      <y>-630.8165279014707</y>
      <steeringAngle>0.3553333333333332</steeringAngle>
      <velocity>-2.914335439641036e-15</velocity>
      <orientation>-1.544917110887522</orientation>
      <time>20</time>
    </ksState>
    <ksState>
      <x>-884.7409408650087</x>
      <y>-630.8562945660866</y>
      <steeringAngle>0.3198</steeringAngle>
      <velocity>0.8</velocity>
      <orientation>-1.5395754707367473</orientation>
      <time>21</time>
    </ksState>
    <ksState>
      <x>-884.71584433265</x>
      <y>-630.9754174650255</y>
      <steeringAngle>0.28426666666666656</steeringAngle>
      <velocity>1.6000000000000003</velocity>
      <orientation>-1.5251770430084741</orientation>
      <time>22</time>
    </ksState>
    <ksState>
      <x>-884.6746344247343</x>
      <y>-631.1734128812614</y>
      <steeringAngle>0.24873333333333336</steeringAngle>
      <velocity>2.4000000000000012</velocity>
      <orientation>-1.5041021322854091</orientation>
      <time>23</time>
    </ksState>
    <ksState>
      <x>-884.6162519792144</x>
      <y>-631.4496444194912</y>
      <steeringAngle>0.2131999999999999</steeringAngle>
      <velocity>3.200000000000001</velocity>
      <orientation>-1.4786638943681694</orientation>
      <time>24</time>
    </ksState>
    <ksState>
      <x>-884.5390828242004</x>
      <y>-631.8034580702725</y>
      <steeringAngle>0.17766666666666672</steeringAngle>
      <velocity>4.000000000000001</velocity>
      <orientation>-1.4511223600483498</orientation>
      <time>25</time>
    </ksState>
    <ksState>
      <x>-884.456279268435</x>
      <y>-632.1556063750169</y>
      <steeringAngle>0.17766666666666667</steeringAngle>
      <velocity>3.2000000000000006</velocity>
      <orientation>-1.4260569207801723</orientation>
      <time>26</time>
    </ksState>
    <ksState>
      <x>-884.3857898164505</x>
      <y>-632.4279995376114</y>
      <steeringAngle>0.17766666666666667</steeringAngle>
      <velocity>2.4000000000000012</velocity>
      <orientation>-1.4065615791501425</orientation>
      <time>27</time>
    </ksState>
    <ksState>
      <x>-884.33219570767</x>
      <y>-632.6216991023019</y>
      <steeringAngle>0.17766666666666667</steeringAngle>
      <velocity>1.6000000000000005</velocity>
      <orientation>-1.3926363351511615</orientation>
      <time>28</time>
    </ksState>
    <ksState>
      <x>-884.2987463724469</x>
      <y>-632.7375540049183</y>
      <steeringAngle>0.17766666666666667</steeringAngle>
      <velocity>0.8000000000000004</velocity>
      <orientation>-1.3842811887804074</orientation>
      <time>29</time>
    </ksState>
    <ksState>
      <x>-884.2873816206388</x>
      <y>-632.776109698834</y>
      <steeringAngle>0.17766666666666667</steeringAngle>
      <velocity>2.7755575615628914e-16</velocity>
      <orientation>-1.381496140034192</orientation>
      <time>30</time>
    </ksState>
    <ksState>
      <x>-884.2873816206388</x>
      <y>-632.776109698834</y>
      <steeringAngle>0.14213333333333336</steeringAngle>
      <velocity>0.0</velocity>
      <orientation>-1.381496140034192</orientation>
      <time>31</time>
    </ksState>
    <ksState>
      <x>-884.2873816206388</x>
      <y>-632.776109698834</y>
      <steeringAngle>0.10660000000000001</steeringAngle>
      <velocity>0.0</velocity>
      <orientation>-1.381496140034192</orientation>
      <time>32</time>
    </ksState>
    <ksState>
      <x>-884.2873816206388</x>
      <y>-632.776109698834</y>
      <steeringAngle>0.07106666666666668</steeringAngle>
      <velocity>0.0</velocity>
      <orientation>-1.381496140034192</orientation>
      <time>33</time>
    </ksState>
  </ksTrajectory>
</CommonRoadSolution>
