<?xml version="1.0" ?>
<CommonRoadSolution benchmark_id="KS2:SM1:ITA_Scicli-2_1_T-1:2020a" computation_time="2.0872668330002853" date="2022-12-18T12:01:12">
  <ksTrajectory planningProblem="1">
    <ksState>
      <x>-952.37989</x>
      <y>-912.15491</y>
      <steeringAngle>0.0</steeringAngle>
      <velocity>8.0</velocity>
      <orientation>-1.6897308</orientation>
      <time>0</time>
    </ksState>
    <ksState>
      <x>-952.4655637112714</x>
      <y>-912.9503395634235</y>
      <steeringAngle>0.03553333333333333</steeringAngle>
      <velocity>8.0</velocity>
      <orientation>-1.684218264997161</orientation>
      <time>1</time>
    </ksState>
    <ksState>
      <x>-952.5268398270038</x>
      <y>-913.7483059234164</y>
      <steeringAngle>0.07106666666666667</steeringAngle>
      <velocity>8.0</velocity>
      <orientation>-1.6676667441168915</orientation>
      <time>2</time>
    </ksState>
    <ksState>
      <x>-952.5547663660577</x>
      <y>-914.548722359429</y>
      <steeringAngle>0.10659999999999997</steeringAngle>
      <velocity>8.0</velocity>
      <orientation>-1.6400342648261967</orientation>
      <time>3</time>
    </ksState>
    <ksState>
      <x>-952.5402630972713</x>
      <y>-915.3503901516898</y>
      <steeringAngle>0.1421333333333333</steeringAngle>
      <velocity>8.0</velocity>
      <orientation>-1.6012504125534617</orientation>
      <time>4</time>
    </ksState>
    <ksState>
      <x>-952.4741889980531</x>
      <y>-916.1506773315494</y>
      <steeringAngle>0.17766666666666667</steeringAngle>
      <velocity>8.0</velocity>
      <orientation>-1.5512156003043072</orientation>
      <time>5</time>
    </ksState>
    <ksState>
      <x>-952.3551183678836</x>
      <y>-916.9056678383635</y>
      <steeringAngle>0.21320000000000014</steeringAngle>
      <velocity>7.200000000000003</velocity>
      <orientation>-1.4929662732328144</orientation>
      <time>6</time>
    </ksState>
    <ksState>
      <x>-952.1943005294148</x>
      <y>-917.5720377118733</y>
      <steeringAngle>0.24873333333333347</steeringAngle>
      <velocity>6.400000000000004</velocity>
      <orientation>-1.4310491857470349</orientation>
      <time>7</time>
    </ksState>
    <ksState>
      <x>-952.0034894638729</x>
      <y>-918.1478237169009</y>
      <steeringAngle>0.2842666666666668</steeringAngle>
      <velocity>5.600000000000001</velocity>
      <orientation>-1.3676270429831139</orientation>
      <time>8</time>
    </ksState>
    <ksState>
      <x>-951.7962093175005</x>
      <y>-918.6328472288637</y>
      <steeringAngle>0.3198</steeringAngle>
      <velocity>4.800000000000002</velocity>
      <orientation>-1.3048979432411612</orientation>
      <time>9</time>
    </ksState>
    <ksState>
      <x>-951.5868496846826</x>
      <y>-919.028956109054</y>
      <steeringAngle>0.3553333333333332</steeringAngle>
      <velocity>4.000000000000001</velocity>
      <orientation>-1.2451081091929463</orientation>
      <time>10</time>
    </ksState>
    <ksState>
      <x>-951.366683074785</x>
      <y>-919.373777054933</y>
      <steeringAngle>0.39086666666666653</steeringAngle>
      <velocity>4.0</velocity>
      <orientation>-1.1843877428869591</orientation>
      <time>11</time>
    </ksState>
    <ksState>
      <x>-951.1165694984606</x>
      <y>-919.7000748993788</y>
      <steeringAngle>0.42639999999999995</steeringAngle>
      <velocity>4.0</velocity>
      <orientation>-1.1172181294305554</orientation>
      <time>12</time>
    </ksState>
    <ksState>
      <x>-950.8357658006264</x>
      <y>-920.0034801256412</y>
      <steeringAngle>0.4619333333333333</steeringAngle>
      <velocity>4.0</velocity>
      <orientation>-1.0433975457982116</orientation>
      <time>13</time>
    </ksState>
    <ksState>
      <x>-950.524151763835</x>
      <y>-920.2790366587416</y>
      <steeringAngle>0.49746666666666667</steeringAngle>
      <velocity>4.0</velocity>
      <orientation>-0.9626970039849911</orientation>
      <time>14</time>
    </ksState>
    <ksState>
      <x>-950.1824028521416</x>
      <y>-920.5212184022716</y>
      <steeringAngle>0.533</steeringAngle>
      <velocity>4.0</velocity>
      <orientation>-0.8748571373851826</orientation>
      <time>15</time>
    </ksState>
    <ksState>
      <x>-949.8501880724988</x>
      <y>-920.7054286716522</y>
      <steeringAngle>0.5685333333333333</steeringAngle>
      <velocity>3.199999999999999</velocity>
      <orientation>-0.7892382841883296</orientation>
      <time>16</time>
    </ksState>
    <ksState>
      <x>-949.5760218855846</x>
      <y>-920.822301785095</y>
      <steeringAngle>0.6040666666666664</steeringAngle>
      <velocity>2.3999999999999995</velocity>
      <orientation>-0.7172445393751113</orientation>
      <time>17</time>
    </ksState>
    <ksState>
      <x>-949.3715947331268</x>
      <y>-920.8887124647808</y>
      <steeringAngle>0.6395999999999996</steeringAngle>
      <velocity>1.5999999999999983</velocity>
      <orientation>-0.6617947045990985</orientation>
      <time>18</time>
    </ksState>
    <ksState>
      <x>-949.2450896245401</x>
      <y>-920.9200626655277</y>
      <steeringAngle>0.675133333333333</steeringAngle>
      <velocity>0.7999999999999986</velocity>
      <orientation>-0.6260180996802693</orientation>
      <time>19</time>
    </ksState>
    <ksState>
      <x>-949.2020148340515</x>
      <y>-920.9285576007579</y>
      <steeringAngle>0.7106666666666662</steeringAngle>
      <velocity>-1.27675647831893e-15</velocity>
      <orientation>-0.6132939025816612</orientation>
      <time>20</time>
    </ksState>
    <ksState>
      <x>-949.2020148340515</x>
      <y>-920.9285576007579</y>
      <steeringAngle>0.6751333333333334</steeringAngle>
      <velocity>0.0</velocity>
      <orientation>-0.6132939025816612</orientation>
      <time>21</time>
    </ksState>
    <ksState>
      <x>-949.2020148340515</x>
      <y>-920.9285576007579</y>
      <steeringAngle>0.6396</steeringAngle>
      <velocity>0.0</velocity>
      <orientation>-0.6132939025816612</orientation>
      <time>22</time>
    </ksState>
    <ksState>
      <x>-949.2020148340515</x>
      <y>-920.9285576007579</y>
      <steeringAngle>0.6040666666666666</steeringAngle>
      <velocity>0.0</velocity>
      <orientation>-0.6132939025816612</orientation>
      <time>23</time>
    </ksState>
    <ksState>
      <x>-949.2020148340515</x>
      <y>-920.9285576007579</y>
      <steeringAngle>0.5685333333333333</steeringAngle>
      <velocity>0.0</velocity>
      <orientation>-0.6132939025816612</orientation>
      <time>24</time>
    </ksState>
    <ksState>
      <x>-949.2020148340515</x>
      <y>-920.9285576007579</y>
      <steeringAngle>0.5329999999999999</steeringAngle>
      <velocity>0.0</velocity>
      <orientation>-0.6132939025816612</orientation>
      <time>25</time>
    </ksState>
    <ksState>
      <x>-949.2020148340515</x>
      <y>-920.9285576007579</y>
      <steeringAngle>0.49746666666666667</steeringAngle>
      <velocity>0.0</velocity>
      <orientation>-0.6132939025816612</orientation>
      <time>26</time>
    </ksState>
    <ksState>
      <x>-949.2020148340515</x>
      <y>-920.9285576007579</y>
      <steeringAngle>0.4619333333333333</steeringAngle>
      <velocity>0.0</velocity>
      <orientation>-0.6132939025816612</orientation>
      <time>27</time>
    </ksState>
    <ksState>
      <x>-949.2020148340515</x>
      <y>-920.9285576007579</y>
      <steeringAngle>0.42639999999999995</steeringAngle>
      <velocity>0.0</velocity>
      <orientation>-0.6132939025816612</orientation>
      <time>28</time>
    </ksState>
    <ksState>
      <x>-949.2020148340515</x>
      <y>-920.9285576007579</y>
      <steeringAngle>0.3908666666666666</steeringAngle>
      <velocity>0.0</velocity>
      <orientation>-0.6132939025816612</orientation>
      <time>29</time>
    </ksState>
    <ksState>
      <x>-949.2020148340515</x>
      <y>-920.9285576007579</y>
      <steeringAngle>0.3553333333333333</steeringAngle>
      <velocity>0.0</velocity>
      <orientation>-0.6132939025816612</orientation>
      <time>30</time>
    </ksState>
    <ksState>
      <x>-949.1648848281305</x>
      <y>-920.9452650354157</y>
      <steeringAngle>0.3198</steeringAngle>
      <velocity>0.8</velocity>
      <orientation>-0.6079522624308865</orientation>
      <time>31</time>
    </ksState>
    <ksState>
      <x>-949.054307180214</x>
      <y>-920.9961834482865</y>
      <steeringAngle>0.28426666666666656</steeringAngle>
      <velocity>1.6000000000000003</velocity>
      <orientation>-0.5935538347026135</orientation>
      <time>32</time>
    </ksState>
    <ksState>
      <x>-948.8708151502309</x>
      <y>-921.0812194188725</y>
      <steeringAngle>0.24873333333333336</steeringAngle>
      <velocity>2.4000000000000012</velocity>
      <orientation>-0.5724789239795484</orientation>
      <time>33</time>
    </ksState>
  </ksTrajectory>
</CommonRoadSolution>
