<?xml version="1.0" ?>
<CommonRoadSolution benchmark_id="KS2:SM1:DEU_Ibbenbueren-6_3_T-1:2020a" computation_time="1.2250629139998637" date="2022-12-18T12:01:12">
  <ksTrajectory planningProblem="1">
    <ksState>
      <x>132.3195</x>
      <y>-546.899</y>
      <steeringAngle>0.0</steeringAngle>
      <velocity>4.0</velocity>
      <orientation>1.0536144</orientation>
      <time>0</time>
    </ksState>
    <ksState>
      <x>132.52099816956647</x>
      <y>-546.5534391507917</y>
      <steeringAngle>-0.035533333333333326</steeringAngle>
      <velocity>4.0</velocity>
      <orientation>1.0508581254673997</orientation>
      <time>1</time>
    </ksState>
    <ksState>
      <x>132.7311971866124</x>
      <y>-546.2129252158659</y>
      <steeringAngle>-0.07106666666666711</steeringAngle>
      <velocity>4.0</velocity>
      <orientation>1.0425823649241142</orientation>
      <time>2</time>
    </ksState>
    <ksState>
      <x>132.95192327792273</x>
      <y>-545.8787747487103</y>
      <steeringAngle>-0.10660000000000043</steeringAngle>
      <velocity>4.0</velocity>
      <orientation>1.0287661251049773</orientation>
      <time>3</time>
    </ksState>
    <ksState>
      <x>133.18491948400464</x>
      <y>-545.5524948206414</y>
      <steeringAngle>-0.14213333333333378</steeringAngle>
      <velocity>4.0</velocity>
      <orientation>1.0093741987194316</orientation>
      <time>4</time>
    </ksState>
    <ksState>
      <x>133.43181941366876</x>
      <y>-545.2358160761576</y>
      <steeringAngle>-0.1776666666666672</steeringAngle>
      <velocity>4.0</velocity>
      <orientation>0.9843567922680343</orientation>
      <time>5</time>
    </ksState>
    <ksState>
      <x>133.66423215396435</x>
      <y>-544.9585992376899</y>
      <steeringAngle>-0.17766666666666667</steeringAngle>
      <velocity>3.2000000000000006</velocity>
      <orientation>0.9592913529998567</orientation>
      <time>6</time>
    </ksState>
    <ksState>
      <x>133.84975821896342</x>
      <y>-544.747064661142</y>
      <steeringAngle>-0.17766666666666667</steeringAngle>
      <velocity>2.4000000000000012</velocity>
      <orientation>0.9397960113698269</orientation>
      <time>7</time>
    </ksState>
    <ksState>
      <x>133.98478412664315</x>
      <y>-544.5982027986232</y>
      <steeringAngle>-0.17766666666666667</steeringAngle>
      <velocity>1.6000000000000005</velocity>
      <orientation>0.925870767370846</orientation>
      <time>8</time>
    </ksState>
    <ksState>
      <x>134.06679006454186</x>
      <y>-544.509793281961</y>
      <steeringAngle>-0.17766666666666667</steeringAngle>
      <velocity>0.8000000000000004</velocity>
      <orientation>0.9175156210000919</orientation>
      <time>9</time>
    </ksState>
    <ksState>
      <x>134.09428918139457</x>
      <y>-544.480476090941</y>
      <steeringAngle>-0.17766666666666667</steeringAngle>
      <velocity>2.7755575615628914e-16</velocity>
      <orientation>0.9147305722538764</orientation>
      <time>10</time>
    </ksState>
    <ksState>
      <x>134.1214402608527</x>
      <y>-544.4509031241122</y>
      <steeringAngle>-0.14213333333333333</steeringAngle>
      <velocity>0.8</velocity>
      <orientation>0.912323075043074</orientation>
      <time>11</time>
    </ksState>
    <ksState>
      <x>134.2015807053328</x>
      <y>-544.3612144253107</y>
      <steeringAngle>-0.10660000000000001</steeringAngle>
      <velocity>1.6</velocity>
      <orientation>0.9065987884227393</orientation>
      <time>12</time>
    </ksState>
    <ksState>
      <x>134.33305270745504</x>
      <y>-544.2101850510318</y>
      <steeringAngle>-0.07106666666666664</steeringAngle>
      <velocity>2.4000000000000004</velocity>
      <orientation>0.8997832746597606</orientation>
      <time>13</time>
    </ksState>
    <ksState>
      <x>134.51418330998092</x>
      <y>-543.9965060018807</y>
      <steeringAngle>-0.03553333333333332</steeringAngle>
      <velocity>3.1999999999999993</velocity>
      <orientation>0.8940823539468309</orientation>
      <time>14</time>
    </ksState>
    <ksState>
      <x>134.74272542885618</x>
      <y>-543.7183316055609</y>
      <steeringAngle>2.6020852139652106e-18</steeringAngle>
      <velocity>3.999999999999999</velocity>
      <orientation>0.8916936023585039</orientation>
      <time>15</time>
    </ksState>
    <ksState>
      <x>134.9906225247891</x>
      <y>-543.4043875935585</y>
      <steeringAngle>0.035533333333333326</steeringAngle>
      <velocity>4.0</velocity>
      <orientation>0.8944498768911043</orientation>
      <time>16</time>
    </ksState>
    <ksState>
      <x>135.23063959892795</x>
      <y>-543.0841920739651</y>
      <steeringAngle>0.07106666666666711</steeringAngle>
      <velocity>4.0</velocity>
      <orientation>0.9027256374343897</orientation>
      <time>17</time>
    </ksState>
    <ksState>
      <x>135.46088328608008</x>
      <y>-542.7565270214923</y>
      <steeringAngle>0.10660000000000043</steeringAngle>
      <velocity>4.0</velocity>
      <orientation>0.9165418772535265</orientation>
      <time>18</time>
    </ksState>
    <ksState>
      <x>135.67931333975213</x>
      <y>-542.4203215260553</y>
      <steeringAngle>0.14213333333333378</steeringAngle>
      <velocity>4.0</velocity>
      <orientation>0.9359338036390724</orientation>
      <time>19</time>
    </ksState>
    <ksState>
      <x>135.88372146903248</x>
      <y>-542.074688311274</y>
      <steeringAngle>0.1776666666666672</steeringAngle>
      <velocity>4.0</velocity>
      <orientation>0.9609512100904698</orientation>
      <time>20</time>
    </ksState>
    <ksState>
      <x>136.07910799751645</x>
      <y>-541.723837998975</y>
      <steeringAngle>0.1421333333333333</steeringAngle>
      <velocity>4.0</velocity>
      <orientation>0.9859686164349931</orientation>
      <time>21</time>
    </ksState>
    <ksState>
      <x>136.27337580978286</x>
      <y>-541.3730867610583</y>
      <steeringAngle>0.10659999999999999</steeringAngle>
      <velocity>4.0</velocity>
      <orientation>1.0053605427257437</orientation>
      <time>22</time>
    </ksState>
    <ksState>
      <x>136.4685229616935</x>
      <y>-541.0233601677372</y>
      <steeringAngle>0.07106666666666664</steeringAngle>
      <velocity>4.0</velocity>
      <orientation>1.0191767824606965</orientation>
      <time>23</time>
    </ksState>
    <ksState>
      <x>136.6665273702341</x>
      <y>-540.6756012032193</y>
      <steeringAngle>0.03553333333333332</steeringAngle>
      <velocity>4.0</velocity>
      <orientation>1.027452542922962</orientation>
      <time>24</time>
    </ksState>
    <ksState>
      <x>136.8693387923825</x>
      <y>-540.3308052734816</y>
      <steeringAngle>-2.2985086056692694e-17</steeringAngle>
      <velocity>4.0</velocity>
      <orientation>1.0302088062178023</orientation>
      <time>25</time>
    </ksState>
    <ksState>
      <x>137.07886909033635</x>
      <y>-539.9900548265508</y>
      <steeringAngle>-0.035533333333333326</steeringAngle>
      <velocity>4.0</velocity>
      <orientation>1.027452531685202</orientation>
      <time>26</time>
    </ksState>
    <ksState>
      <x>137.29697973738092</x>
      <y>-539.654553541469</y>
      <steeringAngle>-0.07106666666666711</steeringAngle>
      <velocity>4.0</velocity>
      <orientation>1.0191767711419164</orientation>
      <time>27</time>
    </ksState>
    <ksState>
      <x>137.52546564819784</x>
      <y>-539.3256603511418</y>
      <steeringAngle>-0.10660000000000043</steeringAngle>
      <velocity>4.0</velocity>
      <orientation>1.0053605313227796</orientation>
      <time>28</time>
    </ksState>
    <ksState>
      <x>137.7660341151997</x>
      <y>-539.0049227072744</y>
      <steeringAngle>-0.14213333333333378</steeringAngle>
      <velocity>4.0</velocity>
      <orientation>0.9859686049372338</orientation>
      <time>29</time>
    </ksState>
    <ksState>
      <x>138.02027779669055</x>
      <y>-538.6941090124377</y>
      <steeringAngle>-0.1776666666666672</steeringAngle>
      <velocity>4.0</velocity>
      <orientation>0.9609511984858365</orientation>
      <time>30</time>
    </ksState>
    <ksState>
      <x>138.2621840109941</x>
      <y>-538.4246718429787</y>
      <steeringAngle>-0.21319999999999997</steeringAngle>
      <velocity>3.2</velocity>
      <orientation>0.9334096529224019</orientation>
      <time>31</time>
    </ksState>
    <ksState>
      <x>138.46038824875092</x>
      <y>-538.2236400554473</y>
      <steeringAngle>-0.24873333333333342</steeringAngle>
      <velocity>2.4000000000000004</velocity>
      <orientation>0.9079714225357525</orientation>
      <time>32</time>
    </ksState>
    <ksState>
      <x>138.6085099009864</x>
      <y>-538.0859645480659</y>
      <steeringAngle>-0.2842666666666668</steeringAngle>
      <velocity>1.600000000000001</velocity>
      <orientation>0.8868965227451727</orientation>
      <time>33</time>
    </ksState>
  </ksTrajectory>
</CommonRoadSolution>
