<?xml version="1.0" ?>
<CommonRoadSolution benchmark_id="KS2:SM1:ITA_CarpiCentro-2_4_T-1:2020a" computation_time="2.385786257000291" date="2022-12-18T12:01:12">
  <ksTrajectory planningProblem="1">
    <ksState>
      <x>-120.81399</x>
      <y>121.14843</y>
      <steeringAngle>0.0</steeringAngle>
      <velocity>12.0</velocity>
      <orientation>-0.39602854</orientation>
      <time>0</time>
    </ksState>
    <ksState>
      <x>-119.73831318135971</x>
      <y>120.71414489599974</y>
      <steeringAngle>0.03553333333333333</steeringAngle>
      <velocity>11.200000000000001</velocity>
      <orientation>-0.3881272662276559</orientation>
      <time>1</time>
    </ksState>
    <ksState>
      <x>-118.72301997579515</x>
      <y>120.34475549814428</y>
      <steeringAngle>0.07106666666666667</steeringAngle>
      <velocity>10.400000000000007</velocity>
      <orientation>-0.365874835429166</orientation>
      <time>2</time>
    </ksState>
    <ksState>
      <x>-117.76688552160503</x>
      <y>120.04811397043923</y>
      <steeringAngle>0.10660000000000001</steeringAngle>
      <velocity>9.60000000000001</velocity>
      <orientation>-0.33142682454449424</orientation>
      <time>3</time>
    </ksState>
    <ksState>
      <x>-116.8716142657676</x>
      <y>119.82758342382043</y>
      <steeringAngle>0.14213333333333344</steeringAngle>
      <velocity>8.800000000000008</velocity>
      <orientation>-0.28691869242364937</orientation>
      <time>4</time>
    </ksState>
    <ksState>
      <x>-116.04107605585679</x>
      <y>119.6823729712374</y>
      <steeringAngle>0.17766666666666675</steeringAngle>
      <velocity>8.000000000000009</velocity>
      <orientation>-0.23447639460866793</orientation>
      <time>5</time>
    </ksState>
    <ksState>
      <x>-115.28039384635403</x>
      <y>119.60786755872141</y>
      <steeringAngle>0.21320000000000014</steeringAngle>
      <velocity>7.200000000000003</velocity>
      <orientation>-0.17622706753717507</orientation>
      <time>6</time>
    </ksState>
    <ksState>
      <x>-114.5949951628374</x>
      <y>119.59604257985964</y>
      <steeringAngle>0.24873333333333347</steeringAngle>
      <velocity>6.400000000000004</velocity>
      <orientation>-0.11430998005139573</orientation>
      <time>7</time>
    </ksState>
    <ksState>
      <x>-113.98973438428933</x>
      <y>119.63601477357264</y>
      <steeringAngle>0.2842666666666668</steeringAngle>
      <velocity>5.600000000000001</velocity>
      <orientation>-0.05088783728747459</orientation>
      <time>8</time>
    </ksState>
    <ksState>
      <x>-113.46818346456314</x>
      <y>119.71473900344867</y>
      <steeringAngle>0.3198</steeringAngle>
      <velocity>4.800000000000002</velocity>
      <orientation>0.01184126245447803</orientation>
      <time>9</time>
    </ksState>
    <ksState>
      <x>-113.0321704360081</x>
      <y>119.81782314262404</y>
      <steeringAngle>0.3553333333333332</steeringAngle>
      <velocity>4.000000000000001</velocity>
      <orientation>0.07163109650269278</orientation>
      <time>10</time>
    </ksState>
    <ksState>
      <x>-112.68059537810716</x>
      <y>119.92209351312664</y>
      <steeringAngle>0.31979999999999975</steeringAngle>
      <velocity>3.2</velocity>
      <orientation>0.12073765656048113</orientation>
      <time>11</time>
    </ksState>
    <ksState>
      <x>-112.40989924554718</x>
      <y>120.00844115994701</y>
      <steeringAngle>0.2842666666666663</steeringAngle>
      <velocity>2.4000000000000004</velocity>
      <orientation>0.1546699119266955</orientation>
      <time>12</time>
    </ksState>
    <ksState>
      <x>-112.21761749186072</x>
      <y>120.07125107742671</y>
      <steeringAngle>0.24873333333333292</steeringAngle>
      <velocity>1.6000000000000008</velocity>
      <orientation>0.17594223287363425</orientation>
      <time>13</time>
    </ksState>
    <ksState>
      <x>-112.10242619784967</x>
      <y>120.10837361326622</y>
      <steeringAngle>0.21319999999999967</steeringAngle>
      <velocity>0.8000000000000008</velocity>
      <orientation>0.1869828236146891</orientation>
      <time>14</time>
    </ksState>
    <ksState>
      <x>-112.06397993974052</x>
      <y>120.12029793720853</y>
      <steeringAngle>0.1776666666666663</steeringAngle>
      <velocity>6.661338147750939e-16</velocity>
      <orientation>0.19014906115656738</orientation>
      <time>15</time>
    </ksState>
    <ksState>
      <x>-112.06397993974052</x>
      <y>120.12029793720853</y>
      <steeringAngle>0.14213333333333336</steeringAngle>
      <velocity>0.0</velocity>
      <orientation>0.19014906115656738</orientation>
      <time>16</time>
    </ksState>
    <ksState>
      <x>-112.06397993974052</x>
      <y>120.12029793720853</y>
      <steeringAngle>0.10660000000000001</steeringAngle>
      <velocity>0.0</velocity>
      <orientation>0.19014906115656738</orientation>
      <time>17</time>
    </ksState>
    <ksState>
      <x>-112.06397993974052</x>
      <y>120.12029793720853</y>
      <steeringAngle>0.07106666666666668</steeringAngle>
      <velocity>0.0</velocity>
      <orientation>0.19014906115656738</orientation>
      <time>18</time>
    </ksState>
    <ksState>
      <x>-112.06397993974052</x>
      <y>120.12029793720853</y>
      <steeringAngle>0.03553333333333333</steeringAngle>
      <velocity>0.0</velocity>
      <orientation>0.19014906115656738</orientation>
      <time>19</time>
    </ksState>
    <ksState>
      <x>-112.06397993974052</x>
      <y>120.12029793720853</y>
      <steeringAngle>0.0</steeringAngle>
      <velocity>0.0</velocity>
      <orientation>0.19014906115656738</orientation>
      <time>20</time>
    </ksState>
    <ksState>
      <x>-112.02460104849716</x>
      <y>120.12733887827122</y>
      <steeringAngle>-0.03553333333333333</steeringAngle>
      <velocity>0.8</velocity>
      <orientation>0.1897815293783254</orientation>
      <time>21</time>
    </ksState>
    <ksState>
      <x>-111.90604319149948</x>
      <y>120.14624198601963</y>
      <steeringAngle>-0.0710666666666667</steeringAngle>
      <velocity>1.6</velocity>
      <orientation>0.18720668278633976</orientation>
      <time>22</time>
    </ksState>
    <ksState>
      <x>-111.70759786991023</x>
      <y>120.17302960754176</y>
      <steeringAngle>-0.10660000000000003</steeringAngle>
      <velocity>2.4000000000000004</velocity>
      <orientation>0.18020597854950254</orientation>
      <time>23</time>
    </ksState>
    <ksState>
      <x>-111.42845896160965</x>
      <y>120.2022667805217</y>
      <steeringAngle>-0.14213333333333342</steeringAngle>
      <velocity>3.2000000000000015</velocity>
      <orientation>0.1665383376086824</orientation>
      <time>24</time>
    </ksState>
    <ksState>
      <x>-111.06784563448016</x>
      <y>120.2262958863806</y>
      <steeringAngle>-0.17766666666666683</steeringAngle>
      <velocity>4.0000000000000036</velocity>
      <orientation>0.14392842173546225</orientation>
      <time>25</time>
    </ksState>
    <ksState>
      <x>-110.6660973748458</x>
      <y>120.238861392352</y>
      <steeringAngle>-0.17766666666666667</steeringAngle>
      <velocity>4.0</velocity>
      <orientation>0.11607793358020635</orientation>
      <time>26</time>
    </ksState>
    <ksState>
      <x>-110.26415496768843</x>
      <y>120.24023459385586</y>
      <steeringAngle>-0.17766666666666667</steeringAngle>
      <velocity>4.0</velocity>
      <orientation>0.08822744542495047</orientation>
      <time>27</time>
    </ksState>
    <ksState>
      <x>-109.86233019283196</x>
      <y>120.23041441821812</y>
      <steeringAngle>-0.17766666666666667</steeringAngle>
      <velocity>4.0</velocity>
      <orientation>0.06037695726969458</orientation>
      <time>28</time>
    </ksState>
    <ksState>
      <x>-109.46093470568943</x>
      <y>120.20940848220788</y>
      <steeringAngle>-0.17766666666666667</steeringAngle>
      <velocity>4.0</velocity>
      <orientation>0.032526469114438725</orientation>
      <time>29</time>
    </ksState>
    <ksState>
      <x>-109.0602798285088</x>
      <y>120.17723307695721</y>
      <steeringAngle>-0.17766666666666667</steeringAngle>
      <velocity>4.0</velocity>
      <orientation>0.004675980959182896</orientation>
      <time>30</time>
    </ksState>
    <ksState>
      <x>-108.70057659823996</x>
      <y>120.13874570343894</y>
      <steeringAngle>-0.17766666666666667</steeringAngle>
      <velocity>3.2000000000000006</velocity>
      <orientation>-0.020389458308994697</orientation>
      <time>31</time>
    </ksState>
    <ksState>
      <x>-108.4215408719239</x>
      <y>120.10258528331161</y>
      <steeringAngle>-0.17766666666666667</steeringAngle>
      <velocity>2.4000000000000012</velocity>
      <orientation>-0.039884799939024475</orientation>
      <time>32</time>
    </ksState>
    <ksState>
      <x>-108.22268751150419</x>
      <y>120.07342939617173</y>
      <steeringAngle>-0.17766666666666667</steeringAngle>
      <velocity>1.6000000000000005</velocity>
      <orientation>-0.053810043938005446</orientation>
      <time>33</time>
    </ksState>
  </ksTrajectory>
</CommonRoadSolution>
