<?xml version="1.0" ?>
<CommonRoadSolution benchmark_id="KS2:SM1:DEU_Backnang-5_1_T-1:2020a" computation_time="1.5328852970001208" date="2022-12-18T12:01:12">
  <ksTrajectory planningProblem="1">
    <ksState>
      <x>139.3091</x>
      <y>134.32298</y>
      <steeringAngle>0.0</steeringAngle>
      <velocity>4.0</velocity>
      <orientation>1.9395538</orientation>
      <time>0</time>
    </ksState>
    <ksState>
      <x>139.15508114768502</x>
      <y>134.73516418525716</y>
      <steeringAngle>-0.035533333333333326</steeringAngle>
      <velocity>4.799999999999999</velocity>
      <orientation>1.9364300213308092</orientation>
      <time>1</time>
    </ksState>
    <ksState>
      <x>138.98595358534857</x>
      <y>135.22712139173848</y>
      <steeringAngle>-0.07106666666666667</steeringAngle>
      <velocity>5.599999999999998</velocity>
      <orientation>1.9255794102696364</orientation>
      <time>2</time>
    </ksState>
    <ksState>
      <x>138.81087785080007</x>
      <y>135.8017411594327</y>
      <steeringAngle>-0.10659999999999999</steeringAngle>
      <velocity>6.3999999999999995</velocity>
      <orientation>1.9047624612693086</orientation>
      <time>3</time>
    </ksState>
    <ksState>
      <x>138.6428083470676</x>
      <y>136.46224986341883</y>
      <steeringAngle>-0.14213333333333333</steeringAngle>
      <velocity>7.199999999999999</velocity>
      <orientation>1.8717028902881434</orientation>
      <time>4</time>
    </ksState>
    <ksState>
      <x>138.4994371955409</x>
      <y>137.21153869105714</y>
      <steeringAngle>-0.17766666666666664</steeringAngle>
      <velocity>7.9999999999999964</velocity>
      <orientation>1.8240755682065968</orientation>
      <time>5</time>
    </ksState>
    <ksState>
      <x>138.40189479963217</x>
      <y>137.96891384609387</y>
      <steeringAngle>-0.17766666666666667</steeringAngle>
      <velocity>7.2</velocity>
      <orientation>1.7711596407622194</orientation>
      <time>6</time>
    </ksState>
    <ksState>
      <x>138.34868546252952</x>
      <y>138.65010315415446</y>
      <steeringAngle>-0.17766666666666667</steeringAngle>
      <velocity>6.4</velocity>
      <orientation>1.7238138109694083</orientation>
      <time>7</time>
    </ksState>
    <ksState>
      <x>138.32855660093526</x>
      <y>139.2526597750207</y>
      <steeringAngle>-0.17766666666666667</steeringAngle>
      <velocity>5.599999999999999</velocity>
      <orientation>1.6820380788142235</orientation>
      <time>8</time>
    </ksState>
    <ksState>
      <x>138.33148131826206</x>
      <y>139.77516808915885</y>
      <steeringAngle>-0.17766666666666667</steeringAngle>
      <velocity>4.799999999999999</velocity>
      <orientation>1.645832444292709</orientation>
      <time>9</time>
    </ksState>
    <ksState>
      <x>138.3487282061135</x>
      <y>140.216967782861</y>
      <steeringAngle>-0.17766666666666667</steeringAngle>
      <velocity>4.0</velocity>
      <orientation>1.615196907403379</orientation>
      <time>10</time>
    </ksState>
    <ksState>
      <x>138.36911767253775</x>
      <y>140.577832352881</y>
      <steeringAngle>-0.1421333333333333</steeringAngle>
      <velocity>3.1999999999999993</velocity>
      <orientation>1.5925869924299367</orientation>
      <time>11</time>
    </ksState>
    <ksState>
      <x>138.38446387900646</x>
      <y>140.858091018643</y>
      <steeringAngle>-0.10659999999999997</steeringAngle>
      <velocity>2.3999999999999977</velocity>
      <orientation>1.5789193515592292</orientation>
      <time>12</time>
    </ksState>
    <ksState>
      <x>138.3935451858123</x>
      <y>141.05813471777557</y>
      <steeringAngle>-0.07106666666666664</steeringAngle>
      <velocity>1.5999999999999976</velocity>
      <orientation>1.5719186457060101</orientation>
      <time>13</time>
    </ksState>
    <ksState>
      <x>138.3972444888966</x>
      <y>141.17813407255417</y>
      <steeringAngle>-0.0355333333333333</steeringAngle>
      <velocity>0.7999999999999972</velocity>
      <orientation>1.5693438012320429</orientation>
      <time>14</time>
    </ksState>
    <ksState>
      <x>138.3978342692205</x>
      <y>141.2181331597878</y>
      <steeringAngle>2.5153490401663703e-17</steeringAngle>
      <velocity>-2.914335439641036e-15</velocity>
      <orientation>1.5689762896535118</orientation>
      <time>15</time>
    </ksState>
    <ksState>
      <x>138.3978342692205</x>
      <y>141.2181331597878</y>
      <steeringAngle>0.03553333333333333</steeringAngle>
      <velocity>0.0</velocity>
      <orientation>1.5689762896535118</orientation>
      <time>16</time>
    </ksState>
    <ksState>
      <x>138.3978342692205</x>
      <y>141.2181331597878</y>
      <steeringAngle>0.07106666666666667</steeringAngle>
      <velocity>0.0</velocity>
      <orientation>1.5689762896535118</orientation>
      <time>17</time>
    </ksState>
    <ksState>
      <x>138.3978342692205</x>
      <y>141.2181331597878</y>
      <steeringAngle>0.10660000000000001</steeringAngle>
      <velocity>0.0</velocity>
      <orientation>1.5689762896535118</orientation>
      <time>18</time>
    </ksState>
    <ksState>
      <x>138.3978342692205</x>
      <y>141.2181331597878</y>
      <steeringAngle>0.14213333333333336</steeringAngle>
      <velocity>0.0</velocity>
      <orientation>1.5689762896535118</orientation>
      <time>19</time>
    </ksState>
    <ksState>
      <x>138.3978342692205</x>
      <y>141.2181331597878</y>
      <steeringAngle>0.1776666666666667</steeringAngle>
      <velocity>0.0</velocity>
      <orientation>1.5689762896535118</orientation>
      <time>20</time>
    </ksState>
    <ksState>
      <x>138.3944322313946</x>
      <y>141.25813525500075</y>
      <steeringAngle>0.14213333333333333</steeringAngle>
      <velocity>0.8</velocity>
      <orientation>1.5713837868643143</orientation>
      <time>21</time>
    </ksState>
    <ksState>
      <x>138.38585789289124</x>
      <y>141.37810622754583</y>
      <steeringAngle>0.10660000000000001</steeringAngle>
      <velocity>1.6</velocity>
      <orientation>1.577108073484649</orientation>
      <time>22</time>
    </ksState>
    <ksState>
      <x>138.37417204059483</x>
      <y>141.57800170046409</y>
      <steeringAngle>0.07106666666666664</steeringAngle>
      <velocity>2.4000000000000004</velocity>
      <orientation>1.5839235872476276</orientation>
      <time>23</time>
    </ksState>
    <ksState>
      <x>138.36149884484902</x>
      <y>141.85783454579706</y>
      <steeringAngle>0.03553333333333332</steeringAngle>
      <velocity>3.1999999999999993</velocity>
      <orientation>1.5896245079605573</orientation>
      <time>24</time>
    </ksState>
    <ksState>
      <x>138.3507449210327</x>
      <y>142.2176912505982</y>
      <steeringAngle>-2.6020852139652106e-18</steeringAngle>
      <velocity>3.999999999999999</velocity>
      <orientation>1.5920132595488843</orientation>
      <time>25</time>
    </ksState>
    <ksState>
      <x>138.34225878464858</x>
      <y>142.61760122232843</y>
      <steeringAngle>0.0</steeringAngle>
      <velocity>4.0</velocity>
      <orientation>1.5920132595488843</orientation>
      <time>26</time>
    </ksState>
    <ksState>
      <x>138.33377264826447</x>
      <y>143.01751119405864</y>
      <steeringAngle>0.0</steeringAngle>
      <velocity>4.0</velocity>
      <orientation>1.5920132595488843</orientation>
      <time>27</time>
    </ksState>
    <ksState>
      <x>138.32528651188034</x>
      <y>143.41742116578888</y>
      <steeringAngle>0.0</steeringAngle>
      <velocity>4.0</velocity>
      <orientation>1.5920132595488843</orientation>
      <time>28</time>
    </ksState>
    <ksState>
      <x>138.3168003754962</x>
      <y>143.8173311375191</y>
      <steeringAngle>0.0</steeringAngle>
      <velocity>4.0</velocity>
      <orientation>1.5920132595488843</orientation>
      <time>29</time>
    </ksState>
    <ksState>
      <x>138.3083142391121</x>
      <y>144.21724110924933</y>
      <steeringAngle>0.0</steeringAngle>
      <velocity>4.0</velocity>
      <orientation>1.5920132595488843</orientation>
      <time>30</time>
    </ksState>
    <ksState>
      <x>138.30067671638818</x>
      <y>144.5771600827791</y>
      <steeringAngle>0.0</steeringAngle>
      <velocity>3.2</velocity>
      <orientation>1.5920132595488843</orientation>
      <time>31</time>
    </ksState>
    <ksState>
      <x>138.29473642094325</x>
      <y>144.85709706186094</y>
      <steeringAngle>0.0</steeringAngle>
      <velocity>2.4000000000000004</velocity>
      <orientation>1.5920132595488843</orientation>
      <time>32</time>
    </ksState>
    <ksState>
      <x>138.29049335277517</x>
      <y>145.05705204659677</y>
      <steeringAngle>0.0</steeringAngle>
      <velocity>1.6</velocity>
      <orientation>1.5920132595488843</orientation>
      <time>33</time>
    </ksState>
  </ksTrajectory>
</CommonRoadSolution>
