<?xml version="1.0" ?>
<CommonRoadSolution benchmark_id="KS2:SM1:DEU_Guetersloh-27_1_T-1:2020a" computation_time="0.6383616389998679" date="2022-12-18T12:01:12">
  <ksTrajectory planningProblem="1">
    <ksState>
      <x>-412.87762</x>
      <y>-1045.1819</y>
      <steeringAngle>0.0</steeringAngle>
      <velocity>4.0</velocity>
      <orientation>2.0692963</orientation>
      <time>0</time>
    </ksState>
    <ksState>
      <x>-413.0836722609353</x>
      <y>-1044.793106899228</y>
      <steeringAngle>-0.035533333333333326</steeringAngle>
      <velocity>4.799999999999999</velocity>
      <orientation>2.066172521330809</orientation>
      <time>1</time>
    </ksState>
    <ksState>
      <x>-413.315027185482</x>
      <y>-1044.32716599714</y>
      <steeringAngle>-0.07106666666666667</steeringAngle>
      <velocity>5.599999999999998</velocity>
      <orientation>2.0553219102696363</orientation>
      <time>2</time>
    </ksState>
    <ksState>
      <x>-413.5629750731858</x>
      <y>-1043.7800268601409</y>
      <steeringAngle>-0.10659999999999999</steeringAngle>
      <velocity>6.3999999999999995</velocity>
      <orientation>2.0345049612693082</orientation>
      <time>3</time>
    </ksState>
    <ksState>
      <x>-413.815087824218</x>
      <y>-1043.1468142047925</y>
      <steeringAngle>-0.14213333333333333</steeringAngle>
      <velocity>7.199999999999999</velocity>
      <orientation>2.001445390288143</orientation>
      <time>4</time>
    </ksState>
    <ksState>
      <x>-414.0541960735774</x>
      <y>-1042.4223721578337</y>
      <steeringAngle>-0.17766666666666664</steeringAngle>
      <velocity>7.9999999999999964</velocity>
      <orientation>1.9538180682065966</orientation>
      <time>5</time>
    </ksState>
    <ksState>
      <x>-414.26712001891326</x>
      <y>-1041.6479669518446</y>
      <steeringAngle>-0.14213333333333336</steeringAngle>
      <velocity>8.0</velocity>
      <orientation>1.9037832566578483</orientation>
      <time>6</time>
    </ksState>
    <ksState>
      <x>-414.4606945767463</x>
      <y>-1040.8697798277626</y>
      <steeringAngle>-0.1066000000000001</steeringAngle>
      <velocity>8.0</velocity>
      <orientation>1.864999404650851</orientation>
      <time>7</time>
    </ksState>
    <ksState>
      <x>-414.643580812422</x>
      <y>-1040.0899622471152</y>
      <steeringAngle>-0.07106666666666674</steeringAngle>
      <velocity>8.0</velocity>
      <orientation>1.837366925621164</orientation>
      <time>8</time>
    </ksState>
    <ksState>
      <x>-414.82444501259624</x>
      <y>-1039.3103067911456</y>
      <steeringAngle>-0.035533333333333354</steeringAngle>
      <velocity>8.0</velocity>
      <orientation>1.8208154049921346</orientation>
      <time>9</time>
    </ksState>
    <ksState>
      <x>-415.0119284424764</x>
      <y>-1038.5325399438093</y>
      <steeringAngle>-2.0816681711721685e-17</steeringAngle>
      <velocity>8.0</velocity>
      <orientation>1.8153028785337297</orientation>
      <time>10</time>
    </ksState>
    <ksState>
      <x>-415.1965490246987</x>
      <y>-1037.7541034237313</y>
      <steeringAngle>-0.03553333333333333</steeringAngle>
      <velocity>8.0</velocity>
      <orientation>1.8097903435308909</orientation>
      <time>11</time>
    </ksState>
    <ksState>
      <x>-415.35728182793804</x>
      <y>-1036.9700944696995</y>
      <steeringAngle>-0.07106666666666667</steeringAngle>
      <velocity>8.0</velocity>
      <orientation>1.7932388226506213</orientation>
      <time>12</time>
    </ksState>
    <ksState>
      <x>-415.4852344962492</x>
      <y>-1036.1794779524835</y>
      <steeringAngle>-0.10659999999999997</steeringAngle>
      <velocity>8.0</velocity>
      <orientation>1.7656063433599265</orientation>
      <time>13</time>
    </ksState>
    <ksState>
      <x>-415.5712481641111</x>
      <y>-1035.3823059240638</y>
      <steeringAngle>-0.1421333333333333</steeringAngle>
      <velocity>8.0</velocity>
      <orientation>1.7268224910871914</orientation>
      <time>14</time>
    </ksState>
    <ksState>
      <x>-415.6059241498076</x>
      <y>-1034.580044786496</y>
      <steeringAngle>-0.17766666666666667</steeringAngle>
      <velocity>8.0</velocity>
      <orientation>1.676787678838037</orientation>
      <time>15</time>
    </ksState>
    <ksState>
      <x>-415.58234782885785</x>
      <y>-1033.8160862552663</y>
      <steeringAngle>-0.21320000000000014</steeringAngle>
      <velocity>7.200000000000003</velocity>
      <orientation>1.6185383517665441</orientation>
      <time>16</time>
    </ksState>
    <ksState>
      <x>-415.5062539551467</x>
      <y>-1033.134822056974</y>
      <steeringAngle>-0.24873333333333347</steeringAngle>
      <velocity>6.400000000000004</velocity>
      <orientation>1.5566212642807646</orientation>
      <time>17</time>
    </ksState>
    <ksState>
      <x>-415.3890580810371</x>
      <y>-1032.5396720646104</y>
      <steeringAngle>-0.2842666666666668</steeringAngle>
      <velocity>5.600000000000001</velocity>
      <orientation>1.4931991215168436</orientation>
      <time>18</time>
    </ksState>
    <ksState>
      <x>-415.24415549473525</x>
      <y>-1032.032507291859</y>
      <steeringAngle>-0.3198</steeringAngle>
      <velocity>4.800000000000002</velocity>
      <orientation>1.430470021774891</orientation>
      <time>19</time>
    </ksState>
    <ksState>
      <x>-415.08605392001664</x>
      <y>-1031.6132966134514</y>
      <steeringAngle>-0.3553333333333332</steeringAngle>
      <velocity>4.000000000000001</velocity>
      <orientation>1.370680187726676</orientation>
      <time>20</time>
    </ksState>
    <ksState>
      <x>-414.9375950827907</x>
      <y>-1031.277979889812</y>
      <steeringAngle>-0.31979999999999975</steeringAngle>
      <velocity>3.2</velocity>
      <orientation>1.3215736276688879</orientation>
      <time>21</time>
    </ksState>
    <ksState>
      <x>-414.8172743987856</x>
      <y>-1031.0205789471274</y>
      <steeringAngle>-0.2842666666666663</steeringAngle>
      <velocity>2.4000000000000004</velocity>
      <orientation>1.2876413723026734</orientation>
      <time>22</time>
    </ksState>
    <ksState>
      <x>-414.7303448031627</x>
      <y>-1030.8379300929307</y>
      <steeringAngle>-0.24873333333333292</steeringAngle>
      <velocity>1.6000000000000008</velocity>
      <orientation>1.2663690513557346</orientation>
      <time>23</time>
    </ksState>
    <ksState>
      <x>-414.6787685927744</x>
      <y>-1030.728444882034</y>
      <steeringAngle>-0.21319999999999967</steeringAngle>
      <velocity>0.8000000000000008</velocity>
      <orientation>1.2553284606146797</orientation>
      <time>24</time>
    </ksState>
    <ksState>
      <x>-414.6620163702556</x>
      <y>-1030.6918434161514</y>
      <steeringAngle>-0.1776666666666663</steeringAngle>
      <velocity>6.661338147750939e-16</velocity>
      <orientation>1.2521622230728016</orientation>
      <time>25</time>
    </ksState>
    <ksState>
      <x>-414.6461869572201</x>
      <y>-1030.6549493628943</y>
      <steeringAngle>-0.14213333333333333</steeringAngle>
      <velocity>0.8</velocity>
      <orientation>1.249754725861999</orientation>
      <time>26</time>
    </ksState>
    <ksState>
      <x>-414.60025854698256</x>
      <y>-1030.5437867132891</y>
      <steeringAngle>-0.10660000000000001</steeringAngle>
      <velocity>1.6</velocity>
      <orientation>1.2440304392416643</orientation>
      <time>27</time>
    </ksState>
    <ksState>
      <x>-414.52620099547863</x>
      <y>-1030.35774844222</y>
      <steeringAngle>-0.07106666666666664</steeringAngle>
      <velocity>2.4000000000000004</velocity>
      <orientation>1.2372149254786857</orientation>
      <time>28</time>
    </ksState>
    <ksState>
      <x>-414.42602628210835</x>
      <y>-1030.0961532243382</y>
      <steeringAngle>-0.03553333333333332</steeringAngle>
      <velocity>3.1999999999999993</velocity>
      <orientation>1.231514004765756</orientation>
      <time>29</time>
    </ksState>
    <ksState>
      <x>-414.3024658104042</x>
      <y>-1029.7580033985212</y>
      <steeringAngle>2.6020852139652106e-18</steeringAngle>
      <velocity>3.999999999999999</velocity>
      <orientation>1.229125253177429</orientation>
      <time>30</time>
    </ksState>
    <ksState>
      <x>-414.15041529726756</x>
      <y>-1029.345089060069</y>
      <steeringAngle>-0.035533333333333326</steeringAngle>
      <velocity>4.799999999999999</velocity>
      <orientation>1.2260014745082382</orientation>
      <time>31</time>
    </ksState>
    <ksState>
      <x>-413.9577937620742</x>
      <y>-1028.8618469162834</y>
      <steeringAngle>-0.07106666666666667</steeringAngle>
      <velocity>5.599999999999998</velocity>
      <orientation>1.2151508634470654</orientation>
      <time>32</time>
    </ksState>
    <ksState>
      <x>-413.7157723230838</x>
      <y>-1028.312060582039</y>
      <steeringAngle>-0.10659999999999999</steeringAngle>
      <velocity>6.3999999999999995</velocity>
      <orientation>1.1943339144467375</orientation>
      <time>33</time>
    </ksState>
  </ksTrajectory>
</CommonRoadSolution>
