<?xml version="1.0" ?>
<CommonRoadSolution benchmark_id="KS2:SM1:DEU_Flensburg-48_1_T-1:2020a" computation_time="0.6783914739999091" date="2022-12-18T12:01:12">
  <ksTrajectory planningProblem="123">
    <ksState>
      <x>244.98734</x>
      <y>-679.1264</y>
      <steeringAngle>0.0</steeringAngle>
      <velocity>4.0</velocity>
      <orientation>0.28210226</orientation>
      <time>0</time>
    </ksState>
    <ksState>
      <x>245.40857406642286</x>
      <y>-678.9992014515437</y>
      <steeringAngle>0.035533333333333326</steeringAngle>
      <velocity>4.799999999999999</velocity>
      <orientation>0.28522603866919083</orientation>
      <time>1</time>
    </ksState>
    <ksState>
      <x>245.9024265365589</x>
      <y>-678.8356907084982</y>
      <steeringAngle>0.07106666666666667</steeringAngle>
      <velocity>5.599999999999998</velocity>
      <orientation>0.2960766497303636</orientation>
      <time>2</time>
    </ksState>
    <ksState>
      <x>246.4656461215498</x>
      <y>-678.6268292967071</y>
      <steeringAngle>0.10659999999999999</steeringAngle>
      <velocity>6.3999999999999995</velocity>
      <orientation>0.31689359873069156</orientation>
      <time>3</time>
    </ksState>
    <ksState>
      <x>247.092950914739</x>
      <y>-678.3603564039614</y>
      <steeringAngle>0.14213333333333333</steeringAngle>
      <velocity>7.199999999999999</velocity>
      <orientation>0.34995316971185675</orientation>
      <time>4</time>
    </ksState>
    <ksState>
      <x>247.77592190217933</x>
      <y>-678.0204451440297</y>
      <steeringAngle>0.17766666666666664</steeringAngle>
      <velocity>7.9999999999999964</velocity>
      <orientation>0.3975804917934034</orientation>
      <time>5</time>
    </ksState>
    <ksState>
      <x>248.47181448950116</x>
      <y>-677.6181437027465</y>
      <steeringAngle>0.17766666666666667</steeringAngle>
      <velocity>8.0</velocity>
      <orientation>0.4532814681039152</orientation>
      <time>6</time>
    </ksState>
    <ksState>
      <x>249.14423085499988</x>
      <y>-677.1777243192388</y>
      <steeringAngle>0.17766666666666667</steeringAngle>
      <velocity>8.0</velocity>
      <orientation>0.5089824444144269</orientation>
      <time>7</time>
    </ksState>
    <ksState>
      <x>249.79108526794786</x>
      <y>-676.7005530987678</y>
      <steeringAngle>0.17766666666666667</steeringAngle>
      <velocity>8.0</velocity>
      <orientation>0.5646834207249386</orientation>
      <time>8</time>
    </ksState>
    <ksState>
      <x>250.41037131758443</x>
      <y>-676.1881101293739</y>
      <steeringAngle>0.17766666666666667</steeringAngle>
      <velocity>8.0</velocity>
      <orientation>0.6203843970354505</orientation>
      <time>9</time>
    </ksState>
    <ksState>
      <x>251.00016810477987</x>
      <y>-675.641984904112</y>
      <steeringAngle>0.17766666666666667</steeringAngle>
      <velocity>8.0</velocity>
      <orientation>0.6760853733459622</orientation>
      <time>10</time>
    </ksState>
    <ksState>
      <x>251.5586461566095</x>
      <y>-675.0638714132016</y>
      <steeringAngle>0.17766666666666667</steeringAngle>
      <velocity>8.0</velocity>
      <orientation>0.7317863496564739</orientation>
      <time>11</time>
    </ksState>
    <ksState>
      <x>252.08407325746012</x>
      <y>-674.45556280431</y>
      <steeringAngle>0.17766666666666667</steeringAngle>
      <velocity>8.0</velocity>
      <orientation>0.7874873259669857</orientation>
      <time>12</time>
    </ksState>
    <ksState>
      <x>252.57481961246117</x>
      <y>-673.8189459491693</y>
      <steeringAngle>0.17766666666666667</steeringAngle>
      <velocity>8.0</velocity>
      <orientation>0.8431883022774974</orientation>
      <time>13</time>
    </ksState>
    <ksState>
      <x>253.02936302628513</x>
      <y>-673.1559955037324</y>
      <steeringAngle>0.17766666666666667</steeringAngle>
      <velocity>8.0</velocity>
      <orientation>0.8988892785880093</orientation>
      <time>14</time>
    </ksState>
    <ksState>
      <x>253.44629359771974</x>
      <y>-672.4687678045988</y>
      <steeringAngle>0.17766666666666667</steeringAngle>
      <velocity>8.0</velocity>
      <orientation>0.954590254898521</orientation>
      <time>15</time>
    </ksState>
    <ksState>
      <x>253.83240197014678</x>
      <y>-671.764523277249</y>
      <steeringAngle>0.14213333333333336</steeringAngle>
      <velocity>8.0</velocity>
      <orientation>1.0046250664472693</orientation>
      <time>16</time>
    </ksState>
    <ksState>
      <x>254.20055855016653</x>
      <y>-671.0521279922314</y>
      <steeringAngle>0.1066000000000001</steeringAngle>
      <velocity>8.0</velocity>
      <orientation>1.0434089184542668</orientation>
      <time>17</time>
    </ksState>
    <ksState>
      <x>254.5586928428291</x>
      <y>-670.3356765544453</y>
      <steeringAngle>0.07106666666666674</steeringAngle>
      <velocity>8.0</velocity>
      <orientation>1.0710413974839537</orientation>
      <time>18</time>
    </ksState>
    <ksState>
      <x>254.91482236210402</x>
      <y>-669.6189156079444</y>
      <steeringAngle>0.035533333333333354</steeringAngle>
      <velocity>8.0</velocity>
      <orientation>1.087592918112983</orientation>
      <time>19</time>
    </ksState>
    <ksState>
      <x>255.27695555125754</x>
      <y>-668.9055217065068</y>
      <steeringAngle>2.0816681711721685e-17</steeringAngle>
      <velocity>8.0</velocity>
      <orientation>1.093105444571388</orientation>
      <time>20</time>
    </ksState>
    <ksState>
      <x>255.65299846159368</x>
      <y>-668.1993773128046</y>
      <steeringAngle>-0.03553333333333333</steeringAngle>
      <velocity>8.0</velocity>
      <orientation>1.087592909568549</orientation>
      <time>21</time>
    </ksState>
    <ksState>
      <x>256.05064925995407</x>
      <y>-667.5048422765373</y>
      <steeringAngle>-0.07106666666666667</steeringAngle>
      <velocity>8.0</velocity>
      <orientation>1.0710413886882795</orientation>
      <time>22</time>
    </ksState>
    <ksState>
      <x>256.47726462651315</x>
      <y>-666.8270180429497</y>
      <steeringAngle>-0.10659999999999997</steeringAngle>
      <velocity>8.0</velocity>
      <orientation>1.0434089093975847</orientation>
      <time>23</time>
    </ksState>
    <ksState>
      <x>256.93968255326354</x>
      <y>-666.1719980012919</y>
      <steeringAngle>-0.1421333333333333</steeringAngle>
      <velocity>8.0</velocity>
      <orientation>1.0046250571248496</orientation>
      <time>24</time>
    </ksState>
    <ksState>
      <x>257.44398604439533</x>
      <y>-665.5470953323364</y>
      <steeringAngle>-0.17766666666666667</steeringAngle>
      <velocity>8.0</velocity>
      <orientation>0.954590244875695</orientation>
      <time>25</time>
    </ksState>
    <ksState>
      <x>257.9596820699037</x>
      <y>-664.9838997590749</y>
      <steeringAngle>-0.17766666666666667</steeringAngle>
      <velocity>7.2</velocity>
      <orientation>0.9016743174313177</orientation>
      <time>26</time>
    </ksState>
    <ksState>
      <x>258.44577690932266</x>
      <y>-664.5037311282157</y>
      <steeringAngle>-0.17766666666666667</steeringAngle>
      <velocity>6.4</velocity>
      <orientation>0.8543284876385064</orientation>
      <time>27</time>
    </ksState>
    <ksState>
      <x>258.8931407941263</x>
      <y>-664.0995712502067</y>
      <steeringAngle>-0.17766666666666667</steeringAngle>
      <velocity>5.599999999999999</velocity>
      <orientation>0.8125527554833216</orientation>
      <time>28</time>
    </ksState>
    <ksState>
      <x>259.2942226426435</x>
      <y>-663.7646729923657</y>
      <steeringAngle>-0.17766666666666667</steeringAngle>
      <velocity>4.799999999999999</velocity>
      <orientation>0.7763471209618071</orientation>
      <time>29</time>
    </ksState>
    <ksState>
      <x>259.6428842992454</x>
      <y>-663.4927916327408</y>
      <steeringAngle>-0.17766666666666667</steeringAngle>
      <velocity>4.0</velocity>
      <orientation>0.7457115840724772</orientation>
      <time>30</time>
    </ksState>
    <ksState>
      <x>259.9342405619251</x>
      <y>-663.2783705853153</y>
      <steeringAngle>-0.17766666666666667</steeringAngle>
      <velocity>3.2000000000000006</velocity>
      <orientation>0.7206461448042996</orientation>
      <time>31</time>
    </ksState>
    <ksState>
      <x>260.1645125623155</x>
      <y>-663.1166869321355</y>
      <steeringAngle>-0.17766666666666667</steeringAngle>
      <velocity>2.4000000000000012</velocity>
      <orientation>0.7011508031742698</orientation>
      <time>32</time>
    </ksState>
    <ksState>
      <x>260.33090064398675</x>
      <y>-663.0039622403638</y>
      <steeringAngle>-0.17766666666666667</steeringAngle>
      <velocity>1.6000000000000005</velocity>
      <orientation>0.6872255591752888</orientation>
      <time>33</time>
    </ksState>
    <ksState>
      <x>260.4314812731229</x>
      <y>-662.937443419496</y>
      <steeringAngle>-0.17766666666666667</steeringAngle>
      <velocity>0.8000000000000004</velocity>
      <orientation>0.6788704128045348</orientation>
      <time>34</time>
    </ksState>
    <ksState>
      <x>260.46513122747876</x>
      <y>-662.9154575219969</y>
      <steeringAngle>-0.17766666666666667</steeringAngle>
      <velocity>2.7755575615628914e-16</velocity>
      <orientation>0.6760853640583193</orientation>
      <time>35</time>
    </ksState>
    <ksState>
      <x>260.46513122747876</x>
      <y>-662.9154575219969</y>
      <steeringAngle>-0.14213333333333336</steeringAngle>
      <velocity>0.0</velocity>
      <orientation>0.6760853640583193</orientation>
      <time>36</time>
    </ksState>
    <ksState>
      <x>260.46513122747876</x>
      <y>-662.9154575219969</y>
      <steeringAngle>-0.10660000000000001</steeringAngle>
      <velocity>0.0</velocity>
      <orientation>0.6760853640583193</orientation>
      <time>37</time>
    </ksState>
    <ksState>
      <x>260.46513122747876</x>
      <y>-662.9154575219969</y>
      <steeringAngle>-0.07106666666666668</steeringAngle>
      <velocity>0.0</velocity>
      <orientation>0.6760853640583193</orientation>
      <time>38</time>
    </ksState>
    <ksState>
      <x>260.46513122747876</x>
      <y>-662.9154575219969</y>
      <steeringAngle>-0.03553333333333333</steeringAngle>
      <velocity>0.0</velocity>
      <orientation>0.6760853640583193</orientation>
      <time>39</time>
    </ksState>
    <ksState>
      <x>260.46513122747876</x>
      <y>-662.9154575219969</y>
      <steeringAngle>-0.0</steeringAngle>
      <velocity>0.0</velocity>
      <orientation>0.6760853640583193</orientation>
      <time>40</time>
    </ksState>
    <ksState>
      <x>260.46513122747876</x>
      <y>-662.9154575219969</y>
      <steeringAngle>0.0</steeringAngle>
      <velocity>0.0</velocity>
      <orientation>0.6760853640583193</orientation>
      <time>41</time>
    </ksState>
    <ksState>
      <x>260.46513122747876</x>
      <y>-662.9154575219969</y>
      <steeringAngle>0.0</steeringAngle>
      <velocity>0.0</velocity>
      <orientation>0.6760853640583193</orientation>
      <time>42</time>
    </ksState>
    <ksState>
      <x>260.46513122747876</x>
      <y>-662.9154575219969</y>
      <steeringAngle>0.0</steeringAngle>
      <velocity>0.0</velocity>
      <orientation>0.6760853640583193</orientation>
      <time>43</time>
    </ksState>
    <ksState>
      <x>260.46513122747876</x>
      <y>-662.9154575219969</y>
      <steeringAngle>0.0</steeringAngle>
      <velocity>0.0</velocity>
      <orientation>0.6760853640583193</orientation>
      <time>44</time>
    </ksState>
    <ksState>
      <x>260.46513122747876</x>
      <y>-662.9154575219969</y>
      <steeringAngle>0.0</steeringAngle>
      <velocity>0.0</velocity>
      <orientation>0.6760853640583193</orientation>
      <time>45</time>
    </ksState>
    <ksState>
      <x>260.46513122747876</x>
      <y>-662.9154575219969</y>
      <steeringAngle>0.0</steeringAngle>
      <velocity>0.0</velocity>
      <orientation>0.6760853640583193</orientation>
      <time>46</time>
    </ksState>
    <ksState>
      <x>260.46513122747876</x>
      <y>-662.9154575219969</y>
      <steeringAngle>0.0</steeringAngle>
      <velocity>0.0</velocity>
      <orientation>0.6760853640583193</orientation>
      <time>47</time>
    </ksState>
    <ksState>
      <x>260.46513122747876</x>
      <y>-662.9154575219969</y>
      <steeringAngle>0.0</steeringAngle>
      <velocity>0.0</velocity>
      <orientation>0.6760853640583193</orientation>
      <time>48</time>
    </ksState>
    <ksState>
      <x>260.46513122747876</x>
      <y>-662.9154575219969</y>
      <steeringAngle>0.0</steeringAngle>
      <velocity>0.0</velocity>
      <orientation>0.6760853640583193</orientation>
      <time>49</time>
    </ksState>
    <ksState>
      <x>260.46513122747876</x>
      <y>-662.9154575219969</y>
      <steeringAngle>0.0</steeringAngle>
      <velocity>0.0</velocity>
      <orientation>0.6760853640583193</orientation>
      <time>50</time>
    </ksState>
    <ksState>
      <x>260.46513122747876</x>
      <y>-662.9154575219969</y>
      <steeringAngle>0.0</steeringAngle>
      <velocity>0.0</velocity>
      <orientation>0.6760853640583193</orientation>
      <time>51</time>
    </ksState>
    <ksState>
      <x>260.46513122747876</x>
      <y>-662.9154575219969</y>
      <steeringAngle>0.0</steeringAngle>
      <velocity>0.0</velocity>
      <orientation>0.6760853640583193</orientation>
      <time>52</time>
    </ksState>
    <ksState>
      <x>260.46513122747876</x>
      <y>-662.9154575219969</y>
      <steeringAngle>0.0</steeringAngle>
      <velocity>0.0</velocity>
      <orientation>0.6760853640583193</orientation>
      <time>53</time>
    </ksState>
    <ksState>
      <x>260.46513122747876</x>
      <y>-662.9154575219969</y>
      <steeringAngle>0.0</steeringAngle>
      <velocity>0.0</velocity>
      <orientation>0.6760853640583193</orientation>
      <time>54</time>
    </ksState>
    <ksState>
      <x>260.46513122747876</x>
      <y>-662.9154575219969</y>
      <steeringAngle>0.0</steeringAngle>
      <velocity>0.0</velocity>
      <orientation>0.6760853640583193</orientation>
      <time>55</time>
    </ksState>
    <ksState>
      <x>260.46513122747876</x>
      <y>-662.9154575219969</y>
      <steeringAngle>0.0</steeringAngle>
      <velocity>0.0</velocity>
      <orientation>0.6760853640583193</orientation>
      <time>56</time>
    </ksState>
    <ksState>
      <x>260.46513122747876</x>
      <y>-662.9154575219969</y>
      <steeringAngle>0.0</steeringAngle>
      <velocity>0.0</velocity>
      <orientation>0.6760853640583193</orientation>
      <time>57</time>
    </ksState>
    <ksState>
      <x>260.46513122747876</x>
      <y>-662.9154575219969</y>
      <steeringAngle>0.0</steeringAngle>
      <velocity>0.0</velocity>
      <orientation>0.6760853640583193</orientation>
      <time>58</time>
    </ksState>
    <ksState>
      <x>260.46513122747876</x>
      <y>-662.9154575219969</y>
      <steeringAngle>0.0</steeringAngle>
      <velocity>0.0</velocity>
      <orientation>0.6760853640583193</orientation>
      <time>59</time>
    </ksState>
    <ksState>
      <x>260.46513122747876</x>
      <y>-662.9154575219969</y>
      <steeringAngle>0.0</steeringAngle>
      <velocity>0.0</velocity>
      <orientation>0.6760853640583193</orientation>
      <time>60</time>
    </ksState>
    <ksState>
      <x>260.46513122747876</x>
      <y>-662.9154575219969</y>
      <steeringAngle>0.0</steeringAngle>
      <velocity>0.0</velocity>
      <orientation>0.6760853640583193</orientation>
      <time>61</time>
    </ksState>
    <ksState>
      <x>260.46513122747876</x>
      <y>-662.9154575219969</y>
      <steeringAngle>0.0</steeringAngle>
      <velocity>0.0</velocity>
      <orientation>0.6760853640583193</orientation>
      <time>62</time>
    </ksState>
    <ksState>
      <x>260.46513122747876</x>
      <y>-662.9154575219969</y>
      <steeringAngle>0.0</steeringAngle>
      <velocity>0.0</velocity>
      <orientation>0.6760853640583193</orientation>
      <time>63</time>
    </ksState>
    <ksState>
      <x>260.46513122747876</x>
      <y>-662.9154575219969</y>
      <steeringAngle>0.0</steeringAngle>
      <velocity>0.0</velocity>
      <orientation>0.6760853640583193</orientation>
      <time>64</time>
    </ksState>
    <ksState>
      <x>260.46513122747876</x>
      <y>-662.9154575219969</y>
      <steeringAngle>0.0</steeringAngle>
      <velocity>0.0</velocity>
      <orientation>0.6760853640583193</orientation>
      <time>65</time>
    </ksState>
    <ksState>
      <x>260.46513122747876</x>
      <y>-662.9154575219969</y>
      <steeringAngle>0.0</steeringAngle>
      <velocity>0.0</velocity>
      <orientation>0.6760853640583193</orientation>
      <time>66</time>
    </ksState>
    <ksState>
      <x>260.46513122747876</x>
      <y>-662.9154575219969</y>
      <steeringAngle>0.0</steeringAngle>
      <velocity>0.0</velocity>
      <orientation>0.6760853640583193</orientation>
      <time>67</time>
    </ksState>
    <ksState>
      <x>260.46513122747876</x>
      <y>-662.9154575219969</y>
      <steeringAngle>0.0</steeringAngle>
      <velocity>0.0</velocity>
      <orientation>0.6760853640583193</orientation>
      <time>68</time>
    </ksState>
    <ksState>
      <x>260.46513122747876</x>
      <y>-662.9154575219969</y>
      <steeringAngle>0.0</steeringAngle>
      <velocity>0.0</velocity>
      <orientation>0.6760853640583193</orientation>
      <time>69</time>
    </ksState>
    <ksState>
      <x>260.46513122747876</x>
      <y>-662.9154575219969</y>
      <steeringAngle>0.0</steeringAngle>
      <velocity>0.0</velocity>
      <orientation>0.6760853640583193</orientation>
      <time>70</time>
    </ksState>
    <ksState>
      <x>260.46513122747876</x>
      <y>-662.9154575219969</y>
      <steeringAngle>0.0</steeringAngle>
      <velocity>0.0</velocity>
      <orientation>0.6760853640583193</orientation>
      <time>71</time>
    </ksState>
    <ksState>
      <x>260.46513122747876</x>
      <y>-662.9154575219969</y>
      <steeringAngle>0.0</steeringAngle>
      <velocity>0.0</velocity>
      <orientation>0.6760853640583193</orientation>
      <time>72</time>
    </ksState>
    <ksState>
      <x>260.46513122747876</x>
      <y>-662.9154575219969</y>
      <steeringAngle>0.0</steeringAngle>
      <velocity>0.0</velocity>
      <orientation>0.6760853640583193</orientation>
      <time>73</time>
    </ksState>
    <ksState>
      <x>260.46513122747876</x>
      <y>-662.9154575219969</y>
      <steeringAngle>0.0</steeringAngle>
      <velocity>0.0</velocity>
      <orientation>0.6760853640583193</orientation>
      <time>74</time>
    </ksState>
    <ksState>
      <x>260.46513122747876</x>
      <y>-662.9154575219969</y>
      <steeringAngle>0.0</steeringAngle>
      <velocity>0.0</velocity>
      <orientation>0.6760853640583193</orientation>
      <time>75</time>
    </ksState>
    <ksState>
      <x>260.46513122747876</x>
      <y>-662.9154575219969</y>
      <steeringAngle>0.0</steeringAngle>
      <velocity>0.0</velocity>
      <orientation>0.6760853640583193</orientation>
      <time>76</time>
    </ksState>
    <ksState>
      <x>260.46513122747876</x>
      <y>-662.9154575219969</y>
      <steeringAngle>0.0</steeringAngle>
      <velocity>0.0</velocity>
      <orientation>0.6760853640583193</orientation>
      <time>77</time>
    </ksState>
    <ksState>
      <x>260.46513122747876</x>
      <y>-662.9154575219969</y>
      <steeringAngle>0.0</steeringAngle>
      <velocity>0.0</velocity>
      <orientation>0.6760853640583193</orientation>
      <time>78</time>
    </ksState>
    <ksState>
      <x>260.46513122747876</x>
      <y>-662.9154575219969</y>
      <steeringAngle>0.0</steeringAngle>
      <velocity>0.0</velocity>
      <orientation>0.6760853640583193</orientation>
      <time>79</time>
    </ksState>
    <ksState>
      <x>260.46513122747876</x>
      <y>-662.9154575219969</y>
      <steeringAngle>0.0</steeringAngle>
      <velocity>0.0</velocity>
      <orientation>0.6760853640583193</orientation>
      <time>80</time>
    </ksState>
    <ksState>
      <x>260.46513122747876</x>
      <y>-662.9154575219969</y>
      <steeringAngle>0.0</steeringAngle>
      <velocity>0.0</velocity>
      <orientation>0.6760853640583193</orientation>
      <time>81</time>
    </ksState>
    <ksState>
      <x>260.46513122747876</x>
      <y>-662.9154575219969</y>
      <steeringAngle>0.0</steeringAngle>
      <velocity>0.0</velocity>
      <orientation>0.6760853640583193</orientation>
      <time>82</time>
    </ksState>
    <ksState>
      <x>260.46513122747876</x>
      <y>-662.9154575219969</y>
      <steeringAngle>0.0</steeringAngle>
      <velocity>0.0</velocity>
      <orientation>0.6760853640583193</orientation>
      <time>83</time>
    </ksState>
    <ksState>
      <x>260.46513122747876</x>
      <y>-662.9154575219969</y>
      <steeringAngle>0.0</steeringAngle>
      <velocity>0.0</velocity>
      <orientation>0.6760853640583193</orientation>
      <time>84</time>
    </ksState>
    <ksState>
      <x>260.46513122747876</x>
      <y>-662.9154575219969</y>
      <steeringAngle>0.0</steeringAngle>
      <velocity>0.0</velocity>
      <orientation>0.6760853640583193</orientation>
      <time>85</time>
    </ksState>
    <ksState>
      <x>260.46513122747876</x>
      <y>-662.9154575219969</y>
      <steeringAngle>0.0</steeringAngle>
      <velocity>0.0</velocity>
      <orientation>0.6760853640583193</orientation>
      <time>86</time>
    </ksState>
    <ksState>
      <x>260.46513122747876</x>
      <y>-662.9154575219969</y>
      <steeringAngle>0.0</steeringAngle>
      <velocity>0.0</velocity>
      <orientation>0.6760853640583193</orientation>
      <time>87</time>
    </ksState>
    <ksState>
      <x>260.46513122747876</x>
      <y>-662.9154575219969</y>
      <steeringAngle>0.0</steeringAngle>
      <velocity>0.0</velocity>
      <orientation>0.6760853640583193</orientation>
      <time>88</time>
    </ksState>
    <ksState>
      <x>260.46513122747876</x>
      <y>-662.9154575219969</y>
      <steeringAngle>0.0</steeringAngle>
      <velocity>0.0</velocity>
      <orientation>0.6760853640583193</orientation>
      <time>89</time>
    </ksState>
    <ksState>
      <x>260.46513122747876</x>
      <y>-662.9154575219969</y>
      <steeringAngle>0.0</steeringAngle>
      <velocity>0.0</velocity>
      <orientation>0.6760853640583193</orientation>
      <time>90</time>
    </ksState>
    <ksState>
      <x>260.46513122747876</x>
      <y>-662.9154575219969</y>
      <steeringAngle>0.0</steeringAngle>
      <velocity>0.0</velocity>
      <orientation>0.6760853640583193</orientation>
      <time>91</time>
    </ksState>
    <ksState>
      <x>260.46513122747876</x>
      <y>-662.9154575219969</y>
      <steeringAngle>0.0</steeringAngle>
      <velocity>0.0</velocity>
      <orientation>0.6760853640583193</orientation>
      <time>92</time>
    </ksState>
    <ksState>
      <x>260.46513122747876</x>
      <y>-662.9154575219969</y>
      <steeringAngle>0.0</steeringAngle>
      <velocity>0.0</velocity>
      <orientation>0.6760853640583193</orientation>
      <time>93</time>
    </ksState>
    <ksState>
      <x>260.46513122747876</x>
      <y>-662.9154575219969</y>
      <steeringAngle>0.0</steeringAngle>
      <velocity>0.0</velocity>
      <orientation>0.6760853640583193</orientation>
      <time>94</time>
    </ksState>
    <ksState>
      <x>260.46513122747876</x>
      <y>-662.9154575219969</y>
      <steeringAngle>0.0</steeringAngle>
      <velocity>0.0</velocity>
      <orientation>0.6760853640583193</orientation>
      <time>95</time>
    </ksState>
    <ksState>
      <x>260.46513122747876</x>
      <y>-662.9154575219969</y>
      <steeringAngle>0.0</steeringAngle>
      <velocity>0.0</velocity>
      <orientation>0.6760853640583193</orientation>
      <time>96</time>
    </ksState>
    <ksState>
      <x>260.46513122747876</x>
      <y>-662.9154575219969</y>
      <steeringAngle>0.0</steeringAngle>
      <velocity>0.0</velocity>
      <orientation>0.6760853640583193</orientation>
      <time>97</time>
    </ksState>
    <ksState>
      <x>260.46513122747876</x>
      <y>-662.9154575219969</y>
      <steeringAngle>0.0</steeringAngle>
      <velocity>0.0</velocity>
      <orientation>0.6760853640583193</orientation>
      <time>98</time>
    </ksState>
    <ksState>
      <x>260.46513122747876</x>
      <y>-662.9154575219969</y>
      <steeringAngle>0.0</steeringAngle>
      <velocity>0.0</velocity>
      <orientation>0.6760853640583193</orientation>
      <time>99</time>
    </ksState>
  </ksTrajectory>
</CommonRoadSolution>
