<?xml version="1.0" ?>
<CommonRoadSolution benchmark_id="KS2:SM1:RUS_Bicycle-1_1_T-1:2020a" computation_time="0.30453894499987655" date="2022-12-16T13:37:50">
  <ksTrajectory planningProblem="15">
    <ksState>
      <x>2.5</x>
      <y>20.0</y>
      <steeringAngle>0.0</steeringAngle>
      <velocity>16.0</velocity>
      <orientation>0.0</orientation>
      <time>0</time>
    </ksState>
    <ksState>
      <x>4.1000000000000005</x>
      <y>20.0</y>
      <steeringAngle>0.0</steeringAngle>
      <velocity>16.0</velocity>
      <orientation>0.0</orientation>
      <time>1</time>
    </ksState>
    <ksState>
      <x>5.7</x>
      <y>20.0</y>
      <steeringAngle>0.0</steeringAngle>
      <velocity>16.0</velocity>
      <orientation>0.0</orientation>
      <time>2</time>
    </ksState>
    <ksState>
      <x>7.3</x>
      <y>20.0</y>
      <steeringAngle>0.0</steeringAngle>
      <velocity>16.0</velocity>
      <orientation>0.0</orientation>
      <time>3</time>
    </ksState>
    <ksState>
      <x>8.9</x>
      <y>20.0</y>
      <steeringAngle>0.0</steeringAngle>
      <velocity>16.0</velocity>
      <orientation>0.0</orientation>
      <time>4</time>
    </ksState>
    <ksState>
      <x>10.5</x>
      <y>20.0</y>
      <steeringAngle>0.0</steeringAngle>
      <velocity>16.0</velocity>
      <orientation>0.0</orientation>
      <time>5</time>
    </ksState>
    <ksState>
      <x>12.1</x>
      <y>20.0</y>
      <steeringAngle>0.0</steeringAngle>
      <velocity>16.0</velocity>
      <orientation>0.0</orientation>
      <time>6</time>
    </ksState>
    <ksState>
      <x>13.7</x>
      <y>20.0</y>
      <steeringAngle>0.0</steeringAngle>
      <velocity>16.0</velocity>
      <orientation>0.0</orientation>
      <time>7</time>
    </ksState>
    <ksState>
      <x>15.3</x>
      <y>20.0</y>
      <steeringAngle>0.0</steeringAngle>
      <velocity>16.0</velocity>
      <orientation>0.0</orientation>
      <time>8</time>
    </ksState>
    <ksState>
      <x>16.900000000000002</x>
      <y>20.0</y>
      <steeringAngle>0.0</steeringAngle>
      <velocity>16.0</velocity>
      <orientation>0.0</orientation>
      <time>9</time>
    </ksState>
    <ksState>
      <x>18.5</x>
      <y>20.0</y>
      <steeringAngle>0.0</steeringAngle>
      <velocity>16.0</velocity>
      <orientation>0.0</orientation>
      <time>10</time>
    </ksState>
    <ksState>
      <x>20.05999999966514</x>
      <y>20.0</y>
      <steeringAngle>0.0</steeringAngle>
      <velocity>15.2</velocity>
      <orientation>0.0</orientation>
      <time>11</time>
    </ksState>
    <ksState>
      <x>21.539999998783767</x>
      <y>20.0</y>
      <steeringAngle>0.0</steeringAngle>
      <velocity>14.400000000000002</velocity>
      <orientation>0.0</orientation>
      <time>12</time>
    </ksState>
    <ksState>
      <x>22.939999997726048</x>
      <y>20.0</y>
      <steeringAngle>0.0</steeringAngle>
      <velocity>13.600000000000001</velocity>
      <orientation>0.0</orientation>
      <time>13</time>
    </ksState>
    <ksState>
      <x>24.259999996604076</x>
      <y>20.0</y>
      <steeringAngle>0.0</steeringAngle>
      <velocity>12.800000000000004</velocity>
      <orientation>0.0</orientation>
      <time>14</time>
    </ksState>
    <ksState>
      <x>25.49999999545324</x>
      <y>20.0</y>
      <steeringAngle>0.0</steeringAngle>
      <velocity>12.000000000000002</velocity>
      <orientation>0.0</orientation>
      <time>15</time>
    </ksState>
    <ksState>
      <x>26.65999999496468</x>
      <y>20.0</y>
      <steeringAngle>0.0</steeringAngle>
      <velocity>11.200000000000001</velocity>
      <orientation>0.0</orientation>
      <time>16</time>
    </ksState>
    <ksState>
      <x>27.739999994025176</x>
      <y>20.0</y>
      <steeringAngle>0.0</steeringAngle>
      <velocity>10.4</velocity>
      <orientation>0.0</orientation>
      <time>17</time>
    </ksState>
    <ksState>
      <x>28.739999992944433</x>
      <y>20.0</y>
      <steeringAngle>0.0</steeringAngle>
      <velocity>9.599999999999998</velocity>
      <orientation>0.0</orientation>
      <time>18</time>
    </ksState>
    <ksState>
      <x>29.65999999181047</x>
      <y>20.0</y>
      <steeringAngle>0.0</steeringAngle>
      <velocity>8.799999999999999</velocity>
      <orientation>0.0</orientation>
      <time>19</time>
    </ksState>
    <ksState>
      <x>30.499999990652064</x>
      <y>20.0</y>
      <steeringAngle>0.0</steeringAngle>
      <velocity>7.999999999999997</velocity>
      <orientation>0.0</orientation>
      <time>20</time>
    </ksState>
  </ksTrajectory>
</CommonRoadSolution>
