<?xml version="1.0" ?>
<CommonRoadSolution benchmark_id="KS2:SM1:DEU_Moabit-6_2_T-1:2020a" computation_time="0.7611017550007091" date="2022-12-18T12:01:12">
  <ksTrajectory planningProblem="1">
    <ksState>
      <x>-528.15149</x>
      <y>40.849621</y>
      <steeringAngle>0.0</steeringAngle>
      <velocity>4.0</velocity>
      <orientation>-1.8370544</orientation>
      <time>0</time>
    </ksState>
    <ksState>
      <x>-528.2625257973239</x>
      <y>40.42384093804648</y>
      <steeringAngle>0.035533333333333326</steeringAngle>
      <velocity>4.799999999999999</velocity>
      <orientation>-1.833930621330809</orientation>
      <time>1</time>
    </ksState>
    <ksState>
      <x>-528.3804286303395</x>
      <y>39.917160617412556</y>
      <steeringAngle>0.07106666666666667</steeringAngle>
      <velocity>5.599999999999998</velocity>
      <orientation>-1.8230800102696363</orientation>
      <time>2</time>
    </ksState>
    <ksState>
      <x>-528.4957903822313</x>
      <y>39.32764297013379</y>
      <steeringAngle>0.10659999999999999</steeringAngle>
      <velocity>6.3999999999999995</velocity>
      <orientation>-1.8022630612693085</orientation>
      <time>3</time>
    </ksState>
    <ksState>
      <x>-528.595394517967</x>
      <y>38.65340404937148</y>
      <steeringAngle>0.14213333333333333</steeringAngle>
      <velocity>7.199999999999999</velocity>
      <orientation>-1.7692034902881433</orientation>
      <time>4</time>
    </ksState>
    <ksState>
      <x>-528.6613459463179</x>
      <y>37.89337810020123</y>
      <steeringAngle>0.17766666666666664</steeringAngle>
      <velocity>7.9999999999999964</velocity>
      <orientation>-1.7215761682065966</orientation>
      <time>5</time>
    </ksState>
    <ksState>
      <x>-528.6808817565706</x>
      <y>37.12999746343847</y>
      <steeringAngle>0.17766666666666667</steeringAngle>
      <velocity>7.2</velocity>
      <orientation>-1.6686602407622193</orientation>
      <time>6</time>
    </ksState>
    <ksState>
      <x>-528.664112525623</x>
      <y>36.44693897409485</y>
      <steeringAngle>0.17766666666666667</steeringAngle>
      <velocity>6.4</velocity>
      <orientation>-1.6213144109694082</orientation>
      <time>7</time>
    </ksState>
    <ksState>
      <x>-528.6224821387013</x>
      <y>35.845485265731895</y>
      <steeringAngle>0.17766666666666667</steeringAngle>
      <velocity>5.599999999999999</velocity>
      <orientation>-1.5795386788142234</orientation>
      <time>8</time>
    </ksState>
    <ksState>
      <x>-528.56610971278</x>
      <y>35.32601857583668</y>
      <steeringAngle>0.17766666666666667</steeringAngle>
      <velocity>4.799999999999999</velocity>
      <orientation>-1.543333044292709</orientation>
      <time>9</time>
    </ksState>
    <ksState>
      <x>-528.5037483930643</x>
      <y>34.88830235463947</y>
      <steeringAngle>0.17766666666666667</steeringAngle>
      <velocity>4.0</velocity>
      <orientation>-1.5126975074033788</orientation>
      <time>10</time>
    </ksState>
    <ksState>
      <x>-528.4310162977706</x>
      <y>34.49258867635744</y>
      <steeringAngle>0.21319999999999995</steeringAngle>
      <velocity>4.0</velocity>
      <orientation>-1.4819897247658786</orientation>
      <time>11</time>
    </ksState>
    <ksState>
      <x>-528.3368756058697</x>
      <y>34.10042433288268</y>
      <steeringAngle>0.24873333333333336</steeringAngle>
      <velocity>4.0</velocity>
      <orientation>-1.4455108836431845</orientation>
      <time>12</time>
    </ksState>
    <ksState>
      <x>-528.2191021828181</x>
      <y>33.71349925802865</y>
      <steeringAngle>0.2842666666666667</steeringAngle>
      <velocity>4.0</velocity>
      <orientation>-1.4031636497977364</orientation>
      <time>13</time>
    </ksState>
    <ksState>
      <x>-528.0755643009795</x>
      <y>33.33394010596985</y>
      <steeringAngle>0.31980000000000003</steeringAngle>
      <velocity>4.0</velocity>
      <orientation>-1.3548329684306013</orientation>
      <time>14</time>
    </ksState>
    <ksState>
      <x>-527.9042817303911</x>
      <y>32.9643592207787</y>
      <steeringAngle>0.35533333333333333</steeringAngle>
      <velocity>4.0</velocity>
      <orientation>-1.3003847672523228</orientation>
      <time>15</time>
    </ksState>
    <ksState>
      <x>-527.7246920901609</x>
      <y>32.64294218239297</y>
      <steeringAngle>0.3908666666666668</steeringAngle>
      <velocity>3.2000000000000006</velocity>
      <orientation>-1.24584238047914</orientation>
      <time>16</time>
    </ksState>
    <ksState>
      <x>-527.5664846499426</x>
      <y>32.40253600252979</y>
      <steeringAngle>0.4264</steeringAngle>
      <velocity>2.3999999999999995</velocity>
      <orientation>-1.1989327436826231</orientation>
      <time>17</time>
    </ksState>
    <ksState>
      <x>-527.4420409009712</x>
      <y>32.2374787844674</y>
      <steeringAngle>0.4619333333333332</steeringAngle>
      <velocity>1.5999999999999996</velocity>
      <orientation>-1.1621351191572264</orientation>
      <time>18</time>
    </ksState>
    <ksState>
      <x>-527.361763656989</x>
      <y>32.14193614006256</y>
      <steeringAngle>0.49746666666666656</steeringAngle>
      <velocity>0.7999999999999986</velocity>
      <orientation>-1.1380416830072448</orientation>
      <time>19</time>
    </ksState>
    <ksState>
      <x>-527.3336675493185</x>
      <y>32.11091285235438</y>
      <steeringAngle>0.5329999999999998</steeringAngle>
      <velocity>-1.5265566588595902e-15</velocity>
      <orientation>-1.1293790168696642</orientation>
      <time>20</time>
    </ksState>
    <ksState>
      <x>-527.3336675493185</x>
      <y>32.11091285235438</y>
      <steeringAngle>0.49746666666666667</steeringAngle>
      <velocity>0.0</velocity>
      <orientation>-1.1293790168696642</orientation>
      <time>21</time>
    </ksState>
    <ksState>
      <x>-527.3336675493185</x>
      <y>32.11091285235438</y>
      <steeringAngle>0.4619333333333333</steeringAngle>
      <velocity>0.0</velocity>
      <orientation>-1.1293790168696642</orientation>
      <time>22</time>
    </ksState>
    <ksState>
      <x>-527.3336675493185</x>
      <y>32.11091285235438</y>
      <steeringAngle>0.42639999999999995</steeringAngle>
      <velocity>0.0</velocity>
      <orientation>-1.1293790168696642</orientation>
      <time>23</time>
    </ksState>
    <ksState>
      <x>-527.3336675493185</x>
      <y>32.11091285235438</y>
      <steeringAngle>0.3908666666666666</steeringAngle>
      <velocity>0.0</velocity>
      <orientation>-1.1293790168696642</orientation>
      <time>24</time>
    </ksState>
    <ksState>
      <x>-527.3336675493185</x>
      <y>32.11091285235438</y>
      <steeringAngle>0.3553333333333333</steeringAngle>
      <velocity>0.0</velocity>
      <orientation>-1.1293790168696642</orientation>
      <time>25</time>
    </ksState>
    <ksState>
      <x>-527.3336675493185</x>
      <y>32.11091285235438</y>
      <steeringAngle>0.3198</steeringAngle>
      <velocity>0.0</velocity>
      <orientation>-1.1293790168696642</orientation>
      <time>26</time>
    </ksState>
    <ksState>
      <x>-527.3336675493185</x>
      <y>32.11091285235438</y>
      <steeringAngle>0.2842666666666666</steeringAngle>
      <velocity>0.0</velocity>
      <orientation>-1.1293790168696642</orientation>
      <time>27</time>
    </ksState>
    <ksState>
      <x>-527.3336675493185</x>
      <y>32.11091285235438</y>
      <steeringAngle>0.24873333333333333</steeringAngle>
      <velocity>0.0</velocity>
      <orientation>-1.1293790168696642</orientation>
      <time>28</time>
    </ksState>
    <ksState>
      <x>-527.3336675493185</x>
      <y>32.11091285235438</y>
      <steeringAngle>0.21320000000000003</steeringAngle>
      <velocity>0.0</velocity>
      <orientation>-1.1293790168696642</orientation>
      <time>29</time>
    </ksState>
    <ksState>
      <x>-527.3336675493185</x>
      <y>32.11091285235438</y>
      <steeringAngle>0.1776666666666667</steeringAngle>
      <velocity>0.0</velocity>
      <orientation>-1.1293790168696642</orientation>
      <time>30</time>
    </ksState>
    <ksState>
      <x>-527.3336675493185</x>
      <y>32.11091285235438</y>
      <steeringAngle>0.14213333333333336</steeringAngle>
      <velocity>0.0</velocity>
      <orientation>-1.1293790168696642</orientation>
      <time>31</time>
    </ksState>
    <ksState>
      <x>-527.3336675493185</x>
      <y>32.11091285235438</y>
      <steeringAngle>0.10660000000000001</steeringAngle>
      <velocity>0.0</velocity>
      <orientation>-1.1293790168696642</orientation>
      <time>32</time>
    </ksState>
    <ksState>
      <x>-527.3336675493185</x>
      <y>32.11091285235438</y>
      <steeringAngle>0.07106666666666668</steeringAngle>
      <velocity>0.0</velocity>
      <orientation>-1.1293790168696642</orientation>
      <time>33</time>
    </ksState>
  </ksTrajectory>
</CommonRoadSolution>
