<?xml version="1.0" ?>
<CommonRoadSolution benchmark_id="KS2:SM1:HRV_Pula-25_1_T-1:2020a" computation_time="1.0885619319997204" date="2022-12-18T12:01:12">
  <ksTrajectory planningProblem="1">
    <ksState>
      <x>753.34718</x>
      <y>-578.4464</y>
      <steeringAngle>0.0</steeringAngle>
      <velocity>0.0</velocity>
      <orientation>-2.9292064</orientation>
      <time>0</time>
    </ksState>
    <ksState>
      <x>753.3081903298912</x>
      <y>-578.4553486061156</y>
      <steeringAngle>0.03553333333333333</steeringAngle>
      <velocity>0.8</velocity>
      <orientation>-2.928838868221758</orientation>
      <time>1</time>
    </ksState>
    <ksState>
      <x>753.1917033797229</x>
      <y>-578.4844017191831</y>
      <steeringAngle>0.0710666666666667</steeringAngle>
      <velocity>1.6</velocity>
      <orientation>-2.9262640216297724</orientation>
      <time>2</time>
    </ksState>
    <ksState>
      <x>752.9986255349963</x>
      <y>-578.5374966172737</y>
      <steeringAngle>0.10660000000000003</steeringAngle>
      <velocity>2.4000000000000004</velocity>
      <orientation>-2.919263317392935</orientation>
      <time>3</time>
    </ksState>
    <ksState>
      <x>752.7303442651518</x>
      <y>-578.6199496503389</y>
      <steeringAngle>0.14213333333333342</steeringAngle>
      <velocity>3.2000000000000015</velocity>
      <orientation>-2.905595676452115</orientation>
      <time>4</time>
    </ksState>
    <ksState>
      <x>752.389141038851</x>
      <y>-578.7391122618988</y>
      <steeringAngle>0.17766666666666683</steeringAngle>
      <velocity>4.0000000000000036</velocity>
      <orientation>-2.8829857605788947</orientation>
      <time>5</time>
    </ksState>
    <ksState>
      <x>752.0145816561455</x>
      <y>-578.8849368993469</y>
      <steeringAngle>0.17766666666666667</steeringAngle>
      <velocity>4.0</velocity>
      <orientation>-2.855135272423639</orientation>
      <time>6</time>
    </ksState>
    <ksState>
      <x>751.6442282546424</x>
      <y>-579.0411353063453</y>
      <steeringAngle>0.17766666666666667</steeringAngle>
      <velocity>4.0</velocity>
      <orientation>-2.827284784268383</orientation>
      <time>7</time>
    </ksState>
    <ksState>
      <x>751.2783681140561</x>
      <y>-579.2075863293768</y>
      <steeringAngle>0.17766666666666667</steeringAngle>
      <velocity>4.0</velocity>
      <orientation>-2.799434296113127</orientation>
      <time>8</time>
    </ksState>
    <ksState>
      <x>750.9172849955258</x>
      <y>-579.3841608687603</y>
      <steeringAngle>0.17766666666666667</steeringAngle>
      <velocity>4.0</velocity>
      <orientation>-2.771583807957871</orientation>
      <time>9</time>
    </ksState>
    <ksState>
      <x>750.5612589554537</x>
      <y>-579.5707219743053</y>
      <steeringAngle>0.17766666666666667</steeringAngle>
      <velocity>4.0</velocity>
      <orientation>-2.7437333198026153</orientation>
      <time>10</time>
    </ksState>
    <ksState>
      <x>750.2469556613805</x>
      <y>-579.7505230981604</y>
      <steeringAngle>0.21319999999999997</steeringAngle>
      <velocity>3.2</velocity>
      <orientation>-2.7161917742391806</orientation>
      <time>11</time>
    </ksState>
    <ksState>
      <x>750.0087214649177</x>
      <y>-579.9019931186218</y>
      <steeringAngle>0.24873333333333342</steeringAngle>
      <velocity>2.4000000000000004</velocity>
      <orientation>-2.690753543852531</orientation>
      <time>12</time>
    </ksState>
    <ksState>
      <x>749.8429627789835</x>
      <y>-580.017831917092</y>
      <steeringAngle>0.2842666666666668</steeringAngle>
      <velocity>1.600000000000001</velocity>
      <orientation>-2.6696786440619515</orientation>
      <time>13</time>
    </ksState>
    <ksState>
      <x>749.745910344527</x>
      <y>-580.091313032679</y>
      <steeringAngle>0.3197999999999999</steeringAngle>
      <velocity>0.8000000000000007</velocity>
      <orientation>-2.655280216761247</orientation>
      <time>14</time>
    </ksState>
    <ksState>
      <x>749.7141669515449</x>
      <y>-580.1168097545062</y>
      <steeringAngle>0.3553333333333332</steeringAngle>
      <velocity>5.551115123125783e-16</velocity>
      <orientation>-2.6499385751255176</orientation>
      <time>15</time>
    </ksState>
    <ksState>
      <x>749.7141669515449</x>
      <y>-580.1168097545062</y>
      <steeringAngle>0.3198</steeringAngle>
      <velocity>0.0</velocity>
      <orientation>-2.6499385751255176</orientation>
      <time>16</time>
    </ksState>
    <ksState>
      <x>749.7141669515449</x>
      <y>-580.1168097545062</y>
      <steeringAngle>0.2842666666666666</steeringAngle>
      <velocity>0.0</velocity>
      <orientation>-2.6499385751255176</orientation>
      <time>17</time>
    </ksState>
    <ksState>
      <x>749.7141669515449</x>
      <y>-580.1168097545062</y>
      <steeringAngle>0.24873333333333333</steeringAngle>
      <velocity>0.0</velocity>
      <orientation>-2.6499385751255176</orientation>
      <time>18</time>
    </ksState>
    <ksState>
      <x>749.7141669515449</x>
      <y>-580.1168097545062</y>
      <steeringAngle>0.21320000000000003</steeringAngle>
      <velocity>0.0</velocity>
      <orientation>-2.6499385751255176</orientation>
      <time>19</time>
    </ksState>
    <ksState>
      <x>749.7141669515449</x>
      <y>-580.1168097545062</y>
      <steeringAngle>0.1776666666666667</steeringAngle>
      <velocity>0.0</velocity>
      <orientation>-2.6499385751255176</orientation>
      <time>20</time>
    </ksState>
    <ksState>
      <x>749.6805489109125</x>
      <y>-580.1387544310095</y>
      <steeringAngle>0.14213333333333333</steeringAngle>
      <velocity>0.8</velocity>
      <orientation>-2.647531077914715</orientation>
      <time>21</time>
    </ksState>
    <ksState>
      <x>749.5789529361682</x>
      <y>-580.2031346410894</y>
      <steeringAngle>0.10660000000000001</steeringAngle>
      <velocity>1.6</velocity>
      <orientation>-2.6418067912943806</orientation>
      <time>22</time>
    </ksState>
    <ksState>
      <x>749.4084419389915</x>
      <y>-580.3081144442847</y>
      <steeringAngle>0.07106666666666664</steeringAngle>
      <velocity>2.4000000000000004</velocity>
      <orientation>-2.6349912775314017</orientation>
      <time>23</time>
    </ksState>
    <ksState>
      <x>749.1679983882877</x>
      <y>-580.4518291969808</y>
      <steeringAngle>0.03553333333333332</steeringAngle>
      <velocity>3.1999999999999993</velocity>
      <orientation>-2.629290356818472</orientation>
      <time>24</time>
    </ksState>
    <ksState>
      <x>748.856169285659</x>
      <y>-580.6317600326415</y>
      <steeringAngle>-2.6020852139652106e-18</steeringAngle>
      <velocity>3.999999999999999</velocity>
      <orientation>-2.6269016052301453</orientation>
      <time>25</time>
    </ksState>
    <ksState>
      <x>748.5446243808946</x>
      <y>-580.8121769027957</y>
      <steeringAngle>0.03553333333333333</steeringAngle>
      <velocity>3.2</velocity>
      <orientation>-2.6245128568503526</orientation>
      <time>26</time>
    </ksState>
    <ksState>
      <x>748.3056105783843</x>
      <y>-580.9582471445061</y>
      <steeringAngle>0.07106666666666668</steeringAngle>
      <velocity>2.4</velocity>
      <orientation>-2.618811941844556</orientation>
      <time>27</time>
    </ksState>
    <ksState>
      <x>748.1375123388841</x>
      <y>-581.0670403425943</y>
      <steeringAngle>0.10660000000000003</steeringAngle>
      <velocity>1.5999999999999994</velocity>
      <orientation>-2.6119964080998246</orientation>
      <time>28</time>
    </ksState>
    <ksState>
      <x>748.0382510854458</x>
      <y>-581.1349610490248</y>
      <steeringAngle>0.14213333333333342</steeringAngle>
      <velocity>0.7999999999999988</velocity>
      <orientation>-2.6062721466133447</orientation>
      <time>29</time>
    </ksState>
    <ksState>
      <x>748.0056214996991</x>
      <y>-581.1583497414468</y>
      <steeringAngle>0.17766666666666675</steeringAngle>
      <velocity>-1.5265566588595902e-15</velocity>
      <orientation>-2.603864652138789</orientation>
      <time>30</time>
    </ksState>
    <ksState>
      <x>748.0056214996991</x>
      <y>-581.1583497414468</y>
      <steeringAngle>0.14213333333333336</steeringAngle>
      <velocity>0.0</velocity>
      <orientation>-2.603864652138789</orientation>
      <time>31</time>
    </ksState>
    <ksState>
      <x>748.0056214996991</x>
      <y>-581.1583497414468</y>
      <steeringAngle>0.10660000000000001</steeringAngle>
      <velocity>0.0</velocity>
      <orientation>-2.603864652138789</orientation>
      <time>32</time>
    </ksState>
    <ksState>
      <x>748.0056214996991</x>
      <y>-581.1583497414468</y>
      <steeringAngle>0.07106666666666668</steeringAngle>
      <velocity>0.0</velocity>
      <orientation>-2.603864652138789</orientation>
      <time>33</time>
    </ksState>
  </ksTrajectory>
</CommonRoadSolution>
