<?xml version="1.0" ?>
<CommonRoadSolution benchmark_id="KS2:SM1:DEU_Lohmar-46_1_T-1:2020a" computation_time="16.7989716269999" date="2022-11-29T11:36:54">
  <ksTrajectory planningProblem="123">
    <ksState>
      <x>171.04828</x>
      <y>-336.33907</y>
      <steeringAngle>0.0</steeringAngle>
      <velocity>0.0</velocity>
      <orientation>-1.5790998</orientation>
      <time>0</time>
    </ksState>
    <ksState>
      <x>171.04794786488245</x>
      <y>-336.3790686217814</y>
      <steeringAngle>0.0</steeringAngle>
      <velocity>0.8</velocity>
      <orientation>-1.5790998</orientation>
      <time>1</time>
    </ksState>
    <ksState>
      <x>171.04695145953963</x>
      <y>-336.4990644859406</y>
      <steeringAngle>0.0</steeringAngle>
      <velocity>1.6</velocity>
      <orientation>-1.5790998</orientation>
      <time>2</time>
    </ksState>
    <ksState>
      <x>171.045290783973</x>
      <y>-336.69905759230244</y>
      <steeringAngle>0.0</steeringAngle>
      <velocity>2.4000000000000004</velocity>
      <orientation>-1.5790998</orientation>
      <time>3</time>
    </ksState>
    <ksState>
      <x>171.04296583818302</x>
      <y>-336.979047940814</y>
      <steeringAngle>0.0</steeringAngle>
      <velocity>3.2000000000000006</velocity>
      <orientation>-1.5790998</orientation>
      <time>4</time>
    </ksState>
    <ksState>
      <x>171.03997662216983</x>
      <y>-337.33903553145353</y>
      <steeringAngle>0.0</steeringAngle>
      <velocity>4.000000000000001</velocity>
      <orientation>-1.5790998</orientation>
      <time>5</time>
    </ksState>
    <ksState>
      <x>171.03141389070348</x>
      <y>-337.7789722190284</y>
      <steeringAngle>-0.035533333333333326</steeringAngle>
      <velocity>4.799999999999999</velocity>
      <orientation>-1.582223578669191</orientation>
      <time>6</time>
    </ksState>
    <ksState>
      <x>171.00752690723817</x>
      <y>-338.2986408031969</y>
      <steeringAngle>-0.07106666666666667</steeringAngle>
      <velocity>5.599999999999998</velocity>
      <orientation>-1.5930741897303637</orientation>
      <time>7</time>
    </ksState>
    <ksState>
      <x>170.95873475640164</x>
      <y>-338.8973550223945</y>
      <steeringAngle>-0.10659999999999999</steeringAngle>
      <velocity>6.3999999999999995</velocity>
      <orientation>-1.6138911387306916</orientation>
      <time>8</time>
    </ksState>
    <ksState>
      <x>170.87180515454682</x>
      <y>-339.5733449264964</y>
      <steeringAngle>-0.14213333333333333</steeringAngle>
      <velocity>7.199999999999999</velocity>
      <orientation>-1.6469507097118568</orientation>
      <time>9</time>
    </ksState>
    <ksState>
      <x>170.72922433328313</x>
      <y>-340.3227845462934</y>
      <steeringAngle>-0.17766666666666664</steeringAngle>
      <velocity>7.9999999999999964</velocity>
      <orientation>-1.6945780317934034</orientation>
      <time>10</time>
    </ksState>
    <ksState>
      <x>170.53227108252884</x>
      <y>-341.06129514023604</y>
      <steeringAngle>-0.21320000000000014</steeringAngle>
      <velocity>7.200000000000003</velocity>
      <orientation>-1.7528273588648962</orientation>
      <time>11</time>
    </ksState>
    <ksState>
      <x>170.30301471572372</x>
      <y>-341.7073235481027</y>
      <steeringAngle>-0.24873333333333347</steeringAngle>
      <velocity>6.400000000000004</velocity>
      <orientation>-1.8147444463506757</orientation>
      <time>12</time>
    </ksState>
    <ksState>
      <x>170.05334966139156</x>
      <y>-342.26013974446835</y>
      <steeringAngle>-0.2842666666666668</steeringAngle>
      <velocity>5.600000000000001</velocity>
      <orientation>-1.8781665891145967</orientation>
      <time>13</time>
    </ksState>
    <ksState>
      <x>169.79674528984157</x>
      <y>-342.7209727540697</y>
      <steeringAngle>-0.3198</steeringAngle>
      <velocity>4.800000000000002</velocity>
      <orientation>-1.9408956888565494</orientation>
      <time>14</time>
    </ksState>
    <ksState>
      <x>169.54732094543357</x>
      <y>-343.09315711327343</y>
      <steeringAngle>-0.3553333333333332</steeringAngle>
      <velocity>4.000000000000001</velocity>
      <orientation>-2.000685522904764</orientation>
      <time>15</time>
    </ksState>
    <ksState>
      <x>169.29248282812648</x>
      <y>-343.4132076636529</y>
      <steeringAngle>-0.39086666666666653</steeringAngle>
      <velocity>4.0</velocity>
      <orientation>-2.0614058892107514</orientation>
      <time>16</time>
    </ksState>
    <ksState>
      <x>169.00978681144124</x>
      <y>-343.7117207228344</y>
      <steeringAngle>-0.42639999999999995</steeringAngle>
      <velocity>4.0</velocity>
      <orientation>-2.128575502667155</orientation>
      <time>17</time>
    </ksState>
    <ksState>
      <x>168.69894825560064</x>
      <y>-343.98427317694865</y>
      <steeringAngle>-0.4619333333333333</steeringAngle>
      <velocity>4.0</velocity>
      <orientation>-2.202396086299499</orientation>
      <time>18</time>
    </ksState>
    <ksState>
      <x>168.36036308903883</x>
      <y>-344.22592332870545</y>
      <steeringAngle>-0.49746666666666667</steeringAngle>
      <velocity>4.0</velocity>
      <orientation>-2.283096628112719</orientation>
      <time>19</time>
    </ksState>
    <ksState>
      <x>167.99527789526937</x>
      <y>-344.43124531202216</y>
      <steeringAngle>-0.533</steeringAngle>
      <velocity>4.0</velocity>
      <orientation>-2.370936494712528</orientation>
      <time>20</time>
    </ksState>
    <ksState>
      <x>167.60966648560216</x>
      <y>-344.59896073003534</y>
      <steeringAngle>-0.533</steeringAngle>
      <velocity>4.0</velocity>
      <orientation>-2.462440793267348</orientation>
      <time>21</time>
    </ksState>
    <ksState>
      <x>167.21034302083794</x>
      <y>-344.73073863351584</y>
      <steeringAngle>-0.533</steeringAngle>
      <velocity>4.0</velocity>
      <orientation>-2.553945091822168</orientation>
      <time>22</time>
    </ksState>
    <ksState>
      <x>166.80064873952713</x>
      <y>-344.8254763889311</y>
      <steeringAngle>-0.533</steeringAngle>
      <velocity>4.0</velocity>
      <orientation>-2.645449390376988</orientation>
      <time>23</time>
    </ksState>
    <ksState>
      <x>166.3840116335853</x>
      <y>-344.8823813069079</y>
      <steeringAngle>-0.533</steeringAngle>
      <velocity>4.0</velocity>
      <orientation>-2.736953688931808</orientation>
      <time>24</time>
    </ksState>
    <ksState>
      <x>165.96391778665392</x>
      <y>-344.9009772529334</y>
      <steeringAngle>-0.533</steeringAngle>
      <velocity>4.0</velocity>
      <orientation>-2.8284579874866274</orientation>
      <time>25</time>
    </ksState>
    <ksState>
      <x>165.54388224296298</x>
      <y>-344.88110861580935</y>
      <steeringAngle>-0.533</steeringAngle>
      <velocity>4.0</velocity>
      <orientation>-2.9199622860414474</orientation>
      <time>26</time>
    </ksState>
    <ksState>
      <x>165.1274194580267</x>
      <y>-344.82294166539816</y>
      <steeringAngle>-0.533</steeringAngle>
      <velocity>4.0</velocity>
      <orientation>-3.011466584596267</orientation>
      <time>27</time>
    </ksState>
    <ksState>
      <x>164.71801408601354</x>
      <y>-344.7269630854614</y>
      <steeringAngle>-0.533</steeringAngle>
      <velocity>4.0</velocity>
      <orientation>-3.102970883151087</orientation>
      <time>28</time>
    </ksState>
    <ksState>
      <x>164.31909170152542</x>
      <y>-344.5939759473921</y>
      <steeringAngle>-0.533</steeringAngle>
      <velocity>4.0</velocity>
      <orientation>-3.194475181705907</orientation>
      <time>29</time>
    </ksState>
    <ksState>
      <x>163.93399016568844</x>
      <y>-344.4250929804175</y>
      <steeringAngle>-0.533</steeringAngle>
      <velocity>4.0</velocity>
      <orientation>-3.2859794802607265</orientation>
      <time>30</time>
    </ksState>
    <ksState>
      <x>163.5646194968266</x>
      <y>-344.2272777488662</y>
      <steeringAngle>-0.4974666666666666</steeringAngle>
      <velocity>4.0</velocity>
      <orientation>-3.373819347100176</orientation>
      <time>31</time>
    </ksState>
    <ksState>
      <x>163.21045596589633</x>
      <y>-344.0088513689734</y>
      <steeringAngle>-0.4619333333333334</steeringAngle>
      <velocity>4.0</velocity>
      <orientation>-3.454519888887346</orientation>
      <time>32</time>
    </ksState>
    <ksState>
      <x>162.87083611410742</x>
      <y>-343.7729309456137</y>
      <steeringAngle>-0.42640000000000017</steeringAngle>
      <velocity>4.0</velocity>
      <orientation>-3.5283404721371507</orientation>
      <time>33</time>
    </ksState>
    <ksState>
      <x>162.54480117979693</x>
      <y>-343.52230833805805</y>
      <steeringAngle>-0.3908666666666668</steeringAngle>
      <velocity>4.0</velocity>
      <orientation>-3.5955100850000137</orientation>
      <time>34</time>
    </ksState>
    <ksState>
      <x>162.2311630206862</x>
      <y>-343.25947928428275</y>
      <steeringAngle>-0.3553333333333335</steeringAngle>
      <velocity>4.0</velocity>
      <orientation>-3.656230452878299</orientation>
      <time>35</time>
    </ksState>
    <ksState>
      <x>161.92855778415836</x>
      <y>-342.9866757619082</y>
      <steeringAngle>-0.31979999999999986</steeringAngle>
      <velocity>4.0</velocity>
      <orientation>-3.710678652071679</orientation>
      <time>36</time>
    </ksState>
    <ksState>
      <x>161.6354895422275</x>
      <y>-342.70590055186403</y>
      <steeringAngle>-0.28426666666666656</steeringAngle>
      <velocity>4.0</velocity>
      <orientation>-3.759009331552936</orientation>
      <time>37</time>
    </ksState>
    <ksState>
      <x>161.3503655858845</x>
      <y>-342.41896242534034</y>
      <steeringAngle>-0.2487333333333332</steeringAngle>
      <velocity>4.0</velocity>
      <orientation>-3.8013565652758112</orientation>
      <time>38</time>
    </ksState>
    <ksState>
      <x>161.071525169102</x>
      <y>-342.12751156172504</y>
      <steeringAngle>-0.21319999999999986</steeringAngle>
      <velocity>4.0</velocity>
      <orientation>-3.837835406349439</orientation>
      <time>39</time>
    </ksState>
    <ksState>
      <x>160.79726309276538</x>
      <y>-341.8330749059581</y>
      <steeringAngle>-0.1776666666666665</steeringAngle>
      <velocity>4.0</velocity>
      <orientation>-3.8685431889982667</orientation>
      <time>40</time>
    </ksState>
    <ksState>
      <x>160.52584950621585</x>
      <y>-341.5370909499915</y>
      <steeringAngle>-0.1421333333333333</steeringAngle>
      <velocity>4.0</velocity>
      <orientation>-3.89356059534279</orientation>
      <time>41</time>
    </ksState>
    <ksState>
      <x>160.25554711947512</x>
      <y>-341.24094397042705</y>
      <steeringAngle>-0.10659999999999999</steeringAngle>
      <velocity>4.0</velocity>
      <orientation>-3.9129525216335406</orientation>
      <time>42</time>
    </ksState>
    <ksState>
      <x>159.9846269435151</x>
      <y>-340.9459976037219</y>
      <steeringAngle>-0.07106666666666664</steeringAngle>
      <velocity>4.0</velocity>
      <orientation>-3.9267687613684936</orientation>
      <time>43</time>
    </ksState>
    <ksState>
      <x>159.71138361713017</x>
      <y>-340.65362775611425</y>
      <steeringAngle>-0.03553333333333332</steeringAngle>
      <velocity>4.0</velocity>
      <orientation>-3.935044521830759</orientation>
      <time>44</time>
    </ksState>
    <ksState>
      <x>159.43415132675366</x>
      <y>-340.36525479744756</y>
      <steeringAngle>2.2985086056692694e-17</steeringAngle>
      <velocity>4.0</velocity>
      <orientation>-3.9378007851255994</orientation>
      <time>45</time>
    </ksState>
    <ksState>
      <x>159.12290204253793</x>
      <y>-340.05422185301927</y>
      <steeringAngle>0.035533333333333326</steeringAngle>
      <velocity>4.799999999999999</velocity>
      <orientation>-3.9346770064564085</orientation>
      <time>46</time>
    </ksState>
    <ksState>
      <x>158.74532062030224</x>
      <y>-339.6963695162472</y>
      <steeringAngle>0.07106666666666667</steeringAngle>
      <velocity>5.599999999999998</velocity>
      <orientation>-3.9238263953952357</orientation>
      <time>47</time>
    </ksState>
    <ksState>
      <x>158.29497998388126</x>
      <y>-339.29883624538724</y>
      <steeringAngle>0.10659999999999999</steeringAngle>
      <velocity>6.3999999999999995</velocity>
      <orientation>-3.9030094463949077</orientation>
      <time>48</time>
    </ksState>
    <ksState>
      <x>157.7635737734548</x>
      <y>-338.8720733772198</y>
      <steeringAngle>0.14213333333333333</steeringAngle>
      <velocity>7.199999999999999</velocity>
      <orientation>-3.8699498754137425</orientation>
      <time>49</time>
    </ksState>
    <ksState>
      <x>157.14113662708382</x>
      <y>-338.4309826460417</y>
      <steeringAngle>0.17766666666666664</steeringAngle>
      <velocity>7.9999999999999964</velocity>
      <orientation>-3.822322553332196</orientation>
      <time>50</time>
    </ksState>
    <ksState>
      <x>156.46325349718558</x>
      <y>-338.00026871341396</y>
      <steeringAngle>0.14213333333333336</steeringAngle>
      <velocity>8.0</velocity>
      <orientation>-3.7722877417834475</orientation>
      <time>51</time>
    </ksState>
    <ksState>
      <x>155.7760790560699</x>
      <y>-337.58694366335703</y>
      <steeringAngle>0.1066000000000001</steeringAngle>
      <velocity>8.0</velocity>
      <orientation>-3.73350388977645</orientation>
      <time>52</time>
    </ksState>
    <ksState>
      <x>155.08421067507962</x>
      <y>-337.1833585079404</y>
      <steeringAngle>0.07106666666666674</steeringAngle>
      <velocity>8.0</velocity>
      <orientation>-3.705871410746763</orientation>
      <time>53</time>
    </ksState>
    <ksState>
      <x>154.39190416353043</x>
      <y>-336.7817539972657</y>
      <steeringAngle>0.035533333333333354</steeringAngle>
      <velocity>8.0</velocity>
      <orientation>-3.689319890117734</orientation>
      <time>54</time>
    </ksState>
    <ksState>
      <x>153.703344801445</x>
      <y>-336.3743754139066</y>
      <steeringAngle>2.0816681711721685e-17</steeringAngle>
      <velocity>8.0</velocity>
      <orientation>-3.683807363659329</orientation>
      <time>55</time>
    </ksState>
    <ksState>
      <x>153.01809046813892</x>
      <y>-335.9615479697059</y>
      <steeringAngle>0.0</steeringAngle>
      <velocity>8.0</velocity>
      <orientation>-3.683807363659329</orientation>
      <time>56</time>
    </ksState>
    <ksState>
      <x>152.33283613483286</x>
      <y>-335.5487205255053</y>
      <steeringAngle>0.0</steeringAngle>
      <velocity>8.0</velocity>
      <orientation>-3.683807363659329</orientation>
      <time>57</time>
    </ksState>
    <ksState>
      <x>151.64758180152677</x>
      <y>-335.13589308130463</y>
      <steeringAngle>0.0</steeringAngle>
      <velocity>8.0</velocity>
      <orientation>-3.683807363659329</orientation>
      <time>58</time>
    </ksState>
    <ksState>
      <x>150.9623274682207</x>
      <y>-334.72306563710396</y>
      <steeringAngle>0.0</steeringAngle>
      <velocity>8.0</velocity>
      <orientation>-3.683807363659329</orientation>
      <time>59</time>
    </ksState>
    <ksState>
      <x>150.27707313491462</x>
      <y>-334.31023819290334</y>
      <steeringAngle>0.0</steeringAngle>
      <velocity>8.0</velocity>
      <orientation>-3.683807363659329</orientation>
      <time>60</time>
    </ksState>
    <ksState>
      <x>149.59181880160853</x>
      <y>-333.89741074870267</y>
      <steeringAngle>0.0</steeringAngle>
      <velocity>8.0</velocity>
      <orientation>-3.683807363659329</orientation>
      <time>61</time>
    </ksState>
    <ksState>
      <x>148.90656446830246</x>
      <y>-333.48458330450205</y>
      <steeringAngle>0.0</steeringAngle>
      <velocity>8.0</velocity>
      <orientation>-3.683807363659329</orientation>
      <time>62</time>
    </ksState>
    <ksState>
      <x>148.22131013499637</x>
      <y>-333.0717558603014</y>
      <steeringAngle>0.0</steeringAngle>
      <velocity>8.0</velocity>
      <orientation>-3.683807363659329</orientation>
      <time>63</time>
    </ksState>
    <ksState>
      <x>147.5360558016903</x>
      <y>-332.6589284161007</y>
      <steeringAngle>0.0</steeringAngle>
      <velocity>8.0</velocity>
      <orientation>-3.683807363659329</orientation>
      <time>64</time>
    </ksState>
    <ksState>
      <x>146.85080146838422</x>
      <y>-332.2461009719001</y>
      <steeringAngle>0.0</steeringAngle>
      <velocity>8.0</velocity>
      <orientation>-3.683807363659329</orientation>
      <time>65</time>
    </ksState>
    <ksState>
      <x>146.16554713507813</x>
      <y>-331.8332735276994</y>
      <steeringAngle>0.0</steeringAngle>
      <velocity>8.0</velocity>
      <orientation>-3.683807363659329</orientation>
      <time>66</time>
    </ksState>
    <ksState>
      <x>145.48029280177207</x>
      <y>-331.4204460834988</y>
      <steeringAngle>0.0</steeringAngle>
      <velocity>8.0</velocity>
      <orientation>-3.683807363659329</orientation>
      <time>67</time>
    </ksState>
    <ksState>
      <x>144.79503846846598</x>
      <y>-331.00761863929813</y>
      <steeringAngle>0.0</steeringAngle>
      <velocity>8.0</velocity>
      <orientation>-3.683807363659329</orientation>
      <time>68</time>
    </ksState>
    <ksState>
      <x>144.1097841351599</x>
      <y>-330.59479119509746</y>
      <steeringAngle>0.0</steeringAngle>
      <velocity>8.0</velocity>
      <orientation>-3.683807363659329</orientation>
      <time>69</time>
    </ksState>
    <ksState>
      <x>143.42452980185382</x>
      <y>-330.18196375089684</y>
      <steeringAngle>0.0</steeringAngle>
      <velocity>8.0</velocity>
      <orientation>-3.683807363659329</orientation>
      <time>70</time>
    </ksState>
    <ksState>
      <x>142.73927546854773</x>
      <y>-329.76913630669617</y>
      <steeringAngle>0.0</steeringAngle>
      <velocity>8.0</velocity>
      <orientation>-3.683807363659329</orientation>
      <time>71</time>
    </ksState>
    <ksState>
      <x>142.05402113524167</x>
      <y>-329.35630886249555</y>
      <steeringAngle>0.0</steeringAngle>
      <velocity>8.0</velocity>
      <orientation>-3.683807363659329</orientation>
      <time>72</time>
    </ksState>
    <ksState>
      <x>141.36876680193558</x>
      <y>-328.9434814182949</y>
      <steeringAngle>0.0</steeringAngle>
      <velocity>8.0</velocity>
      <orientation>-3.683807363659329</orientation>
      <time>73</time>
    </ksState>
    <ksState>
      <x>140.68351246862952</x>
      <y>-328.5306539740942</y>
      <steeringAngle>0.0</steeringAngle>
      <velocity>8.0</velocity>
      <orientation>-3.683807363659329</orientation>
      <time>74</time>
    </ksState>
    <ksState>
      <x>139.99825813532343</x>
      <y>-328.1178265298936</y>
      <steeringAngle>0.0</steeringAngle>
      <velocity>8.0</velocity>
      <orientation>-3.683807363659329</orientation>
      <time>75</time>
    </ksState>
    <ksState>
      <x>139.31300380201733</x>
      <y>-327.7049990856929</y>
      <steeringAngle>0.0</steeringAngle>
      <velocity>8.0</velocity>
      <orientation>-3.683807363659329</orientation>
      <time>76</time>
    </ksState>
    <ksState>
      <x>138.62774946871127</x>
      <y>-327.2921716414923</y>
      <steeringAngle>0.0</steeringAngle>
      <velocity>8.0</velocity>
      <orientation>-3.683807363659329</orientation>
      <time>77</time>
    </ksState>
    <ksState>
      <x>137.94249513540518</x>
      <y>-326.87934419729163</y>
      <steeringAngle>0.0</steeringAngle>
      <velocity>8.0</velocity>
      <orientation>-3.683807363659329</orientation>
      <time>78</time>
    </ksState>
    <ksState>
      <x>137.25724080209912</x>
      <y>-326.46651675309096</y>
      <steeringAngle>0.0</steeringAngle>
      <velocity>8.0</velocity>
      <orientation>-3.683807363659329</orientation>
      <time>79</time>
    </ksState>
    <ksState>
      <x>136.57198646879303</x>
      <y>-326.05368930889034</y>
      <steeringAngle>0.0</steeringAngle>
      <velocity>8.0</velocity>
      <orientation>-3.683807363659329</orientation>
      <time>80</time>
    </ksState>
    <ksState>
      <x>135.88673213548694</x>
      <y>-325.64086186468967</y>
      <steeringAngle>0.0</steeringAngle>
      <velocity>8.0</velocity>
      <orientation>-3.683807363659329</orientation>
      <time>81</time>
    </ksState>
    <ksState>
      <x>135.20147780218088</x>
      <y>-325.22803442048905</y>
      <steeringAngle>0.0</steeringAngle>
      <velocity>8.0</velocity>
      <orientation>-3.683807363659329</orientation>
      <time>82</time>
    </ksState>
    <ksState>
      <x>134.51622346887478</x>
      <y>-324.8152069762884</y>
      <steeringAngle>0.0</steeringAngle>
      <velocity>8.0</velocity>
      <orientation>-3.683807363659329</orientation>
      <time>83</time>
    </ksState>
    <ksState>
      <x>133.83096913556872</x>
      <y>-324.4023795320877</y>
      <steeringAngle>0.0</steeringAngle>
      <velocity>8.0</velocity>
      <orientation>-3.683807363659329</orientation>
      <time>84</time>
    </ksState>
    <ksState>
      <x>133.14571480226263</x>
      <y>-323.9895520878871</y>
      <steeringAngle>0.0</steeringAngle>
      <velocity>8.0</velocity>
      <orientation>-3.683807363659329</orientation>
      <time>85</time>
    </ksState>
    <ksState>
      <x>132.46046046895654</x>
      <y>-323.5767246436864</y>
      <steeringAngle>0.0</steeringAngle>
      <velocity>8.0</velocity>
      <orientation>-3.683807363659329</orientation>
      <time>86</time>
    </ksState>
    <ksState>
      <x>131.77520613565048</x>
      <y>-323.1638971994858</y>
      <steeringAngle>0.0</steeringAngle>
      <velocity>8.0</velocity>
      <orientation>-3.683807363659329</orientation>
      <time>87</time>
    </ksState>
    <ksState>
      <x>131.0899518023444</x>
      <y>-322.75106975528513</y>
      <steeringAngle>0.0</steeringAngle>
      <velocity>8.0</velocity>
      <orientation>-3.683807363659329</orientation>
      <time>88</time>
    </ksState>
    <ksState>
      <x>130.40469746903833</x>
      <y>-322.33824231108446</y>
      <steeringAngle>0.0</steeringAngle>
      <velocity>8.0</velocity>
      <orientation>-3.683807363659329</orientation>
      <time>89</time>
    </ksState>
    <ksState>
      <x>129.71944313573223</x>
      <y>-321.92541486688384</y>
      <steeringAngle>0.0</steeringAngle>
      <velocity>8.0</velocity>
      <orientation>-3.683807363659329</orientation>
      <time>90</time>
    </ksState>
    <ksState>
      <x>129.03418880242614</x>
      <y>-321.51258742268317</y>
      <steeringAngle>0.0</steeringAngle>
      <velocity>8.0</velocity>
      <orientation>-3.683807363659329</orientation>
      <time>91</time>
    </ksState>
    <ksState>
      <x>128.34893446912008</x>
      <y>-321.09975997848255</y>
      <steeringAngle>0.0</steeringAngle>
      <velocity>8.0</velocity>
      <orientation>-3.683807363659329</orientation>
      <time>92</time>
    </ksState>
    <ksState>
      <x>127.66368013581398</x>
      <y>-320.6869325342819</y>
      <steeringAngle>0.0</steeringAngle>
      <velocity>8.0</velocity>
      <orientation>-3.683807363659329</orientation>
      <time>93</time>
    </ksState>
    <ksState>
      <x>126.97842580250791</x>
      <y>-320.2741050900812</y>
      <steeringAngle>0.0</steeringAngle>
      <velocity>8.0</velocity>
      <orientation>-3.683807363659329</orientation>
      <time>94</time>
    </ksState>
    <ksState>
      <x>126.29317146920182</x>
      <y>-319.8612776458806</y>
      <steeringAngle>0.0</steeringAngle>
      <velocity>8.0</velocity>
      <orientation>-3.683807363659329</orientation>
      <time>95</time>
    </ksState>
    <ksState>
      <x>125.64664170939741</x>
      <y>-319.4617256615488</y>
      <steeringAngle>-0.03553333333333333</steeringAngle>
      <velocity>7.199999999999999</velocity>
      <orientation>-3.6889523766418213</orientation>
      <time>96</time>
    </ksState>
    <ksState>
      <x>125.07866782706076</x>
      <y>-319.08732968962073</y>
      <steeringAngle>-0.07106666666666664</steeringAngle>
      <velocity>6.400000000000001</velocity>
      <orientation>-3.7029290487627846</orientation>
      <time>97</time>
    </ksState>
    <ksState>
      <x>124.58972721332724</x>
      <y>-318.7383863759894</y>
      <steeringAngle>-0.10659999999999997</steeringAngle>
      <velocity>5.600000000000004</velocity>
      <orientation>-3.723560816628666</orientation>
      <time>98</time>
    </ksState>
    <ksState>
      <x>124.17880121505274</x>
      <y>-318.4177933261859</y>
      <steeringAngle>-0.1421333333333333</steeringAngle>
      <velocity>4.800000000000003</velocity>
      <orientation>-3.748677024137314</orientation>
      <time>99</time>
    </ksState>
  </ksTrajectory>
</CommonRoadSolution>
