<?xml version="1.0" ?>
<CommonRoadSolution benchmark_id="KS2:SM1:ESP_Toledo-10_1_T-1:2020a" computation_time="1.4473918390003746" date="2022-12-18T12:01:12">
  <ksTrajectory planningProblem="1">
    <ksState>
      <x>-972.58945</x>
      <y>-662.49934</y>
      <steeringAngle>0.0</steeringAngle>
      <velocity>4.0</velocity>
      <orientation>0.41634987</orientation>
      <time>0</time>
    </ksState>
    <ksState>
      <x>-972.2218922140241</x>
      <y>-662.341494864463</y>
      <steeringAngle>-0.035533333333333326</steeringAngle>
      <velocity>4.0</velocity>
      <orientation>0.4135935954673996</orientation>
      <time>1</time>
    </ksState>
    <ksState>
      <x>-971.8503442369904</x>
      <y>-662.1928830634245</y>
      <steeringAngle>-0.07106666666666711</steeringAngle>
      <velocity>4.0</velocity>
      <orientation>0.4053178349241142</orientation>
      <time>2</time>
    </ksState>
    <ksState>
      <x>-971.4741216304246</x>
      <y>-662.0556493489283</y>
      <steeringAngle>-0.10660000000000043</steeringAngle>
      <velocity>4.0</velocity>
      <orientation>0.39150159510497734</orientation>
      <time>3</time>
    </ksState>
    <ksState>
      <x>-971.0927201727942</x>
      <y>-661.9320421014606</y>
      <steeringAngle>-0.14213333333333378</steeringAngle>
      <velocity>4.0</velocity>
      <orientation>0.3721096687194315</orientation>
      <time>4</time>
    </ksState>
    <ksState>
      <x>-970.7058566215482</x>
      <y>-661.8244242814066</y>
      <steeringAngle>-0.1776666666666672</steeringAngle>
      <velocity>4.0</velocity>
      <orientation>0.3470922622680342</orientation>
      <time>5</time>
    </ksState>
    <ksState>
      <x>-970.3162983005499</x>
      <y>-661.7268735167025</y>
      <steeringAngle>-0.1421333333333333</steeringAngle>
      <velocity>4.0</velocity>
      <orientation>0.32207485592351087</orientation>
      <time>6</time>
    </ksState>
    <ksState>
      <x>-969.9271262288081</x>
      <y>-661.6303773387519</y>
      <steeringAngle>-0.10659999999999999</steeringAngle>
      <velocity>4.0</velocity>
      <orientation>0.30268292963276033</orientation>
      <time>7</time>
    </ksState>
    <ksState>
      <x>-969.5387152348412</x>
      <y>-661.5327658602239</y>
      <steeringAngle>-0.07106666666666664</steeringAngle>
      <velocity>4.0</velocity>
      <orientation>0.2888666898978074</orientation>
      <time>8</time>
    </ksState>
    <ksState>
      <x>-969.1514621943592</x>
      <y>-661.4318841183604</y>
      <steeringAngle>-0.03553333333333332</steeringAngle>
      <velocity>4.0</velocity>
      <orientation>0.28059092943554204</orientation>
      <time>9</time>
    </ksState>
    <ksState>
      <x>-968.765821919931</x>
      <y>-661.3255907278951</y>
      <steeringAngle>2.2985086056692694e-17</steeringAngle>
      <velocity>4.0</velocity>
      <orientation>0.2778346661407017</orientation>
      <time>10</time>
    </ksState>
    <ksState>
      <x>-968.4206407707582</x>
      <y>-661.2233143915479</y>
      <steeringAngle>0.03553333333333333</steeringAngle>
      <velocity>3.2</velocity>
      <orientation>0.28022341452049426</orientation>
      <time>11</time>
    </ksState>
    <ksState>
      <x>-968.1540250516135</x>
      <y>-661.1374064663679</y>
      <steeringAngle>0.07106666666666668</steeringAngle>
      <velocity>2.4</velocity>
      <orientation>0.2859243295262909</orientation>
      <time>12</time>
    </ksState>
    <ksState>
      <x>-967.9650919443194</x>
      <y>-661.0710946345313</y>
      <steeringAngle>0.10660000000000003</steeringAngle>
      <velocity>1.5999999999999994</velocity>
      <orientation>0.29273986327102236</orientation>
      <time>13</time>
    </ksState>
    <ksState>
      <x>-967.852664569403</x>
      <y>-661.0283616944782</y>
      <steeringAngle>0.14213333333333342</steeringAngle>
      <velocity>0.7999999999999988</velocity>
      <orientation>0.29846412475750206</orientation>
      <time>14</time>
    </ksState>
    <ksState>
      <x>-967.8154578794432</x>
      <y>-661.0132824696495</y>
      <steeringAngle>0.17766666666666675</steeringAngle>
      <velocity>-1.5265566588595902e-15</velocity>
      <orientation>0.30087161923205785</orientation>
      <time>15</time>
    </ksState>
    <ksState>
      <x>-967.7782884912592</x>
      <y>-660.9981108492738</y>
      <steeringAngle>0.14213333333333333</steeringAngle>
      <velocity>0.8</velocity>
      <orientation>0.3032791164428603</orientation>
      <time>16</time>
    </ksState>
    <ksState>
      <x>-967.6663276176497</x>
      <y>-660.9541641051991</y>
      <steeringAngle>0.10660000000000001</steeringAngle>
      <velocity>1.6</velocity>
      <orientation>0.309003403063195</orientation>
      <time>17</time>
    </ksState>
    <ksState>
      <x>-967.4790033169518</x>
      <y>-660.8834225643257</y>
      <steeringAngle>0.07106666666666664</steeringAngle>
      <velocity>2.4000000000000004</velocity>
      <orientation>0.3158189168261737</orientation>
      <time>18</time>
    </ksState>
    <ksState>
      <x>-967.2156701071683</x>
      <y>-660.787909990061</y>
      <steeringAngle>0.03553333333333332</steeringAngle>
      <velocity>3.1999999999999993</velocity>
      <orientation>0.32151983753910346</orientation>
      <time>19</time>
    </ksState>
    <ksState>
      <x>-966.8753789985186</x>
      <y>-660.6703750750706</y>
      <steeringAngle>-2.6020852139652106e-18</steeringAngle>
      <velocity>3.999999999999999</velocity>
      <orientation>0.3239085891274303</orientation>
      <time>20</time>
    </ksState>
    <ksState>
      <x>-966.4975500053846</x>
      <y>-660.5390013151659</y>
      <steeringAngle>0.035533333333333326</steeringAngle>
      <velocity>4.0</velocity>
      <orientation>0.3266648636600307</orientation>
      <time>21</time>
    </ksState>
    <ksState>
      <x>-966.1230027650423</x>
      <y>-660.398119338328</y>
      <steeringAngle>0.07106666666666711</steeringAngle>
      <velocity>4.0</velocity>
      <orientation>0.33494062420331616</orientation>
      <time>22</time>
    </ksState>
    <ksState>
      <x>-965.7526785501806</x>
      <y>-660.2456840472287</y>
      <steeringAngle>0.10660000000000043</steeringAngle>
      <velocity>4.0</velocity>
      <orientation>0.348756864022453</orientation>
      <time>23</time>
    </ksState>
    <ksState>
      <x>-965.3877215818034</x>
      <y>-660.0796953887545</y>
      <steeringAngle>0.14213333333333378</steeringAngle>
      <velocity>4.0</velocity>
      <orientation>0.3681487904079988</orientation>
      <time>24</time>
    </ksState>
    <ksState>
      <x>-965.0295165101357</x>
      <y>-659.8982177617379</y>
      <steeringAngle>0.1776666666666672</steeringAngle>
      <velocity>4.0</velocity>
      <orientation>0.39316619685939613</orientation>
      <time>25</time>
    </ksState>
    <ksState>
      <x>-964.6761119203723</x>
      <y>-659.7074901206174</y>
      <steeringAngle>0.1421333333333333</steeringAngle>
      <velocity>4.0</velocity>
      <orientation>0.41818360320391945</orientation>
      <time>26</time>
    </ksState>
    <ksState>
      <x>-964.3237037925754</x>
      <y>-659.5162444010688</y>
      <steeringAngle>0.10659999999999999</steeringAngle>
      <velocity>4.0</velocity>
      <orientation>0.43757552949467005</orientation>
      <time>27</time>
    </ksState>
    <ksState>
      <x>-963.9711053175873</x>
      <y>-659.3263354323212</y>
      <steeringAngle>0.07106666666666664</steeringAngle>
      <velocity>4.0</velocity>
      <orientation>0.45139176922962293</orientation>
      <time>28</time>
    </ksState>
    <ksState>
      <x>-963.6171560298715</x>
      <y>-659.1396218952395</y>
      <steeringAngle>0.03553333333333332</steeringAngle>
      <velocity>4.0</velocity>
      <orientation>0.4596675296918883</orientation>
      <time>29</time>
    </ksState>
    <ksState>
      <x>-963.2607473960724</x>
      <y>-658.9579915236851</y>
      <steeringAngle>-2.2985086056692694e-17</steeringAngle>
      <velocity>4.0</velocity>
      <orientation>0.46242379298672864</orientation>
      <time>30</time>
    </ksState>
    <ksState>
      <x>-962.8647753070297</x>
      <y>-658.7660964634471</y>
      <steeringAngle>-0.035533333333333326</steeringAngle>
      <velocity>4.799999999999999</velocity>
      <orientation>0.4593000143175378</orientation>
      <time>31</time>
    </ksState>
    <ksState>
      <x>-962.3907929893422</x>
      <y>-658.5516977977088</y>
      <steeringAngle>-0.07106666666666667</steeringAngle>
      <velocity>5.599999999999998</velocity>
      <orientation>0.44844940325636506</orientation>
      <time>32</time>
    </ksState>
    <ksState>
      <x>-961.8350667895005</x>
      <y>-658.3236456522199</y>
      <steeringAngle>-0.10659999999999999</steeringAngle>
      <velocity>6.3999999999999995</velocity>
      <orientation>0.4276324542560371</orientation>
      <time>33</time>
    </ksState>
  </ksTrajectory>
</CommonRoadSolution>
