<?xml version="1.0" ?>
<CommonRoadSolution benchmark_id="KS2:SM1:DEU_Hennigsdorf-3_5_T-1:2020a" computation_time="0.8309240630001113" date="2022-12-18T12:01:12">
  <ksTrajectory planningProblem="1">
    <ksState>
      <x>-76.732008</x>
      <y>440.71943</y>
      <steeringAngle>0.0</steeringAngle>
      <velocity>4.0</velocity>
      <orientation>-0.45383362</orientation>
      <time>0</time>
    </ksState>
    <ksState>
      <x>-76.37062364111686</x>
      <y>440.5479215220789</y>
      <steeringAngle>0.035533333333333326</steeringAngle>
      <velocity>4.0</velocity>
      <orientation>-0.4510773454673996</orientation>
      <time>1</time>
    </ksState>
    <ksState>
      <x>-76.00490587505904</x>
      <y>440.3854903605505</y>
      <steeringAngle>0.07106666666666711</steeringAngle>
      <velocity>4.0</velocity>
      <orientation>-0.44280158492411414</orientation>
      <time>2</time>
    </ksState>
    <ksState>
      <x>-75.63409036959995</x>
      <y>440.2342541116001</y>
      <steeringAngle>0.10660000000000043</steeringAngle>
      <velocity>4.0</velocity>
      <orientation>-0.4289853451049773</orientation>
      <time>3</time>
    </ksState>
    <ksState>
      <x>-75.25758899939103</x>
      <y>440.09644068068724</y>
      <steeringAngle>0.14213333333333378</steeringAngle>
      <velocity>4.0</velocity>
      <orientation>-0.4095934187194315</orientation>
      <time>4</time>
    </ksState>
    <ksState>
      <x>-74.87503016896372</x>
      <y>439.9744007538678</y>
      <steeringAngle>0.1776666666666672</steeringAngle>
      <velocity>4.0</velocity>
      <orientation>-0.3845760122680342</orientation>
      <time>5</time>
    </ksState>
    <ksState>
      <x>-74.52536533249842</x>
      <y>439.8803289358537</y>
      <steeringAngle>0.21319999999999997</steeringAngle>
      <velocity>3.2</velocity>
      <orientation>-0.35703446670459954</orientation>
      <time>6</time>
    </ksState>
    <ksState>
      <x>-74.24962227440423</x>
      <y>439.81979410806235</y>
      <steeringAngle>0.24873333333333342</steeringAngle>
      <velocity>2.4000000000000004</velocity>
      <orientation>-0.33159623631795004</orientation>
      <time>7</time>
    </ksState>
    <ksState>
      <x>-74.05039907415944</x>
      <y>439.78508552586885</y>
      <steeringAngle>0.2842666666666668</steeringAngle>
      <velocity>1.600000000000001</velocity>
      <orientation>-0.31052133652737035</orientation>
      <time>8</time>
    </ksState>
    <ksState>
      <x>-73.92976479126406</x>
      <y>439.76877543168973</y>
      <steeringAngle>0.3197999999999999</steeringAngle>
      <velocity>0.8000000000000007</velocity>
      <orientation>-0.2961229092266659</orientation>
      <time>9</time>
    </ksState>
    <ksState>
      <x>-73.88927700864295</x>
      <y>439.76447830702466</y>
      <steeringAngle>0.3553333333333332</steeringAngle>
      <velocity>5.551115123125783e-16</velocity>
      <orientation>-0.2907812675909366</orientation>
      <time>10</time>
    </ksState>
    <ksState>
      <x>-73.88927700864295</x>
      <y>439.76447830702466</y>
      <steeringAngle>0.3198</steeringAngle>
      <velocity>0.0</velocity>
      <orientation>-0.2907812675909366</orientation>
      <time>11</time>
    </ksState>
    <ksState>
      <x>-73.88927700864295</x>
      <y>439.76447830702466</y>
      <steeringAngle>0.2842666666666666</steeringAngle>
      <velocity>0.0</velocity>
      <orientation>-0.2907812675909366</orientation>
      <time>12</time>
    </ksState>
    <ksState>
      <x>-73.88927700864295</x>
      <y>439.76447830702466</y>
      <steeringAngle>0.24873333333333333</steeringAngle>
      <velocity>0.0</velocity>
      <orientation>-0.2907812675909366</orientation>
      <time>13</time>
    </ksState>
    <ksState>
      <x>-73.88927700864295</x>
      <y>439.76447830702466</y>
      <steeringAngle>0.21320000000000003</steeringAngle>
      <velocity>0.0</velocity>
      <orientation>-0.2907812675909366</orientation>
      <time>14</time>
    </ksState>
    <ksState>
      <x>-73.88927700864295</x>
      <y>439.76447830702466</y>
      <steeringAngle>0.1776666666666667</steeringAngle>
      <velocity>0.0</velocity>
      <orientation>-0.2907812675909366</orientation>
      <time>15</time>
    </ksState>
    <ksState>
      <x>-73.88927700864295</x>
      <y>439.76447830702466</y>
      <steeringAngle>0.14213333333333336</steeringAngle>
      <velocity>0.0</velocity>
      <orientation>-0.2907812675909366</orientation>
      <time>16</time>
    </ksState>
    <ksState>
      <x>-73.88927700864295</x>
      <y>439.76447830702466</y>
      <steeringAngle>0.10660000000000001</steeringAngle>
      <velocity>0.0</velocity>
      <orientation>-0.2907812675909366</orientation>
      <time>17</time>
    </ksState>
    <ksState>
      <x>-73.88927700864295</x>
      <y>439.76447830702466</y>
      <steeringAngle>0.07106666666666668</steeringAngle>
      <velocity>0.0</velocity>
      <orientation>-0.2907812675909366</orientation>
      <time>18</time>
    </ksState>
    <ksState>
      <x>-73.88927700864295</x>
      <y>439.76447830702466</y>
      <steeringAngle>0.03553333333333333</steeringAngle>
      <velocity>0.0</velocity>
      <orientation>-0.2907812675909366</orientation>
      <time>19</time>
    </ksState>
    <ksState>
      <x>-73.88927700864295</x>
      <y>439.76447830702466</y>
      <steeringAngle>0.0</steeringAngle>
      <velocity>0.0</velocity>
      <orientation>-0.2907812675909366</orientation>
      <time>20</time>
    </ksState>
    <ksState>
      <x>-73.88927700864295</x>
      <y>439.76447830702466</y>
      <steeringAngle>0.0</steeringAngle>
      <velocity>0.0</velocity>
      <orientation>-0.2907812675909366</orientation>
      <time>21</time>
    </ksState>
    <ksState>
      <x>-73.88927700864295</x>
      <y>439.76447830702466</y>
      <steeringAngle>0.0</steeringAngle>
      <velocity>0.0</velocity>
      <orientation>-0.2907812675909366</orientation>
      <time>22</time>
    </ksState>
    <ksState>
      <x>-73.88927700864295</x>
      <y>439.76447830702466</y>
      <steeringAngle>0.0</steeringAngle>
      <velocity>0.0</velocity>
      <orientation>-0.2907812675909366</orientation>
      <time>23</time>
    </ksState>
    <ksState>
      <x>-73.88927700864295</x>
      <y>439.76447830702466</y>
      <steeringAngle>0.0</steeringAngle>
      <velocity>0.0</velocity>
      <orientation>-0.2907812675909366</orientation>
      <time>24</time>
    </ksState>
    <ksState>
      <x>-73.88927700864295</x>
      <y>439.76447830702466</y>
      <steeringAngle>0.0</steeringAngle>
      <velocity>0.0</velocity>
      <orientation>-0.2907812675909366</orientation>
      <time>25</time>
    </ksState>
    <ksState>
      <x>-73.85080469122559</x>
      <y>439.7535168874477</y>
      <steeringAngle>0.03553333333333333</steeringAngle>
      <velocity>0.8</velocity>
      <orientation>-0.29041373581269464</orientation>
      <time>26</time>
    </ksState>
    <ksState>
      <x>-73.73474568849521</x>
      <y>439.72279880118475</y>
      <steeringAngle>0.0710666666666667</steeringAngle>
      <velocity>1.6</velocity>
      <orientation>-0.287838889220709</orientation>
      <time>27</time>
    </ksState>
    <ksState>
      <x>-73.53999548127997</x>
      <y>439.67621040008424</y>
      <steeringAngle>0.10660000000000003</steeringAngle>
      <velocity>2.4000000000000004</velocity>
      <orientation>-0.28083818498387175</orientation>
      <time>28</time>
    </ksState>
    <ksState>
      <x>-73.26520601615094</x>
      <y>439.6190781651797</y>
      <steeringAngle>0.14213333333333342</steeringAngle>
      <velocity>3.2000000000000015</velocity>
      <orientation>-0.2671705440430516</orientation>
      <time>29</time>
    </ksState>
    <ksState>
      <x>-72.90883110825347</x>
      <y>439.55894252971405</y>
      <steeringAngle>0.17766666666666683</steeringAngle>
      <velocity>4.0000000000000036</velocity>
      <orientation>-0.24456062816983146</orientation>
      <time>30</time>
    </ksState>
    <ksState>
      <x>-72.50942521247865</x>
      <y>439.5104223969276</y>
      <steeringAngle>0.21319999999999995</steeringAngle>
      <velocity>4.0</velocity>
      <orientation>-0.2138528455323313</orientation>
      <time>31</time>
    </ksState>
    <ksState>
      <x>-72.10702628169703</x>
      <y>439.48339569401406</y>
      <steeringAngle>0.24873333333333336</steeringAngle>
      <velocity>4.0</velocity>
      <orientation>-0.17737400440963702</orientation>
      <time>32</time>
    </ksState>
    <ksState>
      <x>-71.70258451232866</x>
      <y>439.48048916373347</y>
      <steeringAngle>0.2842666666666667</steeringAngle>
      <velocity>4.0</velocity>
      <orientation>-0.135026770564189</orientation>
      <time>33</time>
    </ksState>
  </ksTrajectory>
</CommonRoadSolution>
