<?xml version="1.0" ?>
<CommonRoadSolution benchmark_id="KS2:SM1:ESP_Requena-6_2_T-1:2020a" computation_time="1.6215653919998658" date="2022-12-18T12:01:12">
  <ksTrajectory planningProblem="1">
    <ksState>
      <x>229.9301</x>
      <y>-657.23014</y>
      <steeringAngle>0.0</steeringAngle>
      <velocity>8.0</velocity>
      <orientation>-2.7931633</orientation>
      <time>0</time>
    </ksState>
    <ksState>
      <x>229.18137408537228</x>
      <y>-657.5120223867075</y>
      <steeringAngle>0.03553333333333333</steeringAngle>
      <velocity>8.0</velocity>
      <orientation>-2.787650764997161</orientation>
      <time>1</time>
    </ksState>
    <ksState>
      <x>228.4413753783109</x>
      <y>-657.8168288623391</y>
      <steeringAngle>0.07106666666666667</steeringAngle>
      <velocity>8.0</velocity>
      <orientation>-2.7710992441168916</orientation>
      <time>2</time>
    </ksState>
    <ksState>
      <x>227.71421447470001</x>
      <y>-658.1525123187123</y>
      <steeringAngle>0.10659999999999997</steeringAngle>
      <velocity>8.0</velocity>
      <orientation>-2.7434667648261963</orientation>
      <time>3</time>
    </ksState>
    <ksState>
      <x>227.00505249886638</x>
      <y>-658.5266391501284</y>
      <steeringAngle>0.1421333333333333</steeringAngle>
      <velocity>8.0</velocity>
      <orientation>-2.7046829125534617</orientation>
      <time>4</time>
    </ksState>
    <ksState>
      <x>226.320357509709</x>
      <y>-658.9461842950868</y>
      <steeringAngle>0.17766666666666667</steeringAngle>
      <velocity>8.0</velocity>
      <orientation>-2.654648100304307</orientation>
      <time>5</time>
    </ksState>
    <ksState>
      <x>225.65824121966236</x>
      <y>-659.4007632739399</y>
      <steeringAngle>0.14213333333333336</steeringAngle>
      <velocity>8.0</velocity>
      <orientation>-2.6046132887555586</orientation>
      <time>6</time>
    </ksState>
    <ksState>
      <x>225.00847502723443</x>
      <y>-659.870710297236</y>
      <steeringAngle>0.1066000000000001</steeringAngle>
      <velocity>8.0</velocity>
      <orientation>-2.5658294367485612</orientation>
      <time>7</time>
    </ksState>
    <ksState>
      <x>224.36582659273338</x>
      <y>-660.3487958794493</y>
      <steeringAngle>0.07106666666666674</steeringAngle>
      <velocity>8.0</velocity>
      <orientation>-2.538196957718874</orientation>
      <time>8</time>
    </ksState>
    <ksState>
      <x>223.72482816100285</x>
      <y>-660.8280614628649</y>
      <steeringAngle>0.035533333333333354</steeringAngle>
      <velocity>8.0</velocity>
      <orientation>-2.521645437089845</orientation>
      <time>9</time>
    </ksState>
    <ksState>
      <x>223.07998847797055</x>
      <y>-661.301615143541</y>
      <steeringAngle>2.0816681711721685e-17</steeringAngle>
      <velocity>8.0</velocity>
      <orientation>-2.5161329106314403</orientation>
      <time>10</time>
    </ksState>
    <ksState>
      <x>222.46891988166908</x>
      <y>-661.7535417848339</y>
      <steeringAngle>0.03553333333333333</steeringAngle>
      <velocity>7.199999999999999</velocity>
      <orientation>-2.510987897648948</orientation>
      <time>11</time>
    </ksState>
    <ksState>
      <x>221.9340434389444</x>
      <y>-662.1738676891401</y>
      <steeringAngle>0.07106666666666664</steeringAngle>
      <velocity>6.400000000000001</velocity>
      <orientation>-2.497011225527985</orientation>
      <time>12</time>
    </ksState>
    <ksState>
      <x>221.47581022200356</x>
      <y>-662.5622575432533</y>
      <steeringAngle>0.10659999999999997</steeringAngle>
      <velocity>5.600000000000004</velocity>
      <orientation>-2.4763794576621034</orientation>
      <time>13</time>
    </ksState>
    <ksState>
      <x>221.09296417238724</x>
      <y>-662.915908475577</y>
      <steeringAngle>0.1421333333333333</steeringAngle>
      <velocity>4.800000000000003</velocity>
      <orientation>-2.4512632501534553</orientation>
      <time>14</time>
    </ksState>
    <ksState>
      <x>220.78270083671612</x>
      <y>-663.2302793842173</y>
      <steeringAngle>0.17766666666666653</steeringAngle>
      <velocity>4.000000000000006</velocity>
      <orientation>-2.4238383535683052</orientation>
      <time>15</time>
    </ksState>
    <ksState>
      <x>220.54088412931577</x>
      <y>-663.4997968879658</y>
      <steeringAngle>0.21319999999999997</steeringAngle>
      <velocity>3.2</velocity>
      <orientation>-2.3962968080048705</orientation>
      <time>16</time>
    </ksState>
    <ksState>
      <x>220.36236822347897</x>
      <y>-663.7184993589765</y>
      <steeringAngle>0.24873333333333342</steeringAngle>
      <velocity>2.4000000000000004</velocity>
      <orientation>-2.370858577618221</orientation>
      <time>17</time>
    </ksState>
    <ksState>
      <x>220.24144619500456</x>
      <y>-663.8805870889972</y>
      <steeringAngle>0.2842666666666668</steeringAngle>
      <velocity>1.600000000000001</velocity>
      <orientation>-2.3497836778276415</orientation>
      <time>18</time>
    </ksState>
    <ksState>
      <x>220.17242475616786</x>
      <y>-663.9808601679504</y>
      <steeringAngle>0.3197999999999999</steeringAngle>
      <velocity>0.8000000000000007</velocity>
      <orientation>-2.335385250526937</orientation>
      <time>19</time>
    </ksState>
    <ksState>
      <x>220.15030962859984</x>
      <y>-664.01504564666</y>
      <steeringAngle>0.3553333333333332</steeringAngle>
      <velocity>5.551115123125783e-16</velocity>
      <orientation>-2.3300436088912075</orientation>
      <time>20</time>
    </ksState>
    <ksState>
      <x>220.15030962859984</x>
      <y>-664.01504564666</y>
      <steeringAngle>0.3198</steeringAngle>
      <velocity>0.0</velocity>
      <orientation>-2.3300436088912075</orientation>
      <time>21</time>
    </ksState>
    <ksState>
      <x>220.15030962859984</x>
      <y>-664.01504564666</y>
      <steeringAngle>0.2842666666666666</steeringAngle>
      <velocity>0.0</velocity>
      <orientation>-2.3300436088912075</orientation>
      <time>22</time>
    </ksState>
    <ksState>
      <x>220.15030962859984</x>
      <y>-664.01504564666</y>
      <steeringAngle>0.24873333333333333</steeringAngle>
      <velocity>0.0</velocity>
      <orientation>-2.3300436088912075</orientation>
      <time>23</time>
    </ksState>
    <ksState>
      <x>220.15030962859984</x>
      <y>-664.01504564666</y>
      <steeringAngle>0.21320000000000003</steeringAngle>
      <velocity>0.0</velocity>
      <orientation>-2.3300436088912075</orientation>
      <time>24</time>
    </ksState>
    <ksState>
      <x>220.15030962859984</x>
      <y>-664.01504564666</y>
      <steeringAngle>0.1776666666666667</steeringAngle>
      <velocity>0.0</velocity>
      <orientation>-2.3300436088912075</orientation>
      <time>25</time>
    </ksState>
    <ksState>
      <x>220.15030962859984</x>
      <y>-664.01504564666</y>
      <steeringAngle>0.14213333333333336</steeringAngle>
      <velocity>0.0</velocity>
      <orientation>-2.3300436088912075</orientation>
      <time>26</time>
    </ksState>
    <ksState>
      <x>220.15030962859984</x>
      <y>-664.01504564666</y>
      <steeringAngle>0.10660000000000001</steeringAngle>
      <velocity>0.0</velocity>
      <orientation>-2.3300436088912075</orientation>
      <time>27</time>
    </ksState>
    <ksState>
      <x>220.15030962859984</x>
      <y>-664.01504564666</y>
      <steeringAngle>0.07106666666666668</steeringAngle>
      <velocity>0.0</velocity>
      <orientation>-2.3300436088912075</orientation>
      <time>28</time>
    </ksState>
    <ksState>
      <x>220.15030962859984</x>
      <y>-664.01504564666</y>
      <steeringAngle>0.03553333333333333</steeringAngle>
      <velocity>0.0</velocity>
      <orientation>-2.3300436088912075</orientation>
      <time>29</time>
    </ksState>
    <ksState>
      <x>220.15030962859984</x>
      <y>-664.01504564666</y>
      <steeringAngle>0.0</steeringAngle>
      <velocity>0.0</velocity>
      <orientation>-2.3300436088912075</orientation>
      <time>30</time>
    </ksState>
    <ksState>
      <x>220.15030962859984</x>
      <y>-664.01504564666</y>
      <steeringAngle>0.0</steeringAngle>
      <velocity>0.0</velocity>
      <orientation>-2.3300436088912075</orientation>
      <time>31</time>
    </ksState>
    <ksState>
      <x>220.15030962859984</x>
      <y>-664.01504564666</y>
      <steeringAngle>0.0</steeringAngle>
      <velocity>0.0</velocity>
      <orientation>-2.3300436088912075</orientation>
      <time>32</time>
    </ksState>
    <ksState>
      <x>220.15030962859984</x>
      <y>-664.01504564666</y>
      <steeringAngle>0.0</steeringAngle>
      <velocity>0.0</velocity>
      <orientation>-2.3300436088912075</orientation>
      <time>33</time>
    </ksState>
  </ksTrajectory>
</CommonRoadSolution>
