<?xml version="1.0" ?>
<CommonRoadSolution benchmark_id="KS2:SM1:BEL_Aarschot-11_1_T-1:2020a" computation_time="0.7313190499999109" date="2022-12-18T12:01:12">
  <ksTrajectory planningProblem="1">
    <ksState>
      <x>978.34587</x>
      <y>-134.32111</y>
      <steeringAngle>0.0</steeringAngle>
      <velocity>4.0</velocity>
      <orientation>-1.4210781</orientation>
      <time>0</time>
    </ksState>
    <ksState>
      <x>978.4097738560956</x>
      <y>-134.71598986783363</y>
      <steeringAngle>0.035533333333333326</steeringAngle>
      <velocity>4.0</velocity>
      <orientation>-1.4183218254673995</orientation>
      <time>1</time>
    </ksState>
    <ksState>
      <x>978.4836108062261</x>
      <y>-135.1092855218157</y>
      <steeringAngle>0.07106666666666711</steeringAngle>
      <velocity>4.0</velocity>
      <orientation>-1.410046064924114</orientation>
      <time>2</time>
    </ksState>
    <ksState>
      <x>978.5695581323624</x>
      <y>-135.5004243708393</y>
      <steeringAngle>0.10660000000000043</steeringAngle>
      <velocity>4.0</velocity>
      <orientation>-1.3962298251049772</orientation>
      <time>3</time>
    </ksState>
    <ksState>
      <x>978.6697839270435</x>
      <y>-135.88862614001317</y>
      <steeringAngle>0.14213333333333378</steeringAngle>
      <velocity>4.0</velocity>
      <orientation>-1.3768378987194314</orientation>
      <time>4</time>
    </ksState>
    <ksState>
      <x>978.7864344751844</x>
      <y>-136.27286259337808</y>
      <steeringAngle>0.1776666666666672</steeringAngle>
      <velocity>4.0</velocity>
      <orientation>-1.3518204922680341</orientation>
      <time>5</time>
    </ksState>
    <ksState>
      <x>978.9074422070528</x>
      <y>-136.6141427329011</y>
      <steeringAngle>0.21319999999999997</steeringAngle>
      <velocity>3.2</velocity>
      <orientation>-1.3242789467045994</orientation>
      <time>6</time>
    </ksState>
    <ksState>
      <x>979.0141059664983</x>
      <y>-136.8755266304231</y>
      <steeringAngle>0.24873333333333342</steeringAngle>
      <velocity>2.4000000000000004</velocity>
      <orientation>-1.29884071631795</orientation>
      <time>7</time>
    </ksState>
    <ksState>
      <x>979.0986027126208</x>
      <y>-137.05925161263397</y>
      <steeringAngle>0.2842666666666668</steeringAngle>
      <velocity>1.600000000000001</velocity>
      <orientation>-1.2777658165273702</orientation>
      <time>8</time>
    </ksState>
    <ksState>
      <x>979.1536426508598</x>
      <y>-137.1678299464786</y>
      <steeringAngle>0.3197999999999999</steeringAngle>
      <velocity>0.8000000000000007</velocity>
      <orientation>-1.263367389226666</orientation>
      <time>9</time>
    </ksState>
    <ksState>
      <x>979.1730843869824</x>
      <y>-137.2036034662732</y>
      <steeringAngle>0.3553333333333332</steeringAngle>
      <velocity>5.551115123125783e-16</velocity>
      <orientation>-1.2580257475909367</orientation>
      <time>10</time>
    </ksState>
    <ksState>
      <x>979.1730843869824</x>
      <y>-137.2036034662732</y>
      <steeringAngle>0.3198</steeringAngle>
      <velocity>0.0</velocity>
      <orientation>-1.2580257475909367</orientation>
      <time>11</time>
    </ksState>
    <ksState>
      <x>979.1730843869824</x>
      <y>-137.2036034662732</y>
      <steeringAngle>0.2842666666666666</steeringAngle>
      <velocity>0.0</velocity>
      <orientation>-1.2580257475909367</orientation>
      <time>12</time>
    </ksState>
    <ksState>
      <x>979.1730843869824</x>
      <y>-137.2036034662732</y>
      <steeringAngle>0.24873333333333333</steeringAngle>
      <velocity>0.0</velocity>
      <orientation>-1.2580257475909367</orientation>
      <time>13</time>
    </ksState>
    <ksState>
      <x>979.1730843869824</x>
      <y>-137.2036034662732</y>
      <steeringAngle>0.21320000000000003</steeringAngle>
      <velocity>0.0</velocity>
      <orientation>-1.2580257475909367</orientation>
      <time>14</time>
    </ksState>
    <ksState>
      <x>979.1730843869824</x>
      <y>-137.2036034662732</y>
      <steeringAngle>0.1776666666666667</steeringAngle>
      <velocity>0.0</velocity>
      <orientation>-1.2580257475909367</orientation>
      <time>15</time>
    </ksState>
    <ksState>
      <x>979.1886971999576</x>
      <y>-137.24058970092602</y>
      <steeringAngle>0.14213333333333333</steeringAngle>
      <velocity>0.8</velocity>
      <orientation>-1.255618250380134</orientation>
      <time>16</time>
    </ksState>
    <ksState>
      <x>979.2339730194805</x>
      <y>-137.35201974041598</y>
      <steeringAngle>0.10660000000000001</steeringAngle>
      <velocity>1.6</velocity>
      <orientation>-1.2498939637597994</orientation>
      <time>17</time>
    </ksState>
    <ksState>
      <x>979.3069384641915</x>
      <y>-137.53848904919147</y>
      <steeringAngle>0.07106666666666664</steeringAngle>
      <velocity>2.4000000000000004</velocity>
      <orientation>-1.2430784499968208</orientation>
      <time>18</time>
    </ksState>
    <ksState>
      <x>979.4055775943327</x>
      <y>-137.80066714366643</y>
      <steeringAngle>0.03553333333333332</steeringAngle>
      <velocity>3.1999999999999993</velocity>
      <orientation>-1.237377529283891</orientation>
      <time>19</time>
    </ksState>
    <ksState>
      <x>979.5271532035486</x>
      <y>-138.13953565225285</y>
      <steeringAngle>-2.6020852139652106e-18</steeringAngle>
      <velocity>3.999999999999999</velocity>
      <orientation>-1.2349887776955641</orientation>
      <time>20</time>
    </ksState>
    <ksState>
      <x>979.6589658916625</x>
      <y>-138.51719345404194</y>
      <steeringAngle>0.0</steeringAngle>
      <velocity>4.0</velocity>
      <orientation>-1.2349887776955641</orientation>
      <time>21</time>
    </ksState>
    <ksState>
      <x>979.7907785797765</x>
      <y>-138.89485125583104</y>
      <steeringAngle>0.0</steeringAngle>
      <velocity>4.0</velocity>
      <orientation>-1.2349887776955641</orientation>
      <time>22</time>
    </ksState>
    <ksState>
      <x>979.9225912678904</x>
      <y>-139.2725090576201</y>
      <steeringAngle>0.0</steeringAngle>
      <velocity>4.0</velocity>
      <orientation>-1.2349887776955641</orientation>
      <time>23</time>
    </ksState>
    <ksState>
      <x>980.0544039560044</x>
      <y>-139.6501668594092</y>
      <steeringAngle>0.0</steeringAngle>
      <velocity>4.0</velocity>
      <orientation>-1.2349887776955641</orientation>
      <time>24</time>
    </ksState>
    <ksState>
      <x>980.1862166441184</x>
      <y>-140.0278246611983</y>
      <steeringAngle>0.0</steeringAngle>
      <velocity>4.0</velocity>
      <orientation>-1.2349887776955641</orientation>
      <time>25</time>
    </ksState>
    <ksState>
      <x>980.3358434239703</x>
      <y>-140.4416234482865</y>
      <steeringAngle>0.035533333333333326</steeringAngle>
      <velocity>4.799999999999999</velocity>
      <orientation>-1.2318649990263733</orientation>
      <time>26</time>
    </ksState>
    <ksState>
      <x>980.5256281619985</x>
      <y>-140.92598671956372</y>
      <steeringAngle>0.07106666666666667</steeringAngle>
      <velocity>5.599999999999998</velocity>
      <orientation>-1.2210143879652005</orientation>
      <time>27</time>
    </ksState>
    <ksState>
      <x>980.7644217733626</x>
      <y>-141.4771826932649</y>
      <steeringAngle>0.10659999999999999</steeringAngle>
      <velocity>6.3999999999999995</velocity>
      <orientation>-1.2001974389648726</orientation>
      <time>28</time>
    </ksState>
    <ksState>
      <x>981.0641838628654</x>
      <y>-142.08927892411685</y>
      <steeringAngle>0.14213333333333333</steeringAngle>
      <velocity>7.199999999999999</velocity>
      <orientation>-1.1671378679837074</orientation>
      <time>29</time>
    </ksState>
    <ksState>
      <x>981.4402665695535</x>
      <y>-142.7530189575968</y>
      <steeringAngle>0.17766666666666664</steeringAngle>
      <velocity>7.9999999999999964</velocity>
      <orientation>-1.1195105459021608</orientation>
      <time>30</time>
    </ksState>
    <ksState>
      <x>981.8565034351861</x>
      <y>-143.39323651136647</y>
      <steeringAngle>0.17766666666666667</steeringAngle>
      <velocity>7.2</velocity>
      <orientation>-1.0665946184577835</orientation>
      <time>31</time>
    </ksState>
    <ksState>
      <x>982.2571716016026</x>
      <y>-143.94669394188074</y>
      <steeringAngle>0.17766666666666667</steeringAngle>
      <velocity>6.4</velocity>
      <orientation>-1.0192487886649721</orientation>
      <time>32</time>
    </ksState>
    <ksState>
      <x>982.632112975818</x>
      <y>-144.41881534398004</y>
      <steeringAngle>0.17766666666666667</steeringAngle>
      <velocity>5.599999999999999</velocity>
      <orientation>-0.9774730565097876</orientation>
      <time>33</time>
    </ksState>
  </ksTrajectory>
</CommonRoadSolution>
