<?xml version="1.0" ?>
<CommonRoadSolution benchmark_id="KS2:SM1:DEU_Flensburg-59_1_T-1:2020a" computation_time="1.356310447999931" date="2022-12-18T12:01:12">
  <ksTrajectory planningProblem="123">
    <ksState>
      <x>89.07504</x>
      <y>138.36502</y>
      <steeringAngle>0.0</steeringAngle>
      <velocity>16.0</velocity>
      <orientation>-2.7185472</orientation>
      <time>0</time>
    </ksState>
    <ksState>
      <x>87.61609137224535</x>
      <y>137.7081570755075</y>
      <steeringAngle>0.0</steeringAngle>
      <velocity>16.0</velocity>
      <orientation>-2.7185472</orientation>
      <time>1</time>
    </ksState>
    <ksState>
      <x>86.15714274449071</x>
      <y>137.051294151015</y>
      <steeringAngle>0.0</steeringAngle>
      <velocity>16.0</velocity>
      <orientation>-2.7185472</orientation>
      <time>2</time>
    </ksState>
    <ksState>
      <x>84.69819411673606</x>
      <y>136.3944312265225</y>
      <steeringAngle>0.0</steeringAngle>
      <velocity>16.0</velocity>
      <orientation>-2.7185472</orientation>
      <time>3</time>
    </ksState>
    <ksState>
      <x>83.23924548898141</x>
      <y>135.73756830203</y>
      <steeringAngle>0.0</steeringAngle>
      <velocity>16.0</velocity>
      <orientation>-2.7185472</orientation>
      <time>4</time>
    </ksState>
    <ksState>
      <x>81.78029686122677</x>
      <y>135.0807053775375</y>
      <steeringAngle>0.0</steeringAngle>
      <velocity>16.0</velocity>
      <orientation>-2.7185472</orientation>
      <time>5</time>
    </ksState>
    <ksState>
      <x>80.32134823347212</x>
      <y>134.423842453045</y>
      <steeringAngle>0.0</steeringAngle>
      <velocity>16.0</velocity>
      <orientation>-2.7185472</orientation>
      <time>6</time>
    </ksState>
    <ksState>
      <x>78.86239960571748</x>
      <y>133.7669795285525</y>
      <steeringAngle>0.0</steeringAngle>
      <velocity>16.0</velocity>
      <orientation>-2.7185472</orientation>
      <time>7</time>
    </ksState>
    <ksState>
      <x>77.40345097796283</x>
      <y>133.11011660406</y>
      <steeringAngle>0.0</steeringAngle>
      <velocity>16.0</velocity>
      <orientation>-2.7185472</orientation>
      <time>8</time>
    </ksState>
    <ksState>
      <x>75.94450235020818</x>
      <y>132.45325367956752</y>
      <steeringAngle>0.0</steeringAngle>
      <velocity>16.0</velocity>
      <orientation>-2.7185472</orientation>
      <time>9</time>
    </ksState>
    <ksState>
      <x>74.48555372245355</x>
      <y>131.796390755075</y>
      <steeringAngle>0.0</steeringAngle>
      <velocity>16.0</velocity>
      <orientation>-2.7185472</orientation>
      <time>10</time>
    </ksState>
    <ksState>
      <x>73.0266050946989</x>
      <y>131.13952783058252</y>
      <steeringAngle>0.0</steeringAngle>
      <velocity>16.0</velocity>
      <orientation>-2.7185472</orientation>
      <time>11</time>
    </ksState>
    <ksState>
      <x>71.56765646694426</x>
      <y>130.48266490609</y>
      <steeringAngle>0.0</steeringAngle>
      <velocity>16.0</velocity>
      <orientation>-2.7185472</orientation>
      <time>12</time>
    </ksState>
    <ksState>
      <x>70.1087078391896</x>
      <y>129.82580198159752</y>
      <steeringAngle>0.0</steeringAngle>
      <velocity>16.0</velocity>
      <orientation>-2.7185472</orientation>
      <time>13</time>
    </ksState>
    <ksState>
      <x>68.64975921143495</x>
      <y>129.16893905710504</y>
      <steeringAngle>0.0</steeringAngle>
      <velocity>16.0</velocity>
      <orientation>-2.7185472</orientation>
      <time>14</time>
    </ksState>
    <ksState>
      <x>67.19081058368032</x>
      <y>128.51207613261252</y>
      <steeringAngle>0.0</steeringAngle>
      <velocity>16.0</velocity>
      <orientation>-2.7185472</orientation>
      <time>15</time>
    </ksState>
    <ksState>
      <x>65.73186195592567</x>
      <y>127.85521320812003</y>
      <steeringAngle>0.0</steeringAngle>
      <velocity>16.0</velocity>
      <orientation>-2.7185472</orientation>
      <time>16</time>
    </ksState>
    <ksState>
      <x>64.27291332817103</x>
      <y>127.19835028362753</y>
      <steeringAngle>0.0</steeringAngle>
      <velocity>16.0</velocity>
      <orientation>-2.7185472</orientation>
      <time>17</time>
    </ksState>
    <ksState>
      <x>62.81396470041637</x>
      <y>126.54148735913503</y>
      <steeringAngle>0.0</steeringAngle>
      <velocity>16.0</velocity>
      <orientation>-2.7185472</orientation>
      <time>18</time>
    </ksState>
    <ksState>
      <x>61.35501607266172</x>
      <y>125.88462443464255</y>
      <steeringAngle>0.0</steeringAngle>
      <velocity>16.0</velocity>
      <orientation>-2.7185472</orientation>
      <time>19</time>
    </ksState>
    <ksState>
      <x>59.896067444907075</x>
      <y>125.22776151015005</y>
      <steeringAngle>0.0</steeringAngle>
      <velocity>16.0</velocity>
      <orientation>-2.7185472</orientation>
      <time>20</time>
    </ksState>
    <ksState>
      <x>58.43711881715243</x>
      <y>124.57089858565755</y>
      <steeringAngle>0.0</steeringAngle>
      <velocity>16.0</velocity>
      <orientation>-2.7185472</orientation>
      <time>21</time>
    </ksState>
    <ksState>
      <x>56.97817018939778</x>
      <y>123.91403566116506</y>
      <steeringAngle>0.0</steeringAngle>
      <velocity>16.0</velocity>
      <orientation>-2.7185472</orientation>
      <time>22</time>
    </ksState>
    <ksState>
      <x>55.519221561643135</x>
      <y>123.25717273667256</y>
      <steeringAngle>0.0</steeringAngle>
      <velocity>16.0</velocity>
      <orientation>-2.7185472</orientation>
      <time>23</time>
    </ksState>
    <ksState>
      <x>54.06027293388849</x>
      <y>122.60030981218007</y>
      <steeringAngle>0.0</steeringAngle>
      <velocity>16.0</velocity>
      <orientation>-2.7185472</orientation>
      <time>24</time>
    </ksState>
    <ksState>
      <x>52.60132430613384</x>
      <y>121.94344688768757</y>
      <steeringAngle>0.0</steeringAngle>
      <velocity>16.0</velocity>
      <orientation>-2.7185472</orientation>
      <time>25</time>
    </ksState>
    <ksState>
      <x>51.178849394378396</x>
      <y>121.30300553644486</y>
      <steeringAngle>0.0</steeringAngle>
      <velocity>15.2</velocity>
      <orientation>-2.7185472</orientation>
      <time>26</time>
    </ksState>
    <ksState>
      <x>49.82932191450902</x>
      <y>120.69540733165114</y>
      <steeringAngle>0.0</steeringAngle>
      <velocity>14.400000000000002</velocity>
      <orientation>-2.7185472</orientation>
      <time>27</time>
    </ksState>
    <ksState>
      <x>48.55274186618818</x>
      <y>120.12065227315445</y>
      <steeringAngle>0.0</steeringAngle>
      <velocity>13.600000000000001</velocity>
      <orientation>-2.7185472</orientation>
      <time>28</time>
    </ksState>
    <ksState>
      <x>47.34910924931366</x>
      <y>119.57874036090875</y>
      <steeringAngle>0.0</steeringAngle>
      <velocity>12.800000000000004</velocity>
      <orientation>-2.7185472</orientation>
      <time>29</time>
    </ksState>
    <ksState>
      <x>46.21842406385319</x>
      <y>119.06967159489953</y>
      <steeringAngle>0.0</steeringAngle>
      <velocity>12.000000000000002</velocity>
      <orientation>-2.7185472</orientation>
      <time>30</time>
    </ksState>
    <ksState>
      <x>45.154871412743766</x>
      <y>118.60648704416975</y>
      <steeringAngle>-0.03553333333333333</steeringAngle>
      <velocity>11.200000000000001</velocity>
      <orientation>-2.726448473772344</orientation>
      <time>31</time>
    </ksState>
    <ksState>
      <x>44.149927270237356</x>
      <y>118.20980569729846</y>
      <steeringAngle>-0.07106666666666667</steeringAngle>
      <velocity>10.400000000000007</velocity>
      <orientation>-2.748700904570834</orientation>
      <time>32</time>
    </ksState>
    <ksState>
      <x>43.20215510619716</x>
      <y>117.88744376480768</y>
      <steeringAngle>-0.10660000000000001</steeringAngle>
      <velocity>9.60000000000001</velocity>
      <orientation>-2.783148915455506</orientation>
      <time>33</time>
    </ksState>
    <ksState>
      <x>42.31316789576523</x>
      <y>117.64280917361265</y>
      <steeringAngle>-0.14213333333333344</steeringAngle>
      <velocity>8.800000000000008</velocity>
      <orientation>-2.8276570475763507</orientation>
      <time>34</time>
    </ksState>
    <ksState>
      <x>41.486855439001964</x>
      <y>117.47521586390401</y>
      <steeringAngle>-0.17766666666666675</steeringAngle>
      <velocity>8.000000000000009</velocity>
      <orientation>-2.8800993453913324</orientation>
      <time>35</time>
    </ksState>
    <ksState>
      <x>40.69034743400552</x>
      <y>117.36710508403156</y>
      <steeringAngle>-0.17766666666666667</steeringAngle>
      <velocity>8.0</velocity>
      <orientation>-2.9358003217018442</orientation>
      <time>36</time>
    </ksState>
    <ksState>
      <x>39.88905593316026</x>
      <y>117.30350529918252</y>
      <steeringAngle>-0.17766666666666667</steeringAngle>
      <velocity>8.0</velocity>
      <orientation>-2.991501298012356</orientation>
      <time>37</time>
    </ksState>
    <ksState>
      <x>39.08546641348379</x>
      <y>117.28461379150716</y>
      <steeringAngle>-0.17766666666666667</steeringAngle>
      <velocity>8.0</velocity>
      <orientation>-3.0472022743228675</orientation>
      <time>38</time>
    </ksState>
    <ksState>
      <x>38.28207144615246</x>
      <y>117.31048915860714</y>
      <steeringAngle>-0.17766666666666667</steeringAngle>
      <velocity>8.0</velocity>
      <orientation>-3.1029032506333794</orientation>
      <time>39</time>
    </ksState>
    <ksState>
      <x>37.4813629982669</x>
      <y>117.38105114084995</y>
      <steeringAngle>-0.17766666666666667</steeringAngle>
      <velocity>8.0</velocity>
      <orientation>-3.158604226943891</orientation>
      <time>40</time>
    </ksState>
    <ksState>
      <x>36.726069072780604</x>
      <y>117.49818169395922</y>
      <steeringAngle>-0.21320000000000014</steeringAngle>
      <velocity>7.200000000000003</velocity>
      <orientation>-3.216853554015384</orientation>
      <time>41</time>
    </ksState>
    <ksState>
      <x>36.05928823327301</x>
      <y>117.65728699731811</y>
      <steeringAngle>-0.24873333333333347</steeringAngle>
      <velocity>6.400000000000004</velocity>
      <orientation>-3.2787706415011635</orientation>
      <time>42</time>
    </ksState>
    <ksState>
      <x>35.48301390618767</x>
      <y>117.84661815233814</y>
      <steeringAngle>-0.2842666666666668</steeringAngle>
      <velocity>5.600000000000001</velocity>
      <orientation>-3.3421927842650847</orientation>
      <time>43</time>
    </ksState>
    <ksState>
      <x>34.99745946108221</x>
      <y>118.05265151632351</y>
      <steeringAngle>-0.3198</steeringAngle>
      <velocity>4.800000000000002</velocity>
      <orientation>-3.404921884007037</orientation>
      <time>44</time>
    </ksState>
    <ksState>
      <x>34.60081401179331</x>
      <y>118.2609927949451</y>
      <steeringAngle>-0.3553333333333332</steeringAngle>
      <velocity>4.000000000000001</velocity>
      <orientation>-3.464711718055252</orientation>
      <time>45</time>
    </ksState>
    <ksState>
      <x>34.21749890725341</x>
      <y>118.49313073613608</y>
      <steeringAngle>-0.31979999999999975</steeringAngle>
      <velocity>4.800000000000001</velocity>
      <orientation>-3.5245015530870005</orientation>
      <time>46</time>
    </ksState>
    <ksState>
      <x>33.7776189972915</x>
      <y>118.78440372167296</y>
      <steeringAngle>-0.28426666666666645</steeringAngle>
      <velocity>5.600000000000004</velocity>
      <orientation>-3.5872306532183242</orientation>
      <time>47</time>
    </ksState>
    <ksState>
      <x>33.286430590458984</x>
      <y>119.14053914944604</y>
      <steeringAngle>-0.2487333333333331</steeringAngle>
      <velocity>6.400000000000004</velocity>
      <orientation>-3.650652789911</orientation>
      <time>48</time>
    </ksState>
    <ksState>
      <x>32.74886104899315</x>
      <y>119.56612980149116</y>
      <steeringAngle>-0.21319999999999992</steeringAngle>
      <velocity>7.200000000000004</velocity>
      <orientation>-3.712569878588799</orientation>
      <time>49</time>
    </ksState>
    <ksState>
      <x>32.16892113304203</x>
      <y>120.06421257838294</y>
      <steeringAngle>-0.17766666666666656</steeringAngle>
      <velocity>8.000000000000004</velocity>
      <orientation>-3.7708192081897645</orientation>
      <time>50</time>
    </ksState>
    <ksState>
      <x>31.58397630513997</x>
      <y>120.61553144352241</y>
      <steeringAngle>-0.17766666666666667</steeringAngle>
      <velocity>8.0</velocity>
      <orientation>-3.8265201845002763</orientation>
      <time>51</time>
    </ksState>
    <ksState>
      <x>31.030631759241103</x>
      <y>121.19856044407356</y>
      <steeringAngle>-0.17766666666666667</steeringAngle>
      <velocity>8.0</velocity>
      <orientation>-3.882221160810788</orientation>
      <time>52</time>
    </ksState>
    <ksState>
      <x>30.5106038854604</x>
      <y>121.81149112179105</y>
      <steeringAngle>-0.17766666666666667</steeringAngle>
      <velocity>8.0</velocity>
      <orientation>-3.9379221371212996</orientation>
      <time>53</time>
    </ksState>
    <ksState>
      <x>30.02550570443883</x>
      <y>122.4524222904242</y>
      <steeringAngle>-0.17766666666666667</steeringAngle>
      <velocity>8.0</velocity>
      <orientation>-3.9936231134318114</orientation>
      <time>54</time>
    </ksState>
    <ksState>
      <x>29.576841892022397</x>
      <y>123.11936591269017</y>
      <steeringAngle>-0.17766666666666667</steeringAngle>
      <velocity>8.0</velocity>
      <orientation>-4.049324089742323</orientation>
      <time>55</time>
    </ksState>
    <ksState>
      <x>29.158169349209963</x>
      <y>123.80475144759386</y>
      <steeringAngle>-0.14213333333333336</steeringAngle>
      <velocity>8.0</velocity>
      <orientation>-4.099358901291072</orientation>
      <time>56</time>
    </ksState>
    <ksState>
      <x>28.757047098477337</x>
      <y>124.49911968527071</y>
      <steeringAngle>-0.1066000000000001</steeringAngle>
      <velocity>8.0</velocity>
      <orientation>-4.1381427532980695</orientation>
      <time>57</time>
    </ksState>
    <ksState>
      <x>28.365746136923285</x>
      <y>125.19800908408402</y>
      <steeringAngle>-0.07106666666666674</steeringAngle>
      <velocity>8.0</velocity>
      <orientation>-4.165775232327756</orientation>
      <time>58</time>
    </ksState>
    <ksState>
      <x>27.976433250264336</x>
      <y>125.89730155881045</y>
      <steeringAngle>-0.035533333333333354</steeringAngle>
      <velocity>8.0</velocity>
      <orientation>-4.182326752956786</orientation>
      <time>59</time>
    </ksState>
    <ksState>
      <x>27.581281001817878</x>
      <y>126.59294946245339</y>
      <steeringAngle>-2.0816681711721685e-17</steeringAngle>
      <velocity>8.0</velocity>
      <orientation>-4.18783927941519</orientation>
      <time>60</time>
    </ksState>
    <ksState>
      <x>27.180622362346117</x>
      <y>127.28538910214529</y>
      <steeringAngle>0.0</steeringAngle>
      <velocity>8.0</velocity>
      <orientation>-4.18783927941519</orientation>
      <time>61</time>
    </ksState>
    <ksState>
      <x>26.779963722874356</x>
      <y>127.97782874183717</y>
      <steeringAngle>0.0</steeringAngle>
      <velocity>8.0</velocity>
      <orientation>-4.18783927941519</orientation>
      <time>62</time>
    </ksState>
    <ksState>
      <x>26.379305083402595</x>
      <y>128.67026838152907</y>
      <steeringAngle>0.0</steeringAngle>
      <velocity>8.0</velocity>
      <orientation>-4.18783927941519</orientation>
      <time>63</time>
    </ksState>
    <ksState>
      <x>25.97864644393083</x>
      <y>129.36270802122098</y>
      <steeringAngle>0.0</steeringAngle>
      <velocity>8.0</velocity>
      <orientation>-4.18783927941519</orientation>
      <time>64</time>
    </ksState>
    <ksState>
      <x>25.57798780445907</x>
      <y>130.05514766091287</y>
      <steeringAngle>0.0</steeringAngle>
      <velocity>8.0</velocity>
      <orientation>-4.18783927941519</orientation>
      <time>65</time>
    </ksState>
    <ksState>
      <x>25.169280682228766</x>
      <y>130.74290245981229</y>
      <steeringAngle>0.03553333333333333</steeringAngle>
      <velocity>8.0</velocity>
      <orientation>-4.182326744412351</orientation>
      <time>66</time>
    </ksState>
    <ksState>
      <x>24.739533192098033</x>
      <y>131.41804849495276</y>
      <steeringAngle>0.07106666666666667</steeringAngle>
      <velocity>8.0</velocity>
      <orientation>-4.165775223532082</orientation>
      <time>67</time>
    </ksState>
    <ksState>
      <x>24.281635689352058</x>
      <y>132.07514532160914</y>
      <steeringAngle>0.10659999999999997</steeringAngle>
      <velocity>8.0</velocity>
      <orientation>-4.138142744241387</orientation>
      <time>68</time>
    </ksState>
    <ksState>
      <x>23.789043112423517</x>
      <y>132.70778593610407</y>
      <steeringAngle>0.1421333333333333</steeringAngle>
      <velocity>8.0</velocity>
      <orientation>-4.099358891968651</orientation>
      <time>69</time>
    </ksState>
    <ksState>
      <x>23.256021695892258</x>
      <y>133.30838024706142</y>
      <steeringAngle>0.17766666666666667</steeringAngle>
      <velocity>8.0</velocity>
      <orientation>-4.049324079719497</orientation>
      <time>70</time>
    </ksState>
    <ksState>
      <x>22.721216114613043</x>
      <y>133.85258276648858</y>
      <steeringAngle>0.1421333333333334</steeringAngle>
      <velocity>7.2</velocity>
      <orientation>-4.0016967579738605</orientation>
      <time>71</time>
    </ksState>
    <ksState>
      <x>22.23363814079503</x>
      <y>134.3289106121986</y>
      <steeringAngle>0.10660000000000011</steeringAngle>
      <velocity>6.4</velocity>
      <orientation>-3.9686371875258923</orientation>
      <time>72</time>
    </ksState>
    <ksState>
      <x>21.80095055678006</x>
      <y>134.74564813304866</y>
      <steeringAngle>0.07106666666666674</steeringAngle>
      <velocity>5.600000000000001</velocity>
      <orientation>-3.9478202392320036</orientation>
      <time>73</time>
    </ksState>
    <ksState>
      <x>21.42765838354613</x>
      <y>135.10799904286785</y>
      <steeringAngle>0.03553333333333339</steeringAngle>
      <velocity>4.800000000000001</velocity>
      <orientation>-3.936969629574341</orientation>
      <time>74</time>
    </ksState>
    <ksState>
      <x>21.115834090187807</x>
      <y>135.41846186615177</y>
      <steeringAngle>5.5294310796760726e-17</steeringAngle>
      <velocity>4.0</velocity>
      <orientation>-3.9338458537371754</orientation>
      <time>75</time>
    </ksState>
    <ksState>
      <x>20.837994342876765</x>
      <y>135.70624457525415</y>
      <steeringAngle>-0.035533333333333326</steeringAngle>
      <velocity>4.0</velocity>
      <orientation>-3.936602128269776</orientation>
      <time>76</time>
    </ksState>
    <ksState>
      <x>20.567375060663654</x>
      <y>136.00103021048807</y>
      <steeringAngle>-0.07106666666666711</steeringAngle>
      <velocity>4.0</velocity>
      <orientation>-3.9448778888130613</orientation>
      <time>77</time>
    </ksState>
    <ksState>
      <x>20.305739333874282</x>
      <y>136.30421874680314</y>
      <steeringAngle>-0.10660000000000043</steeringAngle>
      <velocity>4.0</velocity>
      <orientation>-3.958694128632198</orientation>
      <time>78</time>
    </ksState>
    <ksState>
      <x>20.05501101362053</x>
      <y>136.61707835258804</y>
      <steeringAngle>-0.14213333333333378</steeringAngle>
      <velocity>4.0</velocity>
      <orientation>-3.978086055017744</orientation>
      <time>79</time>
    </ksState>
    <ksState>
      <x>19.817299395801825</x>
      <y>136.94071115257907</y>
      <steeringAngle>-0.1776666666666672</steeringAngle>
      <velocity>4.0</velocity>
      <orientation>-4.003103461469141</orientation>
      <time>80</time>
    </ksState>
    <ksState>
      <x>19.616588655297793</x>
      <y>137.24209164871493</y>
      <steeringAngle>-0.21319999999999997</steeringAngle>
      <velocity>3.2</velocity>
      <orientation>-4.030645007032576</orientation>
      <time>81</time>
    </ksState>
    <ksState>
      <x>19.471245900048647</x>
      <y>137.48411268697288</y>
      <steeringAngle>-0.24873333333333342</steeringAngle>
      <velocity>2.4000000000000004</velocity>
      <orientation>-4.056083237419226</orientation>
      <time>82</time>
    </ksState>
    <ksState>
      <x>19.3747921967449</x>
      <y>137.66185196882316</y>
      <steeringAngle>-0.2842666666666668</steeringAngle>
      <velocity>1.600000000000001</velocity>
      <orientation>-4.077158137209805</orientation>
      <time>83</time>
    </ksState>
    <ksState>
      <x>19.320848036102106</x>
      <y>137.77097885329422</y>
      <steeringAngle>-0.3197999999999999</steeringAngle>
      <velocity>0.8000000000000007</velocity>
      <orientation>-4.09155656451051</orientation>
      <time>84</time>
    </ksState>
    <ksState>
      <x>19.303858505938713</x>
      <y>137.80797995715326</y>
      <steeringAngle>-0.3553333333333332</steeringAngle>
      <velocity>5.551115123125783e-16</velocity>
      <orientation>-4.096898206146239</orientation>
      <time>85</time>
    </ksState>
    <ksState>
      <x>19.288055962984195</x>
      <y>137.84576222952413</y>
      <steeringAngle>-0.39086666666666675</steeringAngle>
      <velocity>0.8</velocity>
      <orientation>-4.103076181804264</orientation>
      <time>86</time>
    </ksState>
    <ksState>
      <x>19.24416765156047</x>
      <y>137.96110095416395</y>
      <steeringAngle>-0.4264</steeringAngle>
      <velocity>1.6000000000000005</velocity>
      <orientation>-4.123336154264585</orientation>
      <time>87</time>
    </ksState>
    <ksState>
      <x>19.180436925562013</x>
      <y>138.15782938678902</y>
      <steeringAngle>-0.46193333333333314</steeringAngle>
      <velocity>2.4</velocity>
      <orientation>-4.1603591158841535</orientation>
      <time>88</time>
    </ksState>
    <ksState>
      <x>19.110057719791687</x>
      <y>138.44048067775762</y>
      <steeringAngle>-0.49746666666666634</steeringAngle>
      <velocity>3.200000000000001</velocity>
      <orientation>-4.216966224281317</orientation>
      <time>89</time>
    </ksState>
    <ksState>
      <x>19.052565399961235</x>
      <y>138.81312713066137</y>
      <steeringAngle>-0.5329999999999997</steeringAngle>
      <velocity>4.000000000000001</velocity>
      <orientation>-4.296143428153943</orientation>
      <time>90</time>
    </ksState>
    <ksState>
      <x>19.025092224279085</x>
      <y>139.18929774737882</y>
      <steeringAngle>-0.4974666666666667</steeringAngle>
      <velocity>3.1999999999999993</velocity>
      <orientation>-4.3753206312631825</orientation>
      <time>91</time>
    </ksState>
    <ksState>
      <x>19.0168423008655</x>
      <y>139.4805255620415</y>
      <steeringAngle>-0.4619333333333334</steeringAngle>
      <velocity>2.3999999999999986</velocity>
      <orientation>-4.431927738665392</orientation>
      <time>92</time>
    </ksState>
    <ksState>
      <x>19.015979868158567</x>
      <y>139.6873460602283</y>
      <steeringAngle>-0.4264000000000001</steeringAngle>
      <velocity>1.5999999999999979</velocity>
      <orientation>-4.46895069887945</orientation>
      <time>93</time>
    </ksState>
    <ksState>
      <x>19.01629814769921</x>
      <y>139.81076129295488</y>
      <steeringAngle>-0.39086666666666675</steeringAngle>
      <velocity>0.7999999999999972</velocity>
      <orientation>-4.4892106681022765</orientation>
      <time>94</time>
    </ksState>
    <ksState>
      <x>19.0161446297871</x>
      <y>139.85171561432384</y>
      <steeringAngle>-0.3553333333333332</steeringAngle>
      <velocity>-2.914335439641036e-15</velocity>
      <orientation>-4.495388642849654</orientation>
      <time>95</time>
    </ksState>
    <ksState>
      <x>19.015064304391373</x>
      <y>139.89241707141778</y>
      <steeringAngle>-0.3198</steeringAngle>
      <velocity>0.8</velocity>
      <orientation>-4.500730283000428</orientation>
      <time>96</time>
    </ksState>
    <ksState>
      <x>19.010775343082496</x>
      <y>140.01407933261217</y>
      <steeringAngle>-0.28426666666666656</steeringAngle>
      <velocity>1.6000000000000003</velocity>
      <orientation>-4.5151287107287015</orientation>
      <time>97</time>
    </ksState>
    <ksState>
      <x>19.003158086780306</x>
      <y>140.21617440619693</y>
      <steeringAngle>-0.24873333333333336</steeringAngle>
      <velocity>2.4000000000000012</velocity>
      <orientation>-4.536203621451767</orientation>
      <time>98</time>
    </ksState>
    <ksState>
      <x>18.993393662781383</x>
      <y>140.49833930245734</y>
      <steeringAngle>-0.2131999999999999</steeringAngle>
      <velocity>3.200000000000001</velocity>
      <orientation>-4.561641859369006</orientation>
      <time>99</time>
    </ksState>
  </ksTrajectory>
</CommonRoadSolution>
