<?xml version="1.0" ?>
<CommonRoadSolution benchmark_id="KS2:SM1:BEL_Putte-3_1_T-1:2020a" computation_time="0.6902522219997991" date="2022-12-18T12:01:12">
  <ksTrajectory planningProblem="1">
    <ksState>
      <x>745.09359</x>
      <y>-611.39303</y>
      <steeringAngle>0.0</steeringAngle>
      <velocity>4.0</velocity>
      <orientation>-4.6172885</orientation>
      <time>0</time>
    </ksState>
    <ksState>
      <x>745.063069173538</x>
      <y>-611.0343115116655</y>
      <steeringAngle>-0.03553333333333333</steeringAngle>
      <velocity>3.2</velocity>
      <orientation>-4.6196772483797925</orientation>
      <time>1</time>
    </ksState>
    <ksState>
      <x>745.0459304136831</x>
      <y>-610.7547218548211</y>
      <steeringAngle>-0.07106666666666668</steeringAngle>
      <velocity>2.4</velocity>
      <orientation>-4.625378163385589</orientation>
      <time>2</time>
    </ksState>
    <ksState>
      <x>745.0388462477349</x>
      <y>-610.554614901753</y>
      <steeringAngle>-0.10660000000000003</steeringAngle>
      <velocity>1.5999999999999994</velocity>
      <orientation>-4.632193697130321</orientation>
      <time>3</time>
    </ksState>
    <ksState>
      <x>745.0376788506121</x>
      <y>-610.4343458035602</y>
      <steeringAngle>-0.14213333333333342</steeringAngle>
      <velocity>0.7999999999999988</velocity>
      <orientation>-4.6379179586168</orientation>
      <time>4</time>
    </ksState>
    <ksState>
      <x>745.0381652868188</x>
      <y>-610.3942025079928</y>
      <steeringAngle>-0.17766666666666675</steeringAngle>
      <velocity>-1.5265566588595902e-15</velocity>
      <orientation>-4.640325453091356</orientation>
      <time>5</time>
    </ksState>
    <ksState>
      <x>745.0387513583978</x>
      <y>-610.3540602857959</y>
      <steeringAngle>-0.14213333333333333</steeringAngle>
      <velocity>0.8</velocity>
      <orientation>-4.642732950302158</orientation>
      <time>6</time>
    </ksState>
    <ksState>
      <x>745.0388843006912</x>
      <y>-610.2337833725476</y>
      <steeringAngle>-0.10660000000000001</steeringAngle>
      <velocity>1.6</velocity>
      <orientation>-4.648457236922494</orientation>
      <time>7</time>
    </ksState>
    <ksState>
      <x>745.0365115234672</x>
      <y>-610.0335606736213</y>
      <steeringAngle>-0.07106666666666664</steeringAngle>
      <velocity>2.4000000000000004</velocity>
      <orientation>-4.655272750685472</orientation>
      <time>8</time>
    </ksState>
    <ksState>
      <x>745.0295131912796</x>
      <y>-609.7535284351841</y>
      <steeringAngle>-0.03553333333333332</steeringAngle>
      <velocity>3.1999999999999993</velocity>
      <orientation>-4.660973671398402</orientation>
      <time>9</time>
    </ksState>
    <ksState>
      <x>745.0149837864786</x>
      <y>-609.3938043864135</y>
      <steeringAngle>2.6020852139652106e-18</steeringAngle>
      <velocity>3.999999999999999</velocity>
      <orientation>-4.6633624229867285</orientation>
      <time>10</time>
    </ksState>
    <ksState>
      <x>745.001017070344</x>
      <y>-609.0340608589369</y>
      <steeringAngle>-0.03553333333333333</steeringAngle>
      <velocity>3.2</velocity>
      <orientation>-4.665751171366521</orientation>
      <time>11</time>
    </ksState>
    <ksState>
      <x>744.9967737336149</x>
      <y>-608.753978536401</y>
      <steeringAngle>-0.07106666666666668</steeringAngle>
      <velocity>2.4</velocity>
      <orientation>-4.671452086372318</orientation>
      <time>12</time>
    </ksState>
    <ksState>
      <x>744.9989135362399</x>
      <y>-608.5537576600717</y>
      <steeringAngle>-0.10660000000000003</steeringAngle>
      <velocity>1.5999999999999994</velocity>
      <orientation>-4.678267620117049</orientation>
      <time>13</time>
    </ksState>
    <ksState>
      <x>745.003286686846</x>
      <y>-608.4335624257654</y>
      <steeringAngle>-0.14213333333333342</steeringAngle>
      <velocity>0.7999999999999988</velocity>
      <orientation>-4.683991881603529</orientation>
      <time>14</time>
    </ksState>
    <ksState>
      <x>745.0056215116408</x>
      <y>-608.3934841349786</y>
      <steeringAngle>-0.17766666666666675</steeringAngle>
      <velocity>-1.5265566588595902e-15</velocity>
      <orientation>-4.686399376078085</orientation>
      <time>15</time>
    </ksState>
    <ksState>
      <x>745.0080558166368</x>
      <y>-608.3534115053922</y>
      <steeringAngle>-0.14213333333333333</steeringAngle>
      <velocity>0.8</velocity>
      <orientation>-4.688806873288887</orientation>
      <time>16</time>
    </ksState>
    <ksState>
      <x>745.0137282866615</x>
      <y>-608.2332683548674</y>
      <steeringAngle>-0.10660000000000001</steeringAngle>
      <velocity>1.6</velocity>
      <orientation>-4.694531159909222</orientation>
      <time>17</time>
    </ksState>
    <ksState>
      <x>745.0205798091915</x>
      <y>-608.0331488508801</y>
      <steeringAngle>-0.07106666666666664</steeringAngle>
      <velocity>2.4000000000000004</velocity>
      <orientation>-4.701346673672201</orientation>
      <time>18</time>
    </ksState>
    <ksState>
      <x>745.0264865232077</x>
      <y>-607.7530914604276</y>
      <steeringAngle>-0.03553333333333332</steeringAngle>
      <velocity>3.1999999999999993</velocity>
      <orientation>-4.707047594385131</orientation>
      <time>19</time>
    </ksState>
    <ksState>
      <x>745.0285405721147</x>
      <y>-607.3930799665126</y>
      <steeringAngle>2.6020852139652106e-18</steeringAngle>
      <velocity>3.999999999999999</velocity>
      <orientation>-4.709436345973457</orientation>
      <time>20</time>
    </ksState>
    <ksState>
      <x>745.0274776252742</x>
      <y>-607.0330815367881</y>
      <steeringAngle>0.0</steeringAngle>
      <velocity>3.2</velocity>
      <orientation>-4.709436345973457</orientation>
      <time>21</time>
    </ksState>
    <ksState>
      <x>745.0266508888436</x>
      <y>-606.7530827584437</y>
      <steeringAngle>0.0</steeringAngle>
      <velocity>2.4000000000000004</velocity>
      <orientation>-4.709436345973457</orientation>
      <time>22</time>
    </ksState>
    <ksState>
      <x>745.0260603628227</x>
      <y>-606.5530836313777</y>
      <steeringAngle>0.0</steeringAngle>
      <velocity>1.6</velocity>
      <orientation>-4.709436345973457</orientation>
      <time>23</time>
    </ksState>
    <ksState>
      <x>745.0257060472114</x>
      <y>-606.4330841555493</y>
      <steeringAngle>0.0</steeringAngle>
      <velocity>0.7999999999999998</velocity>
      <orientation>-4.709436345973457</orientation>
      <time>24</time>
    </ksState>
    <ksState>
      <x>745.0255879420096</x>
      <y>-606.3930843309056</y>
      <steeringAngle>0.0</steeringAngle>
      <velocity>-3.3306690738754696e-16</velocity>
      <orientation>-4.709436345973457</orientation>
      <time>25</time>
    </ksState>
    <ksState>
      <x>745.0255879420096</x>
      <y>-606.3930843309056</y>
      <steeringAngle>0.0</steeringAngle>
      <velocity>0.0</velocity>
      <orientation>-4.709436345973457</orientation>
      <time>26</time>
    </ksState>
    <ksState>
      <x>745.0255879420096</x>
      <y>-606.3930843309056</y>
      <steeringAngle>0.0</steeringAngle>
      <velocity>0.0</velocity>
      <orientation>-4.709436345973457</orientation>
      <time>27</time>
    </ksState>
    <ksState>
      <x>745.0255879420096</x>
      <y>-606.3930843309056</y>
      <steeringAngle>0.0</steeringAngle>
      <velocity>0.0</velocity>
      <orientation>-4.709436345973457</orientation>
      <time>28</time>
    </ksState>
    <ksState>
      <x>745.0255879420096</x>
      <y>-606.3930843309056</y>
      <steeringAngle>0.0</steeringAngle>
      <velocity>0.0</velocity>
      <orientation>-4.709436345973457</orientation>
      <time>29</time>
    </ksState>
    <ksState>
      <x>745.0255879420096</x>
      <y>-606.3930843309056</y>
      <steeringAngle>0.0</steeringAngle>
      <velocity>0.0</velocity>
      <orientation>-4.709436345973457</orientation>
      <time>30</time>
    </ksState>
    <ksState>
      <x>745.0255879420096</x>
      <y>-606.3930843309056</y>
      <steeringAngle>0.0</steeringAngle>
      <velocity>0.0</velocity>
      <orientation>-4.709436345973457</orientation>
      <time>31</time>
    </ksState>
    <ksState>
      <x>745.0255879420096</x>
      <y>-606.3930843309056</y>
      <steeringAngle>0.0</steeringAngle>
      <velocity>0.0</velocity>
      <orientation>-4.709436345973457</orientation>
      <time>32</time>
    </ksState>
    <ksState>
      <x>745.0255879420096</x>
      <y>-606.3930843309056</y>
      <steeringAngle>0.0</steeringAngle>
      <velocity>0.0</velocity>
      <orientation>-4.709436345973457</orientation>
      <time>33</time>
    </ksState>
  </ksTrajectory>
</CommonRoadSolution>
