<?xml version="1.0" ?>
<CommonRoadSolution benchmark_id="KS2:SM1:BEL_Beringen-1_1_T-1:2020a" computation_time="1.1969548389997726" date="2022-12-18T12:01:12">
  <ksTrajectory planningProblem="1">
    <ksState>
      <x>-372.76765</x>
      <y>718.10163</y>
      <steeringAngle>0.0</steeringAngle>
      <velocity>4.0</velocity>
      <orientation>0.42575386</orientation>
      <time>0</time>
    </ksState>
    <ksState>
      <x>-372.40159281859366</x>
      <y>718.2629246148667</y>
      <steeringAngle>-0.035533333333333326</steeringAngle>
      <velocity>4.0</velocity>
      <orientation>0.4229975854673996</orientation>
      <time>1</time>
    </ksState>
    <ksState>
      <x>-372.031458793659</x>
      <y>718.415023826671</y>
      <steeringAngle>-0.07106666666666711</steeringAngle>
      <velocity>4.0</velocity>
      <orientation>0.41472182492411414</orientation>
      <time>2</time>
    </ksState>
    <ksState>
      <x>-371.65654334805635</x>
      <y>718.5557894145612</y>
      <steeringAngle>-0.10660000000000043</steeringAngle>
      <velocity>4.0</velocity>
      <orientation>0.4009055851049773</orientation>
      <time>3</time>
    </ksState>
    <ksState>
      <x>-371.27632113911227</x>
      <y>718.6829778390929</y>
      <steeringAngle>-0.14213333333333378</steeringAngle>
      <velocity>4.0</velocity>
      <orientation>0.3815136587194315</orientation>
      <time>4</time>
    </ksState>
    <ksState>
      <x>-370.89048671587165</x>
      <y>718.7942289079351</y>
      <steeringAngle>-0.1776666666666672</steeringAngle>
      <velocity>4.0</velocity>
      <orientation>0.35649625226803416</orientation>
      <time>5</time>
    </ksState>
    <ksState>
      <x>-370.5018629729416</x>
      <y>718.8954387077785</y>
      <steeringAngle>-0.1421333333333333</steeringAngle>
      <velocity>4.0</velocity>
      <orientation>0.33147884592351085</orientation>
      <time>6</time>
    </ksState>
    <ksState>
      <x>-370.1136155450119</x>
      <y>718.9955903352686</y>
      <steeringAngle>-0.10659999999999999</steeringAngle>
      <velocity>4.0</velocity>
      <orientation>0.31208691963276025</orientation>
      <time>7</time>
    </ksState>
    <ksState>
      <x>-369.72613964932543</x>
      <y>719.0968500569584</y>
      <steeringAngle>-0.07106666666666664</steeringAngle>
      <velocity>4.0</velocity>
      <orientation>0.29827067989780737</orientation>
      <time>8</time>
    </ksState>
    <ksState>
      <x>-369.33985240899267</x>
      <y>719.2013690081594</y>
      <steeringAngle>-0.03553333333333332</steeringAngle>
      <velocity>4.0</velocity>
      <orientation>0.289994919435542</orientation>
      <time>9</time>
    </ksState>
    <ksState>
      <x>-368.95522875374115</x>
      <y>719.3112842024618</y>
      <steeringAngle>2.2985086056692694e-17</steeringAngle>
      <velocity>4.0</velocity>
      <orientation>0.28723865614070165</orientation>
      <time>10</time>
    </ksState>
    <ksState>
      <x>-368.57283737505793</x>
      <y>719.4287177851924</y>
      <steeringAngle>0.035533333333333326</steeringAngle>
      <velocity>4.0</velocity>
      <orientation>0.28999493067330206</orientation>
      <time>11</time>
    </ksState>
    <ksState>
      <x>-368.1933769554113</x>
      <y>719.5557735074852</y>
      <steeringAngle>0.07106666666666711</steeringAngle>
      <velocity>4.0</velocity>
      <orientation>0.29827069121658745</orientation>
      <time>12</time>
    </ksState>
    <ksState>
      <x>-367.81771315792787</x>
      <y>719.6945296004895</y>
      <steeringAngle>0.10660000000000043</steeringAngle>
      <velocity>4.0</velocity>
      <orientation>0.3120869310357243</orientation>
      <time>13</time>
    </ksState>
    <ksState>
      <x>-367.4469161090121</x>
      <y>719.8470267218541</y>
      <steeringAngle>0.14213333333333378</steeringAngle>
      <velocity>4.0</velocity>
      <orientation>0.33147885742127015</orientation>
      <time>14</time>
    </ksState>
    <ksState>
      <x>-367.08229856557597</x>
      <y>720.015249935159</y>
      <steeringAngle>0.1776666666666672</steeringAngle>
      <velocity>4.0</velocity>
      <orientation>0.3564962638726675</orientation>
      <time>15</time>
    </ksState>
    <ksState>
      <x>-366.68631963810196</x>
      <y>720.211026923482</y>
      <steeringAngle>0.14213333333333333</steeringAngle>
      <velocity>4.8000000000000025</velocity>
      <orientation>0.3839211635910199</orientation>
      <time>16</time>
    </ksState>
    <ksState>
      <x>-366.22059112383414</x>
      <y>720.4450825736178</y>
      <steeringAngle>0.10660000000000003</steeringAngle>
      <velocity>5.600000000000005</velocity>
      <orientation>0.40903737586993777</orientation>
      <time>17</time>
    </ksState>
    <ksState>
      <x>-365.68471050286774</x>
      <y>720.7165695834578</y>
      <steeringAngle>0.07106666666666671</steeringAngle>
      <velocity>6.400000000000004</velocity>
      <orientation>0.4296691454693973</orientation>
      <time>18</time>
    </ksState>
    <ksState>
      <x>-365.07715442550017</x>
      <y>721.0226490054757</y>
      <steeringAngle>0.035533333333333375</steeringAngle>
      <velocity>7.200000000000006</velocity>
      <orientation>0.4436458135621896</orientation>
      <time>19</time>
    </ksState>
    <ksState>
      <x>-364.3950155699753</x>
      <y>721.3578333103094</y>
      <steeringAngle>2.6346112791397758e-17</steeringAngle>
      <velocity>8.000000000000007</velocity>
      <orientation>0.44879082634175804</orientation>
      <time>20</time>
    </ksState>
    <ksState>
      <x>-363.6742376557206</x>
      <y>721.7049344458918</y>
      <steeringAngle>0.0</steeringAngle>
      <velocity>8.0</velocity>
      <orientation>0.44879082634175804</orientation>
      <time>21</time>
    </ksState>
    <ksState>
      <x>-362.95345974146585</x>
      <y>722.0520355814742</y>
      <steeringAngle>0.0</steeringAngle>
      <velocity>8.0</velocity>
      <orientation>0.44879082634175804</orientation>
      <time>22</time>
    </ksState>
    <ksState>
      <x>-362.23268182721114</x>
      <y>722.3991367170566</y>
      <steeringAngle>0.0</steeringAngle>
      <velocity>8.0</velocity>
      <orientation>0.44879082634175804</orientation>
      <time>23</time>
    </ksState>
    <ksState>
      <x>-361.5119039129564</x>
      <y>722.7462378526391</y>
      <steeringAngle>0.0</steeringAngle>
      <velocity>8.0</velocity>
      <orientation>0.44879082634175804</orientation>
      <time>24</time>
    </ksState>
    <ksState>
      <x>-360.7911259987017</x>
      <y>723.0933389882215</y>
      <steeringAngle>0.0</steeringAngle>
      <velocity>8.0</velocity>
      <orientation>0.44879082634175804</orientation>
      <time>25</time>
    </ksState>
    <ksState>
      <x>-360.10266924871104</x>
      <y>723.4153169717678</y>
      <steeringAngle>-0.03553333333333333</steeringAngle>
      <velocity>7.199999999999999</velocity>
      <orientation>0.44364581335926573</orientation>
      <time>26</time>
    </ksState>
    <ksState>
      <x>-359.4782942005598</x>
      <y>723.6853585871877</y>
      <steeringAngle>-0.07106666666666664</steeringAngle>
      <velocity>6.400000000000001</velocity>
      <orientation>0.42966914123830263</orientation>
      <time>27</time>
    </ksState>
    <ksState>
      <x>-358.91851055968533</x>
      <y>723.9032269770368</y>
      <steeringAngle>-0.10659999999999997</steeringAngle>
      <velocity>5.600000000000004</velocity>
      <orientation>0.40903737337242124</orientation>
      <time>28</time>
    </ksState>
    <ksState>
      <x>-358.42518432901767</x>
      <y>724.0713617734813</y>
      <steeringAngle>-0.1421333333333333</steeringAngle>
      <velocity>4.800000000000003</velocity>
      <orientation>0.383921165863773</orientation>
      <time>29</time>
    </ksState>
    <ksState>
      <x>-358.0009721797063</x>
      <y>724.1943920869726</y>
      <steeringAngle>-0.17766666666666653</steeringAngle>
      <velocity>4.000000000000006</velocity>
      <orientation>0.35649626927862316</orientation>
      <time>30</time>
    </ksState>
    <ksState>
      <x>-357.6512795312499</x>
      <y>724.2857924143917</y>
      <steeringAngle>-0.1421333333333333</steeringAngle>
      <velocity>3.1999999999999993</velocity>
      <orientation>0.3338863543051808</orientation>
      <time>31</time>
    </ksState>
    <ksState>
      <x>-357.3798474427547</x>
      <y>724.3572420268663</y>
      <steeringAngle>-0.10659999999999997</steeringAngle>
      <velocity>2.3999999999999977</velocity>
      <orientation>0.3202187134344735</orientation>
      <time>32</time>
    </ksState>
    <ksState>
      <x>-357.18667897100516</x>
      <y>724.4100235882104</y>
      <steeringAngle>-0.07106666666666664</steeringAngle>
      <velocity>1.5999999999999976</velocity>
      <orientation>0.31321800758125434</orientation>
      <time>33</time>
    </ksState>
  </ksTrajectory>
</CommonRoadSolution>
