<?xml version="1.0" ?>
<CommonRoadSolution benchmark_id="KS2:SM1:BEL_Nivelles-16_2_T-1:2020a" computation_time="0.39249026900006356" date="2022-12-18T12:01:12">
  <ksTrajectory planningProblem="1">
    <ksState>
      <x>-500.27479</x>
      <y>-487.31406</y>
      <steeringAngle>0.0</steeringAngle>
      <velocity>16.0</velocity>
      <orientation>1.1094622</orientation>
      <time>0</time>
    </ksState>
    <ksState>
      <x>-499.58036667184825</x>
      <y>-485.91714330947264</y>
      <steeringAngle>0.0</steeringAngle>
      <velocity>15.2</velocity>
      <orientation>1.1094622</orientation>
      <time>1</time>
    </ksState>
    <ksState>
      <x>-498.92155479667315</x>
      <y>-484.5918633728104</y>
      <steeringAngle>0.0</steeringAngle>
      <velocity>14.400000000000002</velocity>
      <orientation>1.1094622</orientation>
      <time>2</time>
    </ksState>
    <ksState>
      <x>-498.29835437430995</x>
      <y>-483.33822018968186</y>
      <steeringAngle>0.0</steeringAngle>
      <velocity>13.600000000000001</velocity>
      <orientation>1.1094622</orientation>
      <time>3</time>
    </ksState>
    <ksState>
      <x>-497.7107654047087</x>
      <y>-482.1562137599866</y>
      <steeringAngle>0.0</steeringAngle>
      <velocity>12.800000000000004</velocity>
      <orientation>1.1094622</orientation>
      <time>4</time>
    </ksState>
    <ksState>
      <x>-497.1587878878537</x>
      <y>-481.04584408369294</y>
      <steeringAngle>0.0</steeringAngle>
      <velocity>12.000000000000002</velocity>
      <orientation>1.1094622</orientation>
      <time>5</time>
    </ksState>
    <ksState>
      <x>-496.64242182343725</x>
      <y>-480.007111160182</y>
      <steeringAngle>0.0</steeringAngle>
      <velocity>11.200000000000001</velocity>
      <orientation>1.1094622</orientation>
      <time>6</time>
    </ksState>
    <ksState>
      <x>-496.1616672119549</x>
      <y>-479.0400149904506</y>
      <steeringAngle>0.0</steeringAngle>
      <velocity>10.4</velocity>
      <orientation>1.1094622</orientation>
      <time>7</time>
    </ksState>
    <ksState>
      <x>-495.7165240532688</x>
      <y>-478.14455557422144</y>
      <steeringAngle>0.0</steeringAngle>
      <velocity>9.599999999999998</velocity>
      <orientation>1.1094622</orientation>
      <time>8</time>
    </ksState>
    <ksState>
      <x>-495.30699234733976</x>
      <y>-477.3207329114157</y>
      <steeringAngle>0.0</steeringAngle>
      <velocity>8.799999999999999</velocity>
      <orientation>1.1094622</orientation>
      <time>9</time>
    </ksState>
    <ksState>
      <x>-494.933072094155</x>
      <y>-476.56854700200756</y>
      <steeringAngle>0.0</steeringAngle>
      <velocity>7.999999999999997</velocity>
      <orientation>1.1094622</orientation>
      <time>10</time>
    </ksState>
    <ksState>
      <x>-494.5870609761399</x>
      <y>-475.89185000577794</y>
      <steeringAngle>-0.03553333333333333</steeringAngle>
      <velocity>7.199999999999999</velocity>
      <orientation>1.1043171870175077</orientation>
      <time>11</time>
    </ksState>
    <ksState>
      <x>-494.25977691400897</x>
      <y>-475.2954844991567</y>
      <steeringAngle>-0.07106666666666664</steeringAngle>
      <velocity>6.400000000000001</velocity>
      <orientation>1.0903405148965446</orientation>
      <time>12</time>
    </ksState>
    <ksState>
      <x>-493.9514770143148</x>
      <y>-474.77995027940534</y>
      <steeringAngle>-0.10659999999999997</steeringAngle>
      <velocity>5.600000000000004</velocity>
      <orientation>1.0697087470306632</orientation>
      <time>13</time>
    </ksState>
    <ksState>
      <x>-493.66513170962867</x>
      <y>-474.344466128001</y>
      <steeringAngle>-0.1421333333333333</steeringAngle>
      <velocity>4.800000000000003</velocity>
      <orientation>1.044592539522015</orientation>
      <time>14</time>
    </ksState>
    <ksState>
      <x>-493.4056792956554</x>
      <y>-473.9870072484854</y>
      <steeringAngle>-0.17766666666666653</steeringAngle>
      <velocity>4.000000000000006</velocity>
      <orientation>1.0171676429368652</orientation>
      <time>15</time>
    </ksState>
    <ksState>
      <x>-493.17929405031117</x>
      <y>-473.70440377098515</y>
      <steeringAngle>-0.21319999999999997</steeringAngle>
      <velocity>3.2</velocity>
      <orientation>0.9896260973734305</orientation>
      <time>16</time>
    </ksState>
    <ksState>
      <x>-492.9926982620805</x>
      <y>-473.49255308942503</y>
      <steeringAngle>-0.24873333333333342</steeringAngle>
      <velocity>2.4000000000000004</velocity>
      <orientation>0.9641878669867812</orientation>
      <time>17</time>
    </ksState>
    <ksState>
      <x>-492.8525461533792</x>
      <y>-473.3467725844862</y>
      <steeringAngle>-0.2842666666666668</steeringAngle>
      <velocity>1.600000000000001</velocity>
      <orientation>0.9431129671962014</orientation>
      <time>18</time>
    </ksState>
    <ksState>
      <x>-492.7648979807175</x>
      <y>-473.26229508919386</y>
      <steeringAngle>-0.3197999999999999</steeringAngle>
      <velocity>0.8000000000000007</velocity>
      <orientation>0.928714539895497</orientation>
      <time>19</time>
    </ksState>
    <ksState>
      <x>-492.73478528560577</x>
      <y>-473.23489159644066</y>
      <steeringAngle>-0.3553333333333332</steeringAngle>
      <velocity>5.551115123125783e-16</velocity>
      <orientation>0.9233728982597676</orientation>
      <time>20</time>
    </ksState>
    <ksState>
      <x>-492.73478528560577</x>
      <y>-473.23489159644066</y>
      <steeringAngle>-0.3198</steeringAngle>
      <velocity>0.0</velocity>
      <orientation>0.9233728982597676</orientation>
      <time>21</time>
    </ksState>
    <ksState>
      <x>-492.73478528560577</x>
      <y>-473.23489159644066</y>
      <steeringAngle>-0.2842666666666666</steeringAngle>
      <velocity>0.0</velocity>
      <orientation>0.9233728982597676</orientation>
      <time>22</time>
    </ksState>
    <ksState>
      <x>-492.73478528560577</x>
      <y>-473.23489159644066</y>
      <steeringAngle>-0.24873333333333333</steeringAngle>
      <velocity>0.0</velocity>
      <orientation>0.9233728982597676</orientation>
      <time>23</time>
    </ksState>
    <ksState>
      <x>-492.73478528560577</x>
      <y>-473.23489159644066</y>
      <steeringAngle>-0.21320000000000003</steeringAngle>
      <velocity>0.0</velocity>
      <orientation>0.9233728982597676</orientation>
      <time>24</time>
    </ksState>
    <ksState>
      <x>-492.73478528560577</x>
      <y>-473.23489159644066</y>
      <steeringAngle>-0.1776666666666667</steeringAngle>
      <velocity>0.0</velocity>
      <orientation>0.9233728982597676</orientation>
      <time>25</time>
    </ksState>
    <ksState>
      <x>-492.73478528560577</x>
      <y>-473.23489159644066</y>
      <steeringAngle>-0.14213333333333336</steeringAngle>
      <velocity>0.0</velocity>
      <orientation>0.9233728982597676</orientation>
      <time>26</time>
    </ksState>
    <ksState>
      <x>-492.73478528560577</x>
      <y>-473.23489159644066</y>
      <steeringAngle>-0.10660000000000001</steeringAngle>
      <velocity>0.0</velocity>
      <orientation>0.9233728982597676</orientation>
      <time>27</time>
    </ksState>
    <ksState>
      <x>-492.73478528560577</x>
      <y>-473.23489159644066</y>
      <steeringAngle>-0.07106666666666668</steeringAngle>
      <velocity>0.0</velocity>
      <orientation>0.9233728982597676</orientation>
      <time>28</time>
    </ksState>
    <ksState>
      <x>-492.73478528560577</x>
      <y>-473.23489159644066</y>
      <steeringAngle>-0.03553333333333333</steeringAngle>
      <velocity>0.0</velocity>
      <orientation>0.9233728982597676</orientation>
      <time>29</time>
    </ksState>
    <ksState>
      <x>-492.73478528560577</x>
      <y>-473.23489159644066</y>
      <steeringAngle>-0.0</steeringAngle>
      <velocity>0.0</velocity>
      <orientation>0.9233728982597676</orientation>
      <time>30</time>
    </ksState>
    <ksState>
      <x>-492.73478528560577</x>
      <y>-473.23489159644066</y>
      <steeringAngle>0.0</steeringAngle>
      <velocity>0.0</velocity>
      <orientation>0.9233728982597676</orientation>
      <time>31</time>
    </ksState>
    <ksState>
      <x>-492.73478528560577</x>
      <y>-473.23489159644066</y>
      <steeringAngle>0.0</steeringAngle>
      <velocity>0.0</velocity>
      <orientation>0.9233728982597676</orientation>
      <time>32</time>
    </ksState>
    <ksState>
      <x>-492.73478528560577</x>
      <y>-473.23489159644066</y>
      <steeringAngle>0.0</steeringAngle>
      <velocity>0.0</velocity>
      <orientation>0.9233728982597676</orientation>
      <time>33</time>
    </ksState>
  </ksTrajectory>
</CommonRoadSolution>
