<?xml version="1.0" ?>
<CommonRoadSolution benchmark_id="KS2:SM1:DEU_Ibbenbueren-16_5_T-1:2020a" computation_time="0.7700865500000873" date="2022-12-18T12:01:12">
  <ksTrajectory planningProblem="1">
    <ksState>
      <x>131.99854</x>
      <y>-871.26881</y>
      <steeringAngle>0.0</steeringAngle>
      <velocity>8.0</velocity>
      <orientation>-2.2950267</orientation>
      <time>0</time>
    </ksState>
    <ksState>
      <x>131.50145919385818</x>
      <y>-871.8437475537062</y>
      <steeringAngle>0.03553333333333333</steeringAngle>
      <velocity>7.199999999999999</velocity>
      <orientation>-2.289881687017508</orientation>
      <time>1</time>
    </ksState>
    <ksState>
      <x>131.07178534995813</x>
      <y>-872.3711440484619</y>
      <steeringAngle>0.07106666666666664</steeringAngle>
      <velocity>6.400000000000001</velocity>
      <orientation>-2.2759050148965447</orientation>
      <time>2</time>
    </ksState>
    <ksState>
      <x>130.70988502213802</x>
      <y>-872.8505734099009</y>
      <steeringAngle>0.10659999999999997</steeringAngle>
      <velocity>5.600000000000004</velocity>
      <orientation>-2.2552732470306633</orientation>
      <time>3</time>
    </ksState>
    <ksState>
      <x>130.41391803505155</x>
      <y>-873.2795764660615</y>
      <steeringAngle>0.1421333333333333</steeringAngle>
      <velocity>4.800000000000003</velocity>
      <orientation>-2.230157039522015</orientation>
      <time>4</time>
    </ksState>
    <ksState>
      <x>130.18015230380536</x>
      <y>-873.6543377081291</y>
      <steeringAngle>0.17766666666666653</steeringAngle>
      <velocity>4.000000000000006</velocity>
      <orientation>-2.202732142936865</orientation>
      <time>5</time>
    </ksState>
    <ksState>
      <x>129.9843479988214</x>
      <y>-874.0058202070037</y>
      <steeringAngle>0.21319999999999995</steeringAngle>
      <velocity>4.0</velocity>
      <orientation>-2.172024360299365</orientation>
      <time>6</time>
    </ksState>
    <ksState>
      <x>129.8073138950436</x>
      <y>-874.3681933134342</y>
      <steeringAngle>0.24873333333333336</steeringAngle>
      <velocity>4.0</velocity>
      <orientation>-2.1355455191766706</orientation>
      <time>7</time>
    </ksState>
    <ksState>
      <x>129.651841049189</x>
      <y>-874.7415695137067</y>
      <steeringAngle>0.2842666666666667</steeringAngle>
      <velocity>4.0</velocity>
      <orientation>-2.0931982853312228</orientation>
      <time>8</time>
    </ksState>
    <ksState>
      <x>129.52092725196653</x>
      <y>-875.1256656619965</y>
      <steeringAngle>0.31980000000000003</steeringAngle>
      <velocity>4.0</velocity>
      <orientation>-2.0448676039640876</orientation>
      <time>9</time>
    </ksState>
    <ksState>
      <x>129.41776262810143</x>
      <y>-875.5197275988402</y>
      <steeringAngle>0.35533333333333333</steeringAngle>
      <velocity>4.0</velocity>
      <orientation>-1.9904194027858093</orientation>
      <time>10</time>
    </ksState>
    <ksState>
      <x>129.34570019154734</x>
      <y>-875.9224456466958</y>
      <steeringAngle>0.39086666666666653</steeringAngle>
      <velocity>4.0</velocity>
      <orientation>-1.929699036479822</orientation>
      <time>11</time>
    </ksState>
    <ksState>
      <x>129.3082074650168</x>
      <y>-876.3318615474727</y>
      <steeringAngle>0.42639999999999995</steeringAngle>
      <velocity>4.0</velocity>
      <orientation>-1.8625294230234184</orientation>
      <time>12</time>
    </ksState>
    <ksState>
      <x>129.3087939848596</x>
      <y>-876.7452682528309</y>
      <steeringAngle>0.4619333333333333</steeringAngle>
      <velocity>4.0</velocity>
      <orientation>-1.7887088393910746</orientation>
      <time>13</time>
    </ksState>
    <ksState>
      <x>129.350909309144</x>
      <y>-877.1591051897036</y>
      <steeringAngle>0.49746666666666667</steeringAngle>
      <velocity>4.0</velocity>
      <orientation>-1.708008297577854</orientation>
      <time>14</time>
    </ksState>
    <ksState>
      <x>129.4378048569254</x>
      <y>-877.5688532578121</y>
      <steeringAngle>0.533</steeringAngle>
      <velocity>4.0</velocity>
      <orientation>-1.6201684309780455</orientation>
      <time>15</time>
    </ksState>
    <ksState>
      <x>129.57235236532918</x>
      <y>-877.9689360678876</y>
      <steeringAngle>0.5685333333333333</steeringAngle>
      <velocity>4.0</velocity>
      <orientation>-1.5248957913288157</orientation>
      <time>16</time>
    </ksState>
    <ksState>
      <x>129.75681114286675</x>
      <y>-878.3526369686828</y>
      <steeringAngle>0.6040666666666665</steeringAngle>
      <velocity>4.0</velocity>
      <orientation>-1.421858438110353</orientation>
      <time>17</time>
    </ksState>
    <ksState>
      <x>129.99253655301183</x>
      <y>-878.7120452514596</y>
      <steeringAngle>0.6396</steeringAngle>
      <velocity>4.0</velocity>
      <orientation>-1.3106806553348624</orientation>
      <time>18</time>
    </ksState>
    <ksState>
      <x>130.27962268420256</x>
      <y>-879.038050124619</y>
      <steeringAngle>0.6751333333333333</steeringAngle>
      <velocity>4.0</velocity>
      <orientation>-1.1909366064549318</orientation>
      <time>19</time>
    </ksState>
    <ksState>
      <x>130.61647464708594</x>
      <y>-879.3204073923735</y>
      <steeringAngle>0.7106666666666664</steeringAngle>
      <velocity>4.0</velocity>
      <orientation>-1.0621426687706212</orientation>
      <time>20</time>
    </ksState>
    <ksState>
      <x>130.99931032562216</x>
      <y>-879.5479116437218</y>
      <steeringAngle>0.7461999999999996</steeringAngle>
      <velocity>4.0</velocity>
      <orientation>-0.9237481154194045</orientation>
      <time>21</time>
    </ksState>
    <ksState>
      <x>131.42159918235365</x>
      <y>-879.7087161472034</y>
      <steeringAngle>0.7817333333333332</steeringAngle>
      <velocity>4.0</velocity>
      <orientation>-0.7751237132542308</orientation>
      <time>22</time>
    </ksState>
    <ksState>
      <x>131.87345862006768</x>
      <y>-879.7908530288928</y>
      <steeringAngle>0.8172666666666665</steeringAngle>
      <velocity>4.0</velocity>
      <orientation>-0.6155476600533856</orientation>
      <time>23</time>
    </ksState>
    <ksState>
      <x>132.34104845023603</x>
      <y>-879.7830171405429</y>
      <steeringAngle>0.8527999999999999</steeringAngle>
      <velocity>4.0</velocity>
      <orientation>-0.4441880966338747</orientation>
      <time>24</time>
    </ksState>
    <ksState>
      <x>132.80603461824336</x>
      <y>-879.6756857799163</y>
      <steeringAngle>0.888333333333333</steeringAngle>
      <velocity>4.0</velocity>
      <orientation>-0.26008114803623883</orientation>
      <time>25</time>
    </ksState>
    <ksState>
      <x>133.2016031364685</x>
      <y>-879.506597892463</y>
      <steeringAngle>0.8527999999999998</steeringAngle>
      <velocity>3.1999999999999997</velocity>
      <orientation>-0.09416361232479503</orientation>
      <time>26</time>
    </ksState>
    <ksState>
      <x>133.48710106085247</x>
      <y>-879.3451897044714</y>
      <steeringAngle>0.8172666666666667</steeringAngle>
      <velocity>2.3999999999999986</velocity>
      <orientation>0.02599206245561697</orientation>
      <time>27</time>
    </ksState>
    <ksState>
      <x>133.6791062857471</x>
      <y>-879.2184059860538</y>
      <steeringAngle>0.7817333333333332</steeringAngle>
      <velocity>1.5999999999999996</velocity>
      <orientation>0.10596917989296917</orientation>
      <time>28</time>
    </ksState>
    <ksState>
      <x>133.78995423279954</x>
      <y>-879.1398598783911</y>
      <steeringAngle>0.7461999999999998</steeringAngle>
      <velocity>0.7999999999999996</velocity>
      <orientation>0.15073270104256548</orientation>
      <time>29</time>
    </ksState>
    <ksState>
      <x>133.82632718612078</x>
      <y>-879.1138971744905</y>
      <steeringAngle>0.7106666666666661</steeringAngle>
      <velocity>-7.355227538141662e-16</velocity>
      <orientation>0.1647371471705027</orientation>
      <time>30</time>
    </ksState>
    <ksState>
      <x>133.82632718612078</x>
      <y>-879.1138971744905</y>
      <steeringAngle>0.6751333333333334</steeringAngle>
      <velocity>0.0</velocity>
      <orientation>0.1647371471705027</orientation>
      <time>31</time>
    </ksState>
    <ksState>
      <x>133.82632718612078</x>
      <y>-879.1138971744905</y>
      <steeringAngle>0.6396</steeringAngle>
      <velocity>0.0</velocity>
      <orientation>0.1647371471705027</orientation>
      <time>32</time>
    </ksState>
    <ksState>
      <x>133.82632718612078</x>
      <y>-879.1138971744905</y>
      <steeringAngle>0.6040666666666666</steeringAngle>
      <velocity>0.0</velocity>
      <orientation>0.1647371471705027</orientation>
      <time>33</time>
    </ksState>
  </ksTrajectory>
</CommonRoadSolution>
