<?xml version="1.0" ?>
<CommonRoadSolution benchmark_id="KS2:SM1:DEU_Flensburg-88_1_T-1:2020a" computation_time="1.246390976999919" date="2022-12-18T12:01:12">
  <ksTrajectory planningProblem="123">
    <ksState>
      <x>149.97527</x>
      <y>475.27158</y>
      <steeringAngle>0.0</steeringAngle>
      <velocity>0.0</velocity>
      <orientation>0.09095893</orientation>
      <time>0</time>
    </ksState>
    <ksState>
      <x>150.01505651667512</x>
      <y>475.2757399299832</y>
      <steeringAngle>0.03553333333333333</steeringAngle>
      <velocity>0.8</velocity>
      <orientation>0.09132646177824197</orientation>
      <time>1</time>
    </ksState>
    <ksState>
      <x>150.13420492378893</x>
      <y>475.2904691533391</y>
      <steeringAngle>0.0710666666666667</steeringAngle>
      <velocity>1.6</velocity>
      <orientation>0.09390130837022762</orientation>
      <time>2</time>
    </ksState>
    <ksState>
      <x>150.33229242889982</x>
      <y>475.3197857467023</y>
      <steeringAngle>0.10660000000000003</steeringAngle>
      <velocity>2.4000000000000004</velocity>
      <orientation>0.10090201260706483</orientation>
      <time>3</time>
    </ksState>
    <ksState>
      <x>150.60858574376218</x>
      <y>475.36913497743046</y>
      <steeringAngle>0.14213333333333342</steeringAngle>
      <velocity>3.2000000000000015</velocity>
      <orientation>0.11456965354788498</orientation>
      <time>4</time>
    </ksState>
    <ksState>
      <x>150.96171067278416</x>
      <y>475.44609051092226</y>
      <steeringAngle>0.17766666666666683</steeringAngle>
      <velocity>4.0000000000000036</velocity>
      <orientation>0.13717956942110512</orientation>
      <time>5</time>
    </ksState>
    <ksState>
      <x>151.38996666567573</x>
      <y>475.5560051475335</y>
      <steeringAngle>0.17766666666666667</steeringAngle>
      <velocity>4.800000000000002</velocity>
      <orientation>0.1678151064634393</orientation>
      <time>6</time>
    </ksState>
    <ksState>
      <x>151.89145648254274</x>
      <y>475.7027411511592</y>
      <steeringAngle>0.17766666666666667</steeringAngle>
      <velocity>5.600000000000001</velocity>
      <orientation>0.2040207411399793</orientation>
      <time>7</time>
    </ksState>
    <ksState>
      <x>152.46304856554553</x>
      <y>475.8944757332193</y>
      <steeringAngle>0.17766666666666667</steeringAngle>
      <velocity>6.3999999999999995</velocity>
      <orientation>0.24579647344961925</orientation>
      <time>8</time>
    </ksState>
    <ksState>
      <x>153.10051686847305</x>
      <y>476.1404112480094</y>
      <steeringAngle>0.17766666666666667</steeringAngle>
      <velocity>7.200000000000002</velocity>
      <orientation>0.29314230339171615</orientation>
      <time>9</time>
    </ksState>
    <ksState>
      <x>153.79829648342923</x>
      <y>476.4506293352118</y>
      <steeringAngle>0.17766666666666667</steeringAngle>
      <velocity>8.0</velocity>
      <orientation>0.34605823096586624</orientation>
      <time>10</time>
    </ksState>
    <ksState>
      <x>154.51398394720295</x>
      <y>476.8165588324447</y>
      <steeringAngle>0.17766666666666667</steeringAngle>
      <velocity>8.0</velocity>
      <orientation>0.40175920727637804</orientation>
      <time>11</time>
    </ksState>
    <ksState>
      <x>155.2081893953763</x>
      <y>477.22176470318965</y>
      <steeringAngle>0.17766666666666667</steeringAngle>
      <velocity>8.0</velocity>
      <orientation>0.4574601835868898</orientation>
      <time>12</time>
    </ksState>
    <ksState>
      <x>155.87875951124488</x>
      <y>477.66499006900267</y>
      <steeringAngle>0.17766666666666667</steeringAngle>
      <velocity>8.0</velocity>
      <orientation>0.5131611598974015</orientation>
      <time>13</time>
    </ksState>
    <ksState>
      <x>156.52361432276268</x>
      <y>478.14486013497697</y>
      <steeringAngle>0.17766666666666667</steeringAngle>
      <velocity>8.0</velocity>
      <orientation>0.5688621362079133</orientation>
      <time>14</time>
    </ksState>
    <ksState>
      <x>157.14075362174256</x>
      <y>478.6598864425652</y>
      <steeringAngle>0.17766666666666667</steeringAngle>
      <velocity>8.0</velocity>
      <orientation>0.6245631125184251</orientation>
      <time>15</time>
    </ksState>
    <ksState>
      <x>157.73424870794398</x>
      <y>479.2009997506764</y>
      <steeringAngle>0.14213333333333336</steeringAngle>
      <velocity>8.0</velocity>
      <orientation>0.6745979240671736</orientation>
      <time>16</time>
    </ksState>
    <ksState>
      <x>158.31340220177484</x>
      <y>479.75564156312</y>
      <steeringAngle>0.1066000000000001</steeringAngle>
      <velocity>8.0</velocity>
      <orientation>0.7133817760741709</orientation>
      <time>17</time>
    </ksState>
    <ksState>
      <x>158.88438874771876</x>
      <y>480.31736854185414</y>
      <steeringAngle>0.07106666666666674</steeringAngle>
      <velocity>8.0</velocity>
      <orientation>0.7410142551038578</orientation>
      <time>18</time>
    </ksState>
    <ksState>
      <x>159.4535790128708</x>
      <y>480.8800380105335</y>
      <steeringAngle>0.035533333333333354</steeringAngle>
      <velocity>8.0</velocity>
      <orientation>0.7575657757328871</orientation>
      <time>19</time>
    </ksState>
    <ksState>
      <x>160.02735779720138</x>
      <y>481.4375765400964</y>
      <steeringAngle>2.0816681711721685e-17</steeringAngle>
      <velocity>8.0</velocity>
      <orientation>0.7630783021912919</orientation>
      <time>20</time>
    </ksState>
    <ksState>
      <x>160.599073456642</x>
      <y>481.99720979493515</y>
      <steeringAngle>0.03553333333333333</steeringAngle>
      <velocity>8.0</velocity>
      <orientation>0.7685908371941307</orientation>
      <time>21</time>
    </ksState>
    <ksState>
      <x>161.15356607442715</x>
      <y>482.57430858271874</y>
      <steeringAngle>0.07106666666666667</steeringAngle>
      <velocity>8.0</velocity>
      <orientation>0.7851423580744004</orientation>
      <time>22</time>
    </ksState>
    <ksState>
      <x>161.68386942478145</x>
      <y>483.17449581952565</y>
      <steeringAngle>0.10659999999999997</steeringAngle>
      <velocity>8.0</velocity>
      <orientation>0.8127748373650953</orientation>
      <time>23</time>
    </ksState>
    <ksState>
      <x>162.18221148530694</x>
      <y>483.8026174515881</y>
      <steeringAngle>0.1421333333333333</steeringAngle>
      <velocity>8.0</velocity>
      <orientation>0.8515586896378302</orientation>
      <time>24</time>
    </ksState>
    <ksState>
      <x>162.6398623305406</x>
      <y>484.4624515676296</y>
      <steeringAngle>0.17766666666666667</steeringAngle>
      <velocity>8.0</velocity>
      <orientation>0.9015935018869848</orientation>
      <time>25</time>
    </ksState>
    <ksState>
      <x>163.0549329285178</x>
      <y>485.15080419633307</y>
      <steeringAngle>0.17766666666666667</steeringAngle>
      <velocity>8.0</velocity>
      <orientation>0.9572944781974966</orientation>
      <time>26</time>
    </ksState>
    <ksState>
      <x>163.43103772696048</x>
      <y>485.86119717388004</y>
      <steeringAngle>0.17766666666666667</steeringAngle>
      <velocity>8.0</velocity>
      <orientation>1.0129954545080084</orientation>
      <time>27</time>
    </ksState>
    <ksState>
      <x>163.76701010404292</x>
      <y>486.5914269781428</y>
      <steeringAngle>0.17766666666666667</steeringAngle>
      <velocity>8.0</velocity>
      <orientation>1.06869643081852</orientation>
      <time>28</time>
    </ksState>
    <ksState>
      <x>164.061807941825</x>
      <y>487.33922858485073</y>
      <steeringAngle>0.17766666666666667</steeringAngle>
      <velocity>8.0</velocity>
      <orientation>1.124397407129032</orientation>
      <time>29</time>
    </ksState>
    <ksState>
      <x>164.31451683719166</x>
      <y>488.10228246634</y>
      <steeringAngle>0.17766666666666667</steeringAngle>
      <velocity>8.0</velocity>
      <orientation>1.1800983834395438</orientation>
      <time>30</time>
    </ksState>
    <ksState>
      <x>164.5243529107441</x>
      <y>488.8782217455263</y>
      <steeringAngle>0.17766666666666667</steeringAngle>
      <velocity>8.0</velocity>
      <orientation>1.2357993597500556</orientation>
      <time>31</time>
    </ksState>
    <ksState>
      <x>164.69066533403725</x>
      <y>489.6646396877288</y>
      <steeringAngle>0.17766666666666667</steeringAngle>
      <velocity>8.0</velocity>
      <orientation>1.2915003360605672</orientation>
      <time>32</time>
    </ksState>
    <ksState>
      <x>164.8129382269288</x>
      <y>490.45909695206717</y>
      <steeringAngle>0.17766666666666667</steeringAngle>
      <velocity>8.0</velocity>
      <orientation>1.3472013123710789</orientation>
      <time>33</time>
    </ksState>
    <ksState>
      <x>164.89079232379618</x>
      <y>491.2591292937615</y>
      <steeringAngle>0.17766666666666667</steeringAngle>
      <velocity>8.0</velocity>
      <orientation>1.4029022886815907</orientation>
      <time>34</time>
    </ksState>
    <ksState>
      <x>164.92398613666455</x>
      <y>492.06225517594976</y>
      <steeringAngle>0.17766666666666667</steeringAngle>
      <velocity>8.0</velocity>
      <orientation>1.4586032649921026</orientation>
      <time>35</time>
    </ksState>
    <ksState>
      <x>164.92289385722077</x>
      <y>492.82525727217484</y>
      <steeringAngle>0.1421333333333334</steeringAngle>
      <velocity>7.2</velocity>
      <orientation>1.5062305867377395</orientation>
      <time>36</time>
    </ksState>
    <ksState>
      <x>164.9080279405959</x>
      <y>493.50672590804453</y>
      <steeringAngle>0.10660000000000011</steeringAngle>
      <velocity>6.4</velocity>
      <orientation>1.5392901571857074</orientation>
      <time>37</time>
    </ksState>
    <ksState>
      <x>164.89065967498684</x>
      <y>494.10721491709853</y>
      <steeringAngle>0.07106666666666674</steeringAngle>
      <velocity>5.600000000000001</velocity>
      <orientation>1.5601071054795959</orientation>
      <time>38</time>
    </ksState>
    <ksState>
      <x>164.87764880998233</x>
      <y>494.6272879368144</y>
      <steeringAngle>0.03553333333333339</steeringAngle>
      <velocity>4.800000000000001</velocity>
      <orientation>1.570957715137259</orientation>
      <time>39</time>
    </ksState>
    <ksState>
      <x>164.8722243051237</x>
      <y>495.06727899276535</y>
      <steeringAngle>5.5294310796760726e-17</steeringAngle>
      <velocity>4.0</velocity>
      <orientation>1.5740814909744243</orientation>
      <time>40</time>
    </ksState>
    <ksState>
      <x>164.87568830899195</x>
      <y>495.5072853678575</y>
      <steeringAngle>-0.035533333333333326</steeringAngle>
      <velocity>4.799999999999999</velocity>
      <orientation>1.5709577123052334</orientation>
      <time>41</time>
    </ksState>
    <ksState>
      <x>164.8935515725174</x>
      <y>496.02719586896995</y>
      <steeringAngle>-0.07106666666666667</steeringAngle>
      <velocity>5.599999999999998</velocity>
      <orientation>1.5601071012440606</orientation>
      <time>42</time>
    </ksState>
    <ksState>
      <x>164.93540232039615</x>
      <y>496.6264353078879</y>
      <steeringAngle>-0.10659999999999999</steeringAngle>
      <velocity>6.3999999999999995</velocity>
      <orientation>1.5392901522437328</orientation>
      <time>43</time>
    </ksState>
    <ksState>
      <x>165.01449245861153</x>
      <y>497.3033871940389</y>
      <steeringAngle>-0.14213333333333333</steeringAngle>
      <velocity>7.199999999999999</velocity>
      <orientation>1.5062305812625676</orientation>
      <time>44</time>
    </ksState>
    <ksState>
      <x>165.1483789163256</x>
      <y>498.05442877128644</y>
      <steeringAngle>-0.17766666666666664</steeringAngle>
      <velocity>7.9999999999999964</velocity>
      <orientation>1.458603259181021</orientation>
      <time>45</time>
    </ksState>
    <ksState>
      <x>165.32904759554916</x>
      <y>498.8369879434312</y>
      <steeringAngle>-0.14213333333333336</steeringAngle>
      <velocity>8.0</velocity>
      <orientation>1.4085684476322726</orientation>
      <time>46</time>
    </ksState>
    <ksState>
      <x>165.5285384011375</x>
      <y>499.6136794703664</y>
      <steeringAngle>-0.1066000000000001</steeringAngle>
      <velocity>8.0</velocity>
      <orientation>1.3697845956252752</orientation>
      <time>47</time>
    </ksState>
    <ksState>
      <x>165.73820833157419</x>
      <y>500.38672627008646</y>
      <steeringAngle>-0.07106666666666674</steeringAngle>
      <velocity>8.0</velocity>
      <orientation>1.3421521165955883</orientation>
      <time>48</time>
    </ksState>
    <ksState>
      <x>165.94958033861312</x>
      <y>501.1586695086527</y>
      <steeringAngle>-0.035533333333333354</steeringAngle>
      <velocity>8.0</velocity>
      <orientation>1.3256005959665589</orientation>
      <time>49</time>
    </ksState>
    <ksState>
      <x>166.1542308003439</x>
      <y>501.9320966182167</y>
      <steeringAngle>-2.0816681711721685e-17</steeringAngle>
      <velocity>8.0</velocity>
      <orientation>1.320088069508154</orientation>
      <time>50</time>
    </ksState>
    <ksState>
      <x>166.352702909486</x>
      <y>502.7070861806578</y>
      <steeringAngle>0.0</steeringAngle>
      <velocity>8.0</velocity>
      <orientation>1.320088069508154</orientation>
      <time>51</time>
    </ksState>
    <ksState>
      <x>166.5511750186281</x>
      <y>503.48207574309896</y>
      <steeringAngle>0.0</steeringAngle>
      <velocity>8.0</velocity>
      <orientation>1.320088069508154</orientation>
      <time>52</time>
    </ksState>
    <ksState>
      <x>166.74964712777017</x>
      <y>504.2570653055401</y>
      <steeringAngle>0.0</steeringAngle>
      <velocity>8.0</velocity>
      <orientation>1.320088069508154</orientation>
      <time>53</time>
    </ksState>
    <ksState>
      <x>166.94811923691228</x>
      <y>505.0320548679812</y>
      <steeringAngle>0.0</steeringAngle>
      <velocity>8.0</velocity>
      <orientation>1.320088069508154</orientation>
      <time>54</time>
    </ksState>
    <ksState>
      <x>167.14659134605438</x>
      <y>505.8070444304223</y>
      <steeringAngle>0.0</steeringAngle>
      <velocity>8.0</velocity>
      <orientation>1.320088069508154</orientation>
      <time>55</time>
    </ksState>
    <ksState>
      <x>167.34506345519648</x>
      <y>506.58203399286344</y>
      <steeringAngle>0.0</steeringAngle>
      <velocity>8.0</velocity>
      <orientation>1.320088069508154</orientation>
      <time>56</time>
    </ksState>
    <ksState>
      <x>167.54353556433858</x>
      <y>507.3570235553046</y>
      <steeringAngle>0.0</steeringAngle>
      <velocity>8.0</velocity>
      <orientation>1.320088069508154</orientation>
      <time>57</time>
    </ksState>
    <ksState>
      <x>167.74200767348066</x>
      <y>508.1320131177457</y>
      <steeringAngle>0.0</steeringAngle>
      <velocity>8.0</velocity>
      <orientation>1.320088069508154</orientation>
      <time>58</time>
    </ksState>
    <ksState>
      <x>167.94047978262276</x>
      <y>508.9070026801868</y>
      <steeringAngle>0.0</steeringAngle>
      <velocity>8.0</velocity>
      <orientation>1.320088069508154</orientation>
      <time>59</time>
    </ksState>
    <ksState>
      <x>168.13895189176486</x>
      <y>509.6819922426279</y>
      <steeringAngle>0.0</steeringAngle>
      <velocity>8.0</velocity>
      <orientation>1.320088069508154</orientation>
      <time>60</time>
    </ksState>
    <ksState>
      <x>168.33742400090696</x>
      <y>510.45698180506906</y>
      <steeringAngle>0.0</steeringAngle>
      <velocity>8.0</velocity>
      <orientation>1.320088069508154</orientation>
      <time>61</time>
    </ksState>
    <ksState>
      <x>168.53589611004907</x>
      <y>511.2319713675102</y>
      <steeringAngle>0.0</steeringAngle>
      <velocity>8.0</velocity>
      <orientation>1.320088069508154</orientation>
      <time>62</time>
    </ksState>
    <ksState>
      <x>168.73436821919114</x>
      <y>512.0069609299513</y>
      <steeringAngle>0.0</steeringAngle>
      <velocity>8.0</velocity>
      <orientation>1.320088069508154</orientation>
      <time>63</time>
    </ksState>
    <ksState>
      <x>168.93284032833324</x>
      <y>512.7819504923924</y>
      <steeringAngle>0.0</steeringAngle>
      <velocity>8.0</velocity>
      <orientation>1.320088069508154</orientation>
      <time>64</time>
    </ksState>
    <ksState>
      <x>169.13131243747534</x>
      <y>513.5569400548336</y>
      <steeringAngle>0.0</steeringAngle>
      <velocity>8.0</velocity>
      <orientation>1.320088069508154</orientation>
      <time>65</time>
    </ksState>
    <ksState>
      <x>169.32978454661745</x>
      <y>514.3319296172747</y>
      <steeringAngle>0.0</steeringAngle>
      <velocity>8.0</velocity>
      <orientation>1.320088069508154</orientation>
      <time>66</time>
    </ksState>
    <ksState>
      <x>169.52825665575955</x>
      <y>515.1069191797159</y>
      <steeringAngle>0.0</steeringAngle>
      <velocity>8.0</velocity>
      <orientation>1.320088069508154</orientation>
      <time>67</time>
    </ksState>
    <ksState>
      <x>169.72672876490162</x>
      <y>515.881908742157</y>
      <steeringAngle>0.0</steeringAngle>
      <velocity>8.0</velocity>
      <orientation>1.320088069508154</orientation>
      <time>68</time>
    </ksState>
    <ksState>
      <x>169.92520087404372</x>
      <y>516.6568983045981</y>
      <steeringAngle>0.0</steeringAngle>
      <velocity>8.0</velocity>
      <orientation>1.320088069508154</orientation>
      <time>69</time>
    </ksState>
    <ksState>
      <x>170.12367298318583</x>
      <y>517.4318878670392</y>
      <steeringAngle>0.0</steeringAngle>
      <velocity>8.0</velocity>
      <orientation>1.320088069508154</orientation>
      <time>70</time>
    </ksState>
    <ksState>
      <x>170.3131176181987</x>
      <y>518.2091644622328</y>
      <steeringAngle>0.03553333333333333</steeringAngle>
      <velocity>8.0</velocity>
      <orientation>1.325600604510993</orientation>
      <time>71</time>
    </ksState>
    <ksState>
      <x>170.47870949197585</x>
      <y>518.9921615282418</y>
      <steeringAngle>0.07106666666666667</steeringAngle>
      <velocity>8.0</velocity>
      <orientation>1.3421521253912625</orientation>
      <time>72</time>
    </ksState>
    <ksState>
      <x>170.61156283910228</x>
      <y>519.7819693218094</y>
      <steeringAngle>0.10659999999999997</steeringAngle>
      <velocity>8.0</velocity>
      <orientation>1.3697846046819573</orientation>
      <time>73</time>
    </ksState>
    <ksState>
      <x>170.70251864737762</x>
      <y>520.5785925921791</y>
      <steeringAngle>0.1421333333333333</steeringAngle>
      <velocity>8.0</velocity>
      <orientation>1.4085684569546923</orientation>
      <time>74</time>
    </ksState>
    <ksState>
      <x>170.74216932169162</x>
      <y>521.3806232529782</y>
      <steeringAngle>0.17766666666666667</steeringAngle>
      <velocity>8.0</velocity>
      <orientation>1.4586032692038469</orientation>
      <time>75</time>
    </ksState>
    <ksState>
      <x>170.7233312696177</x>
      <y>522.1447133053557</y>
      <steeringAngle>0.21320000000000014</steeringAngle>
      <velocity>7.200000000000003</velocity>
      <orientation>1.5168525962753396</orientation>
      <time>76</time>
    </ksState>
    <ksState>
      <x>170.65146383210603</x>
      <y>522.8264363113609</y>
      <steeringAngle>0.24873333333333347</steeringAngle>
      <velocity>6.400000000000004</velocity>
      <orientation>1.5787696837611191</orientation>
      <time>77</time>
    </ksState>
    <ksState>
      <x>170.5379611330832</x>
      <y>523.422301668328</y>
      <steeringAngle>0.2842666666666668</steeringAngle>
      <velocity>5.600000000000001</velocity>
      <orientation>1.6421918265250401</orientation>
      <time>78</time>
    </ksState>
    <ksState>
      <x>170.39620659975557</x>
      <y>523.9303553254528</y>
      <steeringAngle>0.3198</steeringAngle>
      <velocity>4.800000000000002</velocity>
      <orientation>1.7049209262669929</orientation>
      <time>79</time>
    </ksState>
    <ksState>
      <x>170.24070786993627</x>
      <y>524.350538435351</y>
      <steeringAngle>0.3553333333333332</steeringAngle>
      <velocity>4.000000000000001</velocity>
      <orientation>1.7647107603152077</orientation>
      <time>80</time>
    </ksState>
    <ksState>
      <x>170.0677569923429</x>
      <y>524.7212982157622</y>
      <steeringAngle>0.39086666666666653</steeringAngle>
      <velocity>4.0</velocity>
      <orientation>1.8254311266211949</orientation>
      <time>81</time>
    </ksState>
    <ksState>
      <x>169.86268497549477</x>
      <y>525.0776302971939</y>
      <steeringAngle>0.42639999999999995</steeringAngle>
      <velocity>4.0</velocity>
      <orientation>1.8926007400775986</orientation>
      <time>82</time>
    </ksState>
    <ksState>
      <x>169.62418098433108</x>
      <y>525.4153006900917</y>
      <steeringAngle>0.4619333333333333</steeringAngle>
      <velocity>4.0</velocity>
      <orientation>1.9664213237099424</orientation>
      <time>83</time>
    </ksState>
    <ksState>
      <x>169.35147465129995</x>
      <y>525.7294120824105</y>
      <steeringAngle>0.49746666666666667</steeringAngle>
      <velocity>4.0</velocity>
      <orientation>2.0471218655231627</orientation>
      <time>84</time>
    </ksState>
    <ksState>
      <x>169.04450949541894</x>
      <y>526.0143975357546</y>
      <steeringAngle>0.533</steeringAngle>
      <velocity>4.0</velocity>
      <orientation>2.1349617321229717</orientation>
      <time>85</time>
    </ksState>
    <ksState>
      <x>168.73937878272213</x>
      <y>526.240661389093</y>
      <steeringAngle>0.5685333333333333</steeringAngle>
      <velocity>3.199999999999999</velocity>
      <orientation>2.2205805853198246</orientation>
      <time>86</time>
    </ksState>
    <ksState>
      <x>168.48294578975418</x>
      <y>526.392544708817</y>
      <steeringAngle>0.6040666666666664</steeringAngle>
      <velocity>2.3999999999999995</velocity>
      <orientation>2.292574330133043</orientation>
      <time>87</time>
    </ksState>
    <ksState>
      <x>168.28901682291175</x>
      <y>526.4852398805241</y>
      <steeringAngle>0.6395999999999996</steeringAngle>
      <velocity>1.5999999999999983</velocity>
      <orientation>2.348024164909056</orientation>
      <time>88</time>
    </ksState>
    <ksState>
      <x>168.16772765338516</x>
      <y>526.5329401419589</y>
      <steeringAngle>0.675133333333333</steeringAngle>
      <velocity>0.7999999999999986</velocity>
      <orientation>2.383800769827885</orientation>
      <time>89</time>
    </ksState>
    <ksState>
      <x>168.1261424774279</x>
      <y>526.5470211447923</y>
      <steeringAngle>0.7106666666666662</steeringAngle>
      <velocity>-1.27675647831893e-15</velocity>
      <orientation>2.396524966926493</orientation>
      <time>90</time>
    </ksState>
    <ksState>
      <x>168.1261424774279</x>
      <y>526.5470211447923</y>
      <steeringAngle>0.6751333333333334</steeringAngle>
      <velocity>0.0</velocity>
      <orientation>2.396524966926493</orientation>
      <time>91</time>
    </ksState>
    <ksState>
      <x>168.1261424774279</x>
      <y>526.5470211447923</y>
      <steeringAngle>0.6396</steeringAngle>
      <velocity>0.0</velocity>
      <orientation>2.396524966926493</orientation>
      <time>92</time>
    </ksState>
    <ksState>
      <x>168.1261424774279</x>
      <y>526.5470211447923</y>
      <steeringAngle>0.6040666666666666</steeringAngle>
      <velocity>0.0</velocity>
      <orientation>2.396524966926493</orientation>
      <time>93</time>
    </ksState>
    <ksState>
      <x>168.1261424774279</x>
      <y>526.5470211447923</y>
      <steeringAngle>0.5685333333333333</steeringAngle>
      <velocity>0.0</velocity>
      <orientation>2.396524966926493</orientation>
      <time>94</time>
    </ksState>
    <ksState>
      <x>168.1261424774279</x>
      <y>526.5470211447923</y>
      <steeringAngle>0.5329999999999999</steeringAngle>
      <velocity>0.0</velocity>
      <orientation>2.396524966926493</orientation>
      <time>95</time>
    </ksState>
    <ksState>
      <x>168.1261424774279</x>
      <y>526.5470211447923</y>
      <steeringAngle>0.49746666666666667</steeringAngle>
      <velocity>0.0</velocity>
      <orientation>2.396524966926493</orientation>
      <time>96</time>
    </ksState>
    <ksState>
      <x>168.1261424774279</x>
      <y>526.5470211447923</y>
      <steeringAngle>0.4619333333333333</steeringAngle>
      <velocity>0.0</velocity>
      <orientation>2.396524966926493</orientation>
      <time>97</time>
    </ksState>
    <ksState>
      <x>168.1261424774279</x>
      <y>526.5470211447923</y>
      <steeringAngle>0.42639999999999995</steeringAngle>
      <velocity>0.0</velocity>
      <orientation>2.396524966926493</orientation>
      <time>98</time>
    </ksState>
    <ksState>
      <x>168.1261424774279</x>
      <y>526.5470211447923</y>
      <steeringAngle>0.3908666666666666</steeringAngle>
      <velocity>0.0</velocity>
      <orientation>2.396524966926493</orientation>
      <time>99</time>
    </ksState>
  </ksTrajectory>
</CommonRoadSolution>
