<?xml version="1.0" ?>
<CommonRoadSolution benchmark_id="KS2:SM1:DEU_Hennigsdorf-15_3_T-1:2020a" computation_time="0.7358132529998329" date="2022-12-18T12:01:12">
  <ksTrajectory planningProblem="1">
    <ksState>
      <x>103.96642</x>
      <y>-805.81214</y>
      <steeringAngle>0.0</steeringAngle>
      <velocity>0.0</velocity>
      <orientation>2.7717895</orientation>
      <time>0</time>
    </ksState>
    <ksState>
      <x>103.92931526797</x>
      <y>-805.7971897228258</y>
      <steeringAngle>-0.03553333333333333</steeringAngle>
      <velocity>0.8</velocity>
      <orientation>2.771421968221758</orientation>
      <time>1</time>
    </ksState>
    <ksState>
      <x>103.81882320384885</x>
      <y>-805.7502344600251</y>
      <steeringAngle>-0.0710666666666667</steeringAngle>
      <velocity>1.6</velocity>
      <orientation>2.7688471216297725</orientation>
      <time>2</time>
    </ksState>
    <ksState>
      <x>103.63645622367663</x>
      <y>-805.6675277077594</y>
      <steeringAngle>-0.10660000000000003</steeringAngle>
      <velocity>2.4000000000000004</velocity>
      <orientation>2.761846417392935</orientation>
      <time>3</time>
    </ksState>
    <ksState>
      <x>103.38441807282997</x>
      <y>-805.5440363601723</y>
      <steeringAngle>-0.14213333333333342</steeringAngle>
      <velocity>3.2000000000000015</velocity>
      <orientation>2.7481787764521153</orientation>
      <time>4</time>
    </ksState>
    <ksState>
      <x>103.06611447875214</x>
      <y>-805.3728575307894</y>
      <steeringAngle>-0.17766666666666683</steeringAngle>
      <velocity>4.0000000000000036</velocity>
      <orientation>2.725568860578895</orientation>
      <time>5</time>
    </ksState>
    <ksState>
      <x>102.72095918510061</x>
      <y>-805.1661038219239</y>
      <steeringAngle>-0.21319999999999995</steeringAngle>
      <velocity>4.0</velocity>
      <orientation>2.6948610779413946</orientation>
      <time>6</time>
    </ksState>
    <ksState>
      <x>102.38662839498221</x>
      <y>-804.9405417130862</y>
      <steeringAngle>-0.24873333333333336</steeringAngle>
      <velocity>4.0</velocity>
      <orientation>2.6583822368187002</orientation>
      <time>7</time>
    </ksState>
    <ksState>
      <x>102.0654841282989</x>
      <y>-804.6946800594991</y>
      <steeringAngle>-0.2842666666666667</steeringAngle>
      <velocity>4.0</velocity>
      <orientation>2.6160350029732524</orientation>
      <time>8</time>
    </ksState>
    <ksState>
      <x>101.76026507545687</x>
      <y>-804.4272672639628</y>
      <steeringAngle>-0.31980000000000003</steeringAngle>
      <velocity>4.0</velocity>
      <orientation>2.5677043216061173</orientation>
      <time>9</time>
    </ksState>
    <ksState>
      <x>101.47411176214321</x>
      <y>-804.1373637783582</y>
      <steeringAngle>-0.35533333333333333</steeringAngle>
      <velocity>4.0</velocity>
      <orientation>2.513256120427839</orientation>
      <time>10</time>
    </ksState>
    <ksState>
      <x>101.17827044920118</x>
      <y>-803.8007684565465</y>
      <steeringAngle>-0.31979999999999975</steeringAngle>
      <velocity>4.800000000000001</velocity>
      <orientation>2.4534662853960905</orientation>
      <time>11</time>
    </ksState>
    <ksState>
      <x>100.8462487804939</x>
      <y>-803.3907734580398</y>
      <steeringAngle>-0.28426666666666645</steeringAngle>
      <velocity>5.600000000000004</velocity>
      <orientation>2.3907371852647668</orientation>
      <time>12</time>
    </ksState>
    <ksState>
      <x>100.48478121303867</x>
      <y>-802.9034956198408</y>
      <steeringAngle>-0.2487333333333331</steeringAngle>
      <velocity>6.400000000000004</velocity>
      <orientation>2.327315048572091</orientation>
      <time>13</time>
    </ksState>
    <ksState>
      <x>100.09994750815763</x>
      <y>-802.3360351061419</y>
      <steeringAngle>-0.21319999999999992</steeringAngle>
      <velocity>7.200000000000004</velocity>
      <orientation>2.265397959894292</orientation>
      <time>14</time>
    </ksState>
    <ksState>
      <x>99.6964856456295</x>
      <y>-801.6867006128067</y>
      <steeringAngle>-0.17766666666666656</steeringAngle>
      <velocity>8.000000000000004</velocity>
      <orientation>2.207148630293327</orientation>
      <time>15</time>
    </ksState>
    <ksState>
      <x>99.29626871194822</x>
      <y>-800.9903770992335</y>
      <steeringAngle>-0.14213333333333336</steeringAngle>
      <velocity>8.0</velocity>
      <orientation>2.1571138187445786</orientation>
      <time>16</time>
    </ksState>
    <ksState>
      <x>98.9138357318005</x>
      <y>-800.2855428455096</y>
      <steeringAngle>-0.1066000000000001</steeringAngle>
      <velocity>8.0</velocity>
      <orientation>2.1183299667375812</orientation>
      <time>17</time>
    </ksState>
    <ksState>
      <x>98.54134129453715</x>
      <y>-799.5764513644617</y>
      <steeringAngle>-0.07106666666666674</steeringAngle>
      <velocity>8.0</velocity>
      <orientation>2.090697487707894</orientation>
      <time>18</time>
    </ksState>
    <ksState>
      <x>98.17084498882339</x>
      <y>-798.8670100516104</y>
      <steeringAngle>-0.035533333333333354</steeringAngle>
      <velocity>8.0</velocity>
      <orientation>2.074145967078865</orientation>
      <time>19</time>
    </ksState>
    <ksState>
      <x>97.79441406022765</x>
      <y>-798.161056043695</y>
      <steeringAngle>-2.0816681711721685e-17</steeringAngle>
      <velocity>8.0</velocity>
      <orientation>2.0686334406204603</orientation>
      <time>20</time>
    </ksState>
    <ksState>
      <x>97.40422227351007</x>
      <y>-797.4626302818928</y>
      <steeringAngle>0.03553333333333333</steeringAngle>
      <velocity>8.0</velocity>
      <orientation>2.074145975623299</orientation>
      <time>21</time>
    </ksState>
    <ksState>
      <x>96.99266085260649</x>
      <y>-796.7762468097262</y>
      <steeringAngle>0.07106666666666667</steeringAngle>
      <velocity>8.0</velocity>
      <orientation>2.0906974965035685</orientation>
      <time>22</time>
    </ksState>
    <ksState>
      <x>96.55247737816755</x>
      <y>-796.1071542365693</y>
      <steeringAngle>0.10659999999999997</steeringAngle>
      <velocity>8.0</velocity>
      <orientation>2.1183299757942637</orientation>
      <time>23</time>
    </ksState>
    <ksState>
      <x>96.07695799635106</x>
      <y>-795.4615824656015</y>
      <steeringAngle>0.1421333333333333</steeringAngle>
      <velocity>8.0</velocity>
      <orientation>2.1571138280669984</orientation>
      <time>24</time>
    </ksState>
    <ksState>
      <x>95.56016826044899</x>
      <y>-794.8469657348646</y>
      <steeringAngle>0.17766666666666667</steeringAngle>
      <velocity>8.0</velocity>
      <orientation>2.207148640316153</orientation>
      <time>25</time>
    </ksState>
    <ksState>
      <x>95.01209588449885</x>
      <y>-794.2598910375044</y>
      <steeringAngle>0.14213333333333336</steeringAngle>
      <velocity>8.0</velocity>
      <orientation>2.2571834518649014</orientation>
      <time>26</time>
    </ksState>
    <ksState>
      <x>94.45066501633536</x>
      <y>-793.6873164224537</y>
      <steeringAngle>0.1066000000000001</steeringAngle>
      <velocity>8.0</velocity>
      <orientation>2.295967303871899</orientation>
      <time>27</time>
    </ksState>
    <ksState>
      <x>93.88224575380245</x>
      <y>-793.1229917142684</y>
      <steeringAngle>0.07106666666666674</steeringAngle>
      <velocity>8.0</velocity>
      <orientation>2.323599782901586</orientation>
      <time>28</time>
    </ksState>
    <ksState>
      <x>93.31290524304447</x>
      <y>-792.5604742729944</y>
      <steeringAngle>0.035533333333333354</steeringAngle>
      <velocity>8.0</velocity>
      <orientation>2.340151303530615</orientation>
      <time>29</time>
    </ksState>
    <ksState>
      <x>92.74864122112268</x>
      <y>-791.993308143135</y>
      <steeringAngle>2.0816681711721685e-17</steeringAngle>
      <velocity>8.0</velocity>
      <orientation>2.34566382998902</orientation>
      <time>30</time>
    </ksState>
    <ksState>
      <x>92.19561495716721</x>
      <y>-791.4151990474217</y>
      <steeringAngle>-0.03553333333333333</steeringAngle>
      <velocity>8.0</velocity>
      <orientation>2.340151294986181</orientation>
      <time>31</time>
    </ksState>
    <ksState>
      <x>91.66037609119684</x>
      <y>-790.8201995260821</y>
      <steeringAngle>-0.07106666666666667</steeringAngle>
      <velocity>8.0</velocity>
      <orientation>2.3235997741059116</orientation>
      <time>32</time>
    </ksState>
    <ksState>
      <x>91.15007177300409</x>
      <y>-790.2029184997605</y>
      <steeringAngle>-0.10659999999999997</steeringAngle>
      <velocity>8.0</velocity>
      <orientation>2.2959672948152163</orientation>
      <time>33</time>
    </ksState>
  </ksTrajectory>
</CommonRoadSolution>
