<?xml version="1.0" ?>
<CommonRoadSolution benchmark_id="KS2:SM1:GRC_Perama-3_2_T-1:2020a" computation_time="1.4134641029995691" date="2022-12-18T12:01:12">
  <ksTrajectory planningProblem="1">
    <ksState>
      <x>-697.11671</x>
      <y>-624.91163</y>
      <steeringAngle>0.0</steeringAngle>
      <velocity>8.0</velocity>
      <orientation>-3.0450286</orientation>
      <time>0</time>
    </ksState>
    <ksState>
      <x>-697.9120611997231</x>
      <y>-624.9980281728389</y>
      <steeringAngle>0.03553333333333333</steeringAngle>
      <velocity>8.0</velocity>
      <orientation>-3.0395160649971613</orientation>
      <time>1</time>
    </ksState>
    <ksState>
      <x>-698.7046734732515</x>
      <y>-625.1088020772197</y>
      <steeringAngle>0.07106666666666667</steeringAngle>
      <velocity>8.0</velocity>
      <orientation>-3.022964544116892</orientation>
      <time>2</time>
    </ksState>
    <ksState>
      <x>-699.4925478639196</x>
      <y>-625.2526780903423</y>
      <steeringAngle>0.10659999999999997</steeringAngle>
      <velocity>8.0</velocity>
      <orientation>-2.9953320648261967</orientation>
      <time>3</time>
    </ksState>
    <ksState>
      <x>-700.2725717122055</x>
      <y>-625.4382700892512</y>
      <steeringAngle>0.1421333333333333</steeringAngle>
      <velocity>8.0</velocity>
      <orientation>-2.956548212553462</orientation>
      <time>4</time>
    </ksState>
    <ksState>
      <x>-701.0402192615783</x>
      <y>-625.6739448583237</y>
      <steeringAngle>0.17766666666666667</steeringAngle>
      <velocity>8.0</velocity>
      <orientation>-2.9065134003043074</orientation>
      <time>5</time>
    </ksState>
    <ksState>
      <x>-701.7548250843089</x>
      <y>-625.9431476862918</y>
      <steeringAngle>0.17766666666666667</steeringAngle>
      <velocity>7.2</velocity>
      <orientation>-2.85359747285993</orientation>
      <time>6</time>
    </ksState>
    <ksState>
      <x>-702.381350818129</x>
      <y>-626.2157565853252</y>
      <steeringAngle>0.17766666666666667</steeringAngle>
      <velocity>6.4</velocity>
      <orientation>-2.8062516430671187</orientation>
      <time>7</time>
    </ksState>
    <ksState>
      <x>-702.9229151003108</x>
      <y>-626.4806863508927</y>
      <steeringAngle>0.17766666666666667</steeringAngle>
      <velocity>5.599999999999999</velocity>
      <orientation>-2.764475910911934</orientation>
      <time>8</time>
    </ksState>
    <ksState>
      <x>-703.3829721795568</x>
      <y>-626.7284180124757</y>
      <steeringAngle>0.17766666666666667</steeringAngle>
      <velocity>4.799999999999999</velocity>
      <orientation>-2.7282702763904196</orientation>
      <time>9</time>
    </ksState>
    <ksState>
      <x>-703.7650355051852</x>
      <y>-626.9509310226697</y>
      <steeringAngle>0.17766666666666667</steeringAngle>
      <velocity>4.0</velocity>
      <orientation>-2.6976347395010896</orientation>
      <time>10</time>
    </ksState>
    <ksState>
      <x>-704.07415025753</x>
      <y>-627.1382463667275</y>
      <steeringAngle>0.1421333333333333</steeringAngle>
      <velocity>3.1999999999999993</velocity>
      <orientation>-2.675024824527647</orientation>
      <time>11</time>
    </ksState>
    <ksState>
      <x>-704.3144477779996</x>
      <y>-627.283289558377</y>
      <steeringAngle>0.10659999999999997</steeringAngle>
      <velocity>2.3999999999999977</velocity>
      <orientation>-2.66135718365694</orientation>
      <time>12</time>
    </ksState>
    <ksState>
      <x>-704.4868464703887</x>
      <y>-627.3851651813615</y>
      <steeringAngle>0.07106666666666664</steeringAngle>
      <velocity>1.5999999999999976</velocity>
      <orientation>-2.654356477803721</orientation>
      <time>13</time>
    </ksState>
    <ksState>
      <x>-704.5910827775649</x>
      <y>-627.4447329768292</y>
      <steeringAngle>0.0355333333333333</steeringAngle>
      <velocity>0.7999999999999972</velocity>
      <orientation>-2.6517816333297537</orientation>
      <time>14</time>
    </ksState>
    <ksState>
      <x>-704.6261294283692</x>
      <y>-627.4640204620918</y>
      <steeringAngle>-2.5153490401663703e-17</steeringAngle>
      <velocity>-2.914335439641036e-15</velocity>
      <orientation>-2.6514141217512224</orientation>
      <time>15</time>
    </ksState>
    <ksState>
      <x>-704.6261294283692</x>
      <y>-627.4640204620918</y>
      <steeringAngle>-0.03553333333333333</steeringAngle>
      <velocity>0.0</velocity>
      <orientation>-2.6514141217512224</orientation>
      <time>16</time>
    </ksState>
    <ksState>
      <x>-704.6261294283692</x>
      <y>-627.4640204620918</y>
      <steeringAngle>-0.07106666666666667</steeringAngle>
      <velocity>0.0</velocity>
      <orientation>-2.6514141217512224</orientation>
      <time>17</time>
    </ksState>
    <ksState>
      <x>-704.6261294283692</x>
      <y>-627.4640204620918</y>
      <steeringAngle>-0.10660000000000001</steeringAngle>
      <velocity>0.0</velocity>
      <orientation>-2.6514141217512224</orientation>
      <time>18</time>
    </ksState>
    <ksState>
      <x>-704.6261294283692</x>
      <y>-627.4640204620918</y>
      <steeringAngle>-0.14213333333333336</steeringAngle>
      <velocity>0.0</velocity>
      <orientation>-2.6514141217512224</orientation>
      <time>19</time>
    </ksState>
    <ksState>
      <x>-704.6261294283692</x>
      <y>-627.4640204620918</y>
      <steeringAngle>-0.1776666666666667</steeringAngle>
      <velocity>0.0</velocity>
      <orientation>-2.6514141217512224</orientation>
      <time>20</time>
    </ksState>
    <ksState>
      <x>-704.663562844537</x>
      <y>-627.4788196605332</y>
      <steeringAngle>-0.21319999999999997</steeringAngle>
      <velocity>0.8</velocity>
      <orientation>-2.654580355232376</orientation>
      <time>21</time>
    </ksState>
    <ksState>
      <x>-704.7771851983008</x>
      <y>-627.5204850581823</y>
      <steeringAngle>-0.24873333333333328</steeringAngle>
      <velocity>1.6000000000000005</velocity>
      <orientation>-2.665620947542776</orientation>
      <time>22</time>
    </ksState>
    <ksState>
      <x>-704.9694741579726</x>
      <y>-627.5832256734055</y>
      <steeringAngle>-0.2842666666666665</steeringAngle>
      <velocity>2.400000000000001</velocity>
      <orientation>-2.6868932689437357</orientation>
      <time>23</time>
    </ksState>
    <ksState>
      <x>-705.2434830160092</x>
      <y>-627.6582753888354</y>
      <steeringAngle>-0.31979999999999986</steeringAngle>
      <velocity>3.200000000000001</velocity>
      <orientation>-2.720825525223432</orientation>
      <time>24</time>
    </ksState>
    <ksState>
      <x>-705.6024556372756</x>
      <y>-627.7329036718037</y>
      <steeringAngle>-0.3553333333333332</steeringAngle>
      <velocity>4.0</velocity>
      <orientation>-2.769932086011409</orientation>
      <time>25</time>
    </ksState>
    <ksState>
      <x>-706.0081655374041</x>
      <y>-627.7855752748608</y>
      <steeringAngle>-0.39086666666666653</steeringAngle>
      <velocity>4.0</velocity>
      <orientation>-2.830652452317396</orientation>
      <time>26</time>
    </ksState>
    <ksState>
      <x>-706.4189081736686</x>
      <y>-627.8033957997158</y>
      <steeringAngle>-0.42639999999999995</steeringAngle>
      <velocity>4.0</velocity>
      <orientation>-2.8978220657738</orientation>
      <time>27</time>
    </ksState>
    <ksState>
      <x>-706.8318113491448</x>
      <y>-627.7829895329728</y>
      <steeringAngle>-0.4619333333333333</steeringAngle>
      <velocity>4.0</velocity>
      <orientation>-2.9716426494061436</orientation>
      <time>28</time>
    </ksState>
    <ksState>
      <x>-707.243153199324</x>
      <y>-627.7210815920367</y>
      <steeringAngle>-0.49746666666666667</steeringAngle>
      <velocity>4.0</velocity>
      <orientation>-3.052343191219364</orientation>
      <time>29</time>
    </ksState>
    <ksState>
      <x>-707.6482639343743</x>
      <y>-627.6146409612148</y>
      <steeringAngle>-0.533</steeringAngle>
      <velocity>4.0</velocity>
      <orientation>-3.140183057819173</orientation>
      <time>30</time>
    </ksState>
    <ksState>
      <x>-708.0414358948527</x>
      <y>-627.4610665609096</y>
      <steeringAngle>-0.5685333333333333</steeringAngle>
      <velocity>4.0</velocity>
      <orientation>-3.235455697468403</orientation>
      <time>31</time>
    </ksState>
    <ksState>
      <x>-708.4158518329684</x>
      <y>-627.258423704715</y>
      <steeringAngle>-0.6040666666666665</steeringAngle>
      <velocity>4.0</velocity>
      <orientation>-3.3384930506868655</orientation>
      <time>32</time>
    </ksState>
    <ksState>
      <x>-708.7635451554338</x>
      <y>-627.0057378597819</y>
      <steeringAngle>-0.6396</steeringAngle>
      <velocity>4.0</velocity>
      <orientation>-3.4496708334623563</orientation>
      <time>33</time>
    </ksState>
  </ksTrajectory>
</CommonRoadSolution>
