<?xml version="1.0" ?>
<CommonRoadSolution benchmark_id="KS2:SM1:ITA_Foggia-3_1_T-1:2020a" computation_time="0.8340559809994375" date="2022-12-18T12:01:12">
  <ksTrajectory planningProblem="1">
    <ksState>
      <x>-342.76117</x>
      <y>-587.56206</y>
      <steeringAngle>0.0</steeringAngle>
      <velocity>4.0</velocity>
      <orientation>-0.52693374</orientation>
      <time>0</time>
    </ksState>
    <ksState>
      <x>-342.4132768904698</x>
      <y>-587.7595041621967</y>
      <steeringAngle>0.035533333333333326</steeringAngle>
      <velocity>4.0</velocity>
      <orientation>-0.5241774654673996</orientation>
      <time>1</time>
    </ksState>
    <ksState>
      <x>-342.0603989845548</x>
      <y>-587.9482117406424</y>
      <steeringAngle>0.07106666666666711</steeringAngle>
      <velocity>4.0</velocity>
      <orientation>-0.5159017049241142</orientation>
      <time>2</time>
    </ksState>
    <ksState>
      <x>-341.7016193325631</x>
      <y>-588.1261266174859</y>
      <steeringAngle>0.10660000000000043</steeringAngle>
      <velocity>4.0</velocity>
      <orientation>-0.5020854651049774</orientation>
      <time>3</time>
    </ksState>
    <ksState>
      <x>-341.3361886646567</x>
      <y>-588.2910697909203</y>
      <steeringAngle>0.14213333333333378</steeringAngle>
      <velocity>4.0</velocity>
      <orientation>-0.48269353871943155</orientation>
      <time>4</time>
    </ksState>
    <ksState>
      <x>-340.9635646953227</x>
      <y>-588.4407239921771</y>
      <steeringAngle>0.1776666666666672</steeringAngle>
      <velocity>4.0</velocity>
      <orientation>-0.4576761322680342</orientation>
      <time>5</time>
    </ksState>
    <ksState>
      <x>-340.58345697075674</x>
      <y>-588.5726231604481</y>
      <steeringAngle>0.21319999999999995</steeringAngle>
      <velocity>4.0</velocity>
      <orientation>-0.42696834963053404</orientation>
      <time>6</time>
    </ksState>
    <ksState>
      <x>-340.19587793533447</x>
      <y>-588.6841481956003</y>
      <steeringAngle>0.24873333333333336</steeringAngle>
      <velocity>4.0</velocity>
      <orientation>-0.39048950850783976</orientation>
      <time>7</time>
    </ksState>
    <ksState>
      <x>-339.8012007172049</x>
      <y>-588.7725308082435</y>
      <steeringAngle>0.2842666666666667</steeringAngle>
      <velocity>4.0</velocity>
      <orientation>-0.3481422746623917</orientation>
      <time>8</time>
    </ksState>
    <ksState>
      <x>-339.400223928194</x>
      <y>-588.83486770028</y>
      <steeringAngle>0.31980000000000003</steeringAngle>
      <velocity>4.0</velocity>
      <orientation>-0.29981159329525675</orientation>
      <time>9</time>
    </ksState>
    <ksState>
      <x>-338.9942434070371</x>
      <y>-588.8681478163749</y>
      <steeringAngle>0.35533333333333333</steeringAngle>
      <velocity>4.0</velocity>
      <orientation>-0.24536339211697827</orientation>
      <time>10</time>
    </ksState>
    <ksState>
      <x>-338.58604782409975</x>
      <y>-588.8741314816597</y>
      <steeringAngle>0.35533333333333333</steeringAngle>
      <velocity>4.0</velocity>
      <orientation>-0.18780668536026424</orientation>
      <time>11</time>
    </ksState>
    <ksState>
      <x>-338.1781839429348</x>
      <y>-588.8566238243066</y>
      <steeringAngle>0.35533333333333333</steeringAngle>
      <velocity>4.0</velocity>
      <orientation>-0.1302499786035502</orientation>
      <time>12</time>
    </ksState>
    <ksState>
      <x>-337.772002581392</x>
      <y>-588.8156828171657</y>
      <steeringAngle>0.35533333333333333</steeringAngle>
      <velocity>4.0</velocity>
      <orientation>-0.07269327184683622</orientation>
      <time>13</time>
    </ksState>
    <ksState>
      <x>-337.36884895517017</x>
      <y>-588.751444050793</y>
      <steeringAngle>0.35533333333333333</steeringAngle>
      <velocity>4.0</velocity>
      <orientation>-0.015136565090122234</orientation>
      <time>14</time>
    </ksState>
    <ksState>
      <x>-336.9700582524202</x>
      <y>-588.6641202750944</y>
      <steeringAngle>0.35533333333333333</steeringAngle>
      <velocity>4.0</velocity>
      <orientation>0.04242014166659175</orientation>
      <time>15</time>
    </ksState>
    <ksState>
      <x>-336.61526416856964</x>
      <y>-588.570150092194</y>
      <steeringAngle>0.31979999999999975</steeringAngle>
      <velocity>3.2</velocity>
      <orientation>0.0915267017243801</orientation>
      <time>16</time>
    </ksState>
    <ksState>
      <x>-336.34191049522593</x>
      <y>-588.4917251779265</y>
      <steeringAngle>0.2842666666666663</steeringAngle>
      <velocity>2.4000000000000004</velocity>
      <orientation>0.12545895709059446</orientation>
      <time>17</time>
    </ksState>
    <ksState>
      <x>-336.1476974091064</x>
      <y>-588.4345385847635</y>
      <steeringAngle>0.24873333333333292</steeringAngle>
      <velocity>1.6000000000000008</velocity>
      <orientation>0.14673127803753322</orientation>
      <time>18</time>
    </ksState>
    <ksState>
      <x>-336.0313638946098</x>
      <y>-588.4007828897245</y>
      <steeringAngle>0.21319999999999967</steeringAngle>
      <velocity>0.8000000000000008</velocity>
      <orientation>0.15777186877858806</orientation>
      <time>19</time>
    </ksState>
    <ksState>
      <x>-335.9925500880172</x>
      <y>-588.3899818400882</y>
      <steeringAngle>0.1776666666666663</steeringAngle>
      <velocity>6.661338147750939e-16</velocity>
      <orientation>0.16093810632046635</orientation>
      <time>20</time>
    </ksState>
    <ksState>
      <x>-335.9925500880172</x>
      <y>-588.3899818400882</y>
      <steeringAngle>0.14213333333333336</steeringAngle>
      <velocity>0.0</velocity>
      <orientation>0.16093810632046635</orientation>
      <time>21</time>
    </ksState>
    <ksState>
      <x>-335.9925500880172</x>
      <y>-588.3899818400882</y>
      <steeringAngle>0.10660000000000001</steeringAngle>
      <velocity>0.0</velocity>
      <orientation>0.16093810632046635</orientation>
      <time>22</time>
    </ksState>
    <ksState>
      <x>-335.9925500880172</x>
      <y>-588.3899818400882</y>
      <steeringAngle>0.07106666666666668</steeringAngle>
      <velocity>0.0</velocity>
      <orientation>0.16093810632046635</orientation>
      <time>23</time>
    </ksState>
    <ksState>
      <x>-335.9925500880172</x>
      <y>-588.3899818400882</y>
      <steeringAngle>0.03553333333333333</steeringAngle>
      <velocity>0.0</velocity>
      <orientation>0.16093810632046635</orientation>
      <time>24</time>
    </ksState>
    <ksState>
      <x>-335.9925500880172</x>
      <y>-588.3899818400882</y>
      <steeringAngle>0.0</steeringAngle>
      <velocity>0.0</velocity>
      <orientation>0.16093810632046635</orientation>
      <time>25</time>
    </ksState>
    <ksState>
      <x>-335.9925500880172</x>
      <y>-588.3899818400882</y>
      <steeringAngle>0.0</steeringAngle>
      <velocity>0.0</velocity>
      <orientation>0.16093810632046635</orientation>
      <time>26</time>
    </ksState>
    <ksState>
      <x>-335.9925500880172</x>
      <y>-588.3899818400882</y>
      <steeringAngle>0.0</steeringAngle>
      <velocity>0.0</velocity>
      <orientation>0.16093810632046635</orientation>
      <time>27</time>
    </ksState>
    <ksState>
      <x>-335.9925500880172</x>
      <y>-588.3899818400882</y>
      <steeringAngle>0.0</steeringAngle>
      <velocity>0.0</velocity>
      <orientation>0.16093810632046635</orientation>
      <time>28</time>
    </ksState>
    <ksState>
      <x>-335.9925500880172</x>
      <y>-588.3899818400882</y>
      <steeringAngle>0.0</steeringAngle>
      <velocity>0.0</velocity>
      <orientation>0.16093810632046635</orientation>
      <time>29</time>
    </ksState>
    <ksState>
      <x>-335.9925500880172</x>
      <y>-588.3899818400882</y>
      <steeringAngle>0.0</steeringAngle>
      <velocity>0.0</velocity>
      <orientation>0.16093810632046635</orientation>
      <time>30</time>
    </ksState>
    <ksState>
      <x>-335.9925500880172</x>
      <y>-588.3899818400882</y>
      <steeringAngle>0.0</steeringAngle>
      <velocity>0.0</velocity>
      <orientation>0.16093810632046635</orientation>
      <time>31</time>
    </ksState>
    <ksState>
      <x>-335.9925500880172</x>
      <y>-588.3899818400882</y>
      <steeringAngle>0.0</steeringAngle>
      <velocity>0.0</velocity>
      <orientation>0.16093810632046635</orientation>
      <time>32</time>
    </ksState>
    <ksState>
      <x>-335.9925500880172</x>
      <y>-588.3899818400882</y>
      <steeringAngle>0.0</steeringAngle>
      <velocity>0.0</velocity>
      <orientation>0.16093810632046635</orientation>
      <time>33</time>
    </ksState>
  </ksTrajectory>
</CommonRoadSolution>
