<?xml version="1.0" ?>
<CommonRoadSolution benchmark_id="KS2:SM1:ARG_Carcarana-5_2_T-1:2020a" computation_time="1.9753852119997646" date="2022-12-18T12:01:12">
  <ksTrajectory planningProblem="1">
    <ksState>
      <x>494.82773</x>
      <y>-126.8882</y>
      <steeringAngle>0.0</steeringAngle>
      <velocity>4.0</velocity>
      <orientation>2.9600352</orientation>
      <time>0</time>
    </ksState>
    <ksState>
      <x>494.3958557062482</x>
      <y>-126.80392542589287</y>
      <steeringAngle>-0.035533333333333326</steeringAngle>
      <velocity>4.799999999999999</velocity>
      <orientation>2.956911421330809</orientation>
      <time>1</time>
    </ksState>
    <ksState>
      <x>493.8880849045597</x>
      <y>-126.69081115489493</y>
      <steeringAngle>-0.07106666666666667</steeringAngle>
      <velocity>5.599999999999998</velocity>
      <orientation>2.9460608102696364</orientation>
      <time>2</time>
    </ksState>
    <ksState>
      <x>493.3067452223334</x>
      <y>-126.5395380108088</y>
      <steeringAngle>-0.10659999999999999</steeringAngle>
      <velocity>6.3999999999999995</velocity>
      <orientation>2.9252438612693084</orientation>
      <time>3</time>
    </ksState>
    <ksState>
      <x>492.65586120564126</x>
      <y>-126.33737692914116</y>
      <steeringAngle>-0.14213333333333333</steeringAngle>
      <velocity>7.199999999999999</velocity>
      <orientation>2.892184290288143</orientation>
      <time>4</time>
    </ksState>
    <ksState>
      <x>491.94222071787124</x>
      <y>-126.06773589270742</y>
      <steeringAngle>-0.17766666666666664</steeringAngle>
      <velocity>7.9999999999999964</velocity>
      <orientation>2.8445569682065965</orientation>
      <time>5</time>
    </ksState>
    <ksState>
      <x>491.24565417744293</x>
      <y>-125.75480347313045</y>
      <steeringAngle>-0.17766666666666667</steeringAngle>
      <velocity>7.2</velocity>
      <orientation>2.791641040762219</orientation>
      <time>6</time>
    </ksState>
    <ksState>
      <x>490.63720962093134</x>
      <y>-125.44392515509844</y>
      <steeringAngle>-0.17766666666666667</steeringAngle>
      <velocity>6.4</velocity>
      <orientation>2.744295210969408</orientation>
      <time>7</time>
    </ksState>
    <ksState>
      <x>490.11308803433496</x>
      <y>-125.14597177807029</y>
      <steeringAngle>-0.17766666666666667</steeringAngle>
      <velocity>5.599999999999999</velocity>
      <orientation>2.702519478814223</orientation>
      <time>8</time>
    </ksState>
    <ksState>
      <x>489.66925241235623</x>
      <y>-124.87023017261752</y>
      <steeringAngle>-0.17766666666666667</steeringAngle>
      <velocity>4.799999999999999</velocity>
      <orientation>2.666313844292709</orientation>
      <time>9</time>
    </ksState>
    <ksState>
      <x>489.30169944023623</x>
      <y>-124.62448795568763</y>
      <steeringAngle>-0.17766666666666667</steeringAngle>
      <velocity>4.0</velocity>
      <orientation>2.6356783074033787</orientation>
      <time>10</time>
    </ksState>
    <ksState>
      <x>489.00668603508433</x>
      <y>-124.41512714712405</y>
      <steeringAngle>-0.17766666666666667</steeringAngle>
      <velocity>3.2000000000000006</velocity>
      <orientation>2.610612868135201</orientation>
      <time>11</time>
    </ksState>
    <ksState>
      <x>488.78091353432563</x>
      <y>-124.24721771984103</y>
      <steeringAngle>-0.17766666666666667</steeringAngle>
      <velocity>2.4000000000000012</velocity>
      <orientation>2.591117526505171</orientation>
      <time>12</time>
    </ksState>
    <ksState>
      <x>488.6216728041721</x>
      <y>-124.12460352931872</y>
      <steeringAngle>-0.17766666666666667</steeringAngle>
      <velocity>1.6000000000000005</velocity>
      <orientation>2.5771922825061906</orientation>
      <time>13</time>
    </ksState>
    <ksState>
      <x>488.5269533604927</x>
      <y>-124.04997482521539</y>
      <steeringAngle>-0.17766666666666667</steeringAngle>
      <velocity>0.8000000000000004</velocity>
      <orientation>2.568837136135436</orientation>
      <time>14</time>
    </ksState>
    <ksState>
      <x>488.4955191897113</x>
      <y>-124.02492303836749</y>
      <steeringAngle>-0.17766666666666667</steeringAngle>
      <velocity>2.7755575615628914e-16</velocity>
      <orientation>2.5660520873892207</orientation>
      <time>15</time>
    </ksState>
    <ksState>
      <x>488.4955191897113</x>
      <y>-124.02492303836749</y>
      <steeringAngle>-0.14213333333333336</steeringAngle>
      <velocity>0.0</velocity>
      <orientation>2.5660520873892207</orientation>
      <time>16</time>
    </ksState>
    <ksState>
      <x>488.4955191897113</x>
      <y>-124.02492303836749</y>
      <steeringAngle>-0.10660000000000001</steeringAngle>
      <velocity>0.0</velocity>
      <orientation>2.5660520873892207</orientation>
      <time>17</time>
    </ksState>
    <ksState>
      <x>488.4955191897113</x>
      <y>-124.02492303836749</y>
      <steeringAngle>-0.07106666666666668</steeringAngle>
      <velocity>0.0</velocity>
      <orientation>2.5660520873892207</orientation>
      <time>18</time>
    </ksState>
    <ksState>
      <x>488.4955191897113</x>
      <y>-124.02492303836749</y>
      <steeringAngle>-0.03553333333333333</steeringAngle>
      <velocity>0.0</velocity>
      <orientation>2.5660520873892207</orientation>
      <time>19</time>
    </ksState>
    <ksState>
      <x>488.4955191897113</x>
      <y>-124.02492303836749</y>
      <steeringAngle>-0.0</steeringAngle>
      <velocity>0.0</velocity>
      <orientation>2.5660520873892207</orientation>
      <time>20</time>
    </ksState>
    <ksState>
      <x>488.4955191897113</x>
      <y>-124.02492303836749</y>
      <steeringAngle>0.0</steeringAngle>
      <velocity>0.0</velocity>
      <orientation>2.5660520873892207</orientation>
      <time>21</time>
    </ksState>
    <ksState>
      <x>488.4955191897113</x>
      <y>-124.02492303836749</y>
      <steeringAngle>0.0</steeringAngle>
      <velocity>0.0</velocity>
      <orientation>2.5660520873892207</orientation>
      <time>22</time>
    </ksState>
    <ksState>
      <x>488.4955191897113</x>
      <y>-124.02492303836749</y>
      <steeringAngle>0.0</steeringAngle>
      <velocity>0.0</velocity>
      <orientation>2.5660520873892207</orientation>
      <time>23</time>
    </ksState>
    <ksState>
      <x>488.4955191897113</x>
      <y>-124.02492303836749</y>
      <steeringAngle>0.0</steeringAngle>
      <velocity>0.0</velocity>
      <orientation>2.5660520873892207</orientation>
      <time>24</time>
    </ksState>
    <ksState>
      <x>488.4955191897113</x>
      <y>-124.02492303836749</y>
      <steeringAngle>0.0</steeringAngle>
      <velocity>0.0</velocity>
      <orientation>2.5660520873892207</orientation>
      <time>25</time>
    </ksState>
    <ksState>
      <x>488.4619632610568</x>
      <y>-124.0031515039639</y>
      <steeringAngle>0.0</steeringAngle>
      <velocity>0.8</velocity>
      <orientation>2.5660520873892207</orientation>
      <time>26</time>
    </ksState>
    <ksState>
      <x>488.3612954760876</x>
      <y>-123.93783690139827</y>
      <steeringAngle>0.0</steeringAngle>
      <velocity>1.6</velocity>
      <orientation>2.5660520873892207</orientation>
      <time>27</time>
    </ksState>
    <ksState>
      <x>488.1935158349506</x>
      <y>-123.82897923076582</y>
      <steeringAngle>0.0</steeringAngle>
      <velocity>2.4000000000000004</velocity>
      <orientation>2.5660520873892207</orientation>
      <time>28</time>
    </ksState>
    <ksState>
      <x>487.9586243376901</x>
      <y>-123.67657849209543</y>
      <steeringAngle>0.0</steeringAngle>
      <velocity>3.2000000000000006</velocity>
      <orientation>2.5660520873892207</orientation>
      <time>29</time>
    </ksState>
    <ksState>
      <x>487.6566209843244</x>
      <y>-123.48063468539891</y>
      <steeringAngle>0.0</steeringAngle>
      <velocity>4.000000000000001</velocity>
      <orientation>2.5660520873892207</orientation>
      <time>30</time>
    </ksState>
    <ksState>
      <x>487.3546176327842</x>
      <y>-123.28469087988678</y>
      <steeringAngle>0.0</steeringAngle>
      <velocity>3.2</velocity>
      <orientation>2.5660520873892207</orientation>
      <time>31</time>
    </ksState>
    <ksState>
      <x>487.11972613741887</x>
      <y>-123.132290142446</y>
      <steeringAngle>0.0</steeringAngle>
      <velocity>2.4000000000000004</velocity>
      <orientation>2.5660520873892207</orientation>
      <time>32</time>
    </ksState>
    <ksState>
      <x>486.95194649814295</x>
      <y>-123.02343247302109</y>
      <steeringAngle>0.0</steeringAngle>
      <velocity>1.6</velocity>
      <orientation>2.5660520873892207</orientation>
      <time>33</time>
    </ksState>
  </ksTrajectory>
</CommonRoadSolution>
