<?xml version="1.0" ?>
<CommonRoadSolution benchmark_id="KS2:SM1:DEU_Ibbenbueren-10_2_T-1:2020a" computation_time="0.8375962290001553" date="2022-12-18T12:01:12">
  <ksTrajectory planningProblem="1">
    <ksState>
      <x>622.20064</x>
      <y>950.48436</y>
      <steeringAngle>0.0</steeringAngle>
      <velocity>8.0</velocity>
      <orientation>-0.233851</orientation>
      <time>0</time>
    </ksState>
    <ksState>
      <x>622.9809995252893</x>
      <y>950.3080444123133</y>
      <steeringAngle>0.03553333333333333</steeringAngle>
      <velocity>8.0</velocity>
      <orientation>-0.22833846499716123</orientation>
      <time>1</time>
    </ksState>
    <ksState>
      <x>623.7666766355383</x>
      <y>950.1556746237386</y>
      <steeringAngle>0.07106666666666667</steeringAngle>
      <velocity>8.0</velocity>
      <orientation>-0.21178694411689158</orientation>
      <time>2</time>
    </ksState>
    <ksState>
      <x>624.5586116500469</x>
      <y>950.0361535150676</y>
      <steeringAngle>0.10659999999999997</steeringAngle>
      <velocity>8.0</velocity>
      <orientation>-0.18415446482619668</orientation>
      <time>3</time>
    </ksState>
    <ksState>
      <x>625.3566549288712</x>
      <y>949.9586388772417</y>
      <steeringAngle>0.1421333333333333</steeringAngle>
      <velocity>8.0</velocity>
      <orientation>-0.14537061255346176</orientation>
      <time>4</time>
    </ksState>
    <ksState>
      <x>626.1592400069586</x>
      <y>949.9325132333884</y>
      <steeringAngle>0.17766666666666667</steeringAngle>
      <velocity>8.0</velocity>
      <orientation>-0.09533580030430708</orientation>
      <time>5</time>
    </ksState>
    <ksState>
      <x>626.9225302017237</x>
      <y>949.955310668375</y>
      <steeringAngle>0.17766666666666667</steeringAngle>
      <velocity>7.2</velocity>
      <orientation>-0.04241987285992971</orientation>
      <time>6</time>
    </ksState>
    <ksState>
      <x>627.6036098071958</x>
      <y>950.0099062541043</y>
      <steeringAngle>0.17766666666666667</steeringAngle>
      <velocity>6.4</velocity>
      <orientation>0.004925956932881476</orientation>
      <time>7</time>
    </ksState>
    <ksState>
      <x>628.2018323309579</x>
      <y>950.0848026123758</y>
      <steeringAngle>0.17766666666666667</steeringAngle>
      <velocity>5.599999999999999</velocity>
      <orientation>0.04670168908806624</orientation>
      <time>8</time>
    </ksState>
    <ksState>
      <x>628.7173768802157</x>
      <y>950.1698749935906</y>
      <steeringAngle>0.17766666666666667</steeringAngle>
      <velocity>4.799999999999999</velocity>
      <orientation>0.08290732360958072</orientation>
      <time>9</time>
    </ksState>
    <ksState>
      <x>629.1509647023871</x>
      <y>950.2563968114205</y>
      <steeringAngle>0.17766666666666667</steeringAngle>
      <velocity>4.0</velocity>
      <orientation>0.11354286049891074</orientation>
      <time>10</time>
    </ksState>
    <ksState>
      <x>629.5432824830369</x>
      <y>950.3421790714708</y>
      <steeringAngle>0.1421333333333333</steeringAngle>
      <velocity>4.0</velocity>
      <orientation>0.13856026684343406</orientation>
      <time>11</time>
    </ksState>
    <ksState>
      <x>629.9347854911857</x>
      <y>950.4287343046645</y>
      <steeringAngle>0.10659999999999999</steeringAngle>
      <velocity>4.0</velocity>
      <orientation>0.15795219313418463</orientation>
      <time>12</time>
    </ksState>
    <ksState>
      <x>630.3261025186273</x>
      <y>950.5139521725627</y>
      <steeringAngle>0.07106666666666664</steeringAngle>
      <velocity>4.0</velocity>
      <orientation>0.17176843286913754</orientation>
      <time>13</time>
    </ksState>
    <ksState>
      <x>630.7178359737063</x>
      <y>950.595725905362</y>
      <steeringAngle>0.03553333333333332</steeringAngle>
      <velocity>4.0</velocity>
      <orientation>0.18004419333140292</orientation>
      <time>14</time>
    </ksState>
    <ksState>
      <x>631.1105303312189</x>
      <y>950.671935141648</y>
      <steeringAngle>-2.2985086056692694e-17</steeringAngle>
      <velocity>4.0</velocity>
      <orientation>0.18280045662624328</orientation>
      <time>15</time>
    </ksState>
    <ksState>
      <x>631.5440844668731</x>
      <y>950.7470911188003</y>
      <steeringAngle>-0.035533333333333326</steeringAngle>
      <velocity>4.799999999999999</velocity>
      <orientation>0.17967667795705247</orientation>
      <time>16</time>
    </ksState>
    <ksState>
      <x>632.0588297238877</x>
      <y>950.8223463228179</y>
      <steeringAngle>-0.07106666666666667</steeringAngle>
      <velocity>5.599999999999998</velocity>
      <orientation>0.16882606689587967</orientation>
      <time>17</time>
    </ksState>
    <ksState>
      <x>632.6559121602958</x>
      <y>950.8881639069846</y>
      <steeringAngle>-0.10659999999999999</steeringAngle>
      <velocity>6.3999999999999995</velocity>
      <orientation>0.14800911789555168</orientation>
      <time>18</time>
    </ksState>
    <ksState>
      <x>633.3361074252309</x>
      <y>950.9312162900347</y>
      <steeringAngle>-0.14213333333333333</steeringAngle>
      <velocity>7.199999999999999</velocity>
      <orientation>0.11494954691438654</orientation>
      <time>19</time>
    </ksState>
    <ksState>
      <x>634.0989858156474</x>
      <y>950.9335818236368</y>
      <steeringAngle>-0.17766666666666664</steeringAngle>
      <velocity>7.9999999999999964</velocity>
      <orientation>0.06732222483283991</orientation>
      <time>20</time>
    </ksState>
    <ksState>
      <x>634.8614617953504</x>
      <y>950.880488879434</y>
      <steeringAngle>-0.21320000000000014</steeringAngle>
      <velocity>7.200000000000003</velocity>
      <orientation>0.009072897761347058</orientation>
      <time>21</time>
    </ksState>
    <ksState>
      <x>635.5392749590336</x>
      <y>950.7781145631767</y>
      <steeringAngle>-0.24873333333333347</steeringAngle>
      <velocity>6.400000000000004</velocity>
      <orientation>-0.05284418972443229</orientation>
      <time>22</time>
    </ksState>
    <ksState>
      <x>636.1294493097005</x>
      <y>950.6379981039943</y>
      <steeringAngle>-0.2842666666666668</steeringAngle>
      <velocity>5.600000000000001</velocity>
      <orientation>-0.11626633248835343</orientation>
      <time>23</time>
    </ksState>
    <ksState>
      <x>636.6306330873805</x>
      <y>950.4735971087808</y>
      <steeringAngle>-0.3198</steeringAngle>
      <velocity>4.800000000000002</velocity>
      <orientation>-0.17899543223030606</orientation>
      <time>24</time>
    </ksState>
    <ksState>
      <x>637.0434182552901</x>
      <y>950.2994072526666</y>
      <steeringAngle>-0.3553333333333332</steeringAngle>
      <velocity>4.000000000000001</velocity>
      <orientation>-0.2387852662785208</orientation>
      <time>25</time>
    </ksState>
    <ksState>
      <x>637.372744967313</x>
      <y>950.1380962231275</y>
      <steeringAngle>-0.31979999999999975</steeringAngle>
      <velocity>3.2</velocity>
      <orientation>-0.28789182633630916</orientation>
      <time>26</time>
    </ksState>
    <ksState>
      <x>637.6253019515899</x>
      <y>950.0079144963478</y>
      <steeringAngle>-0.2842666666666663</steeringAngle>
      <velocity>2.4000000000000004</velocity>
      <orientation>-0.3218240817025235</orientation>
      <time>27</time>
    </ksState>
    <ksState>
      <x>637.8044536113447</x>
      <y>949.9139887738771</y>
      <steeringAngle>-0.24873333333333292</steeringAngle>
      <velocity>1.6000000000000008</velocity>
      <orientation>-0.3430964026494623</orientation>
      <time>28</time>
    </ksState>
    <ksState>
      <x>637.9118630657085</x>
      <y>949.8582184771561</y>
      <steeringAngle>-0.21319999999999967</steeringAngle>
      <velocity>0.8000000000000008</velocity>
      <orientation>-0.35413699339051713</orientation>
      <time>29</time>
    </ksState>
    <ksState>
      <x>637.9477895374949</x>
      <y>949.8400637838492</y>
      <steeringAngle>-0.1776666666666663</steeringAngle>
      <velocity>6.661338147750939e-16</velocity>
      <orientation>-0.3573032309323954</orientation>
      <time>30</time>
    </ksState>
    <ksState>
      <x>637.9477895374949</x>
      <y>949.8400637838492</y>
      <steeringAngle>-0.14213333333333336</steeringAngle>
      <velocity>0.0</velocity>
      <orientation>-0.3573032309323954</orientation>
      <time>31</time>
    </ksState>
    <ksState>
      <x>637.9477895374949</x>
      <y>949.8400637838492</y>
      <steeringAngle>-0.10660000000000001</steeringAngle>
      <velocity>0.0</velocity>
      <orientation>-0.3573032309323954</orientation>
      <time>32</time>
    </ksState>
    <ksState>
      <x>637.9477895374949</x>
      <y>949.8400637838492</y>
      <steeringAngle>-0.07106666666666668</steeringAngle>
      <velocity>0.0</velocity>
      <orientation>-0.3573032309323954</orientation>
      <time>33</time>
    </ksState>
  </ksTrajectory>
</CommonRoadSolution>
