<?xml version="1.0" ?>
<CommonRoadSolution benchmark_id="KS2:SM1:BEL_Nivelles-9_2_T-1:2020a" computation_time="2.7750498049999806" date="2022-12-18T12:01:12">
  <ksTrajectory planningProblem="1">
    <ksState>
      <x>794.20686</x>
      <y>-936.64096</y>
      <steeringAngle>0.0</steeringAngle>
      <velocity>8.0</velocity>
      <orientation>0.57224361</orientation>
      <time>0</time>
    </ksState>
    <ksState>
      <x>794.84578298073</x>
      <y>-936.229405114729</y>
      <steeringAngle>0.0</steeringAngle>
      <velocity>7.200000000000001</velocity>
      <orientation>0.57224361</orientation>
      <time>1</time>
    </ksState>
    <ksState>
      <x>795.417450910545</x>
      <y>-935.8611717965297</y>
      <steeringAngle>0.0</steeringAngle>
      <velocity>6.400000000000001</velocity>
      <orientation>0.57224361</orientation>
      <time>2</time>
    </ksState>
    <ksState>
      <x>795.9218637896134</x>
      <y>-935.5362600452933</y>
      <steeringAngle>0.0</steeringAngle>
      <velocity>5.600000000000001</velocity>
      <orientation>0.57224361</orientation>
      <time>3</time>
    </ksState>
    <ksState>
      <x>796.3590216179826</x>
      <y>-935.2546698609893</y>
      <steeringAngle>0.0</steeringAngle>
      <velocity>4.800000000000001</velocity>
      <orientation>0.57224361</orientation>
      <time>4</time>
    </ksState>
    <ksState>
      <x>796.7289243956703</x>
      <y>-935.0164012436065</y>
      <steeringAngle>0.0</steeringAngle>
      <velocity>4.000000000000001</velocity>
      <orientation>0.57224361</orientation>
      <time>5</time>
    </ksState>
    <ksState>
      <x>797.0651996490077</x>
      <y>-934.7997934090463</y>
      <steeringAngle>0.0</steeringAngle>
      <velocity>4.0</velocity>
      <orientation>0.57224361</orientation>
      <time>6</time>
    </ksState>
    <ksState>
      <x>797.4014749023451</x>
      <y>-934.583185574486</y>
      <steeringAngle>0.0</steeringAngle>
      <velocity>4.0</velocity>
      <orientation>0.57224361</orientation>
      <time>7</time>
    </ksState>
    <ksState>
      <x>797.7377501556824</x>
      <y>-934.3665777399258</y>
      <steeringAngle>0.0</steeringAngle>
      <velocity>4.0</velocity>
      <orientation>0.57224361</orientation>
      <time>8</time>
    </ksState>
    <ksState>
      <x>798.0740254090199</x>
      <y>-934.1499699053655</y>
      <steeringAngle>0.0</steeringAngle>
      <velocity>4.0</velocity>
      <orientation>0.57224361</orientation>
      <time>9</time>
    </ksState>
    <ksState>
      <x>798.4103006623573</x>
      <y>-933.9333620708053</y>
      <steeringAngle>0.0</steeringAngle>
      <velocity>4.0</velocity>
      <orientation>0.57224361</orientation>
      <time>10</time>
    </ksState>
    <ksState>
      <x>798.7775386602684</x>
      <y>-933.6909701106771</y>
      <steeringAngle>0.035533333333333326</steeringAngle>
      <velocity>4.799999999999999</velocity>
      <orientation>0.5753673886691908</orientation>
      <time>11</time>
    </ksState>
    <ksState>
      <x>799.2039713917601</x>
      <y>-933.3930084506212</y>
      <steeringAngle>0.07106666666666667</steeringAngle>
      <velocity>5.599999999999998</velocity>
      <orientation>0.5862179997303636</orientation>
      <time>12</time>
    </ksState>
    <ksState>
      <x>799.6838976646309</x>
      <y>-933.0317465472033</y>
      <steeringAngle>0.10659999999999999</steeringAngle>
      <velocity>6.3999999999999995</velocity>
      <orientation>0.6070349487306916</orientation>
      <time>13</time>
    </ksState>
    <ksState>
      <x>800.2087486705201</x>
      <y>-932.5969471362753</y>
      <steeringAngle>0.14213333333333333</steeringAngle>
      <velocity>7.199999999999999</velocity>
      <orientation>0.6400945197118567</orientation>
      <time>14</time>
    </ksState>
    <ksState>
      <x>800.7659294042412</x>
      <y>-932.0758534169851</y>
      <steeringAngle>0.17766666666666664</steeringAngle>
      <velocity>7.9999999999999964</velocity>
      <orientation>0.6877218417934033</orientation>
      <time>15</time>
    </ksState>
    <ksState>
      <x>801.3240878385333</x>
      <y>-931.4983595280227</y>
      <steeringAngle>0.14213333333333336</steeringAngle>
      <velocity>8.0</velocity>
      <orientation>0.7377566533421518</orientation>
      <time>16</time>
    </ksState>
    <ksState>
      <x>801.867079400243</x>
      <y>-930.9082693031933</y>
      <steeringAngle>0.1066000000000001</steeringAngle>
      <velocity>8.0</velocity>
      <orientation>0.7765405053491491</orientation>
      <time>17</time>
    </ksState>
    <ksState>
      <x>802.4014731050811</x>
      <y>-930.3116235100159</y>
      <steeringAngle>0.07106666666666674</steeringAngle>
      <velocity>8.0</velocity>
      <orientation>0.804172984378836</orientation>
      <time>18</time>
    </ksState>
    <ksState>
      <x>802.9340146237412</x>
      <y>-929.7141504814775</y>
      <steeringAngle>0.035533333333333354</steeringAngle>
      <velocity>8.0</velocity>
      <orientation>0.8207245050078653</orientation>
      <time>19</time>
    </ksState>
    <ksState>
      <x>803.4714593609506</x>
      <y>-929.1215085493286</y>
      <steeringAngle>2.0816681711721685e-17</steeringAngle>
      <velocity>8.0</velocity>
      <orientation>0.8262370314662701</orientation>
      <time>20</time>
    </ksState>
    <ksState>
      <x>804.0135775913151</x>
      <y>-928.5331992562639</y>
      <steeringAngle>0.0</steeringAngle>
      <velocity>8.0</velocity>
      <orientation>0.8262370314662701</orientation>
      <time>21</time>
    </ksState>
    <ksState>
      <x>804.5556958216797</x>
      <y>-927.944889963199</y>
      <steeringAngle>0.0</steeringAngle>
      <velocity>8.0</velocity>
      <orientation>0.8262370314662701</orientation>
      <time>22</time>
    </ksState>
    <ksState>
      <x>805.0978140520442</x>
      <y>-927.3565806701342</y>
      <steeringAngle>0.0</steeringAngle>
      <velocity>8.0</velocity>
      <orientation>0.8262370314662701</orientation>
      <time>23</time>
    </ksState>
    <ksState>
      <x>805.6399322824088</x>
      <y>-926.7682713770695</y>
      <steeringAngle>0.0</steeringAngle>
      <velocity>8.0</velocity>
      <orientation>0.8262370314662701</orientation>
      <time>24</time>
    </ksState>
    <ksState>
      <x>806.1820505127733</x>
      <y>-926.1799620840046</y>
      <steeringAngle>0.0</steeringAngle>
      <velocity>8.0</velocity>
      <orientation>0.8262370314662701</orientation>
      <time>25</time>
    </ksState>
    <ksState>
      <x>806.7310008051759</x>
      <y>-925.597981198028</y>
      <steeringAngle>-0.03553333333333333</steeringAngle>
      <velocity>8.0</velocity>
      <orientation>0.8207244964634314</orientation>
      <time>26</time>
    </ksState>
    <ksState>
      <x>807.297732571071</x>
      <y>-925.0328969746021</y>
      <steeringAngle>-0.07106666666666667</steeringAngle>
      <velocity>8.0</velocity>
      <orientation>0.8041729755831617</orientation>
      <time>27</time>
    </ksState>
    <ksState>
      <x>807.8879967625741</x>
      <y>-924.4915703201206</y>
      <steeringAngle>-0.10659999999999997</steeringAngle>
      <velocity>8.0</velocity>
      <orientation>0.7765404962924668</orientation>
      <time>28</time>
    </ksState>
    <ksState>
      <x>808.506782416883</x>
      <y>-923.9816821873159</y>
      <steeringAngle>-0.1421333333333333</steeringAngle>
      <velocity>8.0</velocity>
      <orientation>0.7377566440197318</orientation>
      <time>29</time>
    </ksState>
    <ksState>
      <x>809.1580286351942</x>
      <y>-923.5118910422622</y>
      <steeringAngle>-0.17766666666666667</steeringAngle>
      <velocity>8.0</velocity>
      <orientation>0.6877218317705772</orientation>
      <time>30</time>
    </ksState>
    <ksState>
      <x>809.809280455641</x>
      <y>-923.1118166157952</y>
      <steeringAngle>-0.21320000000000014</steeringAngle>
      <velocity>7.200000000000003</velocity>
      <orientation>0.6294725046990843</orientation>
      <time>31</time>
    </ksState>
    <ksState>
      <x>810.4202969325337</x>
      <y>-922.8010593947092</y>
      <steeringAngle>-0.24873333333333347</steeringAngle>
      <velocity>6.400000000000004</velocity>
      <orientation>0.567555417213305</orientation>
      <time>32</time>
    </ksState>
    <ksState>
      <x>810.981948206972</x>
      <y>-922.5719606556452</y>
      <steeringAngle>-0.2842666666666668</steeringAngle>
      <velocity>5.600000000000001</velocity>
      <orientation>0.5041332744493838</orientation>
      <time>33</time>
    </ksState>
  </ksTrajectory>
</CommonRoadSolution>
