<?xml version="1.0" ?>
<CommonRoadSolution benchmark_id="KS2:SM1:ESP_Berga-6_1_T-1:2020a" computation_time="3.8188860410000416" date="2022-12-18T12:01:12">
  <ksTrajectory planningProblem="1">
    <ksState>
      <x>-258.33454</x>
      <y>-558.29373</y>
      <steeringAngle>0.0</steeringAngle>
      <velocity>8.0</velocity>
      <orientation>0.4907376</orientation>
      <time>0</time>
    </ksState>
    <ksState>
      <x>-257.66019081924367</x>
      <y>-557.9431651687498</y>
      <steeringAngle>-0.03553333333333333</steeringAngle>
      <velocity>7.199999999999999</velocity>
      <orientation>0.4855925870175077</orientation>
      <time>1</time>
    </ksState>
    <ksState>
      <x>-257.0476890474364</x>
      <y>-557.647178252915</y>
      <steeringAngle>-0.07106666666666664</steeringAngle>
      <velocity>6.400000000000001</velocity>
      <orientation>0.4716159148965446</orientation>
      <time>2</time>
    </ksState>
    <ksState>
      <x>-256.4975340091677</x>
      <y>-557.4060272758203</y>
      <steeringAngle>-0.10659999999999997</steeringAngle>
      <velocity>5.600000000000004</velocity>
      <orientation>0.4509841470306632</orientation>
      <time>3</time>
    </ksState>
    <ksState>
      <x>-256.01169237065324</x>
      <y>-557.2173530011409</y>
      <steeringAngle>-0.1421333333333333</steeringAngle>
      <velocity>4.800000000000003</velocity>
      <orientation>0.42586793952201496</orientation>
      <time>4</time>
    </ksState>
    <ksState>
      <x>-255.59301258544656</x>
      <y>-557.0766417964684</y>
      <steeringAngle>-0.17766666666666653</steeringAngle>
      <velocity>4.000000000000006</velocity>
      <orientation>0.3984430429368651</orientation>
      <time>5</time>
    </ksState>
    <ksState>
      <x>-255.24607453684501</x>
      <y>-556.9741779110536</y>
      <steeringAngle>-0.17766666666666667</steeringAngle>
      <velocity>3.2000000000000006</velocity>
      <orientation>0.3733776036686875</orientation>
      <time>6</time>
    </ksState>
    <ksState>
      <x>-254.9745225284092</x>
      <y>-556.9005144561806</y>
      <steeringAngle>-0.17766666666666667</steeringAngle>
      <velocity>2.4000000000000012</velocity>
      <orientation>0.35388226203865775</orientation>
      <time>7</time>
    </ksState>
    <ksState>
      <x>-254.77970317677773</x>
      <y>-556.851145740508</y>
      <steeringAngle>-0.17766666666666667</steeringAngle>
      <velocity>1.6000000000000005</velocity>
      <orientation>0.33995701803967676</orientation>
      <time>8</time>
    </ksState>
    <ksState>
      <x>-254.6624882308444</x>
      <y>-556.8228283794564</y>
      <steeringAngle>-0.17766666666666667</steeringAngle>
      <velocity>0.8000000000000004</velocity>
      <orientation>0.33160187166892263</orientation>
      <time>9</time>
    </ksState>
    <ksState>
      <x>-254.62336450766074</x>
      <y>-556.8136070237406</y>
      <steeringAngle>-0.17766666666666667</steeringAngle>
      <velocity>2.7755575615628914e-16</velocity>
      <orientation>0.3288168229227073</orientation>
      <time>10</time>
    </ksState>
    <ksState>
      <x>-254.58438933769278</x>
      <y>-556.8039801026979</y>
      <steeringAngle>-0.14213333333333333</steeringAngle>
      <velocity>0.8</velocity>
      <orientation>0.32640932571190484</orientation>
      <time>11</time>
    </ksState>
    <ksState>
      <x>-254.46802139646599</x>
      <y>-556.7735653728977</y>
      <steeringAngle>-0.10660000000000001</steeringAngle>
      <velocity>1.6</velocity>
      <orientation>0.32068503909157015</orientation>
      <time>12</time>
    </ksState>
    <ksState>
      <x>-254.27496463503854</x>
      <y>-556.7204254998808</y>
      <steeringAngle>-0.07106666666666664</steeringAngle>
      <velocity>2.4000000000000004</velocity>
      <orientation>0.31386952532859147</orientation>
      <time>13</time>
    </ksState>
    <ksState>
      <x>-254.0058891478138</x>
      <y>-556.642544735938</y>
      <steeringAngle>-0.03553333333333332</steeringAngle>
      <velocity>3.1999999999999993</velocity>
      <orientation>0.3081686046156617</orientation>
      <time>14</time>
    </ksState>
    <ksState>
      <x>-253.6616466366121</x>
      <y>-556.5371427039398</y>
      <steeringAngle>2.6020852139652106e-18</steeringAngle>
      <velocity>3.999999999999999</velocity>
      <orientation>0.30577985302733485</orientation>
      <time>15</time>
    </ksState>
    <ksState>
      <x>-253.28149821895843</x>
      <y>-556.4126397184351</y>
      <steeringAngle>0.035533333333333326</steeringAngle>
      <velocity>4.0</velocity>
      <orientation>0.30853612755993526</orientation>
      <time>16</time>
    </ksState>
    <ksState>
      <x>-252.90445865232147</x>
      <y>-556.2785705876256</y>
      <steeringAngle>0.07106666666666711</steeringAngle>
      <velocity>4.0</velocity>
      <orientation>0.3168118881032207</orientation>
      <time>17</time>
    </ksState>
    <ksState>
      <x>-252.53143198172012</x>
      <y>-556.1328734870864</y>
      <steeringAngle>0.10660000000000043</steeringAngle>
      <velocity>4.0</velocity>
      <orientation>0.3306281279223575</orientation>
      <time>18</time>
    </ksState>
    <ksState>
      <x>-252.1635259836897</x>
      <y>-555.97352795021</y>
      <steeringAngle>0.14213333333333378</steeringAngle>
      <velocity>4.0</velocity>
      <orientation>0.35002005430790334</orientation>
      <time>19</time>
    </ksState>
    <ksState>
      <x>-251.80208999284739</x>
      <y>-555.7985735933057</y>
      <steeringAngle>0.1776666666666672</steeringAngle>
      <velocity>4.0</velocity>
      <orientation>0.37503746075930067</orientation>
      <time>20</time>
    </ksState>
    <ksState>
      <x>-251.4098088591547</x>
      <y>-555.5954887531302</y>
      <steeringAngle>0.14213333333333333</steeringAngle>
      <velocity>4.8000000000000025</velocity>
      <orientation>0.4024623604776531</orientation>
      <time>21</time>
    </ksState>
    <ksState>
      <x>-250.9484998189823</x>
      <y>-555.3528386638704</y>
      <steeringAngle>0.10660000000000003</steeringAngle>
      <velocity>5.600000000000005</velocity>
      <orientation>0.42757857275657096</orientation>
      <time>22</time>
    </ksState>
    <ksState>
      <x>-250.41774471251654</x>
      <y>-555.0714630192248</y>
      <steeringAngle>0.07106666666666671</steeringAngle>
      <velocity>6.400000000000004</velocity>
      <orientation>0.44821034235603047</orientation>
      <time>23</time>
    </ksState>
    <ksState>
      <x>-249.81596781742368</x>
      <y>-554.7541720356444</y>
      <steeringAngle>0.035533333333333375</steeringAngle>
      <velocity>7.200000000000006</velocity>
      <orientation>0.46218701044882277</orientation>
      <time>24</time>
    </ksState>
    <ksState>
      <x>-249.1401605721341</x>
      <y>-554.4063983971412</y>
      <steeringAngle>2.6346112791397758e-17</steeringAngle>
      <velocity>8.000000000000007</velocity>
      <orientation>0.4673320232283912</orientation>
      <time>25</time>
    </ksState>
    <ksState>
      <x>-248.4217679605243</x>
      <y>-554.0543185329692</y>
      <steeringAngle>-0.03553333333333333</steeringAngle>
      <velocity>8.0</velocity>
      <orientation>0.4618194882255524</orientation>
      <time>26</time>
    </ksState>
    <ksState>
      <x>-247.6926618149434</x>
      <y>-553.7243044385493</y>
      <steeringAngle>-0.07106666666666667</steeringAngle>
      <velocity>8.0</velocity>
      <orientation>0.44526796734528273</orientation>
      <time>27</time>
    </ksState>
    <ksState>
      <x>-246.94986751048313</x>
      <y>-553.4247998745036</y>
      <steeringAngle>-0.10659999999999997</steeringAngle>
      <velocity>8.0</velocity>
      <orientation>0.41763548805458783</orientation>
      <time>28</time>
    </ksState>
    <ksState>
      <x>-246.19141183009708</x>
      <y>-553.1647487740564</y>
      <steeringAngle>-0.1421333333333333</steeringAngle>
      <velocity>8.0</velocity>
      <orientation>0.37885163578185294</orientation>
      <time>29</time>
    </ksState>
    <ksState>
      <x>-245.4166479437202</x>
      <y>-552.9536415093744</y>
      <steeringAngle>-0.17766666666666667</steeringAngle>
      <velocity>8.0</velocity>
      <orientation>0.32881682353269825</orientation>
      <time>30</time>
    </ksState>
    <ksState>
      <x>-244.6663667553966</x>
      <y>-552.8078107211437</y>
      <steeringAngle>-0.21320000000000014</steeringAngle>
      <velocity>7.200000000000003</velocity>
      <orientation>0.2705674964612054</orientation>
      <time>31</time>
    </ksState>
    <ksState>
      <x>-243.98512979399172</x>
      <y>-552.731473391434</y>
      <steeringAngle>-0.24873333333333347</steeringAngle>
      <velocity>6.400000000000004</velocity>
      <orientation>0.20865040897542605</orientation>
      <time>32</time>
    </ksState>
    <ksState>
      <x>-243.37879506142662</x>
      <y>-552.714251939577</y>
      <steeringAngle>-0.2842666666666668</steeringAngle>
      <velocity>5.600000000000001</velocity>
      <orientation>0.14522826621150492</orientation>
      <time>33</time>
    </ksState>
  </ksTrajectory>
</CommonRoadSolution>
