<?xml version="1.0" ?>
<CommonRoadSolution benchmark_id="KS2:SM1:HRV_Pula-9_2_T-1:2020a" computation_time="0.7015907089999018" date="2022-12-18T12:01:12">
  <ksTrajectory planningProblem="1">
    <ksState>
      <x>-826.66129</x>
      <y>939.34698</y>
      <steeringAngle>0.0</steeringAngle>
      <velocity>12.0</velocity>
      <orientation>1.2257517</orientation>
      <time>0</time>
    </ksState>
    <ksState>
      <x>-826.2555135197446</x>
      <y>940.4337318657855</y>
      <steeringAngle>-0.03553333333333333</steeringAngle>
      <velocity>11.200000000000001</velocity>
      <orientation>1.217850426227656</orientation>
      <time>1</time>
    </ksState>
    <ksState>
      <x>-825.8426243594549</x>
      <y>941.4321262577113</y>
      <steeringAngle>-0.07106666666666667</steeringAngle>
      <velocity>10.400000000000007</velocity>
      <orientation>1.195597995429166</orientation>
      <time>2</time>
    </ksState>
    <ksState>
      <x>-825.4160027485773</x>
      <y>942.3377659717149</y>
      <steeringAngle>-0.10660000000000001</steeringAngle>
      <velocity>9.60000000000001</velocity>
      <orientation>1.1611499845444944</orientation>
      <time>3</time>
    </ksState>
    <ksState>
      <x>-824.9743182085865</x>
      <y>943.147123192387</y>
      <steeringAngle>-0.14213333333333344</steeringAngle>
      <velocity>8.800000000000008</velocity>
      <orientation>1.1166418524236494</orientation>
      <time>4</time>
    </ksState>
    <ksState>
      <x>-824.5207666688522</x>
      <y>943.8578768729725</y>
      <steeringAngle>-0.17766666666666675</steeringAngle>
      <velocity>8.000000000000009</velocity>
      <orientation>1.064199554608668</orientation>
      <time>5</time>
    </ksState>
    <ksState>
      <x>-824.062211264334</x>
      <y>944.4693631126668</y>
      <steeringAngle>-0.21320000000000014</steeringAngle>
      <velocity>7.200000000000003</velocity>
      <orientation>1.0059502275371752</orientation>
      <time>6</time>
    </ksState>
    <ksState>
      <x>-823.6082361184525</x>
      <y>944.9829950357529</y>
      <steeringAngle>-0.24873333333333347</steeringAngle>
      <velocity>6.400000000000004</velocity>
      <orientation>0.9440331400513958</orientation>
      <time>7</time>
    </ksState>
    <ksState>
      <x>-823.1701473915982</x>
      <y>945.4025384229276</y>
      <steeringAngle>-0.2842666666666668</steeringAngle>
      <velocity>5.600000000000001</velocity>
      <orientation>0.8806109972874747</orientation>
      <time>8</time>
    </ksState>
    <ksState>
      <x>-822.7599804162338</x>
      <y>945.7341645958352</y>
      <steeringAngle>-0.3198</steeringAngle>
      <velocity>4.800000000000002</velocity>
      <orientation>0.817881897545522</orientation>
      <time>9</time>
    </ksState>
    <ksState>
      <x>-822.3895869730645</x>
      <y>945.9862407709815</y>
      <steeringAngle>-0.3553333333333332</steeringAngle>
      <velocity>4.000000000000001</velocity>
      <orientation>0.7580920634973073</orientation>
      <time>10</time>
    </ksState>
    <ksState>
      <x>-822.0698797871039</x>
      <y>946.168856944109</y>
      <steeringAngle>-0.3908666666666668</steeringAngle>
      <velocity>3.2000000000000006</velocity>
      <orientation>0.7035496767241247</orientation>
      <time>11</time>
    </ksState>
    <ksState>
      <x>-821.810296841078</x>
      <y>946.2931204527888</y>
      <steeringAngle>-0.4264</steeringAngle>
      <velocity>2.3999999999999995</velocity>
      <orientation>0.6566400399276078</orientation>
      <time>12</time>
    </ksState>
    <ksState>
      <x>-821.6185211135978</x>
      <y>946.3702709695854</y>
      <steeringAngle>-0.4619333333333332</steeringAngle>
      <velocity>1.5999999999999996</velocity>
      <orientation>0.619842415402211</orientation>
      <time>13</time>
    </ksState>
    <ksState>
      <x>-821.5004517682437</x>
      <y>946.4106747130865</y>
      <steeringAngle>-0.49746666666666656</steeringAngle>
      <velocity>0.7999999999999986</velocity>
      <orientation>0.5957489792522295</orientation>
      <time>14</time>
    </ksState>
    <ksState>
      <x>-821.4603755214603</x>
      <y>946.4227465849463</y>
      <steeringAngle>-0.5329999999999998</steeringAngle>
      <velocity>-1.5265566588595902e-15</velocity>
      <orientation>0.5870863131146487</orientation>
      <time>15</time>
    </ksState>
    <ksState>
      <x>-821.4603755214603</x>
      <y>946.4227465849463</y>
      <steeringAngle>-0.49746666666666667</steeringAngle>
      <velocity>0.0</velocity>
      <orientation>0.5870863131146487</orientation>
      <time>16</time>
    </ksState>
    <ksState>
      <x>-821.4603755214603</x>
      <y>946.4227465849463</y>
      <steeringAngle>-0.4619333333333333</steeringAngle>
      <velocity>0.0</velocity>
      <orientation>0.5870863131146487</orientation>
      <time>17</time>
    </ksState>
    <ksState>
      <x>-821.4603755214603</x>
      <y>946.4227465849463</y>
      <steeringAngle>-0.42639999999999995</steeringAngle>
      <velocity>0.0</velocity>
      <orientation>0.5870863131146487</orientation>
      <time>18</time>
    </ksState>
    <ksState>
      <x>-821.4603755214603</x>
      <y>946.4227465849463</y>
      <steeringAngle>-0.3908666666666666</steeringAngle>
      <velocity>0.0</velocity>
      <orientation>0.5870863131146487</orientation>
      <time>19</time>
    </ksState>
    <ksState>
      <x>-821.4603755214603</x>
      <y>946.4227465849463</y>
      <steeringAngle>-0.3553333333333333</steeringAngle>
      <velocity>0.0</velocity>
      <orientation>0.5870863131146487</orientation>
      <time>20</time>
    </ksState>
    <ksState>
      <x>-821.4603755214603</x>
      <y>946.4227465849463</y>
      <steeringAngle>-0.3198</steeringAngle>
      <velocity>0.0</velocity>
      <orientation>0.5870863131146487</orientation>
      <time>21</time>
    </ksState>
    <ksState>
      <x>-821.4603755214603</x>
      <y>946.4227465849463</y>
      <steeringAngle>-0.2842666666666666</steeringAngle>
      <velocity>0.0</velocity>
      <orientation>0.5870863131146487</orientation>
      <time>22</time>
    </ksState>
    <ksState>
      <x>-821.4603755214603</x>
      <y>946.4227465849463</y>
      <steeringAngle>-0.24873333333333333</steeringAngle>
      <velocity>0.0</velocity>
      <orientation>0.5870863131146487</orientation>
      <time>23</time>
    </ksState>
    <ksState>
      <x>-821.4603755214603</x>
      <y>946.4227465849463</y>
      <steeringAngle>-0.21320000000000003</steeringAngle>
      <velocity>0.0</velocity>
      <orientation>0.5870863131146487</orientation>
      <time>24</time>
    </ksState>
    <ksState>
      <x>-821.4603755214603</x>
      <y>946.4227465849463</y>
      <steeringAngle>-0.1776666666666667</steeringAngle>
      <velocity>0.0</velocity>
      <orientation>0.5870863131146487</orientation>
      <time>25</time>
    </ksState>
    <ksState>
      <x>-821.4603755214603</x>
      <y>946.4227465849463</y>
      <steeringAngle>-0.14213333333333336</steeringAngle>
      <velocity>0.0</velocity>
      <orientation>0.5870863131146487</orientation>
      <time>26</time>
    </ksState>
    <ksState>
      <x>-821.4603755214603</x>
      <y>946.4227465849463</y>
      <steeringAngle>-0.10660000000000001</steeringAngle>
      <velocity>0.0</velocity>
      <orientation>0.5870863131146487</orientation>
      <time>27</time>
    </ksState>
    <ksState>
      <x>-821.4603755214603</x>
      <y>946.4227465849463</y>
      <steeringAngle>-0.07106666666666668</steeringAngle>
      <velocity>0.0</velocity>
      <orientation>0.5870863131146487</orientation>
      <time>28</time>
    </ksState>
    <ksState>
      <x>-821.4603755214603</x>
      <y>946.4227465849463</y>
      <steeringAngle>-0.03553333333333333</steeringAngle>
      <velocity>0.0</velocity>
      <orientation>0.5870863131146487</orientation>
      <time>29</time>
    </ksState>
    <ksState>
      <x>-821.4603755214603</x>
      <y>946.4227465849463</y>
      <steeringAngle>-0.0</steeringAngle>
      <velocity>0.0</velocity>
      <orientation>0.5870863131146487</orientation>
      <time>30</time>
    </ksState>
    <ksState>
      <x>-821.4267803605476</x>
      <y>946.444463792176</y>
      <steeringAngle>-0.03553333333333333</steeringAngle>
      <velocity>0.8</velocity>
      <orientation>0.5867187813364066</orientation>
      <time>31</time>
    </ksState>
    <ksState>
      <x>-821.3247483097149</x>
      <y>946.5077311102898</y>
      <steeringAngle>-0.0710666666666667</steeringAngle>
      <velocity>1.6</velocity>
      <orientation>0.5841439347444211</orientation>
      <time>32</time>
    </ksState>
    <ksState>
      <x>-821.1520882134758</x>
      <y>946.609154053918</y>
      <steeringAngle>-0.10660000000000003</steeringAngle>
      <velocity>2.4000000000000004</velocity>
      <orientation>0.5771432305075839</orientation>
      <time>33</time>
    </ksState>
  </ksTrajectory>
</CommonRoadSolution>
