<?xml version="1.0" ?>
<CommonRoadSolution benchmark_id="KS2:SM1:ESP_Ceuta-1_2_T-1:2020a" computation_time="6.060949276000429" date="2022-12-18T12:01:12">
  <ksTrajectory planningProblem="1">
    <ksState>
      <x>322.6044</x>
      <y>-13.991175</y>
      <steeringAngle>0.0</steeringAngle>
      <velocity>4.0</velocity>
      <orientation>-0.5130816</orientation>
      <time>0</time>
    </ksState>
    <ksState>
      <x>322.9901472974672</x>
      <y>-14.202874390507594</y>
      <steeringAngle>0.035533333333333326</steeringAngle>
      <velocity>4.799999999999999</velocity>
      <orientation>-0.5099578213308092</orientation>
      <time>1</time>
    </ksState>
    <ksState>
      <x>323.45266525374194</x>
      <y>-14.440998655281831</y>
      <steeringAngle>0.07106666666666667</steeringAngle>
      <velocity>5.599999999999998</velocity>
      <orientation>-0.49910721026963645</orientation>
      <time>2</time>
    </ksState>
    <ksState>
      <x>323.9961308689178</x>
      <y>-14.696898079615114</y>
      <steeringAngle>0.10659999999999999</steeringAngle>
      <velocity>6.3999999999999995</velocity>
      <orientation>-0.47829026126930846</orientation>
      <time>3</time>
    </ksState>
    <ksState>
      <x>324.6256001236338</x>
      <y>-14.958216971954913</y>
      <steeringAngle>0.14213333333333333</steeringAngle>
      <velocity>7.199999999999999</velocity>
      <orientation>-0.44523069028814327</orientation>
      <time>4</time>
    </ksState>
    <ksState>
      <x>325.34647869143055</x>
      <y>-15.207862970931375</y>
      <steeringAngle>0.17766666666666664</steeringAngle>
      <velocity>7.9999999999999964</velocity>
      <orientation>-0.39760336820659664</orientation>
      <time>5</time>
    </ksState>
    <ksState>
      <x>326.07892199455347</x>
      <y>-15.421639021106802</y>
      <steeringAngle>0.1421333333333334</steeringAngle>
      <velocity>7.2</velocity>
      <orientation>-0.3499760464609597</orientation>
      <time>6</time>
    </ksState>
    <ksState>
      <x>326.7370081585499</x>
      <y>-15.599242787698804</y>
      <steeringAngle>0.10660000000000011</steeringAngle>
      <velocity>6.4</velocity>
      <orientation>-0.3169164760129918</orientation>
      <time>7</time>
    </ksState>
    <ksState>
      <x>327.31809516776946</x>
      <y>-15.751645525080065</y>
      <steeringAngle>0.07106666666666674</steeringAngle>
      <velocity>5.600000000000001</velocity>
      <orientation>-0.2960995277191033</orientation>
      <time>8</time>
    </ksState>
    <ksState>
      <x>327.82079248780656</x>
      <y>-15.885588172776576</y>
      <steeringAngle>0.03553333333333339</steeringAngle>
      <velocity>4.800000000000001</velocity>
      <orientation>-0.28524891806144037</orientation>
      <time>9</time>
    </ksState>
    <ksState>
      <x>328.24451151425626</x>
      <y>-16.004263111977643</y>
      <steeringAngle>5.5294310796760726e-17</steeringAngle>
      <velocity>4.0</velocity>
      <orientation>-0.28212514222427487</orientation>
      <time>10</time>
    </ksState>
    <ksState>
      <x>328.59027926373733</x>
      <y>-16.104486176582938</y>
      <steeringAngle>0.0</steeringAngle>
      <velocity>3.2</velocity>
      <orientation>-0.28212514222427487</orientation>
      <time>11</time>
    </ksState>
    <ksState>
      <x>328.8592097352387</x>
      <y>-16.182437448961778</y>
      <steeringAngle>0.0</steeringAngle>
      <velocity>2.4000000000000004</velocity>
      <orientation>-0.28212514222427487</orientation>
      <time>12</time>
    </ksState>
    <ksState>
      <x>329.0513029288583</x>
      <y>-16.23811692914253</y>
      <steeringAngle>0.0</steeringAngle>
      <velocity>1.6</velocity>
      <orientation>-0.28212514222427487</orientation>
      <time>13</time>
    </ksState>
    <ksState>
      <x>329.16655884463506</x>
      <y>-16.271524617136492</y>
      <steeringAngle>0.0</steeringAngle>
      <velocity>0.7999999999999998</velocity>
      <orientation>-0.28212514222427487</orientation>
      <time>14</time>
    </ksState>
    <ksState>
      <x>329.2049774826199</x>
      <y>-16.2826605129584</y>
      <steeringAngle>0.0</steeringAngle>
      <velocity>-3.3306690738754696e-16</velocity>
      <orientation>-0.28212514222427487</orientation>
      <time>15</time>
    </ksState>
    <ksState>
      <x>329.24324881766427</x>
      <y>-16.294304259800658</y>
      <steeringAngle>-0.03553333333333333</steeringAngle>
      <velocity>0.8</velocity>
      <orientation>-0.2824926740025168</orientation>
      <time>16</time>
    </ksState>
    <ksState>
      <x>329.3574281248831</x>
      <y>-16.331403838524164</y>
      <steeringAngle>-0.0710666666666667</steeringAngle>
      <velocity>1.6</velocity>
      <orientation>-0.28506752059450247</orientation>
      <time>17</time>
    </ksState>
    <ksState>
      <x>329.5463368631109</x>
      <y>-16.39782379748706</y>
      <steeringAngle>-0.10660000000000003</steeringAngle>
      <velocity>2.4000000000000004</velocity>
      <orientation>-0.2920682248313397</orientation>
      <time>18</time>
    </ksState>
    <ksState>
      <x>329.80822047964773</x>
      <y>-16.498770881648507</y>
      <steeringAngle>-0.14213333333333342</steeringAngle>
      <velocity>3.2000000000000015</velocity>
      <orientation>-0.30573586577215983</orientation>
      <time>19</time>
    </ksState>
    <ksState>
      <x>330.140290785529</x>
      <y>-16.641419686703955</y>
      <steeringAngle>-0.17766666666666683</steeringAngle>
      <velocity>4.0000000000000036</velocity>
      <orientation>-0.32834578164538003</orientation>
      <time>20</time>
    </ksState>
    <ksState>
      <x>330.503778293407</x>
      <y>-16.812990044505607</y>
      <steeringAngle>-0.17766666666666667</steeringAngle>
      <velocity>4.0</velocity>
      <orientation>-0.3561962698006359</orientation>
      <time>21</time>
    </ksState>
    <ksState>
      <x>330.8623471749796</x>
      <y>-16.99461587284939</y>
      <steeringAngle>-0.17766666666666667</steeringAngle>
      <velocity>4.0</velocity>
      <orientation>-0.3840467579558918</orientation>
      <time>22</time>
    </ksState>
    <ksState>
      <x>331.2157192911079</x>
      <y>-17.186156294382414</y>
      <steeringAngle>-0.17766666666666667</steeringAngle>
      <velocity>4.0</velocity>
      <orientation>-0.4118972461111477</orientation>
      <time>23</time>
    </ksState>
    <ksState>
      <x>331.56362056638324</x>
      <y>-17.38746275008569</y>
      <steeringAngle>-0.17766666666666667</steeringAngle>
      <velocity>4.0</velocity>
      <orientation>-0.43974773426640357</orientation>
      <time>24</time>
    </ksState>
    <ksState>
      <x>331.90578116817085</x>
      <y>-17.598379107668556</y>
      <steeringAngle>-0.17766666666666667</steeringAngle>
      <velocity>4.0</velocity>
      <orientation>-0.4675982224216594</orientation>
      <time>25</time>
    </ksState>
    <ksState>
      <x>332.27761221056204</x>
      <y>-17.83685261998083</y>
      <steeringAngle>-0.14213333333333333</steeringAngle>
      <velocity>4.8000000000000025</velocity>
      <orientation>-0.4950231221400118</orientation>
      <time>26</time>
    </ksState>
    <ksState>
      <x>332.71451870984873</x>
      <y>-18.12110217098082</y>
      <steeringAngle>-0.10660000000000003</steeringAngle>
      <velocity>5.600000000000005</velocity>
      <orientation>-0.5201393344189297</orientation>
      <time>27</time>
    </ksState>
    <ksState>
      <x>333.21699464758643</x>
      <y>-18.450330311384707</y>
      <steeringAngle>-0.07106666666666671</steeringAngle>
      <velocity>6.400000000000004</velocity>
      <orientation>-0.5407711040183891</orientation>
      <time>28</time>
    </ksState>
    <ksState>
      <x>333.78686874544127</x>
      <y>-18.82188449629351</y>
      <steeringAngle>-0.035533333333333375</steeringAngle>
      <velocity>7.200000000000006</velocity>
      <orientation>-0.5547477721111814</orientation>
      <time>29</time>
    </ksState>
    <ksState>
      <x>334.4276388219094</x>
      <y>-19.23063337461202</y>
      <steeringAngle>-2.6346112791397758e-17</steeringAngle>
      <velocity>8.000000000000007</velocity>
      <orientation>-0.5598927848907499</orientation>
      <time>30</time>
    </ksState>
    <ksState>
      <x>335.06700461745544</x>
      <y>-19.64155173387814</y>
      <steeringAngle>-0.03553333333333333</steeringAngle>
      <velocity>7.199999999999999</velocity>
      <orientation>-0.5650377978732423</orientation>
      <time>31</time>
    </ksState>
    <ksState>
      <x>335.6282714968396</x>
      <y>-20.02592936709703</y>
      <steeringAngle>-0.07106666666666664</steeringAngle>
      <velocity>6.400000000000001</velocity>
      <orientation>-0.5790144699942054</orientation>
      <time>32</time>
    </ksState>
    <ksState>
      <x>336.1109673873754</x>
      <y>-20.38346123581075</y>
      <steeringAngle>-0.10659999999999997</steeringAngle>
      <velocity>5.600000000000004</velocity>
      <orientation>-0.5996462378600866</orientation>
      <time>33</time>
    </ksState>
  </ksTrajectory>
</CommonRoadSolution>
