<?xml version="1.0" ?>
<CommonRoadSolution benchmark_id="KS2:SM1:ESP_Toledo-11_1_T-1:2020a" computation_time="0.7307570459997805" date="2022-12-18T12:01:12">
  <ksTrajectory planningProblem="1">
    <ksState>
      <x>95.023243</x>
      <y>-8.5673809</y>
      <steeringAngle>0.0</steeringAngle>
      <velocity>4.0</velocity>
      <orientation>2.3544851</orientation>
      <time>0</time>
    </ksState>
    <ksState>
      <x>94.74392610938496</x>
      <y>-8.281031659628535</y>
      <steeringAngle>-0.035533333333333326</steeringAngle>
      <velocity>4.0</velocity>
      <orientation>2.3517288254674</orientation>
      <time>1</time>
    </ksState>
    <ksState>
      <x>94.47179355385377</x>
      <y>-7.987642432038518</y>
      <steeringAngle>-0.07106666666666711</steeringAngle>
      <velocity>4.0</velocity>
      <orientation>2.3434530649241143</orientation>
      <time>2</time>
    </ksState>
    <ksState>
      <x>94.20860119664654</x>
      <y>-7.685804188614698</y>
      <steeringAngle>-0.10660000000000043</steeringAngle>
      <velocity>4.0</velocity>
      <orientation>2.3296368251049775</orientation>
      <time>3</time>
    </ksState>
    <ksState>
      <x>93.95626633788812</x>
      <y>-7.374238878343273</y>
      <steeringAngle>-0.14213333333333378</steeringAngle>
      <velocity>4.0</velocity>
      <orientation>2.3102448987194317</orientation>
      <time>4</time>
    </ksState>
    <ksState>
      <x>93.71689257443403</x>
      <y>-7.0518335374355505</y>
      <steeringAngle>-0.1776666666666672</steeringAngle>
      <velocity>4.0</velocity>
      <orientation>2.2852274922680342</orientation>
      <time>5</time>
    </ksState>
    <ksState>
      <x>93.51463370043247</x>
      <y>-6.751489813192143</y>
      <steeringAngle>-0.21319999999999997</steeringAngle>
      <velocity>3.2</velocity>
      <orientation>2.2576859467045995</orientation>
      <time>6</time>
    </ksState>
    <ksState>
      <x>93.36804752012176</x>
      <y>-6.510219858152593</y>
      <steeringAngle>-0.24873333333333342</steeringAngle>
      <velocity>2.4000000000000004</velocity>
      <orientation>2.23224771631795</orientation>
      <time>7</time>
    </ksState>
    <ksState>
      <x>93.27068051426247</x>
      <y>-6.332979243835073</y>
      <steeringAngle>-0.2842666666666668</steeringAngle>
      <velocity>1.600000000000001</velocity>
      <orientation>2.2111728165273705</orientation>
      <time>8</time>
    </ksState>
    <ksState>
      <x>93.21617554187674</x>
      <y>-6.2241313804336835</y>
      <steeringAngle>-0.3197999999999999</steeringAngle>
      <velocity>0.8000000000000007</velocity>
      <orientation>2.196774389226666</orientation>
      <time>9</time>
    </ksState>
    <ksState>
      <x>93.19899584287201</x>
      <y>-6.187218188156834</y>
      <steeringAngle>-0.3553333333333332</steeringAngle>
      <velocity>5.551115123125783e-16</velocity>
      <orientation>2.1914327475909365</orientation>
      <time>10</time>
    </ksState>
    <ksState>
      <x>93.18201623328765</x>
      <y>-6.150211856659454</y>
      <steeringAngle>-0.3198</steeringAngle>
      <velocity>0.8</velocity>
      <orientation>2.186091107440162</orientation>
      <time>11</time>
    </ksState>
    <ksState>
      <x>93.13028728188347</x>
      <y>-6.040011055506915</y>
      <steeringAngle>-0.28426666666666656</steeringAngle>
      <velocity>1.6000000000000003</velocity>
      <orientation>2.1716926797118887</orientation>
      <time>12</time>
    </ksState>
    <ksState>
      <x>93.04390632207489</x>
      <y>-5.857148344318024</y>
      <steeringAngle>-0.24873333333333336</steeringAngle>
      <velocity>2.4000000000000012</velocity>
      <orientation>2.1506177689888237</orientation>
      <time>13</time>
    </ksState>
    <ksState>
      <x>92.92410213411804</x>
      <y>-5.601493637328936</y>
      <steeringAngle>-0.2131999999999999</steeringAngle>
      <velocity>3.200000000000001</velocity>
      <orientation>2.125179531071584</orientation>
      <time>14</time>
    </ksState>
    <ksState>
      <x>92.7725571111859</x>
      <y>-5.272596565299784</y>
      <steeringAngle>-0.17766666666666672</steeringAngle>
      <velocity>4.000000000000001</velocity>
      <orientation>2.0976379967517644</orientation>
      <time>15</time>
    </ksState>
    <ksState>
      <x>92.6231988240732</x>
      <y>-4.943459708798498</y>
      <steeringAngle>-0.1421333333333333</steeringAngle>
      <velocity>3.1999999999999993</velocity>
      <orientation>2.075028081778322</orientation>
      <time>16</time>
    </ksState>
    <ksState>
      <x>92.50676943686386</x>
      <y>-4.688068589959697</y>
      <steeringAngle>-0.10659999999999997</steeringAngle>
      <velocity>2.3999999999999977</velocity>
      <orientation>2.061360440907615</orientation>
      <time>17</time>
    </ksState>
    <ksState>
      <x>92.42200536886497</x>
      <y>-4.50664366203573</y>
      <steeringAngle>-0.07106666666666664</steeringAngle>
      <velocity>1.5999999999999976</velocity>
      <orientation>2.054359735054396</orientation>
      <time>18</time>
    </ksState>
    <ksState>
      <x>92.36960958770652</x>
      <y>-4.398624163298715</y>
      <steeringAngle>-0.0355333333333333</steeringAngle>
      <velocity>0.7999999999999972</velocity>
      <orientation>2.0517848905804286</orientation>
      <time>19</time>
    </ksState>
    <ksState>
      <x>92.3515747556906</x>
      <y>-4.362916745938874</y>
      <steeringAngle>2.5153490401663703e-17</steeringAngle>
      <velocity>-2.914335439641036e-15</velocity>
      <orientation>2.0514173790018972</orientation>
      <time>20</time>
    </ksState>
    <ksState>
      <x>92.3515747556906</x>
      <y>-4.362916745938874</y>
      <steeringAngle>0.0</steeringAngle>
      <velocity>0.0</velocity>
      <orientation>2.0514173790018972</orientation>
      <time>21</time>
    </ksState>
    <ksState>
      <x>92.3515747556906</x>
      <y>-4.362916745938874</y>
      <steeringAngle>0.0</steeringAngle>
      <velocity>0.0</velocity>
      <orientation>2.0514173790018972</orientation>
      <time>22</time>
    </ksState>
    <ksState>
      <x>92.3515747556906</x>
      <y>-4.362916745938874</y>
      <steeringAngle>0.0</steeringAngle>
      <velocity>0.0</velocity>
      <orientation>2.0514173790018972</orientation>
      <time>23</time>
    </ksState>
    <ksState>
      <x>92.3515747556906</x>
      <y>-4.362916745938874</y>
      <steeringAngle>0.0</steeringAngle>
      <velocity>0.0</velocity>
      <orientation>2.0514173790018972</orientation>
      <time>24</time>
    </ksState>
    <ksState>
      <x>92.3515747556906</x>
      <y>-4.362916745938874</y>
      <steeringAngle>0.0</steeringAngle>
      <velocity>0.0</velocity>
      <orientation>2.0514173790018972</orientation>
      <time>25</time>
    </ksState>
    <ksState>
      <x>92.3515747556906</x>
      <y>-4.362916745938874</y>
      <steeringAngle>0.0</steeringAngle>
      <velocity>0.0</velocity>
      <orientation>2.0514173790018972</orientation>
      <time>26</time>
    </ksState>
    <ksState>
      <x>92.3515747556906</x>
      <y>-4.362916745938874</y>
      <steeringAngle>0.0</steeringAngle>
      <velocity>0.0</velocity>
      <orientation>2.0514173790018972</orientation>
      <time>27</time>
    </ksState>
    <ksState>
      <x>92.3515747556906</x>
      <y>-4.362916745938874</y>
      <steeringAngle>0.0</steeringAngle>
      <velocity>0.0</velocity>
      <orientation>2.0514173790018972</orientation>
      <time>28</time>
    </ksState>
    <ksState>
      <x>92.3515747556906</x>
      <y>-4.362916745938874</y>
      <steeringAngle>0.0</steeringAngle>
      <velocity>0.0</velocity>
      <orientation>2.0514173790018972</orientation>
      <time>29</time>
    </ksState>
    <ksState>
      <x>92.3515747556906</x>
      <y>-4.362916745938874</y>
      <steeringAngle>0.0</steeringAngle>
      <velocity>0.0</velocity>
      <orientation>2.0514173790018972</orientation>
      <time>30</time>
    </ksState>
    <ksState>
      <x>92.3515747556906</x>
      <y>-4.362916745938874</y>
      <steeringAngle>0.0</steeringAngle>
      <velocity>0.0</velocity>
      <orientation>2.0514173790018972</orientation>
      <time>31</time>
    </ksState>
    <ksState>
      <x>92.3515747556906</x>
      <y>-4.362916745938874</y>
      <steeringAngle>0.0</steeringAngle>
      <velocity>0.0</velocity>
      <orientation>2.0514173790018972</orientation>
      <time>32</time>
    </ksState>
    <ksState>
      <x>92.3515747556906</x>
      <y>-4.362916745938874</y>
      <steeringAngle>0.0</steeringAngle>
      <velocity>0.0</velocity>
      <orientation>2.0514173790018972</orientation>
      <time>33</time>
    </ksState>
  </ksTrajectory>
</CommonRoadSolution>
