<?xml version="1.0" ?>
<CommonRoadSolution benchmark_id="KS2:SM1:DEU_Guetersloh-24_2_T-1:2020a" computation_time="0.9072568619999402" date="2022-12-18T12:01:12">
  <ksTrajectory planningProblem="1">
    <ksState>
      <x>383.36584</x>
      <y>-446.00272</y>
      <steeringAngle>0.0</steeringAngle>
      <velocity>4.0</velocity>
      <orientation>-3.0949043</orientation>
      <time>0</time>
    </ksState>
    <ksState>
      <x>382.9664817702957</x>
      <y>-446.0256724990269</y>
      <steeringAngle>0.035533333333333326</steeringAngle>
      <velocity>4.0</velocity>
      <orientation>-3.0921480254673996</orientation>
      <time>1</time>
    </ksState>
    <ksState>
      <x>382.567677757762</x>
      <y>-446.05866835077893</y>
      <steeringAngle>0.07106666666666711</steeringAngle>
      <velocity>4.0</velocity>
      <orientation>-3.083872264924114</orientation>
      <time>2</time>
    </ksState>
    <ksState>
      <x>382.1697735887001</x>
      <y>-446.10393218102615</y>
      <steeringAngle>0.10660000000000043</steeringAngle>
      <velocity>4.0</velocity>
      <orientation>-3.0700560251049773</orientation>
      <time>3</time>
    </ksState>
    <ksState>
      <x>381.77332241698406</x>
      <y>-446.1637008346344</y>
      <steeringAngle>0.14213333333333378</steeringAngle>
      <velocity>4.0</velocity>
      <orientation>-3.0506640987194316</orientation>
      <time>4</time>
    </ksState>
    <ksState>
      <x>381.37912628551106</x>
      <y>-446.24021496671264</y>
      <steeringAngle>0.1776666666666672</steeringAngle>
      <velocity>4.0</velocity>
      <orientation>-3.025646692268034</orientation>
      <time>5</time>
    </ksState>
    <ksState>
      <x>381.02614626985104</x>
      <y>-446.317958627428</y>
      <steeringAngle>0.1421333333333333</steeringAngle>
      <velocity>3.1999999999999993</velocity>
      <orientation>-3.0030367772945916</orientation>
      <time>6</time>
    </ksState>
    <ksState>
      <x>380.75193293854863</x>
      <y>-446.3778541591792</y>
      <steeringAngle>0.10659999999999997</steeringAngle>
      <velocity>2.3999999999999977</velocity>
      <orientation>-2.9893691364238846</orientation>
      <time>7</time>
    </ksState>
    <ksState>
      <x>380.5559053215404</x>
      <y>-446.41875801066044</y>
      <steeringAngle>0.07106666666666664</steeringAngle>
      <velocity>1.5999999999999976</velocity>
      <orientation>-2.9823684305706655</orientation>
      <time>8</time>
    </ksState>
    <ksState>
      <x>380.43803594873293</x>
      <y>-446.44156899364185</y>
      <steeringAngle>0.0355333333333333</steeringAngle>
      <velocity>0.7999999999999972</velocity>
      <orientation>-2.979793586096698</orientation>
      <time>9</time>
    </ksState>
    <ksState>
      <x>380.39864413375494</x>
      <y>-446.4485374750468</y>
      <steeringAngle>-2.5153490401663703e-17</steeringAngle>
      <velocity>-2.914335439641036e-15</velocity>
      <orientation>-2.979426074518167</orientation>
      <time>10</time>
    </ksState>
    <ksState>
      <x>380.3591689413936</x>
      <y>-446.45499574464367</y>
      <steeringAngle>0.0</steeringAngle>
      <velocity>0.8</velocity>
      <orientation>-2.979426074518167</orientation>
      <time>11</time>
    </ksState>
    <ksState>
      <x>380.2407433654792</x>
      <y>-446.4743705532428</y>
      <steeringAngle>0.0</steeringAngle>
      <velocity>1.6</velocity>
      <orientation>-2.979426074518167</orientation>
      <time>12</time>
    </ksState>
    <ksState>
      <x>380.04336740618453</x>
      <y>-446.5066619008161</y>
      <steeringAngle>0.0</steeringAngle>
      <velocity>2.4000000000000004</velocity>
      <orientation>-2.979426074518167</orientation>
      <time>13</time>
    </ksState>
    <ksState>
      <x>379.7670410635618</x>
      <y>-446.55186978735486</y>
      <steeringAngle>0.0</steeringAngle>
      <velocity>3.2000000000000006</velocity>
      <orientation>-2.979426074518167</orientation>
      <time>14</time>
    </ksState>
    <ksState>
      <x>379.4117643376325</x>
      <y>-446.6099942128556</y>
      <steeringAngle>0.0</steeringAngle>
      <velocity>4.000000000000001</velocity>
      <orientation>-2.979426074518167</orientation>
      <time>15</time>
    </ksState>
    <ksState>
      <x>378.9767518438456</x>
      <y>-446.67618892332234</y>
      <steeringAngle>-0.035533333333333326</steeringAngle>
      <velocity>4.799999999999999</velocity>
      <orientation>-2.9825498531873578</orientation>
      <time>16</time>
    </ksState>
    <ksState>
      <x>378.4605634646353</x>
      <y>-446.74080767075014</y>
      <steeringAngle>-0.07106666666666667</steeringAngle>
      <velocity>5.599999999999998</velocity>
      <orientation>-2.9934004642485306</orientation>
      <time>17</time>
    </ksState>
    <ksState>
      <x>377.8622501540954</x>
      <y>-446.7942919925967</y>
      <steeringAngle>-0.10659999999999999</steeringAngle>
      <velocity>6.3999999999999995</velocity>
      <orientation>-3.0142174132488586</orientation>
      <time>18</time>
    </ksState>
    <ksState>
      <x>377.18131140837204</x>
      <y>-446.82330114113734</y>
      <steeringAngle>-0.14213333333333333</steeringAngle>
      <velocity>7.199999999999999</velocity>
      <orientation>-3.047276984230024</orientation>
      <time>19</time>
    </ksState>
    <ksState>
      <x>376.41854660589695</x>
      <y>-446.80992614884866</y>
      <steeringAngle>-0.17766666666666664</steeringAngle>
      <velocity>7.9999999999999964</velocity>
      <orientation>-3.0949043063115704</orientation>
      <time>20</time>
    </ksState>
    <ksState>
      <x>375.6573283707153</x>
      <y>-446.7411127869552</y>
      <steeringAngle>-0.21320000000000014</steeringAngle>
      <velocity>7.200000000000003</velocity>
      <orientation>-3.1531536333830634</orientation>
      <time>21</time>
    </ksState>
    <ksState>
      <x>374.9817717229456</x>
      <y>-446.6247753417983</y>
      <steeringAngle>-0.24873333333333347</steeringAngle>
      <velocity>6.400000000000004</velocity>
      <orientation>-3.2150707208688427</orientation>
      <time>22</time>
    </ksState>
    <ksState>
      <x>374.39461394393544</x>
      <y>-446.4725119881417</y>
      <steeringAngle>-0.2842666666666668</steeringAngle>
      <velocity>5.600000000000001</velocity>
      <orientation>-3.278492863632764</orientation>
      <time>23</time>
    </ksState>
    <ksState>
      <x>373.896928842996</x>
      <y>-446.2978053582172</y>
      <steeringAngle>-0.3198</steeringAngle>
      <velocity>4.800000000000002</velocity>
      <orientation>-3.3412219633747164</orientation>
      <time>24</time>
    </ksState>
    <ksState>
      <x>373.48782550216026</x>
      <y>-446.11513582781765</y>
      <steeringAngle>-0.3553333333333332</steeringAngle>
      <velocity>4.000000000000001</velocity>
      <orientation>-3.4010117974229312</orientation>
      <time>25</time>
    </ksState>
    <ksState>
      <x>373.164453798278</x>
      <y>-445.9390901162228</y>
      <steeringAngle>-0.3908666666666668</steeringAngle>
      <velocity>3.2000000000000006</velocity>
      <orientation>-3.4555541841961137</orientation>
      <time>26</time>
    </ksState>
    <ksState>
      <x>372.92232309586467</x>
      <y>-445.7835348257127</y>
      <steeringAngle>-0.4264</steeringAngle>
      <velocity>2.3999999999999995</velocity>
      <orientation>-3.502463820992631</orientation>
      <time>27</time>
    </ksState>
    <ksState>
      <x>372.75590794002545</x>
      <y>-445.6609129361516</y>
      <steeringAngle>-0.4619333333333332</steeringAngle>
      <velocity>1.5999999999999996</velocity>
      <orientation>-3.5392614455180276</orientation>
      <time>28</time>
    </ksState>
    <ksState>
      <x>372.65948864485773</x>
      <y>-445.5816907655134</y>
      <steeringAngle>-0.49746666666666656</steeringAngle>
      <velocity>0.7999999999999986</velocity>
      <orientation>-3.563354881668009</orientation>
      <time>29</time>
    </ksState>
    <ksState>
      <x>372.6281583935767</x>
      <y>-445.55393736930466</y>
      <steeringAngle>-0.5329999999999998</steeringAngle>
      <velocity>-1.5265566588595902e-15</velocity>
      <orientation>-3.57201754780559</orientation>
      <time>30</time>
    </ksState>
    <ksState>
      <x>372.6281583935767</x>
      <y>-445.55393736930466</y>
      <steeringAngle>-0.49746666666666667</steeringAngle>
      <velocity>0.0</velocity>
      <orientation>-3.57201754780559</orientation>
      <time>31</time>
    </ksState>
    <ksState>
      <x>372.6281583935767</x>
      <y>-445.55393736930466</y>
      <steeringAngle>-0.4619333333333333</steeringAngle>
      <velocity>0.0</velocity>
      <orientation>-3.57201754780559</orientation>
      <time>32</time>
    </ksState>
    <ksState>
      <x>372.6281583935767</x>
      <y>-445.55393736930466</y>
      <steeringAngle>-0.42639999999999995</steeringAngle>
      <velocity>0.0</velocity>
      <orientation>-3.57201754780559</orientation>
      <time>33</time>
    </ksState>
  </ksTrajectory>
</CommonRoadSolution>
