<?xml version="1.0" ?>
<CommonRoadSolution benchmark_id="KS2:SM1:DEU_Muehlhausen-7_2_T-1:2020a" computation_time="0.9186256420007339" date="2022-12-18T12:01:12">
  <ksTrajectory planningProblem="1">
    <ksState>
      <x>-493.51123</x>
      <y>111.03667</y>
      <steeringAngle>0.0</steeringAngle>
      <velocity>4.0</velocity>
      <orientation>-3.3398274</orientation>
      <time>0</time>
    </ksState>
    <ksState>
      <x>-493.9025460379518</x>
      <y>111.11964934252502</y>
      <steeringAngle>-0.035533333333333326</steeringAngle>
      <velocity>4.0</velocity>
      <orientation>-3.3425836745326003</orientation>
      <time>1</time>
    </ksState>
    <ksState>
      <x>-494.2917979960767</x>
      <y>111.21247326046512</y>
      <steeringAngle>-0.07106666666666711</steeringAngle>
      <velocity>4.0</velocity>
      <orientation>-3.350859435075886</orientation>
      <time>2</time>
    </ksState>
    <ksState>
      <x>-494.6783083643259</x>
      <y>111.31728870456264</y>
      <steeringAngle>-0.10660000000000043</steeringAngle>
      <velocity>4.0</velocity>
      <orientation>-3.3646756748950226</orientation>
      <time>3</time>
    </ksState>
    <ksState>
      <x>-495.0611926389114</x>
      <y>111.43622337479923</y>
      <steeringAngle>-0.14213333333333378</steeringAngle>
      <velocity>4.0</velocity>
      <orientation>-3.3840676012805684</orientation>
      <time>4</time>
    </ksState>
    <ksState>
      <x>-495.4393197043668</x>
      <y>111.57137116370488</y>
      <steeringAngle>-0.1776666666666672</steeringAngle>
      <velocity>4.0</velocity>
      <orientation>-3.409085007731966</orientation>
      <time>5</time>
    </ksState>
    <ksState>
      <x>-495.7743296900141</x>
      <y>111.70878773592734</y>
      <steeringAngle>-0.21319999999999997</steeringAngle>
      <velocity>3.2</velocity>
      <orientation>-3.4366265532954006</orientation>
      <time>6</time>
    </ksState>
    <ksState>
      <x>-496.03023309384474</x>
      <y>111.82800244714518</y>
      <steeringAngle>-0.24873333333333342</steeringAngle>
      <velocity>2.4000000000000004</velocity>
      <orientation>-3.46206478368205</orientation>
      <time>7</time>
    </ksState>
    <ksState>
      <x>-496.20964400773164</x>
      <y>111.92130996652025</y>
      <steeringAngle>-0.2842666666666668</steeringAngle>
      <velocity>1.600000000000001</velocity>
      <orientation>-3.4831396834726296</orientation>
      <time>8</time>
    </ksState>
    <ksState>
      <x>-496.3154252791736</x>
      <y>111.98155091599769</y>
      <steeringAngle>-0.3197999999999999</steeringAngle>
      <velocity>0.8000000000000007</velocity>
      <orientation>-3.497538110773334</orientation>
      <time>9</time>
    </ksState>
    <ksState>
      <x>-496.35021382905643</x>
      <y>112.00270470097834</y>
      <steeringAngle>-0.3553333333333332</steeringAngle>
      <velocity>5.551115123125783e-16</velocity>
      <orientation>-3.5028797524090636</orientation>
      <time>10</time>
    </ksState>
    <ksState>
      <x>-496.3848877228869</x>
      <y>112.02404707196109</y>
      <steeringAngle>-0.3198</steeringAngle>
      <velocity>0.8</velocity>
      <orientation>-3.5082213925598382</orientation>
      <time>11</time>
    </ksState>
    <ksState>
      <x>-496.4891120002703</x>
      <y>112.08695494898724</y>
      <steeringAngle>-0.28426666666666656</steeringAngle>
      <velocity>1.6000000000000003</velocity>
      <orientation>-3.5226198202881114</orientation>
      <time>12</time>
    </ksState>
    <ksState>
      <x>-496.66250992550886</x>
      <y>112.1910395342234</y>
      <steeringAngle>-0.24873333333333336</steeringAngle>
      <velocity>2.4000000000000012</velocity>
      <orientation>-3.5436947310111764</orientation>
      <time>13</time>
    </ksState>
    <ksState>
      <x>-496.9041319379109</x>
      <y>112.33709149682727</y>
      <steeringAngle>-0.2131999999999999</steeringAngle>
      <velocity>3.200000000000001</velocity>
      <orientation>-3.569132968928416</orientation>
      <time>14</time>
    </ksState>
    <ksState>
      <x>-497.2128291602689</x>
      <y>112.52641979073321</y>
      <steeringAngle>-0.17766666666666672</steeringAngle>
      <velocity>4.000000000000001</velocity>
      <orientation>-3.5966745032482357</orientation>
      <time>15</time>
    </ksState>
    <ksState>
      <x>-497.51809924858844</x>
      <y>112.72052035889087</y>
      <steeringAngle>-0.17766666666666667</steeringAngle>
      <velocity>3.2000000000000006</velocity>
      <orientation>-3.621739942516413</orientation>
      <time>16</time>
    </ksState>
    <ksState>
      <x>-497.75211170063403</x>
      <y>112.87674126068363</y>
      <steeringAngle>-0.17766666666666667</steeringAngle>
      <velocity>2.4000000000000012</velocity>
      <orientation>-3.6412352841464433</orientation>
      <time>17</time>
    </ksState>
    <ksState>
      <x>-497.9173768421903</x>
      <y>112.99110595297837</y>
      <steeringAngle>-0.17766666666666667</steeringAngle>
      <velocity>1.6000000000000005</velocity>
      <orientation>-3.655160528145424</orientation>
      <time>18</time>
    </ksState>
    <ksState>
      <x>-498.01576586723877</x>
      <y>113.06082550717295</y>
      <steeringAngle>-0.17766666666666667</steeringAngle>
      <velocity>0.8000000000000004</velocity>
      <orientation>-3.6635156745161783</orientation>
      <time>19</time>
    </ksState>
    <ksState>
      <x>-498.048432331237</x>
      <y>113.08424774546994</y>
      <steeringAngle>-0.17766666666666667</steeringAngle>
      <velocity>2.7755575615628914e-16</velocity>
      <orientation>-3.6663007232623936</orientation>
      <time>20</time>
    </ksState>
    <ksState>
      <x>-498.048432331237</x>
      <y>113.08424774546994</y>
      <steeringAngle>-0.14213333333333336</steeringAngle>
      <velocity>0.0</velocity>
      <orientation>-3.6663007232623936</orientation>
      <time>21</time>
    </ksState>
    <ksState>
      <x>-498.048432331237</x>
      <y>113.08424774546994</y>
      <steeringAngle>-0.10660000000000001</steeringAngle>
      <velocity>0.0</velocity>
      <orientation>-3.6663007232623936</orientation>
      <time>22</time>
    </ksState>
    <ksState>
      <x>-498.048432331237</x>
      <y>113.08424774546994</y>
      <steeringAngle>-0.07106666666666668</steeringAngle>
      <velocity>0.0</velocity>
      <orientation>-3.6663007232623936</orientation>
      <time>23</time>
    </ksState>
    <ksState>
      <x>-498.048432331237</x>
      <y>113.08424774546994</y>
      <steeringAngle>-0.03553333333333333</steeringAngle>
      <velocity>0.0</velocity>
      <orientation>-3.6663007232623936</orientation>
      <time>24</time>
    </ksState>
    <ksState>
      <x>-498.048432331237</x>
      <y>113.08424774546994</y>
      <steeringAngle>-0.0</steeringAngle>
      <velocity>0.0</velocity>
      <orientation>-3.6663007232623936</orientation>
      <time>25</time>
    </ksState>
    <ksState>
      <x>-498.048432331237</x>
      <y>113.08424774546994</y>
      <steeringAngle>0.0</steeringAngle>
      <velocity>0.0</velocity>
      <orientation>-3.6663007232623936</orientation>
      <time>26</time>
    </ksState>
    <ksState>
      <x>-498.048432331237</x>
      <y>113.08424774546994</y>
      <steeringAngle>0.0</steeringAngle>
      <velocity>0.0</velocity>
      <orientation>-3.6663007232623936</orientation>
      <time>27</time>
    </ksState>
    <ksState>
      <x>-498.048432331237</x>
      <y>113.08424774546994</y>
      <steeringAngle>0.0</steeringAngle>
      <velocity>0.0</velocity>
      <orientation>-3.6663007232623936</orientation>
      <time>28</time>
    </ksState>
    <ksState>
      <x>-498.048432331237</x>
      <y>113.08424774546994</y>
      <steeringAngle>0.0</steeringAngle>
      <velocity>0.0</velocity>
      <orientation>-3.6663007232623936</orientation>
      <time>29</time>
    </ksState>
    <ksState>
      <x>-498.048432331237</x>
      <y>113.08424774546994</y>
      <steeringAngle>0.0</steeringAngle>
      <velocity>0.0</velocity>
      <orientation>-3.6663007232623936</orientation>
      <time>30</time>
    </ksState>
    <ksState>
      <x>-498.048432331237</x>
      <y>113.08424774546994</y>
      <steeringAngle>0.0</steeringAngle>
      <velocity>0.0</velocity>
      <orientation>-3.6663007232623936</orientation>
      <time>31</time>
    </ksState>
    <ksState>
      <x>-498.048432331237</x>
      <y>113.08424774546994</y>
      <steeringAngle>0.0</steeringAngle>
      <velocity>0.0</velocity>
      <orientation>-3.6663007232623936</orientation>
      <time>32</time>
    </ksState>
    <ksState>
      <x>-498.048432331237</x>
      <y>113.08424774546994</y>
      <steeringAngle>0.0</steeringAngle>
      <velocity>0.0</velocity>
      <orientation>-3.6663007232623936</orientation>
      <time>33</time>
    </ksState>
  </ksTrajectory>
</CommonRoadSolution>
