<?xml version="1.0" ?>
<CommonRoadSolution benchmark_id="KS2:SM1:ESP_Ceuta-2_1_T-1:2020a" computation_time="6.2763294910000695" date="2022-12-18T12:01:12">
  <ksTrajectory planningProblem="1">
    <ksState>
      <x>63.402195</x>
      <y>-318.15798</y>
      <steeringAngle>0.0</steeringAngle>
      <velocity>4.0</velocity>
      <orientation>2.8332451</orientation>
      <time>0</time>
    </ksState>
    <ksState>
      <x>62.98294699952336</x>
      <y>-318.02444680187807</y>
      <steeringAngle>0.0</steeringAngle>
      <velocity>4.8</velocity>
      <orientation>2.8332451</orientation>
      <time>1</time>
    </ksState>
    <ksState>
      <x>62.48747209000408</x>
      <y>-317.86663484050416</y>
      <steeringAngle>0.0</steeringAngle>
      <velocity>5.6</velocity>
      <orientation>2.8332451</orientation>
      <time>2</time>
    </ksState>
    <ksState>
      <x>61.91577027145741</x>
      <y>-317.6845441158832</y>
      <steeringAngle>0.0</steeringAngle>
      <velocity>6.4</velocity>
      <orientation>2.8332451</orientation>
      <time>3</time>
    </ksState>
    <ksState>
      <x>61.267841543892295</x>
      <y>-317.47817462801805</y>
      <steeringAngle>0.0</steeringAngle>
      <velocity>7.199999999999999</velocity>
      <orientation>2.8332451</orientation>
      <time>4</time>
    </ksState>
    <ksState>
      <x>60.543685907314284</x>
      <y>-317.2475263769104</y>
      <steeringAngle>0.0</steeringAngle>
      <velocity>7.999999999999998</velocity>
      <orientation>2.8332451</orientation>
      <time>5</time>
    </ksState>
    <ksState>
      <x>59.78141681731892</x>
      <y>-317.0047387445284</y>
      <steeringAngle>0.0</steeringAngle>
      <velocity>8.0</velocity>
      <orientation>2.8332451</orientation>
      <time>6</time>
    </ksState>
    <ksState>
      <x>59.01914772732356</x>
      <y>-316.76195111214645</y>
      <steeringAngle>0.0</steeringAngle>
      <velocity>8.0</velocity>
      <orientation>2.8332451</orientation>
      <time>7</time>
    </ksState>
    <ksState>
      <x>58.2568786373282</x>
      <y>-316.5191634797645</y>
      <steeringAngle>0.0</steeringAngle>
      <velocity>8.0</velocity>
      <orientation>2.8332451</orientation>
      <time>8</time>
    </ksState>
    <ksState>
      <x>57.494609547332836</x>
      <y>-316.2763758473825</y>
      <steeringAngle>0.0</steeringAngle>
      <velocity>8.0</velocity>
      <orientation>2.8332451</orientation>
      <time>9</time>
    </ksState>
    <ksState>
      <x>56.73234045733747</x>
      <y>-316.0335882150005</y>
      <steeringAngle>0.0</steeringAngle>
      <velocity>8.0</velocity>
      <orientation>2.8332451</orientation>
      <time>10</time>
    </ksState>
    <ksState>
      <x>55.97292056680156</x>
      <y>-315.7819344746559</y>
      <steeringAngle>-0.03553333333333333</steeringAngle>
      <velocity>8.0</velocity>
      <orientation>2.827732564997161</orientation>
      <time>11</time>
    </ksState>
    <ksState>
      <x>55.22130228167946</x>
      <y>-315.50702534874404</y>
      <steeringAngle>-0.07106666666666667</steeringAngle>
      <velocity>8.0</velocity>
      <orientation>2.811181044116892</orientation>
      <time>12</time>
    </ksState>
    <ksState>
      <x>54.48127421548324</x>
      <y>-315.2007496169846</y>
      <steeringAngle>-0.10659999999999997</steeringAngle>
      <velocity>8.0</velocity>
      <orientation>2.7835485648261966</orientation>
      <time>13</time>
    </ksState>
    <ksState>
      <x>53.75769015378552</x>
      <y>-314.8553401503936</y>
      <steeringAngle>-0.1421333333333333</steeringAngle>
      <velocity>8.0</velocity>
      <orientation>2.744764712553462</orientation>
      <time>14</time>
    </ksState>
    <ksState>
      <x>53.05673346730932</x>
      <y>-314.4635684304856</y>
      <steeringAngle>-0.17766666666666667</steeringAngle>
      <velocity>8.0</velocity>
      <orientation>2.6947299003043073</orientation>
      <time>15</time>
    </ksState>
    <ksState>
      <x>52.38150408079599</x>
      <y>-314.0274741535949</y>
      <steeringAngle>-0.17766666666666667</steeringAngle>
      <velocity>8.0</velocity>
      <orientation>2.6390289239937954</orientation>
      <time>16</time>
    </ksState>
    <ksState>
      <x>51.73160019111527</x>
      <y>-313.554464707455</y>
      <steeringAngle>-0.17766666666666667</steeringAngle>
      <velocity>8.0</velocity>
      <orientation>2.5833279476832836</orientation>
      <time>17</time>
    </ksState>
    <ksState>
      <x>51.10903769914952</x>
      <y>-313.0460072866286</y>
      <steeringAngle>-0.17766666666666667</steeringAngle>
      <velocity>8.0</velocity>
      <orientation>2.527626971372772</orientation>
      <time>18</time>
    </ksState>
    <ksState>
      <x>50.51574766706309</x>
      <y>-312.5036790225829</y>
      <steeringAngle>-0.17766666666666667</steeringAngle>
      <velocity>8.0</velocity>
      <orientation>2.4719259950622603</orientation>
      <time>19</time>
    </ksState>
    <ksState>
      <x>49.9535703596667</x>
      <y>-311.92916210646825</y>
      <steeringAngle>-0.17766666666666667</steeringAngle>
      <velocity>8.0</velocity>
      <orientation>2.4162250187517484</orientation>
      <time>20</time>
    </ksState>
    <ksState>
      <x>49.41754247206608</x>
      <y>-311.3310700288793</y>
      <steeringAngle>-0.14213333333333336</steeringAngle>
      <velocity>8.0</velocity>
      <orientation>2.366190207203</orientation>
      <time>21</time>
    </ksState>
    <ksState>
      <x>48.897144798082294</x>
      <y>-310.72096137426155</y>
      <steeringAngle>-0.1066000000000001</steeringAngle>
      <velocity>8.0</velocity>
      <orientation>2.3274063551960027</orientation>
      <time>22</time>
    </ksState>
    <ksState>
      <x>48.3855856205052</x>
      <y>-310.10462539273567</y>
      <steeringAngle>-0.07106666666666674</steeringAngle>
      <velocity>8.0</velocity>
      <orientation>2.2997738761663156</orientation>
      <time>23</time>
    </ksState>
    <ksState>
      <x>47.87590845137255</x>
      <y>-309.48753247251</y>
      <steeringAngle>-0.035533333333333354</steeringAngle>
      <velocity>8.0</velocity>
      <orientation>2.2832223555372866</orientation>
      <time>24</time>
    </ksState>
    <ksState>
      <x>47.36114971021513</x>
      <y>-308.875082683795</y>
      <steeringAngle>-2.0816681711721685e-17</steeringAngle>
      <velocity>8.0</velocity>
      <orientation>2.2777098290788818</orientation>
      <time>25</time>
    </ksState>
    <ksState>
      <x>46.84865442089321</x>
      <y>-308.2607564239022</y>
      <steeringAngle>-0.03553333333333333</steeringAngle>
      <velocity>8.0</velocity>
      <orientation>2.272197294076043</orientation>
      <time>26</time>
    </ksState>
    <ksState>
      <x>46.35505236536168</x>
      <y>-307.63078651603786</y>
      <steeringAngle>-0.07106666666666667</steeringAngle>
      <velocity>8.0</velocity>
      <orientation>2.2556457731957735</orientation>
      <time>27</time>
    </ksState>
    <ksState>
      <x>45.88784026142832</x>
      <y>-306.98027962709585</y>
      <steeringAngle>-0.10659999999999997</steeringAngle>
      <velocity>8.0</velocity>
      <orientation>2.2280132939050783</orientation>
      <time>28</time>
    </ksState>
    <ksState>
      <x>45.45523834342126</x>
      <y>-306.30519653999454</y>
      <steeringAngle>-0.1421333333333333</steeringAngle>
      <velocity>8.0</velocity>
      <orientation>2.1892294416323437</orientation>
      <time>29</time>
    </ksState>
    <ksState>
      <x>45.06631242331055</x>
      <y>-305.60265687171847</y>
      <steeringAngle>-0.17766666666666667</steeringAngle>
      <velocity>8.0</velocity>
      <orientation>2.139194629383189</orientation>
      <time>30</time>
    </ksState>
    <ksState>
      <x>44.74660816030659</x>
      <y>-304.9084107593309</y>
      <steeringAngle>-0.21320000000000014</steeringAngle>
      <velocity>7.200000000000003</velocity>
      <orientation>2.080945302311696</orientation>
      <time>31</time>
    </ksState>
    <ksState>
      <x>44.510796364527714</x>
      <y>-304.2647462640673</y>
      <steeringAngle>-0.24873333333333347</steeringAngle>
      <velocity>6.400000000000004</velocity>
      <orientation>2.0190282148259167</orientation>
      <time>32</time>
    </ksState>
    <ksState>
      <x>44.350185947162984</x>
      <y>-303.67981662714266</y>
      <steeringAngle>-0.2842666666666668</steeringAngle>
      <velocity>5.600000000000001</velocity>
      <orientation>1.9556060720619957</orientation>
      <time>33</time>
    </ksState>
  </ksTrajectory>
</CommonRoadSolution>
