<?xml version="1.0" ?>
<CommonRoadSolution benchmark_id="KS2:SM1:BEL_Zwevegem-8_1_T-1:2020a" computation_time="1.1339856749996216" date="2022-12-18T12:01:12">
  <ksTrajectory planningProblem="1">
    <ksState>
      <x>43.346717</x>
      <y>158.61832</y>
      <steeringAngle>0.0</steeringAngle>
      <velocity>4.0</velocity>
      <orientation>-0.71932663</orientation>
      <time>0</time>
    </ksState>
    <ksState>
      <x>43.68093600620172</x>
      <y>158.33211157011357</y>
      <steeringAngle>0.035533333333333326</steeringAngle>
      <velocity>4.799999999999999</velocity>
      <orientation>-0.7162028513308092</orientation>
      <time>1</time>
    </ksState>
    <ksState>
      <x>44.084887210337016</x>
      <y>158.00431674094685</y>
      <steeringAngle>0.07106666666666667</steeringAngle>
      <velocity>5.599999999999998</velocity>
      <orientation>-0.7053522402696364</orientation>
      <time>2</time>
    </ksState>
    <ksState>
      <x>44.56443042856002</x>
      <y>157.64254652090523</y>
      <steeringAngle>0.10659999999999999</steeringAngle>
      <velocity>6.3999999999999995</velocity>
      <orientation>-0.6845352912693083</orientation>
      <time>3</time>
    </ksState>
    <ksState>
      <x>45.127044761174304</x>
      <y>157.2578593507743</y>
      <steeringAngle>0.14213333333333333</steeringAngle>
      <velocity>7.199999999999999</velocity>
      <orientation>-0.6514757202881433</orientation>
      <time>4</time>
    </ksState>
    <ksState>
      <x>45.781521593752096</x>
      <y>156.8658783436673</y>
      <steeringAngle>0.17766666666666664</steeringAngle>
      <velocity>7.9999999999999964</velocity>
      <orientation>-0.6038483982065966</orientation>
      <time>5</time>
    </ksState>
    <ksState>
      <x>46.464000346043456</x>
      <y>156.52176901072352</y>
      <steeringAngle>0.21320000000000014</steeringAngle>
      <velocity>7.200000000000003</velocity>
      <orientation>-0.5455990711351038</orientation>
      <time>6</time>
    </ksState>
    <ksState>
      <x>47.098902634192086</x>
      <y>156.26329218391882</y>
      <steeringAngle>0.24873333333333347</steeringAngle>
      <velocity>6.400000000000004</velocity>
      <orientation>-0.48368198364932447</orientation>
      <time>7</time>
    </ksState>
    <ksState>
      <x>47.67777230417209</x>
      <y>156.0820512076025</y>
      <steeringAngle>0.2842666666666668</steeringAngle>
      <velocity>5.600000000000001</velocity>
      <orientation>-0.4202598408854033</orientation>
      <time>8</time>
    </ksState>
    <ksState>
      <x>48.19256863141432</x>
      <y>155.96717036631588</y>
      <steeringAngle>0.3198</steeringAngle>
      <velocity>4.800000000000002</velocity>
      <orientation>-0.3575307411434507</orientation>
      <time>9</time>
    </ksState>
    <ksState>
      <x>48.636390888990974</x>
      <y>155.90588819518246</y>
      <steeringAngle>0.3553333333333332</steeringAngle>
      <velocity>4.000000000000001</velocity>
      <orientation>-0.29774090709523593</orientation>
      <time>10</time>
    </ksState>
    <ksState>
      <x>49.08321387910928</x>
      <y>155.8717164435364</y>
      <steeringAngle>0.31979999999999975</steeringAngle>
      <velocity>4.800000000000001</velocity>
      <orientation>-0.23795107206348737</orientation>
      <time>11</time>
    </ksState>
    <ksState>
      <x>49.6104463814206</x>
      <y>155.85273814545107</y>
      <steeringAngle>0.28426666666666645</steeringAngle>
      <velocity>5.600000000000004</velocity>
      <orientation>-0.17522197193216382</orientation>
      <time>12</time>
    </ksState>
    <ksState>
      <x>50.217144854652155</x>
      <y>155.85666962103707</y>
      <steeringAngle>0.2487333333333331</steeringAngle>
      <velocity>6.400000000000004</velocity>
      <orientation>-0.11179983523948794</orientation>
      <time>13</time>
    </ksState>
    <ksState>
      <x>50.901973269791924</x>
      <y>155.89011295874613</y>
      <steeringAngle>0.21319999999999992</steeringAngle>
      <velocity>7.200000000000004</velocity>
      <orientation>-0.04988274656168895</orientation>
      <time>14</time>
    </ksState>
    <ksState>
      <x>51.663436031763126</x>
      <y>155.9578715071427</y>
      <steeringAngle>0.17766666666666656</steeringAngle>
      <velocity>8.000000000000004</velocity>
      <orientation>0.008366583039276287</orientation>
      <time>15</time>
    </ksState>
    <ksState>
      <x>52.46053351694306</x>
      <y>156.05646359947167</y>
      <steeringAngle>0.14213333333333336</steeringAngle>
      <velocity>8.0</velocity>
      <orientation>0.05840139458802472</orientation>
      <time>16</time>
    </ksState>
    <ksState>
      <x>53.253745618819416</x>
      <y>156.17438582301935</y>
      <steeringAngle>0.1066000000000001</steeringAngle>
      <velocity>8.0</velocity>
      <orientation>0.09718524659502206</orientation>
      <time>17</time>
    </ksState>
    <ksState>
      <x>54.04438750330778</x>
      <y>156.30281102107787</y>
      <steeringAngle>0.07106666666666674</steeringAngle>
      <velocity>8.0</velocity>
      <orientation>0.12481772562470897</orientation>
      <time>18</time>
    </ksState>
    <ksState>
      <x>54.834108100892635</x>
      <y>156.43304411718904</y>
      <steeringAngle>0.035533333333333354</steeringAngle>
      <velocity>8.0</velocity>
      <orientation>0.1413692462537383</orientation>
      <time>19</time>
    </ksState>
    <ksState>
      <x>55.624607916420246</x>
      <y>156.55643838202323</y>
      <steeringAngle>2.0816681711721685e-17</steeringAngle>
      <velocity>8.0</velocity>
      <orientation>0.14688177271214314</orientation>
      <time>20</time>
    </ksState>
    <ksState>
      <x>56.41733282711911</x>
      <y>156.66430585222844</y>
      <steeringAngle>-0.03553333333333333</steeringAngle>
      <velocity>8.0</velocity>
      <orientation>0.14136923770930437</orientation>
      <time>21</time>
    </ksState>
    <ksState>
      <x>57.21327530192111</x>
      <y>156.74785614154936</y>
      <steeringAngle>-0.07106666666666667</steeringAngle>
      <velocity>8.0</velocity>
      <orientation>0.12481771682903472</orientation>
      <time>22</time>
    </ksState>
    <ksState>
      <x>58.01259880527269</x>
      <y>156.79813834130857</y>
      <steeringAngle>-0.10659999999999997</steeringAngle>
      <velocity>8.0</velocity>
      <orientation>0.09718523753833982</orientation>
      <time>23</time>
    </ksState>
    <ksState>
      <x>58.8143588204093</x>
      <y>156.8060422695582</y>
      <steeringAngle>-0.1421333333333333</steeringAngle>
      <velocity>8.0</velocity>
      <orientation>0.0584013852656049</orientation>
      <time>24</time>
    </ksState>
    <ksState>
      <x>59.61617984010871</x>
      <y>156.7623569264378</y>
      <steeringAngle>-0.17766666666666667</steeringAngle>
      <velocity>8.0</velocity>
      <orientation>0.008366573016450218</orientation>
      <time>25</time>
    </ksState>
    <ksState>
      <x>60.37498645808463</x>
      <y>156.68219237164695</y>
      <steeringAngle>-0.1421333333333334</steeringAngle>
      <velocity>7.2</velocity>
      <orientation>-0.03926074872918671</orientation>
      <time>26</time>
    </ksState>
    <ksState>
      <x>61.05126834541256</x>
      <y>156.59677758886917</y>
      <steeringAngle>-0.10660000000000011</steeringAngle>
      <velocity>6.4</velocity>
      <orientation>-0.07232031917715467</orientation>
      <time>27</time>
    </ksState>
    <ksState>
      <x>61.64674451172389</x>
      <y>156.51726627695524</y>
      <steeringAngle>-0.07106666666666674</steeringAngle>
      <velocity>5.600000000000001</velocity>
      <orientation>-0.09313726747104314</orientation>
      <time>28</time>
    </ksState>
    <ksState>
      <x>62.16268652413054</x>
      <y>156.45042318129566</y>
      <steeringAngle>-0.03553333333333339</steeringAngle>
      <velocity>4.800000000000001</velocity>
      <orientation>-0.10398787712870602</orientation>
      <time>29</time>
    </ksState>
    <ksState>
      <x>62.59976127925448</x>
      <y>156.39942547805768</y>
      <steeringAngle>-5.5294310796760726e-17</steeringAngle>
      <velocity>4.0</velocity>
      <orientation>-0.10711165296587158</orientation>
      <time>30</time>
    </ksState>
    <ksState>
      <x>63.03775717249364</x>
      <y>156.35726854564845</y>
      <steeringAngle>0.035533333333333326</steeringAngle>
      <velocity>4.799999999999999</velocity>
      <orientation>-0.10398787429668077</orientation>
      <time>31</time>
    </ksState>
    <ksState>
      <x>63.55671923764674</x>
      <y>156.32115206349954</y>
      <steeringAngle>0.07106666666666667</steeringAngle>
      <velocity>5.599999999999998</velocity>
      <orientation>-0.09313726323550799</orientation>
      <time>32</time>
    </ksState>
    <ksState>
      <x>64.15706910803702</x>
      <y>156.30067223500848</y>
      <steeringAngle>0.10659999999999999</steeringAngle>
      <velocity>6.3999999999999995</velocity>
      <orientation>-0.07232031423517998</orientation>
      <time>33</time>
    </ksState>
  </ksTrajectory>
</CommonRoadSolution>
