<?xml version="1.0" ?>
<CommonRoadSolution benchmark_id="KS2:SM1:FRA_Anglet-3_2_T-1:2020a" computation_time="2.0696230300000025" date="2022-12-18T12:01:12">
  <ksTrajectory planningProblem="1">
    <ksState>
      <x>208.08832</x>
      <y>850.50696</y>
      <steeringAngle>0.0</steeringAngle>
      <velocity>4.0</velocity>
      <orientation>-1.2152159</orientation>
      <time>0</time>
    </ksState>
    <ksState>
      <x>208.24609899093159</x>
      <y>850.0962004602872</y>
      <steeringAngle>0.035533333333333326</steeringAngle>
      <velocity>4.799999999999999</velocity>
      <orientation>-1.2120921213308091</orientation>
      <time>1</time>
    </ksState>
    <ksState>
      <x>208.44542326208355</x>
      <y>849.6156842167734</y>
      <steeringAngle>0.07106666666666667</steeringAngle>
      <velocity>5.599999999999998</velocity>
      <orientation>-1.2012415102696363</orientation>
      <time>2</time>
    </ksState>
    <ksState>
      <x>208.695068215209</x>
      <y>849.0693173184061</y>
      <steeringAngle>0.10659999999999999</steeringAngle>
      <velocity>6.3999999999999995</velocity>
      <orientation>-1.1804245612693085</orientation>
      <time>3</time>
    </ksState>
    <ksState>
      <x>209.00687382341198</x>
      <y>848.4632675111958</y>
      <steeringAngle>0.14213333333333333</steeringAngle>
      <velocity>7.199999999999999</velocity>
      <orientation>-1.1473649902881433</orientation>
      <time>4</time>
    </ksState>
    <ksState>
      <x>209.39600620993178</x>
      <y>847.80709297643</y>
      <steeringAngle>0.17766666666666664</steeringAngle>
      <velocity>7.9999999999999964</velocity>
      <orientation>-1.0997376682065967</orientation>
      <time>5</time>
    </ksState>
    <ksState>
      <x>209.8325455834241</x>
      <y>847.1797000726295</y>
      <steeringAngle>0.21320000000000014</steeringAngle>
      <velocity>7.200000000000003</velocity>
      <orientation>-1.041488341135104</orientation>
      <time>6</time>
    </ksState>
    <ksState>
      <x>210.2679844161759</x>
      <y>846.6502624385091</y>
      <steeringAngle>0.24873333333333347</steeringAngle>
      <velocity>6.400000000000004</velocity>
      <orientation>-0.9795712536493245</orientation>
      <time>7</time>
    </ksState>
    <ksState>
      <x>210.69088988607157</x>
      <y>846.2154183861741</y>
      <steeringAngle>0.2842666666666668</steeringAngle>
      <velocity>5.600000000000001</velocity>
      <orientation>-0.9161491108854034</orientation>
      <time>8</time>
    </ksState>
    <ksState>
      <x>211.08901498893735</x>
      <y>845.8694281136158</y>
      <steeringAngle>0.3198</steeringAngle>
      <velocity>4.800000000000002</velocity>
      <orientation>-0.8534200111434507</orientation>
      <time>9</time>
    </ksState>
    <ksState>
      <x>211.450218134925</x>
      <y>845.604350788769</y>
      <steeringAngle>0.3553333333333332</steeringAngle>
      <velocity>4.000000000000001</velocity>
      <orientation>-0.793630177095236</orientation>
      <time>10</time>
    </ksState>
    <ksState>
      <x>211.79546541343558</x>
      <y>845.3864890095123</y>
      <steeringAngle>0.35533333333333333</steeringAngle>
      <velocity>4.0</velocity>
      <orientation>-0.7360734703385219</orientation>
      <time>11</time>
    </ksState>
    <ksState>
      <x>212.15267349291236</x>
      <y>845.1888482961423</y>
      <steeringAngle>0.35533333333333333</steeringAngle>
      <velocity>4.0</velocity>
      <orientation>-0.6785167635818079</orientation>
      <time>12</time>
    </ksState>
    <ksState>
      <x>212.52065933003672</x>
      <y>845.0120832311369</y>
      <steeringAngle>0.35533333333333333</steeringAngle>
      <velocity>4.0</velocity>
      <orientation>-0.6209600568250939</orientation>
      <time>13</time>
    </ksState>
    <ksState>
      <x>212.8982042074948</x>
      <y>844.8567792358695</y>
      <steeringAngle>0.35533333333333333</steeringAngle>
      <velocity>4.0</velocity>
      <orientation>-0.5634033500683799</orientation>
      <time>14</time>
    </ksState>
    <ksState>
      <x>213.2840577496397</x>
      <y>844.7234506552263</y>
      <steeringAngle>0.35533333333333333</steeringAngle>
      <velocity>4.0</velocity>
      <orientation>-0.505846643311666</orientation>
      <time>15</time>
    </ksState>
    <ksState>
      <x>213.63922477966398</x>
      <y>844.6264056541888</y>
      <steeringAngle>0.3908666666666668</steeringAngle>
      <velocity>3.2000000000000006</velocity>
      <orientation>-0.4513042565384834</orientation>
      <time>16</time>
    </ksState>
    <ksState>
      <x>213.92160663749073</x>
      <y>844.5708609710306</y>
      <steeringAngle>0.4264</steeringAngle>
      <velocity>2.3999999999999995</velocity>
      <orientation>-0.40439461974196644</orientation>
      <time>17</time>
    </ksState>
    <ksState>
      <x>214.12656866223267</x>
      <y>844.5440151090362</y>
      <steeringAngle>0.4619333333333332</steeringAngle>
      <velocity>1.5999999999999996</velocity>
      <orientation>-0.36759699521656963</orientation>
      <time>18</time>
    </ksState>
    <ksState>
      <x>214.250985562506</x>
      <y>844.53435758722</y>
      <steeringAngle>0.49746666666666656</steeringAngle>
      <velocity>0.7999999999999986</velocity>
      <orientation>-0.34350355906658814</orientation>
      <time>19</time>
    </ksState>
    <ksState>
      <x>214.29280645966247</x>
      <y>844.532669923901</y>
      <steeringAngle>0.5329999999999998</steeringAngle>
      <velocity>-1.5265566588595902e-15</velocity>
      <orientation>-0.33484089292900737</orientation>
      <time>20</time>
    </ksState>
    <ksState>
      <x>214.29280645966247</x>
      <y>844.532669923901</y>
      <steeringAngle>0.49746666666666667</steeringAngle>
      <velocity>0.0</velocity>
      <orientation>-0.33484089292900737</orientation>
      <time>21</time>
    </ksState>
    <ksState>
      <x>214.29280645966247</x>
      <y>844.532669923901</y>
      <steeringAngle>0.4619333333333333</steeringAngle>
      <velocity>0.0</velocity>
      <orientation>-0.33484089292900737</orientation>
      <time>22</time>
    </ksState>
    <ksState>
      <x>214.29280645966247</x>
      <y>844.532669923901</y>
      <steeringAngle>0.42639999999999995</steeringAngle>
      <velocity>0.0</velocity>
      <orientation>-0.33484089292900737</orientation>
      <time>23</time>
    </ksState>
    <ksState>
      <x>214.29280645966247</x>
      <y>844.532669923901</y>
      <steeringAngle>0.3908666666666666</steeringAngle>
      <velocity>0.0</velocity>
      <orientation>-0.33484089292900737</orientation>
      <time>24</time>
    </ksState>
    <ksState>
      <x>214.29280645966247</x>
      <y>844.532669923901</y>
      <steeringAngle>0.3553333333333333</steeringAngle>
      <velocity>0.0</velocity>
      <orientation>-0.33484089292900737</orientation>
      <time>25</time>
    </ksState>
    <ksState>
      <x>214.29280645966247</x>
      <y>844.532669923901</y>
      <steeringAngle>0.3198</steeringAngle>
      <velocity>0.0</velocity>
      <orientation>-0.33484089292900737</orientation>
      <time>26</time>
    </ksState>
    <ksState>
      <x>214.29280645966247</x>
      <y>844.532669923901</y>
      <steeringAngle>0.2842666666666666</steeringAngle>
      <velocity>0.0</velocity>
      <orientation>-0.33484089292900737</orientation>
      <time>27</time>
    </ksState>
    <ksState>
      <x>214.29280645966247</x>
      <y>844.532669923901</y>
      <steeringAngle>0.24873333333333333</steeringAngle>
      <velocity>0.0</velocity>
      <orientation>-0.33484089292900737</orientation>
      <time>28</time>
    </ksState>
    <ksState>
      <x>214.29280645966247</x>
      <y>844.532669923901</y>
      <steeringAngle>0.21320000000000003</steeringAngle>
      <velocity>0.0</velocity>
      <orientation>-0.33484089292900737</orientation>
      <time>29</time>
    </ksState>
    <ksState>
      <x>214.29280645966247</x>
      <y>844.532669923901</y>
      <steeringAngle>0.1776666666666667</steeringAngle>
      <velocity>0.0</velocity>
      <orientation>-0.33484089292900737</orientation>
      <time>30</time>
    </ksState>
    <ksState>
      <x>214.29280645966247</x>
      <y>844.532669923901</y>
      <steeringAngle>0.14213333333333336</steeringAngle>
      <velocity>0.0</velocity>
      <orientation>-0.33484089292900737</orientation>
      <time>31</time>
    </ksState>
    <ksState>
      <x>214.29280645966247</x>
      <y>844.532669923901</y>
      <steeringAngle>0.10660000000000001</steeringAngle>
      <velocity>0.0</velocity>
      <orientation>-0.33484089292900737</orientation>
      <time>32</time>
    </ksState>
    <ksState>
      <x>214.29280645966247</x>
      <y>844.532669923901</y>
      <steeringAngle>0.07106666666666668</steeringAngle>
      <velocity>0.0</velocity>
      <orientation>-0.33484089292900737</orientation>
      <time>33</time>
    </ksState>
  </ksTrajectory>
</CommonRoadSolution>
