<?xml version="1.0" ?>
<CommonRoadSolution benchmark_id="KS2:SM1:RUS_Bicycle-12_1_T-1:2020a" computation_time="2.225470545999997" date="2022-12-18T12:01:12">
  <ksTrajectory planningProblem="10">
    <ksState>
      <x>2.5</x>
      <y>20.0</y>
      <steeringAngle>0.0</steeringAngle>
      <velocity>8.0</velocity>
      <orientation>0.0</orientation>
      <time>0</time>
    </ksState>
    <ksState>
      <x>3.259999999273113</x>
      <y>20.0</y>
      <steeringAngle>0.0</steeringAngle>
      <velocity>7.200000000000001</velocity>
      <orientation>0.0</orientation>
      <time>1</time>
    </ksState>
    <ksState>
      <x>3.9399999982519187</x>
      <y>20.0</y>
      <steeringAngle>0.0</steeringAngle>
      <velocity>6.400000000000001</velocity>
      <orientation>0.0</orientation>
      <time>2</time>
    </ksState>
    <ksState>
      <x>4.539999997136558</x>
      <y>20.0</y>
      <steeringAngle>0.0</steeringAngle>
      <velocity>5.600000000000001</velocity>
      <orientation>0.0</orientation>
      <time>3</time>
    </ksState>
    <ksState>
      <x>5.0599999959835875</x>
      <y>20.0</y>
      <steeringAngle>0.0</steeringAngle>
      <velocity>4.800000000000001</velocity>
      <orientation>0.0</orientation>
      <time>4</time>
    </ksState>
    <ksState>
      <x>5.499999994813748</x>
      <y>20.0</y>
      <steeringAngle>0.0</steeringAngle>
      <velocity>4.000000000000001</velocity>
      <orientation>0.0</orientation>
      <time>5</time>
    </ksState>
    <ksState>
      <x>5.8599999937860785</x>
      <y>20.0</y>
      <steeringAngle>0.0</steeringAngle>
      <velocity>3.2</velocity>
      <orientation>0.0</orientation>
      <time>6</time>
    </ksState>
    <ksState>
      <x>6.139999992656519</x>
      <y>20.0</y>
      <steeringAngle>0.0</steeringAngle>
      <velocity>2.4000000000000004</velocity>
      <orientation>0.0</orientation>
      <time>7</time>
    </ksState>
    <ksState>
      <x>6.33999999152696</x>
      <y>20.0</y>
      <steeringAngle>0.0</steeringAngle>
      <velocity>1.6</velocity>
      <orientation>0.0</orientation>
      <time>8</time>
    </ksState>
    <ksState>
      <x>6.4599999904379635</x>
      <y>20.0</y>
      <steeringAngle>0.0</steeringAngle>
      <velocity>0.7999999999999998</velocity>
      <orientation>0.0</orientation>
      <time>9</time>
    </ksState>
    <ksState>
      <x>6.499999989442502</x>
      <y>20.0</y>
      <steeringAngle>0.0</steeringAngle>
      <velocity>-3.3306690738754696e-16</velocity>
      <orientation>0.0</orientation>
      <time>10</time>
    </ksState>
    <ksState>
      <x>6.53999999016939</x>
      <y>20.0</y>
      <steeringAngle>0.0</steeringAngle>
      <velocity>0.8</velocity>
      <orientation>0.0</orientation>
      <time>11</time>
    </ksState>
    <ksState>
      <x>6.6599999911648515</x>
      <y>20.0</y>
      <steeringAngle>0.0</steeringAngle>
      <velocity>1.6</velocity>
      <orientation>0.0</orientation>
      <time>12</time>
    </ksState>
    <ksState>
      <x>6.859999992253847</x>
      <y>20.0</y>
      <steeringAngle>0.0</steeringAngle>
      <velocity>2.4000000000000004</velocity>
      <orientation>0.0</orientation>
      <time>13</time>
    </ksState>
    <ksState>
      <x>7.139999993383407</x>
      <y>20.0</y>
      <steeringAngle>0.0</steeringAngle>
      <velocity>3.2000000000000006</velocity>
      <orientation>0.0</orientation>
      <time>14</time>
    </ksState>
    <ksState>
      <x>7.499999994531782</x>
      <y>20.0</y>
      <steeringAngle>0.0</steeringAngle>
      <velocity>4.000000000000001</velocity>
      <orientation>0.0</orientation>
      <time>15</time>
    </ksState>
    <ksState>
      <x>7.939992615483893</x>
      <y>19.995090524241835</y>
      <steeringAngle>-0.035533333333333326</steeringAngle>
      <velocity>4.799999999999999</velocity>
      <orientation>-0.0031237786691908137</orientation>
      <time>16</time>
    </ksState>
    <ksState>
      <x>8.459841627434955</x>
      <y>19.975519368826564</y>
      <steeringAngle>-0.07106666666666667</steeringAngle>
      <velocity>5.599999999999998</velocity>
      <orientation>-0.013974389730363596</orientation>
      <time>17</time>
    </ksState>
    <ksState>
      <x>9.058940346438245</x>
      <y>19.931700250381848</y>
      <steeringAngle>-0.10659999999999999</steeringAngle>
      <velocity>6.3999999999999995</velocity>
      <orientation>-0.03479133873069159</orientation>
      <time>18</time>
    </ksState>
    <ksState>
      <x>9.735628756035705</x>
      <y>19.85038664486099</y>
      <steeringAngle>-0.14213333333333333</steeringAngle>
      <velocity>7.199999999999999</velocity>
      <orientation>-0.06785090971185674</orientation>
      <time>19</time>
    </ksState>
    <ksState>
      <x>10.486226442348624</x>
      <y>19.714033619168966</y>
      <steeringAngle>-0.17766666666666664</steeringAngle>
      <velocity>7.9999999999999964</velocity>
      <orientation>-0.11547823179340337</orientation>
      <time>20</time>
    </ksState>
  </ksTrajectory>
</CommonRoadSolution>
