<?xml version="1.0" ?>
<CommonRoadSolution benchmark_id="KS2:SM1:USA_Lanker-1_2_T-1:2018b" computation_time="6.207484853999858" date="2022-11-29T11:36:54">
  <ksTrajectory planningProblem="11425">
    <ksState>
      <x>0.0</x>
      <y>0.0</y>
      <steeringAngle>0.0</steeringAngle>
      <velocity>4.0</velocity>
      <orientation>-2.0334</orientation>
      <time>0</time>
    </ksState>
    <ksState>
      <x>-0.19196628467900867</x>
      <y>-0.39593756451120665</y>
      <steeringAngle>0.035533333333333326</steeringAngle>
      <velocity>4.799999999999999</velocity>
      <orientation>-2.030276221330809</orientation>
      <time>1</time>
    </ksState>
    <ksState>
      <x>-0.40645020699094475</x>
      <y>-0.8698813084518467</y>
      <steeringAngle>0.07106666666666667</steeringAngle>
      <velocity>5.599999999999998</velocity>
      <orientation>-2.019425610269636</orientation>
      <time>2</time>
    </ksState>
    <ksState>
      <x>-0.6346023129400526</x>
      <y>-1.4255664772332737</y>
      <steeringAngle>0.10659999999999999</steeringAngle>
      <velocity>6.3999999999999995</velocity>
      <orientation>-1.9986086612693084</orientation>
      <time>3</time>
    </ksState>
    <ksState>
      <x>-0.8638275418610278</x>
      <y>-2.067419186624196</y>
      <steeringAngle>0.14213333333333333</steeringAngle>
      <velocity>7.199999999999999</velocity>
      <orientation>-1.9655490902881432</orientation>
      <time>4</time>
    </ksState>
    <ksState>
      <x>-1.0767825522798096</x>
      <y>-2.7999758041297724</y>
      <steeringAngle>0.17766666666666664</steeringAngle>
      <velocity>7.9999999999999964</velocity>
      <orientation>-1.9179217682065965</orientation>
      <time>5</time>
    </ksState>
    <ksState>
      <x>-1.2526205453650152</x>
      <y>-3.5843188049500876</y>
      <steeringAngle>0.17766666666666667</steeringAngle>
      <velocity>8.0</velocity>
      <orientation>-1.8622207918960847</orientation>
      <time>6</time>
    </ksState>
    <ksState>
      <x>-1.3845197607453097</x>
      <y>-4.3772346888506135</y>
      <steeringAngle>0.17766666666666667</steeringAngle>
      <velocity>8.0</velocity>
      <orientation>-1.806519815585573</orientation>
      <time>7</time>
    </ksState>
    <ksState>
      <x>-1.4720710624725222</x>
      <y>-5.176263959129226</y>
      <steeringAngle>0.17766666666666667</steeringAngle>
      <velocity>8.0</velocity>
      <orientation>-1.7508188392750612</orientation>
      <time>8</time>
    </ksState>
    <ksState>
      <x>-1.515002884234666</x>
      <y>-5.978928189574351</y>
      <steeringAngle>0.17766666666666667</steeringAngle>
      <velocity>8.0</velocity>
      <orientation>-1.6951178629645496</orientation>
      <time>9</time>
    </ksState>
    <ksState>
      <x>-1.5131820598195305</x>
      <y>-6.782737679722213</y>
      <steeringAngle>0.17766666666666667</steeringAngle>
      <velocity>8.0</velocity>
      <orientation>-1.6394168866540377</orientation>
      <time>10</time>
    </ksState>
    <ksState>
      <x>-1.4761863079832767</x>
      <y>-7.585028988354127</y>
      <steeringAngle>0.14213333333333336</steeringAngle>
      <velocity>8.0</velocity>
      <orientation>-1.5893820751052894</orientation>
      <time>11</time>
    </ksState>
    <ksState>
      <x>-1.419620095045215</x>
      <y>-8.3849330907821</y>
      <steeringAngle>0.1066000000000001</steeringAngle>
      <velocity>8.0</velocity>
      <orientation>-1.550598223098292</orientation>
      <time>12</time>
    </ksState>
    <ksState>
      <x>-1.3523852690856095</x>
      <y>-9.18308239540183</y>
      <steeringAngle>0.07106666666666674</steeringAngle>
      <velocity>8.0</velocity>
      <orientation>-1.522965744068605</orientation>
      <time>13</time>
    </ksState>
    <ksState>
      <x>-1.283277660882469</x>
      <y>-9.980452213877658</y>
      <steeringAngle>0.035533333333333354</steeringAngle>
      <velocity>8.0</velocity>
      <orientation>-1.5064142234395757</orientation>
      <time>14</time>
    </ksState>
    <ksState>
      <x>-1.2210488658809098</x>
      <y>-10.778072977378564</y>
      <steeringAngle>2.0816681711721685e-17</steeringAngle>
      <velocity>8.0</velocity>
      <orientation>-1.5009016969811708</orientation>
      <time>15</time>
    </ksState>
    <ksState>
      <x>-1.155890460727232</x>
      <y>-11.575445260198094</y>
      <steeringAngle>0.03553333333333333</steeringAngle>
      <velocity>8.0</velocity>
      <orientation>-1.495389161978332</orientation>
      <time>16</time>
    </ksState>
    <ksState>
      <x>-1.066291955312001</x>
      <y>-12.370729600460674</y>
      <steeringAngle>0.07106666666666667</steeringAngle>
      <velocity>8.0</velocity>
      <orientation>-1.4788376410980624</orientation>
      <time>17</time>
    </ksState>
    <ksState>
      <x>-0.9434767709023065</x>
      <y>-13.162160452210388</y>
      <steeringAngle>0.10659999999999997</steeringAngle>
      <velocity>8.0</velocity>
      <orientation>-1.4512051618073676</orientation>
      <time>18</time>
    </ksState>
    <ksState>
      <x>-0.778751090621523</x>
      <y>-13.946855962717285</y>
      <steeringAngle>0.1421333333333333</steeringAngle>
      <velocity>8.0</velocity>
      <orientation>-1.4124213095346325</orientation>
      <time>19</time>
    </ksState>
    <ksState>
      <x>-0.563630420376549</x>
      <y>-14.720515095713656</y>
      <steeringAngle>0.17766666666666667</steeringAngle>
      <velocity>8.0</velocity>
      <orientation>-1.362386497285478</orientation>
      <time>20</time>
    </ksState>
    <ksState>
      <x>-0.30861819442224153</x>
      <y>-15.482098179936298</y>
      <steeringAngle>0.14213333333333336</steeringAngle>
      <velocity>8.0</velocity>
      <orientation>-1.3123516857367297</orientation>
      <time>21</time>
    </ksState>
    <ksState>
      <x>-0.03543459451411013</x>
      <y>-16.236032547284335</y>
      <steeringAngle>0.1066000000000001</steeringAngle>
      <velocity>8.0</velocity>
      <orientation>-1.2735678337297323</orientation>
      <time>22</time>
    </ksState>
    <ksState>
      <x>0.24753090610025846</x>
      <y>-16.98536115327028</y>
      <steeringAngle>0.07106666666666674</steeringAngle>
      <velocity>8.0</velocity>
      <orientation>-1.2459353547000453</orientation>
      <time>23</time>
    </ksState>
    <ksState>
      <x>0.532084593440294</x>
      <y>-17.733427786631854</y>
      <steeringAngle>0.035533333333333354</steeringAngle>
      <velocity>8.0</velocity>
      <orientation>-1.229383834071016</orientation>
      <time>24</time>
    </ksState>
    <ksState>
      <x>0.8100903774583492</x>
      <y>-18.483617155623193</y>
      <steeringAngle>2.0816681711721685e-17</steeringAngle>
      <velocity>8.0</velocity>
      <orientation>-1.223871307612611</orientation>
      <time>25</time>
    </ksState>
    <ksState>
      <x>1.0908461114824504</x>
      <y>-19.232766268272727</y>
      <steeringAngle>0.03553333333333333</steeringAngle>
      <velocity>8.0</velocity>
      <orientation>-1.2183587726097722</orientation>
      <time>26</time>
    </ksState>
    <ksState>
      <x>1.3945390371256778</x>
      <y>-19.97322266871356</y>
      <steeringAngle>0.07106666666666667</steeringAngle>
      <velocity>8.0</velocity>
      <orientation>-1.2018072517295026</orientation>
      <time>27</time>
    </ksState>
    <ksState>
      <x>1.729128220914872</x>
      <y>-20.70088772951705</y>
      <steeringAngle>0.10659999999999997</steeringAngle>
      <velocity>8.0</velocity>
      <orientation>-1.1741747724388079</orientation>
      <time>28</time>
    </ksState>
    <ksState>
      <x>2.1021878126439737</x>
      <y>-21.410611714579243</y>
      <steeringAngle>0.1421333333333333</steeringAngle>
      <velocity>8.0</velocity>
      <orientation>-1.1353909201660728</orientation>
      <time>29</time>
    </ksState>
    <ksState>
      <x>2.520702473040121</x>
      <y>-22.095937064955866</y>
      <steeringAngle>0.17766666666666667</steeringAngle>
      <velocity>8.0</velocity>
      <orientation>-1.085356107916918</orientation>
      <time>30</time>
    </ksState>
    <ksState>
      <x>2.9825144657599667</x>
      <y>-22.75384482910535</y>
      <steeringAngle>0.17766666666666667</steeringAngle>
      <velocity>8.0</velocity>
      <orientation>-1.0296551316064062</orientation>
      <time>31</time>
    </ksState>
    <ksState>
      <x>3.480237411002743</x>
      <y>-23.385022198581275</y>
      <steeringAngle>0.17766666666666667</steeringAngle>
      <velocity>8.0</velocity>
      <orientation>-0.9739541552958946</orientation>
      <time>32</time>
    </ksState>
    <ksState>
      <x>4.012327456766353</x>
      <y>-23.98751135897786</y>
      <steeringAngle>0.17766666666666667</steeringAngle>
      <velocity>8.0</velocity>
      <orientation>-0.9182531789853828</orientation>
      <time>33</time>
    </ksState>
    <ksState>
      <x>4.577134167989879</x>
      <y>-24.5594435115211</y>
      <steeringAngle>0.17766666666666667</steeringAngle>
      <velocity>8.0</velocity>
      <orientation>-0.862552202674871</orientation>
      <time>34</time>
    </ksState>
    <ksState>
      <x>5.172905629958941</x>
      <y>-25.09904463916685</y>
      <steeringAngle>0.17766666666666667</steeringAngle>
      <velocity>8.0</velocity>
      <orientation>-0.8068512263643592</orientation>
      <time>35</time>
    </ksState>
    <ksState>
      <x>5.7912261849074795</x>
      <y>-25.61160655824431</y>
      <steeringAngle>0.14213333333333336</steeringAngle>
      <velocity>8.0</velocity>
      <orientation>-0.7568164148156108</orientation>
      <time>36</time>
    </ksState>
    <ksState>
      <x>6.420951551854095</x>
      <y>-26.108086438754295</y>
      <steeringAngle>0.1066000000000001</steeringAngle>
      <velocity>8.0</velocity>
      <orientation>-0.7180325628086135</orientation>
      <time>37</time>
    </ksState>
    <ksState>
      <x>7.0565587302395585</x>
      <y>-26.59549422395232</y>
      <steeringAngle>0.07106666666666674</steeringAngle>
      <velocity>8.0</velocity>
      <orientation>-0.6904000837789266</orientation>
      <time>38</time>
    </ksState>
    <ksState>
      <x>7.692849699039622</x>
      <y>-27.080992207420028</y>
      <steeringAngle>0.035533333333333354</steeringAngle>
      <velocity>8.0</velocity>
      <orientation>-0.6738485631498972</orientation>
      <time>39</time>
    </ksState>
    <ksState>
      <x>8.324696976453044</x>
      <y>-27.571747057951697</y>
      <steeringAngle>2.0816681711721685e-17</steeringAngle>
      <velocity>8.0</velocity>
      <orientation>-0.6683360366914923</orientation>
      <time>40</time>
    </ksState>
    <ksState>
      <x>8.958332032336779</x>
      <y>-28.06016776914873</y>
      <steeringAngle>0.03553333333333333</steeringAngle>
      <velocity>8.0</velocity>
      <orientation>-0.6628235016886536</orientation>
      <time>41</time>
    </ksState>
    <ksState>
      <x>9.606870424726546</x>
      <y>-28.529105960849968</y>
      <steeringAngle>0.07106666666666667</steeringAngle>
      <velocity>8.0</velocity>
      <orientation>-0.6462719808083839</orientation>
      <time>42</time>
    </ksState>
    <ksState>
      <x>10.274912713354576</x>
      <y>-28.970881767371203</y>
      <steeringAngle>0.10659999999999997</steeringAngle>
      <velocity>8.0</velocity>
      <orientation>-0.618639501517689</orientation>
      <time>43</time>
    </ksState>
    <ksState>
      <x>10.966178072895243</x>
      <y>-29.377125286276744</y>
      <steeringAngle>0.1421333333333333</steeringAngle>
      <velocity>8.0</velocity>
      <orientation>-0.579855649244954</orientation>
      <time>44</time>
    </ksState>
  </ksTrajectory>
</CommonRoadSolution>
