<?xml version="1.0" ?>
<CommonRoadSolution benchmark_id="KS2:SM1:DEU_Lohmar-24_1_T-1:2020a" computation_time="12.440382952000052" date="2022-11-29T11:36:54">
  <ksTrajectory planningProblem="123">
    <ksState>
      <x>1.6353866</x>
      <y>-247.86094</y>
      <steeringAngle>0.0</steeringAngle>
      <velocity>16.0</velocity>
      <orientation>2.5077596</orientation>
      <time>0</time>
    </ksState>
    <ksState>
      <x>0.37839576720517254</x>
      <y>-246.9370492893502</y>
      <steeringAngle>0.0</steeringAngle>
      <velocity>15.2</velocity>
      <orientation>2.5077596</orientation>
      <time>1</time>
    </ksState>
    <ksState>
      <x>-0.8141339967870018</x>
      <y>-246.06053758983677</y>
      <steeringAngle>0.0</steeringAngle>
      <velocity>14.400000000000002</velocity>
      <orientation>2.5077596</orientation>
      <time>2</time>
    </ksState>
    <ksState>
      <x>-1.942202692274797</x>
      <y>-245.23140490124052</y>
      <steeringAngle>0.0</steeringAngle>
      <velocity>13.600000000000001</velocity>
      <orientation>2.5077596</orientation>
      <time>3</time>
    </ksState>
    <ksState>
      <x>-3.005810319348528</x>
      <y>-244.44965122349504</y>
      <steeringAngle>0.0</steeringAngle>
      <velocity>12.800000000000004</velocity>
      <orientation>2.5077596</orientation>
      <time>4</time>
    </ksState>
    <ksState>
      <x>-4.0049568780367135</x>
      <y>-243.7152765565794</y>
      <steeringAngle>0.0</steeringAngle>
      <velocity>12.000000000000002</velocity>
      <orientation>2.5077596</orientation>
      <time>5</time>
    </ksState>
    <ksState>
      <x>-4.971872903471056</x>
      <y>-243.00459139438854</y>
      <steeringAngle>0.0</steeringAngle>
      <velocity>12.0</velocity>
      <orientation>2.5077596</orientation>
      <time>6</time>
    </ksState>
    <ksState>
      <x>-5.938788928905398</x>
      <y>-242.29390623219766</y>
      <steeringAngle>0.0</steeringAngle>
      <velocity>12.0</velocity>
      <orientation>2.5077596</orientation>
      <time>7</time>
    </ksState>
    <ksState>
      <x>-6.905704954339738</x>
      <y>-241.5832210700068</y>
      <steeringAngle>0.0</steeringAngle>
      <velocity>12.0</velocity>
      <orientation>2.5077596</orientation>
      <time>8</time>
    </ksState>
    <ksState>
      <x>-7.87262097977408</x>
      <y>-240.87253590781594</y>
      <steeringAngle>0.0</steeringAngle>
      <velocity>12.0</velocity>
      <orientation>2.5077596</orientation>
      <time>9</time>
    </ksState>
    <ksState>
      <x>-8.839537005208422</x>
      <y>-240.16185074562506</y>
      <steeringAngle>0.0</steeringAngle>
      <velocity>12.0</velocity>
      <orientation>2.5077596</orientation>
      <time>10</time>
    </ksState>
    <ksState>
      <x>-9.806453030642764</x>
      <y>-239.4511655834342</y>
      <steeringAngle>0.0</steeringAngle>
      <velocity>12.0</velocity>
      <orientation>2.5077596</orientation>
      <time>11</time>
    </ksState>
    <ksState>
      <x>-10.773369056077104</x>
      <y>-238.74048042124332</y>
      <steeringAngle>0.0</steeringAngle>
      <velocity>12.0</velocity>
      <orientation>2.5077596</orientation>
      <time>12</time>
    </ksState>
    <ksState>
      <x>-11.740285081511447</x>
      <y>-238.02979525905246</y>
      <steeringAngle>0.0</steeringAngle>
      <velocity>12.0</velocity>
      <orientation>2.5077596</orientation>
      <time>13</time>
    </ksState>
    <ksState>
      <x>-12.707201106945789</x>
      <y>-237.3191100968616</y>
      <steeringAngle>0.0</steeringAngle>
      <velocity>12.0</velocity>
      <orientation>2.5077596</orientation>
      <time>14</time>
    </ksState>
    <ksState>
      <x>-13.674117132380129</x>
      <y>-236.60842493467072</y>
      <steeringAngle>0.0</steeringAngle>
      <velocity>12.0</velocity>
      <orientation>2.5077596</orientation>
      <time>15</time>
    </ksState>
    <ksState>
      <x>-14.600304692031703</x>
      <y>-235.90995462459068</y>
      <steeringAngle>-0.03553333333333333</steeringAngle>
      <velocity>11.200000000000001</velocity>
      <orientation>2.499858326227656</orientation>
      <time>16</time>
    </ksState>
    <ksState>
      <x>-15.439768066529593</x>
      <y>-235.22982958947566</y>
      <steeringAngle>-0.07106666666666667</steeringAngle>
      <velocity>10.400000000000007</velocity>
      <orientation>2.477605895429166</orientation>
      <time>17</time>
    </ksState>
    <ksState>
      <x>-16.186406890390266</x>
      <y>-234.5629564702449</y>
      <steeringAngle>-0.10660000000000001</steeringAngle>
      <velocity>9.60000000000001</velocity>
      <orientation>2.4431578845444943</orientation>
      <time>18</time>
    </ksState>
    <ksState>
      <x>-16.836460528012832</x>
      <y>-233.90906457418382</y>
      <steeringAngle>-0.14213333333333344</steeringAngle>
      <velocity>8.800000000000008</velocity>
      <orientation>2.3986497524236494</orientation>
      <time>19</time>
    </ksState>
    <ksState>
      <x>-17.388614220087167</x>
      <y>-233.2718784993282</y>
      <steeringAngle>-0.17766666666666675</steeringAngle>
      <velocity>8.000000000000009</velocity>
      <orientation>2.3462074546086678</orientation>
      <time>20</time>
    </ksState>
    <ksState>
      <x>-17.881485974823196</x>
      <y>-232.63775117540683</y>
      <steeringAngle>-0.14213333333333336</steeringAngle>
      <velocity>8.0</velocity>
      <orientation>2.2961726430599194</orientation>
      <time>21</time>
    </ksState>
    <ksState>
      <x>-18.35792512937899</x>
      <y>-231.99273021331845</y>
      <steeringAngle>-0.1066000000000001</steeringAngle>
      <velocity>8.0</velocity>
      <orientation>2.257388791052922</orientation>
      <time>22</time>
    </ksState>
    <ksState>
      <x>-18.82511177777789</x>
      <y>-231.3421155271604</y>
      <steeringAngle>-0.07106666666666674</steeringAngle>
      <velocity>8.0</velocity>
      <orientation>2.229756312023235</orientation>
      <time>23</time>
    </ksState>
    <ksState>
      <x>-19.290368073372534</x>
      <y>-230.69087742297936</y>
      <steeringAngle>-0.035533333333333354</steeringAngle>
      <velocity>8.0</velocity>
      <orientation>2.213204791394206</orientation>
      <time>24</time>
    </ksState>
    <ksState>
      <x>-19.7610183251712</x>
      <y>-230.04391556492513</y>
      <steeringAngle>-2.0816681711721685e-17</steeringAngle>
      <velocity>8.0</velocity>
      <orientation>2.207692264935801</orientation>
      <time>25</time>
    </ksState>
    <ksState>
      <x>-20.236780575943005</x>
      <y>-229.40075906706434</y>
      <steeringAngle>0.0</steeringAngle>
      <velocity>8.0</velocity>
      <orientation>2.207692264935801</orientation>
      <time>26</time>
    </ksState>
    <ksState>
      <x>-20.712542826714813</x>
      <y>-228.75760256920356</y>
      <steeringAngle>0.0</steeringAngle>
      <velocity>8.0</velocity>
      <orientation>2.207692264935801</orientation>
      <time>27</time>
    </ksState>
    <ksState>
      <x>-21.188305077486618</x>
      <y>-228.1144460713428</y>
      <steeringAngle>0.0</steeringAngle>
      <velocity>8.0</velocity>
      <orientation>2.207692264935801</orientation>
      <time>28</time>
    </ksState>
    <ksState>
      <x>-21.664067328258426</x>
      <y>-227.471289573482</y>
      <steeringAngle>0.0</steeringAngle>
      <velocity>8.0</velocity>
      <orientation>2.207692264935801</orientation>
      <time>29</time>
    </ksState>
    <ksState>
      <x>-22.13982957903023</x>
      <y>-226.82813307562122</y>
      <steeringAngle>0.0</steeringAngle>
      <velocity>8.0</velocity>
      <orientation>2.207692264935801</orientation>
      <time>30</time>
    </ksState>
    <ksState>
      <x>-22.615591829802035</x>
      <y>-226.18497657776044</y>
      <steeringAngle>0.0</steeringAngle>
      <velocity>8.0</velocity>
      <orientation>2.207692264935801</orientation>
      <time>31</time>
    </ksState>
    <ksState>
      <x>-23.091354080573844</x>
      <y>-225.54182007989965</y>
      <steeringAngle>0.0</steeringAngle>
      <velocity>8.0</velocity>
      <orientation>2.207692264935801</orientation>
      <time>32</time>
    </ksState>
    <ksState>
      <x>-23.567116331345648</x>
      <y>-224.8986635820389</y>
      <steeringAngle>0.0</steeringAngle>
      <velocity>8.0</velocity>
      <orientation>2.207692264935801</orientation>
      <time>33</time>
    </ksState>
    <ksState>
      <x>-24.042878582117456</x>
      <y>-224.2555070841781</y>
      <steeringAngle>0.0</steeringAngle>
      <velocity>8.0</velocity>
      <orientation>2.207692264935801</orientation>
      <time>34</time>
    </ksState>
    <ksState>
      <x>-24.51864083288926</x>
      <y>-223.61235058631732</y>
      <steeringAngle>0.0</steeringAngle>
      <velocity>8.0</velocity>
      <orientation>2.207692264935801</orientation>
      <time>35</time>
    </ksState>
    <ksState>
      <x>-25.001875609395434</x>
      <y>-222.97475171089013</y>
      <steeringAngle>0.03553333333333333</steeringAngle>
      <velocity>8.0</velocity>
      <orientation>2.21320479993864</orientation>
      <time>36</time>
    </ksState>
    <ksState>
      <x>-25.504604541863877</x>
      <y>-222.3520409477756</y>
      <steeringAngle>0.07106666666666667</steeringAngle>
      <velocity>8.0</velocity>
      <orientation>2.2297563208189093</orientation>
      <time>37</time>
    </ksState>
    <ksState>
      <x>-26.03328252581416</x>
      <y>-221.7504215066759</y>
      <steeringAngle>0.10659999999999997</steeringAngle>
      <velocity>8.0</velocity>
      <orientation>2.2573888001096045</orientation>
      <time>38</time>
    </ksState>
    <ksState>
      <x>-26.593695071889805</x>
      <y>-221.1769937674143</y>
      <steeringAngle>0.1421333333333333</steeringAngle>
      <velocity>8.0</velocity>
      <orientation>2.296172652382339</orientation>
      <time>39</time>
    </ksState>
    <ksState>
      <x>-27.190688873138225</x>
      <y>-220.63994278463304</y>
      <steeringAngle>0.17766666666666667</steeringAngle>
      <velocity>8.0</velocity>
      <orientation>2.346207464631494</orientation>
      <time>40</time>
    </ksState>
    <ksState>
      <x>-27.821333082198908</x>
      <y>-220.1415445258818</y>
      <steeringAngle>0.17766666666666667</steeringAngle>
      <velocity>8.0</velocity>
      <orientation>2.4019084409420057</orientation>
      <time>41</time>
    </ksState>
    <ksState>
      <x>-28.478746169248936</x>
      <y>-219.67902854244443</y>
      <steeringAngle>0.17766666666666667</steeringAngle>
      <velocity>8.0</velocity>
      <orientation>2.4576094172525176</orientation>
      <time>42</time>
    </ksState>
    <ksState>
      <x>-29.160888947897323</x>
      <y>-219.2538294893717</y>
      <steeringAngle>0.17766666666666667</steeringAngle>
      <velocity>8.0</velocity>
      <orientation>2.513310393563029</orientation>
      <time>43</time>
    </ksState>
    <ksState>
      <x>-29.865645550040856</x>
      <y>-218.86726624759746</y>
      <steeringAngle>0.17766666666666667</steeringAngle>
      <velocity>8.0</velocity>
      <orientation>2.569011369873541</orientation>
      <time>44</time>
    </ksState>
    <ksState>
      <x>-30.590829964881326</x>
      <y>-218.52053785775058</y>
      <steeringAngle>0.17766666666666667</steeringAngle>
      <velocity>8.0</velocity>
      <orientation>2.6247123461840527</orientation>
      <time>45</time>
    </ksState>
    <ksState>
      <x>-31.33419278252785</x>
      <y>-218.214719833284</y>
      <steeringAngle>0.17766666666666667</steeringAngle>
      <velocity>8.0</velocity>
      <orientation>2.6804133224945645</orientation>
      <time>46</time>
    </ksState>
    <ksState>
      <x>-32.093428308210726</x>
      <y>-217.95076071050028</y>
      <steeringAngle>0.17766666666666667</steeringAngle>
      <velocity>8.0</velocity>
      <orientation>2.7361142988050764</orientation>
      <time>47</time>
    </ksState>
    <ksState>
      <x>-32.866181517249146</x>
      <y>-217.72947925371517</y>
      <steeringAngle>0.17766666666666667</steeringAngle>
      <velocity>8.0</velocity>
      <orientation>2.791815275115588</orientation>
      <time>48</time>
    </ksState>
    <ksState>
      <x>-33.650055486425</x>
      <y>-217.5515618329707</y>
      <steeringAngle>0.17766666666666667</steeringAngle>
      <velocity>8.0</velocity>
      <orientation>2.8475162514260997</orientation>
      <time>49</time>
    </ksState>
    <ksState>
      <x>-34.442618798905954</x>
      <y>-217.4175603122236</y>
      <steeringAngle>0.17766666666666667</steeringAngle>
      <velocity>8.0</velocity>
      <orientation>2.9032172277366115</orientation>
      <time>50</time>
    </ksState>
    <ksState>
      <x>-35.241413041589</x>
      <y>-217.3278903584795</y>
      <steeringAngle>0.17766666666666667</steeringAngle>
      <velocity>8.0</velocity>
      <orientation>2.9589182040471234</orientation>
      <time>51</time>
    </ksState>
    <ksState>
      <x>-36.04396059364781</x>
      <y>-217.2828300805831</y>
      <steeringAngle>0.17766666666666667</steeringAngle>
      <velocity>8.0</velocity>
      <orientation>3.014619180357635</orientation>
      <time>52</time>
    </ksState>
    <ksState>
      <x>-36.8477720818607</x>
      <y>-217.28251925412232</y>
      <steeringAngle>0.17766666666666667</steeringAngle>
      <velocity>8.0</velocity>
      <orientation>3.0703201566681466</orientation>
      <time>53</time>
    </ksState>
    <ksState>
      <x>-37.65035424655034</x>
      <y>-217.32695884320643</y>
      <steeringAngle>0.17766666666666667</steeringAngle>
      <velocity>8.0</velocity>
      <orientation>3.1260211329786585</orientation>
      <time>54</time>
    </ksState>
    <ksState>
      <x>-38.44921764175297</x>
      <y>-217.4160110057778</y>
      <steeringAngle>0.17766666666666667</steeringAngle>
      <velocity>8.0</velocity>
      <orientation>3.1817221092891703</orientation>
      <time>55</time>
    </ksState>
    <ksState>
      <x>-39.24188430852116</x>
      <y>-217.5493995290572</y>
      <steeringAngle>0.17766666666666667</steeringAngle>
      <velocity>8.0</velocity>
      <orientation>3.237423085599682</orientation>
      <time>56</time>
    </ksState>
    <ksState>
      <x>-40.02589563758098</x>
      <y>-217.72671066200024</y>
      <steeringAngle>0.17766666666666667</steeringAngle>
      <velocity>8.0</velocity>
      <orientation>3.293124061910194</orientation>
      <time>57</time>
    </ksState>
    <ksState>
      <x>-40.7988197504761</x>
      <y>-217.94739441967488</y>
      <steeringAngle>0.17766666666666667</steeringAngle>
      <velocity>8.0</velocity>
      <orientation>3.3488250382207054</orientation>
      <time>58</time>
    </ksState>
    <ksState>
      <x>-41.55825919388557</x>
      <y>-218.21076628595867</y>
      <steeringAngle>0.17766666666666667</steeringAngle>
      <velocity>8.0</velocity>
      <orientation>3.4045260145312173</orientation>
      <time>59</time>
    </ksState>
    <ksState>
      <x>-42.30185834162627</x>
      <y>-218.5160093355644</y>
      <steeringAngle>0.17766666666666667</steeringAngle>
      <velocity>8.0</velocity>
      <orientation>3.460226990841729</orientation>
      <time>60</time>
    </ksState>
    <ksState>
      <x>-43.02731065257266</x>
      <y>-218.86217676223913</y>
      <steeringAngle>0.17766666666666667</steeringAngle>
      <velocity>8.0</velocity>
      <orientation>3.515927967152241</orientation>
      <time>61</time>
    </ksState>
    <ksState>
      <x>-43.7323660014888</x>
      <y>-219.24819484073342</y>
      <steeringAngle>0.17766666666666667</steeringAngle>
      <velocity>8.0</velocity>
      <orientation>3.571628943462753</orientation>
      <time>62</time>
    </ksState>
    <ksState>
      <x>-44.41483741716143</x>
      <y>-219.67286621013085</y>
      <steeringAngle>0.17766666666666667</steeringAngle>
      <velocity>8.0</velocity>
      <orientation>3.6273299197732642</orientation>
      <time>63</time>
    </ksState>
    <ksState>
      <x>-45.07260801213395</x>
      <y>-220.134873626246</y>
      <steeringAngle>0.17766666666666667</steeringAngle>
      <velocity>8.0</velocity>
      <orientation>3.683030896083776</orientation>
      <time>64</time>
    </ksState>
    <ksState>
      <x>-45.703637516107584</x>
      <y>-220.63278403683015</y>
      <steeringAngle>0.17766666666666667</steeringAngle>
      <velocity>8.0</velocity>
      <orientation>3.738731872394288</orientation>
      <time>65</time>
    </ksState>
    <ksState>
      <x>-46.311747015256806</x>
      <y>-221.15741997403302</y>
      <steeringAngle>0.14213333333333336</steeringAngle>
      <velocity>8.0</velocity>
      <orientation>3.7887666839430363</orientation>
      <time>66</time>
    </ksState>
    <ksState>
      <x>-46.905891272400936</x>
      <y>-221.69597258170464</y>
      <steeringAngle>0.1066000000000001</steeringAngle>
      <velocity>8.0</velocity>
      <orientation>3.8275505359500337</orientation>
      <time>67</time>
    </ksState>
    <ksState>
      <x>-47.492065931017045</x>
      <y>-222.24183163300182</y>
      <steeringAngle>0.07106666666666674</steeringAngle>
      <velocity>8.0</velocity>
      <orientation>3.855183014979721</orientation>
      <time>68</time>
    </ksState>
    <ksState>
      <x>-48.07647082776774</x>
      <y>-222.78868207469637</y>
      <steeringAngle>0.035533333333333354</steeringAngle>
      <velocity>8.0</velocity>
      <orientation>3.87173453560875</orientation>
      <time>69</time>
    </ksState>
    <ksState>
      <x>-48.665321825669146</x>
      <y>-223.33027768727615</y>
      <steeringAngle>2.0816681711721685e-17</steeringAngle>
      <velocity>8.0</velocity>
      <orientation>3.8772470620671546</orientation>
      <time>70</time>
    </ksState>
    <ksState>
      <x>-49.25216791276216</x>
      <y>-223.87402380931715</y>
      <steeringAngle>0.03553333333333333</steeringAngle>
      <velocity>8.0</velocity>
      <orientation>3.8827595970699935</orientation>
      <time>71</time>
    </ksState>
    <ksState>
      <x>-49.822276347144346</x>
      <y>-224.43570116072613</y>
      <steeringAngle>0.07106666666666667</steeringAngle>
      <velocity>8.0</velocity>
      <orientation>3.899311117950263</orientation>
      <time>72</time>
    </ksState>
    <ksState>
      <x>-50.368837705345854</x>
      <y>-225.021121560391</y>
      <steeringAngle>0.10659999999999997</steeringAngle>
      <velocity>8.0</velocity>
      <orientation>3.926943597240958</orientation>
      <time>73</time>
    </ksState>
    <ksState>
      <x>-50.88421576539515</x>
      <y>-225.63534224481432</y>
      <steeringAngle>0.1421333333333333</steeringAngle>
      <velocity>8.0</velocity>
      <orientation>3.9657274495136927</orientation>
      <time>74</time>
    </ksState>
    <ksState>
      <x>-51.35978748129785</x>
      <y>-226.28237926065557</y>
      <steeringAngle>0.17766666666666667</steeringAngle>
      <velocity>8.0</velocity>
      <orientation>4.0157622617628475</orientation>
      <time>75</time>
    </ksState>
    <ksState>
      <x>-51.80122272393047</x>
      <y>-226.953330045827</y>
      <steeringAngle>0.14213333333333336</steeringAngle>
      <velocity>8.0</velocity>
      <orientation>4.065797073311596</orientation>
      <time>76</time>
    </ksState>
    <ksState>
      <x>-52.22541897717908</x>
      <y>-227.6338473845165</y>
      <steeringAngle>0.1066000000000001</steeringAngle>
      <velocity>8.0</velocity>
      <orientation>4.104580925318594</orientation>
      <time>77</time>
    </ksState>
    <ksState>
      <x>-52.639951182009476</x>
      <y>-228.31921289681284</y>
      <steeringAngle>0.07106666666666674</steeringAngle>
      <velocity>8.0</velocity>
      <orientation>4.13221340434828</orientation>
      <time>78</time>
    </ksState>
    <ksState>
      <x>-53.052509956944725</x>
      <y>-229.00504796893418</y>
      <steeringAngle>0.035533333333333354</steeringAngle>
      <velocity>8.0</velocity>
      <orientation>4.14876492497731</orientation>
      <time>79</time>
    </ksState>
    <ksState>
      <x>-53.47078250975256</x>
      <y>-229.68704457952893</y>
      <steeringAngle>2.0816681711721685e-17</steeringAngle>
      <velocity>8.0</velocity>
      <orientation>4.154277451435714</orientation>
      <time>80</time>
    </ksState>
    <ksState>
      <x>-53.90233744568626</x>
      <y>-230.36069768940246</y>
      <steeringAngle>-0.03553333333333333</steeringAngle>
      <velocity>8.0</velocity>
      <orientation>4.148764916432875</orientation>
      <time>81</time>
    </ksState>
    <ksState>
      <x>-54.35449780701506</x>
      <y>-231.0210431154353</y>
      <steeringAngle>-0.07106666666666667</steeringAngle>
      <velocity>8.0</velocity>
      <orientation>4.132213395552606</orientation>
      <time>82</time>
    </ksState>
    <ksState>
      <x>-54.8341866776973</x>
      <y>-231.66240490878323</y>
      <steeringAngle>-0.10659999999999997</steeringAngle>
      <velocity>8.0</velocity>
      <orientation>4.104580916261911</orientation>
      <time>83</time>
    </ksState>
    <ksState>
      <x>-55.34773044309051</x>
      <y>-232.27816005084816</y>
      <steeringAngle>-0.1421333333333333</steeringAngle>
      <velocity>8.0</velocity>
      <orientation>4.065797063989176</orientation>
      <time>84</time>
    </ksState>
    <ksState>
      <x>-55.900604950150594</x>
      <y>-232.86053032505387</y>
      <steeringAngle>-0.17766666666666667</steeringAngle>
      <velocity>8.0</velocity>
      <orientation>4.015762251740021</orientation>
      <time>85</time>
    </ksState>
    <ksState>
      <x>-56.48304621450893</x>
      <y>-233.41352417957026</y>
      <steeringAngle>-0.14213333333333336</steeringAngle>
      <velocity>8.0</velocity>
      <orientation>3.965727440191273</orientation>
      <time>86</time>
    </ksState>
    <ksState>
      <x>-57.07794825781237</x>
      <y>-233.95123959538114</y>
      <steeringAngle>-0.1066000000000001</steeringAngle>
      <velocity>8.0</velocity>
      <orientation>3.9269435881842756</orientation>
      <time>87</time>
    </ksState>
    <ksState>
      <x>-57.67932904761625</x>
      <y>-234.48029911938733</y>
      <steeringAngle>-0.07106666666666674</steeringAngle>
      <velocity>8.0</velocity>
      <orientation>3.8993111091545885</orientation>
      <time>88</time>
    </ksState>
    <ksState>
      <x>-58.28152054669241</x>
      <y>-235.00749916431155</y>
      <steeringAngle>-0.035533333333333354</steeringAngle>
      <velocity>8.0</velocity>
      <orientation>3.8827595885255595</orientation>
      <time>89</time>
    </ksState>
    <ksState>
      <x>-58.878924802952746</x>
      <y>-235.53964525317923</y>
      <steeringAngle>-2.0816681711721685e-17</steeringAngle>
      <velocity>8.0</velocity>
      <orientation>3.8772470620671546</orientation>
      <time>90</time>
    </ksState>
    <ksState>
      <x>-59.46577089004576</x>
      <y>-236.08339137522023</y>
      <steeringAngle>0.03553333333333333</steeringAngle>
      <velocity>8.0</velocity>
      <orientation>3.8827595970699935</orientation>
      <time>91</time>
    </ksState>
    <ksState>
      <x>-60.035879324427945</x>
      <y>-236.6450687266292</y>
      <steeringAngle>0.07106666666666667</steeringAngle>
      <velocity>8.0</velocity>
      <orientation>3.899311117950263</orientation>
      <time>92</time>
    </ksState>
    <ksState>
      <x>-60.58244068262945</x>
      <y>-237.2304891262941</y>
      <steeringAngle>0.10659999999999997</steeringAngle>
      <velocity>8.0</velocity>
      <orientation>3.926943597240958</orientation>
      <time>93</time>
    </ksState>
    <ksState>
      <x>-61.09781874267875</x>
      <y>-237.8447098107174</y>
      <steeringAngle>0.1421333333333333</steeringAngle>
      <velocity>8.0</velocity>
      <orientation>3.9657274495136927</orientation>
      <time>94</time>
    </ksState>
    <ksState>
      <x>-61.57339045858145</x>
      <y>-238.49174682655865</y>
      <steeringAngle>0.17766666666666667</steeringAngle>
      <velocity>8.0</velocity>
      <orientation>4.0157622617628475</orientation>
      <time>95</time>
    </ksState>
    <ksState>
      <x>-61.98639050116455</x>
      <y>-239.13405719491098</y>
      <steeringAngle>0.17766666666666667</steeringAngle>
      <velocity>7.2</velocity>
      <orientation>4.068678189207225</orientation>
      <time>96</time>
    </ksState>
    <ksState>
      <x>-62.32666245492095</x>
      <y>-239.72656466698015</y>
      <steeringAngle>0.17766666666666667</steeringAngle>
      <velocity>6.4</velocity>
      <orientation>4.116024019000036</orientation>
      <time>97</time>
    </ksState>
    <ksState>
      <x>-62.603321401557764</x>
      <y>-240.26223198879902</y>
      <steeringAngle>0.17766666666666667</steeringAngle>
      <velocity>5.599999999999999</velocity>
      <orientation>4.1577997511552205</orientation>
      <time>98</time>
    </ksState>
    <ksState>
      <x>-62.82481759282572</x>
      <y>-240.73547920703567</y>
      <steeringAngle>0.17766666666666667</steeringAngle>
      <velocity>4.799999999999999</velocity>
      <orientation>4.194005385676736</orientation>
      <time>99</time>
    </ksState>
  </ksTrajectory>
</CommonRoadSolution>
