<?xml version="1.0" ?>
<CommonRoadSolution benchmark_id="KS2:SM1:BEL_Putte-11_2_T-1:2020a" computation_time="0.6047342960000606" date="2022-12-18T12:01:12">
  <ksTrajectory planningProblem="1">
    <ksState>
      <x>313.42285</x>
      <y>-473.63943</y>
      <steeringAngle>0.0</steeringAngle>
      <velocity>8.0</velocity>
      <orientation>2.8892961</orientation>
      <time>0</time>
    </ksState>
    <ksState>
      <x>312.68908024515457</x>
      <y>-473.44137832651467</y>
      <steeringAngle>-0.03553333333333333</steeringAngle>
      <velocity>7.199999999999999</velocity>
      <orientation>2.884151087017508</orientation>
      <time>1</time>
    </ksState>
    <ksState>
      <x>312.0377794618065</x>
      <y>-473.24497576944697</y>
      <steeringAngle>-0.07106666666666664</steeringAngle>
      <velocity>6.400000000000001</velocity>
      <orientation>2.8701744148965447</orientation>
      <time>2</time>
    </ksState>
    <ksState>
      <x>311.4694899215466</x>
      <y>-473.0503701212317</y>
      <steeringAngle>-0.10659999999999997</steeringAngle>
      <velocity>5.600000000000004</velocity>
      <orientation>2.8495426470306633</orientation>
      <time>3</time>
    </ksState>
    <ksState>
      <x>310.9840638319002</x>
      <y>-472.86062926867015</y>
      <steeringAngle>-0.1421333333333333</steeringAngle>
      <velocity>4.800000000000003</velocity>
      <orientation>2.824426439522015</orientation>
      <time>4</time>
    </ksState>
    <ksState>
      <x>310.5805452618401</x>
      <y>-472.68100418891305</y>
      <steeringAngle>-0.17766666666666653</steeringAngle>
      <velocity>4.000000000000006</velocity>
      <orientation>2.797001542936865</orientation>
      <time>5</time>
    </ksState>
    <ksState>
      <x>310.2571146231246</x>
      <y>-472.51819255927654</y>
      <steeringAngle>-0.21319999999999997</steeringAngle>
      <velocity>3.2</velocity>
      <orientation>2.7694599973734304</orientation>
      <time>6</time>
    </ksState>
    <ksState>
      <x>310.0111536183039</x>
      <y>-472.37962169808833</y>
      <steeringAngle>-0.24873333333333342</steeringAngle>
      <velocity>2.4000000000000004</velocity>
      <orientation>2.744021766986781</orientation>
      <time>7</time>
    </ksState>
    <ksState>
      <x>309.8394624379709</x>
      <y>-472.2727727028216</y>
      <steeringAngle>-0.2842666666666668</steeringAngle>
      <velocity>1.600000000000001</velocity>
      <orientation>2.7229468671962014</orientation>
      <time>8</time>
    </ksState>
    <ksState>
      <x>309.73863530664744</x>
      <y>-472.2045631802393</y>
      <steeringAngle>-0.3197999999999999</steeringAngle>
      <velocity>0.8000000000000007</velocity>
      <orientation>2.708548439895497</orientation>
      <time>9</time>
    </ksState>
    <ksState>
      <x>309.70557941615414</x>
      <y>-472.1807927379705</y>
      <steeringAngle>-0.3553333333333332</steeringAngle>
      <velocity>5.551115123125783e-16</velocity>
      <orientation>2.7032067982597674</orientation>
      <time>10</time>
    </ksState>
    <ksState>
      <x>309.70557941615414</x>
      <y>-472.1807927379705</y>
      <steeringAngle>-0.3198</steeringAngle>
      <velocity>0.0</velocity>
      <orientation>2.7032067982597674</orientation>
      <time>11</time>
    </ksState>
    <ksState>
      <x>309.70557941615414</x>
      <y>-472.1807927379705</y>
      <steeringAngle>-0.2842666666666666</steeringAngle>
      <velocity>0.0</velocity>
      <orientation>2.7032067982597674</orientation>
      <time>12</time>
    </ksState>
    <ksState>
      <x>309.70557941615414</x>
      <y>-472.1807927379705</y>
      <steeringAngle>-0.24873333333333333</steeringAngle>
      <velocity>0.0</velocity>
      <orientation>2.7032067982597674</orientation>
      <time>13</time>
    </ksState>
    <ksState>
      <x>309.70557941615414</x>
      <y>-472.1807927379705</y>
      <steeringAngle>-0.21320000000000003</steeringAngle>
      <velocity>0.0</velocity>
      <orientation>2.7032067982597674</orientation>
      <time>14</time>
    </ksState>
    <ksState>
      <x>309.70557941615414</x>
      <y>-472.1807927379705</y>
      <steeringAngle>-0.1776666666666667</steeringAngle>
      <velocity>0.0</velocity>
      <orientation>2.7032067982597674</orientation>
      <time>15</time>
    </ksState>
    <ksState>
      <x>309.70557941615414</x>
      <y>-472.1807927379705</y>
      <steeringAngle>-0.14213333333333336</steeringAngle>
      <velocity>0.0</velocity>
      <orientation>2.7032067982597674</orientation>
      <time>16</time>
    </ksState>
    <ksState>
      <x>309.70557941615414</x>
      <y>-472.1807927379705</y>
      <steeringAngle>-0.10660000000000001</steeringAngle>
      <velocity>0.0</velocity>
      <orientation>2.7032067982597674</orientation>
      <time>17</time>
    </ksState>
    <ksState>
      <x>309.70557941615414</x>
      <y>-472.1807927379705</y>
      <steeringAngle>-0.07106666666666668</steeringAngle>
      <velocity>0.0</velocity>
      <orientation>2.7032067982597674</orientation>
      <time>18</time>
    </ksState>
    <ksState>
      <x>309.70557941615414</x>
      <y>-472.1807927379705</y>
      <steeringAngle>-0.03553333333333333</steeringAngle>
      <velocity>0.0</velocity>
      <orientation>2.7032067982597674</orientation>
      <time>19</time>
    </ksState>
    <ksState>
      <x>309.70557941615414</x>
      <y>-472.1807927379705</y>
      <steeringAngle>-0.0</steeringAngle>
      <velocity>0.0</velocity>
      <orientation>2.7032067982597674</orientation>
      <time>20</time>
    </ksState>
    <ksState>
      <x>309.70557941615414</x>
      <y>-472.1807927379705</y>
      <steeringAngle>0.0</steeringAngle>
      <velocity>0.0</velocity>
      <orientation>2.7032067982597674</orientation>
      <time>21</time>
    </ksState>
    <ksState>
      <x>309.70557941615414</x>
      <y>-472.1807927379705</y>
      <steeringAngle>0.0</steeringAngle>
      <velocity>0.0</velocity>
      <orientation>2.7032067982597674</orientation>
      <time>22</time>
    </ksState>
    <ksState>
      <x>309.70557941615414</x>
      <y>-472.1807927379705</y>
      <steeringAngle>0.0</steeringAngle>
      <velocity>0.0</velocity>
      <orientation>2.7032067982597674</orientation>
      <time>23</time>
    </ksState>
    <ksState>
      <x>309.70557941615414</x>
      <y>-472.1807927379705</y>
      <steeringAngle>0.0</steeringAngle>
      <velocity>0.0</velocity>
      <orientation>2.7032067982597674</orientation>
      <time>24</time>
    </ksState>
    <ksState>
      <x>309.70557941615414</x>
      <y>-472.1807927379705</y>
      <steeringAngle>0.0</steeringAngle>
      <velocity>0.0</velocity>
      <orientation>2.7032067982597674</orientation>
      <time>25</time>
    </ksState>
    <ksState>
      <x>309.70557941615414</x>
      <y>-472.1807927379705</y>
      <steeringAngle>0.0</steeringAngle>
      <velocity>0.0</velocity>
      <orientation>2.7032067982597674</orientation>
      <time>26</time>
    </ksState>
    <ksState>
      <x>309.70557941615414</x>
      <y>-472.1807927379705</y>
      <steeringAngle>0.0</steeringAngle>
      <velocity>0.0</velocity>
      <orientation>2.7032067982597674</orientation>
      <time>27</time>
    </ksState>
    <ksState>
      <x>309.70557941615414</x>
      <y>-472.1807927379705</y>
      <steeringAngle>0.0</steeringAngle>
      <velocity>0.0</velocity>
      <orientation>2.7032067982597674</orientation>
      <time>28</time>
    </ksState>
    <ksState>
      <x>309.70557941615414</x>
      <y>-472.1807927379705</y>
      <steeringAngle>0.0</steeringAngle>
      <velocity>0.0</velocity>
      <orientation>2.7032067982597674</orientation>
      <time>29</time>
    </ksState>
    <ksState>
      <x>309.70557941615414</x>
      <y>-472.1807927379705</y>
      <steeringAngle>0.0</steeringAngle>
      <velocity>0.0</velocity>
      <orientation>2.7032067982597674</orientation>
      <time>30</time>
    </ksState>
    <ksState>
      <x>309.70557941615414</x>
      <y>-472.1807927379705</y>
      <steeringAngle>0.0</steeringAngle>
      <velocity>0.0</velocity>
      <orientation>2.7032067982597674</orientation>
      <time>31</time>
    </ksState>
    <ksState>
      <x>309.70557941615414</x>
      <y>-472.1807927379705</y>
      <steeringAngle>0.0</steeringAngle>
      <velocity>0.0</velocity>
      <orientation>2.7032067982597674</orientation>
      <time>32</time>
    </ksState>
    <ksState>
      <x>309.70557941615414</x>
      <y>-472.1807927379705</y>
      <steeringAngle>0.0</steeringAngle>
      <velocity>0.0</velocity>
      <orientation>2.7032067982597674</orientation>
      <time>33</time>
    </ksState>
  </ksTrajectory>
</CommonRoadSolution>
