<?xml version="1.0" ?>
<CommonRoadSolution benchmark_id="KS2:SM1:DEU_Lohmar-14_1_T-1:2020a" computation_time="1.9735177460001978" date="2022-12-18T12:01:12">
  <ksTrajectory planningProblem="123">
    <ksState>
      <x>-309.82962</x>
      <y>18.248694</y>
      <steeringAngle>0.0</steeringAngle>
      <velocity>8.0</velocity>
      <orientation>-4.4815065</orientation>
      <time>0</time>
    </ksState>
    <ksState>
      <x>-310.00361830167554</x>
      <y>19.02957348249714</y>
      <steeringAngle>-0.03553333333333333</steeringAngle>
      <velocity>8.0</velocity>
      <orientation>-4.487019035002839</orientation>
      <time>1</time>
    </ksState>
    <ksState>
      <x>-310.15365512441355</x>
      <y>19.815699443054495</y>
      <steeringAngle>-0.07106666666666667</steeringAngle>
      <velocity>8.0</velocity>
      <orientation>-4.503570555883108</orientation>
      <time>2</time>
    </ksState>
    <ksState>
      <x>-310.2708248352965</x>
      <y>20.607985768491496</y>
      <steeringAngle>-0.10659999999999997</steeringAngle>
      <velocity>8.0</velocity>
      <orientation>-4.531203035173803</orientation>
      <time>3</time>
    </ksState>
    <ksState>
      <x>-310.3459701279411</x>
      <y>21.406255634481067</y>
      <steeringAngle>-0.1421333333333333</steeringAngle>
      <velocity>8.0</velocity>
      <orientation>-4.569986887446539</orientation>
      <time>4</time>
    </ksState>
    <ksState>
      <x>-310.36971317063546</x>
      <y>22.208914730709942</y>
      <steeringAngle>-0.17766666666666667</steeringAngle>
      <velocity>8.0</velocity>
      <orientation>-4.620021699695693</orientation>
      <time>5</time>
    </ksState>
    <ksState>
      <x>-310.34221250036484</x>
      <y>23.01225566448758</y>
      <steeringAngle>-0.17766666666666667</steeringAngle>
      <velocity>8.0</velocity>
      <orientation>-4.675722676006204</orientation>
      <time>6</time>
    </ksState>
    <ksState>
      <x>-310.27003074438954</x>
      <y>23.812819713183252</y>
      <steeringAngle>-0.17766666666666667</steeringAngle>
      <velocity>8.0</velocity>
      <orientation>-4.731423652316717</orientation>
      <time>7</time>
    </ksState>
    <ksState>
      <x>-310.1533917930863</x>
      <y>24.608123655229925</y>
      <steeringAngle>-0.17766666666666667</steeringAngle>
      <velocity>8.0</velocity>
      <orientation>-4.787124628627228</orientation>
      <time>8</time>
    </ksState>
    <ksState>
      <x>-309.9926574367594</x>
      <y>25.395700619628997</y>
      <steeringAngle>-0.17766666666666667</steeringAngle>
      <velocity>8.0</velocity>
      <orientation>-4.84282560493774</orientation>
      <time>9</time>
    </ksState>
    <ksState>
      <x>-309.7883262400886</x>
      <y>26.173107703414843</y>
      <steeringAngle>-0.17766666666666667</steeringAngle>
      <velocity>8.0</velocity>
      <orientation>-4.898526581248252</orientation>
      <time>10</time>
    </ksState>
    <ksState>
      <x>-309.54103199492897</x>
      <y>26.937933499958714</y>
      <steeringAngle>-0.17766666666666667</steeringAngle>
      <velocity>8.0</velocity>
      <orientation>-4.954227557558763</orientation>
      <time>11</time>
    </ksState>
    <ksState>
      <x>-309.2515417527744</x>
      <y>27.68780575685114</y>
      <steeringAngle>-0.17766666666666667</steeringAngle>
      <velocity>8.0</velocity>
      <orientation>-5.009928533869275</orientation>
      <time>12</time>
    </ksState>
    <ksState>
      <x>-308.92075346037683</x>
      <y>28.420398488734854</y>
      <steeringAngle>-0.17766666666666667</steeringAngle>
      <velocity>8.0</velocity>
      <orientation>-5.065629510179787</orientation>
      <time>13</time>
    </ksState>
    <ksState>
      <x>-308.549693155721</x>
      <y>29.133439342027714</y>
      <steeringAngle>-0.17766666666666667</steeringAngle>
      <velocity>8.0</velocity>
      <orientation>-5.121330486490299</orientation>
      <time>14</time>
    </ksState>
    <ksState>
      <x>-308.1395117916605</x>
      <y>29.824716609432567</y>
      <steeringAngle>-0.17766666666666667</steeringAngle>
      <velocity>8.0</velocity>
      <orientation>-5.1770314628008105</orientation>
      <time>15</time>
    </ksState>
    <ksState>
      <x>-307.69148167866524</x>
      <y>30.49208604280327</y>
      <steeringAngle>-0.17766666666666667</steeringAngle>
      <velocity>8.0</velocity>
      <orientation>-5.232732439111322</orientation>
      <time>16</time>
    </ksState>
    <ksState>
      <x>-307.20699248780653</x>
      <y>31.13347767503806</y>
      <steeringAngle>-0.17766666666666667</steeringAngle>
      <velocity>8.0</velocity>
      <orientation>-5.288433415421834</orientation>
      <time>17</time>
    </ksState>
    <ksState>
      <x>-306.6875470220325</x>
      <y>31.746902008825757</y>
      <steeringAngle>-0.17766666666666667</steeringAngle>
      <velocity>8.0</velocity>
      <orientation>-5.344134391732346</orientation>
      <time>18</time>
    </ksState>
    <ksState>
      <x>-306.13475649548997</x>
      <y>32.3304563267094</y>
      <steeringAngle>-0.17766666666666667</steeringAngle>
      <velocity>8.0</velocity>
      <orientation>-5.399835368042858</orientation>
      <time>19</time>
    </ksState>
    <ksState>
      <x>-305.55033555113596</x>
      <y>32.88233056206898</y>
      <steeringAngle>-0.17766666666666667</steeringAngle>
      <velocity>8.0</velocity>
      <orientation>-5.455536344353369</orientation>
      <time>20</time>
    </ksState>
    <ksState>
      <x>-304.97370945051597</x>
      <y>33.38200618885308</y>
      <steeringAngle>-0.1421333333333334</steeringAngle>
      <velocity>7.2</velocity>
      <orientation>-5.503163666099006</orientation>
      <time>21</time>
    </ksState>
    <ksState>
      <x>-304.44958936123487</x>
      <y>33.817802734460294</y>
      <steeringAngle>-0.10660000000000011</steeringAngle>
      <velocity>6.4</velocity>
      <orientation>-5.536223236546975</orientation>
      <time>22</time>
    </ksState>
    <ksState>
      <x>-303.9849507851108</x>
      <y>34.19859099612603</y>
      <steeringAngle>-0.07106666666666674</steeringAngle>
      <velocity>5.600000000000001</velocity>
      <orientation>-5.557040184840862</orientation>
      <time>23</time>
    </ksState>
    <ksState>
      <x>-303.5838680240984</x>
      <y>34.52991839804614</y>
      <steeringAngle>-0.03553333333333339</steeringAngle>
      <velocity>4.800000000000001</velocity>
      <orientation>-5.567890794498526</orientation>
      <time>24</time>
    </ksState>
    <ksState>
      <x>-303.2482070310653</x>
      <y>34.8144412483163</y>
      <steeringAngle>-5.5294310796760726e-17</steeringAngle>
      <velocity>4.0</velocity>
      <orientation>-5.5710145703356915</orientation>
      <time>25</time>
    </ksState>
    <ksState>
      <x>-302.91836499560577</x>
      <y>35.10568314277596</y>
      <steeringAngle>0.035533333333333326</steeringAngle>
      <velocity>4.799999999999999</velocity>
      <orientation>-5.567890791666501</orientation>
      <time>26</time>
    </ksState>
    <ksState>
      <x>-302.5376571453392</x>
      <y>35.460207553918806</y>
      <steeringAngle>0.07106666666666667</steeringAngle>
      <velocity>5.599999999999998</velocity>
      <orientation>-5.557040180605328</orientation>
      <time>27</time>
    </ksState>
    <ksState>
      <x>-302.11280713620977</x>
      <y>35.884874317387954</y>
      <steeringAngle>0.10659999999999999</steeringAngle>
      <velocity>6.3999999999999995</velocity>
      <orientation>-5.536223231605</orientation>
      <time>28</time>
    </ksState>
    <ksState>
      <x>-301.6537278274359</x>
      <y>36.38862554009818</y>
      <steeringAngle>0.14213333333333333</steeringAngle>
      <velocity>7.199999999999999</velocity>
      <orientation>-5.5031636606238346</orientation>
      <time>29</time>
    </ksState>
    <ksState>
      <x>-301.1746703258568</x>
      <y>36.98233670261286</y>
      <steeringAngle>0.17766666666666664</steeringAngle>
      <velocity>7.9999999999999964</velocity>
      <orientation>-5.455536338542288</orientation>
      <time>30</time>
    </ksState>
    <ksState>
      <x>-300.70251086506954</x>
      <y>37.632033149539616</y>
      <steeringAngle>0.14213333333333336</steeringAngle>
      <velocity>8.0</velocity>
      <orientation>-5.40550152699354</orientation>
      <time>31</time>
    </ksState>
    <ksState>
      <x>-300.24712686129845</x>
      <y>38.292087479603964</y>
      <steeringAngle>0.1066000000000001</steeringAngle>
      <velocity>8.0</velocity>
      <orientation>-5.366717674986542</orientation>
      <time>32</time>
    </ksState>
    <ksState>
      <x>-299.8011709917157</x>
      <y>38.95743415365551</y>
      <steeringAngle>0.07106666666666674</steeringAngle>
      <velocity>8.0</velocity>
      <orientation>-5.339085195956855</orientation>
      <time>33</time>
    </ksState>
    <ksState>
      <x>-299.3571645806493</x>
      <y>39.623341651630746</y>
      <steeringAngle>0.035533333333333354</steeringAngle>
      <velocity>8.0</velocity>
      <orientation>-5.322533675327826</orientation>
      <time>34</time>
    </ksState>
    <ksState>
      <x>-298.90762907667187</x>
      <y>40.2851491281365</y>
      <steeringAngle>2.0816681711721685e-17</steeringAngle>
      <velocity>8.0</velocity>
      <orientation>-5.317021148869421</orientation>
      <time>35</time>
    </ksState>
    <ksState>
      <x>-298.452861480195</x>
      <y>40.94331812861788</y>
      <steeringAngle>0.0</steeringAngle>
      <velocity>8.0</velocity>
      <orientation>-5.317021148869421</orientation>
      <time>36</time>
    </ksState>
    <ksState>
      <x>-297.9980938837181</x>
      <y>41.60148712909926</y>
      <steeringAngle>0.0</steeringAngle>
      <velocity>8.0</velocity>
      <orientation>-5.317021148869421</orientation>
      <time>37</time>
    </ksState>
    <ksState>
      <x>-297.54332628724126</x>
      <y>42.25965612958064</y>
      <steeringAngle>0.0</steeringAngle>
      <velocity>8.0</velocity>
      <orientation>-5.317021148869421</orientation>
      <time>38</time>
    </ksState>
    <ksState>
      <x>-297.08855869076444</x>
      <y>42.91782513006202</y>
      <steeringAngle>0.0</steeringAngle>
      <velocity>8.0</velocity>
      <orientation>-5.317021148869421</orientation>
      <time>39</time>
    </ksState>
    <ksState>
      <x>-296.6337910942876</x>
      <y>43.5759941305434</y>
      <steeringAngle>0.0</steeringAngle>
      <velocity>8.0</velocity>
      <orientation>-5.317021148869421</orientation>
      <time>40</time>
    </ksState>
    <ksState>
      <x>-296.18669880645393</x>
      <y>44.23943716602623</y>
      <steeringAngle>0.03553333333333333</steeringAngle>
      <velocity>8.0</velocity>
      <orientation>-5.311508613866582</orientation>
      <time>41</time>
    </ksState>
    <ksState>
      <x>-295.75999827784517</x>
      <y>44.91651303542682</y>
      <steeringAngle>0.07106666666666667</steeringAngle>
      <velocity>8.0</velocity>
      <orientation>-5.294957092986313</orientation>
      <time>42</time>
    </ksState>
    <ksState>
      <x>-295.3616466715321</x>
      <y>45.6113240603614</y>
      <steeringAngle>0.10659999999999997</steeringAngle>
      <velocity>8.0</velocity>
      <orientation>-5.267324613695618</orientation>
      <time>43</time>
    </ksState>
    <ksState>
      <x>-295.00023367799366</x>
      <y>46.32704903690979</y>
      <steeringAngle>0.1421333333333333</steeringAngle>
      <velocity>8.0</velocity>
      <orientation>-5.228540761422883</orientation>
      <time>44</time>
    </ksState>
    <ksState>
      <x>-294.68507182567146</x>
      <y>47.06562764726633</y>
      <steeringAngle>0.17766666666666667</steeringAngle>
      <velocity>8.0</velocity>
      <orientation>-5.178505949173728</orientation>
      <time>45</time>
    </ksState>
    <ksState>
      <x>-294.408607209081</x>
      <y>47.8196882186621</y>
      <steeringAngle>0.14213333333333336</steeringAngle>
      <velocity>8.0</velocity>
      <orientation>-5.12847113762498</orientation>
      <time>46</time>
    </ksState>
    <ksState>
      <x>-294.15111131861624</x>
      <y>48.57912365102027</y>
      <steeringAngle>0.1066000000000001</steeringAngle>
      <velocity>8.0</velocity>
      <orientation>-5.089687285617982</orientation>
      <time>47</time>
    </ksState>
    <ksState>
      <x>-293.9041315437848</x>
      <y>49.34107104100921</y>
      <steeringAngle>0.07106666666666674</steeringAngle>
      <velocity>8.0</velocity>
      <orientation>-5.0620548065882955</orientation>
      <time>48</time>
    </ksState>
    <ksState>
      <x>-293.6591802838672</x>
      <y>50.10302469392554</y>
      <steeringAngle>0.035533333333333354</steeringAngle>
      <velocity>8.0</velocity>
      <orientation>-5.045503285959266</orientation>
      <time>49</time>
    </ksState>
    <ksState>
      <x>-293.4077893872075</x>
      <y>50.86254686106206</y>
      <steeringAngle>2.0816681711721685e-17</steeringAngle>
      <velocity>8.0</velocity>
      <orientation>-5.039990759500862</orientation>
      <time>50</time>
    </ksState>
    <ksState>
      <x>-293.1415611542151</x>
      <y>51.616980889409604</y>
      <steeringAngle>-0.03553333333333333</steeringAngle>
      <velocity>8.0</velocity>
      <orientation>-5.045503294503701</orientation>
      <time>51</time>
    </ksState>
    <ksState>
      <x>-292.85223205078984</x>
      <y>52.36316702165187</y>
      <steeringAngle>-0.07106666666666667</steeringAngle>
      <velocity>8.0</velocity>
      <orientation>-5.06205481538397</orientation>
      <time>52</time>
    </ksState>
    <ksState>
      <x>-292.5317653024339</x>
      <y>53.097161180907285</y>
      <steeringAngle>-0.10659999999999997</steeringAngle>
      <velocity>8.0</velocity>
      <orientation>-5.089687294674665</orientation>
      <time>53</time>
    </ksState>
    <ksState>
      <x>-292.17248866996175</x>
      <y>53.81396094047273</y>
      <steeringAngle>-0.1421333333333333</steeringAngle>
      <velocity>8.0</velocity>
      <orientation>-5.1284711469474</orientation>
      <time>54</time>
    </ksState>
    <ksState>
      <x>-291.76729402340186</x>
      <y>54.50724490482972</y>
      <steeringAngle>-0.17766666666666667</steeringAngle>
      <velocity>8.0</velocity>
      <orientation>-5.1785059591965545</orientation>
      <time>55</time>
    </ksState>
    <ksState>
      <x>-291.3266029157592</x>
      <y>55.17868468411375</y>
      <steeringAngle>-0.14213333333333336</steeringAngle>
      <velocity>8.0</velocity>
      <orientation>-5.228540770745303</orientation>
      <time>56</time>
    </ksState>
    <ksState>
      <x>-290.8702898928069</x>
      <y>55.83809710029302</y>
      <steeringAngle>-0.1066000000000001</steeringAngle>
      <velocity>8.0</velocity>
      <orientation>-5.267324622752301</orientation>
      <time>57</time>
    </ksState>
    <ksState>
      <x>-290.40569184116214</x>
      <y>56.490562796475324</y>
      <steeringAngle>-0.07106666666666674</steeringAngle>
      <velocity>8.0</velocity>
      <orientation>-5.294957101781987</orientation>
      <time>58</time>
    </ksState>
    <ksState>
      <x>-289.93987968116977</x>
      <y>57.14140342253592</y>
      <steeringAngle>-0.035533333333333354</steeringAngle>
      <velocity>8.0</velocity>
      <orientation>-5.311508622411017</orientation>
      <time>59</time>
    </ksState>
    <ksState>
      <x>-289.4798581832481</x>
      <y>57.79596551030533</y>
      <steeringAngle>-2.0816681711721685e-17</steeringAngle>
      <velocity>8.0</velocity>
      <orientation>-5.317021148869421</orientation>
      <time>60</time>
    </ksState>
    <ksState>
      <x>-289.0250905867712</x>
      <y>58.45413451078671</y>
      <steeringAngle>0.0</steeringAngle>
      <velocity>8.0</velocity>
      <orientation>-5.317021148869421</orientation>
      <time>61</time>
    </ksState>
    <ksState>
      <x>-288.57032299029436</x>
      <y>59.11230351126809</y>
      <steeringAngle>0.0</steeringAngle>
      <velocity>8.0</velocity>
      <orientation>-5.317021148869421</orientation>
      <time>62</time>
    </ksState>
    <ksState>
      <x>-288.1155553938175</x>
      <y>59.77047251174947</y>
      <steeringAngle>0.0</steeringAngle>
      <velocity>8.0</velocity>
      <orientation>-5.317021148869421</orientation>
      <time>63</time>
    </ksState>
    <ksState>
      <x>-287.6607877973407</x>
      <y>60.42864151223085</y>
      <steeringAngle>0.0</steeringAngle>
      <velocity>8.0</velocity>
      <orientation>-5.317021148869421</orientation>
      <time>64</time>
    </ksState>
    <ksState>
      <x>-287.2060202008638</x>
      <y>61.086810512712226</y>
      <steeringAngle>0.0</steeringAngle>
      <velocity>8.0</velocity>
      <orientation>-5.317021148869421</orientation>
      <time>65</time>
    </ksState>
    <ksState>
      <x>-286.74360468883833</x>
      <y>61.73966583313872</y>
      <steeringAngle>-0.03553333333333333</steeringAngle>
      <velocity>8.0</velocity>
      <orientation>-5.32253368387226</orientation>
      <time>66</time>
    </ksState>
    <ksState>
      <x>-286.261224902905</x>
      <y>62.37826963532159</y>
      <steeringAngle>-0.07106666666666667</steeringAngle>
      <velocity>8.0</velocity>
      <orientation>-5.3390852047525295</orientation>
      <time>67</time>
    </ksState>
    <ksState>
      <x>-285.7522292026589</x>
      <y>62.996630161029586</y>
      <steeringAngle>-0.10659999999999997</steeringAngle>
      <velocity>8.0</velocity>
      <orientation>-5.366717684043224</orientation>
      <time>68</time>
    </ksState>
    <ksState>
      <x>-285.21060604313465</x>
      <y>63.58783735569202</y>
      <steeringAngle>-0.1421333333333333</steeringAngle>
      <velocity>8.0</velocity>
      <orientation>-5.40550153631596</orientation>
      <time>69</time>
    </ksState>
    <ksState>
      <x>-284.63124721874647</x>
      <y>64.14386676987698</y>
      <steeringAngle>-0.17766666666666667</steeringAngle>
      <velocity>8.0</velocity>
      <orientation>-5.455536348565114</orientation>
      <time>70</time>
    </ksState>
    <ksState>
      <x>-284.0237197419888</x>
      <y>64.66917657803282</y>
      <steeringAngle>-0.14213333333333336</steeringAngle>
      <velocity>8.0</velocity>
      <orientation>-5.505571160113862</orientation>
      <time>71</time>
    </ksState>
    <ksState>
      <x>-283.40445547387475</x>
      <y>65.17864500273096</y>
      <steeringAngle>-0.1066000000000001</steeringAngle>
      <velocity>8.0</velocity>
      <orientation>-5.54435501212086</orientation>
      <time>72</time>
    </ksState>
    <ksState>
      <x>-282.7791220009445</x>
      <y>65.67916561361506</y>
      <steeringAngle>-0.07106666666666674</steeringAngle>
      <velocity>8.0</velocity>
      <orientation>-5.571987491150547</orientation>
      <time>73</time>
    </ksState>
    <ksState>
      <x>-282.1530651687979</x>
      <y>66.17779105605693</y>
      <steeringAngle>-0.035533333333333354</steeringAngle>
      <velocity>8.0</velocity>
      <orientation>-5.588539011779576</orientation>
      <time>74</time>
    </ksState>
    <ksState>
      <x>-281.53156039005506</x>
      <y>66.68157981664498</y>
      <steeringAngle>-2.0816681711721685e-17</steeringAngle>
      <velocity>8.0</velocity>
      <orientation>-5.594051538237981</orientation>
      <time>75</time>
    </ksState>
    <ksState>
      <x>-280.92006291136664</x>
      <y>67.1974470560862</y>
      <steeringAngle>0.03553333333333333</steeringAngle>
      <velocity>8.0</velocity>
      <orientation>-5.588539003235142</orientation>
      <time>76</time>
    </ksState>
    <ksState>
      <x>-280.3244511056844</x>
      <y>67.73200449076602</y>
      <steeringAngle>0.07106666666666667</steeringAngle>
      <velocity>8.0</velocity>
      <orientation>-5.5719874823548725</orientation>
      <time>77</time>
    </ksState>
    <ksState>
      <x>-279.7512567574111</x>
      <y>68.29137431631122</y>
      <steeringAngle>0.10659999999999997</steeringAngle>
      <velocity>8.0</velocity>
      <orientation>-5.544355003064178</orientation>
      <time>78</time>
    </ksState>
    <ksState>
      <x>-279.2078726459413</x>
      <y>68.88096341166133</y>
      <steeringAngle>0.1421333333333333</steeringAngle>
      <velocity>8.0</velocity>
      <orientation>-5.505571150791442</orientation>
      <time>79</time>
    </ksState>
    <ksState>
      <x>-278.70272572640556</x>
      <y>69.50518448349324</y>
      <steeringAngle>0.17766666666666667</steeringAngle>
      <velocity>8.0</velocity>
      <orientation>-5.455536338542288</orientation>
      <time>80</time>
    </ksState>
    <ksState>
      <x>-278.2305662656183</x>
      <y>70.15488093041999</y>
      <steeringAngle>0.14213333333333336</steeringAngle>
      <velocity>8.0</velocity>
      <orientation>-5.40550152699354</orientation>
      <time>81</time>
    </ksState>
    <ksState>
      <x>-277.7751822618472</x>
      <y>70.81493526048433</y>
      <steeringAngle>0.1066000000000001</steeringAngle>
      <velocity>8.0</velocity>
      <orientation>-5.366717674986542</orientation>
      <time>82</time>
    </ksState>
    <ksState>
      <x>-277.32922639226445</x>
      <y>71.4802819345359</y>
      <steeringAngle>0.07106666666666674</steeringAngle>
      <velocity>8.0</velocity>
      <orientation>-5.339085195956855</orientation>
      <time>83</time>
    </ksState>
    <ksState>
      <x>-276.885219981198</x>
      <y>72.14618943251112</y>
      <steeringAngle>0.035533333333333354</steeringAngle>
      <velocity>8.0</velocity>
      <orientation>-5.322533675327826</orientation>
      <time>84</time>
    </ksState>
    <ksState>
      <x>-276.4356844772206</x>
      <y>72.8079969090169</y>
      <steeringAngle>2.0816681711721685e-17</steeringAngle>
      <velocity>8.0</velocity>
      <orientation>-5.317021148869421</orientation>
      <time>85</time>
    </ksState>
    <ksState>
      <x>-275.97326896519513</x>
      <y>73.46085222944338</y>
      <steeringAngle>-0.03553333333333333</steeringAngle>
      <velocity>8.0</velocity>
      <orientation>-5.32253368387226</orientation>
      <time>86</time>
    </ksState>
    <ksState>
      <x>-275.4908891792618</x>
      <y>74.09945603162625</y>
      <steeringAngle>-0.07106666666666667</steeringAngle>
      <velocity>8.0</velocity>
      <orientation>-5.3390852047525295</orientation>
      <time>87</time>
    </ksState>
    <ksState>
      <x>-274.9818934790157</x>
      <y>74.71781655733423</y>
      <steeringAngle>-0.10659999999999997</steeringAngle>
      <velocity>8.0</velocity>
      <orientation>-5.366717684043224</orientation>
      <time>88</time>
    </ksState>
    <ksState>
      <x>-274.44027031949145</x>
      <y>75.30902375199668</y>
      <steeringAngle>-0.1421333333333333</steeringAngle>
      <velocity>8.0</velocity>
      <orientation>-5.40550153631596</orientation>
      <time>89</time>
    </ksState>
    <ksState>
      <x>-273.86091149510327</x>
      <y>75.86505316618164</y>
      <steeringAngle>-0.17766666666666667</steeringAngle>
      <velocity>8.0</velocity>
      <orientation>-5.455536348565114</orientation>
      <time>90</time>
    </ksState>
    <ksState>
      <x>-273.2533840183456</x>
      <y>76.39036297433748</y>
      <steeringAngle>-0.14213333333333336</steeringAngle>
      <velocity>8.0</velocity>
      <orientation>-5.505571160113862</orientation>
      <time>91</time>
    </ksState>
    <ksState>
      <x>-272.63411975023155</x>
      <y>76.89983139903562</y>
      <steeringAngle>-0.1066000000000001</steeringAngle>
      <velocity>8.0</velocity>
      <orientation>-5.54435501212086</orientation>
      <time>92</time>
    </ksState>
    <ksState>
      <x>-272.0087862773013</x>
      <y>77.40035200991971</y>
      <steeringAngle>-0.07106666666666674</steeringAngle>
      <velocity>8.0</velocity>
      <orientation>-5.571987491150547</orientation>
      <time>93</time>
    </ksState>
    <ksState>
      <x>-271.3827294451547</x>
      <y>77.89897745236159</y>
      <steeringAngle>-0.035533333333333354</steeringAngle>
      <velocity>8.0</velocity>
      <orientation>-5.588539011779576</orientation>
      <time>94</time>
    </ksState>
    <ksState>
      <x>-270.76122466641186</x>
      <y>78.40276621294964</y>
      <steeringAngle>-2.0816681711721685e-17</steeringAngle>
      <velocity>8.0</velocity>
      <orientation>-5.594051538237981</orientation>
      <time>95</time>
    </ksState>
    <ksState>
      <x>-270.14972718772344</x>
      <y>78.91863345239086</y>
      <steeringAngle>0.03553333333333333</steeringAngle>
      <velocity>8.0</velocity>
      <orientation>-5.588539003235142</orientation>
      <time>96</time>
    </ksState>
    <ksState>
      <x>-269.5541153820412</x>
      <y>79.45319088707068</y>
      <steeringAngle>0.07106666666666667</steeringAngle>
      <velocity>8.0</velocity>
      <orientation>-5.5719874823548725</orientation>
      <time>97</time>
    </ksState>
    <ksState>
      <x>-268.9809210337679</x>
      <y>80.01256071261588</y>
      <steeringAngle>0.10659999999999997</steeringAngle>
      <velocity>8.0</velocity>
      <orientation>-5.544355003064178</orientation>
      <time>98</time>
    </ksState>
    <ksState>
      <x>-268.4375369222981</x>
      <y>80.60214980796599</y>
      <steeringAngle>0.1421333333333333</steeringAngle>
      <velocity>8.0</velocity>
      <orientation>-5.505571150791442</orientation>
      <time>99</time>
    </ksState>
  </ksTrajectory>
</CommonRoadSolution>
