<?xml version="1.0" ?>
<CommonRoadSolution benchmark_id="KS2:SM1:ESP_SantBoideLlobregat-19_1_T-1:2020a" computation_time="0.942494588000045" date="2022-12-18T12:01:12">
  <ksTrajectory planningProblem="1">
    <ksState>
      <x>-285.40866</x>
      <y>-406.31533</y>
      <steeringAngle>0.0</steeringAngle>
      <velocity>4.0</velocity>
      <orientation>0.838905</orientation>
      <time>0</time>
    </ksState>
    <ksState>
      <x>-285.1109704780096</x>
      <y>-405.99129519023154</y>
      <steeringAngle>-0.035533333333333326</steeringAngle>
      <velocity>4.799999999999999</velocity>
      <orientation>0.8357812213308092</orientation>
      <time>1</time>
    </ksState>
    <ksState>
      <x>-284.749007705416</x>
      <y>-405.61765234391027</y>
      <steeringAngle>-0.07106666666666667</steeringAngle>
      <velocity>5.599999999999998</velocity>
      <orientation>0.8249306102696364</orientation>
      <time>2</time>
    </ksState>
    <ksState>
      <x>-284.31604576630104</x>
      <y>-405.20125908083975</y>
      <steeringAngle>-0.10659999999999999</steeringAngle>
      <velocity>6.3999999999999995</velocity>
      <orientation>0.8041136612693084</orientation>
      <time>3</time>
    </ksState>
    <ksState>
      <x>-283.8033397672551</x>
      <y>-404.75220266493113</y>
      <steeringAngle>-0.14213333333333333</steeringAngle>
      <velocity>7.199999999999999</velocity>
      <orientation>0.7710540902881433</orientation>
      <time>4</time>
    </ksState>
    <ksState>
      <x>-283.20029736441114</x>
      <y>-404.28494588896547</y>
      <steeringAngle>-0.17766666666666664</steeringAngle>
      <velocity>7.9999999999999964</velocity>
      <orientation>0.7234267682065967</orientation>
      <time>5</time>
    </ksState>
    <ksState>
      <x>-282.5692847463045</x>
      <y>-403.85488226546687</y>
      <steeringAngle>-0.17766666666666667</steeringAngle>
      <velocity>7.2</velocity>
      <orientation>0.6705108407622193</orientation>
      <time>6</time>
    </ksState>
    <ksState>
      <x>-281.9861082571971</x>
      <y>-403.4988551744705</y>
      <steeringAngle>-0.17766666666666667</steeringAngle>
      <velocity>6.4</velocity>
      <orientation>0.6231650109694081</orientation>
      <time>7</time>
    </ksState>
    <ksState>
      <x>-281.4580468793796</x>
      <y>-403.20794138367285</y>
      <steeringAngle>-0.17766666666666667</steeringAngle>
      <velocity>5.599999999999999</velocity>
      <orientation>0.5813892788142234</orientation>
      <time>8</time>
    </ksState>
    <ksState>
      <x>-280.99090500248064</x>
      <y>-402.9738432009326</y>
      <steeringAngle>-0.17766666666666667</steeringAngle>
      <velocity>4.799999999999999</velocity>
      <orientation>0.5451836442927089</orientation>
      <time>9</time>
    </ksState>
    <ksState>
      <x>-280.5892267806546</x>
      <y>-402.78907569673754</y>
      <steeringAngle>-0.17766666666666667</steeringAngle>
      <velocity>4.0</velocity>
      <orientation>0.5145481074033789</orientation>
      <time>10</time>
    </ksState>
    <ksState>
      <x>-280.2582786961472</x>
      <y>-402.6437748584822</y>
      <steeringAngle>-0.1421333333333333</steeringAngle>
      <velocity>3.1999999999999993</velocity>
      <orientation>0.4919381924299365</orientation>
      <time>11</time>
    </ksState>
    <ksState>
      <x>-280.0014755800081</x>
      <y>-402.5304938568583</y>
      <steeringAngle>-0.10659999999999997</steeringAngle>
      <velocity>2.3999999999999977</velocity>
      <orientation>0.4782705515592292</orientation>
      <time>12</time>
    </ksState>
    <ksState>
      <x>-279.819022335314</x>
      <y>-402.44796649656774</y>
      <steeringAngle>-0.07106666666666664</steeringAngle>
      <velocity>1.5999999999999976</velocity>
      <orientation>0.47126984570601005</orientation>
      <time>13</time>
    </ksState>
    <ksState>
      <x>-279.71036688446975</x>
      <y>-402.3969025857065</y>
      <steeringAngle>-0.0355333333333333</steeringAngle>
      <velocity>0.7999999999999972</velocity>
      <orientation>0.4686950012320428</orientation>
      <time>14</time>
    </ksState>
    <ksState>
      <x>-279.674440458586</x>
      <y>-402.37930807680266</y>
      <steeringAngle>2.5153490401663703e-17</steeringAngle>
      <velocity>-2.914335439641036e-15</velocity>
      <orientation>0.4683274896535116</orientation>
      <time>15</time>
    </ksState>
    <ksState>
      <x>-279.6389862538379</x>
      <y>-402.3607804948696</y>
      <steeringAngle>0.03553333333333333</steeringAngle>
      <velocity>0.8</velocity>
      <orientation>0.46869502143175357</orientation>
      <time>16</time>
    </ksState>
    <ksState>
      <x>-279.53364878697124</x>
      <y>-402.303184392462</y>
      <steeringAngle>0.0710666666666667</steeringAngle>
      <velocity>1.6</velocity>
      <orientation>0.4712698680237392</orientation>
      <time>17</time>
    </ksState>
    <ksState>
      <x>-279.3603016643296</x>
      <y>-402.2029402036063</y>
      <steeringAngle>0.10660000000000003</steeringAngle>
      <velocity>2.4000000000000004</velocity>
      <orientation>0.47827057226057645</orientation>
      <time>18</time>
    </ksState>
    <ksState>
      <x>-279.12163302555314</x>
      <y>-402.0552560024347</y>
      <steeringAngle>0.14213333333333342</steeringAngle>
      <velocity>3.2000000000000015</velocity>
      <orientation>0.49193821320139663</orientation>
      <time>19</time>
    </ksState>
    <ksState>
      <x>-278.8217110842212</x>
      <y>-401.85359738313116</y>
      <steeringAngle>0.17766666666666683</steeringAngle>
      <velocity>4.0000000000000036</velocity>
      <orientation>0.5145481290746168</orientation>
      <time>20</time>
    </ksState>
    <ksState>
      <x>-278.49400083800185</x>
      <y>-401.62148139558144</y>
      <steeringAngle>0.1421333333333333</steeringAngle>
      <velocity>4.0</velocity>
      <orientation>0.5395655354191401</orientation>
      <time>21</time>
    </ksState>
    <ksState>
      <x>-278.1673424530883</x>
      <y>-401.3889717971806</y>
      <steeringAngle>0.10659999999999999</steeringAngle>
      <velocity>4.0</velocity>
      <orientation>0.5589574617098907</orientation>
      <time>22</time>
    </ksState>
    <ksState>
      <x>-277.84033326225955</x>
      <y>-401.15776606609177</y>
      <steeringAngle>0.07106666666666664</steeringAngle>
      <velocity>4.0</velocity>
      <orientation>0.5727737014448436</orientation>
      <time>23</time>
    </ksState>
    <ksState>
      <x>-277.51159628171536</x>
      <y>-400.92956869356794</y>
      <steeringAngle>0.03553333333333332</steeringAngle>
      <velocity>4.0</velocity>
      <orientation>0.5810494619071089</orientation>
      <time>24</time>
    </ksState>
    <ksState>
      <x>-277.1798025598766</x>
      <y>-400.7061192982546</y>
      <steeringAngle>-2.2985086056692694e-17</steeringAngle>
      <velocity>4.0</velocity>
      <orientation>0.5838057252019493</orientation>
      <time>25</time>
    </ksState>
    <ksState>
      <x>-276.812679332669</x>
      <y>-400.4635898424167</y>
      <steeringAngle>0.0</steeringAngle>
      <velocity>4.8</velocity>
      <orientation>0.5838057252019493</orientation>
      <time>26</time>
    </ksState>
    <ksState>
      <x>-276.37880642790543</x>
      <y>-400.17696412195903</y>
      <steeringAngle>0.0</steeringAngle>
      <velocity>5.6</velocity>
      <orientation>0.5838057252019493</orientation>
      <time>27</time>
    </ksState>
    <ksState>
      <x>-275.8781838455993</x>
      <y>-399.8462421368905</y>
      <steeringAngle>0.0</steeringAngle>
      <velocity>6.4</velocity>
      <orientation>0.5838057252019493</orientation>
      <time>28</time>
    </ksState>
    <ksState>
      <x>-275.3108115857584</x>
      <y>-399.4714238872162</y>
      <steeringAngle>0.0</steeringAngle>
      <velocity>7.199999999999999</velocity>
      <orientation>0.5838057252019493</orientation>
      <time>29</time>
    </ksState>
    <ksState>
      <x>-274.6766896483876</x>
      <y>-399.05250937293937</y>
      <steeringAngle>0.0</steeringAngle>
      <velocity>7.999999999999998</velocity>
      <orientation>0.5838057252019493</orientation>
      <time>30</time>
    </ksState>
    <ksState>
      <x>-274.0425677125711</x>
      <y>-398.63359485968937</y>
      <steeringAngle>0.0</steeringAngle>
      <velocity>7.200000000000001</velocity>
      <orientation>0.5838057252019493</orientation>
      <time>31</time>
    </ksState>
    <ksState>
      <x>-273.4751954545184</x>
      <y>-398.25877661119637</y>
      <steeringAngle>0.0</steeringAngle>
      <velocity>6.400000000000001</velocity>
      <orientation>0.5838057252019493</orientation>
      <time>32</time>
    </ksState>
    <ksState>
      <x>-272.97457287406246</x>
      <y>-397.9280546273501</y>
      <steeringAngle>0.0</steeringAngle>
      <velocity>5.600000000000001</velocity>
      <orientation>0.5838057252019493</orientation>
      <time>33</time>
    </ksState>
  </ksTrajectory>
</CommonRoadSolution>
