<?xml version="1.0" ?>
<CommonRoadSolution benchmark_id="KS2:SM1:FRA_MoissyCramayel-1_1_T-1:2020a" computation_time="1.6539028890001646" date="2022-12-18T12:01:12">
  <ksTrajectory planningProblem="1">
    <ksState>
      <x>-273.48767</x>
      <y>-648.75505</y>
      <steeringAngle>0.0</steeringAngle>
      <velocity>16.0</velocity>
      <orientation>-1.459762</orientation>
      <time>0</time>
    </ksState>
    <ksState>
      <x>-273.3148121449605</x>
      <y>-650.3054435503304</y>
      <steeringAngle>0.0</steeringAngle>
      <velocity>15.2</velocity>
      <orientation>-1.459762</orientation>
      <time>1</time>
    </ksState>
    <ksState>
      <x>-273.1508187953702</x>
      <y>-651.7763297385453</y>
      <steeringAngle>0.0</steeringAngle>
      <velocity>14.400000000000002</velocity>
      <orientation>-1.459762</orientation>
      <time>2</time>
    </ksState>
    <ksState>
      <x>-272.9956899511879</x>
      <y>-653.1677085650125</y>
      <steeringAngle>0.0</steeringAngle>
      <velocity>13.600000000000001</velocity>
      <orientation>-1.459762</orientation>
      <time>3</time>
    </ksState>
    <ksState>
      <x>-272.84942561240126</x>
      <y>-654.4795800298433</y>
      <steeringAngle>0.0</steeringAngle>
      <velocity>12.800000000000004</velocity>
      <orientation>-1.459762</orientation>
      <time>4</time>
    </ksState>
    <ksState>
      <x>-272.7120257790064</x>
      <y>-655.711944133073</y>
      <steeringAngle>0.0</steeringAngle>
      <velocity>12.000000000000002</velocity>
      <orientation>-1.459762</orientation>
      <time>5</time>
    </ksState>
    <ksState>
      <x>-272.56930544611583</x>
      <y>-656.8631674286573</y>
      <steeringAngle>0.03553333333333333</steeringAngle>
      <velocity>11.200000000000001</velocity>
      <orientation>-1.451860726227656</orientation>
      <time>6</time>
    </ksState>
    <ksState>
      <x>-272.3991779300942</x>
      <y>-657.9300907852327</y>
      <steeringAngle>0.07106666666666667</steeringAngle>
      <velocity>10.400000000000007</velocity>
      <orientation>-1.429608295429166</orientation>
      <time>7</time>
    </ksState>
    <ksState>
      <x>-272.19418426148013</x>
      <y>-658.9099718424416</y>
      <steeringAngle>0.10660000000000001</steeringAngle>
      <velocity>9.60000000000001</velocity>
      <orientation>-1.3951602845444944</orientation>
      <time>8</time>
    </ksState>
    <ksState>
      <x>-271.95221219370217</x>
      <y>-659.7996874497768</y>
      <steeringAngle>0.14213333333333344</steeringAngle>
      <velocity>8.800000000000008</velocity>
      <orientation>-1.3506521524236494</orientation>
      <time>9</time>
    </ksState>
    <ksState>
      <x>-271.67583234367856</x>
      <y>-660.5962387489171</y>
      <steeringAngle>0.17766666666666675</steeringAngle>
      <velocity>8.000000000000009</velocity>
      <orientation>-1.298209854608668</orientation>
      <time>10</time>
    </ksState>
    <ksState>
      <x>-271.3800222565139</x>
      <y>-661.3002472977277</y>
      <steeringAngle>0.17766666666666667</steeringAngle>
      <velocity>7.2</velocity>
      <orientation>-1.2452939271642907</orientation>
      <time>11</time>
    </ksState>
    <ksState>
      <x>-271.08411135846063</x>
      <y>-661.9161099832219</y>
      <steeringAngle>0.17766666666666667</steeringAngle>
      <velocity>6.4</velocity>
      <orientation>-1.1979480973714796</orientation>
      <time>12</time>
    </ksState>
    <ksState>
      <x>-270.799060113691</x>
      <y>-662.4473589270082</y>
      <steeringAngle>0.17766666666666667</steeringAngle>
      <velocity>5.599999999999999</velocity>
      <orientation>-1.1561723652162947</orientation>
      <time>13</time>
    </ksState>
    <ksState>
      <x>-270.5342512690183</x>
      <y>-662.8978028947756</y>
      <steeringAngle>0.17766666666666667</steeringAngle>
      <velocity>4.799999999999999</velocity>
      <orientation>-1.1199667306947803</orientation>
      <time>14</time>
    </ksState>
    <ksState>
      <x>-270.2975679820723</x>
      <y>-663.2712536226853</y>
      <steeringAngle>0.17766666666666667</steeringAngle>
      <velocity>4.0</velocity>
      <orientation>-1.0893311938054502</orientation>
      <time>15</time>
    </ksState>
    <ksState>
      <x>-270.07256523554037</x>
      <y>-663.604320162753</y>
      <steeringAngle>0.17766666666666667</steeringAngle>
      <velocity>4.0</velocity>
      <orientation>-1.0614807056501943</orientation>
      <time>16</time>
    </ksState>
    <ksState>
      <x>-269.8383748636519</x>
      <y>-663.9309919461512</y>
      <steeringAngle>0.17766666666666667</steeringAngle>
      <velocity>4.0</velocity>
      <orientation>-1.0336302174949383</orientation>
      <time>17</time>
    </ksState>
    <ksState>
      <x>-269.5951785177725</x>
      <y>-664.2510155747927</y>
      <steeringAngle>0.17766666666666667</steeringAngle>
      <velocity>4.0</velocity>
      <orientation>-1.0057797293396824</orientation>
      <time>18</time>
    </ksState>
    <ksState>
      <x>-269.3431648212523</x>
      <y>-664.5641428383971</y>
      <steeringAngle>0.17766666666666667</steeringAngle>
      <velocity>4.0</velocity>
      <orientation>-0.9779292411844267</orientation>
      <time>19</time>
    </ksState>
    <ksState>
      <x>-269.08252923499145</x>
      <y>-664.8701308749053</y>
      <steeringAngle>0.17766666666666667</steeringAngle>
      <velocity>4.0</velocity>
      <orientation>-0.9500787530291708</orientation>
      <time>20</time>
    </ksState>
    <ksState>
      <x>-268.83770793520796</x>
      <y>-665.1369220591245</y>
      <steeringAngle>0.21319999999999997</steeringAngle>
      <velocity>3.2</velocity>
      <orientation>-0.9225372074657361</orientation>
      <time>21</time>
    </ksState>
    <ksState>
      <x>-268.63732974812103</x>
      <y>-665.335787042474</y>
      <steeringAngle>0.24873333333333342</steeringAngle>
      <velocity>2.4000000000000004</velocity>
      <orientation>-0.8970989770790867</orientation>
      <time>22</time>
    </ksState>
    <ksState>
      <x>-268.4877200105807</x>
      <y>-665.4718439997632</y>
      <steeringAngle>0.2842666666666668</steeringAngle>
      <velocity>1.600000000000001</velocity>
      <orientation>-0.876024077288507</orientation>
      <time>23</time>
    </ksState>
    <ksState>
      <x>-268.39460576177225</x>
      <y>-665.5502556446295</y>
      <steeringAngle>0.3197999999999999</steeringAngle>
      <velocity>0.8000000000000007</velocity>
      <orientation>-0.8616256499878026</orientation>
      <time>24</time>
    </ksState>
    <ksState>
      <x>-268.3627237175648</x>
      <y>-665.5755787779095</y>
      <steeringAngle>0.3553333333333332</steeringAngle>
      <velocity>5.551115123125783e-16</velocity>
      <orientation>-0.8562840083520732</orientation>
      <time>25</time>
    </ksState>
    <ksState>
      <x>-268.3627237175648</x>
      <y>-665.5755787779095</y>
      <steeringAngle>0.3198</steeringAngle>
      <velocity>0.0</velocity>
      <orientation>-0.8562840083520732</orientation>
      <time>26</time>
    </ksState>
    <ksState>
      <x>-268.3627237175648</x>
      <y>-665.5755787779095</y>
      <steeringAngle>0.2842666666666666</steeringAngle>
      <velocity>0.0</velocity>
      <orientation>-0.8562840083520732</orientation>
      <time>27</time>
    </ksState>
    <ksState>
      <x>-268.3627237175648</x>
      <y>-665.5755787779095</y>
      <steeringAngle>0.24873333333333333</steeringAngle>
      <velocity>0.0</velocity>
      <orientation>-0.8562840083520732</orientation>
      <time>28</time>
    </ksState>
    <ksState>
      <x>-268.3627237175648</x>
      <y>-665.5755787779095</y>
      <steeringAngle>0.21320000000000003</steeringAngle>
      <velocity>0.0</velocity>
      <orientation>-0.8562840083520732</orientation>
      <time>29</time>
    </ksState>
    <ksState>
      <x>-268.3627237175648</x>
      <y>-665.5755787779095</y>
      <steeringAngle>0.1776666666666667</steeringAngle>
      <velocity>0.0</velocity>
      <orientation>-0.8562840083520732</orientation>
      <time>30</time>
    </ksState>
    <ksState>
      <x>-268.3627237175648</x>
      <y>-665.5755787779095</y>
      <steeringAngle>0.14213333333333336</steeringAngle>
      <velocity>0.0</velocity>
      <orientation>-0.8562840083520732</orientation>
      <time>31</time>
    </ksState>
    <ksState>
      <x>-268.3627237175648</x>
      <y>-665.5755787779095</y>
      <steeringAngle>0.10660000000000001</steeringAngle>
      <velocity>0.0</velocity>
      <orientation>-0.8562840083520732</orientation>
      <time>32</time>
    </ksState>
    <ksState>
      <x>-268.3627237175648</x>
      <y>-665.5755787779095</y>
      <steeringAngle>0.07106666666666668</steeringAngle>
      <velocity>0.0</velocity>
      <orientation>-0.8562840083520732</orientation>
      <time>33</time>
    </ksState>
  </ksTrajectory>
</CommonRoadSolution>
