<?xml version="1.0" ?>
<CommonRoadSolution benchmark_id="KS2:SM1:ESP_Cambre-2_1_T-1:2020a" computation_time="1.1791894230000253" date="2022-12-18T12:01:12">
  <ksTrajectory planningProblem="1">
    <ksState>
      <x>-417.80088</x>
      <y>-884.05324</y>
      <steeringAngle>0.0</steeringAngle>
      <velocity>8.0</velocity>
      <orientation>0.046537792</orientation>
      <time>0</time>
    </ksState>
    <ksState>
      <x>-417.00047081286203</x>
      <y>-884.0253150341393</y>
      <steeringAngle>-0.03553333333333333</steeringAngle>
      <velocity>8.0</velocity>
      <orientation>0.041025256997161225</orientation>
      <time>1</time>
    </ksState>
    <ksState>
      <x>-416.19929616745793</x>
      <y>-884.0219168038582</y>
      <steeringAngle>-0.07106666666666667</steeringAngle>
      <velocity>8.0</velocity>
      <orientation>0.024473736116891583</orientation>
      <time>2</time>
    </ksState>
    <ksState>
      <x>-415.3980903324771</x>
      <y>-884.0519771452704</y>
      <steeringAngle>-0.10659999999999997</steeringAngle>
      <velocity>8.0</velocity>
      <orientation>-0.0031587431738033175</orientation>
      <time>3</time>
    </ksState>
    <ksState>
      <x>-414.598706576796</x>
      <y>-884.1244754030231</y>
      <steeringAngle>-0.1421333333333333</steeringAngle>
      <velocity>8.0</velocity>
      <orientation>-0.04194259544653824</orientation>
      <time>4</time>
    </ksState>
    <ksState>
      <x>-413.8044330247605</x>
      <y>-884.2483478819718</y>
      <steeringAngle>-0.17766666666666667</steeringAngle>
      <velocity>8.0</velocity>
      <orientation>-0.09197740769569293</orientation>
      <time>5</time>
    </ksState>
    <ksState>
      <x>-413.05873954782663</x>
      <y>-884.4128862754392</y>
      <steeringAngle>-0.17766666666666667</steeringAngle>
      <velocity>7.2</velocity>
      <orientation>-0.1448933351400703</orientation>
      <time>6</time>
    </ksState>
    <ksState>
      <x>-412.3997400864679</x>
      <y>-884.5933573725705</y>
      <steeringAngle>-0.17766666666666667</steeringAngle>
      <velocity>6.4</velocity>
      <orientation>-0.19223916493288148</orientation>
      <time>7</time>
    </ksState>
    <ksState>
      <x>-411.82592878554385</x>
      <y>-884.778344516315</y>
      <steeringAngle>-0.17766666666666667</steeringAngle>
      <velocity>5.599999999999999</velocity>
      <orientation>-0.23401489708806625</orientation>
      <time>8</time>
    </ksState>
    <ksState>
      <x>-411.33524424217615</x>
      <y>-884.9579334113362</y>
      <steeringAngle>-0.17766666666666667</steeringAngle>
      <velocity>4.799999999999999</velocity>
      <orientation>-0.2702205316095807</orientation>
      <time>9</time>
    </ksState>
    <ksState>
      <x>-410.9253527619782</x>
      <y>-885.1236844262864</y>
      <steeringAngle>-0.17766666666666667</steeringAngle>
      <velocity>4.0</velocity>
      <orientation>-0.3008560684989108</orientation>
      <time>10</time>
    </ksState>
    <ksState>
      <x>-410.5938892167353</x>
      <y>-885.2685870679351</y>
      <steeringAngle>-0.17766666666666667</steeringAngle>
      <velocity>3.2000000000000006</velocity>
      <orientation>-0.3259215077670884</orientation>
      <time>11</time>
    </ksState>
    <ksState>
      <x>-410.33865642302294</x>
      <y>-885.387005896181</y>
      <steeringAngle>-0.17766666666666667</steeringAngle>
      <velocity>2.4000000000000012</velocity>
      <orientation>-0.34541684939711814</orientation>
      <time>12</time>
    </ksState>
    <ksState>
      <x>-410.1577847078538</x>
      <y>-885.4746259424548</y>
      <steeringAngle>-0.17766666666666667</steeringAngle>
      <velocity>1.6000000000000005</velocity>
      <orientation>-0.3593420933960991</orientation>
      <time>13</time>
    </ksState>
    <ksState>
      <x>-410.0498535084897</x>
      <y>-885.5284039369407</y>
      <steeringAngle>-0.17766666666666667</steeringAngle>
      <velocity>0.8000000000000004</velocity>
      <orientation>-0.3676972397668532</orientation>
      <time>14</time>
    </ksState>
    <ksState>
      <x>-410.0139767607855</x>
      <y>-885.5465301083829</y>
      <steeringAngle>-0.17766666666666667</steeringAngle>
      <velocity>2.7755575615628914e-16</velocity>
      <orientation>-0.3704822885130686</orientation>
      <time>15</time>
    </ksState>
    <ksState>
      <x>-410.0139767607855</x>
      <y>-885.5465301083829</y>
      <steeringAngle>-0.14213333333333336</steeringAngle>
      <velocity>0.0</velocity>
      <orientation>-0.3704822885130686</orientation>
      <time>16</time>
    </ksState>
    <ksState>
      <x>-410.0139767607855</x>
      <y>-885.5465301083829</y>
      <steeringAngle>-0.10660000000000001</steeringAngle>
      <velocity>0.0</velocity>
      <orientation>-0.3704822885130686</orientation>
      <time>17</time>
    </ksState>
    <ksState>
      <x>-410.0139767607855</x>
      <y>-885.5465301083829</y>
      <steeringAngle>-0.07106666666666668</steeringAngle>
      <velocity>0.0</velocity>
      <orientation>-0.3704822885130686</orientation>
      <time>18</time>
    </ksState>
    <ksState>
      <x>-410.0139767607855</x>
      <y>-885.5465301083829</y>
      <steeringAngle>-0.03553333333333333</steeringAngle>
      <velocity>0.0</velocity>
      <orientation>-0.3704822885130686</orientation>
      <time>19</time>
    </ksState>
    <ksState>
      <x>-410.0139767607855</x>
      <y>-885.5465301083829</y>
      <steeringAngle>-0.0</steeringAngle>
      <velocity>0.0</velocity>
      <orientation>-0.3704822885130686</orientation>
      <time>20</time>
    </ksState>
    <ksState>
      <x>-409.9764992833385</x>
      <y>-885.5605197692371</y>
      <steeringAngle>0.03553333333333333</steeringAngle>
      <velocity>0.8</velocity>
      <orientation>-0.37011475673482663</orientation>
      <time>21</time>
    </ksState>
    <ksState>
      <x>-409.86325437524044</x>
      <y>-885.6003805736478</y>
      <steeringAngle>0.0710666666666667</steeringAngle>
      <velocity>1.6</velocity>
      <orientation>-0.367539910142841</orientation>
      <time>22</time>
    </ksState>
    <ksState>
      <x>-409.67283160517195</x>
      <y>-885.662326444914</y>
      <steeringAngle>0.10660000000000003</steeringAngle>
      <velocity>2.4000000000000004</velocity>
      <orientation>-0.36053920590600375</orientation>
      <time>23</time>
    </ksState>
    <ksState>
      <x>-409.4034631223566</x>
      <y>-885.7411551381473</y>
      <steeringAngle>0.14213333333333342</steeringAngle>
      <velocity>3.2000000000000015</velocity>
      <orientation>-0.34687156496518357</orientation>
      <time>24</time>
    </ksState>
    <ksState>
      <x>-409.0530073060526</x>
      <y>-885.829473258884</y>
      <steeringAngle>0.17766666666666683</steeringAngle>
      <velocity>4.0000000000000036</velocity>
      <orientation>-0.3242616490919634</orientation>
      <time>25</time>
    </ksState>
    <ksState>
      <x>-408.6587323137788</x>
      <y>-885.909638733577</y>
      <steeringAngle>0.21319999999999995</steeringAngle>
      <velocity>4.0</velocity>
      <orientation>-0.29355386645446324</orientation>
      <time>26</time>
    </ksState>
    <ksState>
      <x>-408.2597625524637</x>
      <y>-885.9686173035903</y>
      <steeringAngle>0.24873333333333336</steeringAngle>
      <velocity>4.0</velocity>
      <orientation>-0.25707502533176896</orientation>
      <time>27</time>
    </ksState>
    <ksState>
      <x>-407.85683606967586</x>
      <y>-886.0037149131431</y>
      <steeringAngle>0.2842666666666667</steeringAngle>
      <velocity>4.0</velocity>
      <orientation>-0.21472779148632093</orientation>
      <time>28</time>
    </ksState>
    <ksState>
      <x>-407.4511305743217</x>
      <y>-886.0121602949398</y>
      <steeringAngle>0.31980000000000003</steeringAngle>
      <velocity>4.0</velocity>
      <orientation>-0.16639711011918593</orientation>
      <time>29</time>
    </ksState>
    <ksState>
      <x>-407.04433091736627</x>
      <y>-885.991141522686</y>
      <steeringAngle>0.35533333333333333</steeringAngle>
      <velocity>4.0</velocity>
      <orientation>-0.11194890894090748</orientation>
      <time>30</time>
    </ksState>
    <ksState>
      <x>-406.6389668308226</x>
      <y>-885.9427742246382</y>
      <steeringAngle>0.35533333333333333</steeringAngle>
      <velocity>4.0</velocity>
      <orientation>-0.05439220218419344</orientation>
      <time>31</time>
    </ksState>
    <ksState>
      <x>-406.2370562918391</x>
      <y>-885.8711684826968</y>
      <steeringAngle>0.35533333333333333</steeringAngle>
      <velocity>4.0</velocity>
      <orientation>0.003164504572520585</orientation>
      <time>32</time>
    </ksState>
    <ksState>
      <x>-405.8399304027034</x>
      <y>-885.7765614390447</y>
      <steeringAngle>0.35533333333333333</steeringAngle>
      <velocity>4.0</velocity>
      <orientation>0.06072121132923458</orientation>
      <time>33</time>
    </ksState>
  </ksTrajectory>
</CommonRoadSolution>
