<?xml version="1.0" ?>
<CommonRoadSolution benchmark_id="KS2:SM1:DEU_Moabit-5_2_T-1:2020a" computation_time="2.3515990660007446" date="2022-12-18T12:01:12">
  <ksTrajectory planningProblem="1">
    <ksState>
      <x>830.7568</x>
      <y>-530.69656</y>
      <steeringAngle>0.0</steeringAngle>
      <velocity>4.0</velocity>
      <orientation>1.3551824</orientation>
      <time>0</time>
    </ksState>
    <ksState>
      <x>830.8465672211407</x>
      <y>-530.3067450966768</y>
      <steeringAngle>-0.035533333333333326</steeringAngle>
      <velocity>4.0</velocity>
      <orientation>1.3524261254673995</orientation>
      <time>1</time>
    </ksState>
    <ksState>
      <x>830.9461416608164</x>
      <y>-529.9191650435148</y>
      <steeringAngle>-0.07106666666666711</steeringAngle>
      <velocity>4.0</velocity>
      <orientation>1.344150364924114</orientation>
      <time>2</time>
    </ksState>
    <ksState>
      <x>831.0576581715727</x>
      <y>-529.5345345586151</y>
      <steeringAngle>-0.10660000000000043</steeringAngle>
      <velocity>4.0</velocity>
      <orientation>1.3303341251049772</orientation>
      <time>3</time>
    </ksState>
    <ksState>
      <x>831.1832287609016</x>
      <y>-529.1537749880133</y>
      <steeringAngle>-0.14213333333333378</steeringAngle>
      <velocity>4.0</velocity>
      <orientation>1.3109421987194314</orientation>
      <time>4</time>
    </ksState>
    <ksState>
      <x>831.3249273482553</x>
      <y>-528.7780536646659</y>
      <steeringAngle>-0.1776666666666672</steeringAngle>
      <velocity>4.0</velocity>
      <orientation>1.2859247922680341</orientation>
      <time>5</time>
    </ksState>
    <ksState>
      <x>831.4763406128703</x>
      <y>-528.4061049310319</y>
      <steeringAngle>-0.1421333333333333</steeringAngle>
      <velocity>4.0</velocity>
      <orientation>1.260907385923511</orientation>
      <time>6</time>
    </ksState>
    <ksState>
      <x>831.6283766216478</x>
      <y>-528.0350908264242</y>
      <steeringAngle>-0.10659999999999999</steeringAngle>
      <velocity>4.0</velocity>
      <orientation>1.2415154596327602</orientation>
      <time>7</time>
    </ksState>
    <ksState>
      <x>831.7790631371788</x>
      <y>-527.6640319698907</y>
      <steeringAngle>-0.07106666666666664</steeringAngle>
      <velocity>4.0</velocity>
      <orientation>1.2276992198978074</orientation>
      <time>8</time>
    </ksState>
    <ksState>
      <x>831.9264269402822</x>
      <y>-527.2919755860738</y>
      <steeringAngle>-0.03553333333333332</steeringAngle>
      <velocity>4.0</velocity>
      <orientation>1.219423459435542</orientation>
      <time>9</time>
    </ksState>
    <ksState>
      <x>832.0684715419693</x>
      <y>-526.9180236677084</y>
      <steeringAngle>2.2985086056692694e-17</steeringAngle>
      <velocity>4.0</velocity>
      <orientation>1.2166671961407016</orientation>
      <time>10</time>
    </ksState>
    <ksState>
      <x>832.2164445590386</x>
      <y>-526.5036306228054</y>
      <steeringAngle>0.035533333333333326</steeringAngle>
      <velocity>4.799999999999999</velocity>
      <orientation>1.2197909748098925</orientation>
      <time>11</time>
    </ksState>
    <ksState>
      <x>832.3783577641514</x>
      <y>-526.0092520842737</y>
      <steeringAngle>0.07106666666666667</steeringAngle>
      <velocity>5.599999999999998</velocity>
      <orientation>1.2306415858710653</orientation>
      <time>12</time>
    </ksState>
    <ksState>
      <x>832.5450093319319</x>
      <y>-525.4321328199886</y>
      <steeringAngle>0.10659999999999999</steeringAngle>
      <velocity>6.3999999999999995</velocity>
      <orientation>1.2514585348713931</orientation>
      <time>13</time>
    </ksState>
    <ksState>
      <x>832.703399050537</x>
      <y>-524.7692362947552</y>
      <steeringAngle>0.14213333333333333</steeringAngle>
      <velocity>7.199999999999999</velocity>
      <orientation>1.2845181058525583</orientation>
      <time>14</time>
    </ksState>
    <ksState>
      <x>832.8357943997266</x>
      <y>-524.0179304277299</y>
      <steeringAngle>0.17766666666666664</steeringAngle>
      <velocity>7.9999999999999964</velocity>
      <orientation>1.332145427934105</orientation>
      <time>15</time>
    </ksState>
    <ksState>
      <x>832.9350896581941</x>
      <y>-523.2209483192694</y>
      <steeringAngle>0.14213333333333336</steeringAngle>
      <velocity>8.0</velocity>
      <orientation>1.3821802394828533</orientation>
      <time>16</time>
    </ksState>
    <ksState>
      <x>833.0146927242442</x>
      <y>-522.4230074308556</y>
      <steeringAngle>0.1066000000000001</steeringAngle>
      <velocity>8.0</velocity>
      <orientation>1.4209640914898507</orientation>
      <time>17</time>
    </ksState>
    <ksState>
      <x>833.0834840892946</x>
      <y>-521.624990775402</y>
      <steeringAngle>0.07106666666666674</steeringAngle>
      <velocity>8.0</velocity>
      <orientation>1.4485965705195376</orientation>
      <time>18</time>
    </ksState>
    <ksState>
      <x>833.1502977797028</x>
      <y>-520.8274254679181</y>
      <steeringAngle>0.035533333333333354</steeringAngle>
      <velocity>8.0</velocity>
      <orientation>1.465148091148567</orientation>
      <time>19</time>
    </ksState>
    <ksState>
      <x>833.2239335512786</x>
      <y>-520.0307768135921</y>
      <steeringAngle>2.0816681711721685e-17</steeringAngle>
      <velocity>8.0</velocity>
      <orientation>1.4706606176069719</orientation>
      <time>20</time>
    </ksState>
    <ksState>
      <x>833.3131718875644</x>
      <y>-519.2357392707629</y>
      <steeringAngle>-0.03553333333333333</steeringAngle>
      <velocity>8.0</velocity>
      <orientation>1.465148082604133</orientation>
      <time>21</time>
    </ksState>
    <ksState>
      <x>833.426776017435</x>
      <y>-518.4435276981916</y>
      <steeringAngle>-0.07106666666666667</steeringAngle>
      <velocity>8.0</velocity>
      <orientation>1.4485965617238634</orientation>
      <time>22</time>
    </ksState>
    <ksState>
      <x>833.5734651228604</x>
      <y>-517.6561722073411</y>
      <steeringAngle>-0.10659999999999997</steeringAngle>
      <velocity>8.0</velocity>
      <orientation>1.4209640824331686</orientation>
      <time>23</time>
    </ksState>
    <ksState>
      <x>833.7618419086189</x>
      <y>-516.8768162036168</y>
      <steeringAngle>-0.1421333333333333</steeringAngle>
      <velocity>8.0</velocity>
      <orientation>1.3821802301604336</orientation>
      <time>24</time>
    </ksState>
    <ksState>
      <x>834.0002569413116</x>
      <y>-516.1100152978914</y>
      <steeringAngle>-0.17766666666666667</steeringAngle>
      <velocity>8.0</velocity>
      <orientation>1.332145417911279</orientation>
      <time>25</time>
    </ksState>
    <ksState>
      <x>834.2635192453552</x>
      <y>-515.3938684196688</y>
      <steeringAngle>-0.1421333333333334</steeringAngle>
      <velocity>7.2</velocity>
      <orientation>1.2845180961656422</orientation>
      <time>26</time>
    </ksState>
    <ksState>
      <x>834.5116938628842</x>
      <y>-514.7590220946691</y>
      <steeringAngle>-0.10660000000000011</steeringAngle>
      <velocity>6.4</velocity>
      <orientation>1.2514585257176742</orientation>
      <time>27</time>
    </ksState>
    <ksState>
      <x>834.7343864662803</x>
      <y>-514.2010823926962</y>
      <steeringAngle>-0.07106666666666674</steeringAngle>
      <velocity>5.600000000000001</velocity>
      <orientation>1.2306415774237858</orientation>
      <time>28</time>
    </ksState>
    <ksState>
      <x>834.9253488982796</x>
      <y>-513.7171623807011</y>
      <steeringAngle>-0.03553333333333339</steeringAngle>
      <velocity>4.800000000000001</velocity>
      <orientation>1.2197909677661227</orientation>
      <time>29</time>
    </ksState>
    <ksState>
      <x>835.0816636993375</x>
      <y>-513.3058386182705</y>
      <steeringAngle>-5.5294310796760726e-17</steeringAngle>
      <velocity>4.0</velocity>
      <orientation>1.2166671919289573</orientation>
      <time>30</time>
    </ksState>
    <ksState>
      <x>835.2099523834088</x>
      <y>-512.9694571558499</y>
      <steeringAngle>-0.03553333333333333</steeringAngle>
      <velocity>3.2</velocity>
      <orientation>1.2142784435491647</orientation>
      <time>31</time>
    </ksState>
    <ksState>
      <x>835.3159319779022</x>
      <y>-512.710164967663</y>
      <steeringAngle>-0.07106666666666668</steeringAngle>
      <velocity>2.4</velocity>
      <orientation>1.2085775285433682</orientation>
      <time>32</time>
    </ksState>
    <ksState>
      <x>835.396451478826</x>
      <y>-512.5268357881953</y>
      <steeringAngle>-0.10660000000000003</steeringAngle>
      <velocity>1.5999999999999994</velocity>
      <orientation>1.2017619947986367</orientation>
      <time>33</time>
    </ksState>
  </ksTrajectory>
</CommonRoadSolution>
