<?xml version="1.0" ?>
<CommonRoadSolution benchmark_id="KS2:SM1:FRA_Sete-1_1_T-1:2020a" computation_time="1.7207297909999397" date="2022-12-18T12:01:12">
  <ksTrajectory planningProblem="1">
    <ksState>
      <x>-86.84832</x>
      <y>-648.30382</y>
      <steeringAngle>0.0</steeringAngle>
      <velocity>0.0</velocity>
      <orientation>2.3547122</orientation>
      <time>0</time>
    </ksState>
    <ksState>
      <x>-86.87618778744059</x>
      <y>-648.275120551403</y>
      <steeringAngle>-0.03553333333333333</steeringAngle>
      <velocity>0.8</velocity>
      <orientation>2.3543446682217577</orientation>
      <time>1</time>
    </ksState>
    <ksState>
      <x>-86.95818700944649</x>
      <y>-648.187431210381</y>
      <steeringAngle>-0.0710666666666667</steeringAngle>
      <velocity>1.6</velocity>
      <orientation>2.351769821629772</orientation>
      <time>2</time>
    </ksState>
    <ksState>
      <x>-87.09141722776677</x>
      <y>-648.0379393000521</y>
      <steeringAngle>-0.10660000000000003</steeringAngle>
      <velocity>2.4000000000000004</velocity>
      <orientation>2.344769117392935</orientation>
      <time>3</time>
    </ksState>
    <ksState>
      <x>-87.27182474812642</x>
      <y>-647.8229358837798</y>
      <steeringAngle>-0.14213333333333342</steeringAngle>
      <velocity>3.2000000000000015</velocity>
      <orientation>2.331101476452115</orientation>
      <time>4</time>
    </ksState>
    <ksState>
      <x>-87.49349950244566</x>
      <y>-647.537489438839</y>
      <steeringAngle>-0.17766666666666683</steeringAngle>
      <velocity>4.0000000000000036</velocity>
      <orientation>2.3084915605788945</orientation>
      <time>5</time>
    </ksState>
    <ksState>
      <x>-87.7320254972958</x>
      <y>-647.214414854673</y>
      <steeringAngle>-0.1421333333333333</steeringAngle>
      <velocity>4.0</velocity>
      <orientation>2.283474154234371</orientation>
      <time>6</time>
    </ksState>
    <ksState>
      <x>-87.9694292743622</x>
      <y>-646.8912958976038</y>
      <steeringAngle>-0.10659999999999999</steeringAngle>
      <velocity>4.0</velocity>
      <orientation>2.2640822279436206</orientation>
      <time>7</time>
    </ksState>
    <ksState>
      <x>-88.2075745698262</x>
      <y>-646.5693053399424</y>
      <steeringAngle>-0.07106666666666664</steeringAngle>
      <velocity>4.0</velocity>
      <orientation>2.2502659882086675</orientation>
      <time>8</time>
    </ksState>
    <ksState>
      <x>-88.44830292503967</x>
      <y>-646.2496306581168</y>
      <steeringAngle>-0.03553333333333332</steeringAngle>
      <velocity>4.0</velocity>
      <orientation>2.241990227746402</orientation>
      <time>9</time>
    </ksState>
    <ksState>
      <x>-88.69342126729421</x>
      <y>-645.9335077320137</y>
      <steeringAngle>2.2985086056692694e-17</steeringAngle>
      <velocity>4.0</velocity>
      <orientation>2.2392339644515618</orientation>
      <time>10</time>
    </ksState>
    <ksState>
      <x>-88.94132551376393</x>
      <y>-645.6195913664284</y>
      <steeringAngle>0.0</steeringAngle>
      <velocity>4.0</velocity>
      <orientation>2.2392339644515618</orientation>
      <time>11</time>
    </ksState>
    <ksState>
      <x>-89.18922976023364</x>
      <y>-645.3056750008432</y>
      <steeringAngle>0.0</steeringAngle>
      <velocity>4.0</velocity>
      <orientation>2.2392339644515618</orientation>
      <time>12</time>
    </ksState>
    <ksState>
      <x>-89.43713400670336</x>
      <y>-644.9917586352578</y>
      <steeringAngle>0.0</steeringAngle>
      <velocity>4.0</velocity>
      <orientation>2.2392339644515618</orientation>
      <time>13</time>
    </ksState>
    <ksState>
      <x>-89.68503825317308</x>
      <y>-644.6778422696725</y>
      <steeringAngle>0.0</steeringAngle>
      <velocity>4.0</velocity>
      <orientation>2.2392339644515618</orientation>
      <time>14</time>
    </ksState>
    <ksState>
      <x>-89.93294249964279</x>
      <y>-644.3639259040872</y>
      <steeringAngle>0.0</steeringAngle>
      <velocity>4.0</velocity>
      <orientation>2.2392339644515618</orientation>
      <time>15</time>
    </ksState>
    <ksState>
      <x>-90.18084674611251</x>
      <y>-644.0500095385019</y>
      <steeringAngle>0.0</steeringAngle>
      <velocity>4.0</velocity>
      <orientation>2.2392339644515618</orientation>
      <time>16</time>
    </ksState>
    <ksState>
      <x>-90.42875099258222</x>
      <y>-643.7360931729166</y>
      <steeringAngle>0.0</steeringAngle>
      <velocity>4.0</velocity>
      <orientation>2.2392339644515618</orientation>
      <time>17</time>
    </ksState>
    <ksState>
      <x>-90.67665523905194</x>
      <y>-643.4221768073313</y>
      <steeringAngle>0.0</steeringAngle>
      <velocity>4.0</velocity>
      <orientation>2.2392339644515618</orientation>
      <time>18</time>
    </ksState>
    <ksState>
      <x>-90.92455948552166</x>
      <y>-643.108260441746</y>
      <steeringAngle>0.0</steeringAngle>
      <velocity>4.0</velocity>
      <orientation>2.2392339644515618</orientation>
      <time>19</time>
    </ksState>
    <ksState>
      <x>-91.17246373199137</x>
      <y>-642.7943440761607</y>
      <steeringAngle>0.0</steeringAngle>
      <velocity>4.0</velocity>
      <orientation>2.2392339644515618</orientation>
      <time>20</time>
    </ksState>
    <ksState>
      <x>-91.44515840374497</x>
      <y>-642.4490360732103</y>
      <steeringAngle>0.0</steeringAngle>
      <velocity>4.8</velocity>
      <orientation>2.2392339644515618</orientation>
      <time>21</time>
    </ksState>
    <ksState>
      <x>-91.76743392482052</x>
      <y>-642.0409447971074</y>
      <steeringAngle>0.0</steeringAngle>
      <velocity>5.6</velocity>
      <orientation>2.2392339644515618</orientation>
      <time>22</time>
    </ksState>
    <ksState>
      <x>-92.13929029520816</x>
      <y>-641.5700702478646</y>
      <steeringAngle>0.0</steeringAngle>
      <velocity>6.4</velocity>
      <orientation>2.2392339644515618</orientation>
      <time>23</time>
    </ksState>
    <ksState>
      <x>-92.56072751490203</x>
      <y>-641.0364124254891</y>
      <steeringAngle>0.0</steeringAngle>
      <velocity>7.199999999999999</velocity>
      <orientation>2.2392339644515618</orientation>
      <time>24</time>
    </ksState>
    <ksState>
      <x>-93.03174558389853</x>
      <y>-640.4399713299855</y>
      <steeringAngle>0.0</steeringAngle>
      <velocity>7.999999999999998</velocity>
      <orientation>2.2392339644515618</orientation>
      <time>25</time>
    </ksState>
    <ksState>
      <x>-93.5027636517405</x>
      <y>-639.8435302359438</y>
      <steeringAngle>0.0</steeringAngle>
      <velocity>7.200000000000001</velocity>
      <orientation>2.2392339644515618</orientation>
      <time>26</time>
    </ksState>
    <ksState>
      <x>-93.9242008701061</x>
      <y>-639.3098724152503</y>
      <steeringAngle>0.0</steeringAngle>
      <velocity>6.400000000000001</velocity>
      <orientation>2.2392339644515618</orientation>
      <time>27</time>
    </ksState>
    <ksState>
      <x>-94.29605723911942</x>
      <y>-638.8389978677477</y>
      <steeringAngle>0.0</steeringAngle>
      <velocity>5.600000000000001</velocity>
      <orientation>2.2392339644515618</orientation>
      <time>28</time>
    </ksState>
    <ksState>
      <x>-94.61833275881548</x>
      <y>-638.4309065933917</y>
      <steeringAngle>0.0</steeringAngle>
      <velocity>4.800000000000001</velocity>
      <orientation>2.2392339644515618</orientation>
      <time>29</time>
    </ksState>
    <ksState>
      <x>-94.89102742920716</x>
      <y>-638.0855985921659</y>
      <steeringAngle>0.0</steeringAngle>
      <velocity>4.000000000000001</velocity>
      <orientation>2.2392339644515618</orientation>
      <time>30</time>
    </ksState>
    <ksState>
      <x>-95.11414125039299</x>
      <y>-637.8030738639457</y>
      <steeringAngle>0.0</steeringAngle>
      <velocity>3.2</velocity>
      <orientation>2.2392339644515618</orientation>
      <time>31</time>
    </ksState>
    <ksState>
      <x>-95.28767422222174</x>
      <y>-637.5833324089224</y>
      <steeringAngle>0.0</steeringAngle>
      <velocity>2.4000000000000004</velocity>
      <orientation>2.2392339644515618</orientation>
      <time>32</time>
    </ksState>
    <ksState>
      <x>-95.41162634475654</x>
      <y>-637.4263742270161</y>
      <steeringAngle>0.0</steeringAngle>
      <velocity>1.6</velocity>
      <orientation>2.2392339644515618</orientation>
      <time>33</time>
    </ksState>
  </ksTrajectory>
</CommonRoadSolution>
