<?xml version="1.0" ?>
<CommonRoadSolution benchmark_id="KS2:SM1:DEU_Guetersloh-31_4_T-1:2020a" computation_time="0.7898881409996648" date="2022-12-18T12:01:12">
  <ksTrajectory planningProblem="1">
    <ksState>
      <x>-292.5189</x>
      <y>-402.31972</y>
      <steeringAngle>0.0</steeringAngle>
      <velocity>8.0</velocity>
      <orientation>3.0579614</orientation>
      <time>0</time>
    </ksState>
    <ksState>
      <x>-293.2762437571057</x>
      <y>-402.2562343128879</y>
      <steeringAngle>0.0</steeringAngle>
      <velocity>7.200000000000001</velocity>
      <orientation>3.0579614</orientation>
      <time>1</time>
    </ksState>
    <ksState>
      <x>-293.9538671183571</x>
      <y>-402.19943132971326</y>
      <steeringAngle>0.0</steeringAngle>
      <velocity>6.400000000000001</velocity>
      <orientation>3.0579614</orientation>
      <time>2</time>
    </ksState>
    <ksState>
      <x>-294.5517700839536</x>
      <y>-402.14931105045946</y>
      <steeringAngle>0.0</steeringAngle>
      <velocity>5.600000000000001</velocity>
      <orientation>3.0579614</orientation>
      <time>3</time>
    </ksState>
    <ksState>
      <x>-295.0699526539516</x>
      <y>-402.1058734751217</y>
      <steeringAngle>0.0</steeringAngle>
      <velocity>4.800000000000001</velocity>
      <orientation>3.0579614</orientation>
      <time>4</time>
    </ksState>
    <ksState>
      <x>-295.50841482837166</x>
      <y>-402.0691186036983</y>
      <steeringAngle>0.0</steeringAngle>
      <velocity>4.000000000000001</velocity>
      <orientation>3.0579614</orientation>
      <time>5</time>
    </ksState>
    <ksState>
      <x>-295.8668449593524</x>
      <y>-402.0353796658663</y>
      <steeringAngle>-0.03553333333333333</steeringAngle>
      <velocity>3.2</velocity>
      <orientation>3.0555726516202073</orientation>
      <time>6</time>
    </ksState>
    <ksState>
      <x>-296.14502769846627</x>
      <y>-402.0025394928633</y>
      <steeringAngle>-0.07106666666666668</steeringAngle>
      <velocity>2.4</velocity>
      <orientation>3.049871736614411</orientation>
      <time>7</time>
    </ksState>
    <ksState>
      <x>-296.3432063742281</x>
      <y>-401.973935462612</y>
      <steeringAngle>-0.10660000000000003</steeringAngle>
      <velocity>1.5999999999999994</velocity>
      <orientation>3.0430562028696793</orientation>
      <time>8</time>
    </ksState>
    <ksState>
      <x>-296.4617671224989</x>
      <y>-401.95370262381897</y>
      <steeringAngle>-0.14213333333333342</steeringAngle>
      <velocity>0.7999999999999988</velocity>
      <orientation>3.0373319413831994</orientation>
      <time>9</time>
    </ksState>
    <ksState>
      <x>-296.50118445427245</x>
      <y>-401.94608719506846</y>
      <steeringAngle>-0.17766666666666675</steeringAngle>
      <velocity>-1.5265566588595902e-15</velocity>
      <orientation>3.0349244469086436</orientation>
      <time>10</time>
    </ksState>
    <ksState>
      <x>-296.54058301643283</x>
      <y>-401.9383739089666</y>
      <steeringAngle>-0.14213333333333333</steeringAngle>
      <velocity>0.8</velocity>
      <orientation>3.032516949697841</orientation>
      <time>11</time>
    </ksState>
    <ksState>
      <x>-296.6589202787725</x>
      <y>-401.9168600558447</y>
      <steeringAngle>-0.10660000000000001</steeringAngle>
      <velocity>1.6</velocity>
      <orientation>3.0267926630775066</orientation>
      <time>12</time>
    </ksState>
    <ksState>
      <x>-296.85637525807516</x>
      <y>-401.8835991119965</y>
      <steeringAngle>-0.07106666666666664</steeringAngle>
      <velocity>2.4000000000000004</velocity>
      <orientation>3.0199771493145278</orientation>
      <time>13</time>
    </ksState>
    <ksState>
      <x>-297.13319074643323</x>
      <y>-401.84070136587104</y>
      <steeringAngle>-0.03553333333333332</steeringAngle>
      <velocity>3.1999999999999993</velocity>
      <orientation>3.014276228601598</orientation>
      <time>14</time>
    </ksState>
    <ksState>
      <x>-297.489767437834</x>
      <y>-401.7910469801893</y>
      <steeringAngle>2.6020852139652106e-18</steeringAngle>
      <velocity>3.999999999999999</velocity>
      <orientation>3.0118874770132713</orientation>
      <time>15</time>
    </ksState>
    <ksState>
      <x>-297.8467434619438</x>
      <y>-401.7444839318478</y>
      <steeringAngle>0.0</steeringAngle>
      <velocity>3.2</velocity>
      <orientation>3.0118874770132713</orientation>
      <time>16</time>
    </ksState>
    <ksState>
      <x>-298.12439148036833</x>
      <y>-401.7082682276249</y>
      <steeringAngle>0.0</steeringAngle>
      <velocity>2.4000000000000004</velocity>
      <orientation>3.0118874770132713</orientation>
      <time>17</time>
    </ksState>
    <ksState>
      <x>-298.3227114932087</x>
      <y>-401.6823998675074</y>
      <steeringAngle>0.0</steeringAngle>
      <velocity>1.6</velocity>
      <orientation>3.0118874770132713</orientation>
      <time>18</time>
    </ksState>
    <ksState>
      <x>-298.4417035005052</x>
      <y>-401.66687885149014</y>
      <steeringAngle>0.0</steeringAngle>
      <velocity>0.7999999999999998</velocity>
      <orientation>3.0118874770132713</orientation>
      <time>19</time>
    </ksState>
    <ksState>
      <x>-298.48136750231015</x>
      <y>-401.6617051795662</y>
      <steeringAngle>0.0</steeringAngle>
      <velocity>-3.3306690738754696e-16</velocity>
      <orientation>3.0118874770132713</orientation>
      <time>20</time>
    </ksState>
    <ksState>
      <x>-298.48136750231015</x>
      <y>-401.6617051795662</y>
      <steeringAngle>0.0</steeringAngle>
      <velocity>0.0</velocity>
      <orientation>3.0118874770132713</orientation>
      <time>21</time>
    </ksState>
    <ksState>
      <x>-298.48136750231015</x>
      <y>-401.6617051795662</y>
      <steeringAngle>0.0</steeringAngle>
      <velocity>0.0</velocity>
      <orientation>3.0118874770132713</orientation>
      <time>22</time>
    </ksState>
    <ksState>
      <x>-298.48136750231015</x>
      <y>-401.6617051795662</y>
      <steeringAngle>0.0</steeringAngle>
      <velocity>0.0</velocity>
      <orientation>3.0118874770132713</orientation>
      <time>23</time>
    </ksState>
    <ksState>
      <x>-298.48136750231015</x>
      <y>-401.6617051795662</y>
      <steeringAngle>0.0</steeringAngle>
      <velocity>0.0</velocity>
      <orientation>3.0118874770132713</orientation>
      <time>24</time>
    </ksState>
    <ksState>
      <x>-298.48136750231015</x>
      <y>-401.6617051795662</y>
      <steeringAngle>0.0</steeringAngle>
      <velocity>0.0</velocity>
      <orientation>3.0118874770132713</orientation>
      <time>25</time>
    </ksState>
    <ksState>
      <x>-298.48136750231015</x>
      <y>-401.6617051795662</y>
      <steeringAngle>0.0</steeringAngle>
      <velocity>0.0</velocity>
      <orientation>3.0118874770132713</orientation>
      <time>26</time>
    </ksState>
    <ksState>
      <x>-298.48136750231015</x>
      <y>-401.6617051795662</y>
      <steeringAngle>0.0</steeringAngle>
      <velocity>0.0</velocity>
      <orientation>3.0118874770132713</orientation>
      <time>27</time>
    </ksState>
    <ksState>
      <x>-298.48136750231015</x>
      <y>-401.6617051795662</y>
      <steeringAngle>0.0</steeringAngle>
      <velocity>0.0</velocity>
      <orientation>3.0118874770132713</orientation>
      <time>28</time>
    </ksState>
    <ksState>
      <x>-298.48136750231015</x>
      <y>-401.6617051795662</y>
      <steeringAngle>0.0</steeringAngle>
      <velocity>0.0</velocity>
      <orientation>3.0118874770132713</orientation>
      <time>29</time>
    </ksState>
    <ksState>
      <x>-298.48136750231015</x>
      <y>-401.6617051795662</y>
      <steeringAngle>0.0</steeringAngle>
      <velocity>0.0</velocity>
      <orientation>3.0118874770132713</orientation>
      <time>30</time>
    </ksState>
    <ksState>
      <x>-298.48136750231015</x>
      <y>-401.6617051795662</y>
      <steeringAngle>0.0</steeringAngle>
      <velocity>0.0</velocity>
      <orientation>3.0118874770132713</orientation>
      <time>31</time>
    </ksState>
    <ksState>
      <x>-298.48136750231015</x>
      <y>-401.6617051795662</y>
      <steeringAngle>0.0</steeringAngle>
      <velocity>0.0</velocity>
      <orientation>3.0118874770132713</orientation>
      <time>32</time>
    </ksState>
    <ksState>
      <x>-298.48136750231015</x>
      <y>-401.6617051795662</y>
      <steeringAngle>0.0</steeringAngle>
      <velocity>0.0</velocity>
      <orientation>3.0118874770132713</orientation>
      <time>33</time>
    </ksState>
  </ksTrajectory>
</CommonRoadSolution>
