<?xml version="1.0" ?>
<CommonRoadSolution benchmark_id="KS2:SM1:DEU_Flensburg-57_1_T-1:2020a" computation_time="1.584338893000222" date="2022-12-18T12:01:12">
  <ksTrajectory planningProblem="123">
    <ksState>
      <x>172.68596</x>
      <y>155.40746</y>
      <steeringAngle>0.0</steeringAngle>
      <velocity>4.0</velocity>
      <orientation>1.9520727</orientation>
      <time>0</time>
    </ksState>
    <ksState>
      <x>172.5222335841892</x>
      <y>155.81586379732573</y>
      <steeringAngle>0.0</steeringAngle>
      <velocity>4.8</velocity>
      <orientation>1.9520727</orientation>
      <time>1</time>
    </ksState>
    <ksState>
      <x>172.32873872919276</x>
      <y>156.29852283039745</y>
      <steeringAngle>0.0</steeringAngle>
      <velocity>5.6</velocity>
      <orientation>1.9520727</orientation>
      <time>2</time>
    </ksState>
    <ksState>
      <x>172.10547543501667</x>
      <y>156.8554370992003</y>
      <steeringAngle>0.0</steeringAngle>
      <velocity>6.4</velocity>
      <orientation>1.9520727</orientation>
      <time>3</time>
    </ksState>
    <ksState>
      <x>171.85244370166438</x>
      <y>157.4866066037255</y>
      <steeringAngle>0.0</steeringAngle>
      <velocity>7.199999999999999</velocity>
      <orientation>1.9520727</orientation>
      <time>4</time>
    </ksState>
    <ksState>
      <x>171.56964352913806</x>
      <y>158.19203134396773</y>
      <steeringAngle>0.0</steeringAngle>
      <velocity>7.999999999999998</velocity>
      <orientation>1.9520727</orientation>
      <time>5</time>
    </ksState>
    <ksState>
      <x>171.27195913745007</x>
      <y>158.9345837010075</y>
      <steeringAngle>0.0</steeringAngle>
      <velocity>8.0</velocity>
      <orientation>1.9520727</orientation>
      <time>6</time>
    </ksState>
    <ksState>
      <x>170.97427474576207</x>
      <y>159.6771360580473</y>
      <steeringAngle>0.0</steeringAngle>
      <velocity>8.0</velocity>
      <orientation>1.9520727</orientation>
      <time>7</time>
    </ksState>
    <ksState>
      <x>170.67659035407408</x>
      <y>160.4196884150871</y>
      <steeringAngle>0.0</steeringAngle>
      <velocity>8.0</velocity>
      <orientation>1.9520727</orientation>
      <time>8</time>
    </ksState>
    <ksState>
      <x>170.37890596238609</x>
      <y>161.1622407721269</y>
      <steeringAngle>0.0</steeringAngle>
      <velocity>8.0</velocity>
      <orientation>1.9520727</orientation>
      <time>9</time>
    </ksState>
    <ksState>
      <x>170.0812215706981</x>
      <y>161.90479312916668</y>
      <steeringAngle>0.0</steeringAngle>
      <velocity>8.0</velocity>
      <orientation>1.9520727</orientation>
      <time>10</time>
    </ksState>
    <ksState>
      <x>169.77490224290764</x>
      <y>162.6438578385075</y>
      <steeringAngle>0.03553333333333333</steeringAngle>
      <velocity>8.0</velocity>
      <orientation>1.9575852350028389</orientation>
      <time>11</time>
    </ksState>
    <ksState>
      <x>169.44595780299974</x>
      <y>163.37344719526456</y>
      <steeringAngle>0.07106666666666667</steeringAngle>
      <velocity>8.0</velocity>
      <orientation>1.9741367558831084</orientation>
      <time>12</time>
    </ksState>
    <ksState>
      <x>169.08657464561045</x>
      <y>164.08919163904866</y>
      <steeringAngle>0.10659999999999997</steeringAngle>
      <velocity>8.0</velocity>
      <orientation>2.0017692351738035</orientation>
      <time>13</time>
    </ksState>
    <ksState>
      <x>168.68935995493283</x>
      <y>164.78568434070712</y>
      <steeringAngle>0.1421333333333333</steeringAngle>
      <velocity>8.0</velocity>
      <orientation>2.040553087446538</orientation>
      <time>14</time>
    </ksState>
    <ksState>
      <x>168.24755497310818</x>
      <y>165.45623166556217</y>
      <steeringAngle>0.17766666666666667</steeringAngle>
      <velocity>8.0</velocity>
      <orientation>2.090587899695693</orientation>
      <time>15</time>
    </ksState>
    <ksState>
      <x>167.78097128094137</x>
      <y>166.0616143036946</y>
      <steeringAngle>0.21320000000000014</steeringAngle>
      <velocity>7.200000000000003</velocity>
      <orientation>2.148837226767186</orientation>
      <time>16</time>
    </ksState>
    <ksState>
      <x>167.32025857944026</x>
      <y>166.56921157729536</y>
      <steeringAngle>0.24873333333333347</steeringAngle>
      <velocity>6.400000000000004</velocity>
      <orientation>2.210754314252965</orientation>
      <time>17</time>
    </ksState>
    <ksState>
      <x>166.87667235750865</x>
      <y>166.98293811745359</y>
      <steeringAngle>0.2842666666666668</steeringAngle>
      <velocity>5.600000000000001</velocity>
      <orientation>2.2741764570168863</orientation>
      <time>18</time>
    </ksState>
    <ksState>
      <x>166.46216547293588</x>
      <y>167.3091235078048</y>
      <steeringAngle>0.3198</steeringAngle>
      <velocity>4.800000000000002</velocity>
      <orientation>2.336905556758839</orientation>
      <time>19</time>
    </ksState>
    <ksState>
      <x>166.08847827417705</x>
      <y>167.55629061383442</y>
      <steeringAngle>0.3553333333333332</steeringAngle>
      <velocity>4.000000000000001</velocity>
      <orientation>2.3966953908070536</orientation>
      <time>20</time>
    </ksState>
    <ksState>
      <x>165.72990638847602</x>
      <y>167.75327036816367</y>
      <steeringAngle>0.39086666666666653</steeringAngle>
      <velocity>4.0</velocity>
      <orientation>2.457415757113041</orientation>
      <time>21</time>
    </ksState>
    <ksState>
      <x>165.35394047014384</x>
      <y>167.9196335630244</y>
      <steeringAngle>0.42639999999999995</steeringAngle>
      <velocity>4.0</velocity>
      <orientation>2.5245853705694445</orientation>
      <time>22</time>
    </ksState>
    <ksState>
      <x>164.9620240807638</x>
      <y>168.05118960346357</y>
      <steeringAngle>0.4619333333333333</steeringAngle>
      <velocity>4.0</velocity>
      <orientation>2.5984059542017883</orientation>
      <time>23</time>
    </ksState>
    <ksState>
      <x>164.55642871766622</x>
      <y>168.143531968029</y>
      <steeringAngle>0.49746666666666667</steeringAngle>
      <velocity>4.0</velocity>
      <orientation>2.6791064960150086</orientation>
      <time>24</time>
    </ksState>
    <ksState>
      <x>164.14039746224483</x>
      <y>168.19213556928742</y>
      <steeringAngle>0.533</steeringAngle>
      <velocity>4.0</velocity>
      <orientation>2.766946362614817</orientation>
      <time>25</time>
    </ksState>
    <ksState>
      <x>163.71993492647817</x>
      <y>168.19812528727394</y>
      <steeringAngle>0.533</steeringAngle>
      <velocity>4.0</velocity>
      <orientation>2.858450661169637</orientation>
      <time>26</time>
    </ksState>
    <ksState>
      <x>163.3006840863415</x>
      <y>168.16566949577665</y>
      <steeringAngle>0.533</steeringAngle>
      <velocity>4.0</velocity>
      <orientation>2.9499549597244568</orientation>
      <time>27</time>
    </ksState>
    <ksState>
      <x>162.88615292350758</x>
      <y>168.09503974652415</y>
      <steeringAngle>0.533</steeringAngle>
      <velocity>4.0</velocity>
      <orientation>3.0414592582792768</orientation>
      <time>28</time>
    </ksState>
    <ksState>
      <x>162.47980990106342</x>
      <y>167.9868270122989</y>
      <steeringAngle>0.533</steeringAngle>
      <velocity>4.0</velocity>
      <orientation>3.1329635568340968</orientation>
      <time>29</time>
    </ksState>
    <ksState>
      <x>162.0850549700549</x>
      <y>167.84193673007604</y>
      <steeringAngle>0.533</steeringAngle>
      <velocity>4.0</velocity>
      <orientation>3.2244678553889163</orientation>
      <time>30</time>
    </ksState>
    <ksState>
      <x>161.7416256174766</x>
      <y>167.6860028080088</y>
      <steeringAngle>0.4974666666666667</steeringAngle>
      <velocity>3.1999999999999993</velocity>
      <orientation>3.3036450584981556</orientation>
      <time>31</time>
    </ksState>
    <ksState>
      <x>161.4819776457533</x>
      <y>167.55384898835337</y>
      <steeringAngle>0.4619333333333334</steeringAngle>
      <velocity>2.3999999999999986</velocity>
      <orientation>3.3602521659003646</orientation>
      <time>32</time>
    </ksState>
    <ksState>
      <x>161.29997566496928</x>
      <y>167.45561080203507</y>
      <steeringAngle>0.4264000000000001</steeringAngle>
      <velocity>1.5999999999999979</velocity>
      <orientation>3.3972751261144234</orientation>
      <time>33</time>
    </ksState>
    <ksState>
      <x>161.1917689728315</x>
      <y>167.3962581883823</y>
      <steeringAngle>0.39086666666666675</steeringAngle>
      <velocity>0.7999999999999972</velocity>
      <orientation>3.4175350953372496</orientation>
      <time>34</time>
    </ksState>
    <ksState>
      <x>161.1557374429387</x>
      <y>167.37679003849263</y>
      <steeringAngle>0.3553333333333332</steeringAngle>
      <velocity>-2.914335439641036e-15</velocity>
      <orientation>3.4237130700846263</orientation>
      <time>35</time>
    </ksState>
    <ksState>
      <x>161.1557374429387</x>
      <y>167.37679003849263</y>
      <steeringAngle>0.3198</steeringAngle>
      <velocity>0.0</velocity>
      <orientation>3.4237130700846263</orientation>
      <time>36</time>
    </ksState>
    <ksState>
      <x>161.1557374429387</x>
      <y>167.37679003849263</y>
      <steeringAngle>0.2842666666666666</steeringAngle>
      <velocity>0.0</velocity>
      <orientation>3.4237130700846263</orientation>
      <time>37</time>
    </ksState>
    <ksState>
      <x>161.1557374429387</x>
      <y>167.37679003849263</y>
      <steeringAngle>0.24873333333333333</steeringAngle>
      <velocity>0.0</velocity>
      <orientation>3.4237130700846263</orientation>
      <time>38</time>
    </ksState>
    <ksState>
      <x>161.1557374429387</x>
      <y>167.37679003849263</y>
      <steeringAngle>0.21320000000000003</steeringAngle>
      <velocity>0.0</velocity>
      <orientation>3.4237130700846263</orientation>
      <time>39</time>
    </ksState>
    <ksState>
      <x>161.1557374429387</x>
      <y>167.37679003849263</y>
      <steeringAngle>0.1776666666666667</steeringAngle>
      <velocity>0.0</velocity>
      <orientation>3.4237130700846263</orientation>
      <time>40</time>
    </ksState>
    <ksState>
      <x>161.1557374429387</x>
      <y>167.37679003849263</y>
      <steeringAngle>0.14213333333333336</steeringAngle>
      <velocity>0.0</velocity>
      <orientation>3.4237130700846263</orientation>
      <time>41</time>
    </ksState>
    <ksState>
      <x>161.1557374429387</x>
      <y>167.37679003849263</y>
      <steeringAngle>0.10660000000000001</steeringAngle>
      <velocity>0.0</velocity>
      <orientation>3.4237130700846263</orientation>
      <time>42</time>
    </ksState>
    <ksState>
      <x>161.1557374429387</x>
      <y>167.37679003849263</y>
      <steeringAngle>0.07106666666666668</steeringAngle>
      <velocity>0.0</velocity>
      <orientation>3.4237130700846263</orientation>
      <time>43</time>
    </ksState>
    <ksState>
      <x>161.1557374429387</x>
      <y>167.37679003849263</y>
      <steeringAngle>0.03553333333333333</steeringAngle>
      <velocity>0.0</velocity>
      <orientation>3.4237130700846263</orientation>
      <time>44</time>
    </ksState>
    <ksState>
      <x>161.1557374429387</x>
      <y>167.37679003849263</y>
      <steeringAngle>0.0</steeringAngle>
      <velocity>0.0</velocity>
      <orientation>3.4237130700846263</orientation>
      <time>45</time>
    </ksState>
    <ksState>
      <x>161.1557374429387</x>
      <y>167.37679003849263</y>
      <steeringAngle>0.0</steeringAngle>
      <velocity>0.0</velocity>
      <orientation>3.4237130700846263</orientation>
      <time>46</time>
    </ksState>
    <ksState>
      <x>161.1557374429387</x>
      <y>167.37679003849263</y>
      <steeringAngle>0.0</steeringAngle>
      <velocity>0.0</velocity>
      <orientation>3.4237130700846263</orientation>
      <time>47</time>
    </ksState>
    <ksState>
      <x>161.1557374429387</x>
      <y>167.37679003849263</y>
      <steeringAngle>0.0</steeringAngle>
      <velocity>0.0</velocity>
      <orientation>3.4237130700846263</orientation>
      <time>48</time>
    </ksState>
    <ksState>
      <x>161.1557374429387</x>
      <y>167.37679003849263</y>
      <steeringAngle>0.0</steeringAngle>
      <velocity>0.0</velocity>
      <orientation>3.4237130700846263</orientation>
      <time>49</time>
    </ksState>
    <ksState>
      <x>161.1557374429387</x>
      <y>167.37679003849263</y>
      <steeringAngle>0.0</steeringAngle>
      <velocity>0.0</velocity>
      <orientation>3.4237130700846263</orientation>
      <time>50</time>
    </ksState>
    <ksState>
      <x>161.11717163438726</x>
      <y>167.36616222886985</y>
      <steeringAngle>-0.03553333333333333</steeringAngle>
      <velocity>0.8</velocity>
      <orientation>3.423345538306384</orientation>
      <time>51</time>
    </ksState>
    <ksState>
      <x>161.0008509429973</x>
      <y>167.33645045186145</y>
      <steeringAngle>-0.0710666666666667</steeringAngle>
      <velocity>1.6</velocity>
      <orientation>3.4207706917143987</orientation>
      <time>52</time>
    </ksState>
    <ksState>
      <x>160.80570454971584</x>
      <y>167.29155047951502</y>
      <steeringAngle>-0.10660000000000003</steeringAngle>
      <velocity>2.4000000000000004</velocity>
      <orientation>3.4137699874775613</orientation>
      <time>53</time>
    </ksState>
    <ksState>
      <x>160.53043058295492</x>
      <y>167.2368002682387</y>
      <steeringAngle>-0.14213333333333342</steeringAngle>
      <velocity>3.2000000000000015</velocity>
      <orientation>3.4001023465367415</orientation>
      <time>54</time>
    </ksState>
    <ksState>
      <x>160.17354822160257</x>
      <y>167.17975335958133</y>
      <steeringAngle>-0.17766666666666683</steeringAngle>
      <velocity>4.0000000000000036</velocity>
      <orientation>3.377492430663521</orientation>
      <time>55</time>
    </ksState>
    <ksState>
      <x>159.81539951221953</x>
      <y>167.13108642826194</y>
      <steeringAngle>-0.1421333333333333</steeringAngle>
      <velocity>3.1999999999999993</velocity>
      <orientation>3.3548825156900786</orientation>
      <time>56</time>
    </ksState>
    <ksState>
      <x>159.53734311897034</x>
      <y>167.09281022206343</y>
      <steeringAngle>-0.10659999999999997</steeringAngle>
      <velocity>2.3999999999999977</velocity>
      <orientation>3.3412148748193715</orientation>
      <time>57</time>
    </ksState>
    <ksState>
      <x>159.33922776635262</x>
      <y>167.06365102534792</y>
      <steeringAngle>-0.07106666666666664</steeringAngle>
      <velocity>1.5999999999999976</velocity>
      <orientation>3.3342141689661524</orientation>
      <time>58</time>
    </ksState>
    <ksState>
      <x>159.2207179086882</x>
      <y>167.04444312002343</y>
      <steeringAngle>-0.0355333333333333</steeringAngle>
      <velocity>0.7999999999999972</velocity>
      <orientation>3.331639324492185</orientation>
      <time>59</time>
    </ksState>
    <ksState>
      <x>159.18133775154712</x>
      <y>167.03740905690918</y>
      <steeringAngle>2.5153490401663703e-17</steeringAngle>
      <velocity>-2.914335439641036e-15</velocity>
      <orientation>3.331271812913654</orientation>
      <time>60</time>
    </ksState>
    <ksState>
      <x>159.14215495339857</x>
      <y>167.0293480237336</y>
      <steeringAngle>0.03553333333333333</steeringAngle>
      <velocity>0.8</velocity>
      <orientation>3.331639344691896</orientation>
      <time>61</time>
    </ksState>
    <ksState>
      <x>159.02503837789612</x>
      <y>167.00294725327132</y>
      <steeringAngle>0.0710666666666667</steeringAngle>
      <velocity>1.6</velocity>
      <orientation>3.3342141912838814</orientation>
      <time>62</time>
    </ksState>
    <ksState>
      <x>158.83080478041796</x>
      <y>166.95424990284886</y>
      <steeringAngle>0.10660000000000003</steeringAngle>
      <velocity>2.4000000000000004</velocity>
      <orientation>3.341214895520719</orientation>
      <time>63</time>
    </ksState>
    <ksState>
      <x>158.5607205642356</x>
      <y>166.8779094903516</y>
      <steeringAngle>0.14213333333333342</steeringAngle>
      <velocity>3.2000000000000015</velocity>
      <orientation>3.3548825364615387</orientation>
      <time>64</time>
    </ksState>
    <ksState>
      <x>158.21689969428385</x>
      <y>166.76652466635204</y>
      <steeringAngle>0.17766666666666683</steeringAngle>
      <velocity>4.0000000000000036</velocity>
      <orientation>3.377492452334759</orientation>
      <time>65</time>
    </ksState>
    <ksState>
      <x>157.83912590186753</x>
      <y>166.62924204610115</y>
      <steeringAngle>0.17766666666666667</steeringAngle>
      <velocity>4.0</velocity>
      <orientation>3.405342940490015</orientation>
      <time>66</time>
    </ksState>
    <ksState>
      <x>157.46532146845178</x>
      <y>166.48149283320126</y>
      <steeringAngle>0.17766666666666667</steeringAngle>
      <velocity>4.0</velocity>
      <orientation>3.433193428645271</orientation>
      <time>67</time>
    </ksState>
    <ksState>
      <x>157.09577635049996</x>
      <y>166.32339162720967</y>
      <steeringAngle>0.17766666666666667</steeringAngle>
      <velocity>4.0</velocity>
      <orientation>3.4610439168005267</orientation>
      <time>68</time>
    </ksState>
    <ksState>
      <x>156.73077716722557</x>
      <y>166.1550610516891</y>
      <steeringAngle>0.17766666666666667</steeringAngle>
      <velocity>4.0</velocity>
      <orientation>3.488894404955783</orientation>
      <time>69</time>
    </ksState>
    <ksState>
      <x>156.37060701230726</x>
      <y>165.97663166280432</y>
      <steeringAngle>0.17766666666666667</steeringAngle>
      <velocity>4.0</velocity>
      <orientation>3.5167448931110386</orientation>
      <time>70</time>
    </ksState>
    <ksState>
      <x>156.01382418758325</x>
      <y>165.79230083756</y>
      <steeringAngle>0.1421333333333333</steeringAngle>
      <velocity>4.0</velocity>
      <orientation>3.541762299455562</orientation>
      <time>71</time>
    </ksState>
    <ksState>
      <x>155.65802833101506</x>
      <y>165.60743406869173</y>
      <steeringAngle>0.10659999999999999</steeringAngle>
      <velocity>4.0</velocity>
      <orientation>3.5611542257463125</orientation>
      <time>72</time>
    </ksState>
    <ksState>
      <x>155.30206623700826</x>
      <y>165.42390726246154</y>
      <steeringAngle>0.07106666666666664</steeringAngle>
      <velocity>4.0</velocity>
      <orientation>3.5749704654812655</orientation>
      <time>73</time>
    </ksState>
    <ksState>
      <x>154.94481110869566</x>
      <y>165.2435997016151</y>
      <steeringAngle>0.03553333333333332</steeringAngle>
      <velocity>4.0</velocity>
      <orientation>3.583246225943531</orientation>
      <time>74</time>
    </ksState>
    <ksState>
      <x>154.58518859629584</x>
      <y>165.06841878172708</y>
      <steeringAngle>-2.2985086056692694e-17</steeringAngle>
      <velocity>4.0</velocity>
      <orientation>3.5860024892383713</orientation>
      <time>75</time>
    </ksState>
    <ksState>
      <x>154.26015735955121</x>
      <y>164.91364574014574</y>
      <steeringAngle>0.0</steeringAngle>
      <velocity>3.2</velocity>
      <orientation>3.5860024892383713</orientation>
      <time>76</time>
    </ksState>
    <ksState>
      <x>154.0073552868258</x>
      <y>164.7932667079467</y>
      <steeringAngle>0.0</steeringAngle>
      <velocity>2.4000000000000004</velocity>
      <orientation>3.5860024892383713</orientation>
      <time>77</time>
    </ksState>
    <ksState>
      <x>153.8267823780276</x>
      <y>164.70728168508614</y>
      <steeringAngle>0.0</steeringAngle>
      <velocity>1.6</velocity>
      <orientation>3.5860024892383713</orientation>
      <time>78</time>
    </ksState>
    <ksState>
      <x>153.71843863311997</x>
      <y>164.6556906715466</y>
      <steeringAngle>0.0</steeringAngle>
      <velocity>0.7999999999999998</velocity>
      <orientation>3.5860024892383713</orientation>
      <time>79</time>
    </ksState>
    <ksState>
      <x>153.68232405205512</x>
      <y>164.63849366730534</y>
      <steeringAngle>0.0</steeringAngle>
      <velocity>-3.3306690738754696e-16</velocity>
      <orientation>3.5860024892383713</orientation>
      <time>80</time>
    </ksState>
    <ksState>
      <x>153.6459822199873</x>
      <y>164.6217741227972</y>
      <steeringAngle>-0.03553333333333333</steeringAngle>
      <velocity>0.8</velocity>
      <orientation>3.585634957460129</orientation>
      <time>81</time>
    </ksState>
    <ksState>
      <x>153.5359907567046</x>
      <y>164.5736578995107</y>
      <steeringAngle>-0.0710666666666667</steeringAngle>
      <velocity>1.6</velocity>
      <orientation>3.5830601108681437</orientation>
      <time>82</time>
    </ksState>
    <ksState>
      <x>153.35066344285326</x>
      <y>164.4978165580924</y>
      <steeringAngle>-0.10660000000000003</steeringAngle>
      <velocity>2.4000000000000004</velocity>
      <orientation>3.5760594066313063</orientation>
      <time>83</time>
    </ksState>
    <ksState>
      <x>153.08785301737353</x>
      <y>164.39930756017725</y>
      <steeringAngle>-0.14213333333333342</steeringAngle>
      <velocity>3.2000000000000015</velocity>
      <orientation>3.5623917656904864</orientation>
      <time>84</time>
    </ksState>
    <ksState>
      <x>152.74487763135076</x>
      <y>164.28534592534203</y>
      <steeringAngle>-0.17766666666666683</steeringAngle>
      <velocity>4.0000000000000036</velocity>
      <orientation>3.539781849817266</orientation>
      <time>85</time>
    </ksState>
    <ksState>
      <x>152.35760060063208</x>
      <y>164.17627817418236</y>
      <steeringAngle>-0.21319999999999995</steeringAngle>
      <velocity>4.0</velocity>
      <orientation>3.5090740671797658</orientation>
      <time>86</time>
    </ksState>
    <ksState>
      <x>151.96407675457328</x>
      <y>164.08799270115495</y>
      <steeringAngle>-0.24873333333333336</steeringAngle>
      <velocity>4.0</velocity>
      <orientation>3.4725952260570714</orientation>
      <time>87</time>
    </ksState>
    <ksState>
      <x>151.56484314127218</x>
      <y>164.02323071586568</y>
      <steeringAngle>-0.2842666666666667</steeringAngle>
      <velocity>4.0</velocity>
      <orientation>3.4302479922116236</orientation>
      <time>88</time>
    </ksState>
    <ksState>
      <x>151.16086956641493</x>
      <y>163.984842902026</y>
      <steeringAngle>-0.31980000000000003</steeringAngle>
      <velocity>4.0</velocity>
      <orientation>3.3819173108444884</orientation>
      <time>89</time>
    </ksState>
    <ksState>
      <x>150.75362858945766</x>
      <y>163.97575794891753</y>
      <steeringAngle>-0.35533333333333333</steeringAngle>
      <velocity>4.0</velocity>
      <orientation>3.32746910966621</orientation>
      <time>90</time>
    </ksState>
    <ksState>
      <x>150.3859637687027</x>
      <y>163.99535210676774</y>
      <steeringAngle>-0.3908666666666668</steeringAngle>
      <velocity>3.2000000000000006</velocity>
      <orientation>3.2729267228930277</orientation>
      <time>91</time>
    </ksState>
    <ksState>
      <x>150.10044333168733</x>
      <y>164.03144650388714</y>
      <steeringAngle>-0.4264</steeringAngle>
      <velocity>2.3999999999999995</velocity>
      <orientation>3.2260170860965105</orientation>
      <time>92</time>
    </ksState>
    <ksState>
      <x>149.8974401456221</x>
      <y>164.07043160796425</y>
      <steeringAngle>-0.4619333333333332</steeringAngle>
      <velocity>1.5999999999999996</velocity>
      <orientation>3.189219461571114</orientation>
      <time>93</time>
    </ksState>
    <ksState>
      <x>149.77630039041406</x>
      <y>164.10039813110916</y>
      <steeringAngle>-0.49746666666666656</steeringAngle>
      <velocity>0.7999999999999986</velocity>
      <orientation>3.165126025421132</orientation>
      <time>94</time>
    </ksState>
    <ksState>
      <x>149.7360712867486</x>
      <y>164.11195039775785</y>
      <steeringAngle>-0.5329999999999998</steeringAngle>
      <velocity>-1.5265566588595902e-15</velocity>
      <orientation>3.1564633592835514</orientation>
      <time>95</time>
    </ksState>
    <ksState>
      <x>149.7360712867486</x>
      <y>164.11195039775785</y>
      <steeringAngle>-0.49746666666666667</steeringAngle>
      <velocity>0.0</velocity>
      <orientation>3.1564633592835514</orientation>
      <time>96</time>
    </ksState>
    <ksState>
      <x>149.7360712867486</x>
      <y>164.11195039775785</y>
      <steeringAngle>-0.4619333333333333</steeringAngle>
      <velocity>0.0</velocity>
      <orientation>3.1564633592835514</orientation>
      <time>97</time>
    </ksState>
    <ksState>
      <x>149.7360712867486</x>
      <y>164.11195039775785</y>
      <steeringAngle>-0.42639999999999995</steeringAngle>
      <velocity>0.0</velocity>
      <orientation>3.1564633592835514</orientation>
      <time>98</time>
    </ksState>
    <ksState>
      <x>149.7360712867486</x>
      <y>164.11195039775785</y>
      <steeringAngle>-0.3908666666666666</steeringAngle>
      <velocity>0.0</velocity>
      <orientation>3.1564633592835514</orientation>
      <time>99</time>
    </ksState>
  </ksTrajectory>
</CommonRoadSolution>
