<?xml version="1.0" ?>
<CommonRoadSolution benchmark_id="KS2:SM1:DEU_Guetersloh-8_1_T-1:2020a" computation_time="0.5143603559999974" date="2022-12-18T12:01:12">
  <ksTrajectory planningProblem="1">
    <ksState>
      <x>843.88805</x>
      <y>106.52272</y>
      <steeringAngle>0.0</steeringAngle>
      <velocity>4.0</velocity>
      <orientation>-0.68178509</orientation>
      <time>0</time>
    </ksState>
    <ksState>
      <x>844.2327756967288</x>
      <y>106.24925738197095</y>
      <steeringAngle>0.035533333333333326</steeringAngle>
      <velocity>4.799999999999999</velocity>
      <orientation>-0.6786613113308092</orientation>
      <time>1</time>
    </ksState>
    <ksState>
      <x>844.6487453088016</x>
      <y>105.93685490569577</y>
      <steeringAngle>0.07106666666666667</steeringAngle>
      <velocity>5.599999999999998</velocity>
      <orientation>-0.6678107002696364</orientation>
      <time>2</time>
    </ksState>
    <ksState>
      <x>845.1415288616759</x>
      <y>105.59333815170933</y>
      <steeringAngle>0.10659999999999999</steeringAngle>
      <velocity>6.3999999999999995</velocity>
      <orientation>-0.6469937512693084</orientation>
      <time>3</time>
    </ksState>
    <ksState>
      <x>845.7181851324872</x>
      <y>105.23003848000536</y>
      <steeringAngle>0.14213333333333333</steeringAngle>
      <velocity>7.199999999999999</velocity>
      <orientation>-0.6139341802881433</orientation>
      <time>4</time>
    </ksState>
    <ksState>
      <x>846.3869129344241</x>
      <y>104.86289796027171</y>
      <steeringAngle>0.17766666666666664</steeringAngle>
      <velocity>7.9999999999999964</velocity>
      <orientation>-0.5663068582065967</orientation>
      <time>5</time>
    </ksState>
    <ksState>
      <x>847.0818261716448</x>
      <y>104.54464637255579</y>
      <steeringAngle>0.21320000000000014</steeringAngle>
      <velocity>7.200000000000003</velocity>
      <orientation>-0.5080575311351038</orientation>
      <time>6</time>
    </ksState>
    <ksState>
      <x>847.7259824460656</x>
      <y>104.31018128002447</y>
      <steeringAngle>0.24873333333333347</steeringAngle>
      <velocity>6.400000000000004</velocity>
      <orientation>-0.4461404436493245</orientation>
      <time>7</time>
    </ksState>
    <ksState>
      <x>848.3112467112189</x>
      <y>104.1507945608368</y>
      <steeringAngle>0.2842666666666668</steeringAngle>
      <velocity>5.600000000000001</velocity>
      <orientation>-0.3827183008854033</orientation>
      <time>8</time>
    </ksState>
    <ksState>
      <x>848.8299921032453</x>
      <y>104.05531637229012</y>
      <steeringAngle>0.3198</steeringAngle>
      <velocity>4.800000000000002</velocity>
      <orientation>-0.3199892011434507</orientation>
      <time>9</time>
    </ksState>
    <ksState>
      <x>849.2758017299928</x>
      <y>104.01073523817925</y>
      <steeringAngle>0.3553333333333332</steeringAngle>
      <velocity>4.000000000000001</velocity>
      <orientation>-0.26019936709523594</orientation>
      <time>10</time>
    </ksState>
    <ksState>
      <x>849.7235924471166</x>
      <y>103.99335804719227</y>
      <steeringAngle>0.31979999999999975</steeringAngle>
      <velocity>4.800000000000001</velocity>
      <orientation>-0.20040953206348738</orientation>
      <time>11</time>
    </ksState>
    <ksState>
      <x>850.2511657681489</x>
      <y>103.99418159233866</y>
      <steeringAngle>0.28426666666666645</steeringAngle>
      <velocity>5.600000000000004</velocity>
      <orientation>-0.13768043193216384</orientation>
      <time>12</time>
    </ksState>
    <ksState>
      <x>850.8572892021368</x>
      <y>104.0208813431306</y>
      <steeringAngle>0.2487333333333331</steeringAngle>
      <velocity>6.400000000000004</velocity>
      <orientation>-0.07425829523948796</orientation>
      <time>13</time>
    </ksState>
    <ksState>
      <x>851.5403798670833</x>
      <y>104.08000459137675</y>
      <steeringAngle>0.21319999999999992</steeringAngle>
      <velocity>7.200000000000004</velocity>
      <orientation>-0.012341206561688967</orientation>
      <time>14</time>
    </ksState>
    <ksState>
      <x>852.2987629389607</x>
      <y>104.1762951674434</y>
      <steeringAngle>0.17766666666666656</steeringAngle>
      <velocity>8.000000000000004</velocity>
      <orientation>0.04590812303927627</orientation>
      <time>15</time>
    </ksState>
    <ksState>
      <x>853.052042751556</x>
      <y>104.30635100014095</y>
      <steeringAngle>0.17766666666666667</steeringAngle>
      <velocity>7.2</velocity>
      <orientation>0.09882405048365364</orientation>
      <time>16</time>
    </ksState>
    <ksState>
      <x>853.7193676842788</x>
      <y>104.45634746521566</y>
      <steeringAngle>0.17766666666666667</steeringAngle>
      <velocity>6.4</velocity>
      <orientation>0.14616988027646483</orientation>
      <time>17</time>
    </ksState>
    <ksState>
      <x>854.3017156889923</x>
      <y>104.6147986063959</y>
      <steeringAngle>0.17766666666666667</steeringAngle>
      <velocity>5.599999999999999</velocity>
      <orientation>0.1879456124316496</orientation>
      <time>18</time>
    </ksState>
    <ksState>
      <x>854.8006897126252</x>
      <y>104.77169509999992</y>
      <steeringAngle>0.17766666666666667</steeringAngle>
      <velocity>4.799999999999999</velocity>
      <orientation>0.22415124695316407</orientation>
      <time>19</time>
    </ksState>
    <ksState>
      <x>855.2182331683958</x>
      <y>104.91848965462886</y>
      <steeringAngle>0.17766666666666667</steeringAngle>
      <velocity>4.0</velocity>
      <orientation>0.2547867838424941</orientation>
      <time>20</time>
    </ksState>
    <ksState>
      <x>855.5570571394582</x>
      <y>105.04433592938632</y>
      <steeringAngle>0.1421333333333333</steeringAngle>
      <velocity>3.1999999999999993</velocity>
      <orientation>0.2773966988159364</orientation>
      <time>21</time>
    </ksState>
    <ksState>
      <x>855.8203424862926</x>
      <y>105.1416048963284</y>
      <steeringAngle>0.10659999999999997</steeringAngle>
      <velocity>2.3999999999999977</velocity>
      <orientation>0.29106433968664375</orientation>
      <time>22</time>
    </ksState>
    <ksState>
      <x>856.0088228503323</x>
      <y>105.20924441190441</y>
      <steeringAngle>0.07106666666666664</steeringAngle>
      <velocity>1.5999999999999976</velocity>
      <orientation>0.2980650455398629</orientation>
      <time>23</time>
    </ksState>
    <ksState>
      <x>856.1224010461073</x>
      <y>105.24814844042496</y>
      <steeringAngle>0.0355333333333333</steeringAngle>
      <velocity>0.7999999999999972</velocity>
      <orientation>0.3006398900138302</orientation>
      <time>24</time>
    </ksState>
    <ksState>
      <x>856.1604493927692</x>
      <y>105.26050150225765</y>
      <steeringAngle>-2.5153490401663703e-17</steeringAngle>
      <velocity>-2.914335439641036e-15</velocity>
      <orientation>0.30100740159236133</orientation>
      <time>25</time>
    </ksState>
    <ksState>
      <x>856.1604493927692</x>
      <y>105.26050150225765</y>
      <steeringAngle>0.0</steeringAngle>
      <velocity>0.0</velocity>
      <orientation>0.30100740159236133</orientation>
      <time>26</time>
    </ksState>
    <ksState>
      <x>856.1604493927692</x>
      <y>105.26050150225765</y>
      <steeringAngle>0.0</steeringAngle>
      <velocity>0.0</velocity>
      <orientation>0.30100740159236133</orientation>
      <time>27</time>
    </ksState>
    <ksState>
      <x>856.1604493927692</x>
      <y>105.26050150225765</y>
      <steeringAngle>0.0</steeringAngle>
      <velocity>0.0</velocity>
      <orientation>0.30100740159236133</orientation>
      <time>28</time>
    </ksState>
    <ksState>
      <x>856.1604493927692</x>
      <y>105.26050150225765</y>
      <steeringAngle>0.0</steeringAngle>
      <velocity>0.0</velocity>
      <orientation>0.30100740159236133</orientation>
      <time>29</time>
    </ksState>
    <ksState>
      <x>856.1604493927692</x>
      <y>105.26050150225765</y>
      <steeringAngle>0.0</steeringAngle>
      <velocity>0.0</velocity>
      <orientation>0.30100740159236133</orientation>
      <time>30</time>
    </ksState>
    <ksState>
      <x>856.1988076076138</x>
      <y>105.27185576491723</y>
      <steeringAngle>-0.03553333333333333</steeringAngle>
      <velocity>0.8</velocity>
      <orientation>0.3006398698141194</orientation>
      <time>31</time>
    </ksState>
    <ksState>
      <x>856.3145464202391</x>
      <y>105.30375905926923</y>
      <steeringAngle>-0.0710666666666667</steeringAngle>
      <velocity>1.6</velocity>
      <orientation>0.29806502322213374</orientation>
      <time>32</time>
    </ksState>
    <ksState>
      <x>856.5088100337277</x>
      <y>105.35233653143293</y>
      <steeringAngle>-0.10660000000000003</steeringAngle>
      <velocity>2.4000000000000004</velocity>
      <orientation>0.2910643189852965</orientation>
      <time>33</time>
    </ksState>
  </ksTrajectory>
</CommonRoadSolution>
