<?xml version="1.0" ?>
<CommonRoadSolution benchmark_id="KS2:SM1:HRV_Pula-10_1_T-1:2020a" computation_time="1.6316669870002443" date="2022-12-18T12:01:12">
  <ksTrajectory planningProblem="1">
    <ksState>
      <x>550.92362</x>
      <y>103.09498</y>
      <steeringAngle>0.0</steeringAngle>
      <velocity>0.0</velocity>
      <orientation>2.819939</orientation>
      <time>0</time>
    </ksState>
    <ksState>
      <x>550.8858387007338</x>
      <y>103.10812706630236</y>
      <steeringAngle>-0.03553333333333333</steeringAngle>
      <velocity>0.8</velocity>
      <orientation>2.819571468221758</orientation>
      <time>1</time>
    </ksState>
    <ksState>
      <x>550.7732146939172</x>
      <y>103.14970982747828</y>
      <steeringAngle>-0.0710666666666667</steeringAngle>
      <velocity>1.6</velocity>
      <orientation>2.8169966216297726</orientation>
      <time>2</time>
    </ksState>
    <ksState>
      <x>550.587078320164</x>
      <y>103.22354323924738</y>
      <steeringAngle>-0.10660000000000003</steeringAngle>
      <velocity>2.4000000000000004</velocity>
      <orientation>2.809995917392935</orientation>
      <time>3</time>
    </ksState>
    <ksState>
      <x>550.3293885228893</x>
      <y>103.33476064252409</y>
      <steeringAngle>-0.14213333333333342</steeringAngle>
      <velocity>3.2000000000000015</velocity>
      <orientation>2.7963282764521153</orientation>
      <time>4</time>
    </ksState>
    <ksState>
      <x>550.0032148403028</x>
      <y>103.49042084430913</y>
      <steeringAngle>-0.17766666666666683</steeringAngle>
      <velocity>4.0000000000000036</velocity>
      <orientation>2.773718360578895</orientation>
      <time>5</time>
    </ksState>
    <ksState>
      <x>549.6836622949374</x>
      <y>103.66071815948263</y>
      <steeringAngle>-0.21319999999999997</steeringAngle>
      <velocity>3.2</velocity>
      <orientation>2.74617681501546</orientation>
      <time>6</time>
    </ksState>
    <ksState>
      <x>549.440994034777</x>
      <y>103.80497769980337</y>
      <steeringAngle>-0.24873333333333342</steeringAngle>
      <velocity>2.4000000000000004</velocity>
      <orientation>2.7207385846288106</orientation>
      <time>7</time>
    </ksState>
    <ksState>
      <x>549.2718369496745</x>
      <y>103.91579489049741</y>
      <steeringAngle>-0.2842666666666668</steeringAngle>
      <velocity>1.600000000000001</velocity>
      <orientation>2.699663684838231</orientation>
      <time>8</time>
    </ksState>
    <ksState>
      <x>549.1726251379092</x>
      <y>103.98633328988426</y>
      <steeringAngle>-0.3197999999999999</steeringAngle>
      <velocity>0.8000000000000007</velocity>
      <orientation>2.6852652575375267</orientation>
      <time>9</time>
    </ksState>
    <ksState>
      <x>549.1401316084575</x>
      <y>104.01086686617741</y>
      <steeringAngle>-0.3553333333333332</steeringAngle>
      <velocity>5.551115123125783e-16</velocity>
      <orientation>2.679923615901797</orientation>
      <time>10</time>
    </ksState>
    <ksState>
      <x>549.1401316084575</x>
      <y>104.01086686617741</y>
      <steeringAngle>-0.3198</steeringAngle>
      <velocity>0.0</velocity>
      <orientation>2.679923615901797</orientation>
      <time>11</time>
    </ksState>
    <ksState>
      <x>549.1401316084575</x>
      <y>104.01086686617741</y>
      <steeringAngle>-0.2842666666666666</steeringAngle>
      <velocity>0.0</velocity>
      <orientation>2.679923615901797</orientation>
      <time>12</time>
    </ksState>
    <ksState>
      <x>549.1401316084575</x>
      <y>104.01086686617741</y>
      <steeringAngle>-0.24873333333333333</steeringAngle>
      <velocity>0.0</velocity>
      <orientation>2.679923615901797</orientation>
      <time>13</time>
    </ksState>
    <ksState>
      <x>549.1401316084575</x>
      <y>104.01086686617741</y>
      <steeringAngle>-0.21320000000000003</steeringAngle>
      <velocity>0.0</velocity>
      <orientation>2.679923615901797</orientation>
      <time>14</time>
    </ksState>
    <ksState>
      <x>549.1401316084575</x>
      <y>104.01086686617741</y>
      <steeringAngle>-0.1776666666666667</steeringAngle>
      <velocity>0.0</velocity>
      <orientation>2.679923615901797</orientation>
      <time>15</time>
    </ksState>
    <ksState>
      <x>549.1058707663071</x>
      <y>104.03179379089019</y>
      <steeringAngle>-0.14213333333333333</steeringAngle>
      <velocity>0.8</velocity>
      <orientation>2.6775161186909946</orientation>
      <time>16</time>
    </ksState>
    <ksState>
      <x>549.0023903067873</x>
      <y>104.09309915796153</y>
      <steeringAngle>-0.10660000000000001</steeringAngle>
      <velocity>1.6</velocity>
      <orientation>2.67179183207066</orientation>
      <time>17</time>
    </ksState>
    <ksState>
      <x>548.828808605316</x>
      <y>104.19291975779667</y>
      <steeringAngle>-0.07106666666666664</steeringAngle>
      <velocity>2.4000000000000004</velocity>
      <orientation>2.6649763183076813</orientation>
      <time>18</time>
    </ksState>
    <ksState>
      <x>548.5841644912335</x>
      <y>104.32936127883175</y>
      <steeringAngle>-0.03553333333333332</steeringAngle>
      <velocity>3.1999999999999993</velocity>
      <orientation>2.6592753975947514</orientation>
      <time>19</time>
    </ksState>
    <ksState>
      <x>548.2670811362889</x>
      <y>104.49986242511777</y>
      <steeringAngle>2.6020852139652106e-18</steeringAngle>
      <velocity>3.999999999999999</velocity>
      <orientation>2.656886646006425</orientation>
      <time>20</time>
    </ksState>
    <ksState>
      <x>547.9485488270633</x>
      <y>104.66760379520724</y>
      <steeringAngle>0.0</steeringAngle>
      <velocity>3.2</velocity>
      <orientation>2.656886646006425</orientation>
      <time>21</time>
    </ksState>
    <ksState>
      <x>547.7008014757356</x>
      <y>104.79806930512295</y>
      <steeringAngle>0.0</steeringAngle>
      <velocity>2.4000000000000004</velocity>
      <orientation>2.656886646006425</orientation>
      <time>22</time>
    </ksState>
    <ksState>
      <x>547.5238390822157</x>
      <y>104.89125895491236</y>
      <steeringAngle>0.0</steeringAngle>
      <velocity>1.6</velocity>
      <orientation>2.656886646006425</orientation>
      <time>23</time>
    </ksState>
    <ksState>
      <x>547.4176616464676</x>
      <y>104.94717274459438</y>
      <steeringAngle>0.0</steeringAngle>
      <velocity>0.7999999999999998</velocity>
      <orientation>2.656886646006425</orientation>
      <time>24</time>
    </ksState>
    <ksState>
      <x>547.3822691684445</x>
      <y>104.96581067419369</y>
      <steeringAngle>0.0</steeringAngle>
      <velocity>-3.3306690738754696e-16</velocity>
      <orientation>2.656886646006425</orientation>
      <time>25</time>
    </ksState>
    <ksState>
      <x>547.3468766888975</x>
      <y>104.98444860459553</y>
      <steeringAngle>0.0</steeringAngle>
      <velocity>0.8</velocity>
      <orientation>2.656886646006425</orientation>
      <time>26</time>
    </ksState>
    <ksState>
      <x>547.240699251305</x>
      <y>105.0403623952488</y>
      <steeringAngle>0.0</steeringAngle>
      <velocity>1.6</velocity>
      <orientation>2.656886646006425</orientation>
      <time>27</time>
    </ksState>
    <ksState>
      <x>547.0637368558221</x>
      <y>105.13355204607194</y>
      <steeringAngle>0.0</steeringAngle>
      <velocity>2.4000000000000004</velocity>
      <orientation>2.656886646006425</orientation>
      <time>28</time>
    </ksState>
    <ksState>
      <x>546.8159895024955</x>
      <y>105.26401755704028</y>
      <steeringAngle>0.0</steeringAngle>
      <velocity>3.2000000000000006</velocity>
      <orientation>2.656886646006425</orientation>
      <time>29</time>
    </ksState>
    <ksState>
      <x>546.4974571913446</x>
      <y>105.43175892814368</y>
      <steeringAngle>0.0</steeringAngle>
      <velocity>4.000000000000001</velocity>
      <orientation>2.656886646006425</orientation>
      <time>30</time>
    </ksState>
    <ksState>
      <x>546.1455358670445</x>
      <y>105.62193041482628</y>
      <steeringAngle>-0.035533333333333326</steeringAngle>
      <velocity>4.0</velocity>
      <orientation>2.6541303714738245</orientation>
      <time>31</time>
    </ksState>
    <ksState>
      <x>545.7983762774551</x>
      <y>105.8209620354345</y>
      <steeringAngle>-0.07106666666666711</steeringAngle>
      <velocity>4.0</velocity>
      <orientation>2.645854610930539</orientation>
      <time>32</time>
    </ksState>
    <ksState>
      <x>545.4572349838818</x>
      <y>106.03072180255997</y>
      <steeringAngle>-0.10660000000000043</steeringAngle>
      <velocity>4.0</velocity>
      <orientation>2.632038371111402</orientation>
      <time>33</time>
    </ksState>
  </ksTrajectory>
</CommonRoadSolution>
