<?xml version="1.0" ?>
<CommonRoadSolution benchmark_id="KS2:SM1:DEU_Moelln-2_1_T-1:2020a" computation_time="0.5671677540003657" date="2022-12-18T12:01:12">
  <ksTrajectory planningProblem="1">
    <ksState>
      <x>152.11086</x>
      <y>-314.63178</y>
      <steeringAngle>0.0</steeringAngle>
      <velocity>8.0</velocity>
      <orientation>-2.5187441</orientation>
      <time>0</time>
    </ksState>
    <ksState>
      <x>151.46653607043135</x>
      <y>-315.1060107971402</y>
      <steeringAngle>0.03553333333333333</steeringAngle>
      <velocity>8.0</velocity>
      <orientation>-2.5132315649971613</orientation>
      <time>1</time>
    </ksState>
    <ksState>
      <x>150.83682495137202</x>
      <y>-315.59994295905375</y>
      <steeringAngle>0.07106666666666667</steeringAngle>
      <velocity>8.0</velocity>
      <orientation>-2.496680044116892</orientation>
      <time>2</time>
    </ksState>
    <ksState>
      <x>150.22783856908015</x>
      <y>-316.12011788040803</y>
      <steeringAngle>0.10659999999999997</steeringAngle>
      <velocity>8.0</velocity>
      <orientation>-2.4690475648261967</orientation>
      <time>3</time>
    </ksState>
    <ksState>
      <x>149.646595334215</x>
      <y>-316.67242023951684</y>
      <steeringAngle>0.1421333333333333</steeringAngle>
      <velocity>8.0</velocity>
      <orientation>-2.430263712553462</orientation>
      <time>4</time>
    </ksState>
    <ksState>
      <x>149.10121141273586</x>
      <y>-317.26181122606766</y>
      <steeringAngle>0.17766666666666667</steeringAngle>
      <velocity>8.0</velocity>
      <orientation>-2.3802289003043073</orientation>
      <time>5</time>
    </ksState>
    <ksState>
      <x>148.62502779234612</x>
      <y>-317.85967211291404</y>
      <steeringAngle>0.21320000000000014</steeringAngle>
      <velocity>7.200000000000003</velocity>
      <orientation>-2.3219795732328143</orientation>
      <time>6</time>
    </ksState>
    <ksState>
      <x>148.24238563516187</x>
      <y>-318.42843934565235</y>
      <steeringAngle>0.24873333333333347</steeringAngle>
      <velocity>6.400000000000004</velocity>
      <orientation>-2.260062485747035</orientation>
      <time>7</time>
    </ksState>
    <ksState>
      <x>147.94679133456378</x>
      <y>-318.9581207553438</y>
      <steeringAngle>0.2842666666666668</steeringAngle>
      <velocity>5.600000000000001</velocity>
      <orientation>-2.196640342983114</orientation>
      <time>8</time>
    </ksState>
    <ksState>
      <x>147.7292396230353</x>
      <y>-319.43862478139135</y>
      <steeringAngle>0.3198</steeringAngle>
      <velocity>4.800000000000002</velocity>
      <orientation>-2.1339112432411613</orientation>
      <time>9</time>
    </ksState>
    <ksState>
      <x>147.57864647588792</x>
      <y>-319.86059089952346</y>
      <steeringAngle>0.3553333333333332</steeringAngle>
      <velocity>4.000000000000001</velocity>
      <orientation>-2.0741214091929465</orientation>
      <time>10</time>
    </ksState>
    <ksState>
      <x>147.4731673654412</x>
      <y>-320.2558743144173</y>
      <steeringAngle>0.39086666666666653</steeringAngle>
      <velocity>4.0</velocity>
      <orientation>-2.0134010428869593</orientation>
      <time>11</time>
    </ksState>
    <ksState>
      <x>147.40157696822806</x>
      <y>-320.6607223098162</y>
      <steeringAngle>0.42639999999999995</steeringAngle>
      <velocity>4.0</velocity>
      <orientation>-1.9462314294305556</orientation>
      <time>12</time>
    </ksState>
    <ksState>
      <x>147.36759885471605</x>
      <y>-321.0727307270153</y>
      <steeringAngle>0.4619333333333333</steeringAngle>
      <velocity>4.0</velocity>
      <orientation>-1.8724108457982118</orientation>
      <time>13</time>
    </ksState>
    <ksState>
      <x>147.3749681854141</x>
      <y>-321.488639856303</y>
      <steeringAngle>0.49746666666666667</steeringAngle>
      <velocity>4.0</velocity>
      <orientation>-1.7917103039849913</orientation>
      <time>14</time>
    </ksState>
    <ksState>
      <x>147.4273028124974</x>
      <y>-321.9042182512549</y>
      <steeringAngle>0.533</steeringAngle>
      <velocity>4.0</velocity>
      <orientation>-1.7038704373851827</orientation>
      <time>15</time>
    </ksState>
    <ksState>
      <x>147.52793062937582</x>
      <y>-322.3141491349486</y>
      <steeringAngle>0.5685333333333333</steeringAngle>
      <velocity>4.0</velocity>
      <orientation>-1.608597797735953</orientation>
      <time>16</time>
    </ksState>
    <ksState>
      <x>147.67966457574778</x>
      <y>-322.71192825883526</y>
      <steeringAngle>0.6040666666666665</steeringAngle>
      <velocity>4.0</velocity>
      <orientation>-1.5055604445174902</orientation>
      <time>17</time>
    </ksState>
    <ksState>
      <x>147.88451663930252</x>
      <y>-323.08978592353725</y>
      <steeringAngle>0.6396</steeringAngle>
      <velocity>4.0</velocity>
      <orientation>-1.3943826617419997</orientation>
      <time>18</time>
    </ksState>
    <ksState>
      <x>148.1433422804703</x>
      <y>-323.43865110024564</y>
      <steeringAngle>0.6751333333333333</steeringAngle>
      <velocity>4.0</velocity>
      <orientation>-1.274638612862069</orientation>
      <time>19</time>
    </ksState>
    <ksState>
      <x>148.4554086524163</x>
      <y>-323.7481821181625</y>
      <steeringAngle>0.7106666666666664</steeringAngle>
      <velocity>4.0</velocity>
      <orientation>-1.1458446751777585</orientation>
      <time>20</time>
    </ksState>
    <ksState>
      <x>148.81788370075924</x>
      <y>-324.0068965948945</y>
      <steeringAngle>0.7461999999999996</steeringAngle>
      <velocity>4.0</velocity>
      <orientation>-1.0074501218265417</orientation>
      <time>21</time>
    </ksState>
    <ksState>
      <x>149.22525018898693</x>
      <y>-324.2024432929708</y>
      <steeringAngle>0.7817333333333332</steeringAngle>
      <velocity>4.0</velocity>
      <orientation>-0.858825719661368</orientation>
      <time>22</time>
    </ksState>
    <ksState>
      <x>149.66866068431827</x>
      <y>-324.3220700099487</y>
      <steeringAngle>0.8172666666666665</steeringAngle>
      <velocity>4.0</velocity>
      <orientation>-0.6992496664605228</orientation>
      <time>23</time>
    </ksState>
    <ksState>
      <x>150.1352686113389</x>
      <y>-324.3533540772135</y>
      <steeringAngle>0.8527999999999999</steeringAngle>
      <velocity>4.0</velocity>
      <orientation>-0.5278901030410119</orientation>
      <time>24</time>
    </ksState>
    <ksState>
      <x>150.6076002412712</x>
      <y>-324.2852733253259</y>
      <steeringAngle>0.888333333333333</steeringAngle>
      <velocity>4.0</velocity>
      <orientation>-0.34378315444337604</orientation>
      <time>25</time>
    </ksState>
    <ksState>
      <x>151.01914621837116</x>
      <y>-324.13161507412957</y>
      <steeringAngle>0.9238666666666666</steeringAngle>
      <velocity>3.200000000000001</velocity>
      <orientation>-0.1658443958201272</orientation>
      <time>26</time>
    </ksState>
    <ksState>
      <x>151.31701479877447</x>
      <y>-323.9465578572349</y>
      <steeringAngle>0.9593999999999998</steeringAngle>
      <velocity>2.399999999999999</velocity>
      <orientation>-0.016891732821242122</orientation>
      <time>27</time>
    </ksState>
    <ksState>
      <x>151.51015560027807</x>
      <y>-323.77570584890424</y>
      <steeringAngle>0.9949333333333338</steeringAngle>
      <velocity>1.5999999999999979</velocity>
      <orientation>0.09777490712364034</orientation>
      <time>28</time>
    </ksState>
    <ksState>
      <x>151.61484599091034</x>
      <y>-323.65499846094497</y>
      <steeringAngle>1.0304666666666673</steeringAngle>
      <velocity>0.7999999999999972</velocity>
      <orientation>0.17200853827533447</orientation>
      <time>29</time>
    </ksState>
    <ksState>
      <x>151.64719654423044</x>
      <y>-323.61047929584527</y>
      <steeringAngle>1.0659999901600319</steeringAngle>
      <velocity>-3.0809324208058535e-15</velocity>
      <orientation>0.19858012741217457</orientation>
      <time>30</time>
    </ksState>
    <ksState>
      <x>151.64719654423044</x>
      <y>-323.61047929584527</y>
      <steeringAngle>1.0304666666666669</steeringAngle>
      <velocity>0.0</velocity>
      <orientation>0.19858012741217457</orientation>
      <time>31</time>
    </ksState>
    <ksState>
      <x>151.64719654423044</x>
      <y>-323.61047929584527</y>
      <steeringAngle>0.9949333333333334</steeringAngle>
      <velocity>0.0</velocity>
      <orientation>0.19858012741217457</orientation>
      <time>32</time>
    </ksState>
    <ksState>
      <x>151.64719654423044</x>
      <y>-323.61047929584527</y>
      <steeringAngle>0.9594000000000003</steeringAngle>
      <velocity>0.0</velocity>
      <orientation>0.19858012741217457</orientation>
      <time>33</time>
    </ksState>
  </ksTrajectory>
</CommonRoadSolution>
