<?xml version="1.0" ?>
<CommonRoadSolution benchmark_id="KS2:SM1:FRA_Miramas-2_1_T-1:2020a" computation_time="1.3900196039994626" date="2022-12-18T12:01:12">
  <ksTrajectory planningProblem="1">
    <ksState>
      <x>651.99661</x>
      <y>60.787141</y>
      <steeringAngle>0.0</steeringAngle>
      <velocity>4.0</velocity>
      <orientation>-0.21957578</orientation>
      <time>0</time>
    </ksState>
    <ksState>
      <x>652.4271077316818</x>
      <y>60.69609533859105</y>
      <steeringAngle>0.035533333333333326</steeringAngle>
      <velocity>4.799999999999999</velocity>
      <orientation>-0.2164520013308092</orientation>
      <time>1</time>
    </ksState>
    <ksState>
      <x>652.9387380402065</x>
      <y>60.60196536063726</y>
      <steeringAngle>0.07106666666666667</steeringAngle>
      <velocity>5.599999999999998</velocity>
      <orientation>-0.2056013902696364</orientation>
      <time>2</time>
    </ksState>
    <ksState>
      <x>653.5329968502899</x>
      <y>60.514239327494195</y>
      <steeringAngle>0.10659999999999999</steeringAngle>
      <velocity>6.3999999999999995</velocity>
      <orientation>-0.1847844412693084</orientation>
      <time>3</time>
    </ksState>
    <ksState>
      <x>654.2111493022626</x>
      <y>60.44620729085116</y>
      <steeringAngle>0.14213333333333333</steeringAngle>
      <velocity>7.199999999999999</velocity>
      <orientation>-0.15172487028814324</orientation>
      <time>4</time>
    </ksState>
    <ksState>
      <x>654.9734249094817</x>
      <y>60.4157945804749</y>
      <steeringAngle>0.17766666666666664</steeringAngle>
      <velocity>7.9999999999999964</velocity>
      <orientation>-0.10409754820659663</orientation>
      <time>5</time>
    </ksState>
    <ksState>
      <x>655.7363931608127</x>
      <y>60.42306365050094</y>
      <steeringAngle>0.1421333333333334</steeringAngle>
      <velocity>7.2</velocity>
      <orientation>-0.0564702264609597</orientation>
      <time>6</time>
    </ksState>
    <ksState>
      <x>656.4177191200678</x>
      <y>60.443445858339594</y>
      <steeringAngle>0.10660000000000011</steeringAngle>
      <velocity>6.4</velocity>
      <orientation>-0.023410656012991735</orientation>
      <time>7</time>
    </ksState>
    <ksState>
      <x>657.0180478485084</x>
      <y>60.46567476865504</y>
      <steeringAngle>0.07106666666666674</steeringAngle>
      <velocity>5.600000000000001</velocity>
      <orientation>-0.0025937077191032637</orientation>
      <time>8</time>
    </ksState>
    <ksState>
      <x>657.537998497732</x>
      <y>60.482895419527246</y>
      <steeringAngle>0.03553333333333339</steeringAngle>
      <velocity>4.800000000000001</velocity>
      <orientation>0.008256901938559616</orientation>
      <time>9</time>
    </ksState>
    <ksState>
      <x>657.9779312221668</x>
      <y>60.49188166130198</y>
      <steeringAngle>5.5294310796760726e-17</steeringAngle>
      <velocity>4.0</velocity>
      <orientation>0.01138067777572517</orientation>
      <time>10</time>
    </ksState>
    <ksState>
      <x>658.377974304816</x>
      <y>60.49214523866891</y>
      <steeringAngle>-0.035533333333333326</steeringAngle>
      <velocity>4.0</velocity>
      <orientation>0.008624403243124771</orientation>
      <time>11</time>
    </ksState>
    <ksState>
      <x>658.7780469844533</x>
      <y>60.482350084081865</y>
      <steeringAngle>-0.07106666666666711</steeringAngle>
      <velocity>4.0</velocity>
      <orientation>0.00034864269983934937</orientation>
      <time>12</time>
    </ksState>
    <ksState>
      <x>659.1779333241984</x>
      <y>60.46025511933852</y>
      <steeringAngle>-0.10660000000000043</steeringAngle>
      <velocity>4.0</velocity>
      <orientation>-0.013467597119297497</orientation>
      <time>13</time>
    </ksState>
    <ksState>
      <x>659.5772109137786</x>
      <y>60.423595022946934</y>
      <steeringAngle>-0.14213333333333378</steeringAngle>
      <velocity>4.0</velocity>
      <orientation>-0.03285952350484333</orientation>
      <time>14</time>
    </ksState>
    <ksState>
      <x>659.9752090873183</x>
      <y>60.3700862241755</y>
      <steeringAngle>-0.1776666666666672</steeringAngle>
      <velocity>4.0</velocity>
      <orientation>-0.05787692995624065</orientation>
      <time>15</time>
    </ksState>
    <ksState>
      <x>660.3317989591934</x>
      <y>60.30918859977361</y>
      <steeringAngle>-0.17766666666666667</steeringAngle>
      <velocity>3.2000000000000006</velocity>
      <orientation>-0.08294236922441825</orientation>
      <time>16</time>
    </ksState>
    <ksState>
      <x>660.6080254369984</x>
      <y>60.255656078548405</y>
      <steeringAngle>-0.17766666666666667</steeringAngle>
      <velocity>2.4000000000000012</velocity>
      <orientation>-0.10243771085444803</orientation>
      <time>17</time>
    </ksState>
    <ksState>
      <x>660.8046651118086</x>
      <y>60.2141267136622</y>
      <steeringAngle>-0.17766666666666667</steeringAngle>
      <velocity>1.6000000000000005</velocity>
      <orientation>-0.11636295485342898</orientation>
      <time>18</time>
    </ksState>
    <ksState>
      <x>660.9223646215966</x>
      <y>60.18789616119487</y>
      <steeringAngle>-0.17766666666666667</steeringAngle>
      <velocity>0.8000000000000004</velocity>
      <orientation>-0.1247181012241831</orientation>
      <time>19</time>
    </ksState>
    <ksState>
      <x>660.961548580341</x>
      <y>60.17893421419059</y>
      <steeringAngle>-0.17766666666666667</steeringAngle>
      <velocity>2.7755575615628914e-16</velocity>
      <orientation>-0.12750314997039847</orientation>
      <time>20</time>
    </ksState>
    <ksState>
      <x>660.961548580341</x>
      <y>60.17893421419059</y>
      <steeringAngle>-0.14213333333333336</steeringAngle>
      <velocity>0.0</velocity>
      <orientation>-0.12750314997039847</orientation>
      <time>21</time>
    </ksState>
    <ksState>
      <x>660.961548580341</x>
      <y>60.17893421419059</y>
      <steeringAngle>-0.10660000000000001</steeringAngle>
      <velocity>0.0</velocity>
      <orientation>-0.12750314997039847</orientation>
      <time>22</time>
    </ksState>
    <ksState>
      <x>660.961548580341</x>
      <y>60.17893421419059</y>
      <steeringAngle>-0.07106666666666668</steeringAngle>
      <velocity>0.0</velocity>
      <orientation>-0.12750314997039847</orientation>
      <time>23</time>
    </ksState>
    <ksState>
      <x>660.961548580341</x>
      <y>60.17893421419059</y>
      <steeringAngle>-0.03553333333333333</steeringAngle>
      <velocity>0.0</velocity>
      <orientation>-0.12750314997039847</orientation>
      <time>24</time>
    </ksState>
    <ksState>
      <x>660.961548580341</x>
      <y>60.17893421419059</y>
      <steeringAngle>-0.0</steeringAngle>
      <velocity>0.0</velocity>
      <orientation>-0.12750314997039847</orientation>
      <time>25</time>
    </ksState>
    <ksState>
      <x>661.0012910231394</x>
      <y>60.174372397992826</y>
      <steeringAngle>0.03553333333333333</steeringAngle>
      <velocity>0.8</velocity>
      <orientation>-0.1271356181921565</orientation>
      <time>26</time>
    </ksState>
    <ksState>
      <x>661.1207997434437</x>
      <y>60.162928678770214</y>
      <steeringAngle>0.0710666666666667</steeringAngle>
      <velocity>1.6</velocity>
      <orientation>-0.12456077160017084</orientation>
      <time>27</time>
    </ksState>
    <ksState>
      <x>661.3205328295547</x>
      <y>60.14861726234701</y>
      <steeringAngle>0.10660000000000003</steeringAngle>
      <velocity>2.4000000000000004</velocity>
      <orientation>-0.11756006736333363</orientation>
      <time>28</time>
    </ksState>
    <ksState>
      <x>661.6009545667836</x>
      <y>60.13691291697377</y>
      <steeringAngle>0.14213333333333342</steeringAngle>
      <velocity>3.2000000000000015</velocity>
      <orientation>-0.10389242642251348</orientation>
      <time>29</time>
    </ksState>
    <ksState>
      <x>661.9623648507791</x>
      <y>60.13550712389241</y>
      <steeringAngle>0.17766666666666683</steeringAngle>
      <velocity>4.0000000000000036</velocity>
      <orientation>-0.08128251054929334</orientation>
      <time>30</time>
    </ksState>
    <ksState>
      <x>662.3641116984198</x>
      <y>60.1481176936712</y>
      <steeringAngle>0.17766666666666667</steeringAngle>
      <velocity>4.0</velocity>
      <orientation>-0.05343202239403744</orientation>
      <time>31</time>
    </ksState>
    <ksState>
      <x>662.765351619153</x>
      <y>60.1719107675374</y>
      <steeringAngle>0.17766666666666667</steeringAngle>
      <velocity>4.0</velocity>
      <orientation>-0.025581534238781553</orientation>
      <time>32</time>
    </ksState>
    <ksState>
      <x>663.165773377591</x>
      <y>60.20686789710266</y>
      <steeringAngle>0.17766666666666667</steeringAngle>
      <velocity>4.0</velocity>
      <orientation>0.002268953916474331</orientation>
      <time>33</time>
    </ksState>
  </ksTrajectory>
</CommonRoadSolution>
