<?xml version="1.0" ?>
<CommonRoadSolution benchmark_id="KS2:SM1:DEU_Backnang-9_1_T-1:2020a" computation_time="0.7180009099997733" date="2022-12-18T12:01:12">
  <ksTrajectory planningProblem="1">
    <ksState>
      <x>-126.38002</x>
      <y>-198.21601</y>
      <steeringAngle>0.0</steeringAngle>
      <velocity>8.0</velocity>
      <orientation>-2.7503173</orientation>
      <time>0</time>
    </ksState>
    <ksState>
      <x>-127.07927827169051</x>
      <y>-198.51380252503816</y>
      <steeringAngle>0.03553333333333333</steeringAngle>
      <velocity>7.199999999999999</velocity>
      <orientation>-2.7451722870175077</orientation>
      <time>1</time>
    </ksState>
    <ksState>
      <x>-127.69709119437057</x>
      <y>-198.79853725664304</y>
      <steeringAngle>0.07106666666666664</steeringAngle>
      <velocity>6.400000000000001</velocity>
      <orientation>-2.7311956148965444</orientation>
      <time>2</time>
    </ksState>
    <ksState>
      <x>-128.23294219899907</x>
      <y>-199.06999270551947</y>
      <steeringAngle>0.10659999999999997</steeringAngle>
      <velocity>5.600000000000004</velocity>
      <orientation>-2.710563847030663</orientation>
      <time>3</time>
    </ksState>
    <ksState>
      <x>-128.68740265301642</x>
      <y>-199.32515103945065</y>
      <steeringAngle>0.1421333333333333</steeringAngle>
      <velocity>4.800000000000003</velocity>
      <orientation>-2.685447639522015</orientation>
      <time>4</time>
    </ksState>
    <ksState>
      <x>-129.06214669783722</x>
      <y>-199.5589443381836</y>
      <steeringAngle>0.17766666666666653</steeringAngle>
      <velocity>4.000000000000006</velocity>
      <orientation>-2.658022742936865</orientation>
      <time>5</time>
    </ksState>
    <ksState>
      <x>-129.4276495980065</x>
      <y>-199.8077254724297</y>
      <steeringAngle>0.17766666666666667</steeringAngle>
      <velocity>4.800000000000002</velocity>
      <orientation>-2.6273872058945305</orientation>
      <time>6</time>
    </ksState>
    <ksState>
      <x>-129.8495355208414</x>
      <y>-200.116004176357</y>
      <steeringAngle>0.17766666666666667</steeringAngle>
      <velocity>5.600000000000001</velocity>
      <orientation>-2.5911815712179904</orientation>
      <time>7</time>
    </ksState>
    <ksState>
      <x>-130.32208270721534</x>
      <y>-200.4904087916588</y>
      <steeringAngle>0.17766666666666667</steeringAngle>
      <velocity>6.3999999999999995</velocity>
      <orientation>-2.5494058389083505</orientation>
      <time>8</time>
    </ksState>
    <ksState>
      <x>-130.83819187660333</x>
      <y>-200.93816032984265</y>
      <steeringAngle>0.17766666666666667</steeringAngle>
      <velocity>7.200000000000002</velocity>
      <orientation>-2.5020600089662537</orientation>
      <time>9</time>
    </ksState>
    <ksState>
      <x>-131.3892058877971</x>
      <y>-201.46685231213863</y>
      <steeringAngle>0.17766666666666667</steeringAngle>
      <velocity>8.0</velocity>
      <orientation>-2.4491440813921037</orientation>
      <time>10</time>
    </ksState>
    <ksState>
      <x>-131.91148548090212</x>
      <y>-202.02394805892962</y>
      <steeringAngle>0.17766666666666667</steeringAngle>
      <velocity>7.2</velocity>
      <orientation>-2.3962281539477264</orientation>
      <time>11</time>
    </ksState>
    <ksState>
      <x>-132.35323401138845</x>
      <y>-202.5452045627587</y>
      <steeringAngle>0.17766666666666667</steeringAngle>
      <velocity>6.4</velocity>
      <orientation>-2.348882324154915</orientation>
      <time>12</time>
    </ksState>
    <ksState>
      <x>-132.72214468272117</x>
      <y>-203.02205314354262</y>
      <steeringAngle>0.17766666666666667</steeringAngle>
      <velocity>5.599999999999999</velocity>
      <orientation>-2.3071065919997302</orientation>
      <time>13</time>
    </ksState>
    <ksState>
      <x>-133.0255201824887</x>
      <y>-203.44747857585216</y>
      <steeringAngle>0.17766666666666667</steeringAngle>
      <velocity>4.799999999999999</velocity>
      <orientation>-2.270900957478216</orientation>
      <time>14</time>
    </ksState>
    <ksState>
      <x>-133.27005462641327</x>
      <y>-203.8158361877327</y>
      <steeringAngle>0.17766666666666667</steeringAngle>
      <velocity>4.0</velocity>
      <orientation>-2.240265420588886</orientation>
      <time>15</time>
    </ksState>
    <ksState>
      <x>-133.46166055757075</x>
      <y>-204.1226782065747</y>
      <steeringAngle>0.17766666666666667</steeringAngle>
      <velocity>3.2000000000000006</velocity>
      <orientation>-2.2151999813207084</orientation>
      <time>16</time>
    </ksState>
    <ksState>
      <x>-133.60533500488606</x>
      <y>-204.36459648008451</y>
      <steeringAngle>0.17766666666666667</steeringAngle>
      <velocity>2.4000000000000012</velocity>
      <orientation>-2.1957046396906783</orientation>
      <time>17</time>
    </ksState>
    <ksState>
      <x>-133.70505867069784</x>
      <y>-204.5390872830924</y>
      <steeringAngle>0.17766666666666667</steeringAngle>
      <velocity>1.6000000000000005</velocity>
      <orientation>-2.1817793956916978</orientation>
      <time>18</time>
    </ksState>
    <ksState>
      <x>-133.76372316060912</x>
      <y>-204.64444236892376</y>
      <steeringAngle>0.17766666666666667</steeringAngle>
      <velocity>0.8000000000000004</velocity>
      <orientation>-2.1734242493209432</orientation>
      <time>19</time>
    </ksState>
    <ksState>
      <x>-133.78308211647519</x>
      <y>-204.67966920450064</y>
      <steeringAngle>0.17766666666666667</steeringAngle>
      <velocity>2.7755575615628914e-16</velocity>
      <orientation>-2.170639200574728</orientation>
      <time>20</time>
    </ksState>
    <ksState>
      <x>-133.78308211647519</x>
      <y>-204.67966920450064</y>
      <steeringAngle>0.14213333333333336</steeringAngle>
      <velocity>0.0</velocity>
      <orientation>-2.170639200574728</orientation>
      <time>21</time>
    </ksState>
    <ksState>
      <x>-133.78308211647519</x>
      <y>-204.67966920450064</y>
      <steeringAngle>0.10660000000000001</steeringAngle>
      <velocity>0.0</velocity>
      <orientation>-2.170639200574728</orientation>
      <time>22</time>
    </ksState>
    <ksState>
      <x>-133.78308211647519</x>
      <y>-204.67966920450064</y>
      <steeringAngle>0.07106666666666668</steeringAngle>
      <velocity>0.0</velocity>
      <orientation>-2.170639200574728</orientation>
      <time>23</time>
    </ksState>
    <ksState>
      <x>-133.78308211647519</x>
      <y>-204.67966920450064</y>
      <steeringAngle>0.03553333333333333</steeringAngle>
      <velocity>0.0</velocity>
      <orientation>-2.170639200574728</orientation>
      <time>24</time>
    </ksState>
    <ksState>
      <x>-133.78308211647519</x>
      <y>-204.67966920450064</y>
      <steeringAngle>0.0</steeringAngle>
      <velocity>0.0</velocity>
      <orientation>-2.170639200574728</orientation>
      <time>25</time>
    </ksState>
    <ksState>
      <x>-133.78308211647519</x>
      <y>-204.67966920450064</y>
      <steeringAngle>0.0</steeringAngle>
      <velocity>0.0</velocity>
      <orientation>-2.170639200574728</orientation>
      <time>26</time>
    </ksState>
    <ksState>
      <x>-133.78308211647519</x>
      <y>-204.67966920450064</y>
      <steeringAngle>0.0</steeringAngle>
      <velocity>0.0</velocity>
      <orientation>-2.170639200574728</orientation>
      <time>27</time>
    </ksState>
    <ksState>
      <x>-133.78308211647519</x>
      <y>-204.67966920450064</y>
      <steeringAngle>0.0</steeringAngle>
      <velocity>0.0</velocity>
      <orientation>-2.170639200574728</orientation>
      <time>28</time>
    </ksState>
    <ksState>
      <x>-133.78308211647519</x>
      <y>-204.67966920450064</y>
      <steeringAngle>0.0</steeringAngle>
      <velocity>0.0</velocity>
      <orientation>-2.170639200574728</orientation>
      <time>29</time>
    </ksState>
    <ksState>
      <x>-133.78308211647519</x>
      <y>-204.67966920450064</y>
      <steeringAngle>0.0</steeringAngle>
      <velocity>0.0</velocity>
      <orientation>-2.170639200574728</orientation>
      <time>30</time>
    </ksState>
    <ksState>
      <x>-133.78308211647519</x>
      <y>-204.67966920450064</y>
      <steeringAngle>0.0</steeringAngle>
      <velocity>0.0</velocity>
      <orientation>-2.170639200574728</orientation>
      <time>31</time>
    </ksState>
    <ksState>
      <x>-133.78308211647519</x>
      <y>-204.67966920450064</y>
      <steeringAngle>0.0</steeringAngle>
      <velocity>0.0</velocity>
      <orientation>-2.170639200574728</orientation>
      <time>32</time>
    </ksState>
    <ksState>
      <x>-133.78308211647519</x>
      <y>-204.67966920450064</y>
      <steeringAngle>0.0</steeringAngle>
      <velocity>0.0</velocity>
      <orientation>-2.170639200574728</orientation>
      <time>33</time>
    </ksState>
  </ksTrajectory>
</CommonRoadSolution>
