<?xml version="1.0" ?>
<CommonRoadSolution benchmark_id="KS2:SM1:DEU_Guetersloh-42_1_T-1:2020a" computation_time="1.2409101240000382" date="2022-12-18T12:01:12">
  <ksTrajectory planningProblem="1">
    <ksState>
      <x>56.919321</x>
      <y>309.99441</y>
      <steeringAngle>0.0</steeringAngle>
      <velocity>8.0</velocity>
      <orientation>0.0040830593</orientation>
      <time>0</time>
    </ksState>
    <ksState>
      <x>57.679335342914655</x>
      <y>309.9889012256943</y>
      <steeringAngle>-0.03553333333333333</steeringAngle>
      <velocity>7.199999999999999</velocity>
      <orientation>-0.0010619536824923248</orientation>
      <time>1</time>
    </ksState>
    <ksState>
      <x>58.359157413904285</x>
      <y>309.96407511520516</y>
      <steeringAngle>-0.07106666666666664</steeringAngle>
      <velocity>6.400000000000001</velocity>
      <orientation>-0.015038625803455434</orientation>
      <time>2</time>
    </ksState>
    <ksState>
      <x>58.95822518732079</x>
      <y>309.91993709512434</y>
      <steeringAngle>-0.10659999999999997</steeringAngle>
      <velocity>5.600000000000004</velocity>
      <orientation>-0.0356703936693368</orientation>
      <time>3</time>
    </ksState>
    <ksState>
      <x>59.47590366768846</x>
      <y>309.85949225281024</y>
      <steeringAngle>-0.1421333333333333</steeringAngle>
      <velocity>4.800000000000003</velocity>
      <orientation>-0.06078660117798507</orientation>
      <time>4</time>
    </ksState>
    <ksState>
      <x>59.91178599550676</x>
      <y>309.78806235736425</y>
      <steeringAngle>-0.17766666666666653</steeringAngle>
      <velocity>4.000000000000006</velocity>
      <orientation>-0.08821149776313487</orientation>
      <time>5</time>
    </ksState>
    <ksState>
      <x>60.266364795638395</x>
      <y>309.71637740860274</y>
      <steeringAngle>-0.17766666666666667</steeringAngle>
      <velocity>3.2000000000000006</velocity>
      <orientation>-0.11327693703131247</orientation>
      <time>6</time>
    </ksState>
    <ksState>
      <x>60.54084055645907</x>
      <y>309.65449158961917</y>
      <steeringAngle>-0.17766666666666667</steeringAngle>
      <velocity>2.4000000000000012</velocity>
      <orientation>-0.13277227866134225</orientation>
      <time>7</time>
    </ksState>
    <ksState>
      <x>60.7361301835289</x>
      <y>309.60701726586194</y>
      <steeringAngle>-0.17766666666666667</steeringAngle>
      <velocity>1.6000000000000005</velocity>
      <orientation>-0.1466975226603232</orientation>
      <time>8</time>
    </ksState>
    <ksState>
      <x>60.85297997430134</x>
      <y>309.57722896474365</y>
      <steeringAngle>-0.17766666666666667</steeringAngle>
      <velocity>0.8000000000000004</velocity>
      <orientation>-0.15505266903107734</orientation>
      <time>9</time>
    </ksState>
    <ksState>
      <x>60.89187409106501</x>
      <y>309.56708269458363</y>
      <steeringAngle>-0.17766666666666667</steeringAngle>
      <velocity>2.7755575615628914e-16</velocity>
      <orientation>-0.1578377177772927</orientation>
      <time>10</time>
    </ksState>
    <ksState>
      <x>60.930826572613206</x>
      <y>309.5573643786784</y>
      <steeringAngle>-0.14213333333333333</steeringAngle>
      <velocity>0.8</velocity>
      <orientation>-0.16024521498809516</orientation>
      <time>11</time>
    </ksState>
    <ksState>
      <x>61.04790857339821</x>
      <y>309.5298260667047</y>
      <steeringAngle>-0.10660000000000001</steeringAngle>
      <velocity>1.6</velocity>
      <orientation>-0.16596950160842985</orientation>
      <time>12</time>
    </ksState>
    <ksState>
      <x>61.243403905424</x>
      <y>309.48650939101015</y>
      <steeringAngle>-0.07106666666666664</steeringAngle>
      <velocity>2.4000000000000004</velocity>
      <orientation>-0.17278501537140853</orientation>
      <time>13</time>
    </ksState>
    <ksState>
      <x>61.51766297831096</x>
      <y>309.42950945981073</y>
      <steeringAngle>-0.03553333333333332</steeringAngle>
      <velocity>3.1999999999999993</velocity>
      <orientation>-0.1784859360843383</orientation>
      <time>14</time>
    </ksState>
    <ksState>
      <x>61.87123327380226</x>
      <y>309.3616821716887</y>
      <steeringAngle>2.6020852139652106e-18</steeringAngle>
      <velocity>3.999999999999999</velocity>
      <orientation>-0.18087468767266515</orientation>
      <time>15</time>
    </ksState>
    <ksState>
      <x>62.30493133847824</x>
      <y>309.28736125847564</y>
      <steeringAngle>0.035533333333333326</steeringAngle>
      <velocity>4.799999999999999</velocity>
      <orientation>-0.17775090900347434</orientation>
      <time>16</time>
    </ksState>
    <ksState>
      <x>62.819820565050534</x>
      <y>309.21309747382537</y>
      <steeringAngle>0.07106666666666667</steeringAngle>
      <velocity>5.599999999999998</velocity>
      <orientation>-0.16690029794230155</orientation>
      <time>17</time>
    </ksState>
    <ksState>
      <x>63.41702864367511</x>
      <y>309.14842985381193</y>
      <steeringAngle>0.10659999999999999</steeringAngle>
      <velocity>6.3999999999999995</velocity>
      <orientation>-0.14608334894197356</orientation>
      <time>18</time>
    </ksState>
    <ksState>
      <x>64.0973055562206</x>
      <y>309.1066874487075</y>
      <steeringAngle>0.14213333333333333</steeringAngle>
      <velocity>7.199999999999999</velocity>
      <orientation>-0.11302377796080841</orientation>
      <time>19</time>
    </ksState>
    <ksState>
      <x>64.8601870875058</x>
      <y>309.1057910461032</y>
      <steeringAngle>0.17766666666666664</steeringAngle>
      <velocity>7.9999999999999964</velocity>
      <orientation>-0.06539645587926178</orientation>
      <time>20</time>
    </ksState>
    <ksState>
      <x>65.66249422785906</x>
      <y>309.15494585549396</y>
      <steeringAngle>0.17766666666666667</steeringAngle>
      <velocity>8.0</velocity>
      <orientation>-0.009695479568749991</orientation>
      <time>21</time>
    </ksState>
    <ksState>
      <x>66.46082055341898</x>
      <y>309.24869061469514</y>
      <steeringAngle>0.17766666666666667</steeringAngle>
      <velocity>8.0</velocity>
      <orientation>0.046005496741761756</orientation>
      <time>22</time>
    </ksState>
    <ksState>
      <x>67.25268978351905</x>
      <y>309.3867345483425</y>
      <steeringAngle>0.17766666666666667</steeringAngle>
      <velocity>8.0</velocity>
      <orientation>0.10170647305227344</orientation>
      <time>23</time>
    </ksState>
    <ksState>
      <x>68.03564570093855</x>
      <y>309.5686494722318</y>
      <steeringAngle>0.17766666666666667</steeringAngle>
      <velocity>8.0</velocity>
      <orientation>0.15740744936278528</orientation>
      <time>24</time>
    </ksState>
    <ksState>
      <x>68.80725973624321</x>
      <y>309.7938711238867</y>
      <steeringAngle>0.17766666666666667</steeringAngle>
      <velocity>8.0</velocity>
      <orientation>0.21310842567329707</orientation>
      <time>25</time>
    </ksState>
    <ksState>
      <x>69.52760722271748</x>
      <y>310.04730976181855</y>
      <steeringAngle>0.17766666666666667</steeringAngle>
      <velocity>7.2</velocity>
      <orientation>0.2660243531176745</orientation>
      <time>26</time>
    </ksState>
    <ksState>
      <x>70.1599707064957</x>
      <y>310.30608868552537</y>
      <steeringAngle>0.17766666666666667</steeringAngle>
      <velocity>6.4</velocity>
      <orientation>0.31337018291048563</orientation>
      <time>27</time>
    </ksState>
    <ksState>
      <x>70.70722454064641</x>
      <y>310.559056852349</y>
      <steeringAngle>0.17766666666666667</steeringAngle>
      <velocity>5.599999999999999</velocity>
      <orientation>0.3551459150656704</orientation>
      <time>28</time>
    </ksState>
    <ksState>
      <x>71.17261301735797</x>
      <y>310.7966217025669</y>
      <steeringAngle>0.17766666666666667</steeringAngle>
      <velocity>4.799999999999999</velocity>
      <orientation>0.3913515495871849</orientation>
      <time>29</time>
    </ksState>
    <ksState>
      <x>71.55947253409411</x>
      <y>311.010687437346</y>
      <steeringAngle>0.17766666666666667</steeringAngle>
      <velocity>4.0</velocity>
      <orientation>0.4219870864765149</orientation>
      <time>30</time>
    </ksState>
    <ksState>
      <x>71.87262782396593</x>
      <y>311.191166612494</y>
      <steeringAngle>0.1421333333333333</steeringAngle>
      <velocity>3.1999999999999993</velocity>
      <orientation>0.44459700144995723</orientation>
      <time>31</time>
    </ksState>
    <ksState>
      <x>72.11605381147291</x>
      <y>311.330895687471</y>
      <steeringAngle>0.10659999999999997</steeringAngle>
      <velocity>2.3999999999999977</velocity>
      <orientation>0.45826464232066455</orientation>
      <time>32</time>
    </ksState>
    <ksState>
      <x>72.29064900730087</x>
      <y>311.42895928565974</y>
      <steeringAngle>0.07106666666666664</steeringAngle>
      <velocity>1.5999999999999976</velocity>
      <orientation>0.4652653481738837</orientation>
      <time>33</time>
    </ksState>
  </ksTrajectory>
</CommonRoadSolution>
