<?xml version="1.0" ?>
<CommonRoadSolution benchmark_id="KS2:SM1:DEU_Flensburg-67_1_T-1:2020a" computation_time="4.921845459999986" date="2022-12-18T12:01:12">
  <ksTrajectory planningProblem="123">
    <ksState>
      <x>451.43493</x>
      <y>-391.28574</y>
      <steeringAngle>0.0</steeringAngle>
      <velocity>4.0</velocity>
      <orientation>-1.7319076</orientation>
      <time>0</time>
    </ksState>
    <ksState>
      <x>451.36919439754433</x>
      <y>-391.72082210721</y>
      <steeringAngle>0.035533333333333326</steeringAngle>
      <velocity>4.799999999999999</velocity>
      <orientation>-1.728783821330809</orientation>
      <time>1</time>
    </ksState>
    <ksState>
      <x>451.3051204226223</x>
      <y>-392.23707839151893</y>
      <steeringAngle>0.07106666666666667</steeringAngle>
      <velocity>5.599999999999998</velocity>
      <orientation>-1.7179332102696363</orientation>
      <time>2</time>
    </ksState>
    <ksState>
      <x>451.2522675339871</x>
      <y>-392.83544781120514</y>
      <steeringAngle>0.10659999999999999</steeringAngle>
      <velocity>6.3999999999999995</velocity>
      <orientation>-1.6971162612693085</orientation>
      <time>3</time>
    </ksState>
    <ksState>
      <x>451.22397700011953</x>
      <y>-393.5164167912768</y>
      <steeringAngle>0.14213333333333333</steeringAngle>
      <velocity>7.199999999999999</velocity>
      <orientation>-1.6640566902881433</orientation>
      <time>4</time>
    </ksState>
    <ksState>
      <x>451.2381569349819</x>
      <y>-394.27916705431244</y>
      <steeringAngle>0.17766666666666664</steeringAngle>
      <velocity>7.9999999999999964</velocity>
      <orientation>-1.6164293682065967</orientation>
      <time>5</time>
    </ksState>
    <ksState>
      <x>451.28999474059964</x>
      <y>-395.04040698615194</y>
      <steeringAngle>0.1421333333333334</steeringAngle>
      <velocity>7.2</velocity>
      <orientation>-1.5688020464609598</orientation>
      <time>6</time>
    </ksState>
    <ksState>
      <x>451.3501528218075</x>
      <y>-395.719377900416</y>
      <steeringAngle>0.10660000000000011</steeringAngle>
      <velocity>6.4</velocity>
      <orientation>-1.5357424760129919</orientation>
      <time>7</time>
    </ksState>
    <ksState>
      <x>451.4074216843865</x>
      <y>-396.31738206764555</y>
      <steeringAngle>0.07106666666666674</steeringAngle>
      <velocity>5.600000000000001</velocity>
      <orientation>-1.5149255277191034</orientation>
      <time>8</time>
    </ksState>
    <ksState>
      <x>451.45499425632227</x>
      <y>-396.8354381252724</y>
      <steeringAngle>0.03553333333333339</steeringAngle>
      <velocity>4.800000000000001</velocity>
      <orientation>-1.5040749180614403</orientation>
      <time>9</time>
    </ksState>
    <ksState>
      <x>451.48967094429673</x>
      <y>-397.2740941201944</y>
      <steeringAngle>5.5294310796760726e-17</steeringAngle>
      <velocity>4.0</velocity>
      <orientation>-1.500951142224275</orientation>
      <time>10</time>
    </ksState>
    <ksState>
      <x>451.5252748353742</x>
      <y>-397.71267133390324</y>
      <steeringAngle>0.035533333333333326</steeringAngle>
      <velocity>4.799999999999999</velocity>
      <orientation>-1.497827363555084</orientation>
      <time>11</time>
    </ksState>
    <ksState>
      <x>451.581077708817</x>
      <y>-398.2298870187644</y>
      <steeringAngle>0.07106666666666667</steeringAngle>
      <velocity>5.599999999999998</velocity>
      <orientation>-1.4869767524939113</orientation>
      <time>12</time>
    </ksState>
    <ksState>
      <x>451.6666001353717</x>
      <y>-398.82446695856123</y>
      <steeringAngle>0.10659999999999999</steeringAngle>
      <velocity>6.3999999999999995</velocity>
      <orientation>-1.4661598034935834</orientation>
      <time>13</time>
    </ksState>
    <ksState>
      <x>451.79494049171944</x>
      <y>-399.49383073040644</y>
      <steeringAngle>0.14213333333333333</steeringAngle>
      <velocity>7.199999999999999</velocity>
      <orientation>-1.4331002325124182</orientation>
      <time>14</time>
    </ksState>
    <ksState>
      <x>451.98334408295597</x>
      <y>-400.23308246095763</y>
      <steeringAngle>0.17766666666666664</steeringAngle>
      <velocity>7.9999999999999964</velocity>
      <orientation>-1.3854729104308716</orientation>
      <time>15</time>
    </ksState>
    <ksState>
      <x>452.22534500511415</x>
      <y>-400.9580817947661</y>
      <steeringAngle>0.21320000000000014</steeringAngle>
      <velocity>7.200000000000003</velocity>
      <orientation>-1.3272235833593788</orientation>
      <time>16</time>
    </ksState>
    <ksState>
      <x>452.4938999704766</x>
      <y>-401.5887872855227</y>
      <steeringAngle>0.24873333333333347</steeringAngle>
      <velocity>6.400000000000004</velocity>
      <orientation>-1.2653064958735993</orientation>
      <time>17</time>
    </ksState>
    <ksState>
      <x>452.77709216912496</x>
      <y>-402.1252018313206</y>
      <steeringAngle>0.2842666666666668</steeringAngle>
      <velocity>5.600000000000001</velocity>
      <orientation>-1.2018843531096783</orientation>
      <time>18</time>
    </ksState>
    <ksState>
      <x>453.0615533180785</x>
      <y>-402.569380535192</y>
      <steeringAngle>0.3198</steeringAngle>
      <velocity>4.800000000000002</velocity>
      <orientation>-1.1391552533677256</orientation>
      <time>19</time>
    </ksState>
    <ksState>
      <x>453.33339588577894</x>
      <y>-402.9255200011394</y>
      <steeringAngle>0.3553333333333332</steeringAngle>
      <velocity>4.000000000000001</velocity>
      <orientation>-1.0793654193195108</orientation>
      <time>20</time>
    </ksState>
    <ksState>
      <x>453.6074355986434</x>
      <y>-403.2292913898578</y>
      <steeringAngle>0.39086666666666653</steeringAngle>
      <velocity>4.0</velocity>
      <orientation>-1.0186450530135236</orientation>
      <time>21</time>
    </ksState>
    <ksState>
      <x>453.9079558557191</x>
      <y>-403.50985271905137</y>
      <steeringAngle>0.42639999999999995</steeringAngle>
      <velocity>4.0</velocity>
      <orientation>-0.95147543955712</orientation>
      <time>22</time>
    </ksState>
    <ksState>
      <x>454.2349687237283</x>
      <y>-403.762771742055</y>
      <steeringAngle>0.4619333333333333</steeringAngle>
      <velocity>4.0</velocity>
      <orientation>-0.877654855924776</orientation>
      <time>23</time>
    </ksState>
    <ksState>
      <x>454.58777509519194</x>
      <y>-403.98314046740956</y>
      <steeringAngle>0.49746666666666667</steeringAngle>
      <velocity>4.0</velocity>
      <orientation>-0.7969543141115556</orientation>
      <time>24</time>
    </ksState>
    <ksState>
      <x>454.9647970401501</x>
      <y>-404.16561996917017</y>
      <steeringAngle>0.533</steeringAngle>
      <velocity>4.0</velocity>
      <orientation>-0.709114447511747</orientation>
      <time>25</time>
    </ksState>
    <ksState>
      <x>455.35999343119784</x>
      <y>-404.3093016771489</y>
      <steeringAngle>0.533</steeringAngle>
      <velocity>4.0</velocity>
      <orientation>-0.6176101489569271</orientation>
      <time>26</time>
    </ksState>
    <ksState>
      <x>455.76666565879367</x>
      <y>-404.416270572905</y>
      <steeringAngle>0.533</steeringAngle>
      <velocity>4.0</velocity>
      <orientation>-0.5261058504021072</orientation>
      <time>27</time>
    </ksState>
    <ksState>
      <x>456.18141099453544</x>
      <y>-404.4856316060602</y>
      <steeringAngle>0.533</steeringAngle>
      <velocity>4.0</velocity>
      <orientation>-0.43460155184728744</orientation>
      <time>28</time>
    </ksState>
    <ksState>
      <x>456.600759183344</x>
      <y>-404.5168044192236</y>
      <steeringAngle>0.533</steeringAngle>
      <velocity>4.0</velocity>
      <orientation>-0.34309725329246754</orientation>
      <time>29</time>
    </ksState>
    <ksState>
      <x>457.0212014574204</x>
      <y>-404.50952818340437</y>
      <steeringAngle>0.533</steeringAngle>
      <velocity>4.0</velocity>
      <orientation>-0.25159295473764776</orientation>
      <time>30</time>
    </ksState>
    <ksState>
      <x>457.3967876192746</x>
      <y>-404.4749718050172</y>
      <steeringAngle>0.4974666666666667</steeringAngle>
      <velocity>3.1999999999999993</velocity>
      <orientation>-0.1724157516284083</orientation>
      <time>31</time>
    </ksState>
    <ksState>
      <x>457.6854289238066</x>
      <y>-404.4353751058163</y>
      <steeringAngle>0.4619333333333334</steeringAngle>
      <velocity>2.3999999999999986</velocity>
      <orientation>-0.11580864422619944</orientation>
      <time>32</time>
    </ksState>
    <ksState>
      <x>457.8895936097239</x>
      <y>-404.40232600167286</y>
      <steeringAngle>0.4264000000000001</steeringAngle>
      <velocity>1.5999999999999979</velocity>
      <orientation>-0.07878568401214081</orientation>
      <time>33</time>
    </ksState>
    <ksState>
      <x>458.01128752646395</x>
      <y>-404.381783080768</y>
      <steeringAngle>0.39086666666666675</steeringAngle>
      <velocity>0.7999999999999972</velocity>
      <orientation>-0.058525714789314315</orientation>
      <time>34</time>
    </ksState>
    <ksState>
      <x>458.0517131183425</x>
      <y>-404.37522171446113</y>
      <steeringAngle>0.3553333333333332</steeringAngle>
      <velocity>-2.914335439641036e-15</velocity>
      <orientation>-0.05234774004193754</orientation>
      <time>35</time>
    </ksState>
    <ksState>
      <x>458.0517131183425</x>
      <y>-404.37522171446113</y>
      <steeringAngle>0.3198</steeringAngle>
      <velocity>0.0</velocity>
      <orientation>-0.05234774004193754</orientation>
      <time>36</time>
    </ksState>
    <ksState>
      <x>458.0517131183425</x>
      <y>-404.37522171446113</y>
      <steeringAngle>0.2842666666666666</steeringAngle>
      <velocity>0.0</velocity>
      <orientation>-0.05234774004193754</orientation>
      <time>37</time>
    </ksState>
    <ksState>
      <x>458.0517131183425</x>
      <y>-404.37522171446113</y>
      <steeringAngle>0.24873333333333333</steeringAngle>
      <velocity>0.0</velocity>
      <orientation>-0.05234774004193754</orientation>
      <time>38</time>
    </ksState>
    <ksState>
      <x>458.0517131183425</x>
      <y>-404.37522171446113</y>
      <steeringAngle>0.21320000000000003</steeringAngle>
      <velocity>0.0</velocity>
      <orientation>-0.05234774004193754</orientation>
      <time>39</time>
    </ksState>
    <ksState>
      <x>458.0517131183425</x>
      <y>-404.37522171446113</y>
      <steeringAngle>0.1776666666666667</steeringAngle>
      <velocity>0.0</velocity>
      <orientation>-0.05234774004193754</orientation>
      <time>40</time>
    </ksState>
    <ksState>
      <x>458.0517131183425</x>
      <y>-404.37522171446113</y>
      <steeringAngle>0.14213333333333336</steeringAngle>
      <velocity>0.0</velocity>
      <orientation>-0.05234774004193754</orientation>
      <time>41</time>
    </ksState>
    <ksState>
      <x>458.0517131183425</x>
      <y>-404.37522171446113</y>
      <steeringAngle>0.10660000000000001</steeringAngle>
      <velocity>0.0</velocity>
      <orientation>-0.05234774004193754</orientation>
      <time>42</time>
    </ksState>
    <ksState>
      <x>458.0517131183425</x>
      <y>-404.37522171446113</y>
      <steeringAngle>0.07106666666666668</steeringAngle>
      <velocity>0.0</velocity>
      <orientation>-0.05234774004193754</orientation>
      <time>43</time>
    </ksState>
    <ksState>
      <x>458.0517131183425</x>
      <y>-404.37522171446113</y>
      <steeringAngle>0.03553333333333333</steeringAngle>
      <velocity>0.0</velocity>
      <orientation>-0.05234774004193754</orientation>
      <time>44</time>
    </ksState>
    <ksState>
      <x>458.0517131183425</x>
      <y>-404.37522171446113</y>
      <steeringAngle>0.0</steeringAngle>
      <velocity>0.0</velocity>
      <orientation>-0.05234774004193754</orientation>
      <time>45</time>
    </ksState>
    <ksState>
      <x>458.0916305612956</x>
      <y>-404.3778427208881</y>
      <steeringAngle>-0.03553333333333333</steeringAngle>
      <velocity>0.8</velocity>
      <orientation>-0.05271527182017951</orientation>
      <time>46</time>
    </ksState>
    <ksState>
      <x>458.21125873633395</x>
      <y>-404.3879616474825</y>
      <steeringAngle>-0.0710666666666667</steeringAngle>
      <velocity>1.6</velocity>
      <orientation>-0.055290118412165155</orientation>
      <time>47</time>
    </ksState>
    <ksState>
      <x>458.41033027030596</x>
      <y>-404.4096098965919</y>
      <steeringAngle>-0.10660000000000003</steeringAngle>
      <velocity>2.4000000000000004</velocity>
      <orientation>-0.06229082264900237</orientation>
      <time>48</time>
    </ksState>
    <ksState>
      <x>458.6883226175157</x>
      <y>-404.448256983208</y>
      <steeringAngle>-0.14213333333333342</steeringAngle>
      <velocity>3.2000000000000015</velocity>
      <orientation>-0.07595846358982253</orientation>
      <time>49</time>
    </ksState>
    <ksState>
      <x>459.0441549621649</x>
      <y>-404.51152397407395</y>
      <steeringAngle>-0.17766666666666683</steeringAngle>
      <velocity>4.0000000000000036</velocity>
      <orientation>-0.09856837946304267</orientation>
      <time>50</time>
    </ksState>
    <ksState>
      <x>459.4769734563184</x>
      <y>-404.5998194511891</y>
      <steeringAngle>-0.14213333333333333</steeringAngle>
      <velocity>4.8000000000000025</velocity>
      <orientation>-0.12599327918139508</orientation>
      <time>51</time>
    </ksState>
    <ksState>
      <x>459.9869982895367</x>
      <y>-404.7073358027978</y>
      <steeringAngle>-0.10660000000000003</steeringAngle>
      <velocity>5.600000000000005</velocity>
      <orientation>-0.15110949146031297</orientation>
      <time>52</time>
    </ksState>
    <ksState>
      <x>460.5744025388804</x>
      <y>-404.83315108125055</y>
      <steeringAngle>-0.07106666666666671</steeringAngle>
      <velocity>6.400000000000004</velocity>
      <orientation>-0.17174126105977247</orientation>
      <time>53</time>
    </ksState>
    <ksState>
      <x>461.23993501084175</x>
      <y>-404.97413167741246</y>
      <steeringAngle>-0.035533333333333375</steeringAngle>
      <velocity>7.200000000000006</velocity>
      <orientation>-0.18571792915256474</orientation>
      <time>54</time>
    </ksState>
    <ksState>
      <x>461.9850071092945</x>
      <y>-405.1242299936282</y>
      <steeringAngle>-2.6346112791397758e-17</steeringAngle>
      <velocity>8.000000000000007</velocity>
      <orientation>-0.1908629419321332</orientation>
      <time>55</time>
    </ksState>
    <ksState>
      <x>462.77047982548953</x>
      <y>-405.27599498337594</y>
      <steeringAngle>0.0</steeringAngle>
      <velocity>8.0</velocity>
      <orientation>-0.1908629419321332</orientation>
      <time>56</time>
    </ksState>
    <ksState>
      <x>463.55595254168463</x>
      <y>-405.4277599731237</y>
      <steeringAngle>0.0</steeringAngle>
      <velocity>8.0</velocity>
      <orientation>-0.1908629419321332</orientation>
      <time>57</time>
    </ksState>
    <ksState>
      <x>464.3414252578797</x>
      <y>-405.57952496287146</y>
      <steeringAngle>0.0</steeringAngle>
      <velocity>8.0</velocity>
      <orientation>-0.1908629419321332</orientation>
      <time>58</time>
    </ksState>
    <ksState>
      <x>465.1268979740748</x>
      <y>-405.7312899526192</y>
      <steeringAngle>0.0</steeringAngle>
      <velocity>8.0</velocity>
      <orientation>-0.1908629419321332</orientation>
      <time>59</time>
    </ksState>
    <ksState>
      <x>465.9123706902698</x>
      <y>-405.8830549423669</y>
      <steeringAngle>0.0</steeringAngle>
      <velocity>8.0</velocity>
      <orientation>-0.1908629419321332</orientation>
      <time>60</time>
    </ksState>
    <ksState>
      <x>466.69784340646487</x>
      <y>-406.03481993211466</y>
      <steeringAngle>0.0</steeringAngle>
      <velocity>8.0</velocity>
      <orientation>-0.1908629419321332</orientation>
      <time>61</time>
    </ksState>
    <ksState>
      <x>467.48331612265997</x>
      <y>-406.18658492186245</y>
      <steeringAngle>0.0</steeringAngle>
      <velocity>8.0</velocity>
      <orientation>-0.1908629419321332</orientation>
      <time>62</time>
    </ksState>
    <ksState>
      <x>468.268788838855</x>
      <y>-406.3383499116102</y>
      <steeringAngle>0.0</steeringAngle>
      <velocity>8.0</velocity>
      <orientation>-0.1908629419321332</orientation>
      <time>63</time>
    </ksState>
    <ksState>
      <x>469.0542615550501</x>
      <y>-406.4901149013579</y>
      <steeringAngle>0.0</steeringAngle>
      <velocity>8.0</velocity>
      <orientation>-0.1908629419321332</orientation>
      <time>64</time>
    </ksState>
    <ksState>
      <x>469.83973427124516</x>
      <y>-406.64187989110565</y>
      <steeringAngle>0.0</steeringAngle>
      <velocity>8.0</velocity>
      <orientation>-0.1908629419321332</orientation>
      <time>65</time>
    </ksState>
    <ksState>
      <x>470.6252069874402</x>
      <y>-406.7936448808534</y>
      <steeringAngle>0.0</steeringAngle>
      <velocity>8.0</velocity>
      <orientation>-0.1908629419321332</orientation>
      <time>66</time>
    </ksState>
    <ksState>
      <x>471.4106797036353</x>
      <y>-406.94540987060117</y>
      <steeringAngle>0.0</steeringAngle>
      <velocity>8.0</velocity>
      <orientation>-0.1908629419321332</orientation>
      <time>67</time>
    </ksState>
    <ksState>
      <x>472.19615241983036</x>
      <y>-407.0971748603489</y>
      <steeringAngle>0.0</steeringAngle>
      <velocity>8.0</velocity>
      <orientation>-0.1908629419321332</orientation>
      <time>68</time>
    </ksState>
    <ksState>
      <x>472.98162513602546</x>
      <y>-407.24893985009663</y>
      <steeringAngle>0.0</steeringAngle>
      <velocity>8.0</velocity>
      <orientation>-0.1908629419321332</orientation>
      <time>69</time>
    </ksState>
    <ksState>
      <x>473.7670978522205</x>
      <y>-407.40070483984437</y>
      <steeringAngle>0.0</steeringAngle>
      <velocity>8.0</velocity>
      <orientation>-0.1908629419321332</orientation>
      <time>70</time>
    </ksState>
    <ksState>
      <x>474.55257056841555</x>
      <y>-407.5524698295921</y>
      <steeringAngle>0.0</steeringAngle>
      <velocity>8.0</velocity>
      <orientation>-0.1908629419321332</orientation>
      <time>71</time>
    </ksState>
    <ksState>
      <x>475.33804328461065</x>
      <y>-407.7042348193399</y>
      <steeringAngle>0.0</steeringAngle>
      <velocity>8.0</velocity>
      <orientation>-0.1908629419321332</orientation>
      <time>72</time>
    </ksState>
    <ksState>
      <x>476.1235160008057</x>
      <y>-407.8559998090876</y>
      <steeringAngle>0.0</steeringAngle>
      <velocity>8.0</velocity>
      <orientation>-0.1908629419321332</orientation>
      <time>73</time>
    </ksState>
    <ksState>
      <x>476.9089887170008</x>
      <y>-408.00776479883535</y>
      <steeringAngle>0.0</steeringAngle>
      <velocity>8.0</velocity>
      <orientation>-0.1908629419321332</orientation>
      <time>74</time>
    </ksState>
    <ksState>
      <x>477.69446143319584</x>
      <y>-408.1595297885831</y>
      <steeringAngle>0.0</steeringAngle>
      <velocity>8.0</velocity>
      <orientation>-0.1908629419321332</orientation>
      <time>75</time>
    </ksState>
    <ksState>
      <x>478.4422737981694</x>
      <y>-408.2952470877341</y>
      <steeringAngle>0.03553333333333333</steeringAngle>
      <velocity>7.199999999999999</velocity>
      <orientation>-0.1857179289496409</orientation>
      <time>76</time>
    </ksState>
    <ksState>
      <x>479.1148764448325</x>
      <y>-408.3970918446651</y>
      <steeringAngle>0.07106666666666664</steeringAngle>
      <velocity>6.400000000000001</velocity>
      <orientation>-0.17174125682867777</orientation>
      <time>77</time>
    </ksState>
    <ksState>
      <x>479.71171611148395</x>
      <y>-408.4649650514369</y>
      <steeringAngle>0.10659999999999997</steeringAngle>
      <velocity>5.600000000000004</velocity>
      <orientation>-0.1511094889627964</orientation>
      <time>78</time>
    </ksState>
    <ksState>
      <x>480.2316108167905</x>
      <y>-408.50170161407414</y>
      <steeringAngle>0.1421333333333333</steeringAngle>
      <velocity>4.800000000000003</velocity>
      <orientation>-0.12599328145414815</orientation>
      <time>79</time>
    </ksState>
    <ksState>
      <x>480.673172552739</x>
      <y>-408.5124551719629</y>
      <steeringAngle>0.17766666666666653</steeringAngle>
      <velocity>4.000000000000006</velocity>
      <orientation>-0.09856838486899834</orientation>
      <time>80</time>
    </ksState>
    <ksState>
      <x>481.0747572026087</x>
      <y>-408.51118783523845</y>
      <steeringAngle>0.1421333333333333</steeringAngle>
      <velocity>4.0</velocity>
      <orientation>-0.07355097852447504</orientation>
      <time>81</time>
    </ksState>
    <ksState>
      <x>481.47570806977683</x>
      <y>-408.5089933193533</y>
      <steeringAngle>0.10659999999999999</steeringAngle>
      <velocity>4.0</velocity>
      <orientation>-0.054159052233724456</orientation>
      <time>82</time>
    </ksState>
    <ksState>
      <x>481.8761955764323</x>
      <y>-408.50806704311134</y>
      <steeringAngle>0.07106666666666664</steeringAngle>
      <velocity>4.0</velocity>
      <orientation>-0.04034281249877154</orientation>
      <time>83</time>
    </ksState>
    <ksState>
      <x>482.2763651038891</x>
      <y>-408.51059538230186</y>
      <steeringAngle>0.03553333333333332</steeringAngle>
      <velocity>4.0</velocity>
      <orientation>-0.03206705203650617</orientation>
      <time>84</time>
    </ksState>
    <ksState>
      <x>482.6763025369186</x>
      <y>-408.5187658032987</y>
      <steeringAngle>-2.2985086056692694e-17</steeringAngle>
      <velocity>4.0</velocity>
      <orientation>-0.029310788741665816</orientation>
      <time>85</time>
    </ksState>
    <ksState>
      <x>483.03619042901045</x>
      <y>-408.53299609050583</y>
      <steeringAngle>-0.03553333333333333</steeringAngle>
      <velocity>3.2</velocity>
      <orientation>-0.03169953712145838</orientation>
      <time>86</time>
    </ksState>
    <ksState>
      <x>483.3158661277537</x>
      <y>-408.55068600560577</y>
      <steeringAngle>-0.07106666666666668</steeringAngle>
      <velocity>2.4</velocity>
      <orientation>-0.03740045212725501</orientation>
      <time>87</time>
    </ksState>
    <ksState>
      <x>483.51539140242585</x>
      <y>-408.56848978792027</y>
      <steeringAngle>-0.10660000000000003</steeringAngle>
      <velocity>1.5999999999999994</velocity>
      <orientation>-0.04421598587198647</orientation>
      <time>88</time>
    </ksState>
    <ksState>
      <x>483.6349273178174</x>
      <y>-408.58225708745016</y>
      <steeringAngle>-0.14213333333333342</steeringAngle>
      <velocity>0.7999999999999988</velocity>
      <orientation>-0.049940247358466194</orientation>
      <time>89</time>
    </ksState>
    <ksState>
      <x>483.67471715296836</x>
      <y>-408.58772171082626</y>
      <steeringAngle>-0.17766666666666675</steeringAngle>
      <velocity>-1.5265566588595902e-15</velocity>
      <orientation>-0.05234774183302201</orientation>
      <time>90</time>
    </ksState>
    <ksState>
      <x>483.67471715296836</x>
      <y>-408.58772171082626</y>
      <steeringAngle>-0.14213333333333336</steeringAngle>
      <velocity>0.0</velocity>
      <orientation>-0.05234774183302201</orientation>
      <time>91</time>
    </ksState>
    <ksState>
      <x>483.67471715296836</x>
      <y>-408.58772171082626</y>
      <steeringAngle>-0.10660000000000001</steeringAngle>
      <velocity>0.0</velocity>
      <orientation>-0.05234774183302201</orientation>
      <time>92</time>
    </ksState>
    <ksState>
      <x>483.67471715296836</x>
      <y>-408.58772171082626</y>
      <steeringAngle>-0.07106666666666668</steeringAngle>
      <velocity>0.0</velocity>
      <orientation>-0.05234774183302201</orientation>
      <time>93</time>
    </ksState>
    <ksState>
      <x>483.67471715296836</x>
      <y>-408.58772171082626</y>
      <steeringAngle>-0.03553333333333333</steeringAngle>
      <velocity>0.0</velocity>
      <orientation>-0.05234774183302201</orientation>
      <time>94</time>
    </ksState>
    <ksState>
      <x>483.67471715296836</x>
      <y>-408.58772171082626</y>
      <steeringAngle>-0.0</steeringAngle>
      <velocity>0.0</velocity>
      <orientation>-0.05234774183302201</orientation>
      <time>95</time>
    </ksState>
    <ksState>
      <x>483.7146345959168</x>
      <y>-408.59034271732475</y>
      <steeringAngle>-0.03553333333333333</steeringAngle>
      <velocity>0.8</velocity>
      <orientation>-0.05271527361126398</orientation>
      <time>96</time>
    </ksState>
    <ksState>
      <x>483.834262770937</x>
      <y>-408.6004616441334</y>
      <steeringAngle>-0.0710666666666667</steeringAngle>
      <velocity>1.6</velocity>
      <orientation>-0.055290120203249624</orientation>
      <time>97</time>
    </ksState>
    <ksState>
      <x>484.03333430487027</x>
      <y>-408.62210989359943</y>
      <steeringAngle>-0.10660000000000003</steeringAngle>
      <velocity>2.4000000000000004</velocity>
      <orientation>-0.06229082444008684</orientation>
      <time>98</time>
    </ksState>
    <ksState>
      <x>484.3113266520108</x>
      <y>-408.66075698071336</y>
      <steeringAngle>-0.14213333333333342</steeringAngle>
      <velocity>3.2000000000000015</velocity>
      <orientation>-0.075958465380907</orientation>
      <time>99</time>
    </ksState>
  </ksTrajectory>
</CommonRoadSolution>
