<?xml version="1.0" ?>
<CommonRoadSolution benchmark_id="KS2:SM1:ITA_Siderno-10_1_T-1:2020a" computation_time="0.6940854520007633" date="2022-12-18T12:01:12">
  <ksTrajectory planningProblem="1">
    <ksState>
      <x>538.86502</x>
      <y>-28.66019</y>
      <steeringAngle>0.0</steeringAngle>
      <velocity>20.0</velocity>
      <orientation>-0.25026995</orientation>
      <time>0</time>
    </ksState>
    <ksState>
      <x>540.7639573751984</x>
      <y>-29.145614395905255</y>
      <steeringAngle>0.0</steeringAngle>
      <velocity>19.2</velocity>
      <orientation>-0.25026995</orientation>
      <time>1</time>
    </ksState>
    <ksState>
      <x>542.5853871018381</x>
      <y>-29.611225551010147</y>
      <steeringAngle>0.0</steeringAngle>
      <velocity>18.400000000000002</velocity>
      <orientation>-0.25026995</orientation>
      <time>2</time>
    </ksState>
    <ksState>
      <x>544.329309180305</x>
      <y>-30.05702346541328</y>
      <steeringAngle>0.0</steeringAngle>
      <velocity>17.6</velocity>
      <orientation>-0.25026995</orientation>
      <time>3</time>
    </ksState>
    <ksState>
      <x>545.9957236107251</x>
      <y>-30.48300813914691</y>
      <steeringAngle>0.0</steeringAngle>
      <velocity>16.8</velocity>
      <orientation>-0.25026995</orientation>
      <time>4</time>
    </ksState>
    <ksState>
      <x>547.5846303931376</x>
      <y>-30.889179572221018</y>
      <steeringAngle>0.0</steeringAngle>
      <velocity>16.0</velocity>
      <orientation>-0.25026995</orientation>
      <time>5</time>
    </ksState>
    <ksState>
      <x>549.1347833526718</x>
      <y>-31.2854443852531</y>
      <steeringAngle>0.0</steeringAngle>
      <velocity>16.0</velocity>
      <orientation>-0.25026995</orientation>
      <time>6</time>
    </ksState>
    <ksState>
      <x>550.684936312206</x>
      <y>-31.681709198285187</y>
      <steeringAngle>0.0</steeringAngle>
      <velocity>16.0</velocity>
      <orientation>-0.25026995</orientation>
      <time>7</time>
    </ksState>
    <ksState>
      <x>552.2350892717402</x>
      <y>-32.077974011317266</y>
      <steeringAngle>0.0</steeringAngle>
      <velocity>16.0</velocity>
      <orientation>-0.25026995</orientation>
      <time>8</time>
    </ksState>
    <ksState>
      <x>553.7852422312744</x>
      <y>-32.47423882434935</y>
      <steeringAngle>0.0</steeringAngle>
      <velocity>16.0</velocity>
      <orientation>-0.25026995</orientation>
      <time>9</time>
    </ksState>
    <ksState>
      <x>555.3353951908085</x>
      <y>-32.87050363738143</y>
      <steeringAngle>0.0</steeringAngle>
      <velocity>16.0</velocity>
      <orientation>-0.25026995</orientation>
      <time>10</time>
    </ksState>
    <ksState>
      <x>556.8467943260299</x>
      <y>-33.25686183000478</y>
      <steeringAngle>0.0</steeringAngle>
      <velocity>15.2</velocity>
      <orientation>-0.25026995</orientation>
      <time>11</time>
    </ksState>
    <ksState>
      <x>558.2806858127452</x>
      <y>-33.62340678184117</y>
      <steeringAngle>0.0</steeringAngle>
      <velocity>14.400000000000002</velocity>
      <orientation>-0.25026995</orientation>
      <time>12</time>
    </ksState>
    <ksState>
      <x>559.6370696513128</x>
      <y>-33.97013849298229</y>
      <steeringAngle>0.0</steeringAngle>
      <velocity>13.600000000000001</velocity>
      <orientation>-0.25026995</orientation>
      <time>13</time>
    </ksState>
    <ksState>
      <x>560.9159458418416</x>
      <y>-34.29705696345588</y>
      <steeringAngle>0.0</steeringAngle>
      <velocity>12.800000000000004</velocity>
      <orientation>-0.25026995</orientation>
      <time>14</time>
    </ksState>
    <ksState>
      <x>562.1173143843656</x>
      <y>-34.604162193270724</y>
      <steeringAngle>0.0</steeringAngle>
      <velocity>12.000000000000002</velocity>
      <orientation>-0.25026995</orientation>
      <time>15</time>
    </ksState>
    <ksState>
      <x>563.2411752795546</x>
      <y>-34.89145418259798</y>
      <steeringAngle>0.0</steeringAngle>
      <velocity>11.200000000000001</velocity>
      <orientation>-0.25026995</orientation>
      <time>16</time>
    </ksState>
    <ksState>
      <x>564.2875285263299</x>
      <y>-35.15893293116196</y>
      <steeringAngle>0.0</steeringAngle>
      <velocity>10.4</velocity>
      <orientation>-0.25026995</orientation>
      <time>17</time>
    </ksState>
    <ksState>
      <x>565.2563741249917</x>
      <y>-35.40659843903935</y>
      <steeringAngle>0.0</steeringAngle>
      <velocity>9.599999999999998</velocity>
      <orientation>-0.25026995</orientation>
      <time>18</time>
    </ksState>
    <ksState>
      <x>566.1477120756252</x>
      <y>-35.634450706251954</y>
      <steeringAngle>0.0</steeringAngle>
      <velocity>8.799999999999999</velocity>
      <orientation>-0.25026995</orientation>
      <time>19</time>
    </ksState>
    <ksState>
      <x>566.9615423782584</x>
      <y>-35.842489732806904</y>
      <steeringAngle>0.0</steeringAngle>
      <velocity>7.999999999999997</velocity>
      <orientation>-0.25026995</orientation>
      <time>20</time>
    </ksState>
    <ksState>
      <x>567.6999777272056</x>
      <y>-36.02236678504391</y>
      <steeringAngle>0.03553333333333333</steeringAngle>
      <velocity>7.199999999999999</velocity>
      <orientation>-0.2451249370175077</orientation>
      <time>21</time>
    </ksState>
    <ksState>
      <x>568.3653471165917</x>
      <y>-36.16396569210383</y>
      <steeringAngle>0.07106666666666664</steeringAngle>
      <velocity>6.400000000000001</velocity>
      <orientation>-0.23114826489654458</orientation>
      <time>22</time>
    </ksState>
    <ksState>
      <x>568.9571041390183</x>
      <y>-36.267154772412</y>
      <steeringAngle>0.10659999999999997</steeringAngle>
      <velocity>5.600000000000004</velocity>
      <orientation>-0.21051649703066322</orientation>
      <time>23</time>
    </ksState>
    <ksState>
      <x>569.4739005840167</x>
      <y>-36.3346937543197</y>
      <steeringAngle>0.1421333333333333</steeringAngle>
      <velocity>4.800000000000003</velocity>
      <orientation>-0.18540028952201495</orientation>
      <time>24</time>
    </ksState>
    <ksState>
      <x>569.9140449098834</x>
      <y>-36.371644776883834</y>
      <steeringAngle>0.17766666666666653</steeringAngle>
      <velocity>4.000000000000006</velocity>
      <orientation>-0.15797539293686513</orientation>
      <time>25</time>
    </ksState>
    <ksState>
      <x>570.2759055990974</x>
      <y>-36.38475379692162</y>
      <steeringAngle>0.21319999999999997</steeringAngle>
      <velocity>3.2</velocity>
      <orientation>-0.1304338473734305</orientation>
      <time>26</time>
    </ksState>
    <ksState>
      <x>570.558199631569</x>
      <y>-36.38179091086267</y>
      <steeringAngle>0.24873333333333342</steeringAngle>
      <velocity>2.4000000000000004</velocity>
      <orientation>-0.104995616986781</orientation>
      <time>27</time>
    </ksState>
    <ksState>
      <x>570.7601276906231</x>
      <y>-36.370853444963124</y>
      <steeringAngle>0.2842666666666668</steeringAngle>
      <velocity>1.600000000000001</velocity>
      <orientation>-0.08392071719620131</orientation>
      <time>28</time>
    </ksState>
    <ksState>
      <x>570.8813423778984</x>
      <y>-36.35964411980163</y>
      <steeringAngle>0.3197999999999999</steeringAngle>
      <velocity>0.8000000000000007</velocity>
      <orientation>-0.06952228989549687</orientation>
      <time>29</time>
    </ksState>
    <ksState>
      <x>570.921760540043</x>
      <y>-36.35473514935869</y>
      <steeringAngle>0.3553333333333332</steeringAngle>
      <velocity>5.551115123125783e-16</velocity>
      <orientation>-0.06418064825976756</orientation>
      <time>30</time>
    </ksState>
    <ksState>
      <x>570.921760540043</x>
      <y>-36.35473514935869</y>
      <steeringAngle>0.3198</steeringAngle>
      <velocity>0.0</velocity>
      <orientation>-0.06418064825976756</orientation>
      <time>31</time>
    </ksState>
    <ksState>
      <x>570.921760540043</x>
      <y>-36.35473514935869</y>
      <steeringAngle>0.2842666666666666</steeringAngle>
      <velocity>0.0</velocity>
      <orientation>-0.06418064825976756</orientation>
      <time>32</time>
    </ksState>
    <ksState>
      <x>570.921760540043</x>
      <y>-36.35473514935869</y>
      <steeringAngle>0.24873333333333333</steeringAngle>
      <velocity>0.0</velocity>
      <orientation>-0.06418064825976756</orientation>
      <time>33</time>
    </ksState>
  </ksTrajectory>
</CommonRoadSolution>
