<?xml version="1.0" ?>
<CommonRoadSolution benchmark_id="KS2:SM1:ITA_Foggia-10_1_T-1:2020a" computation_time="0.9441128380003647" date="2022-12-18T12:01:12">
  <ksTrajectory planningProblem="1">
    <ksState>
      <x>-91.394049</x>
      <y>947.68755</y>
      <steeringAngle>0.0</steeringAngle>
      <velocity>12.0</velocity>
      <orientation>-0.39875943</orientation>
      <time>0</time>
    </ksState>
    <ksState>
      <x>-90.31956217580061</x>
      <y>947.2503289639799</y>
      <steeringAngle>0.03553333333333333</steeringAngle>
      <velocity>11.200000000000001</velocity>
      <orientation>-0.39085815622765596</orientation>
      <time>1</time>
    </ksState>
    <ksState>
      <x>-89.30528151669918</x>
      <y>946.8781682929165</y>
      <steeringAngle>0.07106666666666667</steeringAngle>
      <velocity>10.400000000000007</velocity>
      <orientation>-0.36860572542916603</orientation>
      <time>2</time>
    </ksState>
    <ksState>
      <x>-88.34996072219226</x>
      <y>946.5789167765773</y>
      <steeringAngle>0.10660000000000001</steeringAngle>
      <velocity>9.60000000000001</velocity>
      <orientation>-0.3341577145444943</orientation>
      <time>3</time>
    </ksState>
    <ksState>
      <x>-87.45529504862783</x>
      <y>946.355942168009</y>
      <steeringAngle>0.14213333333333344</steeringAngle>
      <velocity>8.800000000000008</velocity>
      <orientation>-0.2896495824236494</orientation>
      <time>4</time>
    </ksState>
    <ksState>
      <x>-86.62515648897242</x>
      <y>946.2084641512251</y>
      <steeringAngle>0.17766666666666675</steeringAngle>
      <velocity>8.000000000000009</velocity>
      <orientation>-0.23720728460866797</orientation>
      <time>5</time>
    </ksState>
    <ksState>
      <x>-85.86468058179373</x>
      <y>946.1318816796737</y>
      <steeringAngle>0.21320000000000014</steeringAngle>
      <velocity>7.200000000000003</velocity>
      <orientation>-0.1789579575371751</orientation>
      <time>6</time>
    </ksState>
    <ksState>
      <x>-85.17931674672143</x>
      <y>946.1181849988216</y>
      <steeringAngle>0.24873333333333347</steeringAngle>
      <velocity>6.400000000000004</velocity>
      <orientation>-0.11704087005139577</orientation>
      <time>7</time>
    </ksState>
    <ksState>
      <x>-84.5739490655884</x>
      <y>946.15650414493</y>
      <steeringAngle>0.2842666666666668</steeringAngle>
      <velocity>5.600000000000001</velocity>
      <orientation>-0.05361872728747463</orientation>
      <time>8</time>
    </ksState>
    <ksState>
      <x>-84.05218510371694</x>
      <y>946.2338037848322</y>
      <steeringAngle>0.3198</steeringAngle>
      <velocity>4.800000000000002</velocity>
      <orientation>0.009110372454477988</orientation>
      <time>9</time>
    </ksState>
    <ksState>
      <x>-83.61589218990626</x>
      <y>946.3356968374799</y>
      <steeringAngle>0.3553333333333332</steeringAngle>
      <velocity>4.000000000000001</velocity>
      <orientation>0.06890020650269274</orientation>
      <time>10</time>
    </ksState>
    <ksState>
      <x>-83.26403369242757</x>
      <y>946.4390067075545</y>
      <steeringAngle>0.31979999999999975</steeringAngle>
      <velocity>3.2</velocity>
      <orientation>0.11800676656048109</orientation>
      <time>11</time>
    </ksState>
    <ksState>
      <x>-82.99310276362826</x>
      <y>946.5246147919524</y>
      <steeringAngle>0.2842666666666663</steeringAngle>
      <velocity>2.4000000000000004</velocity>
      <orientation>0.15193902192669545</orientation>
      <time>12</time>
    </ksState>
    <ksState>
      <x>-82.80065020017462</x>
      <y>946.586899375556</y>
      <steeringAngle>0.24873333333333292</steeringAngle>
      <velocity>1.6000000000000008</velocity>
      <orientation>0.1732113428736342</orientation>
      <time>13</time>
    </ksState>
    <ksState>
      <x>-82.68535795826195</x>
      <y>946.6237071986081</y>
      <steeringAngle>0.21319999999999967</steeringAngle>
      <velocity>0.8000000000000008</velocity>
      <orientation>0.18425193361468906</orientation>
      <time>14</time>
    </ksState>
    <ksState>
      <x>-82.64687927953764</x>
      <y>946.6355264857149</y>
      <steeringAngle>0.1776666666666663</steeringAngle>
      <velocity>6.661338147750939e-16</velocity>
      <orientation>0.18741817115656734</orientation>
      <time>15</time>
    </ksState>
    <ksState>
      <x>-82.64687927953764</x>
      <y>946.6355264857149</y>
      <steeringAngle>0.14213333333333336</steeringAngle>
      <velocity>0.0</velocity>
      <orientation>0.18741817115656734</orientation>
      <time>16</time>
    </ksState>
    <ksState>
      <x>-82.64687927953764</x>
      <y>946.6355264857149</y>
      <steeringAngle>0.10660000000000001</steeringAngle>
      <velocity>0.0</velocity>
      <orientation>0.18741817115656734</orientation>
      <time>17</time>
    </ksState>
    <ksState>
      <x>-82.64687927953764</x>
      <y>946.6355264857149</y>
      <steeringAngle>0.07106666666666668</steeringAngle>
      <velocity>0.0</velocity>
      <orientation>0.18741817115656734</orientation>
      <time>18</time>
    </ksState>
    <ksState>
      <x>-82.64687927953764</x>
      <y>946.6355264857149</y>
      <steeringAngle>0.03553333333333333</steeringAngle>
      <velocity>0.0</velocity>
      <orientation>0.18741817115656734</orientation>
      <time>19</time>
    </ksState>
    <ksState>
      <x>-82.64687927953764</x>
      <y>946.6355264857149</y>
      <steeringAngle>0.0</steeringAngle>
      <velocity>0.0</velocity>
      <orientation>0.18741817115656734</orientation>
      <time>20</time>
    </ksState>
    <ksState>
      <x>-82.60748130712172</x>
      <y>946.6424598612361</y>
      <steeringAngle>-0.03553333333333333</steeringAngle>
      <velocity>0.8</velocity>
      <orientation>0.18705063937832536</orientation>
      <time>21</time>
    </ksState>
    <ksState>
      <x>-82.48887226996806</x>
      <y>946.6610391304334</y>
      <steeringAngle>-0.0710666666666667</steeringAngle>
      <velocity>1.6</velocity>
      <orientation>0.18447579278633972</orientation>
      <time>22</time>
    </ksState>
    <ksState>
      <x>-82.29035453440032</x>
      <y>946.6872847203972</y>
      <steeringAngle>-0.10660000000000003</steeringAngle>
      <velocity>2.4000000000000004</velocity>
      <orientation>0.1774750885495025</orientation>
      <time>23</time>
    </ksState>
    <ksState>
      <x>-82.01113682357055</x>
      <y>946.7157594876494</y>
      <steeringAngle>-0.14213333333333342</steeringAngle>
      <velocity>3.2000000000000015</velocity>
      <orientation>0.16380744760868235</orientation>
      <time>24</time>
    </ksState>
    <ksState>
      <x>-81.65045922036074</x>
      <y>946.7388037098019</y>
      <steeringAngle>-0.17766666666666683</steeringAngle>
      <velocity>4.0000000000000036</velocity>
      <orientation>0.1411975317354622</orientation>
      <time>25</time>
    </ksState>
    <ksState>
      <x>-81.24817877229711</x>
      <y>946.7458545233038</y>
      <steeringAngle>-0.21319999999999995</steeringAngle>
      <velocity>4.0</velocity>
      <orientation>0.11048974909796204</orientation>
      <time>26</time>
    </ksState>
    <ksState>
      <x>-80.84513893730986</x>
      <y>946.731217803111</y>
      <steeringAngle>-0.24873333333333336</steeringAngle>
      <velocity>4.0</velocity>
      <orientation>0.07401090797526776</orientation>
      <time>27</time>
    </ksState>
    <ksState>
      <x>-80.44255586548157</x>
      <y>946.6923788663928</y>
      <steeringAngle>-0.2842666666666667</steeringAngle>
      <velocity>4.0</velocity>
      <orientation>0.03166367412981973</orientation>
      <time>28</time>
    </ksState>
    <ksState>
      <x>-80.04209207755733</x>
      <y>946.6268271463875</y>
      <steeringAngle>-0.31980000000000003</steeringAngle>
      <velocity>4.0</velocity>
      <orientation>-0.01666700723731529</orientation>
      <time>29</time>
    </ksState>
    <ksState>
      <x>-79.64591616395434</x>
      <y>946.5321044185608</y>
      <steeringAngle>-0.35533333333333333</steeringAngle>
      <velocity>4.0</velocity>
      <orientation>-0.07111520841559374</orientation>
      <time>30</time>
    </ksState>
    <ksState>
      <x>-79.29428736099798</x>
      <y>946.4280154353096</y>
      <steeringAngle>-0.31979999999999975</steeringAngle>
      <velocity>3.2</velocity>
      <orientation>-0.12022176847338209</orientation>
      <time>31</time>
    </ksState>
    <ksState>
      <x>-79.02354671873924</x>
      <y>946.3418074488833</y>
      <steeringAngle>-0.2842666666666663</steeringAngle>
      <velocity>2.4000000000000004</velocity>
      <orientation>-0.15415402383959648</orientation>
      <time>32</time>
    </ksState>
    <ksState>
      <x>-78.83123258775302</x>
      <y>946.2790967356234</y>
      <steeringAngle>-0.24873333333333292</steeringAngle>
      <velocity>1.6000000000000008</velocity>
      <orientation>-0.1754263447865352</orientation>
      <time>33</time>
    </ksState>
  </ksTrajectory>
</CommonRoadSolution>
