<?xml version="1.0" ?>
<CommonRoadSolution benchmark_id="KS2:SM1:ITA_SanGiorgioaCremano-3_1_T-1:2020a" computation_time="1.1447438820005118" date="2022-12-18T12:01:12">
  <ksTrajectory planningProblem="1">
    <ksState>
      <x>101.3856</x>
      <y>254.32941</y>
      <steeringAngle>0.0</steeringAngle>
      <velocity>0.0</velocity>
      <orientation>1.9354854</orientation>
      <time>0</time>
    </ksState>
    <ksState>
      <x>101.37182768778254</x>
      <y>254.36696789321553</y>
      <steeringAngle>-0.03553333333333333</steeringAngle>
      <velocity>0.8</velocity>
      <orientation>1.935117868221758</orientation>
      <time>1</time>
    </ksState>
    <ksState>
      <x>101.33262360072654</x>
      <y>254.480441821924</y>
      <steeringAngle>-0.0710666666666667</steeringAngle>
      <velocity>1.6</velocity>
      <orientation>1.9325430216297723</orientation>
      <time>2</time>
    </ksState>
    <ksState>
      <x>101.27178192288675</x>
      <y>254.67122026034176</y>
      <steeringAngle>-0.10660000000000003</steeringAngle>
      <velocity>2.4000000000000004</velocity>
      <orientation>1.9255423173929351</orientation>
      <time>3</time>
    </ksState>
    <ksState>
      <x>101.19451505333758</x>
      <y>254.94104089202355</y>
      <steeringAngle>-0.14213333333333342</steeringAngle>
      <velocity>3.2000000000000015</velocity>
      <orientation>1.9118746764521148</orientation>
      <time>4</time>
    </ksState>
    <ksState>
      <x>101.10822866927744</x>
      <y>255.29200247048706</y>
      <steeringAngle>-0.17766666666666683</steeringAngle>
      <velocity>4.0000000000000036</velocity>
      <orientation>1.8892647605788948</orientation>
      <time>5</time>
    </ksState>
    <ksState>
      <x>101.03746099600029</x>
      <y>255.64711786190756</y>
      <steeringAngle>-0.21319999999999997</steeringAngle>
      <velocity>3.2</velocity>
      <orientation>1.8617232150154601</orientation>
      <time>6</time>
    </ksState>
    <ksState>
      <x>100.99527382659416</x>
      <y>255.92625750832198</y>
      <steeringAngle>-0.24873333333333342</steeringAngle>
      <velocity>2.4000000000000004</velocity>
      <orientation>1.8362849846288107</orientation>
      <time>7</time>
    </ksState>
    <ksState>
      <x>100.97380163142205</x>
      <y>256.1273383727227</y>
      <steeringAngle>-0.2842666666666668</steeringAngle>
      <velocity>1.600000000000001</velocity>
      <orientation>1.815210084838231</orientation>
      <time>8</time>
    </ksState>
    <ksState>
      <x>100.96549619651941</x>
      <y>256.24878658857165</y>
      <steeringAngle>-0.3197999999999999</steeringAngle>
      <velocity>0.8000000000000007</velocity>
      <orientation>1.8008116575375266</orientation>
      <time>9</time>
    </ksState>
    <ksState>
      <x>100.96388305828667</x>
      <y>256.28946979895386</y>
      <steeringAngle>-0.3553333333333332</steeringAngle>
      <velocity>5.551115123125783e-16</velocity>
      <orientation>1.7954700159017973</orientation>
      <time>10</time>
    </ksState>
    <ksState>
      <x>100.96388305828667</x>
      <y>256.28946979895386</y>
      <steeringAngle>-0.3198</steeringAngle>
      <velocity>0.0</velocity>
      <orientation>1.7954700159017973</orientation>
      <time>11</time>
    </ksState>
    <ksState>
      <x>100.96388305828667</x>
      <y>256.28946979895386</y>
      <steeringAngle>-0.2842666666666666</steeringAngle>
      <velocity>0.0</velocity>
      <orientation>1.7954700159017973</orientation>
      <time>12</time>
    </ksState>
    <ksState>
      <x>100.96388305828667</x>
      <y>256.28946979895386</y>
      <steeringAngle>-0.24873333333333333</steeringAngle>
      <velocity>0.0</velocity>
      <orientation>1.7954700159017973</orientation>
      <time>13</time>
    </ksState>
    <ksState>
      <x>100.96388305828667</x>
      <y>256.28946979895386</y>
      <steeringAngle>-0.21320000000000003</steeringAngle>
      <velocity>0.0</velocity>
      <orientation>1.7954700159017973</orientation>
      <time>14</time>
    </ksState>
    <ksState>
      <x>100.96388305828667</x>
      <y>256.28946979895386</y>
      <steeringAngle>-0.1776666666666667</steeringAngle>
      <velocity>0.0</velocity>
      <orientation>1.7954700159017973</orientation>
      <time>15</time>
    </ksState>
    <ksState>
      <x>100.95835995901719</x>
      <y>256.32923456799955</y>
      <steeringAngle>-0.14213333333333333</steeringAngle>
      <velocity>0.8</velocity>
      <orientation>1.7930625186909948</orientation>
      <time>16</time>
    </ksState>
    <ksState>
      <x>100.94020704352019</x>
      <y>256.4481337908445</y>
      <steeringAngle>-0.10660000000000001</steeringAngle>
      <velocity>1.6</velocity>
      <orientation>1.7873382320706601</orientation>
      <time>17</time>
    </ksState>
    <ksState>
      <x>100.90742429458777</x>
      <y>256.6456687260067</y>
      <steeringAngle>-0.07106666666666664</steeringAngle>
      <velocity>2.4000000000000004</velocity>
      <orientation>1.7805227183076815</orientation>
      <time>18</time>
    </ksState>
    <ksState>
      <x>100.85793722617213</x>
      <y>256.92138245667167</y>
      <steeringAngle>-0.03553333333333332</steeringAngle>
      <velocity>3.1999999999999993</velocity>
      <orientation>1.7748217975947518</orientation>
      <time>19</time>
    </ksState>
    <ksState>
      <x>100.78889198656931</x>
      <y>257.27471692959494</y>
      <steeringAngle>2.6020852139652106e-18</steeringAngle>
      <velocity>3.999999999999999</velocity>
      <orientation>1.7724330460064248</orientation>
      <time>20</time>
    </ksState>
    <ksState>
      <x>100.70878272346019</x>
      <y>257.66661296933523</y>
      <steeringAngle>0.0</steeringAngle>
      <velocity>4.0</velocity>
      <orientation>1.7724330460064248</orientation>
      <time>21</time>
    </ksState>
    <ksState>
      <x>100.62867346035105</x>
      <y>258.0585090090755</y>
      <steeringAngle>0.0</steeringAngle>
      <velocity>4.0</velocity>
      <orientation>1.7724330460064248</orientation>
      <time>22</time>
    </ksState>
    <ksState>
      <x>100.54856419724193</x>
      <y>258.45040504881575</y>
      <steeringAngle>0.0</steeringAngle>
      <velocity>4.0</velocity>
      <orientation>1.7724330460064248</orientation>
      <time>23</time>
    </ksState>
    <ksState>
      <x>100.46845493413281</x>
      <y>258.84230108855604</y>
      <steeringAngle>0.0</steeringAngle>
      <velocity>4.0</velocity>
      <orientation>1.7724330460064248</orientation>
      <time>24</time>
    </ksState>
    <ksState>
      <x>100.38834567102369</x>
      <y>259.23419712829633</y>
      <steeringAngle>0.0</steeringAngle>
      <velocity>4.0</velocity>
      <orientation>1.7724330460064248</orientation>
      <time>25</time>
    </ksState>
    <ksState>
      <x>100.30823640791456</x>
      <y>259.6260931680366</y>
      <steeringAngle>0.0</steeringAngle>
      <velocity>4.0</velocity>
      <orientation>1.7724330460064248</orientation>
      <time>26</time>
    </ksState>
    <ksState>
      <x>100.22812714480543</x>
      <y>260.0179892077769</y>
      <steeringAngle>0.0</steeringAngle>
      <velocity>4.0</velocity>
      <orientation>1.7724330460064248</orientation>
      <time>27</time>
    </ksState>
    <ksState>
      <x>100.1480178816963</x>
      <y>260.40988524751714</y>
      <steeringAngle>0.0</steeringAngle>
      <velocity>4.0</velocity>
      <orientation>1.7724330460064248</orientation>
      <time>28</time>
    </ksState>
    <ksState>
      <x>100.06790861858718</x>
      <y>260.8017812872574</y>
      <steeringAngle>0.0</steeringAngle>
      <velocity>4.0</velocity>
      <orientation>1.7724330460064248</orientation>
      <time>29</time>
    </ksState>
    <ksState>
      <x>99.98779935547806</x>
      <y>261.1936773269977</y>
      <steeringAngle>0.0</steeringAngle>
      <velocity>4.0</velocity>
      <orientation>1.7724330460064248</orientation>
      <time>30</time>
    </ksState>
    <ksState>
      <x>99.90449065415031</x>
      <y>261.625738977376</y>
      <steeringAngle>-0.035533333333333326</steeringAngle>
      <velocity>4.799999999999999</velocity>
      <orientation>1.769309267337234</orientation>
      <time>31</time>
    </ksState>
    <ksState>
      <x>99.81955349671277</x>
      <y>262.13897547708854</y>
      <steeringAngle>-0.07106666666666667</steeringAngle>
      <velocity>5.599999999999998</velocity>
      <orientation>1.7584586562760611</orientation>
      <time>32</time>
    </ksState>
    <ksState>
      <x>99.74250145189882</x>
      <y>262.7347123087875</y>
      <steeringAngle>-0.10659999999999999</steeringAngle>
      <velocity>6.3999999999999995</velocity>
      <orientation>1.7376417072757333</orientation>
      <time>33</time>
    </ksState>
  </ksTrajectory>
</CommonRoadSolution>
