<?xml version="1.0" ?>
<CommonRoadSolution benchmark_id="KS2:SM1:DEU_Moelln-6_1_T-1:2020a" computation_time="0.5515713810000307" date="2022-12-18T12:01:12">
  <ksTrajectory planningProblem="1">
    <ksState>
      <x>-196.5063</x>
      <y>-760.83446</y>
      <steeringAngle>0.0</steeringAngle>
      <velocity>12.0</velocity>
      <orientation>0.10223851</orientation>
      <time>0</time>
    </ksState>
    <ksState>
      <x>-195.35095133932973</x>
      <y>-760.7302791860078</y>
      <steeringAngle>-0.03553333333333333</steeringAngle>
      <velocity>11.200000000000001</velocity>
      <orientation>0.09433723622765595</orientation>
      <time>1</time>
    </ksState>
    <ksState>
      <x>-194.27219167305728</x>
      <y>-760.6707275030989</y>
      <steeringAngle>-0.07106666666666667</steeringAngle>
      <velocity>10.400000000000007</velocity>
      <orientation>0.07208480542916598</orientation>
      <time>2</time>
    </ksState>
    <ksState>
      <x>-193.27112246570303</x>
      <y>-760.6636753732231</y>
      <steeringAngle>-0.10660000000000001</steeringAngle>
      <velocity>9.60000000000001</velocity>
      <orientation>0.037636794544494284</orientation>
      <time>3</time>
    </ksState>
    <ksState>
      <x>-192.35034903036956</x>
      <y>-760.7118482318147</y>
      <steeringAngle>-0.14213333333333344</steeringAngle>
      <velocity>8.800000000000008</velocity>
      <orientation>-0.006871337576350611</orientation>
      <time>4</time>
    </ksState>
    <ksState>
      <x>-191.5133463775524</x>
      <y>-760.8133684408286</y>
      <steeringAngle>-0.17766666666666675</steeringAngle>
      <velocity>8.000000000000009</velocity>
      <orientation>-0.059313635391332054</orientation>
      <time>5</time>
    </ksState>
    <ksState>
      <x>-190.76172489834434</x>
      <y>-760.9446640763668</y>
      <steeringAngle>-0.1421333333333334</steeringAngle>
      <velocity>7.2</velocity>
      <orientation>-0.10694095713696898</orientation>
      <time>6</time>
    </ksState>
    <ksState>
      <x>-190.09279138822336</x>
      <y>-761.0756161904714</y>
      <steeringAngle>-0.10660000000000011</steeringAngle>
      <velocity>6.4</velocity>
      <orientation>-0.14000052758493695</orientation>
      <time>7</time>
    </ksState>
    <ksState>
      <x>-189.50407650062849</x>
      <y>-761.1952133801086</y>
      <steeringAngle>-0.07106666666666674</steeringAngle>
      <velocity>5.600000000000001</velocity>
      <orientation>-0.16081747587882542</orientation>
      <time>8</time>
    </ksState>
    <ksState>
      <x>-188.99385413354912</x>
      <y>-761.2967927312407</y>
      <steeringAngle>-0.03553333333333339</steeringAngle>
      <velocity>4.800000000000001</velocity>
      <orientation>-0.1716680855364883</orientation>
      <time>9</time>
    </ksState>
    <ksState>
      <x>-188.5612440847157</x>
      <y>-761.3772296644131</y>
      <steeringAngle>-5.5294310796760726e-17</steeringAngle>
      <velocity>4.0</velocity>
      <orientation>-0.17479186137365385</orientation>
      <time>10</time>
    </ksState>
    <ksState>
      <x>-188.1271019651798</x>
      <y>-761.4489111089398</y>
      <steeringAngle>0.035533333333333326</steeringAngle>
      <velocity>4.799999999999999</velocity>
      <orientation>-0.17166808270446304</orientation>
      <time>11</time>
    </ksState>
    <ksState>
      <x>-187.61177053331198</x>
      <y>-761.5200415572712</y>
      <steeringAngle>0.07106666666666667</steeringAngle>
      <velocity>5.599999999999998</velocity>
      <orientation>-0.16081747164329024</orientation>
      <time>12</time>
    </ksState>
    <ksState>
      <x>-187.0141801437605</x>
      <y>-761.5810752903078</y>
      <steeringAngle>0.10659999999999999</steeringAngle>
      <velocity>6.3999999999999995</velocity>
      <orientation>-0.14000052264296226</orientation>
      <time>13</time>
    </ksState>
    <ksState>
      <x>-186.33366190632924</x>
      <y>-761.6186789423879</y>
      <steeringAngle>0.14213333333333333</steeringAngle>
      <velocity>7.199999999999999</velocity>
      <orientation>-0.10694095166179711</orientation>
      <time>14</time>
    </ksState>
    <ksState>
      <x>-185.57078903597704</x>
      <y>-761.6149348811837</y>
      <steeringAngle>0.17766666666666664</steeringAngle>
      <velocity>7.9999999999999964</velocity>
      <orientation>-0.05931362958025048</orientation>
      <time>15</time>
    </ksState>
    <ksState>
      <x>-184.8088150446214</x>
      <y>-761.5646628117605</y>
      <steeringAngle>0.17766666666666667</steeringAngle>
      <velocity>7.2</velocity>
      <orientation>-0.0063977021358731095</orientation>
      <time>16</time>
    </ksState>
    <ksState>
      <x>-184.13014350093945</x>
      <y>-761.485573983426</y>
      <steeringAngle>0.17766666666666667</steeringAngle>
      <velocity>6.4</velocity>
      <orientation>0.040948127656938074</orientation>
      <time>17</time>
    </ksState>
    <ksState>
      <x>-183.53500640699255</x>
      <y>-761.3891815987307</y>
      <steeringAngle>0.17766666666666667</steeringAngle>
      <velocity>5.599999999999999</velocity>
      <orientation>0.08272385981212284</orientation>
      <time>18</time>
    </ksState>
    <ksState>
      <x>-183.02286013517923</x>
      <y>-761.2855973886278</y>
      <steeringAngle>0.17766666666666667</steeringAngle>
      <velocity>4.799999999999999</velocity>
      <orientation>0.11892949433363732</orientation>
      <time>19</time>
    </ksState>
    <ksState>
      <x>-182.59266962337142</x>
      <y>-761.1835163029831</y>
      <steeringAngle>0.17766666666666667</steeringAngle>
      <velocity>4.0</velocity>
      <orientation>0.14956503122296733</orientation>
      <time>20</time>
    </ksState>
    <ksState>
      <x>-182.24250224256426</x>
      <y>-761.0939519481568</y>
      <steeringAngle>0.1421333333333333</steeringAngle>
      <velocity>3.1999999999999993</velocity>
      <orientation>0.17217494619640963</orientation>
      <time>21</time>
    </ksState>
    <ksState>
      <x>-181.97045711313484</x>
      <y>-761.0248732007636</y>
      <steeringAngle>0.10659999999999997</steeringAngle>
      <velocity>2.3999999999999977</velocity>
      <orientation>0.18584258706711698</orientation>
      <time>22</time>
    </ksState>
    <ksState>
      <x>-181.77591515541727</x>
      <y>-760.9774034379315</y>
      <steeringAngle>0.07106666666666664</steeringAngle>
      <velocity>1.5999999999999976</velocity>
      <orientation>0.1928432929203361</orientation>
      <time>23</time>
    </ksState>
    <ksState>
      <x>-181.6588791263646</x>
      <y>-760.9506434324346</y>
      <steeringAngle>0.0355333333333333</steeringAngle>
      <velocity>0.7999999999999972</velocity>
      <orientation>0.1954181373943034</orientation>
      <time>24</time>
    </ksState>
    <ksState>
      <x>-181.6197438001641</x>
      <y>-760.9423548219644</y>
      <steeringAngle>-2.5153490401663703e-17</steeringAngle>
      <velocity>-2.914335439641036e-15</velocity>
      <orientation>0.1957856489728346</orientation>
      <time>25</time>
    </ksState>
    <ksState>
      <x>-181.58040522114732</x>
      <y>-760.9350920313474</y>
      <steeringAngle>-0.03553333333333333</steeringAngle>
      <velocity>0.8</velocity>
      <orientation>0.19541811719459262</orientation>
      <time>26</time>
    </ksState>
    <ksState>
      <x>-181.46195579596534</x>
      <y>-760.915520965651</y>
      <steeringAngle>-0.0710666666666667</steeringAngle>
      <velocity>1.6</velocity>
      <orientation>0.19284327060260698</orientation>
      <time>27</time>
    </ksState>
    <ksState>
      <x>-181.2636646167646</x>
      <y>-760.8876152211051</y>
      <steeringAngle>-0.10660000000000003</steeringAngle>
      <velocity>2.4000000000000004</velocity>
      <orientation>0.18584256636576976</orientation>
      <time>28</time>
    </ksState>
    <ksState>
      <x>-180.98469493975085</x>
      <y>-760.8568051299347</y>
      <steeringAngle>-0.14213333333333342</steeringAngle>
      <velocity>3.2000000000000015</velocity>
      <orientation>0.1721749254249496</orientation>
      <time>29</time>
    </ksState>
    <ksState>
      <x>-180.62422278259936</x>
      <y>-760.8307437878677</y>
      <steeringAngle>-0.17766666666666683</steeringAngle>
      <velocity>4.0000000000000036</velocity>
      <orientation>0.14956500955172947</orientation>
      <time>30</time>
    </ksState>
    <ksState>
      <x>-180.18236532250805</x>
      <y>-760.8150464074952</y>
      <steeringAngle>-0.17766666666666667</steeringAngle>
      <velocity>4.800000000000002</velocity>
      <orientation>0.11892947250939528</orientation>
      <time>31</time>
    </ksState>
    <ksState>
      <x>-179.65984996563935</x>
      <y>-760.8139541539738</y>
      <steeringAngle>-0.17766666666666667</steeringAngle>
      <velocity>5.600000000000001</velocity>
      <orientation>0.0827238378328553</orientation>
      <time>32</time>
    </ksState>
    <ksState>
      <x>-179.05736763661065</x>
      <y>-760.8361960630051</y>
      <steeringAngle>-0.17766666666666667</steeringAngle>
      <velocity>6.3999999999999995</velocity>
      <orientation>0.040948105523215345</orientation>
      <time>33</time>
    </ksState>
  </ksTrajectory>
</CommonRoadSolution>
