<?xml version="1.0" ?>
<CommonRoadSolution benchmark_id="KS2:SM1:DEU_Flensburg-52_1_T-1:2020a" computation_time="6.508569155999794" date="2022-12-18T12:01:12">
  <ksTrajectory planningProblem="123">
    <ksState>
      <x>468.83277</x>
      <y>-508.43704</y>
      <steeringAngle>0.0</steeringAngle>
      <velocity>8.0</velocity>
      <orientation>-1.7777884</orientation>
      <time>0</time>
    </ksState>
    <ksState>
      <x>468.66815322863977</x>
      <y>-509.17902641300446</y>
      <steeringAngle>-0.03553333333333333</steeringAngle>
      <velocity>7.199999999999999</velocity>
      <orientation>-1.7829334129824923</orientation>
      <time>1</time>
    </ksState>
    <ksState>
      <x>468.5014489456456</x>
      <y>-509.8385537868442</y>
      <steeringAngle>-0.07106666666666664</steeringAngle>
      <velocity>6.400000000000001</velocity>
      <orientation>-1.7969100851034554</orientation>
      <time>2</time>
    </ksState>
    <ksState>
      <x>468.33278023287704</x>
      <y>-510.4150737129691</y>
      <steeringAngle>-0.10659999999999997</steeringAngle>
      <velocity>5.600000000000004</velocity>
      <orientation>-1.8175418529693368</orientation>
      <time>3</time>
    </ksState>
    <ksState>
      <x>468.16521852263224</x>
      <y>-510.9085948907316</y>
      <steeringAngle>-0.1421333333333333</steeringAngle>
      <velocity>4.800000000000003</velocity>
      <orientation>-1.842658060477985</orientation>
      <time>4</time>
    </ksState>
    <ksState>
      <x>468.004052697324</x>
      <y>-511.3198344588835</y>
      <steeringAngle>-0.17766666666666653</steeringAngle>
      <velocity>4.000000000000006</velocity>
      <orientation>-1.8700829570631348</orientation>
      <time>5</time>
    </ksState>
    <ksState>
      <x>467.8312374589521</x>
      <y>-511.7263597761108</y>
      <steeringAngle>-0.14213333333333333</steeringAngle>
      <velocity>4.8000000000000025</velocity>
      <orientation>-1.8975078567814871</orientation>
      <time>6</time>
    </ksState>
    <ksState>
      <x>467.6241943555713</x>
      <y>-512.2047092819171</y>
      <steeringAngle>-0.10660000000000003</steeringAngle>
      <velocity>5.600000000000005</velocity>
      <orientation>-1.922624069060405</orientation>
      <time>7</time>
    </ksState>
    <ksState>
      <x>467.38379231854003</x>
      <y>-512.755236390269</y>
      <steeringAngle>-0.07106666666666671</steeringAngle>
      <velocity>6.400000000000004</velocity>
      <orientation>-1.9432558386598646</orientation>
      <time>8</time>
    </ksState>
    <ksState>
      <x>467.1129527535424</x>
      <y>-513.3792996320651</y>
      <steeringAngle>-0.035533333333333375</steeringAngle>
      <velocity>7.200000000000006</velocity>
      <orientation>-1.9572325067526568</orientation>
      <time>9</time>
    </ksState>
    <ksState>
      <x>466.81732044830414</x>
      <y>-514.0794878042897</y>
      <steeringAngle>-2.6346112791397758e-17</steeringAngle>
      <velocity>8.000000000000007</velocity>
      <orientation>-1.9623775195322253</orientation>
      <time>10</time>
    </ksState>
    <ksState>
      <x>466.52726614554365</x>
      <y>-514.7819609356942</y>
      <steeringAngle>0.0</steeringAngle>
      <velocity>7.200000000000001</velocity>
      <orientation>-1.9623775195322253</orientation>
      <time>11</time>
    </ksState>
    <ksState>
      <x>466.26774387479423</x>
      <y>-515.4104895266081</y>
      <steeringAngle>0.0</steeringAngle>
      <velocity>6.400000000000001</velocity>
      <orientation>-1.9623775195322253</orientation>
      <time>12</time>
    </ksState>
    <ksState>
      <x>466.03875363597945</x>
      <y>-515.9650735772165</y>
      <steeringAngle>0.0</steeringAngle>
      <velocity>5.600000000000001</velocity>
      <orientation>-1.9623775195322253</orientation>
      <time>13</time>
    </ksState>
    <ksState>
      <x>465.8402954290778</x>
      <y>-516.4457130875714</y>
      <steeringAngle>0.0</steeringAngle>
      <velocity>4.800000000000001</velocity>
      <orientation>-1.9623775195322253</orientation>
      <time>14</time>
    </ksState>
    <ksState>
      <x>465.6723692540813</x>
      <y>-516.8524080576922</y>
      <steeringAngle>0.0</steeringAngle>
      <velocity>4.000000000000001</velocity>
      <orientation>-1.9623775195322253</orientation>
      <time>15</time>
    </ksState>
    <ksState>
      <x>465.5315752989301</x>
      <y>-517.1837500817606</y>
      <steeringAngle>-0.03553333333333333</steeringAngle>
      <velocity>3.2</velocity>
      <orientation>-1.964766267912018</orientation>
      <time>16</time>
    </ksState>
    <ksState>
      <x>465.41596126624916</x>
      <y>-517.4388922161701</y>
      <steeringAngle>-0.07106666666666668</steeringAngle>
      <velocity>2.4</velocity>
      <orientation>-1.9704671829178144</orientation>
      <time>17</time>
    </ksState>
    <ksState>
      <x>465.32863377929925</x>
      <y>-517.6190779206428</y>
      <steeringAngle>-0.10660000000000003</steeringAngle>
      <velocity>1.5999999999999994</velocity>
      <orientation>-1.977282716662546</orientation>
      <time>18</time>
    </ksState>
    <ksState>
      <x>465.2734163215497</x>
      <y>-517.7259285226804</y>
      <steeringAngle>-0.14213333333333342</steeringAngle>
      <velocity>0.7999999999999988</velocity>
      <orientation>-1.9830069781490256</orientation>
      <time>19</time>
    </ksState>
    <ksState>
      <x>465.2542115295757</x>
      <y>-517.7611832637014</y>
      <steeringAngle>-0.17766666666666675</steeringAngle>
      <velocity>-1.5265566588595902e-15</velocity>
      <orientation>-1.9854144726235814</orientation>
      <time>20</time>
    </ksState>
    <ksState>
      <x>465.2542115295757</x>
      <y>-517.7611832637014</y>
      <steeringAngle>-0.21319999999999997</steeringAngle>
      <velocity>0.0</velocity>
      <orientation>-1.9854144726235814</orientation>
      <time>21</time>
    </ksState>
    <ksState>
      <x>465.2542115295757</x>
      <y>-517.7611832637014</y>
      <steeringAngle>-0.24873333333333336</steeringAngle>
      <velocity>0.0</velocity>
      <orientation>-1.9854144726235814</orientation>
      <time>22</time>
    </ksState>
    <ksState>
      <x>465.2542115295757</x>
      <y>-517.7611832637014</y>
      <steeringAngle>-0.28426666666666667</steeringAngle>
      <velocity>0.0</velocity>
      <orientation>-1.9854144726235814</orientation>
      <time>23</time>
    </ksState>
    <ksState>
      <x>465.2542115295757</x>
      <y>-517.7611832637014</y>
      <steeringAngle>-0.3198</steeringAngle>
      <velocity>0.0</velocity>
      <orientation>-1.9854144726235814</orientation>
      <time>24</time>
    </ksState>
    <ksState>
      <x>465.2542115295757</x>
      <y>-517.7611832637014</y>
      <steeringAngle>-0.35533333333333333</steeringAngle>
      <velocity>0.0</velocity>
      <orientation>-1.9854144726235814</orientation>
      <time>25</time>
    </ksState>
    <ksState>
      <x>465.22995267851616</x>
      <y>-517.7941791515452</y>
      <steeringAngle>-0.39086666666666675</steeringAngle>
      <velocity>0.8</velocity>
      <orientation>-1.9915924482816065</orientation>
      <time>26</time>
    </ksState>
    <ksState>
      <x>465.15365687103827</x>
      <y>-517.8911747959963</y>
      <steeringAngle>-0.4264</steeringAngle>
      <velocity>1.6000000000000005</velocity>
      <orientation>-2.0118524207419273</orientation>
      <time>27</time>
    </ksState>
    <ksState>
      <x>465.0177945817992</x>
      <y>-518.0470757902269</y>
      <steeringAngle>-0.46193333333333314</steeringAngle>
      <velocity>2.4</velocity>
      <orientation>-2.048875382361495</orientation>
      <time>28</time>
    </ksState>
    <ksState>
      <x>464.81168803718475</x>
      <y>-518.2529035754217</y>
      <steeringAngle>-0.49746666666666634</steeringAngle>
      <velocity>3.200000000000001</velocity>
      <orientation>-2.1054824907586593</orientation>
      <time>29</time>
    </ksState>
    <ksState>
      <x>464.52179047691527</x>
      <y>-518.494005525333</y>
      <steeringAngle>-0.5329999999999997</steeringAngle>
      <velocity>4.000000000000001</velocity>
      <orientation>-2.1846596946312857</orientation>
      <time>30</time>
    </ksState>
    <ksState>
      <x>464.2057962817778</x>
      <y>-518.7048318799423</y>
      <steeringAngle>-0.5685333333333333</steeringAngle>
      <velocity>3.199999999999999</velocity>
      <orientation>-2.2702785478281386</orientation>
      <time>31</time>
    </ksState>
    <ksState>
      <x>463.9421347192794</x>
      <y>-518.8437887191183</y>
      <steeringAngle>-0.6040666666666664</steeringAngle>
      <velocity>2.3999999999999995</velocity>
      <orientation>-2.342272292641357</orientation>
      <time>32</time>
    </ksState>
    <ksState>
      <x>463.74384032947256</x>
      <y>-518.9267355334604</y>
      <steeringAngle>-0.6395999999999996</steeringAngle>
      <velocity>1.5999999999999983</velocity>
      <orientation>-2.39772212741737</orientation>
      <time>33</time>
    </ksState>
    <ksState>
      <x>463.6203312843496</x>
      <y>-518.9683515563146</y>
      <steeringAngle>-0.675133333333333</steeringAngle>
      <velocity>0.7999999999999986</velocity>
      <orientation>-2.433498732336199</orientation>
      <time>34</time>
    </ksState>
    <ksState>
      <x>463.57809794405927</x>
      <y>-518.9803493256122</y>
      <steeringAngle>-0.7106666666666662</steeringAngle>
      <velocity>-1.27675647831893e-15</velocity>
      <orientation>-2.446222929434807</orientation>
      <time>35</time>
    </ksState>
    <ksState>
      <x>463.5357122449047</x>
      <y>-518.9918049658639</y>
      <steeringAngle>-0.6751333333333335</steeringAngle>
      <velocity>0.8</velocity>
      <orientation>-2.45894712312988</orientation>
      <time>36</time>
    </ksState>
    <ksState>
      <x>463.40985650189407</x>
      <y>-519.0257453783603</y>
      <steeringAngle>-0.6396000000000001</steeringAngle>
      <velocity>1.5999999999999999</velocity>
      <orientation>-2.494723730799351</orientation>
      <time>37</time>
    </ksState>
    <ksState>
      <x>463.20118560961043</x>
      <y>-519.0775046857502</y>
      <steeringAngle>-0.6040666666666664</steeringAngle>
      <velocity>2.4</velocity>
      <orientation>-2.5501735656710083</orientation>
      <time>38</time>
    </ksState>
    <ksState>
      <x>462.9092609371566</x>
      <y>-519.137996763787</y>
      <steeringAngle>-0.568533333333333</steeringAngle>
      <velocity>3.200000000000001</velocity>
      <orientation>-2.6221673154773364</orientation>
      <time>39</time>
    </ksState>
    <ksState>
      <x>462.5335190207812</x>
      <y>-519.1947209381019</y>
      <steeringAngle>-0.5329999999999991</steeringAngle>
      <velocity>4.000000000000002</velocity>
      <orientation>-2.7077861684410345</orientation>
      <time>40</time>
    </ksState>
    <ksState>
      <x>462.1160806783296</x>
      <y>-519.2309257319895</y>
      <steeringAngle>-0.4974666666666666</steeringAngle>
      <velocity>4.0</velocity>
      <orientation>-2.795626035280484</orientation>
      <time>41</time>
    </ksState>
    <ksState>
      <x>461.7001133386058</x>
      <y>-519.241558810428</y>
      <steeringAngle>-0.4619333333333334</steeringAngle>
      <velocity>4.0</velocity>
      <orientation>-2.876326577067654</orientation>
      <time>42</time>
    </ksState>
    <ksState>
      <x>461.2867649217674</x>
      <y>-519.2295931853042</y>
      <steeringAngle>-0.42640000000000017</steeringAngle>
      <velocity>4.0</velocity>
      <orientation>-2.9501471603174587</orientation>
      <time>43</time>
    </ksState>
    <ksState>
      <x>460.8767582956052</x>
      <y>-519.1978908776297</y>
      <steeringAngle>-0.3908666666666668</steeringAngle>
      <velocity>4.0</velocity>
      <orientation>-3.0173167731803217</orientation>
      <time>44</time>
    </ksState>
    <ksState>
      <x>460.47046239900686</x>
      <y>-519.1491912804426</y>
      <steeringAngle>-0.3553333333333335</steeringAngle>
      <velocity>4.0</velocity>
      <orientation>-3.078037141058607</orientation>
      <time>45</time>
    </ksState>
    <ksState>
      <x>460.02790644739696</x>
      <y>-519.0787446850426</y>
      <steeringAngle>-0.31979999999999975</steeringAngle>
      <velocity>4.800000000000001</velocity>
      <orientation>-3.1378269760903557</orientation>
      <time>46</time>
    </ksState>
    <ksState>
      <x>459.510661517686</x>
      <y>-518.9748602782241</y>
      <steeringAngle>-0.28426666666666645</steeringAngle>
      <velocity>5.600000000000004</velocity>
      <orientation>-3.2005560762216794</orientation>
      <time>47</time>
    </ksState>
    <ksState>
      <x>458.9214359733835</x>
      <y>-518.8302513163195</y>
      <steeringAngle>-0.2487333333333331</steeringAngle>
      <velocity>6.400000000000004</velocity>
      <orientation>-3.2639782129143553</orientation>
      <time>48</time>
    </ksState>
    <ksState>
      <x>458.263061394044</x>
      <y>-518.6388059499625</y>
      <steeringAngle>-0.21319999999999992</steeringAngle>
      <velocity>7.200000000000004</velocity>
      <orientation>-3.325895301592154</orientation>
      <time>49</time>
    </ksState>
    <ksState>
      <x>457.5381071708857</x>
      <y>-518.396198998136</y>
      <steeringAngle>-0.17766666666666656</steeringAngle>
      <velocity>8.000000000000004</velocity>
      <orientation>-3.384144631193119</orientation>
      <time>50</time>
    </ksState>
    <ksState>
      <x>456.78567290076336</x>
      <y>-518.1153383588402</y>
      <steeringAngle>-0.14213333333333336</steeringAngle>
      <velocity>8.0</velocity>
      <orientation>-3.4341794427418675</orientation>
      <time>51</time>
    </ksState>
    <ksState>
      <x>456.04150317916026</x>
      <y>-517.8165780285142</y>
      <steeringAngle>-0.1066000000000001</steeringAngle>
      <velocity>8.0</velocity>
      <orientation>-3.472963294748865</orientation>
      <time>52</time>
    </ksState>
    <ksState>
      <x>455.30227044496496</x>
      <y>-517.5081987182796</y>
      <steeringAngle>-0.07106666666666674</steeringAngle>
      <velocity>8.0</velocity>
      <orientation>-3.500595773778552</orientation>
      <time>53</time>
    </ksState>
    <ksState>
      <x>454.5643531615056</x>
      <y>-517.1982752249787</y>
      <steeringAngle>-0.035533333333333354</steeringAngle>
      <velocity>8.0</velocity>
      <orientation>-3.517147294407581</orientation>
      <time>54</time>
    </ksState>
    <ksState>
      <x>453.82409086346416</x>
      <y>-516.8948233582955</y>
      <steeringAngle>-2.0816681711721685e-17</steeringAngle>
      <velocity>8.0</velocity>
      <orientation>-3.522659820865986</orientation>
      <time>55</time>
    </ksState>
    <ksState>
      <x>453.0780351358585</x>
      <y>-516.6059479067982</y>
      <steeringAngle>0.03553333333333333</steeringAngle>
      <velocity>8.0</velocity>
      <orientation>-3.517147285863147</orientation>
      <time>56</time>
    </ksState>
    <ksState>
      <x>452.3232068530917</x>
      <y>-516.3399792289905</y>
      <steeringAngle>0.07106666666666667</steeringAngle>
      <velocity>8.0</velocity>
      <orientation>-3.5005957649828776</orientation>
      <time>57</time>
    </ksState>
    <ksState>
      <x>451.55736994813236</x>
      <y>-516.1055859747676</y>
      <steeringAngle>0.10659999999999997</steeringAngle>
      <velocity>8.0</velocity>
      <orientation>-3.4729632856921824</orientation>
      <time>58</time>
    </ksState>
    <ksState>
      <x>450.77932913189306</x>
      <y>-515.911848827531</y>
      <steeringAngle>0.1421333333333333</steeringAngle>
      <velocity>8.0</velocity>
      <orientation>-3.4341794334194478</orientation>
      <time>59</time>
    </ksState>
    <ksState>
      <x>449.9892576501238</x>
      <y>-515.7682785989656</y>
      <steeringAngle>0.17766666666666667</steeringAngle>
      <velocity>8.0</velocity>
      <orientation>-3.384144621170293</orientation>
      <time>60</time>
    </ksState>
    <ksState>
      <x>449.2325874097654</x>
      <y>-515.6701789594447</y>
      <steeringAngle>0.1421333333333334</steeringAngle>
      <velocity>7.2</velocity>
      <orientation>-3.336517299424656</orientation>
      <time>61</time>
    </ksState>
    <ksState>
      <x>448.5549684078329</x>
      <y>-515.596334627426</y>
      <steeringAngle>0.10660000000000011</steeringAngle>
      <velocity>6.4</velocity>
      <orientation>-3.303457728976688</orientation>
      <time>62</time>
    </ksState>
    <ksState>
      <x>447.9573166647792</x>
      <y>-515.5354979553454</y>
      <steeringAngle>0.07106666666666674</steeringAngle>
      <velocity>5.600000000000001</velocity>
      <orientation>-3.2826407806827995</orientation>
      <time>63</time>
    </ksState>
    <ksState>
      <x>447.4399650243481</x>
      <y>-515.4807941292654</y>
      <steeringAngle>0.03553333333333339</steeringAngle>
      <velocity>4.800000000000001</velocity>
      <orientation>-3.271790171025137</orientation>
      <time>64</time>
    </ksState>
    <ksState>
      <x>447.00300202756006</x>
      <y>-515.4289781663988</y>
      <steeringAngle>5.5294310796760726e-17</steeringAngle>
      <velocity>4.0</velocity>
      <orientation>-3.2686663951879713</orientation>
      <time>65</time>
    </ksState>
    <ksState>
      <x>446.5671792589612</x>
      <y>-515.3683471197697</y>
      <steeringAngle>-0.035533333333333326</steeringAngle>
      <velocity>4.799999999999999</velocity>
      <orientation>-3.271790173857162</orientation>
      <time>66</time>
    </ksState>
    <ksState>
      <x>446.05400208653685</x>
      <y>-515.283052248568</y>
      <steeringAngle>-0.07106666666666667</steeringAngle>
      <velocity>5.599999999999998</velocity>
      <orientation>-3.282640784918335</orientation>
      <time>67</time>
    </ksState>
    <ksState>
      <x>445.46528719164337</x>
      <y>-515.1636614499978</y>
      <steeringAngle>-0.10659999999999999</steeringAngle>
      <velocity>6.3999999999999995</velocity>
      <orientation>-3.303457733918663</orientation>
      <time>68</time>
    </ksState>
    <ksState>
      <x>444.80435996483305</x>
      <y>-514.9972453841052</y>
      <steeringAngle>-0.14213333333333333</steeringAngle>
      <velocity>7.199999999999999</velocity>
      <orientation>-3.3365173048998282</orientation>
      <time>69</time>
    </ksState>
    <ksState>
      <x>444.0770946496804</x>
      <y>-514.7668670090575</y>
      <steeringAngle>-0.17766666666666664</steeringAngle>
      <velocity>7.9999999999999964</velocity>
      <orientation>-3.384144626981375</orientation>
      <time>70</time>
    </ksState>
    <ksState>
      <x>443.32466037837514</x>
      <y>-514.4860063729305</y>
      <steeringAngle>-0.14213333333333336</steeringAngle>
      <velocity>8.0</velocity>
      <orientation>-3.434179438530123</orientation>
      <time>71</time>
    </ksState>
    <ksState>
      <x>442.58049065551376</x>
      <y>-514.187246045739</y>
      <steeringAngle>-0.1066000000000001</steeringAngle>
      <velocity>8.0</velocity>
      <orientation>-3.4729632905371206</orientation>
      <time>72</time>
    </ksState>
    <ksState>
      <x>441.84125792001964</x>
      <y>-513.8788667386177</y>
      <steeringAngle>-0.07106666666666674</steeringAngle>
      <velocity>8.0</velocity>
      <orientation>-3.5005957695668077</orientation>
      <time>73</time>
    </ksState>
    <ksState>
      <x>441.103340635255</x>
      <y>-513.5689432484248</y>
      <steeringAngle>-0.035533333333333354</steeringAngle>
      <velocity>8.0</velocity>
      <orientation>-3.5171472901958367</orientation>
      <time>74</time>
    </ksState>
    <ksState>
      <x>440.3630783359355</x>
      <y>-513.2654913848595</y>
      <steeringAngle>-2.0816681711721685e-17</steeringAngle>
      <velocity>8.0</velocity>
      <orientation>-3.5226598166542415</orientation>
      <time>75</time>
    </ksState>
    <ksState>
      <x>439.62046371655305</x>
      <y>-512.967962349168</y>
      <steeringAngle>0.0</steeringAngle>
      <velocity>8.0</velocity>
      <orientation>-3.5226598166542415</orientation>
      <time>76</time>
    </ksState>
    <ksState>
      <x>438.8778490971706</x>
      <y>-512.6704333134767</y>
      <steeringAngle>0.0</steeringAngle>
      <velocity>8.0</velocity>
      <orientation>-3.5226598166542415</orientation>
      <time>77</time>
    </ksState>
    <ksState>
      <x>438.1352344777881</x>
      <y>-512.3729042777852</y>
      <steeringAngle>0.0</steeringAngle>
      <velocity>8.0</velocity>
      <orientation>-3.5226598166542415</orientation>
      <time>78</time>
    </ksState>
    <ksState>
      <x>437.3926198584057</x>
      <y>-512.0753752420939</y>
      <steeringAngle>0.0</steeringAngle>
      <velocity>8.0</velocity>
      <orientation>-3.5226598166542415</orientation>
      <time>79</time>
    </ksState>
    <ksState>
      <x>436.65000523902324</x>
      <y>-511.77784620640233</y>
      <steeringAngle>0.0</steeringAngle>
      <velocity>8.0</velocity>
      <orientation>-3.5226598166542415</orientation>
      <time>80</time>
    </ksState>
    <ksState>
      <x>435.9413378233936</x>
      <y>-511.5031954963703</y>
      <steeringAngle>0.03553333333333333</steeringAngle>
      <velocity>7.199999999999999</velocity>
      <orientation>-3.5175148036717494</orientation>
      <time>81</time>
    </ksState>
    <ksState>
      <x>435.3001198436012</x>
      <y>-511.27602556613436</y>
      <steeringAngle>0.07106666666666664</steeringAngle>
      <velocity>6.400000000000001</velocity>
      <orientation>-3.503538131550786</orientation>
      <time>82</time>
    </ksState>
    <ksState>
      <x>434.7268758652442</x>
      <y>-511.09653823743514</y>
      <steeringAngle>0.10659999999999997</steeringAngle>
      <velocity>5.600000000000004</velocity>
      <orientation>-3.4829063636849047</orientation>
      <time>83</time>
    </ksState>
    <ksState>
      <x>434.22330251912297</x>
      <y>-510.9621731946732</y>
      <steeringAngle>0.1421333333333333</steeringAngle>
      <velocity>4.800000000000003</velocity>
      <orientation>-3.4577901561762565</orientation>
      <time>84</time>
    </ksState>
    <ksState>
      <x>433.7917371255833</x>
      <y>-510.8681321570349</y>
      <steeringAngle>0.17766666666666653</steeringAngle>
      <velocity>4.000000000000006</velocity>
      <orientation>-3.4303652595911065</orientation>
      <time>85</time>
    </ksState>
    <ksState>
      <x>433.4346771047377</x>
      <y>-510.8079395800965</y>
      <steeringAngle>0.21319999999999997</steeringAngle>
      <velocity>3.2</velocity>
      <orientation>-3.402823714027672</orientation>
      <time>86</time>
    </ksState>
    <ksState>
      <x>433.1544079290378</x>
      <y>-510.7740590751508</y>
      <steeringAngle>0.24873333333333342</steeringAngle>
      <velocity>2.4000000000000004</velocity>
      <orientation>-3.377385483641022</orientation>
      <time>87</time>
    </ksState>
    <ksState>
      <x>432.952778178018</x>
      <y>-510.7585667319665</y>
      <steeringAngle>0.2842666666666668</steeringAngle>
      <velocity>1.600000000000001</velocity>
      <orientation>-3.356310583850443</orientation>
      <time>88</time>
    </ksState>
    <ksState>
      <x>432.83113690679716</x>
      <y>-510.7538709341005</y>
      <steeringAngle>0.3197999999999999</steeringAngle>
      <velocity>0.8000000000000007</velocity>
      <orientation>-3.3419121565497383</orientation>
      <time>89</time>
    </ksState>
    <ksState>
      <x>432.79042373674747</x>
      <y>-510.75346645113706</y>
      <steeringAngle>0.3553333333333332</steeringAngle>
      <velocity>5.551115123125783e-16</velocity>
      <orientation>-3.336570514914009</orientation>
      <time>90</time>
    </ksState>
    <ksState>
      <x>432.79042373674747</x>
      <y>-510.75346645113706</y>
      <steeringAngle>0.3198</steeringAngle>
      <velocity>0.0</velocity>
      <orientation>-3.336570514914009</orientation>
      <time>91</time>
    </ksState>
    <ksState>
      <x>432.79042373674747</x>
      <y>-510.75346645113706</y>
      <steeringAngle>0.2842666666666666</steeringAngle>
      <velocity>0.0</velocity>
      <orientation>-3.336570514914009</orientation>
      <time>92</time>
    </ksState>
    <ksState>
      <x>432.79042373674747</x>
      <y>-510.75346645113706</y>
      <steeringAngle>0.24873333333333333</steeringAngle>
      <velocity>0.0</velocity>
      <orientation>-3.336570514914009</orientation>
      <time>93</time>
    </ksState>
    <ksState>
      <x>432.79042373674747</x>
      <y>-510.75346645113706</y>
      <steeringAngle>0.21320000000000003</steeringAngle>
      <velocity>0.0</velocity>
      <orientation>-3.336570514914009</orientation>
      <time>94</time>
    </ksState>
    <ksState>
      <x>432.79042373674747</x>
      <y>-510.75346645113706</y>
      <steeringAngle>0.1776666666666667</steeringAngle>
      <velocity>0.0</velocity>
      <orientation>-3.336570514914009</orientation>
      <time>95</time>
    </ksState>
    <ksState>
      <x>432.79042373674747</x>
      <y>-510.75346645113706</y>
      <steeringAngle>0.14213333333333336</steeringAngle>
      <velocity>0.0</velocity>
      <orientation>-3.336570514914009</orientation>
      <time>96</time>
    </ksState>
    <ksState>
      <x>432.79042373674747</x>
      <y>-510.75346645113706</y>
      <steeringAngle>0.10660000000000001</steeringAngle>
      <velocity>0.0</velocity>
      <orientation>-3.336570514914009</orientation>
      <time>97</time>
    </ksState>
    <ksState>
      <x>432.79042373674747</x>
      <y>-510.75346645113706</y>
      <steeringAngle>0.07106666666666668</steeringAngle>
      <velocity>0.0</velocity>
      <orientation>-3.336570514914009</orientation>
      <time>98</time>
    </ksState>
    <ksState>
      <x>432.79042373674747</x>
      <y>-510.75346645113706</y>
      <steeringAngle>0.03553333333333333</steeringAngle>
      <velocity>0.0</velocity>
      <orientation>-3.336570514914009</orientation>
      <time>99</time>
    </ksState>
  </ksTrajectory>
</CommonRoadSolution>
