<?xml version="1.0" ?>
<CommonRoadSolution benchmark_id="KS2:SM1:DEU_Guetersloh-11_3_T-1:2020a" computation_time="0.9606296469996778" date="2022-12-18T12:01:12">
  <ksTrajectory planningProblem="1">
    <ksState>
      <x>-491.1526</x>
      <y>-703.79038</y>
      <steeringAngle>0.0</steeringAngle>
      <velocity>4.0</velocity>
      <orientation>0.54941313</orientation>
      <time>0</time>
    </ksState>
    <ksState>
      <x>-490.8092328364873</x>
      <y>-703.5851659559743</y>
      <steeringAngle>-0.035533333333333326</steeringAngle>
      <velocity>4.0</velocity>
      <orientation>0.5466568554673996</orientation>
      <time>1</time>
    </ksState>
    <ksState>
      <x>-490.46068575946936</x>
      <y>-703.3885742426493</y>
      <steeringAngle>-0.07106666666666711</steeringAngle>
      <velocity>4.0</velocity>
      <orientation>0.5383810949241142</orientation>
      <time>2</time>
    </ksState>
    <ksState>
      <x>-490.10599583453984</x>
      <y>-703.2026398476628</y>
      <steeringAngle>-0.10660000000000043</steeringAngle>
      <velocity>4.0</velocity>
      <orientation>0.5245648551049774</orientation>
      <time>3</time>
    </ksState>
    <ksState>
      <x>-489.74436500265836</x>
      <y>-703.0295243805842</y>
      <steeringAngle>-0.14213333333333378</steeringAngle>
      <velocity>4.0</velocity>
      <orientation>0.5051729287194315</orientation>
      <time>4</time>
    </ksState>
    <ksState>
      <x>-489.3751990289194</x>
      <y>-702.8715323355016</y>
      <steeringAngle>-0.1776666666666672</steeringAngle>
      <velocity>4.0</velocity>
      <orientation>0.4801555222680342</orientation>
      <time>5</time>
    </ksState>
    <ksState>
      <x>-489.03610780300943</x>
      <y>-702.7445199529727</y>
      <steeringAngle>-0.21319999999999997</steeringAngle>
      <velocity>3.2</velocity>
      <orientation>0.4526139767045996</orientation>
      <time>6</time>
    </ksState>
    <ksState>
      <x>-488.76740038756907</x>
      <y>-702.6579461442877</y>
      <steeringAngle>-0.24873333333333342</steeringAngle>
      <velocity>2.4000000000000004</velocity>
      <orientation>0.4271757463179501</orientation>
      <time>7</time>
    </ksState>
    <ksState>
      <x>-488.57239887139013</x>
      <y>-702.6043833037958</y>
      <steeringAngle>-0.2842666666666668</steeringAngle>
      <velocity>1.600000000000001</velocity>
      <orientation>0.4061008465273704</orientation>
      <time>8</time>
    </ksState>
    <ksState>
      <x>-488.4538717312636</x>
      <y>-702.5766350347462</y>
      <steeringAngle>-0.3197999999999999</steeringAngle>
      <velocity>0.8000000000000007</velocity>
      <orientation>0.39170241922666593</orientation>
      <time>9</time>
    </ksState>
    <ksState>
      <x>-488.4139788368135</x>
      <y>-702.5684936101565</y>
      <steeringAngle>-0.3553333333333332</steeringAngle>
      <velocity>5.551115123125783e-16</velocity>
      <orientation>0.3863607775909366</orientation>
      <time>10</time>
    </ksState>
    <ksState>
      <x>-488.4139788368135</x>
      <y>-702.5684936101565</y>
      <steeringAngle>-0.3198</steeringAngle>
      <velocity>0.0</velocity>
      <orientation>0.3863607775909366</orientation>
      <time>11</time>
    </ksState>
    <ksState>
      <x>-488.4139788368135</x>
      <y>-702.5684936101565</y>
      <steeringAngle>-0.2842666666666666</steeringAngle>
      <velocity>0.0</velocity>
      <orientation>0.3863607775909366</orientation>
      <time>12</time>
    </ksState>
    <ksState>
      <x>-488.4139788368135</x>
      <y>-702.5684936101565</y>
      <steeringAngle>-0.24873333333333333</steeringAngle>
      <velocity>0.0</velocity>
      <orientation>0.3863607775909366</orientation>
      <time>13</time>
    </ksState>
    <ksState>
      <x>-488.4139788368135</x>
      <y>-702.5684936101565</y>
      <steeringAngle>-0.21320000000000003</steeringAngle>
      <velocity>0.0</velocity>
      <orientation>0.3863607775909366</orientation>
      <time>14</time>
    </ksState>
    <ksState>
      <x>-488.4139788368135</x>
      <y>-702.5684936101565</y>
      <steeringAngle>-0.1776666666666667</steeringAngle>
      <velocity>0.0</velocity>
      <orientation>0.3863607775909366</orientation>
      <time>15</time>
    </ksState>
    <ksState>
      <x>-488.37562184384285</x>
      <y>-702.5566410756998</y>
      <steeringAngle>-0.14213333333333333</steeringAngle>
      <velocity>0.8</velocity>
      <orientation>0.38395328038013415</orientation>
      <time>16</time>
    </ksState>
    <ksState>
      <x>-488.2611957325239</x>
      <y>-702.5195841116767</y>
      <steeringAngle>-0.10660000000000001</steeringAngle>
      <velocity>1.6</velocity>
      <orientation>0.37822899375979946</orientation>
      <time>17</time>
    </ksState>
    <ksState>
      <x>-488.0715147091087</x>
      <y>-702.4554290760733</y>
      <steeringAngle>-0.07106666666666664</steeringAngle>
      <velocity>2.4000000000000004</velocity>
      <orientation>0.3714134799968208</orientation>
      <time>18</time>
    </ksState>
    <ksState>
      <x>-487.8073636889529</x>
      <y>-702.3622020962434</y>
      <steeringAngle>-0.03553333333333332</steeringAngle>
      <velocity>3.1999999999999993</velocity>
      <orientation>0.365712559283891</orientation>
      <time>19</time>
    </ksState>
    <ksState>
      <x>-487.46975286975476</x>
      <y>-702.237176380376</y>
      <steeringAngle>2.6020852139652106e-18</steeringAngle>
      <velocity>3.999999999999999</velocity>
      <orientation>0.36332380769556416</orientation>
      <time>20</time>
    </ksState>
    <ksState>
      <x>-487.06022737515633</x>
      <y>-702.0762214838416</y>
      <steeringAngle>0.035533333333333326</steeringAngle>
      <velocity>4.799999999999999</velocity>
      <orientation>0.366447586364755</orientation>
      <time>21</time>
    </ksState>
    <ksState>
      <x>-486.5812689657652</x>
      <y>-701.873182405277</y>
      <steeringAngle>0.07106666666666667</steeringAngle>
      <velocity>5.599999999999998</velocity>
      <orientation>0.37729819742592774</orientation>
      <time>22</time>
    </ksState>
    <ksState>
      <x>-486.0368515240253</x>
      <y>-701.6193142517366</y>
      <steeringAngle>0.10659999999999999</steeringAngle>
      <velocity>6.3999999999999995</velocity>
      <orientation>0.39811514642625573</orientation>
      <time>23</time>
    </ksState>
    <ksState>
      <x>-485.4332342915449</x>
      <y>-701.3028251638062</y>
      <steeringAngle>0.14213333333333333</steeringAngle>
      <velocity>7.199999999999999</velocity>
      <orientation>0.4311747174074209</orientation>
      <time>24</time>
    </ksState>
    <ksState>
      <x>-484.78009259895407</x>
      <y>-700.9086234848229</y>
      <steeringAngle>0.17766666666666664</steeringAngle>
      <velocity>7.9999999999999964</velocity>
      <orientation>0.47880203948896755</orientation>
      <time>25</time>
    </ksState>
    <ksState>
      <x>-484.1142968834109</x>
      <y>-700.459450806753</y>
      <steeringAngle>0.14213333333333336</steeringAngle>
      <velocity>8.0</velocity>
      <orientation>0.5288368510377159</orientation>
      <time>26</time>
    </ksState>
    <ksState>
      <x>-483.46072572294844</x>
      <y>-699.9948100339627</y>
      <steeringAngle>0.1066000000000001</steeringAngle>
      <velocity>8.0</velocity>
      <orientation>0.5676207030447133</orientation>
      <time>27</time>
    </ksState>
    <ksState>
      <x>-482.8142058168626</x>
      <y>-699.5219730162478</y>
      <steeringAngle>0.07106666666666674</steeringAngle>
      <velocity>8.0</velocity>
      <orientation>0.5952531820744003</orientation>
      <time>28</time>
    </ksState>
    <ksState>
      <x>-482.1693262507797</x>
      <y>-699.0479426014257</y>
      <steeringAngle>0.035533333333333354</steeringAngle>
      <velocity>8.0</velocity>
      <orientation>0.6118047027034296</orientation>
      <time>29</time>
    </ksState>
    <ksState>
      <x>-481.5206520694658</x>
      <y>-698.5796551770891</y>
      <steeringAngle>2.0816681711721685e-17</steeringAngle>
      <velocity>8.0</velocity>
      <orientation>0.6173172291618344</orientation>
      <time>30</time>
    </ksState>
    <ksState>
      <x>-480.86293365153284</x>
      <y>-698.1241832702905</y>
      <steeringAngle>-0.03553333333333333</steeringAngle>
      <velocity>8.0</velocity>
      <orientation>0.6118046941589956</orientation>
      <time>31</time>
    </ksState>
    <ksState>
      <x>-480.19132483273626</x>
      <y>-697.6889285534243</y>
      <steeringAngle>-0.07106666666666667</steeringAngle>
      <velocity>8.0</velocity>
      <orientation>0.595253173278726</orientation>
      <time>32</time>
    </ksState>
    <ksState>
      <x>-479.50162268711995</x>
      <y>-697.2817955125704</y>
      <steeringAngle>-0.10659999999999997</steeringAngle>
      <velocity>8.0</velocity>
      <orientation>0.567620693988031</orientation>
      <time>33</time>
    </ksState>
  </ksTrajectory>
</CommonRoadSolution>
