<?xml version="1.0" ?>
<CommonRoadSolution benchmark_id="KS2:SM1:BEL_Nivelles-18_2_T-1:2020a" computation_time="3.091570221999973" date="2022-12-18T12:01:12">
  <ksTrajectory planningProblem="1">
    <ksState>
      <x>-406.68424</x>
      <y>-173.69798</y>
      <steeringAngle>0.0</steeringAngle>
      <velocity>12.0</velocity>
      <orientation>-1.8871019</orientation>
      <time>0</time>
    </ksState>
    <ksState>
      <x>-407.03148039536006</x>
      <y>-174.80482609478773</y>
      <steeringAngle>0.03553333333333333</steeringAngle>
      <velocity>11.200000000000001</velocity>
      <orientation>-1.879200626227656</orientation>
      <time>1</time>
    </ksState>
    <ksState>
      <x>-407.3188400688689</x>
      <y>-175.84631216697233</y>
      <steeringAngle>0.07106666666666667</steeringAngle>
      <velocity>10.400000000000007</velocity>
      <orientation>-1.856948195429166</orientation>
      <time>2</time>
    </ksState>
    <ksState>
      <x>-407.5383942503063</x>
      <y>-176.82303385295148</y>
      <steeringAngle>0.10660000000000001</steeringAngle>
      <velocity>9.60000000000001</velocity>
      <orientation>-1.8225001845444944</orientation>
      <time>3</time>
    </ksState>
    <ksState>
      <x>-407.6869262503009</x>
      <y>-177.733024286142</y>
      <steeringAngle>0.14213333333333344</steeringAngle>
      <velocity>8.800000000000008</velocity>
      <orientation>-1.7779920524236494</orientation>
      <time>4</time>
    </ksState>
    <ksState>
      <x>-407.7655326329186</x>
      <y>-178.57248889544545</y>
      <steeringAngle>0.17766666666666675</steeringAngle>
      <velocity>8.000000000000009</velocity>
      <orientation>-1.725549754608668</orientation>
      <time>5</time>
    </ksState>
    <ksState>
      <x>-407.7881703043268</x>
      <y>-179.3759815703226</y>
      <steeringAngle>0.17766666666666667</steeringAngle>
      <velocity>8.0</velocity>
      <orientation>-1.6698487782981561</orientation>
      <time>6</time>
    </ksState>
    <ksState>
      <x>-407.7660406851183</x>
      <y>-180.17948843520514</y>
      <steeringAngle>0.17766666666666667</steeringAngle>
      <velocity>8.0</velocity>
      <orientation>-1.6141478019876445</orientation>
      <time>7</time>
    </ksState>
    <ksState>
      <x>-407.6992124119628</x>
      <y>-180.98051714074768</y>
      <steeringAngle>0.17766666666666667</steeringAngle>
      <velocity>8.0</velocity>
      <orientation>-1.5584468256771329</orientation>
      <time>8</time>
    </ksState>
    <ksState>
      <x>-407.58789277257654</x>
      <y>-181.77658305889946</y>
      <steeringAngle>0.17766666666666667</steeringAngle>
      <velocity>8.0</velocity>
      <orientation>-1.502745849366621</orientation>
      <time>9</time>
    </ksState>
    <ksState>
      <x>-407.4324270572759</x>
      <y>-182.56521695572317</y>
      <steeringAngle>0.17766666666666667</steeringAngle>
      <velocity>8.0</velocity>
      <orientation>-1.4470448730561092</orientation>
      <time>10</time>
    </ksState>
    <ksState>
      <x>-407.2442820027282</x>
      <y>-183.30530687114953</y>
      <steeringAngle>0.17766666666666667</steeringAngle>
      <velocity>7.2</velocity>
      <orientation>-1.3941289456117318</orientation>
      <time>11</time>
    </ksState>
    <ksState>
      <x>-407.0429664427489</x>
      <y>-183.95824036874416</y>
      <steeringAngle>0.17766666666666667</steeringAngle>
      <velocity>6.4</velocity>
      <orientation>-1.3467831158189205</orientation>
      <time>12</time>
    </ksState>
    <ksState>
      <x>-406.8398434327425</x>
      <y>-184.52588523591442</y>
      <steeringAngle>0.17766666666666667</steeringAngle>
      <velocity>5.599999999999999</velocity>
      <orientation>-1.305007383663736</orientation>
      <time>13</time>
    </ksState>
    <ksState>
      <x>-406.64475677569004</x>
      <y>-185.0106167993132</y>
      <steeringAngle>0.17766666666666667</steeringAngle>
      <velocity>4.799999999999999</velocity>
      <orientation>-1.2688017491422214</orientation>
      <time>14</time>
    </ksState>
    <ksState>
      <x>-406.4660677045776</x>
      <y>-185.41503569150402</y>
      <steeringAngle>0.17766666666666667</steeringAngle>
      <velocity>4.0</velocity>
      <orientation>-1.2381662122528914</orientation>
      <time>15</time>
    </ksState>
    <ksState>
      <x>-406.2970700937426</x>
      <y>-185.77933178630244</y>
      <steeringAngle>0.1421333333333333</steeringAngle>
      <velocity>4.0</velocity>
      <orientation>-1.2131488059083682</orientation>
      <time>16</time>
    </ksState>
    <ksState>
      <x>-406.1274950684018</x>
      <y>-186.14266458768918</y>
      <steeringAngle>0.10659999999999999</steeringAngle>
      <velocity>4.0</velocity>
      <orientation>-1.1937568796176175</orientation>
      <time>17</time>
    </ksState>
    <ksState>
      <x>-405.95926586110653</x>
      <y>-186.50610651535794</y>
      <steeringAngle>0.07106666666666664</steeringAngle>
      <velocity>4.0</velocity>
      <orientation>-1.1799406398826646</orientation>
      <time>18</time>
    </ksState>
    <ksState>
      <x>-405.7943079552233</x>
      <y>-186.87070346061483</y>
      <steeringAngle>0.03553333333333332</steeringAngle>
      <velocity>4.0</velocity>
      <orientation>-1.1716648794203992</orientation>
      <time>19</time>
    </ksState>
    <ksState>
      <x>-405.63457269204577</x>
      <y>-187.2374477200316</y>
      <steeringAngle>-2.2985086056692694e-17</steeringAngle>
      <velocity>4.0</velocity>
      <orientation>-1.1689086161255589</orientation>
      <time>20</time>
    </ksState>
    <ksState>
      <x>-405.48205955716264</x>
      <y>-187.60724977050228</y>
      <steeringAngle>-0.035533333333333326</steeringAngle>
      <velocity>4.0</velocity>
      <orientation>-1.1716648906581593</orientation>
      <time>21</time>
    </ksState>
    <ksState>
      <x>-405.3388364959673</x>
      <y>-187.98090806545588</y>
      <steeringAngle>-0.07106666666666711</steeringAngle>
      <velocity>4.0</velocity>
      <orientation>-1.1799406512014448</orientation>
      <time>22</time>
    </ksState>
    <ksState>
      <x>-405.2070579343292</x>
      <y>-188.35907595512668</y>
      <steeringAngle>-0.10660000000000043</steeringAngle>
      <velocity>4.0</velocity>
      <orientation>-1.1937568910205816</orientation>
      <time>23</time>
    </ksState>
    <ksState>
      <x>-405.08897930948734</x>
      <y>-188.74222509301507</y>
      <steeringAngle>-0.14213333333333378</steeringAngle>
      <velocity>4.0</velocity>
      <orientation>-1.2131488174061273</orientation>
      <time>24</time>
    </ksState>
    <ksState>
      <x>-404.98696743087595</x>
      <y>-189.13060451973357</y>
      <steeringAngle>-0.1776666666666672</steeringAngle>
      <velocity>4.0</velocity>
      <orientation>-1.2381662238575246</orientation>
      <time>25</time>
    </ksState>
    <ksState>
      <x>-404.9039381634062</x>
      <y>-189.4823787498588</y>
      <steeringAngle>-0.1421333333333333</steeringAngle>
      <velocity>3.1999999999999993</velocity>
      <orientation>-1.2607761388309668</orientation>
      <time>26</time>
    </ksState>
    <ksState>
      <x>-404.83898632701363</x>
      <y>-189.7554386054526</y>
      <steeringAngle>-0.10659999999999997</steeringAngle>
      <velocity>2.3999999999999977</velocity>
      <orientation>-1.2744437797016743</orientation>
      <time>27</time>
    </ksState>
    <ksState>
      <x>-404.7908295502186</x>
      <y>-189.94981163996266</y>
      <steeringAngle>-0.07106666666666664</steeringAngle>
      <velocity>1.5999999999999976</velocity>
      <orientation>-1.2814444855548934</orientation>
      <time>28</time>
    </ksState>
    <ksState>
      <x>-404.7602658080351</x>
      <y>-190.06591240505207</y>
      <steeringAngle>-0.0355333333333333</steeringAngle>
      <velocity>0.7999999999999972</velocity>
      <orientation>-1.2840193300288607</orientation>
      <time>29</time>
    </ksState>
    <ksState>
      <x>-404.74946130944295</x>
      <y>-190.1044291238963</y>
      <steeringAngle>2.5153490401663703e-17</steeringAngle>
      <velocity>-2.914335439641036e-15</velocity>
      <orientation>-1.2843868416073918</orientation>
      <time>30</time>
    </ksState>
    <ksState>
      <x>-404.74946130944295</x>
      <y>-190.1044291238963</y>
      <steeringAngle>0.0</steeringAngle>
      <velocity>0.0</velocity>
      <orientation>-1.2843868416073918</orientation>
      <time>31</time>
    </ksState>
    <ksState>
      <x>-404.74946130944295</x>
      <y>-190.1044291238963</y>
      <steeringAngle>0.0</steeringAngle>
      <velocity>0.0</velocity>
      <orientation>-1.2843868416073918</orientation>
      <time>32</time>
    </ksState>
    <ksState>
      <x>-404.74946130944295</x>
      <y>-190.1044291238963</y>
      <steeringAngle>0.0</steeringAngle>
      <velocity>0.0</velocity>
      <orientation>-1.2843868416073918</orientation>
      <time>33</time>
    </ksState>
  </ksTrajectory>
</CommonRoadSolution>
