<?xml version="1.0" ?>
<CommonRoadSolution benchmark_id="KS2:SM1:DEU_Meckenheim-3_1_T-1:2020a" computation_time="0.8282695660000172" date="2022-12-18T12:01:12">
  <ksTrajectory planningProblem="1">
    <ksState>
      <x>19.996977</x>
      <y>-965.5973</y>
      <steeringAngle>0.0</steeringAngle>
      <velocity>12.0</velocity>
      <orientation>2.6534761</orientation>
      <time>0</time>
    </ksState>
    <ksState>
      <x>18.97918621372417</x>
      <y>-965.0407156981295</y>
      <steeringAngle>-0.03553333333333333</steeringAngle>
      <velocity>11.200000000000001</velocity>
      <orientation>2.645574826227656</orientation>
      <time>1</time>
    </ksState>
    <ksState>
      <x>18.049864279483224</x>
      <y>-964.4896897794539</y>
      <steeringAngle>-0.07106666666666667</steeringAngle>
      <velocity>10.400000000000007</velocity>
      <orientation>2.623322395429166</orientation>
      <time>2</time>
    </ksState>
    <ksState>
      <x>17.214307349103567</x>
      <y>-963.938297082238</y>
      <steeringAngle>-0.10660000000000001</steeringAngle>
      <velocity>9.60000000000001</velocity>
      <orientation>2.588874384544494</orientation>
      <time>3</time>
    </ksState>
    <ksState>
      <x>16.476196898478815</x>
      <y>-963.3857237330803</y>
      <steeringAngle>-0.14213333333333344</steeringAngle>
      <velocity>8.800000000000008</velocity>
      <orientation>2.544366252423649</orientation>
      <time>4</time>
    </ksState>
    <ksState>
      <x>15.837374570012411</x>
      <y>-962.8354639523277</y>
      <steeringAngle>-0.17766666666666675</steeringAngle>
      <velocity>8.000000000000009</velocity>
      <orientation>2.4919239546086676</orientation>
      <time>5</time>
    </ksState>
    <ksState>
      <x>15.29174760384278</x>
      <y>-962.3012141434789</y>
      <steeringAngle>-0.17766666666666667</steeringAngle>
      <velocity>7.2</velocity>
      <orientation>2.43900802716429</orientation>
      <time>6</time>
    </ksState>
    <ksState>
      <x>14.82811075153148</x>
      <y>-961.7993267296599</y>
      <steeringAngle>-0.17766666666666667</steeringAngle>
      <velocity>6.4</velocity>
      <orientation>2.391662197371479</orientation>
      <time>7</time>
    </ksState>
    <ksState>
      <x>14.439144303520917</x>
      <y>-961.3386915651959</y>
      <steeringAngle>-0.17766666666666667</steeringAngle>
      <velocity>5.599999999999999</velocity>
      <orientation>2.349886465216294</orientation>
      <time>8</time>
    </ksState>
    <ksState>
      <x>14.117852272515211</x>
      <y>-960.9266297699185</y>
      <steeringAngle>-0.17766666666666667</steeringAngle>
      <velocity>4.799999999999999</velocity>
      <orientation>2.31368083069478</orientation>
      <time>9</time>
    </ksState>
    <ksState>
      <x>13.857788072068935</x>
      <y>-960.569067137444</y>
      <steeringAngle>-0.17766666666666667</steeringAngle>
      <velocity>4.0</velocity>
      <orientation>2.2830452938054497</orientation>
      <time>10</time>
    </ksState>
    <ksState>
      <x>13.650314251815038</x>
      <y>-960.2731050078631</y>
      <steeringAngle>-0.1421333333333333</steeringAngle>
      <velocity>3.1999999999999993</velocity>
      <orientation>2.2604353788320073</orientation>
      <time>11</time>
    </ksState>
    <ksState>
      <x>13.488799766789894</x>
      <y>-960.0435543665773</y>
      <steeringAngle>-0.10659999999999997</steeringAngle>
      <velocity>2.3999999999999977</velocity>
      <orientation>2.2467677379613002</orientation>
      <time>12</time>
    </ksState>
    <ksState>
      <x>13.37204333236246</x>
      <y>-959.8808648256851</y>
      <steeringAngle>-0.07106666666666664</steeringAngle>
      <velocity>1.5999999999999976</velocity>
      <orientation>2.239767032108081</orientation>
      <time>13</time>
    </ksState>
    <ksState>
      <x>13.300632493508283</x>
      <y>-959.7843556443356</y>
      <steeringAngle>-0.0355333333333333</steeringAngle>
      <velocity>0.7999999999999972</velocity>
      <orientation>2.237192187634114</orientation>
      <time>14</time>
    </ksState>
    <ksState>
      <x>13.276324205543485</x>
      <y>-959.7525848722869</y>
      <steeringAngle>2.5153490401663703e-17</steeringAngle>
      <velocity>-2.914335439641036e-15</velocity>
      <orientation>2.2368246760555826</orientation>
      <time>15</time>
    </ksState>
    <ksState>
      <x>13.276324205543485</x>
      <y>-959.7525848722869</y>
      <steeringAngle>0.0</steeringAngle>
      <velocity>0.0</velocity>
      <orientation>2.2368246760555826</orientation>
      <time>16</time>
    </ksState>
    <ksState>
      <x>13.276324205543485</x>
      <y>-959.7525848722869</y>
      <steeringAngle>0.0</steeringAngle>
      <velocity>0.0</velocity>
      <orientation>2.2368246760555826</orientation>
      <time>17</time>
    </ksState>
    <ksState>
      <x>13.276324205543485</x>
      <y>-959.7525848722869</y>
      <steeringAngle>0.0</steeringAngle>
      <velocity>0.0</velocity>
      <orientation>2.2368246760555826</orientation>
      <time>18</time>
    </ksState>
    <ksState>
      <x>13.276324205543485</x>
      <y>-959.7525848722869</y>
      <steeringAngle>0.0</steeringAngle>
      <velocity>0.0</velocity>
      <orientation>2.2368246760555826</orientation>
      <time>19</time>
    </ksState>
    <ksState>
      <x>13.276324205543485</x>
      <y>-959.7525848722869</y>
      <steeringAngle>0.0</steeringAngle>
      <velocity>0.0</velocity>
      <orientation>2.2368246760555826</orientation>
      <time>20</time>
    </ksState>
    <ksState>
      <x>13.276324205543485</x>
      <y>-959.7525848722869</y>
      <steeringAngle>0.0</steeringAngle>
      <velocity>0.0</velocity>
      <orientation>2.2368246760555826</orientation>
      <time>21</time>
    </ksState>
    <ksState>
      <x>13.276324205543485</x>
      <y>-959.7525848722869</y>
      <steeringAngle>0.0</steeringAngle>
      <velocity>0.0</velocity>
      <orientation>2.2368246760555826</orientation>
      <time>22</time>
    </ksState>
    <ksState>
      <x>13.276324205543485</x>
      <y>-959.7525848722869</y>
      <steeringAngle>0.0</steeringAngle>
      <velocity>0.0</velocity>
      <orientation>2.2368246760555826</orientation>
      <time>23</time>
    </ksState>
    <ksState>
      <x>13.276324205543485</x>
      <y>-959.7525848722869</y>
      <steeringAngle>0.0</steeringAngle>
      <velocity>0.0</velocity>
      <orientation>2.2368246760555826</orientation>
      <time>24</time>
    </ksState>
    <ksState>
      <x>13.276324205543485</x>
      <y>-959.7525848722869</y>
      <steeringAngle>0.0</steeringAngle>
      <velocity>0.0</velocity>
      <orientation>2.2368246760555826</orientation>
      <time>25</time>
    </ksState>
    <ksState>
      <x>13.276324205543485</x>
      <y>-959.7525848722869</y>
      <steeringAngle>0.0</steeringAngle>
      <velocity>0.0</velocity>
      <orientation>2.2368246760555826</orientation>
      <time>26</time>
    </ksState>
    <ksState>
      <x>13.276324205543485</x>
      <y>-959.7525848722869</y>
      <steeringAngle>0.0</steeringAngle>
      <velocity>0.0</velocity>
      <orientation>2.2368246760555826</orientation>
      <time>27</time>
    </ksState>
    <ksState>
      <x>13.276324205543485</x>
      <y>-959.7525848722869</y>
      <steeringAngle>0.0</steeringAngle>
      <velocity>0.0</velocity>
      <orientation>2.2368246760555826</orientation>
      <time>28</time>
    </ksState>
    <ksState>
      <x>13.276324205543485</x>
      <y>-959.7525848722869</y>
      <steeringAngle>0.0</steeringAngle>
      <velocity>0.0</velocity>
      <orientation>2.2368246760555826</orientation>
      <time>29</time>
    </ksState>
    <ksState>
      <x>13.276324205543485</x>
      <y>-959.7525848722869</y>
      <steeringAngle>0.0</steeringAngle>
      <velocity>0.0</velocity>
      <orientation>2.2368246760555826</orientation>
      <time>30</time>
    </ksState>
    <ksState>
      <x>13.276324205543485</x>
      <y>-959.7525848722869</y>
      <steeringAngle>0.0</steeringAngle>
      <velocity>0.0</velocity>
      <orientation>2.2368246760555826</orientation>
      <time>31</time>
    </ksState>
    <ksState>
      <x>13.276324205543485</x>
      <y>-959.7525848722869</y>
      <steeringAngle>0.0</steeringAngle>
      <velocity>0.0</velocity>
      <orientation>2.2368246760555826</orientation>
      <time>32</time>
    </ksState>
    <ksState>
      <x>13.276324205543485</x>
      <y>-959.7525848722869</y>
      <steeringAngle>0.0</steeringAngle>
      <velocity>0.0</velocity>
      <orientation>2.2368246760555826</orientation>
      <time>33</time>
    </ksState>
  </ksTrajectory>
</CommonRoadSolution>
