<?xml version="1.0" ?>
<CommonRoadSolution benchmark_id="KS2:SM1:DEU_Flensburg-42_1_T-1:2020a" computation_time="18.958362779000254" date="2022-12-16T13:37:50">
  <ksTrajectory planningProblem="123">
    <ksState>
      <x>439.42733</x>
      <y>-30.668082</y>
      <steeringAngle>0.0</steeringAngle>
      <velocity>16.0</velocity>
      <orientation>-2.0152947</orientation>
      <time>0</time>
    </ksState>
    <ksState>
      <x>438.73932191605303</x>
      <y>-32.11260436965153</y>
      <steeringAngle>0.0</steeringAngle>
      <velocity>16.0</velocity>
      <orientation>-2.0152947</orientation>
      <time>1</time>
    </ksState>
    <ksState>
      <x>438.0513138321061</x>
      <y>-33.55712673930305</y>
      <steeringAngle>0.0</steeringAngle>
      <velocity>16.0</velocity>
      <orientation>-2.0152947</orientation>
      <time>2</time>
    </ksState>
    <ksState>
      <x>437.3633057481592</x>
      <y>-35.00164910895458</y>
      <steeringAngle>0.0</steeringAngle>
      <velocity>16.0</velocity>
      <orientation>-2.0152947</orientation>
      <time>3</time>
    </ksState>
    <ksState>
      <x>436.6752976642122</x>
      <y>-36.446171478606104</y>
      <steeringAngle>0.0</steeringAngle>
      <velocity>16.0</velocity>
      <orientation>-2.0152947</orientation>
      <time>4</time>
    </ksState>
    <ksState>
      <x>435.98728958026527</x>
      <y>-37.89069384825763</y>
      <steeringAngle>0.0</steeringAngle>
      <velocity>16.0</velocity>
      <orientation>-2.0152947</orientation>
      <time>5</time>
    </ksState>
    <ksState>
      <x>435.2992814963183</x>
      <y>-39.33521621790915</y>
      <steeringAngle>0.0</steeringAngle>
      <velocity>16.0</velocity>
      <orientation>-2.0152947</orientation>
      <time>6</time>
    </ksState>
    <ksState>
      <x>434.61127341237136</x>
      <y>-40.77973858756068</y>
      <steeringAngle>0.0</steeringAngle>
      <velocity>16.0</velocity>
      <orientation>-2.0152947</orientation>
      <time>7</time>
    </ksState>
    <ksState>
      <x>433.92326532842446</x>
      <y>-42.2242609572122</y>
      <steeringAngle>0.0</steeringAngle>
      <velocity>16.0</velocity>
      <orientation>-2.0152947</orientation>
      <time>8</time>
    </ksState>
    <ksState>
      <x>433.2352572444775</x>
      <y>-43.668783326863725</y>
      <steeringAngle>0.0</steeringAngle>
      <velocity>16.0</velocity>
      <orientation>-2.0152947</orientation>
      <time>9</time>
    </ksState>
    <ksState>
      <x>432.54724916053055</x>
      <y>-45.113305696515255</y>
      <steeringAngle>0.0</steeringAngle>
      <velocity>16.0</velocity>
      <orientation>-2.0152947</orientation>
      <time>10</time>
    </ksState>
    <ksState>
      <x>431.8592410765836</x>
      <y>-46.55782806616678</y>
      <steeringAngle>0.0</steeringAngle>
      <velocity>16.0</velocity>
      <orientation>-2.0152947</orientation>
      <time>11</time>
    </ksState>
    <ksState>
      <x>431.17123299263665</x>
      <y>-48.00235043581831</y>
      <steeringAngle>0.0</steeringAngle>
      <velocity>16.0</velocity>
      <orientation>-2.0152947</orientation>
      <time>12</time>
    </ksState>
    <ksState>
      <x>430.48322490868975</x>
      <y>-49.44687280546983</y>
      <steeringAngle>0.0</steeringAngle>
      <velocity>16.0</velocity>
      <orientation>-2.0152947</orientation>
      <time>13</time>
    </ksState>
    <ksState>
      <x>429.7952168247428</x>
      <y>-50.89139517512135</y>
      <steeringAngle>0.0</steeringAngle>
      <velocity>16.0</velocity>
      <orientation>-2.0152947</orientation>
      <time>14</time>
    </ksState>
    <ksState>
      <x>429.10720874079584</x>
      <y>-52.33591754477288</y>
      <steeringAngle>0.0</steeringAngle>
      <velocity>16.0</velocity>
      <orientation>-2.0152947</orientation>
      <time>15</time>
    </ksState>
    <ksState>
      <x>428.4192006568489</x>
      <y>-53.780439914424406</y>
      <steeringAngle>0.0</steeringAngle>
      <velocity>16.0</velocity>
      <orientation>-2.0152947</orientation>
      <time>16</time>
    </ksState>
    <ksState>
      <x>427.73119257290193</x>
      <y>-55.224962284075936</y>
      <steeringAngle>0.0</steeringAngle>
      <velocity>16.0</velocity>
      <orientation>-2.0152947</orientation>
      <time>17</time>
    </ksState>
    <ksState>
      <x>427.04318448895503</x>
      <y>-56.66948465372746</y>
      <steeringAngle>0.0</steeringAngle>
      <velocity>16.0</velocity>
      <orientation>-2.0152947</orientation>
      <time>18</time>
    </ksState>
    <ksState>
      <x>426.3551764050081</x>
      <y>-58.11400702337898</y>
      <steeringAngle>0.0</steeringAngle>
      <velocity>16.0</velocity>
      <orientation>-2.0152947</orientation>
      <time>19</time>
    </ksState>
    <ksState>
      <x>425.6671683210611</x>
      <y>-59.55852939303051</y>
      <steeringAngle>0.0</steeringAngle>
      <velocity>16.0</velocity>
      <orientation>-2.0152947</orientation>
      <time>20</time>
    </ksState>
    <ksState>
      <x>424.9791602371142</x>
      <y>-61.003051762682034</y>
      <steeringAngle>0.0</steeringAngle>
      <velocity>16.0</velocity>
      <orientation>-2.0152947</orientation>
      <time>21</time>
    </ksState>
    <ksState>
      <x>424.2911521531672</x>
      <y>-62.447574132333564</y>
      <steeringAngle>0.0</steeringAngle>
      <velocity>16.0</velocity>
      <orientation>-2.0152947</orientation>
      <time>22</time>
    </ksState>
    <ksState>
      <x>423.6031440692203</x>
      <y>-63.89209650198509</y>
      <steeringAngle>0.0</steeringAngle>
      <velocity>16.0</velocity>
      <orientation>-2.0152947</orientation>
      <time>23</time>
    </ksState>
    <ksState>
      <x>422.91513598527337</x>
      <y>-65.3366188716366</y>
      <steeringAngle>0.0</steeringAngle>
      <velocity>16.0</velocity>
      <orientation>-2.0152947</orientation>
      <time>24</time>
    </ksState>
    <ksState>
      <x>422.2271279013264</x>
      <y>-66.78114124128813</y>
      <steeringAngle>0.0</steeringAngle>
      <velocity>16.0</velocity>
      <orientation>-2.0152947</orientation>
      <time>25</time>
    </ksState>
    <ksState>
      <x>421.53911981737946</x>
      <y>-68.22566361093965</y>
      <steeringAngle>0.0</steeringAngle>
      <velocity>16.0</velocity>
      <orientation>-2.0152947</orientation>
      <time>26</time>
    </ksState>
    <ksState>
      <x>420.8511117334325</x>
      <y>-69.67018598059117</y>
      <steeringAngle>0.0</steeringAngle>
      <velocity>16.0</velocity>
      <orientation>-2.0152947</orientation>
      <time>27</time>
    </ksState>
    <ksState>
      <x>420.1631036494856</x>
      <y>-71.11470835024271</y>
      <steeringAngle>0.0</steeringAngle>
      <velocity>16.0</velocity>
      <orientation>-2.0152947</orientation>
      <time>28</time>
    </ksState>
    <ksState>
      <x>419.47509556553865</x>
      <y>-72.55923071989423</y>
      <steeringAngle>0.0</steeringAngle>
      <velocity>16.0</velocity>
      <orientation>-2.0152947</orientation>
      <time>29</time>
    </ksState>
    <ksState>
      <x>418.7870874815917</x>
      <y>-74.00375308954575</y>
      <steeringAngle>0.0</steeringAngle>
      <velocity>16.0</velocity>
      <orientation>-2.0152947</orientation>
      <time>30</time>
    </ksState>
    <ksState>
      <x>418.11627959988743</x>
      <y>-75.41216239965367</y>
      <steeringAngle>0.0</steeringAngle>
      <velocity>15.2</velocity>
      <orientation>-2.0152947</orientation>
      <time>31</time>
    </ksState>
    <ksState>
      <x>417.4798721226155</x>
      <y>-76.7483455907856</y>
      <steeringAngle>0.0</steeringAngle>
      <velocity>14.400000000000002</velocity>
      <orientation>-2.0152947</orientation>
      <time>32</time>
    </ksState>
    <ksState>
      <x>416.87786504961673</x>
      <y>-78.01230266327575</y>
      <steeringAngle>0.0</steeringAngle>
      <velocity>13.600000000000001</velocity>
      <orientation>-2.0152947</orientation>
      <time>33</time>
    </ksState>
    <ksState>
      <x>416.310258380843</x>
      <y>-79.20403361722532</y>
      <steeringAngle>0.0</steeringAngle>
      <velocity>12.800000000000004</velocity>
      <orientation>-2.0152947</orientation>
      <time>34</time>
    </ksState>
    <ksState>
      <x>415.777052116279</x>
      <y>-80.32353845266624</y>
      <steeringAngle>0.0</steeringAngle>
      <velocity>12.000000000000002</velocity>
      <orientation>-2.0152947</orientation>
      <time>35</time>
    </ksState>
    <ksState>
      <x>415.26537730044936</x>
      <y>-81.36463069284595</y>
      <steeringAngle>-0.03553333333333333</steeringAngle>
      <velocity>11.200000000000001</velocity>
      <orientation>-2.023195973772344</orientation>
      <time>36</time>
    </ksState>
    <ksState>
      <x>414.75539795425766</x>
      <y>-82.31709585597343</y>
      <steeringAngle>-0.07106666666666667</steeringAngle>
      <velocity>10.400000000000007</velocity>
      <orientation>-2.045448404570834</orientation>
      <time>37</time>
    </ksState>
    <ksState>
      <x>414.2409636162583</x>
      <y>-83.1759011903396</y>
      <steeringAngle>-0.10660000000000001</steeringAngle>
      <velocity>9.60000000000001</velocity>
      <orientation>-2.0798964154555057</orientation>
      <time>38</time>
    </ksState>
    <ksState>
      <x>413.72110065877683</x>
      <y>-83.93740421000489</y>
      <steeringAngle>-0.14213333333333344</steeringAngle>
      <velocity>8.800000000000008</velocity>
      <orientation>-2.1244045475763507</orientation>
      <time>39</time>
    </ksState>
    <ksState>
      <x>413.1992196751085</x>
      <y>-84.59961266098283</y>
      <steeringAngle>-0.17766666666666675</steeringAngle>
      <velocity>8.000000000000009</velocity>
      <orientation>-2.1768468453913323</orientation>
      <time>40</time>
    </ksState>
    <ksState>
      <x>412.6616043567277</x>
      <y>-85.19717664265374</y>
      <steeringAngle>-0.17766666666666667</steeringAngle>
      <velocity>8.0</velocity>
      <orientation>-2.232547821701844</orientation>
      <time>41</time>
    </ksState>
    <ksState>
      <x>412.0915551150527</x>
      <y>-85.76388367810098</y>
      <steeringAngle>-0.17766666666666667</steeringAngle>
      <velocity>8.0</velocity>
      <orientation>-2.288248798012356</orientation>
      <time>42</time>
    </ksState>
    <ksState>
      <x>411.49084014710496</x>
      <y>-86.2979759290087</y>
      <steeringAngle>-0.17766666666666667</steeringAngle>
      <velocity>8.0</velocity>
      <orientation>-2.3439497743228674</orientation>
      <time>43</time>
    </ksState>
    <ksState>
      <x>410.86132274848944</x>
      <y>-86.79779674989975</y>
      <steeringAngle>-0.17766666666666667</steeringAngle>
      <velocity>8.0</velocity>
      <orientation>-2.3996507506333793</orientation>
      <time>44</time>
    </ksState>
    <ksState>
      <x>410.204955553297</x>
      <y>-87.26179579831317</y>
      <steeringAngle>-0.17766666666666667</steeringAngle>
      <velocity>8.0</velocity>
      <orientation>-2.455351726943891</orientation>
      <time>45</time>
    </ksState>
    <ksState>
      <x>409.5636621254682</x>
      <y>-87.67521584057265</y>
      <steeringAngle>-0.1421333333333334</steeringAngle>
      <velocity>7.2</velocity>
      <orientation>-2.5029790486895283</orientation>
      <time>46</time>
    </ksState>
    <ksState>
      <x>408.98335356308246</x>
      <y>-88.03279446070115</y>
      <steeringAngle>-0.10660000000000011</steeringAngle>
      <velocity>6.4</velocity>
      <orientation>-2.536038619137496</orientation>
      <time>47</time>
    </ksState>
    <ksState>
      <x>408.4696855165746</x>
      <y>-88.3442970203083</y>
      <steeringAngle>-0.07106666666666674</steeringAngle>
      <velocity>5.600000000000001</velocity>
      <orientation>-2.5568555674313846</orientation>
      <time>48</time>
    </ksState>
    <ksState>
      <x>408.02590978175647</x>
      <y>-88.6157897930134</y>
      <steeringAngle>-0.03553333333333339</steeringAngle>
      <velocity>4.800000000000001</velocity>
      <orientation>-2.5677061770890472</orientation>
      <time>49</time>
    </ksState>
    <ksState>
      <x>407.65349931382815</x>
      <y>-88.85016555529965</y>
      <steeringAngle>-5.5294310796760726e-17</steeringAngle>
      <velocity>4.0</velocity>
      <orientation>-2.570829952926213</orientation>
      <time>50</time>
    </ksState>
    <ksState>
      <x>407.2832440858157</x>
      <y>-89.08788612032036</y>
      <steeringAngle>0.0</steeringAngle>
      <velocity>4.8</velocity>
      <orientation>-2.570829952926213</orientation>
      <time>51</time>
    </ksState>
    <ksState>
      <x>406.84566972555643</x>
      <y>-89.36882860617742</y>
      <steeringAngle>0.0</steeringAngle>
      <velocity>5.6</velocity>
      <orientation>-2.570829952926213</orientation>
      <time>52</time>
    </ksState>
    <ksState>
      <x>406.34077623306393</x>
      <y>-89.69299301286217</y>
      <steeringAngle>0.0</steeringAngle>
      <velocity>6.4</velocity>
      <orientation>-2.570829952926213</orientation>
      <time>53</time>
    </ksState>
    <ksState>
      <x>405.7685636083461</x>
      <y>-90.06037934036956</y>
      <steeringAngle>0.0</steeringAngle>
      <velocity>7.199999999999999</velocity>
      <orientation>-2.570829952926213</orientation>
      <time>54</time>
    </ksState>
    <ksState>
      <x>405.1290318514077</x>
      <y>-90.47098758869645</y>
      <steeringAngle>0.0</steeringAngle>
      <velocity>7.999999999999998</velocity>
      <orientation>-2.570829952926213</orientation>
      <time>55</time>
    </ksState>
    <ksState>
      <x>404.49417038764034</x>
      <y>-90.88883138764443</y>
      <steeringAngle>0.03553333333333333</steeringAngle>
      <velocity>7.199999999999999</velocity>
      <orientation>-2.5656849399437207</orientation>
      <time>56</time>
    </ksState>
    <ksState>
      <x>403.9371147364133</x>
      <y>-91.27928711656723</y>
      <steeringAngle>0.07106666666666664</steeringAngle>
      <velocity>6.400000000000001</velocity>
      <orientation>-2.5517082678227574</orientation>
      <time>57</time>
    </ksState>
    <ksState>
      <x>403.4583336268475</x>
      <y>-91.64204462373834</y>
      <steeringAngle>0.10659999999999997</steeringAngle>
      <velocity>5.600000000000004</velocity>
      <orientation>-2.531076499956876</orientation>
      <time>58</time>
    </ksState>
    <ksState>
      <x>403.0567261112856</x>
      <y>-91.97423656085365</y>
      <steeringAngle>0.1421333333333333</steeringAngle>
      <velocity>4.800000000000003</velocity>
      <orientation>-2.505960292448228</orientation>
      <time>59</time>
    </ksState>
    <ksState>
      <x>402.72974019144664</x>
      <y>-92.27117529845472</y>
      <steeringAngle>0.17766666666666653</steeringAngle>
      <velocity>4.000000000000006</velocity>
      <orientation>-2.478535395863078</orientation>
      <time>60</time>
    </ksState>
    <ksState>
      <x>402.43998189864504</x>
      <y>-92.54922559769217</y>
      <steeringAngle>0.1421333333333333</steeringAngle>
      <velocity>4.0</velocity>
      <orientation>-2.4535179895185544</orientation>
      <time>61</time>
    </ksState>
    <ksState>
      <x>402.1513221292437</x>
      <y>-92.82750953778216</y>
      <steeringAngle>0.10659999999999999</steeringAngle>
      <velocity>4.0</velocity>
      <orientation>-2.434126063227804</orientation>
      <time>62</time>
    </ksState>
    <ksState>
      <x>401.8621224901181</x>
      <y>-93.10455586911394</y>
      <steeringAngle>0.07106666666666664</steeringAngle>
      <velocity>4.0</velocity>
      <orientation>-2.420309823492851</orientation>
      <time>63</time>
    </ksState>
    <ksState>
      <x>401.57076895117757</x>
      <y>-93.3788826059642</y>
      <steeringAngle>0.03553333333333332</steeringAngle>
      <velocity>4.0</velocity>
      <orientation>-2.4120340630305854</orientation>
      <time>64</time>
    </ksState>
    <ksState>
      <x>401.2756897882673</x>
      <y>-93.64896591484073</y>
      <steeringAngle>-2.2985086056692694e-17</steeringAngle>
      <velocity>4.0</velocity>
      <orientation>-2.409277799735745</orientation>
      <time>65</time>
    </ksState>
    <ksState>
      <x>400.9484931588637</x>
      <y>-93.94314675482062</y>
      <steeringAngle>0.0</steeringAngle>
      <velocity>4.8</velocity>
      <orientation>-2.409277799735745</orientation>
      <time>66</time>
    </ksState>
    <ksState>
      <x>400.5618062333102</x>
      <y>-94.29081502015671</y>
      <steeringAngle>0.0</steeringAngle>
      <velocity>5.6</velocity>
      <orientation>-2.409277799735745</orientation>
      <time>67</time>
    </ksState>
    <ksState>
      <x>400.11562901161875</x>
      <y>-94.69197071083832</y>
      <steeringAngle>0.0</steeringAngle>
      <velocity>6.4</velocity>
      <orientation>-2.409277799735745</orientation>
      <time>68</time>
    </ksState>
    <ksState>
      <x>399.6099614937963</x>
      <y>-95.14661382685915</y>
      <steeringAngle>0.0</steeringAngle>
      <velocity>7.199999999999999</velocity>
      <orientation>-2.409277799735745</orientation>
      <time>69</time>
    </ksState>
    <ksState>
      <x>399.0448036798471</x>
      <y>-95.65474436821533</y>
      <steeringAngle>0.0</steeringAngle>
      <velocity>7.999999999999998</velocity>
      <orientation>-2.409277799735745</orientation>
      <time>70</time>
    </ksState>
    <ksState>
      <x>398.48541918707724</x>
      <y>-96.16926502644476</y>
      <steeringAngle>0.03553333333333333</steeringAngle>
      <velocity>7.199999999999999</velocity>
      <orientation>-2.404132786753253</orientation>
      <time>71</time>
    </ksState>
    <ksState>
      <x>397.99842200199265</x>
      <y>-96.64423914840538</y>
      <steeringAngle>0.07106666666666664</steeringAngle>
      <velocity>6.400000000000001</velocity>
      <orientation>-2.3901561146322896</orientation>
      <time>72</time>
    </ksState>
    <ksState>
      <x>397.58422486229097</x>
      <y>-97.07928522567651</y>
      <steeringAngle>0.10659999999999997</steeringAngle>
      <velocity>5.600000000000004</velocity>
      <orientation>-2.369524346766408</orientation>
      <time>73</time>
    </ksState>
    <ksState>
      <x>397.2412799420102</x>
      <y>-97.47175033405406</y>
      <steeringAngle>0.1421333333333333</steeringAngle>
      <velocity>4.800000000000003</velocity>
      <orientation>-2.34440813925776</orientation>
      <time>74</time>
    </ksState>
    <ksState>
      <x>396.9663144661269</x>
      <y>-97.8174183723992</y>
      <steeringAngle>0.17766666666666653</steeringAngle>
      <velocity>4.000000000000006</velocity>
      <orientation>-2.31698324267261</orientation>
      <time>75</time>
    </ksState>
    <ksState>
      <x>396.7012696723584</x>
      <y>-98.17080088110119</y>
      <steeringAngle>0.14213333333333333</steeringAngle>
      <velocity>4.8000000000000025</velocity>
      <orientation>-2.2895583429542574</orientation>
      <time>76</time>
    </ksState>
    <ksState>
      <x>396.3912503220629</x>
      <y>-98.5898153185672</y>
      <steeringAngle>0.10660000000000003</steeringAngle>
      <velocity>5.600000000000005</velocity>
      <orientation>-2.2644421306753397</orientation>
      <time>77</time>
    </ksState>
    <ksState>
      <x>396.03551489249014</x>
      <y>-99.07388715268468</y>
      <steeringAngle>0.07106666666666671</steeringAngle>
      <velocity>6.400000000000004</velocity>
      <orientation>-2.24381036107588</orientation>
      <time>78</time>
    </ksState>
    <ksState>
      <x>395.6314229717534</x>
      <y>-99.62117018670305</y>
      <steeringAngle>0.035533333333333375</steeringAngle>
      <velocity>7.200000000000006</velocity>
      <orientation>-2.229833692983088</orientation>
      <time>79</time>
    </ksState>
    <ksState>
      <x>395.17390401326514</x>
      <y>-100.2280790258605</y>
      <steeringAngle>2.6346112791397758e-17</steeringAngle>
      <velocity>8.000000000000007</velocity>
      <orientation>-2.2246886802035193</orientation>
      <time>80</time>
    </ksState>
    <ksState>
      <x>394.6946859541951</x>
      <y>-100.86870233720045</y>
      <steeringAngle>0.03553333333333333</steeringAngle>
      <velocity>8.0</velocity>
      <orientation>-2.2191761452006804</orientation>
      <time>81</time>
    </ksState>
    <ksState>
      <x>394.2351636340226</x>
      <y>-101.52394604094951</y>
      <steeringAngle>0.07106666666666667</steeringAngle>
      <velocity>8.0</velocity>
      <orientation>-2.202624624320411</orientation>
      <time>82</time>
    </ksState>
    <ksState>
      <x>393.80308256407636</x>
      <y>-102.19829929527319</y>
      <steeringAngle>0.10659999999999997</steeringAngle>
      <velocity>8.0</velocity>
      <orientation>-2.174992145029716</orientation>
      <time>83</time>
    </ksState>
    <ksState>
      <x>393.4068654904559</x>
      <y>-102.89535999888896</y>
      <steeringAngle>0.1421333333333333</steeringAngle>
      <velocity>8.0</velocity>
      <orientation>-2.136208292756981</orientation>
      <time>84</time>
    </ksState>
    <ksState>
      <x>393.0557181346905</x>
      <y>-103.61752403245357</y>
      <steeringAngle>0.17766666666666667</steeringAngle>
      <velocity>8.0</velocity>
      <orientation>-2.0861734805078265</orientation>
      <time>85</time>
    </ksState>
    <ksState>
      <x>392.74245873758855</x>
      <y>-104.35705670900516</y>
      <steeringAngle>0.14213333333333336</steeringAngle>
      <velocity>8.0</velocity>
      <orientation>-2.036138668959078</orientation>
      <time>86</time>
    </ksState>
    <ksState>
      <x>392.4478803972556</x>
      <y>-105.10289175171496</y>
      <steeringAngle>0.1066000000000001</steeringAngle>
      <velocity>8.0</velocity>
      <orientation>-1.9973548169520807</orientation>
      <time>87</time>
    </ksState>
    <ksState>
      <x>392.1636817266525</x>
      <y>-105.85175352127878</y>
      <steeringAngle>0.07106666666666674</steeringAngle>
      <velocity>8.0</velocity>
      <orientation>-1.9697223379223938</orientation>
      <time>88</time>
    </ksState>
    <ksState>
      <x>391.88150880191034</x>
      <y>-106.60072143078506</y>
      <steeringAngle>0.035533333333333354</steeringAngle>
      <velocity>8.0</velocity>
      <orientation>-1.9531708172933644</orientation>
      <time>89</time>
    </ksState>
    <ksState>
      <x>391.593023778952</x>
      <y>-107.34694371457444</y>
      <steeringAngle>2.0816681711721685e-17</steeringAngle>
      <velocity>8.0</velocity>
      <orientation>-1.9476582908349596</orientation>
      <time>90</time>
    </ksState>
    <ksState>
      <x>391.2899699592107</x>
      <y>-108.08735343730314</y>
      <steeringAngle>-0.03553333333333333</steeringAngle>
      <velocity>8.0</velocity>
      <orientation>-1.9531708258377984</orientation>
      <time>91</time>
    </ksState>
    <ksState>
      <x>390.96424941985197</x>
      <y>-108.81838777594899</y>
      <steeringAngle>-0.07106666666666667</steeringAngle>
      <velocity>8.0</velocity>
      <orientation>-1.969722346718068</orientation>
      <time>92</time>
    </ksState>
    <ksState>
      <x>390.60802934267895</x>
      <y>-109.5357117050366</y>
      <steeringAngle>-0.10659999999999997</steeringAngle>
      <velocity>8.0</velocity>
      <orientation>-1.9973548260087628</orientation>
      <time>93</time>
    </ksState>
    <ksState>
      <x>390.2138931160378</x>
      <y>-110.23395108290264</y>
      <steeringAngle>-0.1421333333333333</steeringAngle>
      <velocity>8.0</velocity>
      <orientation>-2.036138678281498</orientation>
      <time>94</time>
    </ksState>
    <ksState>
      <x>389.77505249957744</x>
      <y>-110.90644217591432</y>
      <steeringAngle>-0.17766666666666667</steeringAngle>
      <velocity>8.0</velocity>
      <orientation>-2.0861734905306526</orientation>
      <time>95</time>
    </ksState>
    <ksState>
      <x>389.3261490077199</x>
      <y>-111.5234179022734</y>
      <steeringAngle>-0.1421333333333334</steeringAngle>
      <velocity>7.2</velocity>
      <orientation>-2.1338008122762897</orientation>
      <time>96</time>
    </ksState>
    <ksState>
      <x>388.9139711466738</x>
      <y>-112.06630823006967</y>
      <steeringAngle>-0.10660000000000011</steeringAngle>
      <velocity>6.4</velocity>
      <orientation>-2.1668603827242574</orientation>
      <time>97</time>
    </ksState>
    <ksState>
      <x>388.54731733537045</x>
      <y>-112.54217973510198</y>
      <steeringAngle>-0.07106666666666674</steeringAngle>
      <velocity>5.600000000000001</velocity>
      <orientation>-2.187677331018146</orientation>
      <time>98</time>
    </ksState>
    <ksState>
      <x>388.2314092869784</x>
      <y>-112.95551656313168</y>
      <steeringAngle>-0.03553333333333339</steeringAngle>
      <velocity>4.800000000000001</velocity>
      <orientation>-2.1985279406758087</orientation>
      <time>99</time>
    </ksState>
  </ksTrajectory>
</CommonRoadSolution>
