<?xml version="1.0" ?>
<CommonRoadSolution benchmark_id="KS2:SM1:BEL_Zaventem-1_2_T-1:2020a" computation_time="1.5784220800001094" date="2022-12-18T12:01:12">
  <ksTrajectory planningProblem="1">
    <ksState>
      <x>-406.93313</x>
      <y>-114.97304</y>
      <steeringAngle>0.0</steeringAngle>
      <velocity>12.0</velocity>
      <orientation>-1.3613465</orientation>
      <time>0</time>
    </ksState>
    <ksState>
      <x>-406.69194073307347</x>
      <y>-116.10768872819123</y>
      <steeringAngle>0.0</steeringAngle>
      <velocity>11.200000000000001</velocity>
      <orientation>-1.3613465</orientation>
      <time>1</time>
    </ksState>
    <ksState>
      <x>-406.4673852087944</x>
      <y>-117.16408581948144</y>
      <steeringAngle>0.0</steeringAngle>
      <velocity>10.4</velocity>
      <orientation>-1.3613465</orientation>
      <time>2</time>
    </ksState>
    <ksState>
      <x>-406.2594634270983</x>
      <y>-118.14223127417355</y>
      <steeringAngle>0.0</steeringAngle>
      <velocity>9.599999999999998</velocity>
      <orientation>-1.3613465</orientation>
      <time>3</time>
    </ksState>
    <ksState>
      <x>-406.06817538796696</x>
      <y>-119.04212509235367</y>
      <steeringAngle>0.0</steeringAngle>
      <velocity>8.799999999999999</velocity>
      <orientation>-1.3613465</orientation>
      <time>4</time>
    </ksState>
    <ksState>
      <x>-405.89352109139435</x>
      <y>-119.86376727404995</y>
      <steeringAngle>0.0</steeringAngle>
      <velocity>7.999999999999997</velocity>
      <orientation>-1.3613465</orientation>
      <time>5</time>
    </ksState>
    <ksState>
      <x>-405.7270811992879</x>
      <y>-120.60534685899806</y>
      <steeringAngle>0.03553333333333333</steeringAngle>
      <velocity>7.199999999999999</velocity>
      <orientation>-1.3562014870175076</orientation>
      <time>6</time>
    </ksState>
    <ksState>
      <x>-405.5587564656478</x>
      <y>-121.26446252324641</y>
      <steeringAngle>0.07106666666666664</steeringAngle>
      <velocity>6.400000000000001</velocity>
      <orientation>-1.3422248148965445</orientation>
      <time>7</time>
    </ksState>
    <ksState>
      <x>-405.3886713198135</x>
      <y>-121.84056616240575</y>
      <steeringAngle>0.10659999999999997</steeringAngle>
      <velocity>5.600000000000004</velocity>
      <orientation>-1.3215930470306632</orientation>
      <time>8</time>
    </ksState>
    <ksState>
      <x>-405.21989716342597</x>
      <y>-122.33367402461833</y>
      <steeringAngle>0.1421333333333333</steeringAngle>
      <velocity>4.800000000000003</velocity>
      <orientation>-1.296476839522015</orientation>
      <time>9</time>
    </ksState>
    <ksState>
      <x>-405.05772110037555</x>
      <y>-122.74451624522685</y>
      <steeringAngle>0.17766666666666653</steeringAngle>
      <velocity>4.000000000000006</velocity>
      <orientation>-1.2690519429368652</orientation>
      <time>10</time>
    </ksState>
    <ksState>
      <x>-404.8958795789776</x>
      <y>-123.11243862564308</y>
      <steeringAngle>0.17766666666666667</steeringAngle>
      <velocity>4.0</velocity>
      <orientation>-1.2412014547816093</orientation>
      <time>11</time>
    </ksState>
    <ksState>
      <x>-404.723855317722</x>
      <y>-123.47571157797137</y>
      <steeringAngle>0.17766666666666667</steeringAngle>
      <velocity>4.0</velocity>
      <orientation>-1.2133509666263533</orientation>
      <time>12</time>
    </ksState>
    <ksState>
      <x>-404.54178174610234</x>
      <y>-123.83405331438462</y>
      <steeringAngle>0.17766666666666667</steeringAngle>
      <velocity>4.0</velocity>
      <orientation>-1.1855004784710976</orientation>
      <time>13</time>
    </ksState>
    <ksState>
      <x>-404.34980008064895</x>
      <y>-124.18718590502984</y>
      <steeringAngle>0.17766666666666667</steeringAngle>
      <velocity>4.0</velocity>
      <orientation>-1.1576499903158417</orientation>
      <time>14</time>
    </ksState>
    <ksState>
      <x>-404.1480592213346</x>
      <y>-124.53483545989047</y>
      <steeringAngle>0.17766666666666667</steeringAngle>
      <velocity>4.0</velocity>
      <orientation>-1.1297995021605858</orientation>
      <time>15</time>
    </ksState>
    <ksState>
      <x>-403.9616600135672</x>
      <y>-124.84450351374892</y>
      <steeringAngle>0.1421333333333333</steeringAngle>
      <velocity>3.1999999999999993</velocity>
      <orientation>-1.1071895871871436</orientation>
      <time>16</time>
    </ksState>
    <ksState>
      <x>-403.81732899920416</x>
      <y>-125.08522946598634</y>
      <steeringAngle>0.10659999999999997</steeringAngle>
      <velocity>2.3999999999999977</velocity>
      <orientation>-1.093521946316436</orientation>
      <time>17</time>
    </ksState>
    <ksState>
      <x>-403.7159643100487</x>
      <y>-125.25792906496778</y>
      <steeringAngle>0.07106666666666664</steeringAngle>
      <velocity>1.5999999999999976</velocity>
      <orientation>-1.086521240463217</orientation>
      <time>18</time>
    </ksState>
    <ksState>
      <x>-403.65670542830645</x>
      <y>-125.36234130048288</y>
      <steeringAngle>0.0355333333333333</steeringAngle>
      <velocity>0.7999999999999972</velocity>
      <orientation>-1.0839463959892497</orientation>
      <time>19</time>
    </ksState>
    <ksState>
      <x>-403.63752180371705</x>
      <y>-125.3974449095276</y>
      <steeringAngle>-2.5153490401663703e-17</steeringAngle>
      <velocity>-2.914335439641036e-15</velocity>
      <orientation>-1.0835788844107186</orientation>
      <time>20</time>
    </ksState>
    <ksState>
      <x>-403.63752180371705</x>
      <y>-125.3974449095276</y>
      <steeringAngle>0.0</steeringAngle>
      <velocity>0.0</velocity>
      <orientation>-1.0835788844107186</orientation>
      <time>21</time>
    </ksState>
    <ksState>
      <x>-403.63752180371705</x>
      <y>-125.3974449095276</y>
      <steeringAngle>0.0</steeringAngle>
      <velocity>0.0</velocity>
      <orientation>-1.0835788844107186</orientation>
      <time>22</time>
    </ksState>
    <ksState>
      <x>-403.63752180371705</x>
      <y>-125.3974449095276</y>
      <steeringAngle>0.0</steeringAngle>
      <velocity>0.0</velocity>
      <orientation>-1.0835788844107186</orientation>
      <time>23</time>
    </ksState>
    <ksState>
      <x>-403.63752180371705</x>
      <y>-125.3974449095276</y>
      <steeringAngle>0.0</steeringAngle>
      <velocity>0.0</velocity>
      <orientation>-1.0835788844107186</orientation>
      <time>24</time>
    </ksState>
    <ksState>
      <x>-403.63752180371705</x>
      <y>-125.3974449095276</y>
      <steeringAngle>0.0</steeringAngle>
      <velocity>0.0</velocity>
      <orientation>-1.0835788844107186</orientation>
      <time>25</time>
    </ksState>
    <ksState>
      <x>-403.63752180371705</x>
      <y>-125.3974449095276</y>
      <steeringAngle>0.0</steeringAngle>
      <velocity>0.0</velocity>
      <orientation>-1.0835788844107186</orientation>
      <time>26</time>
    </ksState>
    <ksState>
      <x>-403.63752180371705</x>
      <y>-125.3974449095276</y>
      <steeringAngle>0.0</steeringAngle>
      <velocity>0.0</velocity>
      <orientation>-1.0835788844107186</orientation>
      <time>27</time>
    </ksState>
    <ksState>
      <x>-403.63752180371705</x>
      <y>-125.3974449095276</y>
      <steeringAngle>0.0</steeringAngle>
      <velocity>0.0</velocity>
      <orientation>-1.0835788844107186</orientation>
      <time>28</time>
    </ksState>
    <ksState>
      <x>-403.63752180371705</x>
      <y>-125.3974449095276</y>
      <steeringAngle>0.0</steeringAngle>
      <velocity>0.0</velocity>
      <orientation>-1.0835788844107186</orientation>
      <time>29</time>
    </ksState>
    <ksState>
      <x>-403.63752180371705</x>
      <y>-125.3974449095276</y>
      <steeringAngle>0.0</steeringAngle>
      <velocity>0.0</velocity>
      <orientation>-1.0835788844107186</orientation>
      <time>30</time>
    </ksState>
    <ksState>
      <x>-403.61832783886456</x>
      <y>-125.43254282456317</y>
      <steeringAngle>0.03553333333333333</steeringAngle>
      <velocity>0.8</velocity>
      <orientation>-1.0832113526324767</orientation>
      <time>31</time>
    </ksState>
    <ksState>
      <x>-403.5587523107351</x>
      <y>-125.5367735752394</y>
      <steeringAngle>0.0710666666666667</steeringAngle>
      <velocity>1.6</velocity>
      <orientation>-1.080636506040491</orientation>
      <time>32</time>
    </ksState>
    <ksState>
      <x>-403.45525168221536</x>
      <y>-125.7081962756717</y>
      <steeringAngle>0.10660000000000003</steeringAngle>
      <velocity>2.4000000000000004</velocity>
      <orientation>-1.0736358018036538</orientation>
      <time>33</time>
    </ksState>
  </ksTrajectory>
</CommonRoadSolution>
