<?xml version="1.0" ?>
<CommonRoadSolution benchmark_id="KS2:SM1:ESP_SantBoideLlobregat-23_2_T-1:2020a" computation_time="1.2124548209994828" date="2022-12-18T12:01:12">
  <ksTrajectory planningProblem="1">
    <ksState>
      <x>-605.29812</x>
      <y>-335.703</y>
      <steeringAngle>0.0</steeringAngle>
      <velocity>4.0</velocity>
      <orientation>1.8203735</orientation>
      <time>0</time>
    </ksState>
    <ksState>
      <x>-605.3927602876136</x>
      <y>-335.314339442695</y>
      <steeringAngle>-0.035533333333333326</steeringAngle>
      <velocity>4.0</velocity>
      <orientation>1.8176172254673997</orientation>
      <time>1</time>
    </ksState>
    <ksState>
      <x>-605.4776329728927</x>
      <y>-334.9232767956175</y>
      <steeringAngle>-0.07106666666666711</steeringAngle>
      <velocity>4.0</velocity>
      <orientation>1.8093414649241142</orientation>
      <time>2</time>
    </ksState>
    <ksState>
      <x>-605.5505094436031</x>
      <y>-334.52949314676664</y>
      <steeringAngle>-0.10660000000000043</steeringAngle>
      <velocity>4.0</velocity>
      <orientation>1.7955252251049774</orientation>
      <time>3</time>
    </ksState>
    <ksState>
      <x>-605.6090888129844</x>
      <y>-334.1328645030808</y>
      <steeringAngle>-0.14213333333333378</steeringAngle>
      <velocity>4.0</velocity>
      <orientation>1.7761332987194316</orientation>
      <time>4</time>
    </ksState>
    <ksState>
      <x>-605.6509938867641</x>
      <y>-333.7335038048799</y>
      <steeringAngle>-0.1776666666666672</steeringAngle>
      <velocity>4.0</velocity>
      <orientation>1.7511158922680343</orientation>
      <time>5</time>
    </ksState>
    <ksState>
      <x>-605.6781679252515</x>
      <y>-333.33247870879256</y>
      <steeringAngle>-0.17766666666666667</steeringAngle>
      <velocity>4.0</velocity>
      <orientation>1.7232654041127784</orientation>
      <time>6</time>
    </ksState>
    <ksState>
      <x>-605.6941641332148</x>
      <y>-332.93085238285687</y>
      <steeringAngle>-0.17766666666666667</steeringAngle>
      <velocity>4.0</velocity>
      <orientation>1.6954149159575225</orientation>
      <time>7</time>
    </ksState>
    <ksState>
      <x>-605.69897009517</x>
      <y>-332.52893636144483</y>
      <steeringAngle>-0.17766666666666667</steeringAngle>
      <velocity>4.0</velocity>
      <orientation>1.6675644278022665</orientation>
      <time>8</time>
    </ksState>
    <ksState>
      <x>-605.6925820838493</x>
      <y>-332.127042370749</y>
      <steeringAngle>-0.17766666666666667</steeringAngle>
      <velocity>4.0</velocity>
      <orientation>1.6397139396470108</orientation>
      <time>9</time>
    </ksState>
    <ksState>
      <x>-605.6750050527266</x>
      <y>-331.7254821196177</y>
      <steeringAngle>-0.17766666666666667</steeringAngle>
      <velocity>4.0</velocity>
      <orientation>1.611863451491755</orientation>
      <time>10</time>
    </ksState>
    <ksState>
      <x>-605.6496301840159</x>
      <y>-331.36462068718185</y>
      <steeringAngle>-0.17766666666666667</steeringAngle>
      <velocity>3.2000000000000006</velocity>
      <orientation>1.5867980122235774</orientation>
      <time>11</time>
    </ksState>
    <ksState>
      <x>-605.6236458836394</x>
      <y>-331.084457138512</y>
      <steeringAngle>-0.17766666666666667</steeringAngle>
      <velocity>2.4000000000000012</velocity>
      <orientation>1.5673026705935476</orientation>
      <time>12</time>
    </ksState>
    <ksState>
      <x>-605.6017442339332</x>
      <y>-330.88467684019054</y>
      <steeringAngle>-0.17766666666666667</steeringAngle>
      <velocity>1.6000000000000005</velocity>
      <orientation>1.5533774265945666</orientation>
      <time>13</time>
    </ksState>
    <ksState>
      <x>-605.5872686486588</x>
      <y>-330.76496187070865</y>
      <steeringAngle>-0.17766666666666667</steeringAngle>
      <velocity>0.8000000000000004</velocity>
      <orientation>1.5450222802238125</orientation>
      <time>14</time>
    </ksState>
    <ksState>
      <x>-605.5822212311712</x>
      <y>-330.7250842743206</y>
      <steeringAngle>-0.17766666666666667</steeringAngle>
      <velocity>2.7755575615628914e-16</velocity>
      <orientation>1.5422372314775972</orientation>
      <time>15</time>
    </ksState>
    <ksState>
      <x>-605.5776057210438</x>
      <y>-330.68520397155015</y>
      <steeringAngle>-0.14213333333333333</steeringAngle>
      <velocity>0.8</velocity>
      <orientation>1.5398297342667946</orientation>
      <time>16</time>
    </ksState>
    <ksState>
      <x>-605.5653912853343</x>
      <y>-330.5655487957553</y>
      <steeringAngle>-0.10660000000000001</steeringAngle>
      <velocity>1.6</velocity>
      <orientation>1.53410544764646</orientation>
      <time>17</time>
    </ksState>
    <ksState>
      <x>-605.547639107985</x>
      <y>-330.3661005081306</y>
      <steeringAngle>-0.07106666666666664</steeringAngle>
      <velocity>2.4000000000000004</velocity>
      <orientation>1.5272899338834813</orientation>
      <time>18</time>
    </ksState>
    <ksState>
      <x>-605.5264719882438</x>
      <y>-330.0867817220466</y>
      <steeringAngle>-0.03553333333333332</steeringAngle>
      <velocity>3.1999999999999993</velocity>
      <orientation>1.5215890131705516</orientation>
      <time>19</time>
    </ksState>
    <ksState>
      <x>-605.5047925733497</x>
      <y>-329.72741770348375</y>
      <steeringAngle>2.6020852139652106e-18</steeringAngle>
      <velocity>3.999999999999999</velocity>
      <orientation>1.5192002615822247</orientation>
      <time>20</time>
    </ksState>
    <ksState>
      <x>-605.4841633031571</x>
      <y>-329.3279500161656</y>
      <steeringAngle>0.0</steeringAngle>
      <velocity>4.0</velocity>
      <orientation>1.5192002615822247</orientation>
      <time>21</time>
    </ksState>
    <ksState>
      <x>-605.4635340329645</x>
      <y>-328.92848232884745</y>
      <steeringAngle>0.0</steeringAngle>
      <velocity>4.0</velocity>
      <orientation>1.5192002615822247</orientation>
      <time>22</time>
    </ksState>
    <ksState>
      <x>-605.4429047627718</x>
      <y>-328.5290146415293</y>
      <steeringAngle>0.0</steeringAngle>
      <velocity>4.0</velocity>
      <orientation>1.5192002615822247</orientation>
      <time>23</time>
    </ksState>
    <ksState>
      <x>-605.4222754925792</x>
      <y>-328.1295469542111</y>
      <steeringAngle>0.0</steeringAngle>
      <velocity>4.0</velocity>
      <orientation>1.5192002615822247</orientation>
      <time>24</time>
    </ksState>
    <ksState>
      <x>-605.4016462223866</x>
      <y>-327.730079266893</y>
      <steeringAngle>0.0</steeringAngle>
      <velocity>4.0</velocity>
      <orientation>1.5192002615822247</orientation>
      <time>25</time>
    </ksState>
    <ksState>
      <x>-605.3794050083177</x>
      <y>-327.3707523918646</y>
      <steeringAngle>-0.03553333333333333</steeringAngle>
      <velocity>3.2</velocity>
      <orientation>1.516811513202432</orientation>
      <time>26</time>
    </ksState>
    <ksState>
      <x>-605.3554917973045</x>
      <y>-327.0916605223256</y>
      <steeringAngle>-0.07106666666666668</steeringAngle>
      <velocity>2.4</velocity>
      <orientation>1.5111105981966355</orientation>
      <time>27</time>
    </ksState>
    <ksState>
      <x>-605.33325004866</x>
      <y>-326.89266734985335</y>
      <steeringAngle>-0.10660000000000003</steeringAngle>
      <velocity>1.5999999999999994</velocity>
      <orientation>1.504295064451904</orientation>
      <time>28</time>
    </ksState>
    <ksState>
      <x>-605.3168250572879</x>
      <y>-326.77351938111457</y>
      <steeringAngle>-0.14213333333333342</steeringAngle>
      <velocity>0.7999999999999988</velocity>
      <orientation>1.4985708029654243</orientation>
      <time>29</time>
    </ksState>
    <ksState>
      <x>-605.3104760615603</x>
      <y>-326.7338783537256</y>
      <steeringAngle>-0.17766666666666675</steeringAngle>
      <velocity>-1.5265566588595902e-15</velocity>
      <orientation>1.4961633084908685</orientation>
      <time>30</time>
    </ksState>
    <ksState>
      <x>-605.3040286575049</x>
      <y>-326.6942529519769</y>
      <steeringAngle>-0.14213333333333333</steeringAngle>
      <velocity>0.8</velocity>
      <orientation>1.493755811280066</orientation>
      <time>31</time>
    </ksState>
    <ksState>
      <x>-605.2863161508811</x>
      <y>-326.57528732398595</y>
      <steeringAngle>-0.10660000000000001</steeringAngle>
      <velocity>1.6</velocity>
      <orientation>1.4880315246597313</orientation>
      <time>32</time>
    </ksState>
    <ksState>
      <x>-605.2593966982347</x>
      <y>-326.37686831706793</y>
      <steeringAngle>-0.07106666666666664</steeringAngle>
      <velocity>2.4000000000000004</velocity>
      <orientation>1.4812160108967527</orientation>
      <time>33</time>
    </ksState>
  </ksTrajectory>
</CommonRoadSolution>
