<?xml version="1.0" ?>
<CommonRoadSolution benchmark_id="KS2:SM1:ITA_Siderno-8_5_T-1:2020a" computation_time="1.436488876999647" date="2022-12-18T12:01:12">
  <ksTrajectory planningProblem="1">
    <ksState>
      <x>641.54154</x>
      <y>-649.16245</y>
      <steeringAngle>0.0</steeringAngle>
      <velocity>4.0</velocity>
      <orientation>-3.9283878</orientation>
      <time>0</time>
    </ksState>
    <ksState>
      <x>641.2621336654584</x>
      <y>-648.8761880342028</y>
      <steeringAngle>-0.035533333333333326</steeringAngle>
      <velocity>4.0</velocity>
      <orientation>-3.9311440745326003</orientation>
      <time>1</time>
    </ksState>
    <ksState>
      <x>640.9899094663074</x>
      <y>-648.5828838370926</y>
      <steeringAngle>-0.07106666666666711</steeringAngle>
      <velocity>4.0</velocity>
      <orientation>-3.939419835075886</orientation>
      <time>2</time>
    </ksState>
    <ksState>
      <x>640.7266228255108</x>
      <y>-648.2811278315789</y>
      <steeringAngle>-0.10660000000000043</steeringAngle>
      <velocity>4.0</velocity>
      <orientation>-3.9532360748950226</orientation>
      <time>3</time>
    </ksState>
    <ksState>
      <x>640.4741906438279</x>
      <y>-647.9696413677318</y>
      <steeringAngle>-0.14213333333333378</steeringAngle>
      <velocity>4.0</velocity>
      <orientation>-3.9726280012805684</orientation>
      <time>4</time>
    </ksState>
    <ksState>
      <x>640.2347161703135</x>
      <y>-647.6473108246382</y>
      <steeringAngle>-0.1776666666666672</steeringAngle>
      <velocity>4.0</velocity>
      <orientation>-3.997645407731966</orientation>
      <time>5</time>
    </ksState>
    <ksState>
      <x>640.0323634766478</x>
      <y>-647.3470303021747</y>
      <steeringAngle>-0.21319999999999997</steeringAngle>
      <velocity>3.2</velocity>
      <orientation>-4.0251869532954005</orientation>
      <time>6</time>
    </ksState>
    <ksState>
      <x>639.8857019290253</x>
      <y>-647.1058061534833</y>
      <steeringAngle>-0.24873333333333342</steeringAngle>
      <velocity>2.4000000000000004</velocity>
      <orientation>-4.05062518368205</orientation>
      <time>7</time>
    </ksState>
    <ksState>
      <x>639.788279556678</x>
      <y>-646.9285959659662</y>
      <steeringAngle>-0.2842666666666668</steeringAngle>
      <velocity>1.600000000000001</velocity>
      <orientation>-4.07170008347263</orientation>
      <time>8</time>
    </ksState>
    <ksState>
      <x>639.7337405820986</x>
      <y>-646.8197651356209</y>
      <steeringAngle>-0.3197999999999999</steeringAngle>
      <velocity>0.8000000000000007</velocity>
      <orientation>-4.0860985107733345</orientation>
      <time>9</time>
    </ksState>
    <ksState>
      <x>639.7165493519861</x>
      <y>-646.7828573122066</y>
      <steeringAngle>-0.3553333333333332</steeringAngle>
      <velocity>5.551115123125783e-16</velocity>
      <orientation>-4.091440152409064</orientation>
      <time>10</time>
    </ksState>
    <ksState>
      <x>639.7165493519861</x>
      <y>-646.7828573122066</y>
      <steeringAngle>-0.3198</steeringAngle>
      <velocity>0.0</velocity>
      <orientation>-4.091440152409064</orientation>
      <time>11</time>
    </ksState>
    <ksState>
      <x>639.7165493519861</x>
      <y>-646.7828573122066</y>
      <steeringAngle>-0.2842666666666666</steeringAngle>
      <velocity>0.0</velocity>
      <orientation>-4.091440152409064</orientation>
      <time>12</time>
    </ksState>
    <ksState>
      <x>639.7165493519861</x>
      <y>-646.7828573122066</y>
      <steeringAngle>-0.24873333333333333</steeringAngle>
      <velocity>0.0</velocity>
      <orientation>-4.091440152409064</orientation>
      <time>13</time>
    </ksState>
    <ksState>
      <x>639.7165493519861</x>
      <y>-646.7828573122066</y>
      <steeringAngle>-0.21320000000000003</steeringAngle>
      <velocity>0.0</velocity>
      <orientation>-4.091440152409064</orientation>
      <time>14</time>
    </ksState>
    <ksState>
      <x>639.7165493519861</x>
      <y>-646.7828573122066</y>
      <steeringAngle>-0.1776666666666667</steeringAngle>
      <velocity>0.0</velocity>
      <orientation>-4.091440152409064</orientation>
      <time>15</time>
    </ksState>
    <ksState>
      <x>639.6961056671763</x>
      <y>-646.7483059412615</y>
      <steeringAngle>-0.14213333333333333</steeringAngle>
      <velocity>0.8</velocity>
      <orientation>-4.093847649619866</orientation>
      <time>16</time>
    </ksState>
    <ksState>
      <x>639.6334662138458</x>
      <y>-646.6456275481077</y>
      <steeringAngle>-0.10660000000000001</steeringAngle>
      <velocity>1.6</velocity>
      <orientation>-4.099571936240201</orientation>
      <time>17</time>
    </ksState>
    <ksState>
      <x>639.5269784725034</x>
      <y>-646.476054200612</y>
      <steeringAngle>-0.07106666666666664</steeringAngle>
      <velocity>2.4000000000000004</velocity>
      <orientation>-4.106387450003179</orientation>
      <time>18</time>
    </ksState>
    <ksState>
      <x>639.3749050820837</x>
      <y>-646.2408081270128</y>
      <steeringAngle>-0.03553333333333332</steeringAngle>
      <velocity>3.1999999999999993</velocity>
      <orientation>-4.112088370716109</orientation>
      <time>19</time>
    </ksState>
    <ksState>
      <x>639.1748287498325</x>
      <y>-645.9415056777401</y>
      <steeringAngle>2.6020852139652106e-18</steeringAngle>
      <velocity>3.999999999999999</velocity>
      <orientation>-4.114477122304436</orientation>
      <time>20</time>
    </ksState>
    <ksState>
      <x>638.9721783331457</x>
      <y>-645.643961046001</y>
      <steeringAngle>0.0</steeringAngle>
      <velocity>3.2</velocity>
      <orientation>-4.114477122304436</orientation>
      <time>21</time>
    </ksState>
    <ksState>
      <x>638.8145613425752</x>
      <y>-645.4125374438103</y>
      <steeringAngle>0.0</steeringAngle>
      <velocity>2.4000000000000004</velocity>
      <orientation>-4.114477122304436</orientation>
      <time>22</time>
    </ksState>
    <ksState>
      <x>638.7019777780637</x>
      <y>-645.2472348710836</y>
      <steeringAngle>0.0</steeringAngle>
      <velocity>1.6</velocity>
      <orientation>-4.114477122304436</orientation>
      <time>23</time>
    </ksState>
    <ksState>
      <x>638.6344276395882</x>
      <y>-645.1480533277876</y>
      <steeringAngle>0.0</steeringAngle>
      <velocity>0.7999999999999998</velocity>
      <orientation>-4.114477122304436</orientation>
      <time>24</time>
    </ksState>
    <ksState>
      <x>638.6119109271191</x>
      <y>-645.1149928138782</y>
      <steeringAngle>0.0</steeringAngle>
      <velocity>-3.3306690738754696e-16</velocity>
      <orientation>-4.114477122304436</orientation>
      <time>25</time>
    </ksState>
    <ksState>
      <x>638.6119109271191</x>
      <y>-645.1149928138782</y>
      <steeringAngle>0.0</steeringAngle>
      <velocity>0.0</velocity>
      <orientation>-4.114477122304436</orientation>
      <time>26</time>
    </ksState>
    <ksState>
      <x>638.6119109271191</x>
      <y>-645.1149928138782</y>
      <steeringAngle>0.0</steeringAngle>
      <velocity>0.0</velocity>
      <orientation>-4.114477122304436</orientation>
      <time>27</time>
    </ksState>
    <ksState>
      <x>638.6119109271191</x>
      <y>-645.1149928138782</y>
      <steeringAngle>0.0</steeringAngle>
      <velocity>0.0</velocity>
      <orientation>-4.114477122304436</orientation>
      <time>28</time>
    </ksState>
    <ksState>
      <x>638.6119109271191</x>
      <y>-645.1149928138782</y>
      <steeringAngle>0.0</steeringAngle>
      <velocity>0.0</velocity>
      <orientation>-4.114477122304436</orientation>
      <time>29</time>
    </ksState>
    <ksState>
      <x>638.6119109271191</x>
      <y>-645.1149928138782</y>
      <steeringAngle>0.0</steeringAngle>
      <velocity>0.0</velocity>
      <orientation>-4.114477122304436</orientation>
      <time>30</time>
    </ksState>
    <ksState>
      <x>638.6119109271191</x>
      <y>-645.1149928138782</y>
      <steeringAngle>0.0</steeringAngle>
      <velocity>0.0</velocity>
      <orientation>-4.114477122304436</orientation>
      <time>31</time>
    </ksState>
    <ksState>
      <x>638.6119109271191</x>
      <y>-645.1149928138782</y>
      <steeringAngle>0.0</steeringAngle>
      <velocity>0.0</velocity>
      <orientation>-4.114477122304436</orientation>
      <time>32</time>
    </ksState>
    <ksState>
      <x>638.6119109271191</x>
      <y>-645.1149928138782</y>
      <steeringAngle>0.0</steeringAngle>
      <velocity>0.0</velocity>
      <orientation>-4.114477122304436</orientation>
      <time>33</time>
    </ksState>
  </ksTrajectory>
</CommonRoadSolution>
