<?xml version="1.0" ?>
<CommonRoadSolution benchmark_id="KS2:SM1:DEU_Flensburg-39_1_T-1:2020a" computation_time="2.1149956150002254" date="2022-12-18T12:01:12">
  <ksTrajectory planningProblem="123">
    <ksState>
      <x>-169.11551</x>
      <y>-34.170533</y>
      <steeringAngle>0.0</steeringAngle>
      <velocity>8.0</velocity>
      <orientation>-0.38866099</orientation>
      <time>0</time>
    </ksState>
    <ksState>
      <x>-168.37166943125388</x>
      <y>-34.4650654828579</y>
      <steeringAngle>0.03553333333333333</steeringAngle>
      <velocity>8.0</velocity>
      <orientation>-0.3831484549971612</orientation>
      <time>1</time>
    </ksState>
    <ksState>
      <x>-167.61888261197836</x>
      <y>-34.73675846908428</y>
      <steeringAngle>0.07106666666666667</steeringAngle>
      <velocity>8.0</velocity>
      <orientation>-0.36659693411689154</orientation>
      <time>2</time>
    </ksState>
    <ksState>
      <x>-166.85484771205665</x>
      <y>-34.976960538859785</y>
      <steeringAngle>0.10659999999999997</steeringAngle>
      <velocity>8.0</velocity>
      <orientation>-0.33896445482619664</orientation>
      <time>3</time>
    </ksState>
    <ksState>
      <x>-166.07830052042763</x>
      <y>-35.176600347331835</y>
      <steeringAngle>0.1421333333333333</steeringAngle>
      <velocity>8.0</velocity>
      <orientation>-0.30018060255346174</orientation>
      <time>4</time>
    </ksState>
    <ksState>
      <x>-165.2893420551225</x>
      <y>-35.32616604145544</y>
      <steeringAngle>0.17766666666666667</steeringAngle>
      <velocity>8.0</velocity>
      <orientation>-0.25014579030430706</orientation>
      <time>5</time>
    </ksState>
    <ksState>
      <x>-164.49165856853415</x>
      <y>-35.42523166602979</y>
      <steeringAngle>0.17766666666666667</steeringAngle>
      <velocity>8.0</velocity>
      <orientation>-0.19444481399379526</orientation>
      <time>6</time>
    </ksState>
    <ksState>
      <x>-163.68969697254272</x>
      <y>-35.479734881665166</y>
      <steeringAngle>0.17766666666666667</steeringAngle>
      <velocity>8.0</velocity>
      <orientation>-0.13874383768328352</orientation>
      <time>7</time>
    </ksState>
    <ksState>
      <x>-162.8859448227596</x>
      <y>-35.489506622302414</y>
      <steeringAngle>0.17766666666666667</steeringAngle>
      <velocity>8.0</velocity>
      <orientation>-0.08304286137277184</orientation>
      <time>8</time>
    </ksState>
    <ksState>
      <x>-162.08289519480644</x>
      <y>-35.45451657800158</y>
      <steeringAngle>0.17766666666666667</steeringAngle>
      <velocity>8.0</velocity>
      <orientation>-0.027341885062260013</orientation>
      <time>9</time>
    </ksState>
    <ksState>
      <x>-161.28303898461706</x>
      <y>-35.374873280262264</y>
      <steeringAngle>0.17766666666666667</steeringAngle>
      <velocity>8.0</velocity>
      <orientation>0.02835909124825181</orientation>
      <time>10</time>
    </ksState>
    <ksState>
      <x>-160.488535807863</x>
      <y>-35.25081176117116</y>
      <steeringAngle>0.17766666666666667</steeringAngle>
      <velocity>8.0</velocity>
      <orientation>0.08406006755876361</orientation>
      <time>11</time>
    </ksState>
    <ksState>
      <x>-159.70217156238502</x>
      <y>-35.08271092510938</y>
      <steeringAngle>0.17766666666666667</steeringAngle>
      <velocity>8.0</velocity>
      <orientation>0.13976104386927535</orientation>
      <time>12</time>
    </ksState>
    <ksState>
      <x>-158.92638542494106</x>
      <y>-34.87109218813222</y>
      <steeringAngle>0.17766666666666667</steeringAngle>
      <velocity>8.0</velocity>
      <orientation>0.19546202017978703</orientation>
      <time>13</time>
    </ksState>
    <ksState>
      <x>-158.16358372627002</x>
      <y>-34.61661194851245</y>
      <steeringAngle>0.17766666666666667</steeringAngle>
      <velocity>8.0</velocity>
      <orientation>0.25116299649029883</orientation>
      <time>14</time>
    </ksState>
    <ksState>
      <x>-157.41613252157887</x>
      <y>-34.32005955152561</y>
      <steeringAngle>0.17766666666666667</steeringAngle>
      <velocity>8.0</velocity>
      <orientation>0.3068639728008107</orientation>
      <time>15</time>
    </ksState>
    <ksState>
      <x>-156.68665603997837</x>
      <y>-33.982454744776966</y>
      <steeringAngle>0.17766666666666667</steeringAngle>
      <velocity>8.0</velocity>
      <orientation>0.3625649491113225</orientation>
      <time>16</time>
    </ksState>
    <ksState>
      <x>-155.9771060616468</x>
      <y>-33.60476197252768</y>
      <steeringAngle>0.17766666666666667</steeringAngle>
      <velocity>8.0</velocity>
      <orientation>0.4182659254218342</orientation>
      <time>17</time>
    </ksState>
    <ksState>
      <x>-155.28968349935502</x>
      <y>-33.188152771899226</y>
      <steeringAngle>0.17766666666666667</steeringAngle>
      <velocity>8.0</velocity>
      <orientation>0.4739669017323459</orientation>
      <time>18</time>
    </ksState>
    <ksState>
      <x>-154.62652059800905</x>
      <y>-32.73391937987005</y>
      <steeringAngle>0.17766666666666667</steeringAngle>
      <velocity>8.0</velocity>
      <orientation>0.5296678780428578</orientation>
      <time>19</time>
    </ksState>
    <ksState>
      <x>-153.98967435373612</x>
      <y>-32.24347073525089</y>
      <steeringAngle>0.17766666666666667</steeringAngle>
      <velocity>8.0</velocity>
      <orientation>0.5853688543533695</orientation>
      <time>20</time>
    </ksState>
    <ksState>
      <x>-153.41616830166072</x>
      <y>-31.73821902710824</y>
      <steeringAngle>0.21320000000000014</steeringAngle>
      <velocity>7.200000000000003</velocity>
      <orientation>0.6436181814248624</orientation>
      <time>21</time>
    </ksState>
    <ksState>
      <x>-152.9398527046267</x>
      <y>-31.24523359373976</y>
      <steeringAngle>0.24873333333333347</steeringAngle>
      <velocity>6.400000000000004</velocity>
      <orientation>0.7055352689106417</orientation>
      <time>22</time>
    </ksState>
    <ksState>
      <x>-152.5560837702733</x>
      <y>-30.775489204370263</y>
      <steeringAngle>0.2842666666666668</steeringAngle>
      <velocity>5.600000000000001</velocity>
      <orientation>0.7689574116745628</orientation>
      <time>23</time>
    </ksState>
    <ksState>
      <x>-152.25776224565385</x>
      <y>-30.340498245630265</y>
      <steeringAngle>0.3198</steeringAngle>
      <velocity>4.800000000000002</velocity>
      <orientation>0.8316865114165155</orientation>
      <time>24</time>
    </ksState>
    <ksState>
      <x>-152.03561423605294</x>
      <y>-29.951417325191322</y>
      <steeringAngle>0.3553333333333332</steeringAngle>
      <velocity>4.000000000000001</velocity>
      <orientation>0.8914763454647302</orientation>
      <time>25</time>
    </ksState>
    <ksState>
      <x>-151.8375093719351</x>
      <y>-29.549455939083547</y>
      <steeringAngle>0.31979999999999975</steeringAngle>
      <velocity>4.800000000000001</velocity>
      <orientation>0.9512661804964788</orientation>
      <time>26</time>
    </ksState>
    <ksState>
      <x>-151.6235618025446</x>
      <y>-29.067210436415486</y>
      <steeringAngle>0.28426666666666645</steeringAngle>
      <velocity>5.600000000000004</velocity>
      <orientation>1.0139952806278023</orientation>
      <time>27</time>
    </ksState>
    <ksState>
      <x>-151.40128423499206</x>
      <y>-28.50268304391385</y>
      <steeringAngle>0.2487333333333331</steeringAngle>
      <velocity>6.400000000000004</velocity>
      <orientation>1.0774174173204782</orientation>
      <time>28</time>
    </ksState>
    <ksState>
      <x>-151.17730143986887</x>
      <y>-27.854655172207103</y>
      <steeringAngle>0.21319999999999992</steeringAngle>
      <velocity>7.200000000000004</velocity>
      <orientation>1.1393345059982771</orientation>
      <time>29</time>
    </ksState>
    <ksState>
      <x>-150.95662823750672</x>
      <y>-27.122726147978078</y>
      <steeringAngle>0.17766666666666656</steeringAngle>
      <velocity>8.000000000000004</velocity>
      <orientation>1.1975838355992425</orientation>
      <time>30</time>
    </ksState>
    <ksState>
      <x>-150.75131074862077</x>
      <y>-26.34626960810105</y>
      <steeringAngle>0.14213333333333336</steeringAngle>
      <velocity>8.0</velocity>
      <orientation>1.2476186471479909</orientation>
      <time>31</time>
    </ksState>
    <ksState>
      <x>-150.5653788135186</x>
      <y>-25.56622113201997</y>
      <steeringAngle>0.1066000000000001</steeringAngle>
      <velocity>8.0</velocity>
      <orientation>1.2864024991549883</orientation>
      <time>32</time>
    </ksState>
    <ksState>
      <x>-150.3901506796552</x>
      <y>-24.78464712056007</y>
      <steeringAngle>0.07106666666666674</steeringAngle>
      <velocity>8.0</velocity>
      <orientation>1.3140349781846752</orientation>
      <time>33</time>
    </ksState>
    <ksState>
      <x>-150.2169428937164</x>
      <y>-24.00325506031251</y>
      <steeringAngle>0.035533333333333354</steeringAngle>
      <velocity>8.0</velocity>
      <orientation>1.3305864988137046</orientation>
      <time>34</time>
    </ksState>
    <ksState>
      <x>-150.03709767098744</x>
      <y>-23.223686589197442</y>
      <steeringAngle>2.0816681711721685e-17</steeringAngle>
      <velocity>8.0</velocity>
      <orientation>1.3360990252721094</orientation>
      <time>35</time>
    </ksState>
    <ksState>
      <x>-149.84200706704647</x>
      <y>-22.44780784130899</y>
      <steeringAngle>-0.03553333333333333</steeringAngle>
      <velocity>8.0</velocity>
      <orientation>1.3305864902692706</orientation>
      <time>36</time>
    </ksState>
    <ksState>
      <x>-149.6231500509378</x>
      <y>-21.677998332053917</y>
      <steeringAngle>-0.07106666666666667</steeringAngle>
      <velocity>8.0</velocity>
      <orientation>1.314034969389001</orientation>
      <time>37</time>
    </ksState>
    <ksState>
      <x>-149.37215861138003</x>
      <y>-20.917439550701946</y>
      <steeringAngle>-0.10659999999999997</steeringAngle>
      <velocity>8.0</velocity>
      <orientation>1.2864024900983062</orientation>
      <time>38</time>
    </ksState>
    <ksState>
      <x>-149.08092951628595</x>
      <y>-20.17040059045668</y>
      <steeringAngle>-0.1421333333333333</steeringAngle>
      <velocity>8.0</velocity>
      <orientation>1.2476186378255711</orientation>
      <time>39</time>
    </ksState>
    <ksState>
      <x>-148.74179884814265</x>
      <y>-19.44251615817363</y>
      <steeringAngle>-0.17766666666666667</steeringAngle>
      <velocity>8.0</velocity>
      <orientation>1.1975838255764164</orientation>
      <time>40</time>
    </ksState>
    <ksState>
      <x>-148.38484105758576</x>
      <y>-18.768161260750176</y>
      <steeringAngle>-0.1421333333333334</steeringAngle>
      <velocity>7.2</velocity>
      <orientation>1.1499565038307795</orientation>
      <time>41</time>
    </ksState>
    <ksState>
      <x>-148.05374151170852</x>
      <y>-18.17234787732286</y>
      <steeringAngle>-0.10660000000000011</steeringAngle>
      <velocity>6.4</velocity>
      <orientation>1.1168969333828116</orientation>
      <time>42</time>
    </ksState>
    <ksState>
      <x>-147.7582111043476</x>
      <y>-17.649327337601825</y>
      <steeringAngle>-0.07106666666666674</steeringAngle>
      <velocity>5.600000000000001</velocity>
      <orientation>1.0960799850889231</orientation>
      <time>43</time>
    </ksState>
    <ksState>
      <x>-147.50405421189186</x>
      <y>-17.195400578683902</y>
      <steeringAngle>-0.03553333333333339</steeringAngle>
      <velocity>4.800000000000001</velocity>
      <orientation>1.08522937543126</orientation>
      <time>44</time>
    </ksState>
    <ksState>
      <x>-147.29397095785546</x>
      <y>-16.80876563336297</y>
      <steeringAngle>-5.5294310796760726e-17</steeringAngle>
      <velocity>4.0</velocity>
      <orientation>1.0821055995940947</orientation>
      <time>45</time>
    </ksState>
    <ksState>
      <x>-147.09174231615918</x>
      <y>-16.41797005262773</y>
      <steeringAngle>0.035533333333333326</steeringAngle>
      <velocity>4.799999999999999</velocity>
      <orientation>1.0852293782632856</orientation>
      <time>46</time>
    </ksState>
    <ksState>
      <x>-146.86496897779523</x>
      <y>-15.94978218610612</y>
      <steeringAngle>0.07106666666666667</steeringAngle>
      <velocity>5.599999999999998</velocity>
      <orientation>1.0960799893244584</orientation>
      <time>47</time>
    </ksState>
    <ksState>
      <x>-146.62239995525422</x>
      <y>-15.400237229295346</y>
      <steeringAngle>0.10659999999999999</steeringAngle>
      <velocity>6.3999999999999995</velocity>
      <orientation>1.1168969383247862</orientation>
      <time>48</time>
    </ksState>
    <ksState>
      <x>-146.3765105725333</x>
      <y>-14.76458204164132</y>
      <steeringAngle>0.14213333333333333</steeringAngle>
      <velocity>7.199999999999999</velocity>
      <orientation>1.1499565093059514</orientation>
      <time>49</time>
    </ksState>
    <ksState>
      <x>-146.14451994302905</x>
      <y>-14.0378294137576</y>
      <steeringAngle>0.17766666666666664</steeringAngle>
      <velocity>7.9999999999999964</velocity>
      <orientation>1.197583831387498</orientation>
      <time>50</time>
    </ksState>
    <ksState>
      <x>-145.93920245087287</x>
      <y>-13.261372874745316</y>
      <steeringAngle>0.14213333333333336</steeringAngle>
      <velocity>8.0</velocity>
      <orientation>1.2476186429362464</orientation>
      <time>51</time>
    </ksState>
    <ksState>
      <x>-145.7532705124853</x>
      <y>-12.481324399447336</y>
      <steeringAngle>0.1066000000000001</steeringAngle>
      <velocity>8.0</velocity>
      <orientation>1.2864024949432438</orientation>
      <time>52</time>
    </ksState>
    <ksState>
      <x>-145.5780423753301</x>
      <y>-11.69975038872545</y>
      <steeringAngle>0.07106666666666674</steeringAngle>
      <velocity>8.0</velocity>
      <orientation>1.3140349739729307</orientation>
      <time>53</time>
    </ksState>
    <ksState>
      <x>-145.40483458610032</x>
      <y>-10.918358329207399</y>
      <steeringAngle>0.035533333333333354</steeringAngle>
      <velocity>8.0</velocity>
      <orientation>1.33058649460196</orientation>
      <time>54</time>
    </ksState>
    <ksState>
      <x>-145.22498936008802</x>
      <y>-10.138789858849792</y>
      <steeringAngle>2.0816681711721685e-17</steeringAngle>
      <velocity>8.0</velocity>
      <orientation>1.336099021060365</orientation>
      <time>55</time>
    </ksState>
    <ksState>
      <x>-145.02989875287923</x>
      <y>-9.362911111783012</y>
      <steeringAngle>-0.03553333333333333</steeringAngle>
      <velocity>8.0</velocity>
      <orientation>1.330586486057526</orientation>
      <time>56</time>
    </ksState>
    <ksState>
      <x>-144.81104173352833</x>
      <y>-8.59310160344971</y>
      <steeringAngle>-0.07106666666666667</steeringAngle>
      <velocity>8.0</velocity>
      <orientation>1.3140349651772565</orientation>
      <time>57</time>
    </ksState>
    <ksState>
      <x>-144.56005029076732</x>
      <y>-7.832542823154852</y>
      <steeringAngle>-0.10659999999999997</steeringAngle>
      <velocity>8.0</velocity>
      <orientation>1.2864024858865617</orientation>
      <time>58</time>
    </ksState>
    <ksState>
      <x>-144.2688211925269</x>
      <y>-7.085503864136166</y>
      <steeringAngle>-0.1421333333333333</steeringAngle>
      <velocity>8.0</velocity>
      <orientation>1.2476186336138266</orientation>
      <time>59</time>
    </ksState>
    <ksState>
      <x>-143.92969052131792</x>
      <y>-6.357619433281444</y>
      <steeringAngle>-0.17766666666666667</steeringAngle>
      <velocity>8.0</velocity>
      <orientation>1.1975838213646721</orientation>
      <time>60</time>
    </ksState>
    <ksState>
      <x>-143.5531899637673</x>
      <y>-5.648191945990248</y>
      <steeringAngle>-0.14213333333333336</steeringAngle>
      <velocity>8.0</velocity>
      <orientation>1.1475490098159238</orientation>
      <time>61</time>
    </ksState>
    <ksState>
      <x>-143.16001907157815</x>
      <y>-4.949290694694735</y>
      <steeringAngle>-0.1066000000000001</steeringAngle>
      <velocity>8.0</velocity>
      <orientation>1.1087651578089264</orientation>
      <time>62</time>
    </ksState>
    <ksState>
      <x>-142.75795442667018</x>
      <y>-4.256537596107799</y>
      <steeringAngle>-0.07106666666666674</steeringAngle>
      <velocity>8.0</velocity>
      <orientation>1.0811326787792395</orientation>
      <time>63</time>
    </ksState>
    <ksState>
      <x>-142.35453015008582</x>
      <y>-3.565289925594463</y>
      <steeringAngle>-0.035533333333333354</steeringAngle>
      <velocity>8.0</velocity>
      <orientation>1.06458115815021</orientation>
      <time>64</time>
    </ksState>
    <ksState>
      <x>-141.9572168065347</x>
      <y>-2.870874047081191</y>
      <steeringAngle>-2.0816681711721685e-17</steeringAngle>
      <velocity>8.0</velocity>
      <orientation>1.0590686316918052</orientation>
      <time>65</time>
    </ksState>
    <ksState>
      <x>-141.57360080900048</x>
      <y>-2.1688149743481193</y>
      <steeringAngle>0.03553333333333333</steeringAngle>
      <velocity>8.0</velocity>
      <orientation>1.064581166694644</orientation>
      <time>66</time>
    </ksState>
    <ksState>
      <x>-141.21155336093207</x>
      <y>-1.4550736210647917</y>
      <steeringAngle>0.07106666666666667</steeringAngle>
      <velocity>8.0</velocity>
      <orientation>1.0811326875749137</orientation>
      <time>67</time>
    </ksState>
    <ksState>
      <x>-140.879377886</x>
      <y>-0.7263035500022583</y>
      <steeringAngle>0.10659999999999997</steeringAngle>
      <velocity>8.0</velocity>
      <orientation>1.1087651668656084</orientation>
      <time>68</time>
    </ksState>
    <ksState>
      <x>-140.58592193121666</x>
      <y>0.01986345312496729</y>
      <steeringAngle>0.1421333333333333</steeringAngle>
      <velocity>8.0</velocity>
      <orientation>1.1475490191383435</orientation>
      <time>69</time>
    </ksState>
    <ksState>
      <x>-140.34063781061536</x>
      <y>0.7844947741001054</y>
      <steeringAngle>0.17766666666666667</steeringAngle>
      <velocity>8.0</velocity>
      <orientation>1.1975838313874982</orientation>
      <time>70</time>
    </ksState>
    <ksState>
      <x>-140.13532031845918</x>
      <y>1.560951313112387</y>
      <steeringAngle>0.14213333333333336</steeringAngle>
      <velocity>8.0</velocity>
      <orientation>1.2476186429362466</orientation>
      <time>71</time>
    </ksState>
    <ksState>
      <x>-139.9493883800716</x>
      <y>2.3409997884103677</y>
      <steeringAngle>0.1066000000000001</steeringAngle>
      <velocity>8.0</velocity>
      <orientation>1.286402494943244</orientation>
      <time>72</time>
    </ksState>
    <ksState>
      <x>-139.77416024291642</x>
      <y>3.122573799132254</y>
      <steeringAngle>0.07106666666666674</steeringAngle>
      <velocity>8.0</velocity>
      <orientation>1.314034973972931</orientation>
      <time>73</time>
    </ksState>
    <ksState>
      <x>-139.60095245368663</x>
      <y>3.903965858650304</y>
      <steeringAngle>0.035533333333333354</steeringAngle>
      <velocity>8.0</velocity>
      <orientation>1.3305864946019603</orientation>
      <time>74</time>
    </ksState>
    <ksState>
      <x>-139.42110722767433</x>
      <y>4.683534329007911</y>
      <steeringAngle>2.0816681711721685e-17</steeringAngle>
      <velocity>8.0</velocity>
      <orientation>1.3360990210603652</orientation>
      <time>75</time>
    </ksState>
    <ksState>
      <x>-139.22601662046554</x>
      <y>5.459413076074691</y>
      <steeringAngle>-0.03553333333333333</steeringAngle>
      <velocity>8.0</velocity>
      <orientation>1.3305864860575263</orientation>
      <time>76</time>
    </ksState>
    <ksState>
      <x>-139.00715960111464</x>
      <y>6.229222584407992</y>
      <steeringAngle>-0.07106666666666667</steeringAngle>
      <velocity>8.0</velocity>
      <orientation>1.3140349651772567</orientation>
      <time>77</time>
    </ksState>
    <ksState>
      <x>-138.75616815835363</x>
      <y>6.989781364702853</y>
      <steeringAngle>-0.10659999999999997</steeringAngle>
      <velocity>8.0</velocity>
      <orientation>1.286402485886562</orientation>
      <time>78</time>
    </ksState>
    <ksState>
      <x>-138.4649390601132</x>
      <y>7.736820323721538</y>
      <steeringAngle>-0.1421333333333333</steeringAngle>
      <velocity>8.0</velocity>
      <orientation>1.2476186336138269</orientation>
      <time>79</time>
    </ksState>
    <ksState>
      <x>-138.12580838890423</x>
      <y>8.46470475457626</y>
      <steeringAngle>-0.17766666666666667</steeringAngle>
      <velocity>8.0</velocity>
      <orientation>1.1975838213646721</orientation>
      <time>80</time>
    </ksState>
    <ksState>
      <x>-137.7493078313536</x>
      <y>9.174132241867456</y>
      <steeringAngle>-0.14213333333333336</steeringAngle>
      <velocity>8.0</velocity>
      <orientation>1.1475490098159238</orientation>
      <time>81</time>
    </ksState>
    <ksState>
      <x>-137.35613693916446</x>
      <y>9.873033493162968</y>
      <steeringAngle>-0.1066000000000001</steeringAngle>
      <velocity>8.0</velocity>
      <orientation>1.1087651578089264</orientation>
      <time>82</time>
    </ksState>
    <ksState>
      <x>-136.9540722942565</x>
      <y>10.565786591749905</y>
      <steeringAngle>-0.07106666666666674</steeringAngle>
      <velocity>8.0</velocity>
      <orientation>1.0811326787792395</orientation>
      <time>83</time>
    </ksState>
    <ksState>
      <x>-136.55064801767213</x>
      <y>11.25703426226324</y>
      <steeringAngle>-0.035533333333333354</steeringAngle>
      <velocity>8.0</velocity>
      <orientation>1.06458115815021</orientation>
      <time>84</time>
    </ksState>
    <ksState>
      <x>-136.153334674121</x>
      <y>11.951450140776512</y>
      <steeringAngle>-2.0816681711721685e-17</steeringAngle>
      <velocity>8.0</velocity>
      <orientation>1.0590686316918052</orientation>
      <time>85</time>
    </ksState>
    <ksState>
      <x>-135.76158719095497</x>
      <y>12.648969968045307</y>
      <steeringAngle>0.0</steeringAngle>
      <velocity>8.0</velocity>
      <orientation>1.0590686316918052</orientation>
      <time>86</time>
    </ksState>
    <ksState>
      <x>-135.36983970778897</x>
      <y>13.346489795314103</y>
      <steeringAngle>0.0</steeringAngle>
      <velocity>8.0</velocity>
      <orientation>1.0590686316918052</orientation>
      <time>87</time>
    </ksState>
    <ksState>
      <x>-134.97809222462294</x>
      <y>14.044009622582902</y>
      <steeringAngle>0.0</steeringAngle>
      <velocity>8.0</velocity>
      <orientation>1.0590686316918052</orientation>
      <time>88</time>
    </ksState>
    <ksState>
      <x>-134.5863447414569</x>
      <y>14.741529449851697</y>
      <steeringAngle>0.0</steeringAngle>
      <velocity>8.0</velocity>
      <orientation>1.0590686316918052</orientation>
      <time>89</time>
    </ksState>
    <ksState>
      <x>-134.1945972582909</x>
      <y>15.439049277120493</y>
      <steeringAngle>0.0</steeringAngle>
      <velocity>8.0</velocity>
      <orientation>1.0590686316918052</orientation>
      <time>90</time>
    </ksState>
    <ksState>
      <x>-133.80284977512488</x>
      <y>16.136569104389288</y>
      <steeringAngle>0.0</steeringAngle>
      <velocity>8.0</velocity>
      <orientation>1.0590686316918052</orientation>
      <time>91</time>
    </ksState>
    <ksState>
      <x>-133.41110229195888</x>
      <y>16.834088931658084</y>
      <steeringAngle>0.0</steeringAngle>
      <velocity>8.0</velocity>
      <orientation>1.0590686316918052</orientation>
      <time>92</time>
    </ksState>
    <ksState>
      <x>-133.01935480879285</x>
      <y>17.53160875892688</y>
      <steeringAngle>0.0</steeringAngle>
      <velocity>8.0</velocity>
      <orientation>1.0590686316918052</orientation>
      <time>93</time>
    </ksState>
    <ksState>
      <x>-132.62760732562683</x>
      <y>18.229128586195674</y>
      <steeringAngle>0.0</steeringAngle>
      <velocity>8.0</velocity>
      <orientation>1.0590686316918052</orientation>
      <time>94</time>
    </ksState>
    <ksState>
      <x>-132.23585984246083</x>
      <y>18.92664841346447</y>
      <steeringAngle>0.0</steeringAngle>
      <velocity>8.0</velocity>
      <orientation>1.0590686316918052</orientation>
      <time>95</time>
    </ksState>
    <ksState>
      <x>-131.8441123592948</x>
      <y>19.624168240733265</y>
      <steeringAngle>0.0</steeringAngle>
      <velocity>8.0</velocity>
      <orientation>1.0590686316918052</orientation>
      <time>96</time>
    </ksState>
    <ksState>
      <x>-131.4523648761288</x>
      <y>20.32168806800206</y>
      <steeringAngle>0.0</steeringAngle>
      <velocity>8.0</velocity>
      <orientation>1.0590686316918052</orientation>
      <time>97</time>
    </ksState>
    <ksState>
      <x>-131.06061739296277</x>
      <y>21.019207895270856</y>
      <steeringAngle>0.0</steeringAngle>
      <velocity>8.0</velocity>
      <orientation>1.0590686316918052</orientation>
      <time>98</time>
    </ksState>
    <ksState>
      <x>-130.66886990979674</x>
      <y>21.716727722539652</y>
      <steeringAngle>0.0</steeringAngle>
      <velocity>8.0</velocity>
      <orientation>1.0590686316918052</orientation>
      <time>99</time>
    </ksState>
  </ksTrajectory>
</CommonRoadSolution>
