<?xml version="1.0" ?>
<CommonRoadSolution benchmark_id="KS2:SM1:DEU_BadWaldsee-4_5_T-1:2020a" computation_time="1.0518113550001544" date="2022-12-18T12:01:12">
  <ksTrajectory planningProblem="1">
    <ksState>
      <x>394.15228</x>
      <y>-679.64922</y>
      <steeringAngle>0.0</steeringAngle>
      <velocity>4.0</velocity>
      <orientation>-0.943644</orientation>
      <time>0</time>
    </ksState>
    <ksState>
      <x>394.41446108618914</x>
      <y>-680.0026017871498</y>
      <steeringAngle>0.035533333333333326</steeringAngle>
      <velocity>4.799999999999999</velocity>
      <orientation>-0.9405202213308093</orientation>
      <time>1</time>
    </ksState>
    <ksState>
      <x>394.735376796787</x>
      <y>-680.4120393673037</y>
      <steeringAngle>0.07106666666666667</steeringAngle>
      <velocity>5.599999999999998</velocity>
      <orientation>-0.9296696102696365</orientation>
      <time>2</time>
    </ksState>
    <ksState>
      <x>395.12243313661986</x>
      <y>-680.8714158795982</y>
      <steeringAngle>0.10659999999999999</steeringAngle>
      <velocity>6.3999999999999995</velocity>
      <orientation>-0.9088526612693084</orientation>
      <time>3</time>
    </ksState>
    <ksState>
      <x>395.5853816753227</x>
      <y>-681.3716135971453</y>
      <steeringAngle>0.14213333333333333</steeringAngle>
      <velocity>7.199999999999999</velocity>
      <orientation>-0.8757930902881433</orientation>
      <time>4</time>
    </ksState>
    <ksState>
      <x>396.1362687597986</x>
      <y>-681.8993563891104</y>
      <steeringAngle>0.17766666666666664</steeringAngle>
      <velocity>7.9999999999999964</velocity>
      <orientation>-0.8281657682065967</orientation>
      <time>5</time>
    </ksState>
    <ksState>
      <x>396.7188612344277</x>
      <y>-682.3930340703682</y>
      <steeringAngle>0.17766666666666667</steeringAngle>
      <velocity>7.2</velocity>
      <orientation>-0.7752498407622194</orientation>
      <time>6</time>
    </ksState>
    <ksState>
      <x>397.26162006960067</x>
      <y>-682.8080797953344</y>
      <steeringAngle>0.17766666666666667</steeringAngle>
      <velocity>6.4</velocity>
      <orientation>-0.7279040109694082</orientation>
      <time>7</time>
    </ksState>
    <ksState>
      <x>397.7563732701519</x>
      <y>-683.1526068958113</y>
      <steeringAngle>0.17766666666666667</steeringAngle>
      <velocity>5.599999999999999</velocity>
      <orientation>-0.6861282788142233</orientation>
      <time>8</time>
    </ksState>
    <ksState>
      <x>398.19648075136234</x>
      <y>-683.4342607566007</y>
      <steeringAngle>0.17766666666666667</steeringAngle>
      <velocity>4.799999999999999</velocity>
      <orientation>-0.6499226442927089</orientation>
      <time>9</time>
    </ksState>
    <ksState>
      <x>398.57664073013495</x>
      <y>-683.6600102085059</y>
      <steeringAngle>0.17766666666666667</steeringAngle>
      <velocity>4.0</velocity>
      <orientation>-0.6192871074033789</orientation>
      <time>10</time>
    </ksState>
    <ksState>
      <x>398.89484077459474</x>
      <y>-683.8328214827636</y>
      <steeringAngle>0.21319999999999997</steeringAngle>
      <velocity>3.2</velocity>
      <orientation>-0.5917455618399443</orientation>
      <time>11</time>
    </ksState>
    <ksState>
      <x>399.14894528968483</x>
      <y>-683.9558239009256</y>
      <steeringAngle>0.24873333333333342</steeringAngle>
      <velocity>2.4000000000000004</velocity>
      <orientation>-0.5663073314532947</orientation>
      <time>12</time>
    </ksState>
    <ksState>
      <x>399.3346342049053</x>
      <y>-684.0359125765165</y>
      <steeringAngle>0.2842666666666668</steeringAngle>
      <velocity>1.600000000000001</velocity>
      <orientation>-0.5452324316627151</orientation>
      <time>13</time>
    </ksState>
    <ksState>
      <x>399.44816777687276</x>
      <y>-684.0798304250309</y>
      <steeringAngle>0.3197999999999999</steeringAngle>
      <velocity>0.8000000000000007</velocity>
      <orientation>-0.5308340043620107</orientation>
      <time>14</time>
    </ksState>
    <ksState>
      <x>399.4865461001125</x>
      <y>-684.0934256494595</y>
      <steeringAngle>0.3553333333333332</steeringAngle>
      <velocity>5.551115123125783e-16</velocity>
      <orientation>-0.5254923627262813</orientation>
      <time>15</time>
    </ksState>
    <ksState>
      <x>399.4865461001125</x>
      <y>-684.0934256494595</y>
      <steeringAngle>0.3198</steeringAngle>
      <velocity>0.0</velocity>
      <orientation>-0.5254923627262813</orientation>
      <time>16</time>
    </ksState>
    <ksState>
      <x>399.4865461001125</x>
      <y>-684.0934256494595</y>
      <steeringAngle>0.2842666666666666</steeringAngle>
      <velocity>0.0</velocity>
      <orientation>-0.5254923627262813</orientation>
      <time>17</time>
    </ksState>
    <ksState>
      <x>399.4865461001125</x>
      <y>-684.0934256494595</y>
      <steeringAngle>0.24873333333333333</steeringAngle>
      <velocity>0.0</velocity>
      <orientation>-0.5254923627262813</orientation>
      <time>18</time>
    </ksState>
    <ksState>
      <x>399.4865461001125</x>
      <y>-684.0934256494595</y>
      <steeringAngle>0.21320000000000003</steeringAngle>
      <velocity>0.0</velocity>
      <orientation>-0.5254923627262813</orientation>
      <time>19</time>
    </ksState>
    <ksState>
      <x>399.4865461001125</x>
      <y>-684.0934256494595</y>
      <steeringAngle>0.1776666666666667</steeringAngle>
      <velocity>0.0</velocity>
      <orientation>-0.5254923627262813</orientation>
      <time>20</time>
    </ksState>
    <ksState>
      <x>399.5231600003464</x>
      <y>-684.1100124503611</y>
      <steeringAngle>0.17766666666666667</steeringAngle>
      <velocity>0.7999999999999999</velocity>
      <orientation>-0.5227073138601452</orientation>
      <time>21</time>
    </ksState>
    <ksState>
      <x>399.63327678748703</x>
      <y>-684.159160289713</y>
      <steeringAngle>0.17766666666666667</steeringAngle>
      <velocity>1.6000000000000005</velocity>
      <orientation>-0.5143521673442583</orientation>
      <time>22</time>
    </ksState>
    <ksState>
      <x>399.8177049207438</x>
      <y>-684.2390233840416</y>
      <steeringAngle>0.17766666666666667</steeringAngle>
      <velocity>2.4000000000000017</velocity>
      <orientation>-0.5004269231908076</orientation>
      <time>23</time>
    </ksState>
    <ksState>
      <x>400.0777345032973</x>
      <y>-684.3465008889281</y>
      <steeringAngle>0.17766666666666667</steeringAngle>
      <velocity>3.2000000000000024</velocity>
      <orientation>-0.4809315814034815</orientation>
      <time>24</time>
    </ksState>
    <ksState>
      <x>400.41505035357153</x>
      <y>-684.4772023574177</y>
      <steeringAngle>0.17766666666666667</steeringAngle>
      <velocity>4.000000000000002</velocity>
      <orientation>-0.45586614198378916</orientation>
      <time>25</time>
    </ksState>
    <ksState>
      <x>400.7555359996121</x>
      <y>-684.5994086674923</y>
      <steeringAngle>0.17766666666666667</steeringAngle>
      <velocity>3.2000000000000006</velocity>
      <orientation>-0.43080070271561155</orientation>
      <time>26</time>
    </ksState>
    <ksState>
      <x>401.0224127620092</x>
      <y>-684.6885354960107</y>
      <steeringAngle>0.17766666666666667</steeringAngle>
      <velocity>2.4000000000000012</velocity>
      <orientation>-0.4113053610855818</orientation>
      <time>27</time>
    </ksState>
    <ksState>
      <x>401.21407765509633</x>
      <y>-684.749003823383</y>
      <steeringAngle>0.17766666666666667</steeringAngle>
      <velocity>1.6000000000000005</velocity>
      <orientation>-0.3973801170866008</orientation>
      <time>28</time>
    </ksState>
    <ksState>
      <x>401.32947422398604</x>
      <y>-684.7840016572526</y>
      <steeringAngle>0.17766666666666667</steeringAngle>
      <velocity>0.8000000000000004</velocity>
      <orientation>-0.38902497071584674</orientation>
      <time>29</time>
    </ksState>
    <ksState>
      <x>401.3680042335056</x>
      <y>-684.7954531848105</y>
      <steeringAngle>0.17766666666666667</steeringAngle>
      <velocity>2.7755575615628914e-16</velocity>
      <orientation>-0.38623992196963136</orientation>
      <time>30</time>
    </ksState>
    <ksState>
      <x>401.3680042335056</x>
      <y>-684.7954531848105</y>
      <steeringAngle>0.14213333333333336</steeringAngle>
      <velocity>0.0</velocity>
      <orientation>-0.38623992196963136</orientation>
      <time>31</time>
    </ksState>
    <ksState>
      <x>401.3680042335056</x>
      <y>-684.7954531848105</y>
      <steeringAngle>0.10660000000000001</steeringAngle>
      <velocity>0.0</velocity>
      <orientation>-0.38623992196963136</orientation>
      <time>32</time>
    </ksState>
    <ksState>
      <x>401.3680042335056</x>
      <y>-684.7954531848105</y>
      <steeringAngle>0.07106666666666668</steeringAngle>
      <velocity>0.0</velocity>
      <orientation>-0.38623992196963136</orientation>
      <time>33</time>
    </ksState>
  </ksTrajectory>
</CommonRoadSolution>
