<?xml version="1.0" ?>
<CommonRoadSolution benchmark_id="KS2:SM1:USA_US101-4_1_T-1:2020a" computation_time="5.4204539980000845" date="2022-12-16T13:37:50">
  <ksTrajectory planningProblem="458">
    <ksState>
      <x>0.0</x>
      <y>0.0</y>
      <steeringAngle>0.0</steeringAngle>
      <velocity>4.0</velocity>
      <orientation>-0.76501</orientation>
      <time>0</time>
    </ksState>
    <ksState>
      <x>0.3174051908347778</x>
      <y>-0.3047194541467395</y>
      <steeringAngle>0.0</steeringAngle>
      <velocity>4.8</velocity>
      <orientation>-0.76501</orientation>
      <time>1</time>
    </ksState>
    <ksState>
      <x>0.6925204162646186</x>
      <y>-0.6648424453129821</y>
      <steeringAngle>0.0</steeringAngle>
      <velocity>5.6</velocity>
      <orientation>-0.76501</orientation>
      <time>2</time>
    </ksState>
    <ksState>
      <x>1.1253456762779963</x>
      <y>-1.0803689734876625</y>
      <steeringAngle>0.0</steeringAngle>
      <velocity>6.4</velocity>
      <orientation>-0.76501</orientation>
      <time>3</time>
    </ksState>
    <ksState>
      <x>1.615880970868135</x>
      <y>-1.551299038664275</y>
      <steeringAngle>0.0</steeringAngle>
      <velocity>7.199999999999999</velocity>
      <orientation>-0.76501</orientation>
      <time>4</time>
    </ksState>
    <ksState>
      <x>2.164126300030835</x>
      <y>-2.0776326408387886</y>
      <steeringAngle>0.0</steeringAngle>
      <velocity>7.999999999999998</velocity>
      <orientation>-0.76501</orientation>
      <time>5</time>
    </ksState>
    <ksState>
      <x>2.741226645655276</x>
      <y>-2.6316680107206674</y>
      <steeringAngle>0.0</steeringAngle>
      <velocity>8.0</velocity>
      <orientation>-0.76501</orientation>
      <time>6</time>
    </ksState>
    <ksState>
      <x>3.3183269912797173</x>
      <y>-3.1857033806025465</y>
      <steeringAngle>0.0</steeringAngle>
      <velocity>8.0</velocity>
      <orientation>-0.76501</orientation>
      <time>7</time>
    </ksState>
    <ksState>
      <x>3.895427336904159</x>
      <y>-3.7397387504844257</y>
      <steeringAngle>0.0</steeringAngle>
      <velocity>8.0</velocity>
      <orientation>-0.76501</orientation>
      <time>8</time>
    </ksState>
    <ksState>
      <x>4.4725276825286</x>
      <y>-4.2937741203663045</y>
      <steeringAngle>0.0</steeringAngle>
      <velocity>8.0</velocity>
      <orientation>-0.76501</orientation>
      <time>9</time>
    </ksState>
    <ksState>
      <x>5.049628028153041</x>
      <y>-4.847809490248183</y>
      <steeringAngle>0.0</steeringAngle>
      <velocity>8.0</velocity>
      <orientation>-0.76501</orientation>
      <time>10</time>
    </ksState>
    <ksState>
      <x>5.626728373777484</x>
      <y>-5.401844860130062</y>
      <steeringAngle>0.0</steeringAngle>
      <velocity>8.0</velocity>
      <orientation>-0.76501</orientation>
      <time>11</time>
    </ksState>
    <ksState>
      <x>6.203828719401924</x>
      <y>-5.9558802300119424</y>
      <steeringAngle>0.0</steeringAngle>
      <velocity>8.0</velocity>
      <orientation>-0.76501</orientation>
      <time>12</time>
    </ksState>
    <ksState>
      <x>6.780929065026365</x>
      <y>-6.509915599893821</y>
      <steeringAngle>0.0</steeringAngle>
      <velocity>8.0</velocity>
      <orientation>-0.76501</orientation>
      <time>13</time>
    </ksState>
    <ksState>
      <x>7.358029410650808</x>
      <y>-7.0639509697757</y>
      <steeringAngle>0.0</steeringAngle>
      <velocity>8.0</velocity>
      <orientation>-0.76501</orientation>
      <time>14</time>
    </ksState>
    <ksState>
      <x>7.9351297562752485</x>
      <y>-7.617986339657579</y>
      <steeringAngle>0.0</steeringAngle>
      <velocity>8.0</velocity>
      <orientation>-0.76501</orientation>
      <time>15</time>
    </ksState>
    <ksState>
      <x>8.512230101899691</x>
      <y>-8.172021709539457</y>
      <steeringAngle>0.0</steeringAngle>
      <velocity>8.0</velocity>
      <orientation>-0.76501</orientation>
      <time>16</time>
    </ksState>
    <ksState>
      <x>9.089330447524132</x>
      <y>-8.726057079421336</y>
      <steeringAngle>0.0</steeringAngle>
      <velocity>8.0</velocity>
      <orientation>-0.76501</orientation>
      <time>17</time>
    </ksState>
    <ksState>
      <x>9.666430793148573</x>
      <y>-9.280092449303215</y>
      <steeringAngle>0.0</steeringAngle>
      <velocity>8.0</velocity>
      <orientation>-0.76501</orientation>
      <time>18</time>
    </ksState>
    <ksState>
      <x>10.243531138773015</x>
      <y>-9.834127819185095</y>
      <steeringAngle>0.0</steeringAngle>
      <velocity>8.0</velocity>
      <orientation>-0.76501</orientation>
      <time>19</time>
    </ksState>
    <ksState>
      <x>10.820631484397456</x>
      <y>-10.388163189066974</y>
      <steeringAngle>0.0</steeringAngle>
      <velocity>8.0</velocity>
      <orientation>-0.76501</orientation>
      <time>20</time>
    </ksState>
    <ksState>
      <x>11.374825898187616</x>
      <y>-10.908269976390498</y>
      <steeringAngle>0.03553333333333333</steeringAngle>
      <velocity>7.199999999999999</velocity>
      <orientation>-0.7598649870175076</orientation>
      <time>21</time>
    </ksState>
    <ksState>
      <x>11.884266846369052</x>
      <y>-11.359087672503414</y>
      <steeringAngle>0.07106666666666664</steeringAngle>
      <velocity>6.400000000000001</velocity>
      <orientation>-0.7458883148965445</orientation>
      <time>22</time>
    </ksState>
    <ksState>
      <x>12.348543552588339</x>
      <y>-11.740232657972523</y>
      <steeringAngle>0.10659999999999997</steeringAngle>
      <velocity>5.600000000000004</velocity>
      <orientation>-0.7252565470306631</orientation>
      <time>23</time>
    </ksState>
    <ksState>
      <x>12.765123868508248</x>
      <y>-12.053443321948487</y>
      <steeringAngle>0.1421333333333333</steeringAngle>
      <velocity>4.800000000000003</velocity>
      <orientation>-0.7001403395220149</orientation>
      <time>24</time>
    </ksState>
    <ksState>
      <x>13.130043306577598</x>
      <y>-12.302293094663359</y>
      <steeringAngle>0.17766666666666653</steeringAngle>
      <velocity>4.000000000000006</velocity>
      <orientation>-0.6727154429368651</orientation>
      <time>25</time>
    </ksState>
    <ksState>
      <x>13.467924524176283</x>
      <y>-12.519337145370436</y>
      <steeringAngle>0.1421333333333333</steeringAngle>
      <velocity>4.0</velocity>
      <orientation>-0.6476980365923418</orientation>
      <time>26</time>
    </ksState>
    <ksState>
      <x>13.805777150860859</x>
      <y>-12.735258465358115</y>
      <steeringAngle>0.10659999999999999</steeringAngle>
      <velocity>4.0</velocity>
      <orientation>-0.6283061103015912</orientation>
      <time>27</time>
    </ksState>
    <ksState>
      <x>14.142551909370532</x>
      <y>-12.951993010379228</y>
      <steeringAngle>0.07106666666666664</steeringAngle>
      <velocity>4.0</velocity>
      <orientation>-0.6144898705666383</orientation>
      <time>28</time>
    </ksState>
    <ksState>
      <x>14.477183408158915</x>
      <y>-13.171455542996279</y>
      <steeringAngle>0.03553333333333332</steeringAngle>
      <velocity>4.0</velocity>
      <orientation>-0.606214110104373</orientation>
      <time>29</time>
    </ksState>
    <ksState>
      <x>14.808555706741977</x>
      <y>-13.395529427796227</y>
      <steeringAngle>-2.2985086056692694e-17</steeringAngle>
      <velocity>4.0</velocity>
      <orientation>-0.6034578468095326</orientation>
      <time>30</time>
    </ksState>
    <ksState>
      <x>15.135468375441675</x>
      <y>-13.626054740696574</y>
      <steeringAngle>-0.035533333333333326</steeringAngle>
      <velocity>4.0</velocity>
      <orientation>-0.606214121342133</orientation>
      <time>31</time>
    </ksState>
    <ksState>
      <x>15.456603158960377</x>
      <y>-13.8648136514417</y>
      <steeringAngle>-0.07106666666666711</steeringAngle>
      <velocity>4.0</velocity>
      <orientation>-0.6144898818854184</orientation>
      <time>32</time>
    </ksState>
    <ksState>
      <x>15.770491036674812</x>
      <y>-14.113512148239344</y>
      <steeringAngle>-0.10660000000000043</steeringAngle>
      <velocity>4.0</velocity>
      <orientation>-0.6283061217045552</orientation>
      <time>33</time>
    </ksState>
    <ksState>
      <x>16.07548034682865</x>
      <y>-14.373756925710577</y>
      <steeringAngle>-0.14213333333333378</steeringAngle>
      <velocity>4.0</velocity>
      <orientation>-0.6476980480901011</orientation>
      <time>34</time>
    </ksState>
    <ksState>
      <x>16.369706115667057</x>
      <y>-14.647026388745589</y>
      <steeringAngle>-0.1776666666666672</steeringAngle>
      <velocity>4.0</velocity>
      <orientation>-0.6727154545414984</orientation>
      <time>35</time>
    </ksState>
    <ksState>
      <x>16.628291035246054</x>
      <y>-14.899559173950028</y>
      <steeringAngle>-0.1421333333333333</steeringAngle>
      <velocity>3.1999999999999993</velocity>
      <orientation>-0.6953253695149407</orientation>
      <time>36</time>
    </ksState>
    <ksState>
      <x>16.829437442631274</x>
      <y>-15.095315523996959</y>
      <steeringAngle>-0.10659999999999997</steeringAngle>
      <velocity>2.3999999999999977</velocity>
      <orientation>-0.7089930103856481</orientation>
      <time>37</time>
    </ksState>
    <ksState>
      <x>16.974242867586913</x>
      <y>-15.233631613441947</y>
      <steeringAngle>-0.07106666666666664</steeringAngle>
      <velocity>1.5999999999999976</velocity>
      <orientation>-0.7159937162388672</orientation>
      <time>38</time>
    </ksState>
    <ksState>
      <x>17.062255657491985</x>
      <y>-15.315285020007297</y>
      <steeringAngle>-0.0355333333333333</steeringAngle>
      <velocity>0.7999999999999972</velocity>
      <orientation>-0.7185685607128345</orientation>
      <time>39</time>
    </ksState>
    <ksState>
      <x>17.092015527486595</x>
      <y>-15.34201749011868</y>
      <steeringAngle>2.5153490401663703e-17</steeringAngle>
      <velocity>-2.914335439641036e-15</velocity>
      <orientation>-0.7189360722913657</orientation>
      <time>40</time>
    </ksState>
    <ksState>
      <x>17.092015527486595</x>
      <y>-15.34201749011868</y>
      <steeringAngle>0.0</steeringAngle>
      <velocity>0.0</velocity>
      <orientation>-0.7189360722913657</orientation>
      <time>41</time>
    </ksState>
    <ksState>
      <x>17.092015527486595</x>
      <y>-15.34201749011868</y>
      <steeringAngle>0.0</steeringAngle>
      <velocity>0.0</velocity>
      <orientation>-0.7189360722913657</orientation>
      <time>42</time>
    </ksState>
    <ksState>
      <x>17.092015527486595</x>
      <y>-15.34201749011868</y>
      <steeringAngle>0.0</steeringAngle>
      <velocity>0.0</velocity>
      <orientation>-0.7189360722913657</orientation>
      <time>43</time>
    </ksState>
    <ksState>
      <x>17.092015527486595</x>
      <y>-15.34201749011868</y>
      <steeringAngle>0.0</steeringAngle>
      <velocity>0.0</velocity>
      <orientation>-0.7189360722913657</orientation>
      <time>44</time>
    </ksState>
    <ksState>
      <x>17.092015527486595</x>
      <y>-15.34201749011868</y>
      <steeringAngle>0.0</steeringAngle>
      <velocity>0.0</velocity>
      <orientation>-0.7189360722913657</orientation>
      <time>45</time>
    </ksState>
    <ksState>
      <x>17.121767481007787</x>
      <y>-15.368758716498144</y>
      <steeringAngle>-0.03553333333333333</steeringAngle>
      <velocity>0.8</velocity>
      <orientation>-0.7193036040696077</orientation>
      <time>46</time>
    </ksState>
    <ksState>
      <x>17.209530918572796</x>
      <y>-15.450678628395089</y>
      <steeringAngle>-0.0710666666666667</steeringAngle>
      <velocity>1.6</velocity>
      <orientation>-0.7218784506615933</orientation>
      <time>47</time>
    </ksState>
    <ksState>
      <x>17.352603052790204</x>
      <y>-15.590780329805003</y>
      <steeringAngle>-0.10660000000000003</steeringAngle>
      <velocity>2.4000000000000004</velocity>
      <orientation>-0.7288791548984305</orientation>
      <time>48</time>
    </ksState>
    <ksState>
      <x>17.547191350160283</x>
      <y>-15.793039413501393</y>
      <steeringAngle>-0.14213333333333342</steeringAngle>
      <velocity>3.2000000000000015</velocity>
      <orientation>-0.7425467958392507</orientation>
      <time>49</time>
    </ksState>
    <ksState>
      <x>17.787734190605743</x>
      <y>-16.06277727058159</y>
      <steeringAngle>-0.17766666666666683</steeringAngle>
      <velocity>4.0000000000000036</velocity>
      <orientation>-0.7651567117124708</orientation>
      <time>50</time>
    </ksState>
    <ksState>
      <x>18.01650827347468</x>
      <y>-16.343450432483923</y>
      <steeringAngle>-0.21319999999999997</steeringAngle>
      <velocity>3.2</velocity>
      <orientation>-0.7926982572759054</orientation>
      <time>51</time>
    </ksState>
    <ksState>
      <x>18.18446051268413</x>
      <y>-16.570366154300206</y>
      <steeringAngle>-0.24873333333333342</steeringAngle>
      <velocity>2.4000000000000004</velocity>
      <orientation>-0.818136487662555</orientation>
      <time>52</time>
    </ksState>
    <ksState>
      <x>18.297566239151585</x>
      <y>-16.73800166316967</y>
      <steeringAngle>-0.2842666666666668</steeringAngle>
      <velocity>1.600000000000001</velocity>
      <orientation>-0.8392113874531346</orientation>
      <time>53</time>
    </ksState>
    <ksState>
      <x>18.361758741402213</x>
      <y>-16.841432664502054</y>
      <steeringAngle>-0.3197999999999999</steeringAngle>
      <velocity>0.8000000000000007</velocity>
      <orientation>-0.853609814753839</orientation>
      <time>54</time>
    </ksState>
    <ksState>
      <x>18.38222916006287</x>
      <y>-16.876627661047277</y>
      <steeringAngle>-0.3553333333333332</steeringAngle>
      <velocity>5.551115123125783e-16</velocity>
      <orientation>-0.8589514563895684</orientation>
      <time>55</time>
    </ksState>
    <ksState>
      <x>18.38222916006287</x>
      <y>-16.876627661047277</y>
      <steeringAngle>-0.3198</steeringAngle>
      <velocity>0.0</velocity>
      <orientation>-0.8589514563895684</orientation>
      <time>56</time>
    </ksState>
    <ksState>
      <x>18.38222916006287</x>
      <y>-16.876627661047277</y>
      <steeringAngle>-0.2842666666666666</steeringAngle>
      <velocity>0.0</velocity>
      <orientation>-0.8589514563895684</orientation>
      <time>57</time>
    </ksState>
    <ksState>
      <x>18.38222916006287</x>
      <y>-16.876627661047277</y>
      <steeringAngle>-0.24873333333333333</steeringAngle>
      <velocity>0.0</velocity>
      <orientation>-0.8589514563895684</orientation>
      <time>58</time>
    </ksState>
    <ksState>
      <x>18.38222916006287</x>
      <y>-16.876627661047277</y>
      <steeringAngle>-0.21320000000000003</steeringAngle>
      <velocity>0.0</velocity>
      <orientation>-0.8589514563895684</orientation>
      <time>59</time>
    </ksState>
    <ksState>
      <x>18.38222916006287</x>
      <y>-16.876627661047277</y>
      <steeringAngle>-0.1776666666666667</steeringAngle>
      <velocity>0.0</velocity>
      <orientation>-0.8589514563895684</orientation>
      <time>60</time>
    </ksState>
    <ksState>
      <x>18.38222916006287</x>
      <y>-16.876627661047277</y>
      <steeringAngle>-0.14213333333333336</steeringAngle>
      <velocity>0.0</velocity>
      <orientation>-0.8589514563895684</orientation>
      <time>61</time>
    </ksState>
    <ksState>
      <x>18.38222916006287</x>
      <y>-16.876627661047277</y>
      <steeringAngle>-0.10660000000000001</steeringAngle>
      <velocity>0.0</velocity>
      <orientation>-0.8589514563895684</orientation>
      <time>62</time>
    </ksState>
    <ksState>
      <x>18.38222916006287</x>
      <y>-16.876627661047277</y>
      <steeringAngle>-0.07106666666666668</steeringAngle>
      <velocity>0.0</velocity>
      <orientation>-0.8589514563895684</orientation>
      <time>63</time>
    </ksState>
    <ksState>
      <x>18.38222916006287</x>
      <y>-16.876627661047277</y>
      <steeringAngle>-0.03553333333333333</steeringAngle>
      <velocity>0.0</velocity>
      <orientation>-0.8589514563895684</orientation>
      <time>64</time>
    </ksState>
    <ksState>
      <x>18.38222916006287</x>
      <y>-16.876627661047277</y>
      <steeringAngle>-0.0</steeringAngle>
      <velocity>0.0</velocity>
      <orientation>-0.8589514563895684</orientation>
      <time>65</time>
    </ksState>
    <ksState>
      <x>18.38222916006287</x>
      <y>-16.876627661047277</y>
      <steeringAngle>0.0</steeringAngle>
      <velocity>0.0</velocity>
      <orientation>-0.8589514563895684</orientation>
      <time>66</time>
    </ksState>
    <ksState>
      <x>18.38222916006287</x>
      <y>-16.876627661047277</y>
      <steeringAngle>0.0</steeringAngle>
      <velocity>0.0</velocity>
      <orientation>-0.8589514563895684</orientation>
      <time>67</time>
    </ksState>
    <ksState>
      <x>18.38222916006287</x>
      <y>-16.876627661047277</y>
      <steeringAngle>0.0</steeringAngle>
      <velocity>0.0</velocity>
      <orientation>-0.8589514563895684</orientation>
      <time>68</time>
    </ksState>
    <ksState>
      <x>18.38222916006287</x>
      <y>-16.876627661047277</y>
      <steeringAngle>0.0</steeringAngle>
      <velocity>0.0</velocity>
      <orientation>-0.8589514563895684</orientation>
      <time>69</time>
    </ksState>
    <ksState>
      <x>18.38222916006287</x>
      <y>-16.876627661047277</y>
      <steeringAngle>0.0</steeringAngle>
      <velocity>0.0</velocity>
      <orientation>-0.8589514563895684</orientation>
      <time>70</time>
    </ksState>
    <ksState>
      <x>18.38222916006287</x>
      <y>-16.876627661047277</y>
      <steeringAngle>0.0</steeringAngle>
      <velocity>0.0</velocity>
      <orientation>-0.8589514563895684</orientation>
      <time>71</time>
    </ksState>
    <ksState>
      <x>18.38222916006287</x>
      <y>-16.876627661047277</y>
      <steeringAngle>0.0</steeringAngle>
      <velocity>0.0</velocity>
      <orientation>-0.8589514563895684</orientation>
      <time>72</time>
    </ksState>
    <ksState>
      <x>18.38222916006287</x>
      <y>-16.876627661047277</y>
      <steeringAngle>0.0</steeringAngle>
      <velocity>0.0</velocity>
      <orientation>-0.8589514563895684</orientation>
      <time>73</time>
    </ksState>
    <ksState>
      <x>18.38222916006287</x>
      <y>-16.876627661047277</y>
      <steeringAngle>0.0</steeringAngle>
      <velocity>0.0</velocity>
      <orientation>-0.8589514563895684</orientation>
      <time>74</time>
    </ksState>
    <ksState>
      <x>18.38222916006287</x>
      <y>-16.876627661047277</y>
      <steeringAngle>0.0</steeringAngle>
      <velocity>0.0</velocity>
      <orientation>-0.8589514563895684</orientation>
      <time>75</time>
    </ksState>
    <ksState>
      <x>18.38222916006287</x>
      <y>-16.876627661047277</y>
      <steeringAngle>0.0</steeringAngle>
      <velocity>0.0</velocity>
      <orientation>-0.8589514563895684</orientation>
      <time>76</time>
    </ksState>
    <ksState>
      <x>18.38222916006287</x>
      <y>-16.876627661047277</y>
      <steeringAngle>0.0</steeringAngle>
      <velocity>0.0</velocity>
      <orientation>-0.8589514563895684</orientation>
      <time>77</time>
    </ksState>
    <ksState>
      <x>18.38222916006287</x>
      <y>-16.876627661047277</y>
      <steeringAngle>0.0</steeringAngle>
      <velocity>0.0</velocity>
      <orientation>-0.8589514563895684</orientation>
      <time>78</time>
    </ksState>
    <ksState>
      <x>18.38222916006287</x>
      <y>-16.876627661047277</y>
      <steeringAngle>0.0</steeringAngle>
      <velocity>0.0</velocity>
      <orientation>-0.8589514563895684</orientation>
      <time>79</time>
    </ksState>
    <ksState>
      <x>18.38222916006287</x>
      <y>-16.876627661047277</y>
      <steeringAngle>0.0</steeringAngle>
      <velocity>0.0</velocity>
      <orientation>-0.8589514563895684</orientation>
      <time>80</time>
    </ksState>
    <ksState>
      <x>18.38222916006287</x>
      <y>-16.876627661047277</y>
      <steeringAngle>0.0</steeringAngle>
      <velocity>0.0</velocity>
      <orientation>-0.8589514563895684</orientation>
      <time>81</time>
    </ksState>
    <ksState>
      <x>18.38222916006287</x>
      <y>-16.876627661047277</y>
      <steeringAngle>0.0</steeringAngle>
      <velocity>0.0</velocity>
      <orientation>-0.8589514563895684</orientation>
      <time>82</time>
    </ksState>
    <ksState>
      <x>18.38222916006287</x>
      <y>-16.876627661047277</y>
      <steeringAngle>0.0</steeringAngle>
      <velocity>0.0</velocity>
      <orientation>-0.8589514563895684</orientation>
      <time>83</time>
    </ksState>
    <ksState>
      <x>18.38222916006287</x>
      <y>-16.876627661047277</y>
      <steeringAngle>0.0</steeringAngle>
      <velocity>0.0</velocity>
      <orientation>-0.8589514563895684</orientation>
      <time>84</time>
    </ksState>
    <ksState>
      <x>18.38222916006287</x>
      <y>-16.876627661047277</y>
      <steeringAngle>0.0</steeringAngle>
      <velocity>0.0</velocity>
      <orientation>-0.8589514563895684</orientation>
      <time>85</time>
    </ksState>
    <ksState>
      <x>18.38222916006287</x>
      <y>-16.876627661047277</y>
      <steeringAngle>0.03553333333333333</steeringAngle>
      <velocity>0.0</velocity>
      <orientation>-0.8589514563895684</orientation>
      <time>86</time>
    </ksState>
    <ksState>
      <x>18.38222916006287</x>
      <y>-16.876627661047277</y>
      <steeringAngle>0.07106666666666667</steeringAngle>
      <velocity>0.0</velocity>
      <orientation>-0.8589514563895684</orientation>
      <time>87</time>
    </ksState>
    <ksState>
      <x>18.38222916006287</x>
      <y>-16.876627661047277</y>
      <steeringAngle>0.10660000000000001</steeringAngle>
      <velocity>0.0</velocity>
      <orientation>-0.8589514563895684</orientation>
      <time>88</time>
    </ksState>
    <ksState>
      <x>18.38222916006287</x>
      <y>-16.876627661047277</y>
      <steeringAngle>0.14213333333333336</steeringAngle>
      <velocity>0.0</velocity>
      <orientation>-0.8589514563895684</orientation>
      <time>89</time>
    </ksState>
    <ksState>
      <x>18.38222916006287</x>
      <y>-16.876627661047277</y>
      <steeringAngle>0.1776666666666667</steeringAngle>
      <velocity>0.0</velocity>
      <orientation>-0.8589514563895684</orientation>
      <time>90</time>
    </ksState>
    <ksState>
      <x>18.38222916006287</x>
      <y>-16.876627661047277</y>
      <steeringAngle>0.21319999999999997</steeringAngle>
      <velocity>0.0</velocity>
      <orientation>-0.8589514563895684</orientation>
      <time>91</time>
    </ksState>
    <ksState>
      <x>18.38222916006287</x>
      <y>-16.876627661047277</y>
      <steeringAngle>0.24873333333333336</steeringAngle>
      <velocity>0.0</velocity>
      <orientation>-0.8589514563895684</orientation>
      <time>92</time>
    </ksState>
    <ksState>
      <x>18.38222916006287</x>
      <y>-16.876627661047277</y>
      <steeringAngle>0.28426666666666667</steeringAngle>
      <velocity>0.0</velocity>
      <orientation>-0.8589514563895684</orientation>
      <time>93</time>
    </ksState>
    <ksState>
      <x>18.38222916006287</x>
      <y>-16.876627661047277</y>
      <steeringAngle>0.3198</steeringAngle>
      <velocity>0.0</velocity>
      <orientation>-0.8589514563895684</orientation>
      <time>94</time>
    </ksState>
    <ksState>
      <x>18.38222916006287</x>
      <y>-16.876627661047277</y>
      <steeringAngle>0.35533333333333333</steeringAngle>
      <velocity>0.0</velocity>
      <orientation>-0.8589514563895684</orientation>
      <time>95</time>
    </ksState>
    <ksState>
      <x>18.414630201997166</x>
      <y>-16.901471648898934</y>
      <steeringAngle>0.35533333333333333</steeringAngle>
      <velocity>0.8</velocity>
      <orientation>-0.8531957856093038</orientation>
      <time>96</time>
    </ksState>
    <ksState>
      <x>18.512683592803693</x>
      <y>-16.97487908363896</y>
      <steeringAngle>0.35533333333333333</steeringAngle>
      <velocity>1.6000000000000005</velocity>
      <orientation>-0.8359287734390508</orientation>
      <time>97</time>
    </ksState>
    <ksState>
      <x>18.67887540724996</x>
      <y>-17.09342768256897</y>
      <steeringAngle>0.35533333333333333</steeringAngle>
      <velocity>2.4</velocity>
      <orientation>-0.8071504199039963</orientation>
      <time>98</time>
    </ksState>
  </ksTrajectory>
</CommonRoadSolution>
