<?xml version="1.0" ?>
<CommonRoadSolution benchmark_id="KS2:SM1:HRV_Pula-22_1_T-1:2020a" computation_time="1.9804981690003842" date="2022-12-18T12:01:12">
  <ksTrajectory planningProblem="1">
    <ksState>
      <x>688.85865</x>
      <y>176.81768</y>
      <steeringAngle>0.0</steeringAngle>
      <velocity>4.0</velocity>
      <orientation>2.603952</orientation>
      <time>0</time>
    </ksState>
    <ksState>
      <x>688.5172835755866</x>
      <y>177.0262052433817</y>
      <steeringAngle>-0.035533333333333326</steeringAngle>
      <velocity>4.0</velocity>
      <orientation>2.6011957254673996</orientation>
      <time>1</time>
    </ksState>
    <ksState>
      <x>688.1811410051193</x>
      <y>177.24332626715756</y>
      <steeringAngle>-0.07106666666666711</steeringAngle>
      <velocity>4.0</velocity>
      <orientation>2.592919964924114</orientation>
      <time>2</time>
    </ksState>
    <ksState>
      <x>687.8515759262363</x>
      <y>177.4708419828043</y>
      <steeringAngle>-0.10660000000000043</steeringAngle>
      <velocity>4.0</velocity>
      <orientation>2.5791037251049773</orientation>
      <time>3</time>
    </ksState>
    <ksState>
      <x>687.5301307527673</x>
      <y>177.7104642354493</y>
      <steeringAngle>-0.14213333333333378</steeringAngle>
      <velocity>4.0</velocity>
      <orientation>2.5597117987194316</orientation>
      <time>4</time>
    </ksState>
    <ksState>
      <x>687.2185691862594</x>
      <y>177.96379088772088</y>
      <steeringAngle>-0.1776666666666672</steeringAngle>
      <velocity>4.0</velocity>
      <orientation>2.534694392268034</orientation>
      <time>5</time>
    </ksState>
    <ksState>
      <x>686.9484203222939</x>
      <y>178.2049020573147</y>
      <steeringAngle>-0.21319999999999997</steeringAngle>
      <velocity>3.2</velocity>
      <orientation>2.5071528467045994</orientation>
      <time>6</time>
    </ksState>
    <ksState>
      <x>686.7468053269646</x>
      <y>178.40251302138623</y>
      <steeringAngle>-0.24873333333333342</steeringAngle>
      <velocity>2.4000000000000004</velocity>
      <orientation>2.4817146163179498</orientation>
      <time>7</time>
    </ksState>
    <ksState>
      <x>686.6086939231964</x>
      <y>178.55022831965564</y>
      <steeringAngle>-0.2842666666666668</steeringAngle>
      <velocity>1.600000000000001</velocity>
      <orientation>2.4606397165273703</orientation>
      <time>8</time>
    </ksState>
    <ksState>
      <x>686.5290030315389</x>
      <y>178.64225011690306</y>
      <steeringAngle>-0.3197999999999999</steeringAngle>
      <velocity>0.8000000000000007</velocity>
      <orientation>2.446241289226666</orientation>
      <time>9</time>
    </ksState>
    <ksState>
      <x>686.503241742336</x>
      <y>178.67377917969537</y>
      <steeringAngle>-0.3553333333333332</steeringAngle>
      <velocity>5.551115123125783e-16</velocity>
      <orientation>2.4408996475909364</orientation>
      <time>10</time>
    </ksState>
    <ksState>
      <x>686.503241742336</x>
      <y>178.67377917969537</y>
      <steeringAngle>-0.3198</steeringAngle>
      <velocity>0.0</velocity>
      <orientation>2.4408996475909364</orientation>
      <time>11</time>
    </ksState>
    <ksState>
      <x>686.503241742336</x>
      <y>178.67377917969537</y>
      <steeringAngle>-0.2842666666666666</steeringAngle>
      <velocity>0.0</velocity>
      <orientation>2.4408996475909364</orientation>
      <time>12</time>
    </ksState>
    <ksState>
      <x>686.503241742336</x>
      <y>178.67377917969537</y>
      <steeringAngle>-0.24873333333333333</steeringAngle>
      <velocity>0.0</velocity>
      <orientation>2.4408996475909364</orientation>
      <time>13</time>
    </ksState>
    <ksState>
      <x>686.503241742336</x>
      <y>178.67377917969537</y>
      <steeringAngle>-0.21320000000000003</steeringAngle>
      <velocity>0.0</velocity>
      <orientation>2.4408996475909364</orientation>
      <time>14</time>
    </ksState>
    <ksState>
      <x>686.503241742336</x>
      <y>178.67377917969537</y>
      <steeringAngle>-0.1776666666666667</steeringAngle>
      <velocity>0.0</velocity>
      <orientation>2.4408996475909364</orientation>
      <time>15</time>
    </ksState>
    <ksState>
      <x>686.503241742336</x>
      <y>178.67377917969537</y>
      <steeringAngle>-0.14213333333333336</steeringAngle>
      <velocity>0.0</velocity>
      <orientation>2.4408996475909364</orientation>
      <time>16</time>
    </ksState>
    <ksState>
      <x>686.503241742336</x>
      <y>178.67377917969537</y>
      <steeringAngle>-0.10660000000000001</steeringAngle>
      <velocity>0.0</velocity>
      <orientation>2.4408996475909364</orientation>
      <time>17</time>
    </ksState>
    <ksState>
      <x>686.503241742336</x>
      <y>178.67377917969537</y>
      <steeringAngle>-0.07106666666666668</steeringAngle>
      <velocity>0.0</velocity>
      <orientation>2.4408996475909364</orientation>
      <time>18</time>
    </ksState>
    <ksState>
      <x>686.503241742336</x>
      <y>178.67377917969537</y>
      <steeringAngle>-0.03553333333333333</steeringAngle>
      <velocity>0.0</velocity>
      <orientation>2.4408996475909364</orientation>
      <time>19</time>
    </ksState>
    <ksState>
      <x>686.503241742336</x>
      <y>178.67377917969537</y>
      <steeringAngle>-0.0</steeringAngle>
      <velocity>0.0</velocity>
      <orientation>2.4408996475909364</orientation>
      <time>20</time>
    </ksState>
    <ksState>
      <x>686.4723250623241</x>
      <y>178.69916482177226</y>
      <steeringAngle>0.03553333333333333</steeringAngle>
      <velocity>0.8</velocity>
      <orientation>2.4412671793691785</orientation>
      <time>21</time>
    </ksState>
    <ksState>
      <x>686.3781228806355</x>
      <y>178.7735909052614</y>
      <steeringAngle>0.0710666666666667</steeringAngle>
      <velocity>1.6</velocity>
      <orientation>2.443842025961164</orientation>
      <time>22</time>
    </ksState>
    <ksState>
      <x>686.2180733593773</x>
      <y>178.89393322147845</y>
      <steeringAngle>0.10660000000000003</steeringAngle>
      <velocity>2.4000000000000004</velocity>
      <orientation>2.4508427301980014</orientation>
      <time>23</time>
    </ksState>
    <ksState>
      <x>685.9888173694005</x>
      <y>179.05584379392775</y>
      <steeringAngle>0.14213333333333342</steeringAngle>
      <velocity>3.2000000000000015</velocity>
      <orientation>2.464510371138821</orientation>
      <time>24</time>
    </ksState>
    <ksState>
      <x>685.685931741343</x>
      <y>179.25302306755444</y>
      <steeringAngle>0.17766666666666683</steeringAngle>
      <velocity>4.0000000000000036</velocity>
      <orientation>2.4871202870120417</orientation>
      <time>25</time>
    </ksState>
    <ksState>
      <x>685.3097600405023</x>
      <y>179.48458902283906</y>
      <steeringAngle>0.14213333333333333</steeringAngle>
      <velocity>4.8000000000000025</velocity>
      <orientation>2.5145451867303943</orientation>
      <time>26</time>
    </ksState>
    <ksState>
      <x>684.8641132099507</x>
      <y>179.75492954659018</y>
      <steeringAngle>0.10660000000000003</steeringAngle>
      <velocity>5.600000000000005</velocity>
      <orientation>2.539661399009312</orientation>
      <time>27</time>
    </ksState>
    <ksState>
      <x>684.349495454017</x>
      <y>180.06483566417558</y>
      <steeringAngle>0.07106666666666671</steeringAngle>
      <velocity>6.400000000000004</velocity>
      <orientation>2.5602931686087715</orientation>
      <time>28</time>
    </ksState>
    <ksState>
      <x>683.7675033853641</x>
      <y>180.41710577609862</y>
      <steeringAngle>0.035533333333333375</steeringAngle>
      <velocity>7.200000000000006</velocity>
      <orientation>2.5742698367015637</orientation>
      <time>29</time>
    </ksState>
    <ksState>
      <x>683.1212429387291</x>
      <y>180.81711749035034</y>
      <steeringAngle>2.6346112791397758e-17</steeringAngle>
      <velocity>8.000000000000007</velocity>
      <orientation>2.5794148494811324</orientation>
      <time>30</time>
    </ksState>
    <ksState>
      <x>682.4493502144182</x>
      <y>181.25140810985437</y>
      <steeringAngle>-0.03553333333333333</steeringAngle>
      <velocity>8.0</velocity>
      <orientation>2.5739023144782935</orientation>
      <time>31</time>
    </ksState>
    <ksState>
      <x>681.7908488510283</x>
      <y>181.70624987184746</y>
      <steeringAngle>-0.07106666666666667</steeringAngle>
      <velocity>8.0</velocity>
      <orientation>2.557350793598024</orientation>
      <time>32</time>
    </ksState>
    <ksState>
      <x>681.1514429015652</x>
      <y>182.18854272314664</y>
      <steeringAngle>-0.10659999999999997</steeringAngle>
      <velocity>8.0</velocity>
      <orientation>2.529718314307329</orientation>
      <time>33</time>
    </ksState>
  </ksTrajectory>
</CommonRoadSolution>
