<?xml version="1.0" ?>
<CommonRoadSolution benchmark_id="KS2:SM1:ESP_Toledo-9_1_T-1:2020a" computation_time="1.1664689890003501" date="2022-12-18T12:01:12">
  <ksTrajectory planningProblem="1">
    <ksState>
      <x>-684.99346</x>
      <y>-93.156706</y>
      <steeringAngle>0.0</steeringAngle>
      <velocity>4.0</velocity>
      <orientation>1.2004316</orientation>
      <time>0</time>
    </ksState>
    <ksState>
      <x>-684.8446818153787</x>
      <y>-92.78538556610903</y>
      <steeringAngle>-0.035533333333333326</steeringAngle>
      <velocity>4.0</velocity>
      <orientation>1.1976753254673995</orientation>
      <time>1</time>
    </ksState>
    <ksState>
      <x>-684.6865580748936</x>
      <y>-92.417784900521</y>
      <steeringAngle>-0.07106666666666711</steeringAngle>
      <velocity>4.0</velocity>
      <orientation>1.189399564924114</orientation>
      <time>2</time>
    </ksState>
    <ksState>
      <x>-684.5170895998226</x>
      <y>-92.05493923354592</y>
      <steeringAngle>-0.10660000000000043</steeringAngle>
      <velocity>4.0</velocity>
      <orientation>1.1755833251049772</orientation>
      <time>3</time>
    </ksState>
    <ksState>
      <x>-684.3343316318646</x>
      <y>-91.69808443302186</y>
      <steeringAngle>-0.14213333333333378</steeringAngle>
      <velocity>4.0</velocity>
      <orientation>1.1561913987194314</orientation>
      <time>4</time>
    </ksState>
    <ksState>
      <x>-684.136414960524</x>
      <y>-91.34869354349922</y>
      <steeringAngle>-0.1776666666666672</steeringAngle>
      <velocity>4.0</velocity>
      <orientation>1.1311739922680342</orientation>
      <time>5</time>
    </ksState>
    <ksState>
      <x>-683.9436481804377</x>
      <y>-91.04217115720428</y>
      <steeringAngle>-0.21319999999999997</steeringAngle>
      <velocity>3.2</velocity>
      <orientation>1.1036324467045995</orientation>
      <time>6</time>
    </ksState>
    <ksState>
      <x>-683.7823637508845</x>
      <y>-90.81046869229162</y>
      <steeringAngle>-0.24873333333333342</steeringAngle>
      <velocity>2.4000000000000004</velocity>
      <orientation>1.07819421631795</orientation>
      <time>7</time>
    </ksState>
    <ksState>
      <x>-683.6597053897855</x>
      <y>-90.64969090885698</y>
      <steeringAngle>-0.2842666666666668</steeringAngle>
      <velocity>1.600000000000001</velocity>
      <orientation>1.0571193165273702</orientation>
      <time>8</time>
    </ksState>
    <ksState>
      <x>-683.5822363231001</x>
      <y>-90.55579099890655</y>
      <steeringAngle>-0.3197999999999999</steeringAngle>
      <velocity>0.8000000000000007</velocity>
      <orientation>1.042720889226666</orientation>
      <time>9</time>
    </ksState>
    <ksState>
      <x>-683.5554365190634</x>
      <y>-90.52513979459813</y>
      <steeringAngle>-0.3553333333333332</steeringAngle>
      <velocity>5.551115123125783e-16</velocity>
      <orientation>1.0373792475909367</orientation>
      <time>10</time>
    </ksState>
    <ksState>
      <x>-683.5554365190634</x>
      <y>-90.52513979459813</y>
      <steeringAngle>-0.3198</steeringAngle>
      <velocity>0.0</velocity>
      <orientation>1.0373792475909367</orientation>
      <time>11</time>
    </ksState>
    <ksState>
      <x>-683.5554365190634</x>
      <y>-90.52513979459813</y>
      <steeringAngle>-0.2842666666666666</steeringAngle>
      <velocity>0.0</velocity>
      <orientation>1.0373792475909367</orientation>
      <time>12</time>
    </ksState>
    <ksState>
      <x>-683.5554365190634</x>
      <y>-90.52513979459813</y>
      <steeringAngle>-0.24873333333333333</steeringAngle>
      <velocity>0.0</velocity>
      <orientation>1.0373792475909367</orientation>
      <time>13</time>
    </ksState>
    <ksState>
      <x>-683.5554365190634</x>
      <y>-90.52513979459813</y>
      <steeringAngle>-0.21320000000000003</steeringAngle>
      <velocity>0.0</velocity>
      <orientation>1.0373792475909367</orientation>
      <time>14</time>
    </ksState>
    <ksState>
      <x>-683.5554365190634</x>
      <y>-90.52513979459813</y>
      <steeringAngle>-0.1776666666666667</steeringAngle>
      <velocity>0.0</velocity>
      <orientation>1.0373792475909367</orientation>
      <time>15</time>
    </ksState>
    <ksState>
      <x>-683.5321073949996</x>
      <y>-90.49246727628058</y>
      <steeringAngle>-0.14213333333333333</steeringAngle>
      <velocity>0.8</velocity>
      <orientation>1.0349717503801341</orientation>
      <time>16</time>
    </ksState>
    <ksState>
      <x>-683.4635416015884</x>
      <y>-90.39364781712362</y>
      <steeringAngle>-0.10660000000000001</steeringAngle>
      <velocity>1.6</velocity>
      <orientation>1.0292474637597995</orientation>
      <time>17</time>
    </ksState>
    <ksState>
      <x>-683.3515343542027</x>
      <y>-90.2276684938023</y>
      <steeringAngle>-0.07106666666666664</steeringAngle>
      <velocity>2.4000000000000004</velocity>
      <orientation>1.0224319499968209</orientation>
      <time>18</time>
    </ksState>
    <ksState>
      <x>-683.1979061877862</x>
      <y>-89.99343481197782</y>
      <steeringAngle>-0.03553333333333332</steeringAngle>
      <velocity>3.1999999999999993</velocity>
      <orientation>1.0167310292838911</orientation>
      <time>19</time>
    </ksState>
    <ksState>
      <x>-683.0051131086209</x>
      <y>-89.68938987534221</y>
      <steeringAngle>2.6020852139652106e-18</steeringAngle>
      <velocity>3.999999999999999</velocity>
      <orientation>1.0143422776955642</orientation>
      <time>20</time>
    </ksState>
    <ksState>
      <x>-682.8149688348751</x>
      <y>-89.38370187357934</y>
      <steeringAngle>0.0</steeringAngle>
      <velocity>3.2</velocity>
      <orientation>1.0143422776955642</orientation>
      <time>21</time>
    </ksState>
    <ksState>
      <x>-682.6670788443585</x>
      <y>-89.14594453915531</y>
      <steeringAngle>0.0</steeringAngle>
      <velocity>2.4000000000000004</velocity>
      <orientation>1.0143422776955642</orientation>
      <time>22</time>
    </ksState>
    <ksState>
      <x>-682.561443137017</x>
      <y>-88.97611787198362</y>
      <steeringAngle>0.0</steeringAngle>
      <velocity>1.6</velocity>
      <orientation>1.0143422776955642</orientation>
      <time>23</time>
    </ksState>
    <ksState>
      <x>-682.4980617128293</x>
      <y>-88.87422187202982</y>
      <steeringAngle>0.0</steeringAngle>
      <velocity>0.7999999999999998</velocity>
      <orientation>1.0143422776955642</orientation>
      <time>24</time>
    </ksState>
    <ksState>
      <x>-682.4769345717675</x>
      <y>-88.84025653924893</y>
      <steeringAngle>0.0</steeringAngle>
      <velocity>-3.3306690738754696e-16</velocity>
      <orientation>1.0143422776955642</orientation>
      <time>25</time>
    </ksState>
    <ksState>
      <x>-682.4769345717675</x>
      <y>-88.84025653924893</y>
      <steeringAngle>0.0</steeringAngle>
      <velocity>0.0</velocity>
      <orientation>1.0143422776955642</orientation>
      <time>26</time>
    </ksState>
    <ksState>
      <x>-682.4769345717675</x>
      <y>-88.84025653924893</y>
      <steeringAngle>0.0</steeringAngle>
      <velocity>0.0</velocity>
      <orientation>1.0143422776955642</orientation>
      <time>27</time>
    </ksState>
    <ksState>
      <x>-682.4769345717675</x>
      <y>-88.84025653924893</y>
      <steeringAngle>0.0</steeringAngle>
      <velocity>0.0</velocity>
      <orientation>1.0143422776955642</orientation>
      <time>28</time>
    </ksState>
    <ksState>
      <x>-682.4769345717675</x>
      <y>-88.84025653924893</y>
      <steeringAngle>0.0</steeringAngle>
      <velocity>0.0</velocity>
      <orientation>1.0143422776955642</orientation>
      <time>29</time>
    </ksState>
    <ksState>
      <x>-682.4769345717675</x>
      <y>-88.84025653924893</y>
      <steeringAngle>0.0</steeringAngle>
      <velocity>0.0</velocity>
      <orientation>1.0143422776955642</orientation>
      <time>30</time>
    </ksState>
    <ksState>
      <x>-682.4769345717675</x>
      <y>-88.84025653924893</y>
      <steeringAngle>0.0</steeringAngle>
      <velocity>0.0</velocity>
      <orientation>1.0143422776955642</orientation>
      <time>31</time>
    </ksState>
    <ksState>
      <x>-682.4769345717675</x>
      <y>-88.84025653924893</y>
      <steeringAngle>0.0</steeringAngle>
      <velocity>0.0</velocity>
      <orientation>1.0143422776955642</orientation>
      <time>32</time>
    </ksState>
    <ksState>
      <x>-682.4769345717675</x>
      <y>-88.84025653924893</y>
      <steeringAngle>0.0</steeringAngle>
      <velocity>0.0</velocity>
      <orientation>1.0143422776955642</orientation>
      <time>33</time>
    </ksState>
  </ksTrajectory>
</CommonRoadSolution>
