<?xml version="1.0" ?>
<CommonRoadSolution benchmark_id="KS2:SM1:ESP_SantBoideLlobregat-6_2_T-1:2020a" computation_time="1.9516210780002439" date="2022-12-18T12:01:12">
  <ksTrajectory planningProblem="1">
    <ksState>
      <x>458.60677</x>
      <y>-776.99502</y>
      <steeringAngle>0.0</steeringAngle>
      <velocity>4.0</velocity>
      <orientation>-0.39826631</orientation>
      <time>0</time>
    </ksState>
    <ksState>
      <x>459.0142304815613</x>
      <y>-777.1611331102904</y>
      <steeringAngle>0.035533333333333326</steeringAngle>
      <velocity>4.799999999999999</velocity>
      <orientation>-0.3951425313308092</orientation>
      <time>1</time>
    </ksState>
    <ksState>
      <x>459.50098347907556</x>
      <y>-777.3447020204078</y>
      <steeringAngle>0.07106666666666667</steeringAngle>
      <velocity>5.599999999999998</velocity>
      <orientation>-0.38429192026963643</orientation>
      <time>2</time>
    </ksState>
    <ksState>
      <x>460.0701875521445</x>
      <y>-777.5366554352105</y>
      <steeringAngle>0.10659999999999999</steeringAngle>
      <velocity>6.3999999999999995</velocity>
      <orientation>-0.36347497126930844</orientation>
      <time>3</time>
    </ksState>
    <ksState>
      <x>460.7254498851203</x>
      <y>-777.7241397841824</y>
      <steeringAngle>0.14213333333333333</steeringAngle>
      <velocity>7.199999999999999</velocity>
      <orientation>-0.33041540028814326</orientation>
      <time>4</time>
    </ksState>
    <ksState>
      <x>461.470182404831</x>
      <y>-777.8895559514666</y>
      <steeringAngle>0.17766666666666664</steeringAngle>
      <velocity>7.9999999999999964</velocity>
      <orientation>-0.2827880782065966</orientation>
      <time>5</time>
    </ksState>
    <ksState>
      <x>462.2620071528155</x>
      <y>-778.0239196297415</y>
      <steeringAngle>0.14213333333333336</steeringAngle>
      <velocity>8.0</velocity>
      <orientation>-0.23275326665784818</orientation>
      <time>6</time>
    </ksState>
    <ksState>
      <x>463.055658622666</x>
      <y>-778.1386525976772</y>
      <steeringAngle>0.1066000000000001</steeringAngle>
      <velocity>8.0</velocity>
      <orientation>-0.19396941465085085</orientation>
      <time>7</time>
    </ksState>
    <ksState>
      <x>463.84986282883136</x>
      <y>-778.2425877370479</y>
      <steeringAngle>0.07106666666666674</steeringAngle>
      <velocity>8.0</velocity>
      <orientation>-0.16633693562116394</orientation>
      <time>8</time>
    </ksState>
    <ksState>
      <x>464.64370338723097</x>
      <y>-778.3445272130496</y>
      <steeringAngle>0.035533333333333354</steeringAngle>
      <velocity>8.0</velocity>
      <orientation>-0.1497854149921346</orientation>
      <time>9</time>
    </ksState>
    <ksState>
      <x>465.43632717552424</x>
      <y>-778.4532416809315</y>
      <steeringAngle>2.0816681711721685e-17</steeringAngle>
      <velocity>8.0</velocity>
      <orientation>-0.14427288853372977</orientation>
      <time>10</time>
    </ksState>
    <ksState>
      <x>466.22933080188926</x>
      <y>-778.5590406589175</y>
      <steeringAngle>0.03553333333333333</steeringAngle>
      <velocity>8.0</velocity>
      <orientation>-0.138760353530891</orientation>
      <time>11</time>
    </ksState>
    <ksState>
      <x>467.0254885407711</x>
      <y>-778.6405141445316</y>
      <steeringAngle>0.07106666666666667</steeringAngle>
      <velocity>8.0</velocity>
      <orientation>-0.12220883265062135</orientation>
      <time>12</time>
    </ksState>
    <ksState>
      <x>467.8249405042024</x>
      <y>-778.6887108330978</y>
      <steeringAngle>0.10659999999999997</steeringAngle>
      <velocity>8.0</velocity>
      <orientation>-0.09457635335992645</orientation>
      <time>13</time>
    </ksState>
    <ksState>
      <x>468.6267184112503</x>
      <y>-778.6945230378038</y>
      <steeringAngle>0.1421333333333333</steeringAngle>
      <velocity>8.0</velocity>
      <orientation>-0.055792501087191526</orientation>
      <time>14</time>
    </ksState>
    <ksState>
      <x>469.42842273237216</x>
      <y>-778.6487459875513</y>
      <steeringAngle>0.17766666666666667</steeringAngle>
      <velocity>8.0</velocity>
      <orientation>-0.005757688838036845</orientation>
      <time>15</time>
    </ksState>
    <ksState>
      <x>470.1866257342183</x>
      <y>-778.5577569592253</y>
      <steeringAngle>0.17766666666666667</steeringAngle>
      <velocity>7.2</velocity>
      <orientation>0.047158238606340525</orientation>
      <time>16</time>
    </ksState>
    <ksState>
      <x>470.8601018012858</x>
      <y>-778.442451165634</y>
      <steeringAngle>0.17766666666666667</steeringAngle>
      <velocity>6.4</velocity>
      <orientation>0.09450406839915171</orientation>
      <time>17</time>
    </ksState>
    <ksState>
      <x>471.4492355581563</x>
      <y>-778.3143379107033</y>
      <steeringAngle>0.17766666666666667</steeringAngle>
      <velocity>5.599999999999999</velocity>
      <orientation>0.13627980055433647</orientation>
      <time>18</time>
    </ksState>
    <ksState>
      <x>471.9551111394783</x>
      <y>-778.1834854938699</y>
      <steeringAngle>0.17766666666666667</steeringAngle>
      <velocity>4.799999999999999</velocity>
      <orientation>0.17248543507585096</orientation>
      <time>19</time>
    </ksState>
    <ksState>
      <x>472.3792275781073</x>
      <y>-778.058521135157</y>
      <steeringAngle>0.17766666666666667</steeringAngle>
      <velocity>4.0</velocity>
      <orientation>0.20312097196518097</orientation>
      <time>20</time>
    </ksState>
    <ksState>
      <x>472.72409848650886</x>
      <y>-777.9503406157689</y>
      <steeringAngle>0.1421333333333333</steeringAngle>
      <velocity>3.1999999999999993</velocity>
      <orientation>0.22573088693862328</orientation>
      <time>21</time>
    </ksState>
    <ksState>
      <x>472.99205575497524</x>
      <y>-777.866798242905</y>
      <steeringAngle>0.10659999999999997</steeringAngle>
      <velocity>2.3999999999999977</velocity>
      <orientation>0.23939852780933063</orientation>
      <time>22</time>
    </ksState>
    <ksState>
      <x>473.18377771031277</x>
      <y>-777.8089826434746</y>
      <steeringAngle>0.07106666666666664</steeringAngle>
      <velocity>1.5999999999999976</velocity>
      <orientation>0.24639923366254976</orientation>
      <time>23</time>
    </ksState>
    <ksState>
      <x>473.2992134635797</x>
      <y>-777.7759960271235</y>
      <steeringAngle>0.0355333333333333</steeringAngle>
      <velocity>0.7999999999999972</velocity>
      <orientation>0.24897407813651704</orientation>
      <time>24</time>
    </ksState>
    <ksState>
      <x>473.3378489863059</x>
      <y>-777.7656243732523</y>
      <steeringAngle>-2.5153490401663703e-17</steeringAngle>
      <velocity>-2.914335439641036e-15</velocity>
      <orientation>0.24934158971504825</orientation>
      <time>25</time>
    </ksState>
    <ksState>
      <x>473.37674238291737</x>
      <y>-777.756266188245</y>
      <steeringAngle>-0.03553333333333333</steeringAngle>
      <velocity>0.8</velocity>
      <orientation>0.24897405793680627</orientation>
      <time>26</time>
    </ksState>
    <ksState>
      <x>473.49397433222936</x>
      <y>-777.7303825447815</y>
      <steeringAngle>-0.0710666666666667</steeringAngle>
      <velocity>1.6</velocity>
      <orientation>0.24639921134482062</orientation>
      <time>27</time>
    </ksState>
    <ksState>
      <x>473.69048740210417</x>
      <y>-777.6919022160947</y>
      <steeringAngle>-0.10660000000000003</steeringAngle>
      <velocity>2.4000000000000004</velocity>
      <orientation>0.2393985071079834</orientation>
      <time>28</time>
    </ksState>
    <ksState>
      <x>473.9674078241765</x>
      <y>-777.6462029573438</y>
      <steeringAngle>-0.14213333333333342</steeringAngle>
      <velocity>3.2000000000000015</velocity>
      <orientation>0.22573086616716326</orientation>
      <time>29</time>
    </ksState>
    <ksState>
      <x>474.3259680722003</x>
      <y>-777.6008827833712</y>
      <steeringAngle>-0.17766666666666683</steeringAngle>
      <velocity>4.0000000000000036</velocity>
      <orientation>0.20312095029394311</orientation>
      <time>30</time>
    </ksState>
    <ksState>
      <x>474.7663517212369</x>
      <y>-777.5615551283423</y>
      <steeringAngle>-0.17766666666666667</steeringAngle>
      <velocity>4.800000000000002</velocity>
      <orientation>0.17248541325160893</orientation>
      <time>31</time>
    </ksState>
    <ksState>
      <x>475.2880594390856</x>
      <y>-777.5324940148316</y>
      <steeringAngle>-0.17766666666666667</steeringAngle>
      <velocity>5.600000000000001</velocity>
      <orientation>0.13627977857506895</orientation>
      <time>32</time>
    </ksState>
    <ksState>
      <x>475.8908685600318</x>
      <y>-777.5224529484846</y>
      <steeringAngle>-0.17766666666666667</steeringAngle>
      <velocity>6.3999999999999995</velocity>
      <orientation>0.09450404626542899</orientation>
      <time>33</time>
    </ksState>
  </ksTrajectory>
</CommonRoadSolution>
