<?xml version="1.0" ?>
<CommonRoadSolution benchmark_id="KS2:SM1:DEU_Lohmar-27_1_T-1:2020a" computation_time="3.0145342959999653" date="2022-12-18T12:01:12">
  <ksTrajectory planningProblem="123">
    <ksState>
      <x>-635.53314</x>
      <y>-52.662566</y>
      <steeringAngle>0.0</steeringAngle>
      <velocity>8.0</velocity>
      <orientation>1.5325718</orientation>
      <time>0</time>
    </ksState>
    <ksState>
      <x>-635.5040964335319</x>
      <y>-51.90312115661639</y>
      <steeringAngle>0.0</steeringAngle>
      <velocity>7.200000000000001</velocity>
      <orientation>1.5325718</orientation>
      <time>1</time>
    </ksState>
    <ksState>
      <x>-635.478110084601</x>
      <y>-51.223617876064765</y>
      <steeringAngle>0.0</steeringAngle>
      <velocity>6.400000000000001</velocity>
      <orientation>1.5325718</orientation>
      <time>2</time>
    </ksState>
    <ksState>
      <x>-635.4551809531995</x>
      <y>-50.62405615814514</y>
      <steeringAngle>0.0</steeringAngle>
      <velocity>5.600000000000001</velocity>
      <orientation>1.5325718</orientation>
      <time>3</time>
    </ksState>
    <ksState>
      <x>-635.4353090393253</x>
      <y>-50.10443600280098</y>
      <steeringAngle>0.0</steeringAngle>
      <velocity>4.800000000000001</velocity>
      <orientation>1.5325718</orientation>
      <time>4</time>
    </ksState>
    <ksState>
      <x>-635.4184943429776</x>
      <y>-49.66475741001156</y>
      <steeringAngle>0.0</steeringAngle>
      <velocity>4.000000000000001</velocity>
      <orientation>1.5325718</orientation>
      <time>5</time>
    </ksState>
    <ksState>
      <x>-635.3989227245918</x>
      <y>-49.265219220850724</y>
      <steeringAngle>-0.035533333333333326</steeringAngle>
      <velocity>4.0</velocity>
      <orientation>1.5298155254673995</orientation>
      <time>6</time>
    </ksState>
    <ksState>
      <x>-635.3693034224711</x>
      <y>-48.866150224826626</y>
      <steeringAngle>-0.07106666666666711</steeringAngle>
      <velocity>4.0</velocity>
      <orientation>1.521539764924114</orientation>
      <time>7</time>
    </ksState>
    <ksState>
      <x>-635.327408965241</x>
      <y>-48.46787720723834</y>
      <steeringAngle>-0.10660000000000043</steeringAngle>
      <velocity>4.0</velocity>
      <orientation>1.5077235251049772</orientation>
      <time>8</time>
    </ksState>
    <ksState>
      <x>-635.2709979064122</x>
      <y>-48.07093437010563</y>
      <steeringAngle>-0.14213333333333378</steeringAngle>
      <velocity>4.0</velocity>
      <orientation>1.4883315987194314</orientation>
      <time>9</time>
    </ksState>
    <ksState>
      <x>-635.1978228828601</x>
      <y>-47.67610476330776</y>
      <steeringAngle>-0.1776666666666672</steeringAngle>
      <velocity>4.0</velocity>
      <orientation>1.4633141922680342</orientation>
      <time>10</time>
    </ksState>
    <ksState>
      <x>-635.1056457443516</x>
      <y>-47.28446379507068</y>
      <steeringAngle>-0.21319999999999995</steeringAngle>
      <velocity>4.0</velocity>
      <orientation>1.432606409630534</orientation>
      <time>11</time>
    </ksState>
    <ksState>
      <x>-634.9922613153158</x>
      <y>-46.89742463243104</y>
      <steeringAngle>-0.24873333333333336</steeringAngle>
      <velocity>4.0</velocity>
      <orientation>1.3961275685078398</orientation>
      <time>12</time>
    </ksState>
    <ksState>
      <x>-634.8555315932877</x>
      <y>-46.51678493949006</y>
      <steeringAngle>-0.2842666666666667</steeringAngle>
      <velocity>4.0</velocity>
      <orientation>1.3537803346623918</orientation>
      <time>13</time>
    </ksState>
    <ksState>
      <x>-634.6934324279898</x>
      <y>-46.144774006795814</y>
      <steeringAngle>-0.31980000000000003</steeringAngle>
      <velocity>4.0</velocity>
      <orientation>1.3054496532952566</orientation>
      <time>14</time>
    </ksState>
    <ksState>
      <x>-634.5041149573558</x>
      <y>-45.78409874426891</y>
      <steeringAngle>-0.35533333333333333</steeringAngle>
      <velocity>4.0</velocity>
      <orientation>1.251001452116978</orientation>
      <time>15</time>
    </ksState>
    <ksState>
      <x>-634.290559253702</x>
      <y>-45.436171453564725</y>
      <steeringAngle>-0.35533333333333333</steeringAngle>
      <velocity>4.0</velocity>
      <orientation>1.1934447453602641</orientation>
      <time>16</time>
    </ksState>
    <ksState>
      <x>-634.05734268032</x>
      <y>-45.10110505189953</y>
      <steeringAngle>-0.35533333333333333</steeringAngle>
      <velocity>4.0</velocity>
      <orientation>1.1358880386035501</orientation>
      <time>17</time>
    </ksState>
    <ksState>
      <x>-633.8052376253013</x>
      <y>-44.780009262820116</y>
      <steeringAngle>-0.35533333333333333</steeringAngle>
      <velocity>4.0</velocity>
      <orientation>1.0783313318468362</orientation>
      <time>18</time>
    </ksState>
    <ksState>
      <x>-633.5350790249603</x>
      <y>-44.47394751071326</y>
      <steeringAngle>-0.35533333333333333</steeringAngle>
      <velocity>4.0</velocity>
      <orientation>1.0207746250901222</orientation>
      <time>19</time>
    </ksState>
    <ksState>
      <x>-633.2477616067315</x>
      <y>-44.183933429013145</y>
      <steeringAngle>-0.35533333333333333</steeringAngle>
      <velocity>4.0</velocity>
      <orientation>0.9632179183334081</orientation>
      <time>20</time>
    </ksState>
    <ksState>
      <x>-632.9403652344447</x>
      <y>-43.91396622519806</y>
      <steeringAngle>-0.39086666666666653</steeringAngle>
      <velocity>4.0</velocity>
      <orientation>0.9024975520274209</orientation>
      <time>21</time>
    </ksState>
    <ksState>
      <x>-632.6093564650702</x>
      <y>-43.67012144065517</y>
      <steeringAngle>-0.42639999999999995</steeringAngle>
      <velocity>4.0</velocity>
      <orientation>0.8353279385710173</orientation>
      <time>22</time>
    </ksState>
    <ksState>
      <x>-632.2552369508896</x>
      <y>-43.45680285797369</y>
      <steeringAngle>-0.4619333333333333</steeringAngle>
      <velocity>4.0</velocity>
      <orientation>0.7615073549386733</orientation>
      <time>23</time>
    </ksState>
    <ksState>
      <x>-631.8792698592359</x>
      <y>-43.27880438367337</y>
      <steeringAngle>-0.49746666666666667</steeringAngle>
      <velocity>4.0</velocity>
      <orientation>0.680806813125453</orientation>
      <time>24</time>
    </ksState>
    <ksState>
      <x>-631.4836411983239</x>
      <y>-43.14124611162921</y>
      <steeringAngle>-0.533</steeringAngle>
      <velocity>4.0</velocity>
      <orientation>0.5929669465256443</orientation>
      <time>25</time>
    </ksState>
    <ksState>
      <x>-631.0772170625189</x>
      <y>-43.03933939602916</y>
      <steeringAngle>-0.4974666666666666</steeringAngle>
      <velocity>4.0</velocity>
      <orientation>0.5051270796861951</orientation>
      <time>26</time>
    </ksState>
    <ksState>
      <x>-630.6681924928014</x>
      <y>-42.962914325263945</y>
      <steeringAngle>-0.4619333333333334</steeringAngle>
      <velocity>4.0</velocity>
      <orientation>0.42442653789902496</orientation>
      <time>27</time>
    </ksState>
    <ksState>
      <x>-630.258172091087</x>
      <y>-42.909217397371</y>
      <steeringAngle>-0.42640000000000017</steeringAngle>
      <velocity>4.0</velocity>
      <orientation>0.35060595464921984</orientation>
      <time>28</time>
    </ksState>
    <ksState>
      <x>-629.8483231884223</x>
      <y>-42.875537332146905</y>
      <steeringAngle>-0.3908666666666668</steeringAngle>
      <velocity>4.0</velocity>
      <orientation>0.2834363417863573</orientation>
      <time>29</time>
    </ksState>
    <ksState>
      <x>-629.4394442251437</x>
      <y>-42.8592278334725</y>
      <steeringAngle>-0.3553333333333335</steeringAngle>
      <velocity>4.0</velocity>
      <orientation>0.22271597390807152</orientation>
      <time>30</time>
    </ksState>
    <ksState>
      <x>-628.9913168416692</x>
      <y>-42.85864363393178</y>
      <steeringAngle>-0.31979999999999975</steeringAngle>
      <velocity>4.800000000000001</velocity>
      <orientation>0.16292613887632296</orientation>
      <time>31</time>
    </ksState>
    <ksState>
      <x>-628.4641449607985</x>
      <y>-42.87923720843876</y>
      <steeringAngle>-0.28426666666666645</steeringAngle>
      <velocity>5.600000000000004</velocity>
      <orientation>0.10019703874499941</orientation>
      <time>32</time>
    </ksState>
    <ksState>
      <x>-627.8594478430339</x>
      <y>-42.92863244797563</y>
      <steeringAngle>-0.2487333333333331</steeringAngle>
      <velocity>6.400000000000004</velocity>
      <orientation>0.03677490205232353</orientation>
      <time>33</time>
    </ksState>
    <ksState>
      <x>-627.1790526157736</x>
      <y>-43.01331272750578</y>
      <steeringAngle>-0.21319999999999992</steeringAngle>
      <velocity>7.200000000000004</velocity>
      <orientation>-0.02514218662547546</orientation>
      <time>34</time>
    </ksState>
    <ksState>
      <x>-626.4248106998378</x>
      <y>-43.137955781845555</y>
      <steeringAngle>-0.17766666666666656</steeringAngle>
      <velocity>8.000000000000004</velocity>
      <orientation>-0.0833915162264407</orientation>
      <time>35</time>
    </ksState>
    <ksState>
      <x>-625.6373732642979</x>
      <y>-43.29601372903814</y>
      <steeringAngle>-0.14213333333333336</steeringAngle>
      <velocity>8.0</velocity>
      <orientation>-0.13342632777518915</orientation>
      <time>36</time>
    </ksState>
    <ksState>
      <x>-624.85525900895</x>
      <y>-43.47305497030323</y>
      <steeringAngle>-0.1066000000000001</steeringAngle>
      <velocity>8.0</velocity>
      <orientation>-0.17221017978218647</orientation>
      <time>37</time>
    </ksState>
    <ksState>
      <x>-624.0764948351613</x>
      <y>-43.660376074052685</y>
      <steeringAngle>-0.07106666666666674</steeringAngle>
      <velocity>8.0</velocity>
      <orientation>-0.19984265881187338</orientation>
      <time>38</time>
    </ksState>
    <ksState>
      <x>-623.2987847491704</x>
      <y>-43.84943032837106</y>
      <steeringAngle>-0.035533333333333354</steeringAngle>
      <velocity>8.0</velocity>
      <orientation>-0.21639417944090272</orientation>
      <time>39</time>
    </ksState>
    <ksState>
      <x>-622.5197849717654</x>
      <y>-44.031723093169816</y>
      <steeringAngle>-2.0816681711721685e-17</steeringAngle>
      <velocity>8.0</velocity>
      <orientation>-0.22190670589930755</orientation>
      <time>40</time>
    </ksState>
    <ksState>
      <x>-621.737375196104</x>
      <y>-44.19870548182424</y>
      <steeringAngle>0.03553333333333333</steeringAngle>
      <velocity>8.0</velocity>
      <orientation>-0.21639417089646878</orientation>
      <time>41</time>
    </ksState>
    <ksState>
      <x>-620.9499342236647</x>
      <y>-44.34168026618555</y>
      <steeringAngle>0.07106666666666667</steeringAngle>
      <velocity>8.0</velocity>
      <orientation>-0.19984265001619914</orientation>
      <time>42</time>
    </ksState>
    <ksState>
      <x>-620.1566281383202</x>
      <y>-44.451733969341184</y>
      <steeringAngle>0.10659999999999997</steeringAngle>
      <velocity>8.0</velocity>
      <orientation>-0.17221017072550424</orientation>
      <time>43</time>
    </ksState>
    <ksState>
      <x>-619.3577159500883</x>
      <y>-44.5197112408963</y>
      <steeringAngle>0.1421333333333333</steeringAngle>
      <velocity>8.0</velocity>
      <orientation>-0.1334263184527693</orientation>
      <time>44</time>
    </ksState>
    <ksState>
      <x>-618.5548760772325</x>
      <y>-44.536248936874415</y>
      <steeringAngle>0.17766666666666667</steeringAngle>
      <velocity>8.0</velocity>
      <orientation>-0.08339150620361463</orientation>
      <time>45</time>
    </ksState>
    <ksState>
      <x>-617.7521258469172</x>
      <y>-44.51110739179524</y>
      <steeringAngle>0.14213333333333336</steeringAngle>
      <velocity>8.0</velocity>
      <orientation>-0.033356694654866195</orientation>
      <time>46</time>
    </ksState>
    <ksState>
      <x>-616.95147349867</x>
      <y>-44.46636226051289</y>
      <steeringAngle>0.1066000000000001</steeringAngle>
      <velocity>8.0</velocity>
      <orientation>0.005427157352131146</orientation>
      <time>47</time>
    </ksState>
    <ksState>
      <x>-616.1524181770226</x>
      <y>-44.41092376094964</y>
      <steeringAngle>0.07106666666666674</steeringAngle>
      <velocity>8.0</velocity>
      <orientation>0.03305963638181805</orientation>
      <time>48</time>
    </ksState>
    <ksState>
      <x>-615.3541145947262</x>
      <y>-44.353601170112434</y>
      <steeringAngle>0.035533333333333354</steeringAngle>
      <velocity>8.0</velocity>
      <orientation>0.049611157010847395</orientation>
      <time>49</time>
    </ksState>
    <ksState>
      <x>-614.5556616976656</x>
      <y>-44.30316034863849</y>
      <steeringAngle>2.0816681711721685e-17</steeringAngle>
      <velocity>8.0</velocity>
      <orientation>0.05512368346925223</orientation>
      <time>50</time>
    </ksState>
    <ksState>
      <x>-613.7568768381146</x>
      <y>-44.25908373179734</y>
      <steeringAngle>0.0</steeringAngle>
      <velocity>8.0</velocity>
      <orientation>0.05512368346925223</orientation>
      <time>51</time>
    </ksState>
    <ksState>
      <x>-612.9580919785637</x>
      <y>-44.215007114956194</y>
      <steeringAngle>0.0</steeringAngle>
      <velocity>8.0</velocity>
      <orientation>0.05512368346925223</orientation>
      <time>52</time>
    </ksState>
    <ksState>
      <x>-612.1593071190127</x>
      <y>-44.17093049811504</y>
      <steeringAngle>0.0</steeringAngle>
      <velocity>8.0</velocity>
      <orientation>0.05512368346925223</orientation>
      <time>53</time>
    </ksState>
    <ksState>
      <x>-611.3605222594618</x>
      <y>-44.12685388127389</y>
      <steeringAngle>0.0</steeringAngle>
      <velocity>8.0</velocity>
      <orientation>0.05512368346925223</orientation>
      <time>54</time>
    </ksState>
    <ksState>
      <x>-610.5617373999108</x>
      <y>-44.082777264432735</y>
      <steeringAngle>0.0</steeringAngle>
      <velocity>8.0</velocity>
      <orientation>0.05512368346925223</orientation>
      <time>55</time>
    </ksState>
    <ksState>
      <x>-609.762463510937</x>
      <y>-44.04800046792256</y>
      <steeringAngle>-0.03553333333333333</steeringAngle>
      <velocity>8.0</velocity>
      <orientation>0.04961114846641345</orientation>
      <time>56</time>
    </ksState>
    <ksState>
      <x>-608.96221376186</x>
      <y>-44.037733377693286</y>
      <steeringAngle>-0.07106666666666667</steeringAngle>
      <velocity>8.0</velocity>
      <orientation>0.03305962758614381</orientation>
      <time>57</time>
    </ksState>
    <ksState>
      <x>-608.1616455421401</x>
      <y>-44.06090422570172</y>
      <steeringAngle>-0.10659999999999997</steeringAngle>
      <velocity>8.0</velocity>
      <orientation>0.005427148295448908</orientation>
      <time>58</time>
    </ksState>
    <ksState>
      <x>-607.362534155482</x>
      <y>-44.126498323506084</y>
      <steeringAngle>-0.1421333333333333</steeringAngle>
      <velocity>8.0</velocity>
      <orientation>-0.03335670397728602</orientation>
      <time>59</time>
    </ksState>
    <ksState>
      <x>-606.5680891140105</x>
      <y>-44.24347025568135</y>
      <steeringAngle>-0.17766666666666667</steeringAngle>
      <velocity>8.0</velocity>
      <orientation>-0.0833915162264407</orientation>
      <time>60</time>
    </ksState>
    <ksState>
      <x>-605.8198465136438</x>
      <y>-44.39282353791793</y>
      <steeringAngle>-0.1421333333333334</steeringAngle>
      <velocity>7.2</velocity>
      <orientation>-0.13101883797207764</orientation>
      <time>61</time>
    </ksState>
    <ksState>
      <x>-605.1542596441119</x>
      <y>-44.539842639595356</y>
      <steeringAngle>-0.10660000000000011</steeringAngle>
      <velocity>6.4</velocity>
      <orientation>-0.1640784084200456</orientation>
      <time>62</time>
    </ksState>
    <ksState>
      <x>-604.5685947689815</x>
      <y>-44.67357880031258</y>
      <steeringAngle>-0.07106666666666674</steeringAngle>
      <velocity>5.600000000000001</velocity>
      <orientation>-0.18489535671393406</orientation>
      <time>63</time>
    </ksState>
    <ksState>
      <x>-604.0609658732171</x>
      <y>-44.78741259419473</y>
      <steeringAngle>-0.03553333333333339</steeringAngle>
      <velocity>4.800000000000001</velocity>
      <orientation>-0.19574596637159694</orientation>
      <time>64</time>
    </ksState>
    <ksState>
      <x>-603.6304177837006</x>
      <y>-44.878241538829705</y>
      <steeringAngle>-5.5294310796760726e-17</steeringAngle>
      <velocity>4.0</velocity>
      <orientation>-0.1988697422087625</orientation>
      <time>65</time>
    </ksState>
    <ksState>
      <x>-603.2374598802511</x>
      <y>-44.95306064708903</y>
      <steeringAngle>0.035533333333333326</steeringAngle>
      <velocity>4.0</velocity>
      <orientation>-0.19611346767616208</orientation>
      <time>66</time>
    </ksState>
    <ksState>
      <x>-602.8425980523431</x>
      <y>-45.01800295615576</y>
      <steeringAngle>0.07106666666666711</steeringAngle>
      <velocity>4.0</velocity>
      <orientation>-0.18783770713287667</orientation>
      <time>67</time>
    </ksState>
    <ksState>
      <x>-602.4456267566674</x>
      <y>-45.07082655405471</y>
      <steeringAngle>0.10660000000000043</steeringAngle>
      <velocity>4.0</velocity>
      <orientation>-0.17402146731373982</orientation>
      <time>68</time>
    </ksState>
    <ksState>
      <x>-602.0465387816005</x>
      <y>-45.10922722678644</y>
      <steeringAngle>0.14213333333333378</steeringAngle>
      <velocity>4.0</velocity>
      <orientation>-0.154629540928194</orientation>
      <time>69</time>
    </ksState>
    <ksState>
      <x>-601.6455674120594</x>
      <y>-45.130836560055855</y>
      <steeringAngle>0.1776666666666672</steeringAngle>
      <velocity>4.0</velocity>
      <orientation>-0.12961213447679668</orientation>
      <time>70</time>
    </ksState>
    <ksState>
      <x>-601.203484717495</x>
      <y>-45.137715074108115</y>
      <steeringAngle>0.17766666666666667</steeringAngle>
      <velocity>4.800000000000002</velocity>
      <orientation>-0.0989765974344625</orientation>
      <time>71</time>
    </ksState>
    <ksState>
      <x>-600.6810515762053</x>
      <y>-45.128382118334166</y>
      <steeringAngle>0.17766666666666667</steeringAngle>
      <velocity>5.600000000000001</velocity>
      <orientation>-0.0627709627579225</orientation>
      <time>72</time>
    </ksState>
    <ksState>
      <x>-600.07913293308</x>
      <y>-45.0941241795824</y>
      <steeringAngle>0.17766666666666667</steeringAngle>
      <velocity>6.3999999999999995</velocity>
      <orientation>-0.020995230448282554</orientation>
      <time>73</time>
    </ksState>
    <ksState>
      <x>-599.3993792336053</x>
      <y>-45.02495032091661</y>
      <steeringAngle>0.17766666666666667</steeringAngle>
      <velocity>7.200000000000002</velocity>
      <orientation>0.026350599493814353</orientation>
      <time>74</time>
    </ksState>
    <ksState>
      <x>-598.6445006052389</x>
      <y>-44.90966845282088</y>
      <steeringAngle>0.17766666666666667</steeringAngle>
      <velocity>8.0</velocity>
      <orientation>0.07926652706796444</orientation>
      <time>75</time>
    </ksState>
    <ksState>
      <x>-597.856417883555</x>
      <y>-44.754860012019726</y>
      <steeringAngle>0.14213333333333336</steeringAngle>
      <velocity>8.0</velocity>
      <orientation>0.1293013386167129</orientation>
      <time>76</time>
    </ksState>
    <ksState>
      <x>-597.0735799911141</x>
      <y>-44.58104648065299</y>
      <steeringAngle>0.1066000000000001</steeringAngle>
      <velocity>8.0</velocity>
      <orientation>0.16808519062371022</orientation>
      <time>77</time>
    </ksState>
    <ksState>
      <x>-596.29404974753</x>
      <y>-44.396939355249515</y>
      <steeringAngle>0.07106666666666674</steeringAngle>
      <velocity>8.0</velocity>
      <orientation>0.19571766965339712</orientation>
      <time>78</time>
    </ksState>
    <ksState>
      <x>-595.5155664335688</x>
      <y>-44.21109474593394</y>
      <steeringAngle>0.035533333333333354</steeringAngle>
      <velocity>8.0</velocity>
      <orientation>0.21226919028242647</orientation>
      <time>79</time>
    </ksState>
    <ksState>
      <x>-594.7358213301575</x>
      <y>-44.032016888560904</y>
      <steeringAngle>2.0816681711721685e-17</steeringAngle>
      <velocity>8.0</velocity>
      <orientation>0.2177817167408313</orientation>
      <time>80</time>
    </ksState>
    <ksState>
      <x>-593.9919327910999</x>
      <y>-43.87622099658996</y>
      <steeringAngle>-0.03553333333333333</steeringAngle>
      <velocity>7.199999999999999</velocity>
      <orientation>0.21263670375833899</orientation>
      <time>81</time>
    </ksState>
    <ksState>
      <x>-593.3223150255276</x>
      <y>-43.756309684185844</y>
      <steeringAngle>-0.07106666666666664</steeringAngle>
      <velocity>6.400000000000001</velocity>
      <orientation>0.19866003163737586</orientation>
      <time>82</time>
    </ksState>
    <ksState>
      <x>-592.7275184298509</x>
      <y>-43.672396814746996</y>
      <steeringAngle>-0.10659999999999997</steeringAngle>
      <velocity>5.600000000000004</velocity>
      <orientation>0.1780282637714945</orientation>
      <time>83</time>
    </ksState>
    <ksState>
      <x>-592.2088008601659</x>
      <y>-43.621680322949</y>
      <steeringAngle>-0.1421333333333333</steeringAngle>
      <velocity>4.800000000000003</velocity>
      <orientation>0.15291205626284624</orientation>
      <time>84</time>
    </ksState>
    <ksState>
      <x>-591.7676885345311</x>
      <y>-43.599045795472115</y>
      <steeringAngle>-0.17766666666666653</steeringAngle>
      <velocity>4.000000000000006</velocity>
      <orientation>0.1254871596776964</orientation>
      <time>85</time>
    </ksState>
    <ksState>
      <x>-591.3653469636828</x>
      <y>-43.598315567613895</y>
      <steeringAngle>-0.21319999999999995</steeringAngle>
      <velocity>4.0</velocity>
      <orientation>0.09477937704019625</orientation>
      <time>86</time>
    </ksState>
    <ksState>
      <x>-590.9625868048312</x>
      <y>-43.61928212685291</y>
      <steeringAngle>-0.24873333333333336</steeringAngle>
      <velocity>4.0</velocity>
      <orientation>0.058300535917501964</orientation>
      <time>87</time>
    </ksState>
    <ksState>
      <x>-590.560663562957</x>
      <y>-43.66444074031022</y>
      <steeringAngle>-0.2842666666666667</steeringAngle>
      <velocity>4.0</velocity>
      <orientation>0.015953302072053935</orientation>
      <time>88</time>
    </ksState>
    <ksState>
      <x>-590.1612789939566</x>
      <y>-43.73627554718499</y>
      <steeringAngle>-0.31980000000000003</steeringAngle>
      <velocity>4.0</velocity>
      <orientation>-0.03237737929508108</orientation>
      <time>89</time>
    </ksState>
    <ksState>
      <x>-589.7666400386652</x>
      <y>-43.83721040069273</y>
      <steeringAngle>-0.35533333333333333</steeringAngle>
      <velocity>4.0</velocity>
      <orientation>-0.08682558047335953</orientation>
      <time>90</time>
    </ksState>
    <ksState>
      <x>-589.416689837973</x>
      <y>-43.946810530885266</y>
      <steeringAngle>-0.31979999999999975</steeringAngle>
      <velocity>3.2</velocity>
      <orientation>-0.13593214053114788</orientation>
      <time>91</time>
    </ksState>
    <ksState>
      <x>-589.1473369103886</x>
      <y>-44.0372611400382</y>
      <steeringAngle>-0.2842666666666663</steeringAngle>
      <velocity>2.4000000000000004</velocity>
      <orientation>-0.16986439589736224</orientation>
      <time>92</time>
    </ksState>
    <ksState>
      <x>-588.9560316801068</x>
      <y>-44.10298531672622</y>
      <steeringAngle>-0.24873333333333292</steeringAngle>
      <velocity>1.6000000000000008</velocity>
      <orientation>-0.191136716844301</orientation>
      <time>93</time>
    </ksState>
    <ksState>
      <x>-588.8414177191536</x>
      <y>-44.14185377228771</y>
      <steeringAngle>-0.21319999999999967</steeringAngle>
      <velocity>0.8000000000000008</velocity>
      <orientation>-0.20217730758535585</orientation>
      <time>94</time>
    </ksState>
    <ksState>
      <x>-588.8031570760253</x>
      <y>-44.15436086833288</y>
      <steeringAngle>-0.1776666666666663</steeringAngle>
      <velocity>6.661338147750939e-16</velocity>
      <orientation>-0.20534354512723413</orientation>
      <time>95</time>
    </ksState>
    <ksState>
      <x>-588.8031570760253</x>
      <y>-44.15436086833288</y>
      <steeringAngle>-0.14213333333333336</steeringAngle>
      <velocity>0.0</velocity>
      <orientation>-0.20534354512723413</orientation>
      <time>96</time>
    </ksState>
    <ksState>
      <x>-588.8031570760253</x>
      <y>-44.15436086833288</y>
      <steeringAngle>-0.10660000000000001</steeringAngle>
      <velocity>0.0</velocity>
      <orientation>-0.20534354512723413</orientation>
      <time>97</time>
    </ksState>
    <ksState>
      <x>-588.8031570760253</x>
      <y>-44.15436086833288</y>
      <steeringAngle>-0.07106666666666668</steeringAngle>
      <velocity>0.0</velocity>
      <orientation>-0.20534354512723413</orientation>
      <time>98</time>
    </ksState>
    <ksState>
      <x>-588.8031570760253</x>
      <y>-44.15436086833288</y>
      <steeringAngle>-0.03553333333333333</steeringAngle>
      <velocity>0.0</velocity>
      <orientation>-0.20534354512723413</orientation>
      <time>99</time>
    </ksState>
  </ksTrajectory>
</CommonRoadSolution>
