<?xml version="1.0" ?>
<CommonRoadSolution benchmark_id="KS2:SM1:DEU_Guetersloh-36_1_T-1:2020a" computation_time="0.8278706539999803" date="2022-12-18T12:01:12">
  <ksTrajectory planningProblem="1">
    <ksState>
      <x>200.05766</x>
      <y>-73.700199</y>
      <steeringAngle>0.0</steeringAngle>
      <velocity>12.0</velocity>
      <orientation>-4.3615164</orientation>
      <time>0</time>
    </ksState>
    <ksState>
      <x>199.6589478683517</x>
      <y>-72.61087414719299</y>
      <steeringAngle>0.0</steeringAngle>
      <velocity>11.200000000000001</velocity>
      <orientation>-4.3615164</orientation>
      <time>1</time>
    </ksState>
    <ksState>
      <x>199.2877331252595</x>
      <y>-71.59667514675881</y>
      <steeringAngle>0.0</steeringAngle>
      <velocity>10.4</velocity>
      <orientation>-4.3615164</orientation>
      <time>2</time>
    </ksState>
    <ksState>
      <x>198.944015770617</x>
      <y>-70.65760199840665</y>
      <steeringAngle>0.0</steeringAngle>
      <velocity>9.599999999999998</velocity>
      <orientation>-4.3615164</orientation>
      <time>3</time>
    </ksState>
    <ksState>
      <x>198.6277958043939</x>
      <y>-69.79365470205381</y>
      <steeringAngle>0.0</steeringAngle>
      <velocity>8.799999999999999</velocity>
      <orientation>-4.3615164</orientation>
      <time>4</time>
    </ksState>
    <ksState>
      <x>198.33907322658033</x>
      <y>-69.0048332576733</y>
      <steeringAngle>0.0</steeringAngle>
      <velocity>7.999999999999997</velocity>
      <orientation>-4.3615164</orientation>
      <time>5</time>
    </ksState>
    <ksState>
      <x>198.07285287248786</x>
      <y>-68.25039644902868</y>
      <steeringAngle>-0.03553333333333333</steeringAngle>
      <velocity>8.0</velocity>
      <orientation>-4.367028935002839</orientation>
      <time>6</time>
    </ksState>
    <ksState>
      <x>197.82979369410688</x>
      <y>-67.48788263941977</y>
      <steeringAngle>-0.07106666666666667</steeringAngle>
      <velocity>8.0</velocity>
      <orientation>-4.383580455883108</orientation>
      <time>7</time>
    </ksState>
    <ksState>
      <x>197.61862789683366</x>
      <y>-66.71531848759493</y>
      <steeringAngle>-0.10659999999999997</steeringAngle>
      <velocity>8.0</velocity>
      <orientation>-4.411212935173803</orientation>
      <time>8</time>
    </ksState>
    <ksState>
      <x>197.44846811067157</x>
      <y>-65.93178339512816</y>
      <steeringAngle>-0.1421333333333333</steeringAngle>
      <velocity>8.0</velocity>
      <orientation>-4.449996787446539</orientation>
      <time>9</time>
    </ksState>
    <ksState>
      <x>197.32881558178005</x>
      <y>-65.13773766019521</y>
      <steeringAngle>-0.17766666666666667</steeringAngle>
      <velocity>8.0</velocity>
      <orientation>-4.500031599695693</orientation>
      <time>10</time>
    </ksState>
    <ksState>
      <x>197.26233939779655</x>
      <y>-64.37700606401326</y>
      <steeringAngle>-0.17766666666666667</steeringAngle>
      <velocity>7.2</velocity>
      <orientation>-4.552947527140071</orientation>
      <time>11</time>
    </ksState>
    <ksState>
      <x>197.2370423612062</x>
      <y>-63.69421021830921</y>
      <steeringAngle>-0.17766666666666667</steeringAngle>
      <velocity>6.4</velocity>
      <orientation>-4.600293356932881</orientation>
      <time>12</time>
    </ksState>
    <ksState>
      <x>197.2415812078662</x>
      <y>-63.09133456671115</y>
      <steeringAngle>-0.17766666666666667</steeringAngle>
      <velocity>5.599999999999999</velocity>
      <orientation>-4.642069089088066</orientation>
      <time>13</time>
    </ksState>
    <ksState>
      <x>197.26587952191315</x>
      <y>-62.569383338865656</y>
      <steeringAngle>-0.17766666666666667</steeringAngle>
      <velocity>4.799999999999999</velocity>
      <orientation>-4.678274723609581</orientation>
      <time>14</time>
    </ksState>
    <ksState>
      <x>197.30118619100824</x>
      <y>-62.128659089914834</y>
      <steeringAngle>-0.17766666666666667</steeringAngle>
      <velocity>4.0</velocity>
      <orientation>-4.708910260498911</orientation>
      <time>15</time>
    </ksState>
    <ksState>
      <x>197.34010414761474</x>
      <y>-61.769006132141214</y>
      <steeringAngle>-0.17766666666666667</steeringAngle>
      <velocity>3.2000000000000006</velocity>
      <orientation>-4.733975699767089</orientation>
      <time>16</time>
    </ksState>
    <ksState>
      <x>197.376598514922</x>
      <y>-61.4900169584728</y>
      <steeringAngle>-0.17766666666666667</steeringAngle>
      <velocity>2.4000000000000012</velocity>
      <orientation>-4.753471041397118</orientation>
      <time>17</time>
    </ksState>
    <ksState>
      <x>197.4059923486812</x>
      <y>-61.29120083137489</y>
      <steeringAngle>-0.17766666666666667</steeringAngle>
      <velocity>1.6000000000000005</velocity>
      <orientation>-4.767396285396099</orientation>
      <time>18</time>
    </ksState>
    <ksState>
      <x>197.4249565441364</x>
      <y>-61.17211440990787</y>
      <steeringAngle>-0.17766666666666667</steeringAngle>
      <velocity>0.8000000000000004</velocity>
      <orientation>-4.775751431766853</orientation>
      <time>19</time>
    </ksState>
    <ksState>
      <x>197.43149897861508</x>
      <y>-61.13245466119362</y>
      <steeringAngle>-0.17766666666666667</steeringAngle>
      <velocity>2.7755575615628914e-16</velocity>
      <orientation>-4.778536480513068</orientation>
      <time>20</time>
    </ksState>
    <ksState>
      <x>197.43149897861508</x>
      <y>-61.13245466119362</y>
      <steeringAngle>-0.14213333333333336</steeringAngle>
      <velocity>0.0</velocity>
      <orientation>-4.778536480513068</orientation>
      <time>21</time>
    </ksState>
    <ksState>
      <x>197.43149897861508</x>
      <y>-61.13245466119362</y>
      <steeringAngle>-0.10660000000000001</steeringAngle>
      <velocity>0.0</velocity>
      <orientation>-4.778536480513068</orientation>
      <time>22</time>
    </ksState>
    <ksState>
      <x>197.43149897861508</x>
      <y>-61.13245466119362</y>
      <steeringAngle>-0.07106666666666668</steeringAngle>
      <velocity>0.0</velocity>
      <orientation>-4.778536480513068</orientation>
      <time>23</time>
    </ksState>
    <ksState>
      <x>197.43149897861508</x>
      <y>-61.13245466119362</y>
      <steeringAngle>-0.03553333333333333</steeringAngle>
      <velocity>0.0</velocity>
      <orientation>-4.778536480513068</orientation>
      <time>24</time>
    </ksState>
    <ksState>
      <x>197.43149897861508</x>
      <y>-61.13245466119362</y>
      <steeringAngle>-0.0</steeringAngle>
      <velocity>0.0</velocity>
      <orientation>-4.778536480513068</orientation>
      <time>25</time>
    </ksState>
    <ksState>
      <x>197.43149897861508</x>
      <y>-61.13245466119362</y>
      <steeringAngle>0.0</steeringAngle>
      <velocity>0.0</velocity>
      <orientation>-4.778536480513068</orientation>
      <time>26</time>
    </ksState>
    <ksState>
      <x>197.43149897861508</x>
      <y>-61.13245466119362</y>
      <steeringAngle>0.0</steeringAngle>
      <velocity>0.0</velocity>
      <orientation>-4.778536480513068</orientation>
      <time>27</time>
    </ksState>
    <ksState>
      <x>197.43149897861508</x>
      <y>-61.13245466119362</y>
      <steeringAngle>0.0</steeringAngle>
      <velocity>0.0</velocity>
      <orientation>-4.778536480513068</orientation>
      <time>28</time>
    </ksState>
    <ksState>
      <x>197.43149897861508</x>
      <y>-61.13245466119362</y>
      <steeringAngle>0.0</steeringAngle>
      <velocity>0.0</velocity>
      <orientation>-4.778536480513068</orientation>
      <time>29</time>
    </ksState>
    <ksState>
      <x>197.43149897861508</x>
      <y>-61.13245466119362</y>
      <steeringAngle>0.0</steeringAngle>
      <velocity>0.0</velocity>
      <orientation>-4.778536480513068</orientation>
      <time>30</time>
    </ksState>
    <ksState>
      <x>197.43149897861508</x>
      <y>-61.13245466119362</y>
      <steeringAngle>0.0</steeringAngle>
      <velocity>0.0</velocity>
      <orientation>-4.778536480513068</orientation>
      <time>31</time>
    </ksState>
    <ksState>
      <x>197.43149897861508</x>
      <y>-61.13245466119362</y>
      <steeringAngle>0.0</steeringAngle>
      <velocity>0.0</velocity>
      <orientation>-4.778536480513068</orientation>
      <time>32</time>
    </ksState>
    <ksState>
      <x>197.43149897861508</x>
      <y>-61.13245466119362</y>
      <steeringAngle>0.0</steeringAngle>
      <velocity>0.0</velocity>
      <orientation>-4.778536480513068</orientation>
      <time>33</time>
    </ksState>
  </ksTrajectory>
</CommonRoadSolution>
