<?xml version="1.0" ?>
<CommonRoadSolution benchmark_id="KS2:SM1:USA_US101-20_2_T-1:2020a" computation_time="9.83921111500058" date="2022-12-18T12:01:12">
  <ksTrajectory planningProblem="473">
    <ksState>
      <x>0.0</x>
      <y>0.0</y>
      <steeringAngle>0.0</steeringAngle>
      <velocity>12.0</velocity>
      <orientation>-0.70293</orientation>
      <time>0</time>
    </ksState>
    <ksState>
      <x>0.885023564603123</x>
      <y>-0.7498888510730874</y>
      <steeringAngle>0.0</steeringAngle>
      <velocity>11.200000000000001</velocity>
      <orientation>-0.70293</orientation>
      <time>1</time>
    </ksState>
    <ksState>
      <x>1.7090110209328324</x>
      <y>-1.448061229345083</y>
      <steeringAngle>0.0</steeringAngle>
      <velocity>10.4</velocity>
      <orientation>-0.70293</orientation>
      <time>2</time>
    </ksState>
    <ksState>
      <x>2.47196236922541</x>
      <y>-2.0945171350161904</y>
      <steeringAngle>0.0</steeringAngle>
      <velocity>9.599999999999998</velocity>
      <orientation>-0.70293</orientation>
      <time>3</time>
    </ksState>
    <ksState>
      <x>3.173877609548012</x>
      <y>-2.6892565681433127</y>
      <steeringAngle>0.0</steeringAngle>
      <velocity>8.799999999999999</velocity>
      <orientation>-0.70293</orientation>
      <time>4</time>
    </ksState>
    <ksState>
      <x>3.814756741922597</x>
      <y>-3.232279528745054</y>
      <steeringAngle>0.0</steeringAngle>
      <velocity>7.999999999999997</velocity>
      <orientation>-0.70293</orientation>
      <time>5</time>
    </ksState>
    <ksState>
      <x>4.425117821216302</x>
      <y>-3.7494442538408626</y>
      <steeringAngle>0.0</steeringAngle>
      <velocity>8.0</velocity>
      <orientation>-0.70293</orientation>
      <time>6</time>
    </ksState>
    <ksState>
      <x>5.035478900510008</x>
      <y>-4.266608978936671</y>
      <steeringAngle>0.0</steeringAngle>
      <velocity>8.0</velocity>
      <orientation>-0.70293</orientation>
      <time>7</time>
    </ksState>
    <ksState>
      <x>5.645839979803714</x>
      <y>-4.7837737040324795</y>
      <steeringAngle>0.0</steeringAngle>
      <velocity>8.0</velocity>
      <orientation>-0.70293</orientation>
      <time>8</time>
    </ksState>
    <ksState>
      <x>6.256201059097419</x>
      <y>-5.300938429128287</y>
      <steeringAngle>0.0</steeringAngle>
      <velocity>8.0</velocity>
      <orientation>-0.70293</orientation>
      <time>9</time>
    </ksState>
    <ksState>
      <x>6.866562138391126</x>
      <y>-5.8181031542240955</y>
      <steeringAngle>0.0</steeringAngle>
      <velocity>8.0</velocity>
      <orientation>-0.70293</orientation>
      <time>10</time>
    </ksState>
    <ksState>
      <x>7.476923217684831</x>
      <y>-6.335267879319904</y>
      <steeringAngle>0.0</steeringAngle>
      <velocity>8.0</velocity>
      <orientation>-0.70293</orientation>
      <time>11</time>
    </ksState>
    <ksState>
      <x>8.087284296978538</x>
      <y>-6.8524326044157124</y>
      <steeringAngle>0.0</steeringAngle>
      <velocity>8.0</velocity>
      <orientation>-0.70293</orientation>
      <time>12</time>
    </ksState>
    <ksState>
      <x>8.697645376272243</x>
      <y>-7.369597329511521</y>
      <steeringAngle>0.0</steeringAngle>
      <velocity>8.0</velocity>
      <orientation>-0.70293</orientation>
      <time>13</time>
    </ksState>
    <ksState>
      <x>9.308006455565948</x>
      <y>-7.886762054607329</y>
      <steeringAngle>0.0</steeringAngle>
      <velocity>8.0</velocity>
      <orientation>-0.70293</orientation>
      <time>14</time>
    </ksState>
    <ksState>
      <x>9.918367534859655</x>
      <y>-8.403926779703138</y>
      <steeringAngle>0.0</steeringAngle>
      <velocity>8.0</velocity>
      <orientation>-0.70293</orientation>
      <time>15</time>
    </ksState>
    <ksState>
      <x>10.52872861415336</x>
      <y>-8.921091504798946</y>
      <steeringAngle>0.0</steeringAngle>
      <velocity>8.0</velocity>
      <orientation>-0.70293</orientation>
      <time>16</time>
    </ksState>
    <ksState>
      <x>11.139089693447065</x>
      <y>-9.438256229894755</y>
      <steeringAngle>0.0</steeringAngle>
      <velocity>8.0</velocity>
      <orientation>-0.70293</orientation>
      <time>17</time>
    </ksState>
    <ksState>
      <x>11.749450772740772</x>
      <y>-9.955420954990563</y>
      <steeringAngle>0.0</steeringAngle>
      <velocity>8.0</velocity>
      <orientation>-0.70293</orientation>
      <time>18</time>
    </ksState>
    <ksState>
      <x>12.359811852034477</x>
      <y>-10.472585680086372</y>
      <steeringAngle>0.0</steeringAngle>
      <velocity>8.0</velocity>
      <orientation>-0.70293</orientation>
      <time>19</time>
    </ksState>
    <ksState>
      <x>12.970172931328184</x>
      <y>-10.98975040518218</y>
      <steeringAngle>0.0</steeringAngle>
      <velocity>8.0</velocity>
      <orientation>-0.70293</orientation>
      <time>20</time>
    </ksState>
    <ksState>
      <x>13.57449541808824</x>
      <y>-11.514004644237183</y>
      <steeringAngle>-0.03553333333333333</steeringAngle>
      <velocity>8.0</velocity>
      <orientation>-0.7084425350028388</orientation>
      <time>21</time>
    </ksState>
    <ksState>
      <x>14.162675897553513</x>
      <y>-12.056728144387613</y>
      <steeringAngle>-0.07106666666666667</steeringAngle>
      <velocity>8.0</velocity>
      <orientation>-0.7249940558831085</orientation>
      <time>22</time>
    </ksState>
    <ksState>
      <x>14.728098746382077</x>
      <y>-12.62395240748419</y>
      <steeringAngle>-0.10659999999999997</steeringAngle>
      <velocity>8.0</velocity>
      <orientation>-0.7526265351738034</orientation>
      <time>23</time>
    </ksState>
    <ksState>
      <x>15.263297296539518</x>
      <y>-13.220981808655539</y>
      <steeringAngle>-0.1421333333333333</steeringAngle>
      <velocity>8.0</velocity>
      <orientation>-0.7914103874465384</orientation>
      <time>24</time>
    </ksState>
    <ksState>
      <x>15.759784518069083</x>
      <y>-13.85211237810468</y>
      <steeringAngle>-0.17766666666666667</steeringAngle>
      <velocity>8.0</velocity>
      <orientation>-0.841445199695693</orientation>
      <time>25</time>
    </ksState>
    <ksState>
      <x>16.22293596713902</x>
      <y>-14.508260810080753</y>
      <steeringAngle>-0.14213333333333336</steeringAngle>
      <velocity>8.0</velocity>
      <orientation>-0.8914800112444414</orientation>
      <time>26</time>
    </ksState>
    <ksState>
      <x>16.66917066043804</x>
      <y>-15.174534708731738</y>
      <steeringAngle>-0.1066000000000001</steeringAngle>
      <velocity>8.0</velocity>
      <orientation>-0.9302638632514387</orientation>
      <time>27</time>
    </ksState>
    <ksState>
      <x>17.105905104706878</x>
      <y>-15.84597037912464</y>
      <steeringAngle>-0.07106666666666674</steeringAngle>
      <velocity>8.0</velocity>
      <orientation>-0.9578963422811256</orientation>
      <time>28</time>
    </ksState>
    <ksState>
      <x>17.540682538971517</x>
      <y>-16.517939925742635</y>
      <steeringAngle>-0.035533333333333354</steeringAngle>
      <velocity>8.0</velocity>
      <orientation>-0.974447862910155</orientation>
      <time>29</time>
    </ksState>
    <ksState>
      <x>17.981045103011915</x>
      <y>-17.185886119299333</y>
      <steeringAngle>-2.0816681711721685e-17</steeringAngle>
      <velocity>8.0</velocity>
      <orientation>-0.9799603893685598</orientation>
      <time>30</time>
    </ksState>
    <ksState>
      <x>18.426689457295495</x>
      <y>-17.85026636395985</y>
      <steeringAngle>0.0</steeringAngle>
      <velocity>8.0</velocity>
      <orientation>-0.9799603893685598</orientation>
      <time>31</time>
    </ksState>
    <ksState>
      <x>18.872333811579082</x>
      <y>-18.514646608620367</y>
      <steeringAngle>0.0</steeringAngle>
      <velocity>8.0</velocity>
      <orientation>-0.9799603893685598</orientation>
      <time>32</time>
    </ksState>
    <ksState>
      <x>19.317978165862662</x>
      <y>-19.179026853280885</y>
      <steeringAngle>0.0</steeringAngle>
      <velocity>8.0</velocity>
      <orientation>-0.9799603893685598</orientation>
      <time>33</time>
    </ksState>
    <ksState>
      <x>19.763622520146242</x>
      <y>-19.8434070979414</y>
      <steeringAngle>0.0</steeringAngle>
      <velocity>8.0</velocity>
      <orientation>-0.9799603893685598</orientation>
      <time>34</time>
    </ksState>
    <ksState>
      <x>20.20926687442983</x>
      <y>-20.50778734260192</y>
      <steeringAngle>0.0</steeringAngle>
      <velocity>8.0</velocity>
      <orientation>-0.9799603893685598</orientation>
      <time>35</time>
    </ksState>
    <ksState>
      <x>20.662631722869097</x>
      <y>-21.166959921954728</y>
      <steeringAngle>0.03553333333333333</steeringAngle>
      <velocity>8.0</velocity>
      <orientation>-0.974447854365721</orientation>
      <time>36</time>
    </ksState>
    <ksState>
      <x>21.13615555628787</x>
      <y>-21.81215776232923</y>
      <steeringAngle>0.07106666666666667</steeringAngle>
      <velocity>8.0</velocity>
      <orientation>-0.9578963334854513</orientation>
      <time>37</time>
    </ksState>
    <ksState>
      <x>21.636572043136496</x>
      <y>-22.43748144036561</y>
      <steeringAngle>0.10659999999999997</steeringAngle>
      <velocity>8.0</velocity>
      <orientation>-0.9302638541947564</orientation>
      <time>38</time>
    </ksState>
    <ksState>
      <x>22.169987485968107</x>
      <y>-23.036104493131205</y>
      <steeringAngle>0.1421333333333333</steeringAngle>
      <velocity>8.0</velocity>
      <orientation>-0.8914800019220215</orientation>
      <time>39</time>
    </ksState>
    <ksState>
      <x>22.741620307885107</x>
      <y>-23.60007370660172</y>
      <steeringAngle>0.17766666666666667</steeringAngle>
      <velocity>8.0</velocity>
      <orientation>-0.8414451896728669</orientation>
      <time>40</time>
    </ksState>
    <ksState>
      <x>23.317605853883975</x>
      <y>-24.101444123825292</y>
      <steeringAngle>0.17766666666666667</steeringAngle>
      <velocity>7.2</velocity>
      <orientation>-0.7885292622284895</orientation>
      <time>41</time>
    </ksState>
    <ksState>
      <x>23.854805428766912</x>
      <y>-24.523660565613813</y>
      <steeringAngle>0.17766666666666667</steeringAngle>
      <velocity>6.4</velocity>
      <orientation>-0.7411834324356783</orientation>
      <time>42</time>
    </ksState>
    <ksState>
      <x>24.344940020708975</x>
      <y>-24.874727132236984</y>
      <steeringAngle>0.17766666666666667</steeringAngle>
      <velocity>5.599999999999999</velocity>
      <orientation>-0.6994077002804935</orientation>
      <time>43</time>
    </ksState>
    <ksState>
      <x>24.78126860714571</x>
      <y>-25.16220036050888</y>
      <steeringAngle>0.17766666666666667</steeringAngle>
      <velocity>4.799999999999999</velocity>
      <orientation>-0.663202065758979</orientation>
      <time>44</time>
    </ksState>
    <ksState>
      <x>25.15839733311782</x>
      <y>-25.39297806424672</y>
      <steeringAngle>0.17766666666666667</steeringAngle>
      <velocity>4.0</velocity>
      <orientation>-0.632566528869649</orientation>
      <time>45</time>
    </ksState>
    <ksState>
      <x>25.50723164434122</x>
      <y>-25.592663264932284</y>
      <steeringAngle>0.17766666666666667</steeringAngle>
      <velocity>4.0</velocity>
      <orientation>-0.6047160407143931</orientation>
      <time>46</time>
    </ksState>
    <ksState>
      <x>25.861491316779706</x>
      <y>-25.782557100634314</y>
      <steeringAngle>0.17766666666666667</steeringAngle>
      <velocity>4.0</velocity>
      <orientation>-0.5768655525591373</orientation>
      <time>47</time>
    </ksState>
    <ksState>
      <x>26.220901560811043</x>
      <y>-25.962512267337953</y>
      <steeringAngle>0.17766666666666667</steeringAngle>
      <velocity>4.0</velocity>
      <orientation>-0.5490150644038814</orientation>
      <time>48</time>
    </ksState>
    <ksState>
      <x>26.585183617633025</x>
      <y>-26.13238919197342</y>
      <steeringAngle>0.17766666666666667</steeringAngle>
      <velocity>4.0</velocity>
      <orientation>-0.5211645762486256</orientation>
      <time>49</time>
    </ksState>
    <ksState>
      <x>26.954054950666674</x>
      <y>-26.292056117094592</y>
      <steeringAngle>0.17766666666666667</steeringAngle>
      <velocity>4.0</velocity>
      <orientation>-0.4933140880933697</orientation>
      <time>50</time>
    </ksState>
    <ksState>
      <x>27.362509690977472</x>
      <y>-26.460260353895926</y>
      <steeringAngle>0.14213333333333333</steeringAngle>
      <velocity>4.8000000000000025</velocity>
      <orientation>-0.46588918837501725</orientation>
      <time>51</time>
    </ksState>
    <ksState>
      <x>27.8457611369259</x>
      <y>-26.65558863231811</y>
      <steeringAngle>0.10660000000000003</steeringAngle>
      <velocity>5.600000000000005</velocity>
      <orientation>-0.4407729760960994</orientation>
      <time>52</time>
    </ksState>
    <ksState>
      <x>28.4034385468028</x>
      <y>-26.878902633115626</y>
      <steeringAngle>0.07106666666666671</steeringAngle>
      <velocity>6.400000000000004</velocity>
      <orientation>-0.4201412064966399</orientation>
      <time>53</time>
    </ksState>
    <ksState>
      <x>29.034415032490333</x>
      <y>-27.133220690355916</y>
      <steeringAngle>0.035533333333333375</steeringAngle>
      <velocity>7.200000000000006</velocity>
      <orientation>-0.4061645384038476</orientation>
      <time>54</time>
    </ksState>
    <ksState>
      <x>29.736487805180193</x>
      <y>-27.424349112656433</y>
      <steeringAngle>2.6346112791397758e-17</steeringAngle>
      <velocity>8.000000000000007</velocity>
      <orientation>-0.4010195256242791</orientation>
      <time>55</time>
    </ksState>
    <ksState>
      <x>30.476631672474113</x>
      <y>-27.72805164948843</y>
      <steeringAngle>0.03553333333333333</steeringAngle>
      <velocity>8.0</velocity>
      <orientation>-0.39550699062144035</orientation>
      <time>56</time>
    </ksState>
    <ksState>
      <x>31.226003362658126</x>
      <y>-28.009026993585184</y>
      <steeringAngle>0.07106666666666667</steeringAngle>
      <velocity>8.0</velocity>
      <orientation>-0.37895546974117067</orientation>
      <time>57</time>
    </ksState>
    <ksState>
      <x>31.987011446226532</x>
      <y>-28.258652832324703</y>
      <steeringAngle>0.10659999999999997</steeringAngle>
      <velocity>8.0</velocity>
      <orientation>-0.35132299045047577</orientation>
      <time>58</time>
    </ksState>
    <ksState>
      <x>32.76103214338271</x>
      <y>-28.467874136993974</y>
      <steeringAngle>0.1421333333333333</steeringAngle>
      <velocity>8.0</velocity>
      <orientation>-0.31253913817774087</orientation>
      <time>59</time>
    </ksState>
    <ksState>
      <x>33.54808199339223</x>
      <y>-28.627178532524464</y>
      <steeringAngle>0.17766666666666667</steeringAngle>
      <velocity>8.0</velocity>
      <orientation>-0.2625043259285862</orientation>
      <time>60</time>
    </ksState>
    <ksState>
      <x>34.34448028941401</x>
      <y>-28.736094540721883</y>
      <steeringAngle>0.17766666666666667</steeringAngle>
      <velocity>8.0</velocity>
      <orientation>-0.2068033496180744</orientation>
      <time>61</time>
    </ksState>
    <ksState>
      <x>35.145707080237344</x>
      <y>-28.800504412842805</y>
      <steeringAngle>0.17766666666666667</steeringAngle>
      <velocity>8.0</velocity>
      <orientation>-0.15110237330756265</orientation>
      <time>62</time>
    </ksState>
    <ksState>
      <x>35.94927708957062</x>
      <y>-28.820208353976845</y>
      <steeringAngle>0.17766666666666667</steeringAngle>
      <velocity>8.0</velocity>
      <orientation>-0.09540139699705097</orientation>
      <time>63</time>
    </ksState>
    <ksState>
      <x>36.75269780675461</x>
      <y>-28.795145246519095</y>
      <steeringAngle>0.17766666666666667</steeringAngle>
      <velocity>8.0</velocity>
      <orientation>-0.039700420686539145</orientation>
      <time>64</time>
    </ksState>
    <ksState>
      <x>37.55347718481835</x>
      <y>-28.725392830638558</y>
      <steeringAngle>0.17766666666666667</steeringAngle>
      <velocity>8.0</velocity>
      <orientation>0.01600055562397268</orientation>
      <time>65</time>
    </ksState>
    <ksState>
      <x>38.31017601805745</x>
      <y>-28.626762273725983</y>
      <steeringAngle>0.1421333333333334</steeringAngle>
      <velocity>7.2</velocity>
      <orientation>0.0636278773696096</orientation>
      <time>66</time>
    </ksState>
    <ksState>
      <x>38.98423915162461</x>
      <y>-28.524891374639648</y>
      <steeringAngle>0.10660000000000011</steeringAngle>
      <velocity>6.4</velocity>
      <orientation>0.09668744781757757</orientation>
      <time>67</time>
    </ksState>
    <ksState>
      <x>39.5776568487842</x>
      <y>-28.430889986196455</y>
      <steeringAngle>0.07106666666666674</steeringAngle>
      <velocity>5.600000000000001</velocity>
      <orientation>0.11750439611146604</orientation>
      <time>68</time>
    </ksState>
    <ksState>
      <x>40.09186517560835</x>
      <y>-28.35149079918946</y>
      <steeringAngle>0.03553333333333339</steeringAngle>
      <velocity>4.800000000000001</velocity>
      <orientation>0.12835500576912892</orientation>
      <time>69</time>
    </ksState>
    <ksState>
      <x>40.52760829687048</x>
      <y>-28.2898543914931</y>
      <steeringAngle>5.5294310796760726e-17</steeringAngle>
      <velocity>4.0</velocity>
      <orientation>0.13147878160629448</orientation>
      <time>70</time>
    </ksState>
    <ksState>
      <x>40.92471253658504</x>
      <y>-28.241666886422923</y>
      <steeringAngle>-0.035533333333333326</steeringAngle>
      <velocity>4.0</velocity>
      <orientation>0.12872250707369406</orientation>
      <time>71</time>
    </ksState>
    <ksState>
      <x>41.323051275732034</x>
      <y>-28.203461971286508</y>
      <steeringAngle>-0.07106666666666711</steeringAngle>
      <velocity>4.0</velocity>
      <orientation>0.12044674653040865</orientation>
      <time>72</time>
    </ksState>
    <ksState>
      <x>41.722678620787484</x>
      <y>-28.177490310395953</y>
      <steeringAngle>-0.10660000000000043</steeringAngle>
      <velocity>4.0</velocity>
      <orientation>0.1066305067112718</orientation>
      <time>73</time>
    </ksState>
    <ksState>
      <x>42.12344660132093</x>
      <y>-28.166051373019258</y>
      <steeringAngle>-0.14213333333333378</steeringAngle>
      <velocity>4.0</velocity>
      <orientation>0.08723858032572598</orientation>
      <time>74</time>
    </ksState>
    <ksState>
      <x>42.52496297302221</x>
      <y>-28.171492487963103</y>
      <steeringAngle>-0.1776666666666672</steeringAngle>
      <velocity>4.0</velocity>
      <orientation>0.062221173874328656</orientation>
      <time>75</time>
    </ksState>
    <ksState>
      <x>42.886280408029826</x>
      <y>-28.189228568174215</y>
      <steeringAngle>-0.17766666666666667</steeringAngle>
      <velocity>3.2000000000000006</velocity>
      <orientation>0.03715573460615106</orientation>
      <time>76</time>
    </ksState>
    <ksState>
      <x>43.16693090548528</x>
      <y>-28.20928090338363</y>
      <steeringAngle>-0.17766666666666667</steeringAngle>
      <velocity>2.4000000000000012</velocity>
      <orientation>0.017660392976121285</orientation>
      <time>77</time>
    </ksState>
    <ksState>
      <x>43.367129779272695</x>
      <y>-28.226951805780747</y>
      <steeringAngle>-0.17766666666666667</steeringAngle>
      <velocity>1.6000000000000005</velocity>
      <orientation>0.0037351489771403137</orientation>
      <time>78</time>
    </ksState>
    <ksState>
      <x>43.48712415830521</x>
      <y>-28.238891884829243</y>
      <steeringAngle>-0.17766666666666667</steeringAngle>
      <velocity>0.8000000000000004</velocity>
      <orientation>-0.004619997393613795</orientation>
      <time>79</time>
    </ksState>
    <ksState>
      <x>43.527099597892054</x>
      <y>-28.24309466329403</y>
      <steeringAngle>-0.17766666666666667</steeringAngle>
      <velocity>2.7755575615628914e-16</velocity>
      <orientation>-0.007405046139829161</orientation>
      <time>80</time>
    </ksState>
  </ksTrajectory>
</CommonRoadSolution>
