<?xml version="1.0" ?>
<CommonRoadSolution benchmark_id="KS2:SM1:DEU_BadWaldsee-1_1_T-1:2020a" computation_time="1.4429965379999885" date="2022-12-18T12:01:12">
  <ksTrajectory planningProblem="1">
    <ksState>
      <x>-176.98395</x>
      <y>112.56191</y>
      <steeringAngle>0.0</steeringAngle>
      <velocity>4.0</velocity>
      <orientation>-0.0196727</orientation>
      <time>0</time>
    </ksState>
    <ksState>
      <x>-176.62388186879608</x>
      <y>112.55850724208256</y>
      <steeringAngle>0.03553333333333333</steeringAngle>
      <velocity>3.2</velocity>
      <orientation>-0.01728395162020744</orientation>
      <time>1</time>
    </ksState>
    <ksState>
      <x>-176.3437414821117</x>
      <y>112.56248596046086</y>
      <steeringAngle>0.07106666666666668</steeringAngle>
      <velocity>2.4</velocity>
      <orientation>-0.011583036614410808</orientation>
      <time>2</time>
    </ksState>
    <ksState>
      <x>-176.14363096149114</x>
      <y>112.57050143463272</y>
      <steeringAngle>0.10660000000000003</steeringAngle>
      <velocity>1.5999999999999994</velocity>
      <orientation>-0.0047675028696793475</orientation>
      <time>3</time>
    </ksState>
    <ksState>
      <x>-176.0235926377176</x>
      <y>112.57840064554875</y>
      <steeringAngle>0.14213333333333342</steeringAngle>
      <velocity>0.7999999999999988</velocity>
      <orientation>0.0009567586168003732</orientation>
      <time>4</time>
    </ksState>
    <ksState>
      <x>-175.98359239935314</x>
      <y>112.58191086595126</y>
      <steeringAngle>0.17766666666666675</steeringAngle>
      <velocity>-1.5265566588595902e-15</velocity>
      <orientation>0.003364253091356191</orientation>
      <time>5</time>
    </ksState>
    <ksState>
      <x>-175.98359239935314</x>
      <y>112.58191086595126</y>
      <steeringAngle>0.14213333333333336</steeringAngle>
      <velocity>0.0</velocity>
      <orientation>0.003364253091356191</orientation>
      <time>6</time>
    </ksState>
    <ksState>
      <x>-175.98359239935314</x>
      <y>112.58191086595126</y>
      <steeringAngle>0.10660000000000001</steeringAngle>
      <velocity>0.0</velocity>
      <orientation>0.003364253091356191</orientation>
      <time>7</time>
    </ksState>
    <ksState>
      <x>-175.98359239935314</x>
      <y>112.58191086595126</y>
      <steeringAngle>0.07106666666666668</steeringAngle>
      <velocity>0.0</velocity>
      <orientation>0.003364253091356191</orientation>
      <time>8</time>
    </ksState>
    <ksState>
      <x>-175.98359239935314</x>
      <y>112.58191086595126</y>
      <steeringAngle>0.03553333333333333</steeringAngle>
      <velocity>0.0</velocity>
      <orientation>0.003364253091356191</orientation>
      <time>9</time>
    </ksState>
    <ksState>
      <x>-175.98359239935314</x>
      <y>112.58191086595126</y>
      <steeringAngle>0.0</steeringAngle>
      <velocity>0.0</velocity>
      <orientation>0.003364253091356191</orientation>
      <time>10</time>
    </ksState>
    <ksState>
      <x>-175.94359071645076</x>
      <y>112.58151665633024</y>
      <steeringAngle>-0.03553333333333333</steeringAngle>
      <velocity>0.8</velocity>
      <orientation>0.00299672131311422</orientation>
      <time>11</time>
    </ksState>
    <ksState>
      <x>-175.82358401285106</x>
      <y>112.57807470600893</y>
      <steeringAngle>-0.0710666666666667</steeringAngle>
      <velocity>1.6</velocity>
      <orientation>0.00042187472112857356</orientation>
      <time>12</time>
    </ksState>
    <ksState>
      <x>-175.62361476559684</x>
      <y>112.56754497421997</y>
      <steeringAngle>-0.10660000000000003</steeringAngle>
      <velocity>2.4000000000000004</velocity>
      <orientation>-0.006578829515708639</orientation>
      <time>13</time>
    </ksState>
    <ksState>
      <x>-175.34390014983876</x>
      <y>112.54443732194837</y>
      <steeringAngle>-0.14213333333333342</steeringAngle>
      <velocity>3.2000000000000015</velocity>
      <orientation>-0.020246470456528796</orientation>
      <time>14</time>
    </ksState>
    <ksState>
      <x>-174.9850949400618</x>
      <y>112.50108229821306</y>
      <steeringAngle>-0.17766666666666683</steeringAngle>
      <velocity>4.0000000000000036</velocity>
      <orientation>-0.04285638632974895</orientation>
      <time>15</time>
    </ksState>
    <ksState>
      <x>-174.62730015654034</x>
      <y>112.44553865142714</y>
      <steeringAngle>-0.17766666666666667</steeringAngle>
      <velocity>3.2000000000000006</velocity>
      <orientation>-0.06792182559792653</orientation>
      <time>16</time>
    </ksState>
    <ksState>
      <x>-174.35004397473296</x>
      <y>112.39614846587921</y>
      <steeringAngle>-0.17766666666666667</steeringAngle>
      <velocity>2.4000000000000012</velocity>
      <orientation>-0.08741716722795631</orientation>
      <time>17</time>
    </ksState>
    <ksState>
      <x>-174.15261945334117</x>
      <y>112.35756523204483</y>
      <steeringAngle>-0.17766666666666667</steeringAngle>
      <velocity>1.6000000000000005</velocity>
      <orientation>-0.1013424112269373</orientation>
      <time>18</time>
    </ksState>
    <ksState>
      <x>-174.03442937028112</x>
      <y>112.33309701171068</y>
      <steeringAngle>-0.17766666666666667</steeringAngle>
      <velocity>0.8000000000000004</velocity>
      <orientation>-0.1096975575976914</orientation>
      <time>19</time>
    </ksState>
    <ksState>
      <x>-173.9950786169575</x>
      <y>112.32472159027515</y>
      <steeringAngle>-0.17766666666666667</steeringAngle>
      <velocity>2.7755575615628914e-16</velocity>
      <orientation>-0.11248260634390676</orientation>
      <time>20</time>
    </ksState>
    <ksState>
      <x>-173.95572556864906</x>
      <y>112.31677935685958</y>
      <steeringAngle>-0.14213333333333333</steeringAngle>
      <velocity>0.8</velocity>
      <orientation>-0.11489010355470924</orientation>
      <time>21</time>
    </ksState>
    <ksState>
      <x>-173.83751539606763</x>
      <y>112.29457781113734</y>
      <steeringAngle>-0.10660000000000001</steeringAngle>
      <velocity>1.6</velocity>
      <orientation>-0.12061439017504393</orientation>
      <time>22</time>
    </ksState>
    <ksState>
      <x>-173.64025714579083</x>
      <y>112.26016935382184</y>
      <steeringAngle>-0.07106666666666664</steeringAngle>
      <velocity>2.4000000000000004</velocity>
      <orientation>-0.12742990393802262</orientation>
      <time>23</time>
    </ksState>
    <ksState>
      <x>-173.36369575983912</x>
      <y>112.2156628260083</y>
      <steeringAngle>-0.03553333333333332</steeringAngle>
      <velocity>3.1999999999999993</velocity>
      <orientation>-0.13313082465095236</orientation>
      <time>24</time>
    </ksState>
    <ksState>
      <x>-173.00741380467542</x>
      <y>112.16393601195092</y>
      <steeringAngle>2.6020852139652106e-18</steeringAngle>
      <velocity>3.999999999999999</velocity>
      <orientation>-0.13551957623927924</orientation>
      <time>25</time>
    </ksState>
    <ksState>
      <x>-172.6105075222017</x>
      <y>112.11414428796964</y>
      <steeringAngle>0.035533333333333326</steeringAngle>
      <velocity>4.0</velocity>
      <orientation>-0.13276330170667883</orientation>
      <time>26</time>
    </ksState>
    <ksState>
      <x>-172.21232641288788</x>
      <y>112.07433008407915</y>
      <steeringAngle>0.07106666666666711</steeringAngle>
      <velocity>4.0</velocity>
      <orientation>-0.12448754116339342</orientation>
      <time>27</time>
    </ksState>
    <ksState>
      <x>-171.81280727625222</x>
      <y>112.04674382758458</y>
      <steeringAngle>0.10660000000000043</steeringAngle>
      <velocity>4.0</velocity>
      <orientation>-0.11067130134425657</orientation>
      <time>28</time>
    </ksState>
    <ksState>
      <x>-171.41208878985935</x>
      <y>112.03368556689753</y>
      <steeringAngle>0.14213333333333378</steeringAngle>
      <velocity>4.0</velocity>
      <orientation>-0.09127937495871075</orientation>
      <time>29</time>
    </ksState>
    <ksState>
      <x>-171.0105537097693</x>
      <y>112.03750419663551</y>
      <steeringAngle>0.1776666666666672</steeringAngle>
      <velocity>4.0</velocity>
      <orientation>-0.06626196850731342</orientation>
      <time>30</time>
    </ksState>
    <ksState>
      <x>-170.56892234772425</x>
      <y>112.05862676388409</y>
      <steeringAngle>0.17766666666666667</steeringAngle>
      <velocity>4.800000000000002</velocity>
      <orientation>-0.035626431464979236</orientation>
      <time>31</time>
    </ksState>
    <ksState>
      <x>-170.0481280305029</x>
      <y>112.101015091656</y>
      <steeringAngle>0.17766666666666667</steeringAngle>
      <velocity>5.600000000000001</velocity>
      <orientation>0.0005792032115607554</orientation>
      <time>32</time>
    </ksState>
    <ksState>
      <x>-169.44958560131653</x>
      <y>112.17331045646532</y>
      <steeringAngle>0.17766666666666667</steeringAngle>
      <velocity>6.3999999999999995</velocity>
      <orientation>0.042354935521200704</orientation>
      <time>33</time>
    </ksState>
  </ksTrajectory>
</CommonRoadSolution>
