<?xml version="1.0" ?>
<CommonRoadSolution benchmark_id="KS2:SM1:DEU_Guetersloh-25_2_T-1:2020a" computation_time="1.0655516040001203" date="2022-12-18T12:01:12">
  <ksTrajectory planningProblem="1">
    <ksState>
      <x>219.47992</x>
      <y>-446.68322</y>
      <steeringAngle>0.0</steeringAngle>
      <velocity>12.0</velocity>
      <orientation>-0.028740132</orientation>
      <time>0</time>
    </ksState>
    <ksState>
      <x>220.64027874381102</x>
      <y>-446.7022830625007</y>
      <steeringAngle>0.03553333333333333</steeringAngle>
      <velocity>11.200000000000001</velocity>
      <orientation>-0.02083885822765595</orientation>
      <time>1</time>
    </ksState>
    <ksState>
      <x>221.72094500076108</x>
      <y>-446.6824545891627</y>
      <steeringAngle>0.07106666666666667</steeringAngle>
      <velocity>10.400000000000007</velocity>
      <orientation>0.0014135725708340173</orientation>
      <time>2</time>
    </ksState>
    <ksState>
      <x>222.7202420754398</x>
      <y>-446.6159618147752</y>
      <steeringAngle>0.10660000000000001</steeringAngle>
      <velocity>9.60000000000001</velocity>
      <orientation>0.03586158345550572</orientation>
      <time>3</time>
    </ksState>
    <ksState>
      <x>223.6353709908376</x>
      <y>-446.50027564989324</y>
      <steeringAngle>0.14213333333333344</steeringAngle>
      <velocity>8.800000000000008</velocity>
      <orientation>0.08036971557635061</orientation>
      <time>4</time>
    </ksState>
    <ksState>
      <x>224.46300323174512</x>
      <y>-446.33752339496556</y>
      <steeringAngle>0.17766666666666675</steeringAngle>
      <velocity>8.000000000000009</velocity>
      <orientation>0.13281201339133206</orientation>
      <time>5</time>
    </ksState>
    <ksState>
      <x>225.20135809283835</x>
      <y>-446.1426805260517</y>
      <steeringAngle>0.17766666666666667</steeringAngle>
      <velocity>7.2</velocity>
      <orientation>0.18572794083570943</orientation>
      <time>6</time>
    </ksState>
    <ksState>
      <x>225.85244078305618</x>
      <y>-445.93545736742885</y>
      <steeringAngle>0.17766666666666667</steeringAngle>
      <velocity>6.4</velocity>
      <orientation>0.2330737706285206</orientation>
      <time>7</time>
    </ksState>
    <ksState>
      <x>226.41822196737235</x>
      <y>-445.7271995851191</y>
      <steeringAngle>0.17766666666666667</steeringAngle>
      <velocity>5.599999999999999</velocity>
      <orientation>0.27484950278370535</orientation>
      <time>8</time>
    </ksState>
    <ksState>
      <x>226.9011660640845</x>
      <y>-445.52772905655445</y>
      <steeringAngle>0.17766666666666667</steeringAngle>
      <velocity>4.799999999999999</velocity>
      <orientation>0.31105513730521983</orientation>
      <time>9</time>
    </ksState>
    <ksState>
      <x>227.3039493554227</x>
      <y>-445.345383108657</y>
      <steeringAngle>0.17766666666666667</steeringAngle>
      <velocity>4.0</velocity>
      <orientation>0.3416906741945499</orientation>
      <time>10</time>
    </ksState>
    <ksState>
      <x>227.63057191362705</x>
      <y>-445.1906036762093</y>
      <steeringAngle>0.1421333333333333</steeringAngle>
      <velocity>3.1999999999999993</velocity>
      <orientation>0.36430058916799224</orientation>
      <time>11</time>
    </ksState>
    <ksState>
      <x>227.88442126719514</x>
      <y>-445.07085004795215</y>
      <steeringAngle>0.10659999999999997</steeringAngle>
      <velocity>2.3999999999999977</velocity>
      <orientation>0.37796823003869956</orientation>
      <time>12</time>
    </ksState>
    <ksState>
      <x>228.06631960928863</x>
      <y>-444.98710672081756</y>
      <steeringAngle>0.07106666666666664</steeringAngle>
      <velocity>1.5999999999999976</velocity>
      <orientation>0.3849689358919187</orientation>
      <time>13</time>
    </ksState>
    <ksState>
      <x>228.17609252996732</x>
      <y>-444.9384915392765</y>
      <steeringAngle>0.0355333333333333</steeringAngle>
      <velocity>0.7999999999999972</velocity>
      <orientation>0.387543780365886</orientation>
      <time>14</time>
    </ksState>
    <ksState>
      <x>228.2129251126545</x>
      <y>-444.922882706106</y>
      <steeringAngle>-2.5153490401663703e-17</steeringAngle>
      <velocity>-2.914335439641036e-15</velocity>
      <orientation>0.38791129194441715</orientation>
      <time>15</time>
    </ksState>
    <ksState>
      <x>228.2501530844731</x>
      <y>-444.90824200800535</y>
      <steeringAngle>-0.03553333333333333</steeringAngle>
      <velocity>0.8</velocity>
      <orientation>0.3875437601661752</orientation>
      <time>16</time>
    </ksState>
    <ksState>
      <x>228.3626860938706</x>
      <y>-444.8664136117371</y>
      <steeringAngle>-0.0710666666666667</steeringAngle>
      <velocity>1.6</velocity>
      <orientation>0.38496891357418955</orientation>
      <time>17</time>
    </ksState>
    <ksState>
      <x>228.55200034215093</x>
      <y>-444.80115843780027</y>
      <steeringAngle>-0.10660000000000003</steeringAngle>
      <velocity>2.4000000000000004</velocity>
      <orientation>0.3779682093373523</orientation>
      <time>18</time>
    </ksState>
    <ksState>
      <x>228.819954076941</x>
      <y>-444.71764713064266</y>
      <steeringAngle>-0.14213333333333342</steeringAngle>
      <velocity>3.2000000000000015</velocity>
      <orientation>0.36430056839653213</orientation>
      <time>19</time>
    </ksState>
    <ksState>
      <x>229.16881744668416</x>
      <y>-444.6232346373845</y>
      <steeringAngle>-0.17766666666666683</steeringAngle>
      <velocity>4.0000000000000036</velocity>
      <orientation>0.341690652523312</orientation>
      <time>20</time>
    </ksState>
    <ksState>
      <x>229.56163542238863</x>
      <y>-444.5362098660333</y>
      <steeringAngle>-0.21319999999999995</steeringAngle>
      <velocity>4.0</velocity>
      <orientation>0.3109828698858118</orientation>
      <time>21</time>
    </ksState>
    <ksState>
      <x>229.95951670202624</x>
      <y>-444.4702869604654</y>
      <steeringAngle>-0.24873333333333336</steeringAngle>
      <velocity>4.0</velocity>
      <orientation>0.2745040287631175</orientation>
      <time>22</time>
    </ksState>
    <ksState>
      <x>230.36177030245446</x>
      <y>-444.42817243006755</y>
      <steeringAngle>-0.2842666666666667</steeringAngle>
      <velocity>4.0</velocity>
      <orientation>0.2321567949176695</orientation>
      <time>23</time>
    </ksState>
    <ksState>
      <x>230.7672669916206</x>
      <y>-444.41265764648506</y>
      <steeringAngle>-0.31980000000000003</steeringAngle>
      <velocity>4.0</velocity>
      <orientation>0.1838261135505345</orientation>
      <time>24</time>
    </ksState>
    <ksState>
      <x>231.1743711810485</x>
      <y>-444.4265834727201</y>
      <steeringAngle>-0.35533333333333333</steeringAngle>
      <velocity>4.0</velocity>
      <orientation>0.12937791237225604</orientation>
      <time>25</time>
    </ksState>
    <ksState>
      <x>231.58086838262395</x>
      <y>-444.4727878658243</y>
      <steeringAngle>-0.39086666666666653</steeringAngle>
      <velocity>4.0</velocity>
      <orientation>0.06865754606626885</orientation>
      <time>26</time>
    </ksState>
    <ksState>
      <x>231.98388988444628</x>
      <y>-444.55403288672096</y>
      <steeringAngle>-0.42639999999999995</steeringAngle>
      <velocity>4.0</velocity>
      <orientation>0.001487932609865239</orientation>
      <time>27</time>
    </ksState>
    <ksState>
      <x>232.3798374796976</x>
      <y>-444.6729065585554</y>
      <steeringAngle>-0.4619333333333333</steeringAngle>
      <velocity>4.0</velocity>
      <orientation>-0.07233265102247877</orientation>
      <time>28</time>
    </ksState>
    <ksState>
      <x>232.76431230159173</x>
      <y>-444.83169516705516</y>
      <steeringAngle>-0.49746666666666667</steeringAngle>
      <velocity>4.0</velocity>
      <orientation>-0.1530331928356991</orientation>
      <time>29</time>
    </ksState>
    <ksState>
      <x>233.1320537525753</x>
      <y>-445.03222082818434</y>
      <steeringAngle>-0.533</steeringAngle>
      <velocity>4.0</velocity>
      <orientation>-0.24087305943550774</orientation>
      <time>30</time>
    </ksState>
    <ksState>
      <x>233.4466705970736</x>
      <y>-445.2402481086587</y>
      <steeringAngle>-0.4974666666666667</steeringAngle>
      <velocity>3.1999999999999993</velocity>
      <orientation>-0.3200502625447472</orientation>
      <time>31</time>
    </ksState>
    <ksState>
      <x>233.68229121063365</x>
      <y>-445.4116092119906</y>
      <steeringAngle>-0.4619333333333334</steeringAngle>
      <velocity>2.3999999999999986</velocity>
      <orientation>-0.3766573699469561</orientation>
      <time>32</time>
    </ksState>
    <ksState>
      <x>233.84656930029095</x>
      <y>-445.5372602029097</y>
      <steeringAngle>-0.4264000000000001</steeringAngle>
      <velocity>1.5999999999999979</velocity>
      <orientation>-0.4136803301610147</orientation>
      <time>33</time>
    </ksState>
  </ksTrajectory>
</CommonRoadSolution>
