<?xml version="1.0" ?>
<CommonRoadSolution benchmark_id="KS2:SM1:DEU_Flensburg-53_1_T-1:2020a" computation_time="1.3647454189999735" date="2022-12-18T12:01:12">
  <ksTrajectory planningProblem="123">
    <ksState>
      <x>427.34866</x>
      <y>-407.46753</y>
      <steeringAngle>0.0</steeringAngle>
      <velocity>0.0</velocity>
      <orientation>1.2943773</orientation>
      <time>0</time>
    </ksState>
    <ksState>
      <x>427.3600851778137</x>
      <y>-407.4291928478036</y>
      <steeringAngle>-0.03553333333333333</steeringAngle>
      <velocity>0.8</velocity>
      <orientation>1.2940097682217582</orientation>
      <time>1</time>
    </ksState>
    <ksState>
      <x>427.3965326357912</x>
      <y>-407.314803706075</y>
      <steeringAngle>-0.0710666666666667</steeringAngle>
      <velocity>1.6</velocity>
      <orientation>1.2914349216297725</orientation>
      <time>2</time>
    </ksState>
    <ksState>
      <x>427.46187358423185</x>
      <y>-407.12551904535377</y>
      <steeringAngle>-0.10660000000000003</steeringAngle>
      <velocity>2.4000000000000004</velocity>
      <orientation>1.2844342173929353</orientation>
      <time>3</time>
    </ksState>
    <ksState>
      <x>427.5613246949559</x>
      <y>-406.86306367964966</y>
      <steeringAngle>-0.14213333333333342</steeringAngle>
      <velocity>3.2000000000000015</velocity>
      <orientation>1.270766576452115</orientation>
      <time>4</time>
    </ksState>
    <ksState>
      <x>427.70207635649916</x>
      <y>-406.5301848136871</y>
      <steeringAngle>-0.17766666666666683</steeringAngle>
      <velocity>4.0000000000000036</velocity>
      <orientation>1.248156660578895</orientation>
      <time>5</time>
    </ksState>
    <ksState>
      <x>427.88907599742777</x>
      <y>-406.12954088563936</y>
      <steeringAngle>-0.17766666666666667</steeringAngle>
      <velocity>4.800000000000002</velocity>
      <orientation>1.2175211235365608</orientation>
      <time>6</time>
    </ksState>
    <ksState>
      <x>428.1257698009724</x>
      <y>-405.6637087972804</y>
      <steeringAngle>-0.17766666666666667</steeringAngle>
      <velocity>5.600000000000001</velocity>
      <orientation>1.1813154888600208</orientation>
      <time>7</time>
    </ksState>
    <ksState>
      <x>428.4196172963702</x>
      <y>-405.1372742726169</y>
      <steeringAngle>-0.17766666666666667</steeringAngle>
      <velocity>6.3999999999999995</velocity>
      <orientation>1.1395397565503809</orientation>
      <time>8</time>
    </ksState>
    <ksState>
      <x>428.7788837537871</x>
      <y>-404.5560877902831</y>
      <steeringAngle>-0.17766666666666667</steeringAngle>
      <velocity>7.200000000000002</velocity>
      <orientation>1.0921939266082838</orientation>
      <time>9</time>
    </ksState>
    <ksState>
      <x>429.2124517659272</x>
      <y>-403.9274778702812</y>
      <steeringAngle>-0.17766666666666667</steeringAngle>
      <velocity>8.0</velocity>
      <orientation>1.0392779990341339</orientation>
      <time>10</time>
    </ksState>
    <ksState>
      <x>429.68610238800403</x>
      <y>-403.3276082439836</y>
      <steeringAngle>-0.21320000000000014</steeringAngle>
      <velocity>7.200000000000003</velocity>
      <orientation>0.981028671962641</orientation>
      <time>11</time>
    </ksState>
    <ksState>
      <x>430.1527357443733</x>
      <y>-402.8254484126401</y>
      <steeringAngle>-0.24873333333333347</steeringAngle>
      <velocity>6.400000000000004</velocity>
      <orientation>0.9191115844768617</orientation>
      <time>12</time>
    </ksState>
    <ksState>
      <x>430.6011430248987</x>
      <y>-402.4169520269882</y>
      <steeringAngle>-0.2842666666666668</steeringAngle>
      <velocity>5.600000000000001</velocity>
      <orientation>0.8556894417129406</orientation>
      <time>13</time>
    </ksState>
    <ksState>
      <x>431.01944641741517</x>
      <y>-402.0956497735787</y>
      <steeringAngle>-0.3198</steeringAngle>
      <velocity>4.800000000000002</velocity>
      <orientation>0.7929603419709879</orientation>
      <time>14</time>
    </ksState>
    <ksState>
      <x>431.39600632396935</x>
      <y>-401.85288169990514</y>
      <steeringAngle>-0.3553333333333332</steeringAngle>
      <velocity>4.000000000000001</velocity>
      <orientation>0.7331705079227732</orientation>
      <time>15</time>
    </ksState>
    <ksState>
      <x>431.75686343547676</x>
      <y>-401.66012027766163</y>
      <steeringAngle>-0.39086666666666653</steeringAngle>
      <velocity>4.0</velocity>
      <orientation>0.672450141616786</orientation>
      <time>16</time>
    </ksState>
    <ksState>
      <x>432.1347543589846</x>
      <y>-401.4981772806472</y>
      <steeringAngle>-0.42639999999999995</steeringAngle>
      <velocity>4.0</velocity>
      <orientation>0.6052805281603824</orientation>
      <time>17</time>
    </ksState>
    <ksState>
      <x>432.52818649121195</x>
      <y>-401.37122608777474</y>
      <steeringAngle>-0.4619333333333333</steeringAngle>
      <velocity>4.0</velocity>
      <orientation>0.5314599445280384</orientation>
      <time>18</time>
    </ksState>
    <ksState>
      <x>432.9348368179987</x>
      <y>-401.2836462808327</y>
      <steeringAngle>-0.49746666666666667</steeringAngle>
      <velocity>4.0</velocity>
      <orientation>0.450759402714818</orientation>
      <time>19</time>
    </ksState>
    <ksState>
      <x>433.3514094175628</x>
      <y>-401.2399246061714</y>
      <steeringAngle>-0.533</steeringAngle>
      <velocity>4.0</velocity>
      <orientation>0.3629195361150094</orientation>
      <time>20</time>
    </ksState>
    <ksState>
      <x>433.77036369226994</x>
      <y>-401.23337689253884</y>
      <steeringAngle>-0.4974666666666666</steeringAngle>
      <velocity>4.0</velocity>
      <orientation>0.2750796692755602</orientation>
      <time>21</time>
    </ksState>
    <ksState>
      <x>434.1860394754202</x>
      <y>-401.2522324852489</y>
      <steeringAngle>-0.4619333333333334</steeringAngle>
      <velocity>4.0</velocity>
      <orientation>0.19437912748839</orientation>
      <time>22</time>
    </ksState>
    <ksState>
      <x>434.597502301061</x>
      <y>-401.29344453449414</y>
      <steeringAngle>-0.42640000000000017</steeringAngle>
      <velocity>4.0</velocity>
      <orientation>0.12055854423858495</orientation>
      <time>23</time>
    </ksState>
    <ksState>
      <x>435.00423382690195</x>
      <y>-401.35410700803374</y>
      <steeringAngle>-0.3908666666666668</steeringAngle>
      <velocity>4.0</velocity>
      <orientation>0.05338893137572237</orientation>
      <time>24</time>
    </ksState>
    <ksState>
      <x>435.4060600652436</x>
      <y>-401.43146126156284</y>
      <steeringAngle>-0.3553333333333335</steeringAngle>
      <velocity>4.0</velocity>
      <orientation>-0.007331436502563404</orientation>
      <time>25</time>
    </ksState>
    <ksState>
      <x>435.76361819017103</x>
      <y>-401.51292583923265</y>
      <steeringAngle>-0.31979999999999975</steeringAngle>
      <velocity>3.2</velocity>
      <orientation>-0.056437996560351755</orientation>
      <time>26</time>
    </ksState>
    <ksState>
      <x>436.03931073227653</x>
      <y>-401.58170188752115</y>
      <steeringAngle>-0.2842666666666663</steeringAngle>
      <velocity>2.4000000000000004</velocity>
      <orientation>-0.09037025192656613</orientation>
      <time>27</time>
    </ksState>
    <ksState>
      <x>436.2352363575332</x>
      <y>-401.6320273910866</y>
      <steeringAngle>-0.24873333333333292</steeringAngle>
      <velocity>1.6000000000000008</velocity>
      <orientation>-0.11164257287350488</orientation>
      <time>28</time>
    </ksState>
    <ksState>
      <x>436.352578134063</x>
      <y>-401.66167191629273</y>
      <steeringAngle>-0.21319999999999967</steeringAngle>
      <velocity>0.8000000000000008</velocity>
      <orientation>-0.1226831636145597</orientation>
      <time>29</time>
    </ksState>
    <ksState>
      <x>436.3917122116486</x>
      <y>-401.6711013483274</y>
      <steeringAngle>-0.1776666666666663</steeringAngle>
      <velocity>6.661338147750939e-16</velocity>
      <orientation>-0.125849401156438</orientation>
      <time>30</time>
    </ksState>
    <ksState>
      <x>436.43095558533804</x>
      <y>-401.6795688806872</y>
      <steeringAngle>-0.14213333333333333</steeringAngle>
      <velocity>0.8</velocity>
      <orientation>-0.12825689836724047</orientation>
      <time>31</time>
    </ksState>
    <ksState>
      <x>436.5488584430307</x>
      <y>-401.70334848711985</y>
      <steeringAngle>-0.10660000000000001</steeringAngle>
      <velocity>1.6</velocity>
      <orientation>-0.13398118498757516</orientation>
      <time>32</time>
    </ksState>
    <ksState>
      <x>436.7456391542926</x>
      <y>-401.7403905026207</y>
      <steeringAngle>-0.07106666666666664</steeringAngle>
      <velocity>2.4000000000000004</velocity>
      <orientation>-0.14079669875055384</orientation>
      <time>33</time>
    </ksState>
    <ksState>
      <x>437.0215809419246</x>
      <y>-401.7885896836926</y>
      <steeringAngle>-0.03553333333333332</steeringAngle>
      <velocity>3.1999999999999993</velocity>
      <orientation>-0.1464976194634836</orientation>
      <time>34</time>
    </ksState>
    <ksState>
      <x>437.37713966777886</x>
      <y>-401.84507408274834</y>
      <steeringAngle>2.6020852139652106e-18</steeringAngle>
      <velocity>3.999999999999999</velocity>
      <orientation>-0.14888637105181046</orientation>
      <time>35</time>
    </ksState>
    <ksState>
      <x>437.81227189749563</x>
      <y>-401.910342325915</y>
      <steeringAngle>0.0</steeringAngle>
      <velocity>4.8</velocity>
      <orientation>-0.14888637105181046</orientation>
      <time>36</time>
    </ksState>
    <ksState>
      <x>438.32651907792996</x>
      <y>-401.98747752236363</y>
      <steeringAngle>0.0</steeringAngle>
      <velocity>5.6</velocity>
      <orientation>-0.14888637105181046</orientation>
      <time>37</time>
    </ksState>
    <ksState>
      <x>438.919881209066</x>
      <y>-402.076479672092</y>
      <steeringAngle>0.0</steeringAngle>
      <velocity>6.4</velocity>
      <orientation>-0.14888637105181046</orientation>
      <time>38</time>
    </ksState>
    <ksState>
      <x>439.5923582908944</x>
      <y>-402.17734877509855</y>
      <steeringAngle>0.0</steeringAngle>
      <velocity>7.199999999999999</velocity>
      <orientation>-0.14888637105181046</orientation>
      <time>39</time>
    </ksState>
    <ksState>
      <x>440.34395032340956</x>
      <y>-402.2900848313825</y>
      <steeringAngle>0.0</steeringAngle>
      <velocity>7.999999999999998</velocity>
      <orientation>-0.14888637105181046</orientation>
      <time>40</time>
    </ksState>
    <ksState>
      <x>441.1364574105535</x>
      <y>-402.3995411788352</y>
      <steeringAngle>0.03553333333333333</steeringAngle>
      <velocity>8.0</velocity>
      <orientation>-0.1433738360489717</orientation>
      <time>41</time>
    </ksState>
    <ksState>
      <x>441.9322308014835</x>
      <y>-402.48468684418117</y>
      <steeringAngle>0.07106666666666667</steeringAngle>
      <velocity>8.0</velocity>
      <orientation>-0.12682231516870204</orientation>
      <time>42</time>
    </ksState>
    <ksState>
      <x>442.7314519032824</x>
      <y>-402.5365712644076</y>
      <steeringAngle>0.10659999999999997</steeringAngle>
      <velocity>8.0</velocity>
      <orientation>-0.09918983587800714</orientation>
      <time>43</time>
    </ksState>
    <ksState>
      <x>443.5331944633267</x>
      <y>-402.5460823824954</y>
      <steeringAngle>0.1421333333333333</steeringAngle>
      <velocity>8.0</velocity>
      <orientation>-0.06040598360527222</orientation>
      <time>44</time>
    </ksState>
    <ksState>
      <x>444.3351014435097</x>
      <y>-402.5040044551562</y>
      <steeringAngle>0.17766666666666667</steeringAngle>
      <velocity>8.0</velocity>
      <orientation>-0.010371171356117537</orientation>
      <time>45</time>
    </ksState>
    <ksState>
      <x>445.09408150256377</x>
      <y>-402.4253608240831</y>
      <steeringAngle>0.1421333333333334</steeringAngle>
      <velocity>7.2</velocity>
      <orientation>0.03725615038951939</orientation>
      <time>46</time>
    </ksState>
    <ksState>
      <x>445.7705459975639</x>
      <y>-402.34130106903103</y>
      <steeringAngle>0.10660000000000011</steeringAngle>
      <velocity>6.4</velocity>
      <orientation>0.07031572083748736</orientation>
      <time>47</time>
    </ksState>
    <ksState>
      <x>446.366191577424</x>
      <y>-402.26298258459707</y>
      <steeringAngle>0.07106666666666674</steeringAngle>
      <velocity>5.600000000000001</velocity>
      <orientation>0.09113266913137583</orientation>
      <time>48</time>
    </ksState>
    <ksState>
      <x>446.8822762572498</x>
      <y>-402.1971728403465</y>
      <steeringAngle>0.03553333333333339</steeringAngle>
      <velocity>4.800000000000001</velocity>
      <orientation>0.1019832787890387</orientation>
      <time>49</time>
    </ksState>
    <ksState>
      <x>447.31946057447453</x>
      <y>-402.14705046278823</y>
      <steeringAngle>5.5294310796760726e-17</steeringAngle>
      <velocity>4.0</velocity>
      <orientation>0.10510705462620426</orientation>
      <time>50</time>
    </ksState>
    <ksState>
      <x>447.7172531092575</x>
      <y>-402.10508500948515</y>
      <steeringAngle>0.0</steeringAngle>
      <velocity>4.0</velocity>
      <orientation>0.10510705462620426</orientation>
      <time>51</time>
    </ksState>
    <ksState>
      <x>448.1150456440405</x>
      <y>-402.0631195561821</y>
      <steeringAngle>0.0</steeringAngle>
      <velocity>4.0</velocity>
      <orientation>0.10510705462620426</orientation>
      <time>52</time>
    </ksState>
    <ksState>
      <x>448.5128381788235</x>
      <y>-402.02115410287905</y>
      <steeringAngle>0.0</steeringAngle>
      <velocity>4.0</velocity>
      <orientation>0.10510705462620426</orientation>
      <time>53</time>
    </ksState>
    <ksState>
      <x>448.91063071360645</x>
      <y>-401.979188649576</y>
      <steeringAngle>0.0</steeringAngle>
      <velocity>4.0</velocity>
      <orientation>0.10510705462620426</orientation>
      <time>54</time>
    </ksState>
    <ksState>
      <x>449.30842324838943</x>
      <y>-401.9372231962729</y>
      <steeringAngle>0.0</steeringAngle>
      <velocity>4.0</velocity>
      <orientation>0.10510705462620426</orientation>
      <time>55</time>
    </ksState>
    <ksState>
      <x>449.66604621174037</x>
      <y>-401.8957950560178</y>
      <steeringAngle>0.03553333333333333</steeringAngle>
      <velocity>3.2</velocity>
      <orientation>0.10749580300599682</orientation>
      <time>56</time>
    </ksState>
    <ksState>
      <x>449.94345958817513</x>
      <y>-401.85698871789134</y>
      <steeringAngle>0.07106666666666668</steeringAngle>
      <velocity>2.4</velocity>
      <orientation>0.11319671801179346</orientation>
      <time>57</time>
    </ksState>
    <ksState>
      <x>450.1409783174532</x>
      <y>-401.82413556495675</y>
      <steeringAngle>0.10660000000000003</steeringAngle>
      <velocity>1.5999999999999994</velocity>
      <orientation>0.12001225175652491</orientation>
      <time>58</time>
    </ksState>
    <ksState>
      <x>450.259077243051</x>
      <y>-401.8013614004545</y>
      <steeringAngle>0.14213333333333342</steeringAngle>
      <velocity>0.7999999999999988</velocity>
      <orientation>0.12573651324300464</orientation>
      <time>59</time>
    </ksState>
    <ksState>
      <x>450.2983219504783</x>
      <y>-401.79290127408694</y>
      <steeringAngle>0.17766666666666675</steeringAngle>
      <velocity>-1.5265566588595902e-15</velocity>
      <orientation>0.12814400771756046</orientation>
      <time>60</time>
    </ksState>
    <ksState>
      <x>450.3374032815238</x>
      <y>-401.7832614356953</y>
      <steeringAngle>0.21319999999999997</steeringAngle>
      <velocity>0.8</velocity>
      <orientation>0.1313102411987141</orientation>
      <time>61</time>
    </ksState>
    <ksState>
      <x>450.4541408241891</x>
      <y>-401.7513492002902</y>
      <steeringAngle>0.24873333333333328</steeringAngle>
      <velocity>1.6000000000000005</velocity>
      <orientation>0.14235083350911398</orientation>
      <time>62</time>
    </ksState>
    <ksState>
      <x>450.6471966583094</x>
      <y>-401.69100954730493</y>
      <steeringAngle>0.2842666666666665</steeringAngle>
      <velocity>2.400000000000001</velocity>
      <orientation>0.16362315491007395</orientation>
      <time>63</time>
    </ksState>
    <ksState>
      <x>450.9139773179529</x>
      <y>-401.5933294894182</y>
      <steeringAngle>0.31979999999999986</steeringAngle>
      <velocity>3.200000000000001</velocity>
      <orientation>0.19755541118977005</orientation>
      <time>64</time>
    </ksState>
    <ksState>
      <x>451.24974657646277</x>
      <y>-401.44605515873735</y>
      <steeringAngle>0.3553333333333332</steeringAngle>
      <velocity>4.0</velocity>
      <orientation>0.24666197197774686</orientation>
      <time>65</time>
    </ksState>
    <ksState>
      <x>451.61087219017355</x>
      <y>-401.25379722794423</y>
      <steeringAngle>0.39086666666666653</steeringAngle>
      <velocity>4.0</velocity>
      <orientation>0.30738233828373407</orientation>
      <time>66</time>
    </ksState>
    <ksState>
      <x>451.95589664590904</x>
      <y>-401.03022350565993</y>
      <steeringAngle>0.42639999999999995</steeringAngle>
      <velocity>4.0</velocity>
      <orientation>0.37455195174013767</orientation>
      <time>67</time>
    </ksState>
    <ksState>
      <x>452.28052273160534</x>
      <y>-400.77424820894913</y>
      <steeringAngle>0.4619333333333333</steeringAngle>
      <velocity>4.0</velocity>
      <orientation>0.4483725353724817</orientation>
      <time>68</time>
    </ksState>
    <ksState>
      <x>452.57981933038906</x>
      <y>-400.48536024309334</y>
      <steeringAngle>0.49746666666666667</steeringAngle>
      <velocity>4.0</velocity>
      <orientation>0.529073077185702</orientation>
      <time>69</time>
    </ksState>
    <ksState>
      <x>452.84822426867163</x>
      <y>-400.16379671181477</y>
      <steeringAngle>0.533</steeringAngle>
      <velocity>4.0</velocity>
      <orientation>0.6169129437855106</orientation>
      <time>70</time>
    </ksState>
    <ksState>
      <x>453.0795788834295</x>
      <y>-399.81074667404994</y>
      <steeringAngle>0.5685333333333333</steeringAngle>
      <velocity>4.0</velocity>
      <orientation>0.7121855834347405</orientation>
      <time>71</time>
    </ksState>
    <ksState>
      <x>453.26720664892144</x>
      <y>-399.42858539461645</y>
      <steeringAngle>0.6040666666666665</steeringAngle>
      <velocity>4.0</velocity>
      <orientation>0.8152229366532032</orientation>
      <time>72</time>
    </ksState>
    <ksState>
      <x>453.4040510643012</x>
      <y>-399.0211367614171</y>
      <steeringAngle>0.6396</steeringAngle>
      <velocity>4.0</velocity>
      <orientation>0.9264007194286938</orientation>
      <time>73</time>
    </ksState>
    <ksState>
      <x>453.482891771832</x>
      <y>-398.59395791493506</y>
      <steeringAngle>0.6751333333333333</steeringAngle>
      <velocity>4.0</velocity>
      <orientation>1.0461447683086242</orientation>
      <time>74</time>
    </ksState>
    <ksState>
      <x>453.49666132471475</x>
      <y>-398.1546342632094</y>
      <steeringAngle>0.7106666666666664</steeringAngle>
      <velocity>4.0</velocity>
      <orientation>1.1749387059929348</orientation>
      <time>75</time>
    </ksState>
    <ksState>
      <x>453.45996039335927</x>
      <y>-397.7603892521159</y>
      <steeringAngle>0.6751333333333334</steeringAngle>
      <velocity>3.1999999999999984</velocity>
      <orientation>1.291008448536149</orientation>
      <time>76</time>
    </ksState>
    <ksState>
      <x>453.4096953296687</x>
      <y>-397.46018214179634</y>
      <steeringAngle>0.6395999999999997</steeringAngle>
      <velocity>2.3999999999999986</velocity>
      <orientation>1.3749758928567681</orientation>
      <time>77</time>
    </ksState>
    <ksState>
      <x>453.36489718271457</x>
      <y>-397.24975826066066</y>
      <steeringAngle>0.6040666666666666</steeringAngle>
      <velocity>1.5999999999999988</velocity>
      <orientation>1.4307038411342363</orientation>
      <time>78</time>
    </ksState>
    <ksState>
      <x>453.3359610003613</x>
      <y>-397.1252026400669</y>
      <steeringAngle>0.5685333333333333</steeringAngle>
      <velocity>0.7999999999999987</velocity>
      <orientation>1.4617474429079824</orientation>
      <time>79</time>
    </ksState>
    <ksState>
      <x>453.32646026962755</x>
      <y>-397.08399078037553</y>
      <steeringAngle>0.5330000000000004</steeringAngle>
      <velocity>-1.2212453270876722e-15</velocity>
      <orientation>1.471401224678318</orientation>
      <time>80</time>
    </ksState>
    <ksState>
      <x>453.32646026962755</x>
      <y>-397.08399078037553</y>
      <steeringAngle>0.49746666666666667</steeringAngle>
      <velocity>0.0</velocity>
      <orientation>1.471401224678318</orientation>
      <time>81</time>
    </ksState>
    <ksState>
      <x>453.32646026962755</x>
      <y>-397.08399078037553</y>
      <steeringAngle>0.4619333333333333</steeringAngle>
      <velocity>0.0</velocity>
      <orientation>1.471401224678318</orientation>
      <time>82</time>
    </ksState>
    <ksState>
      <x>453.32646026962755</x>
      <y>-397.08399078037553</y>
      <steeringAngle>0.42639999999999995</steeringAngle>
      <velocity>0.0</velocity>
      <orientation>1.471401224678318</orientation>
      <time>83</time>
    </ksState>
    <ksState>
      <x>453.32646026962755</x>
      <y>-397.08399078037553</y>
      <steeringAngle>0.3908666666666666</steeringAngle>
      <velocity>0.0</velocity>
      <orientation>1.471401224678318</orientation>
      <time>84</time>
    </ksState>
    <ksState>
      <x>453.32646026962755</x>
      <y>-397.08399078037553</y>
      <steeringAngle>0.3553333333333333</steeringAngle>
      <velocity>0.0</velocity>
      <orientation>1.471401224678318</orientation>
      <time>85</time>
    </ksState>
    <ksState>
      <x>453.3227574547177</x>
      <y>-397.043443710515</y>
      <steeringAngle>0.3198</steeringAngle>
      <velocity>0.8</velocity>
      <orientation>1.4767428648290926</orientation>
      <time>86</time>
    </ksState>
    <ksState>
      <x>453.31274163081054</x>
      <y>-396.9221185925077</y>
      <steeringAngle>0.28426666666666656</steeringAngle>
      <velocity>1.6000000000000003</velocity>
      <orientation>1.4911412925573657</orientation>
      <time>87</time>
    </ksState>
    <ksState>
      <x>453.2965935819878</x>
      <y>-396.72052573082846</y>
      <steeringAngle>0.24873333333333336</steeringAngle>
      <velocity>2.4000000000000012</velocity>
      <orientation>1.5122162032804307</orientation>
      <time>88</time>
    </ksState>
    <ksState>
      <x>453.27318293077593</x>
      <y>-396.43916419460237</y>
      <steeringAngle>0.2131999999999999</steeringAngle>
      <velocity>3.200000000000001</velocity>
      <orientation>1.5376544411976705</orientation>
      <time>89</time>
    </ksState>
    <ksState>
      <x>453.24082643840075</x>
      <y>-396.0784811822965</y>
      <steeringAngle>0.17766666666666672</steeringAngle>
      <velocity>4.000000000000001</velocity>
      <orientation>1.56519597551749</orientation>
      <time>90</time>
    </ksState>
    <ksState>
      <x>453.2022837968496</x>
      <y>-395.67874839412974</y>
      <steeringAngle>0.1421333333333333</steeringAngle>
      <velocity>4.0</velocity>
      <orientation>1.5902133818620132</orientation>
      <time>91</time>
    </ksState>
    <ksState>
      <x>453.16287681677414</x>
      <y>-395.2797327256351</y>
      <steeringAngle>0.10659999999999999</steeringAngle>
      <velocity>4.0</velocity>
      <orientation>1.609605308152764</orientation>
      <time>92</time>
    </ksState>
    <ksState>
      <x>453.1247756152444</x>
      <y>-394.881060680695</y>
      <steeringAngle>0.07106666666666664</steeringAngle>
      <velocity>4.0</velocity>
      <orientation>1.6234215478877168</orientation>
      <time>93</time>
    </ksState>
    <ksState>
      <x>453.09014363001575</x>
      <y>-394.48238453543024</y>
      <steeringAngle>0.03553333333333332</steeringAngle>
      <velocity>4.0</velocity>
      <orientation>1.6316973083499822</orientation>
      <time>94</time>
    </ksState>
    <ksState>
      <x>453.061150908031</x>
      <y>-394.08341570433</y>
      <steeringAngle>-2.2985086056692694e-17</steeringAngle>
      <velocity>4.0</velocity>
      <orientation>1.6344535716448225</orientation>
      <time>95</time>
    </ksState>
    <ksState>
      <x>453.0419225793653</x>
      <y>-393.7239150143478</y>
      <steeringAngle>-0.03553333333333333</steeringAngle>
      <velocity>3.2</velocity>
      <orientation>1.6320648232650299</orientation>
      <time>96</time>
    </ksState>
    <ksState>
      <x>453.0335820460563</x>
      <y>-393.44392474878873</y>
      <steeringAngle>-0.07106666666666668</steeringAngle>
      <velocity>2.4</velocity>
      <orientation>1.6263639082592334</orientation>
      <time>97</time>
    </ksState>
    <ksState>
      <x>453.03279235511025</x>
      <y>-393.24369399575227</y>
      <steeringAngle>-0.10660000000000003</steeringAngle>
      <velocity>1.5999999999999994</velocity>
      <orientation>1.6195483745145018</orientation>
      <time>98</time>
    </ksState>
    <ksState>
      <x>453.03540656150375</x>
      <y>-393.12344764561607</y>
      <steeringAngle>-0.14213333333333342</steeringAngle>
      <velocity>0.7999999999999988</velocity>
      <orientation>1.6138241130280222</orientation>
      <time>99</time>
    </ksState>
  </ksTrajectory>
</CommonRoadSolution>
