<?xml version="1.0" ?>
<CommonRoadSolution benchmark_id="KS2:SM1:DEU_Moabit-1_2_T-1:2020a" computation_time="2.6138297160005095" date="2022-12-18T12:01:12">
  <ksTrajectory planningProblem="1">
    <ksState>
      <x>878.93418</x>
      <y>769.43145</y>
      <steeringAngle>0.0</steeringAngle>
      <velocity>8.0</velocity>
      <orientation>1.4230224</orientation>
      <time>0</time>
    </ksState>
    <ksState>
      <x>879.0519693497808</x>
      <y>770.2227310304047</y>
      <steeringAngle>0.0</steeringAngle>
      <velocity>8.0</velocity>
      <orientation>1.4230224</orientation>
      <time>1</time>
    </ksState>
    <ksState>
      <x>879.1697586995616</x>
      <y>771.0140120608093</y>
      <steeringAngle>0.0</steeringAngle>
      <velocity>8.0</velocity>
      <orientation>1.4230224</orientation>
      <time>2</time>
    </ksState>
    <ksState>
      <x>879.2875480493425</x>
      <y>771.8052930912139</y>
      <steeringAngle>0.0</steeringAngle>
      <velocity>8.0</velocity>
      <orientation>1.4230224</orientation>
      <time>3</time>
    </ksState>
    <ksState>
      <x>879.4053373991233</x>
      <y>772.5965741216186</y>
      <steeringAngle>0.0</steeringAngle>
      <velocity>8.0</velocity>
      <orientation>1.4230224</orientation>
      <time>4</time>
    </ksState>
    <ksState>
      <x>879.5231267489041</x>
      <y>773.3878551520231</y>
      <steeringAngle>0.0</steeringAngle>
      <velocity>8.0</velocity>
      <orientation>1.4230224</orientation>
      <time>5</time>
    </ksState>
    <ksState>
      <x>879.640916098685</x>
      <y>774.1791361824278</y>
      <steeringAngle>0.0</steeringAngle>
      <velocity>8.0</velocity>
      <orientation>1.4230224</orientation>
      <time>6</time>
    </ksState>
    <ksState>
      <x>879.7587054484658</x>
      <y>774.9704172128323</y>
      <steeringAngle>0.0</steeringAngle>
      <velocity>8.0</velocity>
      <orientation>1.4230224</orientation>
      <time>7</time>
    </ksState>
    <ksState>
      <x>879.8764947982467</x>
      <y>775.761698243237</y>
      <steeringAngle>0.0</steeringAngle>
      <velocity>8.0</velocity>
      <orientation>1.4230224</orientation>
      <time>8</time>
    </ksState>
    <ksState>
      <x>879.9942841480274</x>
      <y>776.5529792736417</y>
      <steeringAngle>0.0</steeringAngle>
      <velocity>8.0</velocity>
      <orientation>1.4230224</orientation>
      <time>9</time>
    </ksState>
    <ksState>
      <x>880.1120734978083</x>
      <y>777.3442603040462</y>
      <steeringAngle>0.0</steeringAngle>
      <velocity>8.0</velocity>
      <orientation>1.4230224</orientation>
      <time>10</time>
    </ksState>
    <ksState>
      <x>880.2206481577572</x>
      <y>778.1368886648736</y>
      <steeringAngle>0.03553333333333333</steeringAngle>
      <velocity>8.0</velocity>
      <orientation>1.428534935002839</orientation>
      <time>11</time>
    </ksState>
    <ksState>
      <x>880.3049085170621</x>
      <y>778.9327562831929</y>
      <steeringAngle>0.07106666666666667</steeringAngle>
      <velocity>8.0</velocity>
      <orientation>1.4450864558831085</orientation>
      <time>12</time>
    </ksState>
    <ksState>
      <x>880.3559038164428</x>
      <y>779.7320346089743</y>
      <steeringAngle>0.10659999999999997</steeringAngle>
      <velocity>8.0</velocity>
      <orientation>1.4727189351738033</orientation>
      <time>13</time>
    </ksState>
    <ksState>
      <x>880.364523034923</x>
      <y>780.5337872535141</y>
      <steeringAngle>0.1421333333333333</steeringAngle>
      <velocity>8.0</velocity>
      <orientation>1.5115027874465383</orientation>
      <time>14</time>
    </ksState>
    <ksState>
      <x>880.3215530569894</x>
      <y>781.3356469281654</y>
      <steeringAngle>0.17766666666666667</steeringAngle>
      <velocity>8.0</velocity>
      <orientation>1.561537599695693</orientation>
      <time>15</time>
    </ksState>
    <ksState>
      <x>880.2370249525785</x>
      <y>782.1343302378225</y>
      <steeringAngle>0.14213333333333336</steeringAngle>
      <velocity>8.0</velocity>
      <orientation>1.6115724112444414</orientation>
      <time>16</time>
    </ksState>
    <ksState>
      <x>880.1331024841265</x>
      <y>782.9294694898268</y>
      <steeringAngle>0.1066000000000001</steeringAngle>
      <velocity>8.0</velocity>
      <orientation>1.6503562632514388</orientation>
      <time>17</time>
    </ksState>
    <ksState>
      <x>880.0186343011546</x>
      <y>783.7222240983748</y>
      <steeringAngle>0.07106666666666674</steeringAngle>
      <velocity>8.0</velocity>
      <orientation>1.6779887422811257</orientation>
      <time>18</time>
    </ksState>
    <ksState>
      <x>879.9023428792062</x>
      <y>784.5140894872566</y>
      <steeringAngle>0.035533333333333354</steeringAngle>
      <velocity>8.0</velocity>
      <orientation>1.6945402629101551</orientation>
      <time>19</time>
    </ksState>
    <ksState>
      <x>879.7929032663342</x>
      <y>785.3066134783317</y>
      <steeringAngle>2.0816681711721685e-17</steeringAngle>
      <velocity>8.0</velocity>
      <orientation>1.70005278936856</orientation>
      <time>20</time>
    </ksState>
    <ksState>
      <x>879.6990238493057</x>
      <y>786.1011163607867</y>
      <steeringAngle>-0.03553333333333333</steeringAngle>
      <velocity>8.0</velocity>
      <orientation>1.694540254365721</orientation>
      <time>21</time>
    </ksState>
    <ksState>
      <x>879.6295145438035</x>
      <y>786.8984077319228</y>
      <steeringAngle>-0.07106666666666667</steeringAngle>
      <velocity>8.0</velocity>
      <orientation>1.6779887334854515</orientation>
      <time>22</time>
    </ksState>
    <ksState>
      <x>879.5933277491961</x>
      <y>787.6984932764235</y>
      <steeringAngle>-0.10659999999999997</steeringAngle>
      <velocity>8.0</velocity>
      <orientation>1.6503562541947567</orientation>
      <time>23</time>
    </ksState>
    <ksState>
      <x>879.5995555858831</x>
      <y>788.5002680627593</y>
      <steeringAngle>-0.1421333333333333</steeringAngle>
      <velocity>8.0</velocity>
      <orientation>1.6115724019220217</orientation>
      <time>24</time>
    </ksState>
    <ksState>
      <x>879.6573657561726</x>
      <y>789.3011946143521</y>
      <steeringAngle>-0.17766666666666667</steeringAngle>
      <velocity>8.0</velocity>
      <orientation>1.561537589672867</orientation>
      <time>25</time>
    </ksState>
    <ksState>
      <x>879.7686371776965</x>
      <y>790.0573739258255</y>
      <steeringAngle>-0.21320000000000014</steeringAngle>
      <velocity>7.200000000000003</velocity>
      <orientation>1.5032882626013742</orientation>
      <time>26</time>
    </ksState>
    <ksState>
      <x>879.922568308585</x>
      <y>790.7253682315157</y>
      <steeringAngle>-0.24873333333333347</steeringAngle>
      <velocity>6.400000000000004</velocity>
      <orientation>1.4413711751155946</orientation>
      <time>27</time>
    </ksState>
    <ksState>
      <x>880.1074260578939</x>
      <y>791.3030930785142</y>
      <steeringAngle>-0.2842666666666668</steeringAngle>
      <velocity>5.600000000000001</velocity>
      <orientation>1.3779490323516737</orientation>
      <time>28</time>
    </ksState>
    <ksState>
      <x>880.3096888435575</x>
      <y>791.7902302581385</y>
      <steeringAngle>-0.3198</steeringAngle>
      <velocity>4.800000000000002</velocity>
      <orientation>1.315219932609721</orientation>
      <time>29</time>
    </ksState>
    <ksState>
      <x>880.5149487644763</x>
      <y>792.1884790066408</y>
      <steeringAngle>-0.3553333333333332</steeringAngle>
      <velocity>4.000000000000001</velocity>
      <orientation>1.2554300985615061</orientation>
      <time>30</time>
    </ksState>
    <ksState>
      <x>880.731544470886</x>
      <y>792.5355541005264</y>
      <steeringAngle>-0.39086666666666653</steeringAngle>
      <velocity>4.0</velocity>
      <orientation>1.194709732255519</orientation>
      <time>31</time>
    </ksState>
    <ksState>
      <x>880.9782767402706</x>
      <y>792.8644161865077</y>
      <steeringAngle>-0.42639999999999995</steeringAngle>
      <velocity>4.0</velocity>
      <orientation>1.1275401187991152</orientation>
      <time>32</time>
    </ksState>
    <ksState>
      <x>881.2559337894293</x>
      <y>793.1707036513071</y>
      <steeringAngle>-0.4619333333333333</steeringAngle>
      <velocity>4.0</velocity>
      <orientation>1.0537195351667714</orientation>
      <time>33</time>
    </ksState>
  </ksTrajectory>
</CommonRoadSolution>
