<?xml version="1.0" ?>
<CommonRoadSolution benchmark_id="KS2:SM1:DEU_Moelln-12_1_T-1:2020a" computation_time="0.7619799900003272" date="2022-12-18T12:01:12">
  <ksTrajectory planningProblem="1">
    <ksState>
      <x>-237.0051</x>
      <y>759.35919</y>
      <steeringAngle>0.0</steeringAngle>
      <velocity>4.0</velocity>
      <orientation>-1.778436</orientation>
      <time>0</time>
    </ksState>
    <ksState>
      <x>-237.08336240056795</x>
      <y>758.9669033579875</y>
      <steeringAngle>0.035533333333333326</steeringAngle>
      <velocity>4.0</velocity>
      <orientation>-1.7756797254673995</orientation>
      <time>1</time>
    </ksState>
    <ksState>
      <x>-237.15176507883362</x>
      <y>758.5726262469959</y>
      <steeringAngle>0.07106666666666711</steeringAngle>
      <velocity>4.0</velocity>
      <orientation>-1.767403964924114</orientation>
      <time>2</time>
    </ksState>
    <ksState>
      <x>-237.20806801161342</x>
      <y>758.1761334704589</y>
      <steeringAngle>0.10660000000000043</steeringAngle>
      <velocity>4.0</velocity>
      <orientation>-1.7535877251049772</orientation>
      <time>3</time>
    </ksState>
    <ksState>
      <x>-237.24996713676245</x>
      <y>757.7773976094923</y>
      <steeringAngle>0.14213333333333378</steeringAngle>
      <velocity>4.0</velocity>
      <orientation>-1.7341957987194314</orientation>
      <time>4</time>
    </ksState>
    <ksState>
      <x>-237.27509208519805</x>
      <y>757.3766311694775</y>
      <steeringAngle>0.1776666666666672</steeringAngle>
      <velocity>4.0</velocity>
      <orientation>-1.7091783922680341</orientation>
      <time>5</time>
    </ksState>
    <ksState>
      <x>-237.28101026522145</x>
      <y>756.97433246452</y>
      <steeringAngle>0.21319999999999995</steeringAngle>
      <velocity>4.0</velocity>
      <orientation>-1.678470609630534</orientation>
      <time>6</time>
    </ksState>
    <ksState>
      <x>-237.26523885948154</x>
      <y>756.5713354360873</y>
      <steeringAngle>0.24873333333333336</steeringAngle>
      <velocity>4.0</velocity>
      <orientation>-1.6419917685078398</orientation>
      <time>7</time>
    </ksState>
    <ksState>
      <x>-237.22526661913938</x>
      <y>756.1688633094374</y>
      <steeringAngle>0.2842666666666667</steeringAngle>
      <velocity>4.0</velocity>
      <orientation>-1.5996445346623918</orientation>
      <time>8</time>
    </ksState>
    <ksState>
      <x>-237.15858766814867</x>
      <y>755.7685856671326</y>
      <steeringAngle>0.31980000000000003</steeringAngle>
      <velocity>4.0</velocity>
      <orientation>-1.5513138532952566</orientation>
      <time>9</time>
    </ksState>
    <ksState>
      <x>-237.062749897303</x>
      <y>755.3726780120343</y>
      <steeringAngle>0.35533333333333333</steeringAngle>
      <velocity>4.0</velocity>
      <orientation>-1.4968656521169783</orientation>
      <time>10</time>
    </ksState>
    <ksState>
      <x>-236.93542092962653</x>
      <y>754.9838822368241</y>
      <steeringAngle>0.39086666666666653</steeringAngle>
      <velocity>4.0</velocity>
      <orientation>-1.436145285810991</orientation>
      <time>11</time>
    </ksState>
    <ksState>
      <x>-236.7744748160034</x>
      <y>754.6055656592581</y>
      <steeringAngle>0.42639999999999995</steeringAngle>
      <velocity>4.0</velocity>
      <orientation>-1.3689756723545874</orientation>
      <time>12</time>
    </ksState>
    <ksState>
      <x>-236.57810335355188</x>
      <y>754.2417749271397</y>
      <steeringAngle>0.4619333333333333</steeringAngle>
      <velocity>4.0</velocity>
      <orientation>-1.2951550887222436</orientation>
      <time>13</time>
    </ksState>
    <ksState>
      <x>-236.34495552414737</x>
      <y>753.8972799337018</y>
      <steeringAngle>0.49746666666666667</steeringAngle>
      <velocity>4.0</velocity>
      <orientation>-1.214454546909023</orientation>
      <time>14</time>
    </ksState>
    <ksState>
      <x>-236.07430891215316</x>
      <y>753.5776008337299</y>
      <steeringAngle>0.533</steeringAngle>
      <velocity>4.0</velocity>
      <orientation>-1.1266146803092145</orientation>
      <time>15</time>
    </ksState>
    <ksState>
      <x>-235.79845480925766</x>
      <y>753.3164407351808</y>
      <steeringAngle>0.5685333333333333</steeringAngle>
      <velocity>3.199999999999999</velocity>
      <orientation>-1.0409958271123616</orientation>
      <time>16</time>
    </ksState>
    <ksState>
      <x>-235.56204525921174</x>
      <y>753.1349553436477</y>
      <steeringAngle>0.6040666666666664</steeringAngle>
      <velocity>2.3999999999999995</velocity>
      <orientation>-0.9690020822991433</orientation>
      <time>17</time>
    </ksState>
    <ksState>
      <x>-235.38060577812266</x>
      <y>753.019714058769</y>
      <steeringAngle>0.6395999999999996</steeringAngle>
      <velocity>1.5999999999999983</velocity>
      <orientation>-0.9135522475231305</orientation>
      <time>18</time>
    </ksState>
    <ksState>
      <x>-235.2658981418263</x>
      <y>752.9578388960564</y>
      <steeringAngle>0.675133333333333</steeringAngle>
      <velocity>0.7999999999999986</velocity>
      <orientation>-0.8777756426043013</orientation>
      <time>19</time>
    </ksState>
    <ksState>
      <x>-235.22629738004792</x>
      <y>752.938881544797</y>
      <steeringAngle>0.7106666666666662</steeringAngle>
      <velocity>-1.27675647831893e-15</velocity>
      <orientation>-0.8650514455056931</orientation>
      <time>20</time>
    </ksState>
    <ksState>
      <x>-235.22629738004792</x>
      <y>752.938881544797</y>
      <steeringAngle>0.6751333333333334</steeringAngle>
      <velocity>0.0</velocity>
      <orientation>-0.8650514455056931</orientation>
      <time>21</time>
    </ksState>
    <ksState>
      <x>-235.22629738004792</x>
      <y>752.938881544797</y>
      <steeringAngle>0.6396</steeringAngle>
      <velocity>0.0</velocity>
      <orientation>-0.8650514455056931</orientation>
      <time>22</time>
    </ksState>
    <ksState>
      <x>-235.22629738004792</x>
      <y>752.938881544797</y>
      <steeringAngle>0.6040666666666666</steeringAngle>
      <velocity>0.0</velocity>
      <orientation>-0.8650514455056931</orientation>
      <time>23</time>
    </ksState>
    <ksState>
      <x>-235.22629738004792</x>
      <y>752.938881544797</y>
      <steeringAngle>0.5685333333333333</steeringAngle>
      <velocity>0.0</velocity>
      <orientation>-0.8650514455056931</orientation>
      <time>24</time>
    </ksState>
    <ksState>
      <x>-235.22629738004792</x>
      <y>752.938881544797</y>
      <steeringAngle>0.5329999999999999</steeringAngle>
      <velocity>0.0</velocity>
      <orientation>-0.8650514455056931</orientation>
      <time>25</time>
    </ksState>
    <ksState>
      <x>-235.22629738004792</x>
      <y>752.938881544797</y>
      <steeringAngle>0.49746666666666667</steeringAngle>
      <velocity>0.0</velocity>
      <orientation>-0.8650514455056931</orientation>
      <time>26</time>
    </ksState>
    <ksState>
      <x>-235.22629738004792</x>
      <y>752.938881544797</y>
      <steeringAngle>0.4619333333333333</steeringAngle>
      <velocity>0.0</velocity>
      <orientation>-0.8650514455056931</orientation>
      <time>27</time>
    </ksState>
    <ksState>
      <x>-235.22629738004792</x>
      <y>752.938881544797</y>
      <steeringAngle>0.42639999999999995</steeringAngle>
      <velocity>0.0</velocity>
      <orientation>-0.8650514455056931</orientation>
      <time>28</time>
    </ksState>
    <ksState>
      <x>-235.22629738004792</x>
      <y>752.938881544797</y>
      <steeringAngle>0.3908666666666666</steeringAngle>
      <velocity>0.0</velocity>
      <orientation>-0.8650514455056931</orientation>
      <time>29</time>
    </ksState>
    <ksState>
      <x>-235.22629738004792</x>
      <y>752.938881544797</y>
      <steeringAngle>0.3553333333333333</steeringAngle>
      <velocity>0.0</velocity>
      <orientation>-0.8650514455056931</orientation>
      <time>30</time>
    </ksState>
    <ksState>
      <x>-235.19404848804663</x>
      <y>752.9138403743874</y>
      <steeringAngle>0.35533333333333333</steeringAngle>
      <velocity>0.8</velocity>
      <orientation>-0.8592957747254285</orientation>
      <time>31</time>
    </ksState>
    <ksState>
      <x>-235.09644470328723</x>
      <y>752.8398361844762</y>
      <steeringAngle>0.35533333333333333</steeringAngle>
      <velocity>1.6000000000000005</velocity>
      <orientation>-0.8420287625551756</orientation>
      <time>32</time>
    </ksState>
    <ksState>
      <x>-234.93097912149756</x>
      <y>752.7202760291558</y>
      <steeringAngle>0.35533333333333333</steeringAngle>
      <velocity>2.4</velocity>
      <orientation>-0.813250409020121</orientation>
      <time>33</time>
    </ksState>
  </ksTrajectory>
</CommonRoadSolution>
