<?xml version="1.0" ?>
<CommonRoadSolution benchmark_id="KS2:SM1:ITA_Segrate-2_3_T-1:2020a" computation_time="0.5846680790000391" date="2022-12-18T12:01:12">
  <ksTrajectory planningProblem="1">
    <ksState>
      <x>-677.34006</x>
      <y>-950.88666</y>
      <steeringAngle>0.0</steeringAngle>
      <velocity>0.0</velocity>
      <orientation>1.3570432</orientation>
      <time>0</time>
    </ksState>
    <ksState>
      <x>-677.331058108325</x>
      <y>-950.8476825979203</y>
      <steeringAngle>-0.03553333333333333</steeringAngle>
      <velocity>0.8</velocity>
      <orientation>1.356675668221758</orientation>
      <time>1</time>
    </ksState>
    <ksState>
      <x>-677.3018457995569</x>
      <y>-950.7312354684801</y>
      <steeringAngle>-0.0710666666666667</steeringAngle>
      <velocity>1.6</velocity>
      <orientation>1.3541008216297723</orientation>
      <time>2</time>
    </ksState>
    <ksState>
      <x>-677.2484870382157</x>
      <y>-950.5382303780923</y>
      <steeringAngle>-0.10660000000000003</steeringAngle>
      <velocity>2.4000000000000004</velocity>
      <orientation>1.3471001173929351</orientation>
      <time>3</time>
    </ksState>
    <ksState>
      <x>-677.1656673758108</x>
      <y>-950.2700620616747</y>
      <steeringAngle>-0.14213333333333342</steeringAngle>
      <velocity>3.2000000000000015</velocity>
      <orientation>1.3334324764521148</orientation>
      <time>4</time>
    </ksState>
    <ksState>
      <x>-677.0460384941669</x>
      <y>-949.9290220342463</y>
      <steeringAngle>-0.17766666666666683</steeringAngle>
      <velocity>4.0000000000000036</velocity>
      <orientation>1.3108225605788948</orientation>
      <time>5</time>
    </ksState>
    <ksState>
      <x>-676.895440230312</x>
      <y>-949.5559276282453</y>
      <steeringAngle>-0.21319999999999995</steeringAngle>
      <velocity>4.0</velocity>
      <orientation>1.2801147779413946</orientation>
      <time>6</time>
    </ksState>
    <ksState>
      <x>-676.724579792791</x>
      <y>-949.1906030423568</y>
      <steeringAngle>-0.24873333333333336</steeringAngle>
      <velocity>4.0</velocity>
      <orientation>1.2436359368187004</orientation>
      <time>7</time>
    </ksState>
    <ksState>
      <x>-676.5316170567856</x>
      <y>-948.8351498453793</y>
      <steeringAngle>-0.2842666666666667</steeringAngle>
      <velocity>4.0</velocity>
      <orientation>1.2012887029732524</orientation>
      <time>8</time>
    </ksState>
    <ksState>
      <x>-676.3148899931136</x>
      <y>-948.4920789295231</y>
      <steeringAngle>-0.31980000000000003</steeringAngle>
      <velocity>4.0</velocity>
      <orientation>1.1529580216061173</orientation>
      <time>9</time>
    </ksState>
    <ksState>
      <x>-676.0729823777132</x>
      <y>-948.1643466374046</y>
      <steeringAngle>-0.35533333333333333</steeringAngle>
      <velocity>4.0</velocity>
      <orientation>1.098509820427839</orientation>
      <time>10</time>
    </ksState>
    <ksState>
      <x>-675.8048080482793</x>
      <y>-947.8553849086039</y>
      <steeringAngle>-0.39086666666666653</steeringAngle>
      <velocity>4.0</velocity>
      <orientation>1.0377894541218518</orientation>
      <time>11</time>
    </ksState>
    <ksState>
      <x>-675.5097137116057</x>
      <y>-947.5691220629272</y>
      <steeringAngle>-0.42639999999999995</steeringAngle>
      <velocity>4.0</velocity>
      <orientation>0.9706198406654482</orientation>
      <time>12</time>
    </ksState>
    <ksState>
      <x>-675.1876024556565</x>
      <y>-947.3099893038413</y>
      <steeringAngle>-0.4619333333333333</steeringAngle>
      <velocity>4.0</velocity>
      <orientation>0.8967992570331041</orientation>
      <time>13</time>
    </ksState>
    <ksState>
      <x>-674.8390793049825</x>
      <y>-947.0829071065999</y>
      <steeringAngle>-0.49746666666666667</steeringAngle>
      <velocity>4.0</velocity>
      <orientation>0.8160987152198838</orientation>
      <time>14</time>
    </ksState>
    <ksState>
      <x>-674.4656196960941</x>
      <y>-946.8932436254768</y>
      <steeringAngle>-0.533</steeringAngle>
      <velocity>4.0</velocity>
      <orientation>0.7282588486200752</orientation>
      <time>15</time>
    </ksState>
    <ksState>
      <x>-674.069760336711</x>
      <y>-946.7467354191388</y>
      <steeringAngle>-0.5685333333333333</steeringAngle>
      <velocity>4.0</velocity>
      <orientation>0.6329862089708453</orientation>
      <time>16</time>
    </ksState>
    <ksState>
      <x>-673.6553099292627</x>
      <y>-946.6493584113414</y>
      <steeringAngle>-0.6040666666666665</steeringAngle>
      <velocity>4.0</velocity>
      <orientation>0.5299488557523826</orientation>
      <time>17</time>
    </ksState>
    <ksState>
      <x>-673.2275740894745</x>
      <y>-946.6071347914421</y>
      <steeringAngle>-0.6396</steeringAngle>
      <velocity>4.0</velocity>
      <orientation>0.41877107297689203</orientation>
      <time>18</time>
    </ksState>
    <ksState>
      <x>-672.7935844128996</x>
      <y>-946.6258586978738</y>
      <steeringAngle>-0.6751333333333333</steeringAngle>
      <velocity>4.0</velocity>
      <orientation>0.2990270240969616</orientation>
      <time>19</time>
    </ksState>
    <ksState>
      <x>-672.3623151468648</x>
      <y>-946.7107214796221</y>
      <steeringAngle>-0.7106666666666664</steeringAngle>
      <velocity>4.0</velocity>
      <orientation>0.1702330864126509</orientation>
      <time>20</time>
    </ksState>
    <ksState>
      <x>-671.9862729943391</x>
      <y>-946.8346907768624</y>
      <steeringAngle>-0.6751333333333334</steeringAngle>
      <velocity>3.1999999999999984</velocity>
      <orientation>0.05416334386943669</orientation>
      <time>21</time>
    </ksState>
    <ksState>
      <x>-671.7049198138089</x>
      <y>-946.9508427183865</y>
      <steeringAngle>-0.6395999999999997</steeringAngle>
      <velocity>2.3999999999999986</velocity>
      <orientation>-0.02980410045118248</orientation>
      <time>22</time>
    </ksState>
    <ksState>
      <x>-671.5098512368694</x>
      <y>-947.0415804393932</y>
      <steeringAngle>-0.6040666666666666</steeringAngle>
      <velocity>1.5999999999999988</velocity>
      <orientation>-0.08553204872865072</orientation>
      <time>23</time>
    </ksState>
    <ksState>
      <x>-671.3949259921184</x>
      <y>-947.0976481965233</y>
      <steeringAngle>-0.5685333333333333</steeringAngle>
      <velocity>0.7999999999999987</velocity>
      <orientation>-0.11657565050239671</orientation>
      <time>24</time>
    </ksState>
    <ksState>
      <x>-671.3568841213765</x>
      <y>-947.1161278430069</y>
      <steeringAngle>-0.5330000000000004</steeringAngle>
      <velocity>-1.2212453270876722e-15</velocity>
      <orientation>-0.1262294322727323</orientation>
      <time>25</time>
    </ksState>
    <ksState>
      <x>-671.3568841213765</x>
      <y>-947.1161278430069</y>
      <steeringAngle>-0.49746666666666667</steeringAngle>
      <velocity>0.0</velocity>
      <orientation>-0.1262294322727323</orientation>
      <time>26</time>
    </ksState>
    <ksState>
      <x>-671.3568841213765</x>
      <y>-947.1161278430069</y>
      <steeringAngle>-0.4619333333333333</steeringAngle>
      <velocity>0.0</velocity>
      <orientation>-0.1262294322727323</orientation>
      <time>27</time>
    </ksState>
    <ksState>
      <x>-671.3568841213765</x>
      <y>-947.1161278430069</y>
      <steeringAngle>-0.42639999999999995</steeringAngle>
      <velocity>0.0</velocity>
      <orientation>-0.1262294322727323</orientation>
      <time>28</time>
    </ksState>
    <ksState>
      <x>-671.3568841213765</x>
      <y>-947.1161278430069</y>
      <steeringAngle>-0.3908666666666666</steeringAngle>
      <velocity>0.0</velocity>
      <orientation>-0.1262294322727323</orientation>
      <time>29</time>
    </ksState>
    <ksState>
      <x>-671.3568841213765</x>
      <y>-947.1161278430069</y>
      <steeringAngle>-0.3553333333333333</steeringAngle>
      <velocity>0.0</velocity>
      <orientation>-0.1262294322727323</orientation>
      <time>30</time>
    </ksState>
    <ksState>
      <x>-671.3568841213765</x>
      <y>-947.1161278430069</y>
      <steeringAngle>-0.3198</steeringAngle>
      <velocity>0.0</velocity>
      <orientation>-0.1262294322727323</orientation>
      <time>31</time>
    </ksState>
    <ksState>
      <x>-671.3568841213765</x>
      <y>-947.1161278430069</y>
      <steeringAngle>-0.2842666666666666</steeringAngle>
      <velocity>0.0</velocity>
      <orientation>-0.1262294322727323</orientation>
      <time>32</time>
    </ksState>
    <ksState>
      <x>-671.3568841213765</x>
      <y>-947.1161278430069</y>
      <steeringAngle>-0.24873333333333333</steeringAngle>
      <velocity>0.0</velocity>
      <orientation>-0.1262294322727323</orientation>
      <time>33</time>
    </ksState>
  </ksTrajectory>
</CommonRoadSolution>
