<?xml version="1.0" ?>
<CommonRoadSolution benchmark_id="KS2:SM1:ITA_Empoli-2_4_T-1:2020a" computation_time="2.08295937100047" date="2022-12-18T12:01:12">
  <ksTrajectory planningProblem="1">
    <ksState>
      <x>77.766066</x>
      <y>523.42166</y>
      <steeringAngle>0.0</steeringAngle>
      <velocity>12.0</velocity>
      <orientation>1.2584709</orientation>
      <time>0</time>
    </ksState>
    <ksState>
      <x>78.1225019741406</x>
      <y>524.5255410602618</y>
      <steeringAngle>0.0</steeringAngle>
      <velocity>11.200000000000001</velocity>
      <orientation>1.2584709</orientation>
      <time>1</time>
    </ksState>
    <ksState>
      <x>78.45435615681227</x>
      <y>525.5532923917687</y>
      <steeringAngle>0.0</steeringAngle>
      <velocity>10.4</velocity>
      <orientation>1.2584709</orientation>
      <time>2</time>
    </ksState>
    <ksState>
      <x>78.76162854811012</x>
      <y>526.5049139948151</y>
      <steeringAngle>0.0</steeringAngle>
      <velocity>9.599999999999998</velocity>
      <orientation>1.2584709</orientation>
      <time>3</time>
    </ksState>
    <ksState>
      <x>79.04431914806123</x>
      <y>527.3804058694849</y>
      <steeringAngle>0.0</steeringAngle>
      <velocity>8.799999999999999</velocity>
      <orientation>1.2584709</orientation>
      <time>4</time>
    </ksState>
    <ksState>
      <x>79.30242795667444</x>
      <y>528.1797680158054</y>
      <steeringAngle>0.0</steeringAngle>
      <velocity>7.999999999999997</velocity>
      <orientation>1.2584709</orientation>
      <time>5</time>
    </ksState>
    <ksState>
      <x>79.54414382357919</x>
      <y>528.9003344306366</y>
      <steeringAngle>-0.03553333333333333</steeringAngle>
      <velocity>7.199999999999999</velocity>
      <orientation>1.2533258870175077</orientation>
      <time>6</time>
    </ksState>
    <ksState>
      <x>79.7792659976434</x>
      <y>529.5386793515656</y>
      <steeringAngle>-0.07106666666666664</steeringAngle>
      <velocity>6.400000000000001</velocity>
      <orientation>1.2393492148965446</orientation>
      <time>7</time>
    </ksState>
    <ksState>
      <x>80.0076144202287</x>
      <y>530.0942703502228</y>
      <steeringAngle>-0.10659999999999997</steeringAngle>
      <velocity>5.600000000000004</velocity>
      <orientation>1.2187174470306632</orientation>
      <time>8</time>
    </ksState>
    <ksState>
      <x>80.22613559687494</x>
      <y>530.5674390040846</y>
      <steeringAngle>-0.1421333333333333</steeringAngle>
      <velocity>4.800000000000003</velocity>
      <orientation>1.193601239522015</orientation>
      <time>9</time>
    </ksState>
    <ksState>
      <x>80.42964535745394</x>
      <y>530.9594545433304</y>
      <steeringAngle>-0.17766666666666653</steeringAngle>
      <velocity>4.000000000000006</velocity>
      <orientation>1.1661763429368652</orientation>
      <time>10</time>
    </ksState>
    <ksState>
      <x>80.60465898889588</x>
      <y>531.2756968508198</y>
      <steeringAngle>-0.1421333333333333</steeringAngle>
      <velocity>3.1999999999999993</velocity>
      <orientation>1.143566427963423</orientation>
      <time>11</time>
    </ksState>
    <ksState>
      <x>80.74013960053325</x>
      <y>531.5215126958301</y>
      <steeringAngle>-0.10659999999999997</steeringAngle>
      <velocity>2.3999999999999977</velocity>
      <orientation>1.1298987870927155</orientation>
      <time>12</time>
    </ksState>
    <ksState>
      <x>80.8351563500487</x>
      <y>531.6977845569068</y>
      <steeringAngle>-0.07106666666666664</steeringAngle>
      <velocity>1.5999999999999976</velocity>
      <orientation>1.1228980812394964</orientation>
      <time>13</time>
    </ksState>
    <ksState>
      <x>80.89057867858168</x>
      <y>531.8042828925303</y>
      <steeringAngle>-0.0355333333333333</steeringAngle>
      <velocity>0.7999999999999972</velocity>
      <orientation>1.1203232367655291</orientation>
      <time>14</time>
    </ksState>
    <ksState>
      <x>80.90847293518185</x>
      <y>531.8400609640418</y>
      <steeringAngle>2.5153490401663703e-17</steeringAngle>
      <velocity>-2.914335439641036e-15</velocity>
      <orientation>1.119955725186998</orientation>
      <time>15</time>
    </ksState>
    <ksState>
      <x>80.9259018274037</x>
      <y>531.8760642107575</y>
      <steeringAngle>0.0</steeringAngle>
      <velocity>0.8</velocity>
      <orientation>1.119955725186998</orientation>
      <time>16</time>
    </ksState>
    <ksState>
      <x>80.97818850355286</x>
      <y>531.9840739498377</y>
      <steeringAngle>0.0</steeringAngle>
      <velocity>1.6</velocity>
      <orientation>1.119955725186998</orientation>
      <time>17</time>
    </ksState>
    <ksState>
      <x>81.06533296355305</x>
      <y>532.164090181125</y>
      <steeringAngle>0.0</steeringAngle>
      <velocity>2.4000000000000004</velocity>
      <orientation>1.119955725186998</orientation>
      <time>18</time>
    </ksState>
    <ksState>
      <x>81.18733520738118</x>
      <y>532.4161129045716</y>
      <steeringAngle>0.0</steeringAngle>
      <velocity>3.2000000000000006</velocity>
      <orientation>1.119955725186998</orientation>
      <time>19</time>
    </ksState>
    <ksState>
      <x>81.3441952350278</x>
      <y>532.740142120158</y>
      <steeringAngle>0.0</steeringAngle>
      <velocity>4.000000000000001</velocity>
      <orientation>1.119955725186998</orientation>
      <time>20</time>
    </ksState>
    <ksState>
      <x>81.51462131633147</x>
      <y>533.1020381876355</y>
      <steeringAngle>0.035533333333333326</steeringAngle>
      <velocity>4.0</velocity>
      <orientation>1.1227119997195985</orientation>
      <time>21</time>
    </ksState>
    <ksState>
      <x>81.67595715195246</x>
      <y>533.4682404743436</y>
      <steeringAngle>0.07106666666666711</steeringAngle>
      <velocity>4.0</velocity>
      <orientation>1.130987760262884</orientation>
      <time>22</time>
    </ksState>
    <ksState>
      <x>81.82608286753337</x>
      <y>533.8395069710906</y>
      <steeringAngle>0.10660000000000043</steeringAngle>
      <velocity>4.0</velocity>
      <orientation>1.1448040000820208</orientation>
      <time>23</time>
    </ksState>
    <ksState>
      <x>81.96276880732611</x>
      <y>534.2164191324388</y>
      <steeringAngle>0.14213333333333378</steeringAngle>
      <velocity>4.0</velocity>
      <orientation>1.1641959264675665</orientation>
      <time>24</time>
    </ksState>
    <ksState>
      <x>82.08366318361335</x>
      <y>534.5993415165561</y>
      <steeringAngle>0.1776666666666672</steeringAngle>
      <velocity>4.0</velocity>
      <orientation>1.1892133329189638</orientation>
      <time>25</time>
    </ksState>
    <ksState>
      <x>82.20527639505801</x>
      <y>535.024003931849</y>
      <steeringAngle>0.14213333333333333</steeringAngle>
      <velocity>4.8000000000000025</velocity>
      <orientation>1.2166382326373162</orientation>
      <time>26</time>
    </ksState>
    <ksState>
      <x>82.34550477765468</x>
      <y>535.5260209605212</y>
      <steeringAngle>0.10660000000000003</steeringAngle>
      <velocity>5.600000000000005</velocity>
      <orientation>1.241754444916234</orientation>
      <time>27</time>
    </ksState>
    <ksState>
      <x>82.50524597645324</x>
      <y>536.1051202489388</y>
      <steeringAngle>0.07106666666666671</steeringAngle>
      <velocity>6.400000000000004</velocity>
      <orientation>1.2623862145156937</orientation>
      <time>28</time>
    </ksState>
    <ksState>
      <x>82.68762515155277</x>
      <y>536.7605184761403</y>
      <steeringAngle>0.035533333333333375</steeringAngle>
      <velocity>7.200000000000006</velocity>
      <orientation>1.2763628826084858</orientation>
      <time>29</time>
    </ksState>
    <ksState>
      <x>82.89865801498883</x>
      <y>537.490673984901</y>
      <steeringAngle>2.6346112791397758e-17</steeringAngle>
      <velocity>8.000000000000007</velocity>
      <orientation>1.2815078953880543</orientation>
      <time>30</time>
    </ksState>
    <ksState>
      <x>83.12371152808004</x>
      <y>538.2166171195483</y>
      <steeringAngle>-0.03553333333333333</steeringAngle>
      <velocity>7.199999999999999</velocity>
      <orientation>1.276362882405562</orientation>
      <time>31</time>
    </ksState>
    <ksState>
      <x>83.34406706654305</x>
      <y>538.8602086914954</y>
      <steeringAngle>-0.07106666666666664</steeringAngle>
      <velocity>6.400000000000001</velocity>
      <orientation>1.2623862102845989</orientation>
      <time>32</time>
    </ksState>
    <ksState>
      <x>83.55955688398124</x>
      <y>539.4209122660038</y>
      <steeringAngle>-0.10659999999999997</steeringAngle>
      <velocity>5.600000000000004</velocity>
      <orientation>1.2417544424187175</orientation>
      <time>33</time>
    </ksState>
  </ksTrajectory>
</CommonRoadSolution>
