<?xml version="1.0" ?>
<CommonRoadSolution benchmark_id="KS2:SM1:USA_US101-26_2_T-1:2020a" computation_time="1.368784653000148" date="2022-12-18T12:01:12">
  <ksTrajectory planningProblem="33">
    <ksState>
      <x>0.0</x>
      <y>0.0</y>
      <steeringAngle>0.0</steeringAngle>
      <velocity>12.0</velocity>
      <orientation>-0.69407</orientation>
      <time>0</time>
    </ksState>
    <ksState>
      <x>0.9007267304932768</x>
      <y>-0.731009936109989</y>
      <steeringAngle>0.03553333333333333</steeringAngle>
      <velocity>11.200000000000001</velocity>
      <orientation>-0.6861687262276559</orientation>
      <time>1</time>
    </ksState>
    <ksState>
      <x>1.7627884851324922</x>
      <y>-1.3822536322038075</y>
      <steeringAngle>0.07106666666666667</steeringAngle>
      <velocity>10.400000000000007</velocity>
      <orientation>-0.663916295429166</orientation>
      <time>2</time>
    </ksState>
    <ksState>
      <x>2.5896619024671717</x>
      <y>-1.9465847780338879</y>
      <steeringAngle>0.10660000000000001</steeringAngle>
      <velocity>9.60000000000001</velocity>
      <orientation>-0.6294682845444942</orientation>
      <time>3</time>
    </ksState>
    <ksState>
      <x>3.380705251453527</x>
      <y>-2.4202880222122984</y>
      <steeringAngle>0.14213333333333344</steeringAngle>
      <velocity>8.800000000000008</velocity>
      <orientation>-0.5849601524236494</orientation>
      <time>4</time>
    </ksState>
    <ksState>
      <x>4.13198704991062</x>
      <y>-2.8029830090730083</y>
      <steeringAngle>0.17766666666666675</steeringAngle>
      <velocity>8.000000000000009</velocity>
      <orientation>-0.532517854608668</orientation>
      <time>5</time>
    </ksState>
    <ksState>
      <x>4.833140703396328</x>
      <y>-3.1054977999018143</y>
      <steeringAngle>0.17766666666666667</steeringAngle>
      <velocity>7.2</velocity>
      <orientation>-0.4796019271642906</orientation>
      <time>6</time>
    </ksState>
    <ksState>
      <x>5.473278772637151</x>
      <y>-3.3443981123327404</y>
      <steeringAngle>0.17766666666666667</steeringAngle>
      <velocity>6.4</velocity>
      <orientation>-0.4322560973714794</orientation>
      <time>7</time>
    </ksState>
    <ksState>
      <x>6.046947714221581</x>
      <y>-3.52982625981902</y>
      <steeringAngle>0.17766666666666667</steeringAngle>
      <velocity>5.599999999999999</velocity>
      <orientation>-0.39048036521629464</orientation>
      <time>8</time>
    </ksState>
    <ksState>
      <x>6.550023090150491</x>
      <y>-3.6710305743739657</y>
      <steeringAngle>0.17766666666666667</steeringAngle>
      <velocity>4.799999999999999</velocity>
      <orientation>-0.35427473069478016</orientation>
      <time>9</time>
    </ksState>
    <ksState>
      <x>6.9794635793338475</x>
      <y>-3.776222260099669</y>
      <steeringAngle>0.17766666666666667</steeringAngle>
      <velocity>4.0</velocity>
      <orientation>-0.32363919380545014</orientation>
      <time>10</time>
    </ksState>
    <ksState>
      <x>7.410456084498341</x>
      <y>-3.873038584406645</y>
      <steeringAngle>0.14213333333333333</steeringAngle>
      <velocity>4.8000000000000025</velocity>
      <orientation>-0.2962142940870977</orientation>
      <time>11</time>
    </ksState>
    <ksState>
      <x>7.919751411208434</x>
      <y>-3.9839591260293794</y>
      <steeringAngle>0.10660000000000003</steeringAngle>
      <velocity>5.600000000000005</velocity>
      <orientation>-0.27109808180817985</orientation>
      <time>12</time>
    </ksState>
    <ksState>
      <x>8.50712964677824</x>
      <y>-4.109895795899994</y>
      <steeringAngle>0.07106666666666671</steeringAngle>
      <velocity>6.400000000000004</velocity>
      <orientation>-0.25046631220872034</orientation>
      <time>13</time>
    </ksState>
    <ksState>
      <x>9.171989767210764</x>
      <y>-4.254013872446672</y>
      <steeringAngle>0.035533333333333375</steeringAngle>
      <velocity>7.200000000000006</velocity>
      <orientation>-0.23648964411592804</orientation>
      <time>14</time>
    </ksState>
    <ksState>
      <x>9.913141080794887</x>
      <y>-4.4224082512012535</y>
      <steeringAngle>2.6346112791397758e-17</steeringAngle>
      <velocity>8.000000000000007</velocity>
      <orientation>-0.2313446313363596</orientation>
      <time>15</time>
    </ksState>
    <ksState>
      <x>10.65089904496458</x>
      <y>-4.605043693545845</y>
      <steeringAngle>-0.03553333333333333</steeringAngle>
      <velocity>7.199999999999999</velocity>
      <orientation>-0.23648964431885192</orientation>
      <time>16</time>
    </ksState>
    <ksState>
      <x>11.306171588583899</x>
      <y>-4.787758138489936</y>
      <steeringAngle>-0.07106666666666664</steeringAngle>
      <velocity>6.400000000000001</velocity>
      <orientation>-0.25046631643981504</orientation>
      <time>17</time>
    </ksState>
    <ksState>
      <x>11.878413462772567</x>
      <y>-4.970415186837702</y>
      <steeringAngle>-0.10659999999999997</steeringAngle>
      <velocity>5.600000000000004</velocity>
      <orientation>-0.2710980843056964</orientation>
      <time>18</time>
    </ksState>
    <ksState>
      <x>12.36770815414428</x>
      <y>-5.149944528828519</y>
      <steeringAngle>-0.1421333333333333</steeringAngle>
      <velocity>4.800000000000003</velocity>
      <orientation>-0.29621429181434467</orientation>
      <time>19</time>
    </ksState>
    <ksState>
      <x>12.774901373899281</x>
      <y>-5.3210763126871825</y>
      <steeringAngle>-0.17766666666666653</steeringAngle>
      <velocity>4.000000000000006</velocity>
      <orientation>-0.32363918839949446</orientation>
      <time>20</time>
    </ksState>
    <ksState>
      <x>13.13919236469933</x>
      <y>-5.490933988644031</y>
      <steeringAngle>-0.17766666666666667</steeringAngle>
      <velocity>4.0</velocity>
      <orientation>-0.35148967655475033</orientation>
      <time>21</time>
    </ksState>
    <ksState>
      <x>13.498612110507723</x>
      <y>-5.670870173656601</y>
      <steeringAngle>-0.17766666666666667</steeringAngle>
      <velocity>4.0</velocity>
      <orientation>-0.37934016471000626</orientation>
      <time>22</time>
    </ksState>
    <ksState>
      <x>13.852881812216058</x>
      <y>-5.860745301015322</y>
      <steeringAngle>-0.17766666666666667</steeringAngle>
      <velocity>4.0</velocity>
      <orientation>-0.4071906528652621</orientation>
      <time>23</time>
    </ksState>
    <ksState>
      <x>14.201726698247276</x>
      <y>-6.060412103303341</y>
      <steeringAngle>-0.17766666666666667</steeringAngle>
      <velocity>4.0</velocity>
      <orientation>-0.435041141020518</orientation>
      <time>24</time>
    </ksState>
    <ksState>
      <x>14.544876204106632</x>
      <y>-6.269715719947089</y>
      <steeringAngle>-0.17766666666666667</steeringAngle>
      <velocity>4.0</velocity>
      <orientation>-0.4628916291757738</orientation>
      <time>25</time>
    </ksState>
    <ksState>
      <x>14.884134285243046</x>
      <y>-6.484601251188596</y>
      <steeringAngle>-0.1421333333333333</steeringAngle>
      <velocity>4.0</velocity>
      <orientation>-0.48790903552029713</orientation>
      <time>26</time>
    </ksState>
    <ksState>
      <x>15.22236223166943</x>
      <y>-6.699934179555531</y>
      <steeringAngle>-0.10659999999999999</steeringAngle>
      <velocity>4.0</velocity>
      <orientation>-0.5073009618110477</orientation>
      <time>27</time>
    </ksState>
    <ksState>
      <x>15.560873192799278</x>
      <y>-6.913946866491857</y>
      <steeringAngle>-0.07106666666666664</steeringAngle>
      <velocity>4.0</velocity>
      <orientation>-0.5211172015460006</orientation>
      <time>28</time>
    </ksState>
    <ksState>
      <x>15.900954306774123</x>
      <y>-7.124865995832174</y>
      <steeringAngle>-0.03553333333333332</steeringAngle>
      <velocity>4.0</velocity>
      <orientation>-0.529392962008266</orientation>
      <time>29</time>
    </ksState>
    <ksState>
      <x>16.243842929833317</x>
      <y>-7.330885650948213</y>
      <steeringAngle>2.2985086056692694e-17</steeringAngle>
      <velocity>4.0</velocity>
      <orientation>-0.5321492253031064</orientation>
      <time>30</time>
    </ksState>
    <ksState>
      <x>16.588530359264315</x>
      <y>-7.53384026654552</y>
      <steeringAngle>0.0</steeringAngle>
      <velocity>4.0</velocity>
      <orientation>-0.5321492253031064</orientation>
      <time>31</time>
    </ksState>
    <ksState>
      <x>16.933217788695313</x>
      <y>-7.736794882142829</y>
      <steeringAngle>0.0</steeringAngle>
      <velocity>4.0</velocity>
      <orientation>-0.5321492253031064</orientation>
      <time>32</time>
    </ksState>
    <ksState>
      <x>17.27790521812631</x>
      <y>-7.939749497740136</y>
      <steeringAngle>0.0</steeringAngle>
      <velocity>4.0</velocity>
      <orientation>-0.5321492253031064</orientation>
      <time>33</time>
    </ksState>
    <ksState>
      <x>17.622592647557312</x>
      <y>-8.142704113337444</y>
      <steeringAngle>0.0</steeringAngle>
      <velocity>4.0</velocity>
      <orientation>-0.5321492253031064</orientation>
      <time>34</time>
    </ksState>
    <ksState>
      <x>17.967280076988306</x>
      <y>-8.345658728934751</y>
      <steeringAngle>0.0</steeringAngle>
      <velocity>4.0</velocity>
      <orientation>-0.5321492253031064</orientation>
      <time>35</time>
    </ksState>
    <ksState>
      <x>18.309786449993176</x>
      <y>-8.552306248385657</y>
      <steeringAngle>-0.035533333333333326</steeringAngle>
      <velocity>4.0</velocity>
      <orientation>-0.5349054998357068</orientation>
      <time>36</time>
    </ksState>
    <ksState>
      <x>18.647116250690807</x>
      <y>-8.767578104899913</y>
      <steeringAngle>-0.07106666666666711</steeringAngle>
      <velocity>4.0</velocity>
      <orientation>-0.5431812603789922</orientation>
      <time>37</time>
    </ksState>
    <ksState>
      <x>18.977925740396827</x>
      <y>-8.99328061619725</y>
      <steeringAngle>-0.10660000000000043</steeringAngle>
      <velocity>4.0</velocity>
      <orientation>-0.556997500198129</orientation>
      <time>38</time>
    </ksState>
    <ksState>
      <x>19.300681928965066</x>
      <y>-9.231134071606391</y>
      <steeringAngle>-0.14213333333333378</steeringAngle>
      <velocity>4.0</velocity>
      <orientation>-0.5763894265836749</orientation>
      <time>39</time>
    </ksState>
    <ksState>
      <x>19.61362991594539</x>
      <y>-9.482745994855193</y>
      <steeringAngle>-0.1776666666666672</steeringAngle>
      <velocity>4.0</velocity>
      <orientation>-0.6014068330350721</orientation>
      <time>40</time>
    </ksState>
    <ksState>
      <x>19.91996879245034</x>
      <y>-9.742415650177083</y>
      <steeringAngle>-0.1421333333333333</steeringAngle>
      <velocity>4.0</velocity>
      <orientation>-0.6264242393795955</orientation>
      <time>41</time>
    </ksState>
    <ksState>
      <x>20.22522562744917</x>
      <y>-10.002386184025417</y>
      <steeringAngle>-0.10659999999999999</steeringAngle>
      <velocity>4.0</velocity>
      <orientation>-0.645816165670346</orientation>
      <time>42</time>
    </ksState>
    <ksState>
      <x>20.530945055753318</x>
      <y>-10.261088198188705</y>
      <steeringAngle>-0.07106666666666664</steeringAngle>
      <velocity>4.0</velocity>
      <orientation>-0.659632405405299</orientation>
      <time>43</time>
    </ksState>
    <ksState>
      <x>20.838646733958516</x>
      <y>-10.516943079779333</y>
      <steeringAngle>-0.03553333333333332</steeringAngle>
      <velocity>4.0</velocity>
      <orientation>-0.6679081658675643</orientation>
      <time>44</time>
    </ksState>
    <ksState>
      <x>21.149805514798174</x>
      <y>-10.7683330541696</y>
      <steeringAngle>2.2985086056692694e-17</steeringAngle>
      <velocity>4.0</velocity>
      <orientation>-0.6706644291624047</orientation>
      <time>45</time>
    </ksState>
    <ksState>
      <x>21.497550918134728</x>
      <y>-11.037945264395375</y>
      <steeringAngle>0.035533333333333326</steeringAngle>
      <velocity>4.799999999999999</velocity>
      <orientation>-0.6675406504932139</orientation>
      <time>46</time>
    </ksState>
    <ksState>
      <x>21.916968859556267</x>
      <y>-11.345702661974217</y>
      <steeringAngle>0.07106666666666667</steeringAngle>
      <velocity>5.599999999999998</velocity>
      <orientation>-0.6566900394320411</orientation>
      <time>47</time>
    </ksState>
    <ksState>
      <x>22.413541996270695</x>
      <y>-11.683718209170271</y>
      <steeringAngle>0.10659999999999999</steeringAngle>
      <velocity>6.3999999999999995</velocity>
      <orientation>-0.635873090431713</orientation>
      <time>48</time>
    </ksState>
    <ksState>
      <x>22.994202659327996</x>
      <y>-12.040582750003622</y>
      <steeringAngle>0.14213333333333333</steeringAngle>
      <velocity>7.199999999999999</velocity>
      <orientation>-0.602813519450548</orientation>
      <time>49</time>
    </ksState>
    <ksState>
      <x>23.666971872255786</x>
      <y>-12.40026402620548</y>
      <steeringAngle>0.17766666666666664</steeringAngle>
      <velocity>7.9999999999999964</velocity>
      <orientation>-0.5551861973690013</orientation>
      <time>50</time>
    </ksState>
    <ksState>
      <x>24.365381235293686</x>
      <y>-12.71076820004085</y>
      <steeringAngle>0.21320000000000014</steeringAngle>
      <velocity>7.200000000000003</velocity>
      <orientation>-0.4969368702975085</orientation>
      <time>51</time>
    </ksState>
    <ksState>
      <x>25.012105032042445</x>
      <y>-12.938055498872648</y>
      <steeringAngle>0.24873333333333347</steeringAngle>
      <velocity>6.400000000000004</velocity>
      <orientation>-0.43501978281172915</orientation>
      <time>52</time>
    </ksState>
    <ksState>
      <x>25.599105557129707</x>
      <y>-13.090923971312657</y>
      <steeringAngle>0.2842666666666668</steeringAngle>
      <velocity>5.600000000000001</velocity>
      <orientation>-0.371597640047808</orientation>
      <time>53</time>
    </ksState>
    <ksState>
      <x>26.11888063176692</x>
      <y>-13.180627583406496</y>
      <steeringAngle>0.3198</steeringAngle>
      <velocity>4.800000000000002</velocity>
      <orientation>-0.30886854030585537</orientation>
      <time>54</time>
    </ksState>
    <ksState>
      <x>26.565158453814988</x>
      <y>-13.220248365419312</y>
      <steeringAngle>0.3553333333333332</steeringAngle>
      <velocity>4.000000000000001</velocity>
      <orientation>-0.24907870625764061</orientation>
      <time>55</time>
    </ksState>
    <ksState>
      <x>27.013114724151404</x>
      <y>-13.232644855854348</y>
      <steeringAngle>0.31979999999999975</steeringAngle>
      <velocity>4.800000000000001</velocity>
      <orientation>-0.18928887122589205</orientation>
      <time>56</time>
    </ksState>
    <ksState>
      <x>27.54064626508419</x>
      <y>-13.225954518587098</y>
      <steeringAngle>0.28426666666666645</steeringAngle>
      <velocity>5.600000000000004</velocity>
      <orientation>-0.1265597710945685</orientation>
      <time>57</time>
    </ksState>
    <ksState>
      <x>28.146435307336354</x>
      <y>-13.192516064541016</y>
      <steeringAngle>0.2487333333333331</steeringAngle>
      <velocity>6.400000000000004</velocity>
      <orientation>-0.06313763440189263</orientation>
      <time>58</time>
    </ksState>
    <ksState>
      <x>28.828826258075367</x>
      <y>-13.125800209083124</y>
      <steeringAngle>0.21319999999999992</steeringAngle>
      <velocity>7.200000000000004</velocity>
      <orientation>-0.0012205457240936357</orientation>
      <time>59</time>
    </ksState>
    <ksState>
      <x>29.58609164339383</x>
      <y>-13.021082039942812</y>
      <steeringAngle>0.17766666666666656</steeringAngle>
      <velocity>8.000000000000004</velocity>
      <orientation>0.0570287838768716</orientation>
      <time>60</time>
    </ksState>
    <ksState>
      <x>30.337078989214742</x>
      <y>-12.882699776327065</y>
      <steeringAngle>0.17766666666666667</steeringAngle>
      <velocity>7.2</velocity>
      <orientation>0.10994471132124897</orientation>
      <time>61</time>
    </ksState>
    <ksState>
      <x>31.001981971102474</x>
      <y>-12.725365318410931</y>
      <steeringAngle>0.17766666666666667</steeringAngle>
      <velocity>6.4</velocity>
      <orientation>0.15729054111406016</orientation>
      <time>62</time>
    </ksState>
    <ksState>
      <x>31.58190660942577</x>
      <y>-12.560540968618833</y>
      <steeringAngle>0.17766666666666667</steeringAngle>
      <velocity>5.599999999999999</velocity>
      <orientation>0.19906627326924492</orientation>
      <time>63</time>
    </ksState>
    <ksState>
      <x>32.07856662783793</x>
      <y>-12.398206996740566</y>
      <steeringAngle>0.17766666666666667</steeringAngle>
      <velocity>4.799999999999999</velocity>
      <orientation>0.2352719077907594</orientation>
      <time>64</time>
    </ksState>
    <ksState>
      <x>32.493999402214165</x>
      <y>-12.24687942334457</y>
      <steeringAngle>0.17766666666666667</steeringAngle>
      <velocity>4.0</velocity>
      <orientation>0.2659074446800894</orientation>
      <time>65</time>
    </ksState>
    <ksState>
      <x>32.83140295757133</x>
      <y>-12.117273061351282</y>
      <steeringAngle>0.1421333333333333</steeringAngle>
      <velocity>3.1999999999999993</velocity>
      <orientation>0.28851735965353176</orientation>
      <time>66</time>
    </ksState>
    <ksState>
      <x>33.09359035154673</x>
      <y>-12.01708226223248</y>
      <steeringAngle>0.10659999999999997</steeringAngle>
      <velocity>2.3999999999999977</velocity>
      <orientation>0.3021850005242391</orientation>
      <time>67</time>
    </ksState>
    <ksState>
      <x>33.28130688050026</x>
      <y>-11.94735094607126</y>
      <steeringAngle>0.07106666666666664</steeringAngle>
      <velocity>1.5999999999999976</velocity>
      <orientation>0.30918570637745824</orientation>
      <time>68</time>
    </ksState>
    <ksState>
      <x>33.39444542370191</x>
      <y>-11.90718628457873</y>
      <steeringAngle>0.0355333333333333</steeringAngle>
      <velocity>0.7999999999999972</velocity>
      <orientation>0.3117605508514255</orientation>
      <time>69</time>
    </ksState>
    <ksState>
      <x>33.43235404630631</x>
      <y>-11.894410872546661</y>
      <steeringAngle>-2.5153490401663703e-17</steeringAngle>
      <velocity>-2.914335439641036e-15</velocity>
      <orientation>0.31212806242995667</orientation>
      <time>70</time>
    </ksState>
    <ksState>
      <x>33.47058362501085</x>
      <y>-11.882630752060107</y>
      <steeringAngle>-0.03553333333333333</steeringAngle>
      <velocity>0.8</velocity>
      <orientation>0.3117605306517147</orientation>
      <time>71</time>
    </ksState>
    <ksState>
      <x>33.58596050264923</x>
      <y>-11.849442364861401</y>
      <steeringAngle>-0.0710666666666667</steeringAngle>
      <velocity>1.6</velocity>
      <orientation>0.30918568405972907</orientation>
      <time>72</time>
    </ksState>
    <ksState>
      <x>33.77967190160105</x>
      <y>-11.79870760120172</y>
      <steeringAngle>-0.10660000000000003</steeringAngle>
      <velocity>2.4000000000000004</velocity>
      <orientation>0.30218497982289183</orientation>
      <time>73</time>
    </ksState>
    <ksState>
      <x>34.05317926282519</x>
      <y>-11.73572295412563</y>
      <steeringAngle>-0.14213333333333342</steeringAngle>
      <velocity>3.2000000000000015</velocity>
      <orientation>0.28851733888207165</orientation>
      <time>74</time>
    </ksState>
    <ksState>
      <x>34.408189370759374</x>
      <y>-11.667994135323438</y>
      <steeringAngle>-0.17766666666666683</steeringAngle>
      <velocity>4.0000000000000036</velocity>
      <orientation>0.2659074230088515</orientation>
      <time>75</time>
    </ksState>
    <ksState>
      <x>34.80646859756297</x>
      <y>-11.610959668883929</y>
      <steeringAngle>-0.21319999999999995</steeringAngle>
      <velocity>4.0</velocity>
      <orientation>0.23519964037135135</orientation>
      <time>76</time>
    </ksState>
    <ksState>
      <x>35.20819895845042</x>
      <y>-11.575349848527724</y>
      <steeringAngle>-0.24873333333333336</steeringAngle>
      <velocity>4.0</velocity>
      <orientation>0.19872079924865704</orientation>
      <time>77</time>
    </ksState>
    <ksState>
      <x>35.612486541769215</x>
      <y>-11.563811100660384</y>
      <steeringAngle>-0.2842666666666667</steeringAngle>
      <velocity>4.0</velocity>
      <orientation>0.15637356540320901</orientation>
      <time>78</time>
    </ksState>
    <ksState>
      <x>36.01799401982562</x>
      <y>-11.579041290239946</y>
      <steeringAngle>-0.31980000000000003</steeringAngle>
      <velocity>4.0</velocity>
      <orientation>0.10804288403607401</orientation>
      <time>79</time>
    </ksState>
    <ksState>
      <x>36.422875414808175</x>
      <y>-11.623749294926816</y>
      <steeringAngle>-0.35533333333333333</steeringAngle>
      <velocity>4.0</velocity>
      <orientation>0.05359468285779556</orientation>
      <time>80</time>
    </ksState>
  </ksTrajectory>
</CommonRoadSolution>
