<?xml version="1.0" ?>
<CommonRoadSolution benchmark_id="KS2:SM1:DEU_Speyer-5_2_T-1:2020a" computation_time="1.8399952049994681" date="2022-12-18T12:01:12">
  <ksTrajectory planningProblem="1">
    <ksState>
      <x>-406.35439</x>
      <y>-705.78114</y>
      <steeringAngle>0.0</steeringAngle>
      <velocity>4.0</velocity>
      <orientation>2.6278367</orientation>
      <time>0</time>
    </ksState>
    <ksState>
      <x>-406.70063914721527</x>
      <y>-705.5808268928481</y>
      <steeringAngle>-0.035533333333333326</steeringAngle>
      <velocity>4.0</velocity>
      <orientation>2.6250804254673996</orientation>
      <time>1</time>
    </ksState>
    <ksState>
      <x>-407.04187121857876</x>
      <y>-705.3717956987194</y>
      <steeringAngle>-0.07106666666666711</steeringAngle>
      <velocity>4.0</velocity>
      <orientation>2.616804664924114</orientation>
      <time>2</time>
    </ksState>
    <ksState>
      <x>-407.37677592492065</x>
      <y>-705.1522156910787</y>
      <steeringAngle>-0.10660000000000043</steeringAngle>
      <velocity>4.0</velocity>
      <orientation>2.6029884251049773</orientation>
      <time>3</time>
    </ksState>
    <ksState>
      <x>-407.7038521753673</x>
      <y>-704.920338676472</y>
      <steeringAngle>-0.14213333333333378</steeringAngle>
      <velocity>4.0</velocity>
      <orientation>2.5835964987194315</orientation>
      <time>4</time>
    </ksState>
    <ksState>
      <x>-408.0213749322661</x>
      <y>-704.6745251265457</y>
      <steeringAngle>-0.1776666666666672</steeringAngle>
      <velocity>4.0</velocity>
      <orientation>2.558579092268034</orientation>
      <time>5</time>
    </ksState>
    <ksState>
      <x>-408.299386382111</x>
      <y>-704.4430634857997</y>
      <steeringAngle>-0.17766666666666667</steeringAngle>
      <velocity>3.2000000000000006</velocity>
      <orientation>2.5335136529998565</orientation>
      <time>6</time>
    </ksState>
    <ksState>
      <x>-408.5115553233227</x>
      <y>-704.2582632199599</y>
      <steeringAngle>-0.17766666666666667</steeringAngle>
      <velocity>2.4000000000000012</velocity>
      <orientation>2.5140183113698265</orientation>
      <time>7</time>
    </ksState>
    <ksState>
      <x>-408.6608789064614</x>
      <y>-704.1237481004532</y>
      <steeringAngle>-0.17766666666666667</steeringAngle>
      <velocity>1.6000000000000005</velocity>
      <orientation>2.500093067370846</orientation>
      <time>8</time>
    </ksState>
    <ksState>
      <x>-408.74956885387627</x>
      <y>-704.0420455318605</y>
      <steeringAngle>-0.17766666666666667</steeringAngle>
      <velocity>0.8000000000000004</velocity>
      <orientation>2.4917379210000914</orientation>
      <time>9</time>
    </ksState>
    <ksState>
      <x>-408.77898008389747</x>
      <y>-704.0146470161046</y>
      <steeringAngle>-0.17766666666666667</steeringAngle>
      <velocity>2.7755575615628914e-16</velocity>
      <orientation>2.488952872253876</orientation>
      <time>10</time>
    </ksState>
    <ksState>
      <x>-408.77898008389747</x>
      <y>-704.0146470161046</y>
      <steeringAngle>-0.14213333333333336</steeringAngle>
      <velocity>0.0</velocity>
      <orientation>2.488952872253876</orientation>
      <time>11</time>
    </ksState>
    <ksState>
      <x>-408.77898008389747</x>
      <y>-704.0146470161046</y>
      <steeringAngle>-0.10660000000000001</steeringAngle>
      <velocity>0.0</velocity>
      <orientation>2.488952872253876</orientation>
      <time>12</time>
    </ksState>
    <ksState>
      <x>-408.77898008389747</x>
      <y>-704.0146470161046</y>
      <steeringAngle>-0.07106666666666668</steeringAngle>
      <velocity>0.0</velocity>
      <orientation>2.488952872253876</orientation>
      <time>13</time>
    </ksState>
    <ksState>
      <x>-408.77898008389747</x>
      <y>-704.0146470161046</y>
      <steeringAngle>-0.03553333333333333</steeringAngle>
      <velocity>0.0</velocity>
      <orientation>2.488952872253876</orientation>
      <time>14</time>
    </ksState>
    <ksState>
      <x>-408.77898008389747</x>
      <y>-704.0146470161046</y>
      <steeringAngle>-0.0</steeringAngle>
      <velocity>0.0</velocity>
      <orientation>2.488952872253876</orientation>
      <time>15</time>
    </ksState>
    <ksState>
      <x>-408.8107594231507</x>
      <y>-703.9903555843894</y>
      <steeringAngle>0.0</steeringAngle>
      <velocity>0.8</velocity>
      <orientation>2.488952872253876</orientation>
      <time>16</time>
    </ksState>
    <ksState>
      <x>-408.9060974399689</x>
      <y>-703.9174812899633</y>
      <steeringAngle>0.0</steeringAngle>
      <velocity>1.6</velocity>
      <orientation>2.488952872253876</orientation>
      <time>17</time>
    </ksState>
    <ksState>
      <x>-409.06499413421295</x>
      <y>-703.7960241329329</y>
      <steeringAngle>0.0</steeringAngle>
      <velocity>2.4000000000000004</velocity>
      <orientation>2.488952872253876</orientation>
      <time>18</time>
    </ksState>
    <ksState>
      <x>-409.28744950584075</x>
      <y>-703.6259841133302</y>
      <steeringAngle>0.0</steeringAngle>
      <velocity>3.2000000000000006</velocity>
      <orientation>2.488952872253876</orientation>
      <time>19</time>
    </ksState>
    <ksState>
      <x>-409.57346355483503</x>
      <y>-703.4073612311684</y>
      <steeringAngle>0.0</steeringAngle>
      <velocity>4.000000000000001</velocity>
      <orientation>2.488952872253876</orientation>
      <time>20</time>
    </ksState>
    <ksState>
      <x>-409.89385696885455</x>
      <y>-703.1678578426807</y>
      <steeringAngle>0.035533333333333326</steeringAngle>
      <velocity>4.0</velocity>
      <orientation>2.4917091467864765</orientation>
      <time>21</time>
    </ksState>
    <ksState>
      <x>-410.220291197436</x>
      <y>-702.9363971309903</y>
      <steeringAngle>0.07106666666666711</steeringAngle>
      <velocity>4.0</velocity>
      <orientation>2.499984907329762</orientation>
      <time>22</time>
    </ksState>
    <ksState>
      <x>-410.5539337412413</x>
      <y>-702.7149040271505</y>
      <steeringAngle>0.10660000000000043</steeringAngle>
      <velocity>4.0</velocity>
      <orientation>2.513801147148899</orientation>
      <time>23</time>
    </ksState>
    <ksState>
      <x>-410.8958011507789</x>
      <y>-702.505446399442</y>
      <steeringAngle>0.14213333333333378</steeringAngle>
      <velocity>4.0</velocity>
      <orientation>2.5331930735344446</orientation>
      <time>24</time>
    </ksState>
    <ksState>
      <x>-411.24672196071657</x>
      <y>-702.3102552428068</y>
      <steeringAngle>0.1776666666666672</steeringAngle>
      <velocity>4.0</velocity>
      <orientation>2.558210479985842</orientation>
      <time>25</time>
    </ksState>
    <ksState>
      <x>-411.60261933129954</x>
      <y>-702.1242205719373</y>
      <steeringAngle>0.1421333333333333</steeringAngle>
      <velocity>4.0</velocity>
      <orientation>2.5832278863303655</orientation>
      <time>26</time>
    </ksState>
    <ksState>
      <x>-411.95838806111993</x>
      <y>-701.9393016041032</y>
      <steeringAngle>0.10659999999999999</steeringAngle>
      <velocity>4.0</velocity>
      <orientation>2.602619812621116</orientation>
      <time>27</time>
    </ksState>
    <ksState>
      <x>-412.3131557722957</x>
      <y>-701.753476492555</y>
      <steeringAngle>0.07106666666666664</steeringAngle>
      <velocity>4.0</velocity>
      <orientation>2.616436052356069</orientation>
      <time>28</time>
    </ksState>
    <ksState>
      <x>-412.66603214617584</x>
      <y>-701.5647430615969</y>
      <steeringAngle>0.03553333333333332</steeringAngle>
      <velocity>4.0</velocity>
      <orientation>2.6247118128183344</orientation>
      <time>29</time>
    </ksState>
    <ksState>
      <x>-413.0160737155844</x>
      <y>-701.3711258986087</y>
      <steeringAngle>-2.2985086056692694e-17</steeringAngle>
      <velocity>4.0</velocity>
      <orientation>2.627468076113175</orientation>
      <time>30</time>
    </ksState>
    <ksState>
      <x>-413.3622489990804</x>
      <y>-701.1706851693629</y>
      <steeringAngle>-0.035533333333333326</steeringAngle>
      <velocity>4.0</velocity>
      <orientation>2.6247118015805744</orientation>
      <time>31</time>
    </ksState>
    <ksState>
      <x>-413.70340399337044</x>
      <y>-700.9615282031466</y>
      <steeringAngle>-0.07106666666666711</steeringAngle>
      <velocity>4.0</velocity>
      <orientation>2.616436041037289</orientation>
      <time>32</time>
    </ksState>
    <ksState>
      <x>-414.03822773452424</x>
      <y>-700.7418247565527</y>
      <steeringAngle>-0.10660000000000043</steeringAngle>
      <velocity>4.0</velocity>
      <orientation>2.602619801218152</orientation>
      <time>33</time>
    </ksState>
  </ksTrajectory>
</CommonRoadSolution>
