<?xml version="1.0" ?>
<CommonRoadSolution benchmark_id="KS2:SM1:BEL_Zaventem-4_1_T-1:2020a" computation_time="0.9040210339999248" date="2022-12-18T12:01:12">
  <ksTrajectory planningProblem="1">
    <ksState>
      <x>-303.0879</x>
      <y>-188.79662</y>
      <steeringAngle>0.0</steeringAngle>
      <velocity>8.0</velocity>
      <orientation>-1.2776751</orientation>
      <time>0</time>
    </ksState>
    <ksState>
      <x>-302.8478381595527</x>
      <y>-189.55978347392417</y>
      <steeringAngle>0.03553333333333333</steeringAngle>
      <velocity>8.0</velocity>
      <orientation>-1.272162564997161</orientation>
      <time>1</time>
    </ksState>
    <ksState>
      <x>-302.5844048440586</x>
      <y>-190.31550032720145</y>
      <steeringAngle>0.07106666666666667</steeringAngle>
      <velocity>8.0</velocity>
      <orientation>-1.2556110441168915</orientation>
      <time>2</time>
    </ksState>
    <ksState>
      <x>-302.28943208903786</x>
      <y>-191.06010588480788</y>
      <steeringAngle>0.10659999999999997</steeringAngle>
      <velocity>8.0</velocity>
      <orientation>-1.2279785648261967</orientation>
      <time>3</time>
    </ksState>
    <ksState>
      <x>-301.955079763389</x>
      <y>-191.7888651840877</y>
      <steeringAngle>0.1421333333333333</steeringAngle>
      <velocity>8.0</velocity>
      <orientation>-1.1891947125534617</orientation>
      <time>4</time>
    </ksState>
    <ksState>
      <x>-301.5740260401584</x>
      <y>-192.4957056306154</y>
      <steeringAngle>0.17766666666666667</steeringAngle>
      <velocity>8.0</velocity>
      <orientation>-1.139159900304307</orientation>
      <time>5</time>
    </ksState>
    <ksState>
      <x>-301.17044857798567</x>
      <y>-193.14397785467932</y>
      <steeringAngle>0.17766666666666667</steeringAngle>
      <velocity>7.2</velocity>
      <orientation>-1.0862439728599296</orientation>
      <time>6</time>
    </ksState>
    <ksState>
      <x>-300.7807321389008</x>
      <y>-193.70520080866282</y>
      <steeringAngle>0.17766666666666667</steeringAngle>
      <velocity>6.4</velocity>
      <orientation>-1.0388981430671183</orientation>
      <time>7</time>
    </ksState>
    <ksState>
      <x>-300.4151394280499</x>
      <y>-194.1845979532011</y>
      <steeringAngle>0.17766666666666667</steeringAngle>
      <velocity>5.599999999999999</velocity>
      <orientation>-0.9971224109119337</orientation>
      <time>8</time>
    </ksState>
    <ksState>
      <x>-300.08233153190577</x>
      <y>-194.58741602203497</y>
      <steeringAngle>0.17766666666666667</steeringAngle>
      <velocity>4.799999999999999</velocity>
      <orientation>-0.9609167763904192</orientation>
      <time>9</time>
    </ksState>
    <ksState>
      <x>-299.78948840481235</x>
      <y>-194.91866717661415</y>
      <steeringAngle>0.17766666666666667</steeringAngle>
      <velocity>4.0</velocity>
      <orientation>-0.9302812395010891</orientation>
      <time>10</time>
    </ksState>
    <ksState>
      <x>-299.5145744453671</x>
      <y>-195.21189383120355</y>
      <steeringAngle>0.17766666666666667</steeringAngle>
      <velocity>4.0</velocity>
      <orientation>-0.9024307513458332</orientation>
      <time>11</time>
    </ksState>
    <ksState>
      <x>-299.2316016279515</x>
      <y>-195.49735130431944</y>
      <steeringAngle>0.17766666666666667</steeringAngle>
      <velocity>4.0</velocity>
      <orientation>-0.8745802631905774</orientation>
      <time>12</time>
    </ksState>
    <ksState>
      <x>-298.9407894444093</x>
      <y>-195.77481816619925</y>
      <steeringAngle>0.17766666666666667</steeringAngle>
      <velocity>4.0</velocity>
      <orientation>-0.8467297750353214</orientation>
      <time>13</time>
    </ksState>
    <ksState>
      <x>-298.64236344892373</x>
      <y>-196.04407921363182</y>
      <steeringAngle>0.17766666666666667</steeringAngle>
      <velocity>4.0</velocity>
      <orientation>-0.8188792868800656</orientation>
      <time>14</time>
    </ksState>
    <ksState>
      <x>-298.33655509987324</x>
      <y>-196.30492560705656</y>
      <steeringAngle>0.17766666666666667</steeringAngle>
      <velocity>4.0</velocity>
      <orientation>-0.7910287987248097</orientation>
      <time>15</time>
    </ksState>
    <ksState>
      <x>-298.05256943873667</x>
      <y>-196.52957455335638</y>
      <steeringAngle>0.21319999999999997</steeringAngle>
      <velocity>3.2</velocity>
      <orientation>-0.763487253161375</orientation>
      <time>16</time>
    </ksState>
    <ksState>
      <x>-297.82322410499864</x>
      <y>-196.69419356002163</y>
      <steeringAngle>0.24873333333333342</steeringAngle>
      <velocity>2.4000000000000004</velocity>
      <orientation>-0.7380490227747256</orientation>
      <time>17</time>
    </ksState>
    <ksState>
      <x>-297.65395398068415</x>
      <y>-196.8048380095355</y>
      <steeringAngle>0.2842666666666668</steeringAngle>
      <velocity>1.600000000000001</velocity>
      <orientation>-0.7169741229841459</orientation>
      <time>18</time>
    </ksState>
    <ksState>
      <x>-297.54959614767904</x>
      <y>-196.8675125025313</y>
      <steeringAngle>0.3197999999999999</steeringAngle>
      <velocity>0.8000000000000007</velocity>
      <orientation>-0.7025756956834415</orientation>
      <time>19</time>
    </ksState>
    <ksState>
      <x>-297.5141058288232</x>
      <y>-196.88746652692421</y>
      <steeringAngle>0.3553333333333332</steeringAngle>
      <velocity>5.551115123125783e-16</velocity>
      <orientation>-0.6972340540477121</orientation>
      <time>20</time>
    </ksState>
    <ksState>
      <x>-297.5141058288232</x>
      <y>-196.88746652692421</y>
      <steeringAngle>0.3198</steeringAngle>
      <velocity>0.0</velocity>
      <orientation>-0.6972340540477121</orientation>
      <time>21</time>
    </ksState>
    <ksState>
      <x>-297.5141058288232</x>
      <y>-196.88746652692421</y>
      <steeringAngle>0.2842666666666666</steeringAngle>
      <velocity>0.0</velocity>
      <orientation>-0.6972340540477121</orientation>
      <time>22</time>
    </ksState>
    <ksState>
      <x>-297.5141058288232</x>
      <y>-196.88746652692421</y>
      <steeringAngle>0.24873333333333333</steeringAngle>
      <velocity>0.0</velocity>
      <orientation>-0.6972340540477121</orientation>
      <time>23</time>
    </ksState>
    <ksState>
      <x>-297.5141058288232</x>
      <y>-196.88746652692421</y>
      <steeringAngle>0.21320000000000003</steeringAngle>
      <velocity>0.0</velocity>
      <orientation>-0.6972340540477121</orientation>
      <time>24</time>
    </ksState>
    <ksState>
      <x>-297.5141058288232</x>
      <y>-196.88746652692421</y>
      <steeringAngle>0.1776666666666667</steeringAngle>
      <velocity>0.0</velocity>
      <orientation>-0.6972340540477121</orientation>
      <time>25</time>
    </ksState>
    <ksState>
      <x>-297.5141058288232</x>
      <y>-196.88746652692421</y>
      <steeringAngle>0.14213333333333336</steeringAngle>
      <velocity>0.0</velocity>
      <orientation>-0.6972340540477121</orientation>
      <time>26</time>
    </ksState>
    <ksState>
      <x>-297.5141058288232</x>
      <y>-196.88746652692421</y>
      <steeringAngle>0.10660000000000001</steeringAngle>
      <velocity>0.0</velocity>
      <orientation>-0.6972340540477121</orientation>
      <time>27</time>
    </ksState>
    <ksState>
      <x>-297.5141058288232</x>
      <y>-196.88746652692421</y>
      <steeringAngle>0.07106666666666668</steeringAngle>
      <velocity>0.0</velocity>
      <orientation>-0.6972340540477121</orientation>
      <time>28</time>
    </ksState>
    <ksState>
      <x>-297.5141058288232</x>
      <y>-196.88746652692421</y>
      <steeringAngle>0.03553333333333333</steeringAngle>
      <velocity>0.0</velocity>
      <orientation>-0.6972340540477121</orientation>
      <time>29</time>
    </ksState>
    <ksState>
      <x>-297.5141058288232</x>
      <y>-196.88746652692421</y>
      <steeringAngle>0.0</steeringAngle>
      <velocity>0.0</velocity>
      <orientation>-0.6972340540477121</orientation>
      <time>30</time>
    </ksState>
    <ksState>
      <x>-297.5141058288232</x>
      <y>-196.88746652692421</y>
      <steeringAngle>0.0</steeringAngle>
      <velocity>0.0</velocity>
      <orientation>-0.6972340540477121</orientation>
      <time>31</time>
    </ksState>
    <ksState>
      <x>-297.5141058288232</x>
      <y>-196.88746652692421</y>
      <steeringAngle>0.0</steeringAngle>
      <velocity>0.0</velocity>
      <orientation>-0.6972340540477121</orientation>
      <time>32</time>
    </ksState>
    <ksState>
      <x>-297.5141058288232</x>
      <y>-196.88746652692421</y>
      <steeringAngle>0.0</steeringAngle>
      <velocity>0.0</velocity>
      <orientation>-0.6972340540477121</orientation>
      <time>33</time>
    </ksState>
  </ksTrajectory>
</CommonRoadSolution>
