<?xml version="1.0" ?>
<CommonRoadSolution benchmark_id="KS2:SM1:DEU_Flensburg-99_1_T-1:2020a" computation_time="6.842629888000033" date="2022-11-29T11:36:54">
  <ksTrajectory planningProblem="123">
    <ksState>
      <x>94.145634</x>
      <y>296.09126</y>
      <steeringAngle>0.0</steeringAngle>
      <velocity>12.0</velocity>
      <orientation>-2.0110361</orientation>
      <time>0</time>
    </ksState>
    <ksState>
      <x>93.63424633436863</x>
      <y>295.00568058998886</y>
      <steeringAngle>0.0</steeringAngle>
      <velocity>12.0</velocity>
      <orientation>-2.0110361</orientation>
      <time>1</time>
    </ksState>
    <ksState>
      <x>93.12285866873724</x>
      <y>293.92010117997773</y>
      <steeringAngle>0.0</steeringAngle>
      <velocity>12.0</velocity>
      <orientation>-2.0110361</orientation>
      <time>2</time>
    </ksState>
    <ksState>
      <x>92.61147100310586</x>
      <y>292.8345217699666</y>
      <steeringAngle>0.0</steeringAngle>
      <velocity>12.0</velocity>
      <orientation>-2.0110361</orientation>
      <time>3</time>
    </ksState>
    <ksState>
      <x>92.10008333747447</x>
      <y>291.7489423599555</y>
      <steeringAngle>0.0</steeringAngle>
      <velocity>12.0</velocity>
      <orientation>-2.0110361</orientation>
      <time>4</time>
    </ksState>
    <ksState>
      <x>91.5886956718431</x>
      <y>290.66336294994437</y>
      <steeringAngle>0.0</steeringAngle>
      <velocity>12.0</velocity>
      <orientation>-2.0110361</orientation>
      <time>5</time>
    </ksState>
    <ksState>
      <x>91.07730800621172</x>
      <y>289.57778353993325</y>
      <steeringAngle>0.0</steeringAngle>
      <velocity>12.0</velocity>
      <orientation>-2.0110361</orientation>
      <time>6</time>
    </ksState>
    <ksState>
      <x>90.56592034058033</x>
      <y>288.49220412992213</y>
      <steeringAngle>0.0</steeringAngle>
      <velocity>12.0</velocity>
      <orientation>-2.0110361</orientation>
      <time>7</time>
    </ksState>
    <ksState>
      <x>90.05453267494896</x>
      <y>287.406624719911</y>
      <steeringAngle>0.0</steeringAngle>
      <velocity>12.0</velocity>
      <orientation>-2.0110361</orientation>
      <time>8</time>
    </ksState>
    <ksState>
      <x>89.54314500931757</x>
      <y>286.3210453098999</y>
      <steeringAngle>0.0</steeringAngle>
      <velocity>12.0</velocity>
      <orientation>-2.0110361</orientation>
      <time>9</time>
    </ksState>
    <ksState>
      <x>89.0317573436862</x>
      <y>285.23546589988877</y>
      <steeringAngle>0.0</steeringAngle>
      <velocity>12.0</velocity>
      <orientation>-2.0110361</orientation>
      <time>10</time>
    </ksState>
    <ksState>
      <x>88.52036967805482</x>
      <y>284.14988648987764</y>
      <steeringAngle>0.0</steeringAngle>
      <velocity>12.0</velocity>
      <orientation>-2.0110361</orientation>
      <time>11</time>
    </ksState>
    <ksState>
      <x>88.00898201242343</x>
      <y>283.0643070798665</y>
      <steeringAngle>0.0</steeringAngle>
      <velocity>12.0</velocity>
      <orientation>-2.0110361</orientation>
      <time>12</time>
    </ksState>
    <ksState>
      <x>87.49759434679206</x>
      <y>281.9787276698554</y>
      <steeringAngle>0.0</steeringAngle>
      <velocity>12.0</velocity>
      <orientation>-2.0110361</orientation>
      <time>13</time>
    </ksState>
    <ksState>
      <x>86.98620668116067</x>
      <y>280.8931482598443</y>
      <steeringAngle>0.0</steeringAngle>
      <velocity>12.0</velocity>
      <orientation>-2.0110361</orientation>
      <time>14</time>
    </ksState>
    <ksState>
      <x>86.47481901552929</x>
      <y>279.80756884983316</y>
      <steeringAngle>0.0</steeringAngle>
      <velocity>12.0</velocity>
      <orientation>-2.0110361</orientation>
      <time>15</time>
    </ksState>
    <ksState>
      <x>85.96343134989792</x>
      <y>278.72198943982204</y>
      <steeringAngle>0.0</steeringAngle>
      <velocity>12.0</velocity>
      <orientation>-2.0110361</orientation>
      <time>16</time>
    </ksState>
    <ksState>
      <x>85.45204368426653</x>
      <y>277.6364100298109</y>
      <steeringAngle>0.0</steeringAngle>
      <velocity>12.0</velocity>
      <orientation>-2.0110361</orientation>
      <time>17</time>
    </ksState>
    <ksState>
      <x>84.94065601863515</x>
      <y>276.5508306197998</y>
      <steeringAngle>0.0</steeringAngle>
      <velocity>12.0</velocity>
      <orientation>-2.0110361</orientation>
      <time>18</time>
    </ksState>
    <ksState>
      <x>84.42926835300376</x>
      <y>275.4652512097887</y>
      <steeringAngle>0.0</steeringAngle>
      <velocity>12.0</velocity>
      <orientation>-2.0110361</orientation>
      <time>19</time>
    </ksState>
    <ksState>
      <x>83.91788068737239</x>
      <y>274.37967179977755</y>
      <steeringAngle>0.0</steeringAngle>
      <velocity>12.0</velocity>
      <orientation>-2.0110361</orientation>
      <time>20</time>
    </ksState>
    <ksState>
      <x>83.40649302174101</x>
      <y>273.29409238976643</y>
      <steeringAngle>0.0</steeringAngle>
      <velocity>12.0</velocity>
      <orientation>-2.0110361</orientation>
      <time>21</time>
    </ksState>
    <ksState>
      <x>82.89510535610962</x>
      <y>272.2085129797553</y>
      <steeringAngle>0.0</steeringAngle>
      <velocity>12.0</velocity>
      <orientation>-2.0110361</orientation>
      <time>22</time>
    </ksState>
    <ksState>
      <x>82.38371769047825</x>
      <y>271.1229335697442</y>
      <steeringAngle>0.0</steeringAngle>
      <velocity>12.0</velocity>
      <orientation>-2.0110361</orientation>
      <time>23</time>
    </ksState>
    <ksState>
      <x>81.87233002484686</x>
      <y>270.03735415973307</y>
      <steeringAngle>0.0</steeringAngle>
      <velocity>12.0</velocity>
      <orientation>-2.0110361</orientation>
      <time>24</time>
    </ksState>
    <ksState>
      <x>81.36094235921549</x>
      <y>268.95177474972195</y>
      <steeringAngle>0.0</steeringAngle>
      <velocity>12.0</velocity>
      <orientation>-2.0110361</orientation>
      <time>25</time>
    </ksState>
    <ksState>
      <x>80.84955469358411</x>
      <y>267.8661953397108</y>
      <steeringAngle>0.0</steeringAngle>
      <velocity>12.0</velocity>
      <orientation>-2.0110361</orientation>
      <time>26</time>
    </ksState>
    <ksState>
      <x>80.33816702795272</x>
      <y>266.7806159296997</y>
      <steeringAngle>0.0</steeringAngle>
      <velocity>12.0</velocity>
      <orientation>-2.0110361</orientation>
      <time>27</time>
    </ksState>
    <ksState>
      <x>79.82677936232135</x>
      <y>265.6950365196886</y>
      <steeringAngle>0.0</steeringAngle>
      <velocity>12.0</velocity>
      <orientation>-2.0110361</orientation>
      <time>28</time>
    </ksState>
    <ksState>
      <x>79.31539169668996</x>
      <y>264.60945710967746</y>
      <steeringAngle>0.0</steeringAngle>
      <velocity>12.0</velocity>
      <orientation>-2.0110361</orientation>
      <time>29</time>
    </ksState>
    <ksState>
      <x>78.80400403105858</x>
      <y>263.52387769966634</y>
      <steeringAngle>0.0</steeringAngle>
      <velocity>12.0</velocity>
      <orientation>-2.0110361</orientation>
      <time>30</time>
    </ksState>
    <ksState>
      <x>78.29261636542721</x>
      <y>262.4382982896552</y>
      <steeringAngle>0.0</steeringAngle>
      <velocity>12.0</velocity>
      <orientation>-2.0110361</orientation>
      <time>31</time>
    </ksState>
    <ksState>
      <x>77.78122869979582</x>
      <y>261.3527188796441</y>
      <steeringAngle>0.0</steeringAngle>
      <velocity>12.0</velocity>
      <orientation>-2.0110361</orientation>
      <time>32</time>
    </ksState>
    <ksState>
      <x>77.26984103416444</x>
      <y>260.267139469633</y>
      <steeringAngle>0.0</steeringAngle>
      <velocity>12.0</velocity>
      <orientation>-2.0110361</orientation>
      <time>33</time>
    </ksState>
    <ksState>
      <x>76.75845336853305</x>
      <y>259.18156005962186</y>
      <steeringAngle>0.0</steeringAngle>
      <velocity>12.0</velocity>
      <orientation>-2.0110361</orientation>
      <time>34</time>
    </ksState>
    <ksState>
      <x>76.24706570290168</x>
      <y>258.09598064961074</y>
      <steeringAngle>0.0</steeringAngle>
      <velocity>12.0</velocity>
      <orientation>-2.0110361</orientation>
      <time>35</time>
    </ksState>
    <ksState>
      <x>75.7356780372703</x>
      <y>257.0104012395996</y>
      <steeringAngle>0.0</steeringAngle>
      <velocity>12.0</velocity>
      <orientation>-2.0110361</orientation>
      <time>36</time>
    </ksState>
    <ksState>
      <x>75.22429037163892</x>
      <y>255.92482182958852</y>
      <steeringAngle>0.0</steeringAngle>
      <velocity>12.0</velocity>
      <orientation>-2.0110361</orientation>
      <time>37</time>
    </ksState>
    <ksState>
      <x>74.71290270600754</x>
      <y>254.8392424195774</y>
      <steeringAngle>0.0</steeringAngle>
      <velocity>12.0</velocity>
      <orientation>-2.0110361</orientation>
      <time>38</time>
    </ksState>
    <ksState>
      <x>74.20151504037615</x>
      <y>253.75366300956628</y>
      <steeringAngle>0.0</steeringAngle>
      <velocity>12.0</velocity>
      <orientation>-2.0110361</orientation>
      <time>39</time>
    </ksState>
    <ksState>
      <x>73.69012737474478</x>
      <y>252.6680835995552</y>
      <steeringAngle>0.0</steeringAngle>
      <velocity>12.0</velocity>
      <orientation>-2.0110361</orientation>
      <time>40</time>
    </ksState>
    <ksState>
      <x>73.18289078070498</x>
      <y>251.62482178803157</y>
      <steeringAngle>-0.03553333333333333</steeringAngle>
      <velocity>11.200000000000001</velocity>
      <orientation>-2.018937373772344</orientation>
      <time>41</time>
    </ksState>
    <ksState>
      <x>72.67697221479933</x>
      <y>250.67019347021068</y>
      <steeringAngle>-0.07106666666666667</steeringAngle>
      <velocity>10.400000000000007</velocity>
      <orientation>-2.041189804570834</orientation>
      <time>42</time>
    </ksState>
    <ksState>
      <x>72.16619983894196</x>
      <y>249.80920515988953</y>
      <steeringAngle>-0.10660000000000001</steeringAngle>
      <velocity>9.60000000000001</velocity>
      <orientation>-2.0756378154555057</orientation>
      <time>43</time>
    </ksState>
    <ksState>
      <x>71.64958452244336</x>
      <y>249.04549516370005</y>
      <steeringAngle>-0.14213333333333344</steeringAngle>
      <velocity>8.800000000000008</velocity>
      <orientation>-2.1201459475763507</orientation>
      <time>44</time>
    </ksState>
    <ksState>
      <x>71.1305283434849</x>
      <y>248.38107024187195</y>
      <steeringAngle>-0.17766666666666675</steeringAngle>
      <velocity>8.000000000000009</velocity>
      <orientation>-2.1725882453913323</orientation>
      <time>45</time>
    </ksState>
    <ksState>
      <x>70.60306874409822</x>
      <y>247.7754082894801</y>
      <steeringAngle>-0.14213333333333336</steeringAngle>
      <velocity>8.0</velocity>
      <orientation>-2.2226230569400807</orientation>
      <time>46</time>
    </ksState>
    <ksState>
      <x>70.06175760071801</x>
      <y>247.18377617779274</y>
      <steeringAngle>-0.1066000000000001</steeringAngle>
      <velocity>8.0</velocity>
      <orientation>-2.261406908947078</orientation>
      <time>47</time>
    </ksState>
    <ksState>
      <x>69.51317717281127</x>
      <y>246.60014757293823</y>
      <steeringAngle>-0.07106666666666674</steeringAngle>
      <velocity>8.0</velocity>
      <orientation>-2.289039387976765</orientation>
      <time>48</time>
    </ksState>
    <ksState>
      <x>68.9636135993787</x>
      <y>246.01829332341885</y>
      <steeringAngle>-0.035533333333333354</steeringAngle>
      <velocity>8.0</velocity>
      <orientation>-2.305590908605794</orientation>
      <time>49</time>
    </ksState>
    <ksState>
      <x>68.41928411188451</x>
      <y>245.43196857181832</y>
      <steeringAngle>-2.0816681711721685e-17</steeringAngle>
      <velocity>8.0</velocity>
      <orientation>-2.311103435064199</orientation>
      <time>50</time>
    </ksState>
    <ksState>
      <x>67.87967237618236</x>
      <y>244.8413594162065</y>
      <steeringAngle>0.0</steeringAngle>
      <velocity>8.0</velocity>
      <orientation>-2.311103435064199</orientation>
      <time>51</time>
    </ksState>
    <ksState>
      <x>67.3400606404802</x>
      <y>244.25075026059466</y>
      <steeringAngle>0.0</steeringAngle>
      <velocity>8.0</velocity>
      <orientation>-2.311103435064199</orientation>
      <time>52</time>
    </ksState>
    <ksState>
      <x>66.80044890477805</x>
      <y>243.66014110498284</y>
      <steeringAngle>0.0</steeringAngle>
      <velocity>8.0</velocity>
      <orientation>-2.311103435064199</orientation>
      <time>53</time>
    </ksState>
    <ksState>
      <x>66.2608371690759</x>
      <y>243.06953194937103</y>
      <steeringAngle>0.0</steeringAngle>
      <velocity>8.0</velocity>
      <orientation>-2.311103435064199</orientation>
      <time>54</time>
    </ksState>
    <ksState>
      <x>65.72122543337375</x>
      <y>242.4789227937592</y>
      <steeringAngle>0.0</steeringAngle>
      <velocity>8.0</velocity>
      <orientation>-2.311103435064199</orientation>
      <time>55</time>
    </ksState>
    <ksState>
      <x>65.18850511114645</x>
      <y>241.88204991495078</y>
      <steeringAngle>0.03553333333333333</steeringAngle>
      <velocity>8.0</velocity>
      <orientation>-2.30559090006136</orientation>
      <time>56</time>
    </ksState>
    <ksState>
      <x>64.6741451887235</x>
      <y>241.26891131378088</y>
      <steeringAngle>0.07106666666666667</steeringAngle>
      <velocity>8.0</velocity>
      <orientation>-2.289039379181091</orientation>
      <time>57</time>
    </ksState>
    <ksState>
      <x>64.18547482871318</x>
      <y>240.6343660893325</y>
      <steeringAngle>0.10659999999999997</steeringAngle>
      <velocity>8.0</velocity>
      <orientation>-2.2614068998903956</orientation>
      <time>58</time>
    </ksState>
    <ksState>
      <x>63.7305748235864</x>
      <y>239.97410282419554</y>
      <steeringAngle>0.1421333333333333</steeringAngle>
      <velocity>8.0</velocity>
      <orientation>-2.222623047617661</orientation>
      <time>59</time>
    </ksState>
    <ksState>
      <x>63.31840976249051</x>
      <y>239.28494005732028</y>
      <steeringAngle>0.17766666666666667</steeringAngle>
      <velocity>8.0</velocity>
      <orientation>-2.172588235368506</orientation>
      <time>60</time>
    </ksState>
    <ksState>
      <x>62.942492243999006</x>
      <y>238.57520345205646</y>
      <steeringAngle>0.14213333333333336</steeringAngle>
      <velocity>8.0</velocity>
      <orientation>-2.122553423819758</orientation>
      <time>61</time>
    </ksState>
    <ksState>
      <x>62.58464213532611</x>
      <y>237.85757568695112</y>
      <steeringAngle>0.1066000000000001</steeringAngle>
      <velocity>8.0</velocity>
      <orientation>-2.0837695718127605</orientation>
      <time>62</time>
    </ksState>
    <ksState>
      <x>62.23687173689653</x>
      <y>237.13603664832405</y>
      <steeringAngle>0.07106666666666674</steeringAngle>
      <velocity>8.0</velocity>
      <orientation>-2.0561370927830733</orientation>
      <time>63</time>
    </ksState>
    <ksState>
      <x>61.89111036474889</x>
      <y>236.41421702926516</y>
      <steeringAngle>0.035533333333333354</steeringAngle>
      <velocity>8.0</velocity>
      <orientation>-2.0395855721540443</orientation>
      <time>64</time>
    </ksState>
    <ksState>
      <x>61.53929741494053</x>
      <y>235.69567757061154</y>
      <steeringAngle>2.0816681711721685e-17</steeringAngle>
      <velocity>8.0</velocity>
      <orientation>-2.0340730456956395</orientation>
      <time>65</time>
    </ksState>
    <ksState>
      <x>61.18179195049416</x>
      <y>234.98000317335328</y>
      <steeringAngle>0.0</steeringAngle>
      <velocity>8.0</velocity>
      <orientation>-2.0340730456956395</orientation>
      <time>66</time>
    </ksState>
    <ksState>
      <x>60.82428648604779</x>
      <y>234.264328776095</y>
      <steeringAngle>0.0</steeringAngle>
      <velocity>8.0</velocity>
      <orientation>-2.0340730456956395</orientation>
      <time>67</time>
    </ksState>
    <ksState>
      <x>60.46678102160142</x>
      <y>233.54865437883674</y>
      <steeringAngle>0.0</steeringAngle>
      <velocity>8.0</velocity>
      <orientation>-2.0340730456956395</orientation>
      <time>68</time>
    </ksState>
    <ksState>
      <x>60.109275557155044</x>
      <y>232.83297998157846</y>
      <steeringAngle>0.0</steeringAngle>
      <velocity>8.0</velocity>
      <orientation>-2.0340730456956395</orientation>
      <time>69</time>
    </ksState>
    <ksState>
      <x>59.751770092708675</x>
      <y>232.1173055843202</y>
      <steeringAngle>0.0</steeringAngle>
      <velocity>8.0</velocity>
      <orientation>-2.0340730456956395</orientation>
      <time>70</time>
    </ksState>
    <ksState>
      <x>59.40260641627783</x>
      <y>231.3974910927793</y>
      <steeringAngle>0.03553333333333333</steeringAngle>
      <velocity>8.0</velocity>
      <orientation>-2.0285605106928006</orientation>
      <time>71</time>
    </ksState>
    <ksState>
      <x>59.07555177467998</x>
      <y>230.6670526385281</y>
      <steeringAngle>0.07106666666666667</steeringAngle>
      <velocity>8.0</velocity>
      <orientation>-2.0120089898125313</orientation>
      <time>72</time>
    </ksState>
    <ksState>
      <x>58.779061922082015</x>
      <y>229.9230498630432</y>
      <steeringAngle>0.10659999999999997</steeringAngle>
      <velocity>8.0</velocity>
      <orientation>-1.9843765105218363</orientation>
      <time>73</time>
    </ksState>
    <ksState>
      <x>58.52208872013878</x>
      <y>229.16354583577493</y>
      <steeringAngle>0.1421333333333333</steeringAngle>
      <velocity>8.0</velocity>
      <orientation>-1.9455926582491012</orientation>
      <time>74</time>
    </ksState>
    <ksState>
      <x>58.314125086065545</x>
      <y>228.38793221821885</y>
      <steeringAngle>0.17766666666666667</steeringAngle>
      <velocity>8.0</velocity>
      <orientation>-1.8955578459999467</orientation>
      <time>75</time>
    </ksState>
    <ksState>
      <x>58.1558705871131</x>
      <y>227.59985325243602</y>
      <steeringAngle>0.17766666666666667</steeringAngle>
      <velocity>8.0</velocity>
      <orientation>-1.8398568696894348</orientation>
      <time>76</time>
    </ksState>
    <ksState>
      <x>58.04173558575229</x>
      <y>226.80418610882379</y>
      <steeringAngle>0.17766666666666667</steeringAngle>
      <velocity>8.0</velocity>
      <orientation>-1.7841558933789232</orientation>
      <time>77</time>
    </ksState>
    <ksState>
      <x>57.972074116213854</x>
      <y>226.00339881817922</y>
      <steeringAngle>0.17766666666666667</steeringAngle>
      <velocity>8.0</velocity>
      <orientation>-1.7284549170684116</orientation>
      <time>78</time>
    </ksState>
    <ksState>
      <x>57.94710225419053</x>
      <y>225.19997525973514</y>
      <steeringAngle>0.17766666666666667</steeringAngle>
      <velocity>8.0</velocity>
      <orientation>-1.6727539407578997</orientation>
      <time>79</time>
    </ksState>
    <ksState>
      <x>57.966897457768404</x>
      <y>224.39640748924614</y>
      <steeringAngle>0.17766666666666667</steeringAngle>
      <velocity>8.0</velocity>
      <orientation>-1.6170529644473879</orientation>
      <time>80</time>
    </ksState>
    <ksState>
      <x>58.03139833920591</x>
      <y>223.59518805672977</y>
      <steeringAngle>0.17766666666666667</steeringAngle>
      <velocity>8.0</velocity>
      <orientation>-1.561351988136876</orientation>
      <time>81</time>
    </ksState>
    <ksState>
      <x>58.14040481590636</x>
      <y>222.79880210130548</y>
      <steeringAngle>0.17766666666666667</steeringAngle>
      <velocity>8.0</velocity>
      <orientation>-1.5056510118263644</orientation>
      <time>82</time>
    </ksState>
    <ksState>
      <x>58.29357877309605</x>
      <y>222.00971988503463</y>
      <steeringAngle>0.17766666666666667</steeringAngle>
      <velocity>8.0</velocity>
      <orientation>-1.4499500355158528</orientation>
      <time>83</time>
    </ksState>
    <ksState>
      <x>58.490445096316606</x>
      <y>221.2303889803879</y>
      <steeringAngle>0.17766666666666667</steeringAngle>
      <velocity>8.0</velocity>
      <orientation>-1.394249059205341</orientation>
      <time>84</time>
    </ksState>
    <ksState>
      <x>58.73039314690249</x>
      <y>220.4632267127591</y>
      <steeringAngle>0.17766666666666667</steeringAngle>
      <velocity>8.0</velocity>
      <orientation>-1.338548082894829</orientation>
      <time>85</time>
    </ksState>
    <ksState>
      <x>59.0126786545487</x>
      <y>219.71061271148025</y>
      <steeringAngle>0.17766666666666667</steeringAngle>
      <velocity>8.0</velocity>
      <orientation>-1.2828471065843172</orientation>
      <time>86</time>
    </ksState>
    <ksState>
      <x>59.336426035740466</x>
      <y>218.97488135077091</y>
      <steeringAngle>0.17766666666666667</steeringAngle>
      <velocity>8.0</velocity>
      <orientation>-1.2271461302738056</orientation>
      <time>87</time>
    </ksState>
    <ksState>
      <x>59.70063108348194</x>
      <y>218.25831475345026</y>
      <steeringAngle>0.17766666666666667</steeringAngle>
      <velocity>8.0</velocity>
      <orientation>-1.171445153963294</orientation>
      <time>88</time>
    </ksState>
    <ksState>
      <x>60.10416410781332</x>
      <y>217.56313556329147</y>
      <steeringAngle>0.17766666666666667</steeringAngle>
      <velocity>8.0</velocity>
      <orientation>-1.115744177652782</orientation>
      <time>89</time>
    </ksState>
    <ksState>
      <x>60.54577343212712</x>
      <y>216.89150008438017</y>
      <steeringAngle>0.17766666666666667</steeringAngle>
      <velocity>8.0</velocity>
      <orientation>-1.0600432013422703</orientation>
      <time>90</time>
    </ksState>
    <ksState>
      <x>61.01598613266267</x>
      <y>216.2403932991173</y>
      <steeringAngle>0.14213333333333336</steeringAngle>
      <velocity>8.0</velocity>
      <orientation>-1.010008389793522</orientation>
      <time>91</time>
    </ksState>
    <ksState>
      <x>61.50126851176158</x>
      <y>215.60199896795254</y>
      <steeringAngle>0.1066000000000001</steeringAngle>
      <velocity>8.0</velocity>
      <orientation>-0.9712245377865245</orientation>
      <time>92</time>
    </ksState>
    <ksState>
      <x>61.99451769557938</x>
      <y>214.9709141266278</y>
      <steeringAngle>0.07106666666666674</steeringAngle>
      <velocity>8.0</velocity>
      <orientation>-0.9435920587568376</orientation>
      <time>93</time>
    </ksState>
    <ksState>
      <x>62.48890726567588</x>
      <y>214.34150691193483</y>
      <steeringAngle>0.035533333333333354</steeringAngle>
      <velocity>8.0</velocity>
      <orientation>-0.9270405381278082</orientation>
      <time>94</time>
    </ksState>
    <ksState>
      <x>62.977677997916004</x>
      <y>213.70812355519064</y>
      <steeringAngle>2.0816681711721685e-17</steeringAngle>
      <velocity>8.0</velocity>
      <orientation>-0.9215280116694033</orientation>
      <time>95</time>
    </ksState>
    <ksState>
      <x>63.43030468267411</x>
      <y>213.09757330931313</y>
      <steeringAngle>-0.03553333333333333</steeringAngle>
      <velocity>7.199999999999999</velocity>
      <orientation>-0.9266730246518957</orientation>
      <time>96</time>
    </ksState>
    <ksState>
      <x>63.81927414573352</x>
      <y>212.53947884453154</y>
      <steeringAngle>-0.07106666666666664</steeringAngle>
      <velocity>6.400000000000001</velocity>
      <orientation>-0.9406496967728588</orientation>
      <time>97</time>
    </ksState>
    <ksState>
      <x>64.14425277217066</x>
      <y>212.03429249055404</y>
      <steeringAngle>-0.10659999999999997</steeringAngle>
      <velocity>5.600000000000004</velocity>
      <orientation>-0.9612814646387402</orientation>
      <time>98</time>
    </ksState>
    <ksState>
      <x>64.40725974148609</x>
      <y>211.5843286989755</y>
      <steeringAngle>-0.1421333333333333</steeringAngle>
      <velocity>4.800000000000003</velocity>
      <orientation>-0.9863976721473884</orientation>
      <time>99</time>
    </ksState>
  </ksTrajectory>
</CommonRoadSolution>
