<?xml version="1.0" ?>
<CommonRoadSolution benchmark_id="KS2:SM1:DEU_Lohmar-47_1_T-1:2020a" computation_time="1.0069906870003251" date="2022-12-18T12:01:12">
  <ksTrajectory planningProblem="123">
    <ksState>
      <x>187.06864</x>
      <y>-10.728807</y>
      <steeringAngle>0.0</steeringAngle>
      <velocity>8.0</velocity>
      <orientation>0.32823169</orientation>
      <time>0</time>
    </ksState>
    <ksState>
      <x>187.822906178622</x>
      <y>-10.462103593651426</y>
      <steeringAngle>0.03553333333333333</steeringAngle>
      <velocity>8.0</velocity>
      <orientation>0.3337442250028388</orientation>
      <time>1</time>
    </ksState>
    <ksState>
      <x>188.5689099112863</x>
      <y>-10.172304516892318</y>
      <steeringAngle>0.07106666666666667</steeringAngle>
      <velocity>8.0</velocity>
      <orientation>0.3502957458831084</orientation>
      <time>2</time>
    </ksState>
    <ksState>
      <x>189.30270205944245</x>
      <y>-9.851375481236039</y>
      <steeringAngle>0.10659999999999997</steeringAngle>
      <velocity>8.0</velocity>
      <orientation>0.3779282251738033</orientation>
      <time>3</time>
    </ksState>
    <ksState>
      <x>190.0192753645531</x>
      <y>-9.491647400101906</y>
      <steeringAngle>0.1421333333333333</steeringAngle>
      <velocity>8.0</velocity>
      <orientation>0.41671207744653826</orientation>
      <time>4</time>
    </ksState>
    <ksState>
      <x>190.71230395486575</x>
      <y>-9.086016126844278</y>
      <steeringAngle>0.17766666666666667</steeringAngle>
      <velocity>8.0</velocity>
      <orientation>0.46674688969569295</orientation>
      <time>5</time>
    </ksState>
    <ksState>
      <x>191.3503719773632</x>
      <y>-8.66763521118911</y>
      <steeringAngle>0.1421333333333334</steeringAngle>
      <velocity>7.2</velocity>
      <orientation>0.5143742114413299</orientation>
      <time>6</time>
    </ksState>
    <ksState>
      <x>191.91265691281623</x>
      <y>-8.282335135256401</y>
      <steeringAngle>0.10660000000000011</steeringAngle>
      <velocity>6.4</velocity>
      <orientation>0.5474337818892978</orientation>
      <time>7</time>
    </ksState>
    <ksState>
      <x>192.40578928188665</x>
      <y>-7.939247430405244</y>
      <steeringAngle>0.07106666666666674</steeringAngle>
      <velocity>5.600000000000001</velocity>
      <orientation>0.5682507301831863</orientation>
      <time>8</time>
    </ksState>
    <ksState>
      <x>192.83399409582822</x>
      <y>-7.64380561589394</y>
      <steeringAngle>0.03553333333333339</steeringAngle>
      <velocity>4.800000000000001</velocity>
      <orientation>0.5791013398408492</orientation>
      <time>9</time>
    </ksState>
    <ksState>
      <x>193.19931763148307</x>
      <y>-7.398529712335348</y>
      <steeringAngle>5.5294310796760726e-17</steeringAngle>
      <velocity>4.0</velocity>
      <orientation>0.5822251156780147</orientation>
      <time>10</time>
    </ksState>
    <ksState>
      <x>193.56951722136833</x>
      <y>-7.160685492112712</y>
      <steeringAngle>-0.035533333333333326</steeringAngle>
      <velocity>4.799999999999999</velocity>
      <orientation>0.5791013370088239</orientation>
      <time>11</time>
    </ksState>
    <ksState>
      <x>194.01447837638196</x>
      <y>-6.8911755741510055</y>
      <steeringAngle>-0.07106666666666667</steeringAngle>
      <velocity>5.599999999999998</velocity>
      <orientation>0.5682507259476511</orientation>
      <time>12</time>
    </ksState>
    <ksState>
      <x>194.53896571109246</x>
      <y>-6.5983404226051325</y>
      <steeringAngle>-0.10659999999999999</steeringAngle>
      <velocity>6.3999999999999995</velocity>
      <orientation>0.5474337769473231</orientation>
      <time>13</time>
    </ksState>
    <ksState>
      <x>195.1488767604644</x>
      <y>-6.294156895798696</y>
      <steeringAngle>-0.14213333333333333</steeringAngle>
      <velocity>7.199999999999999</velocity>
      <orientation>0.514374205966158</orientation>
      <time>14</time>
    </ksState>
    <ksState>
      <x>195.85078516589152</x>
      <y>-5.995303044050993</y>
      <steeringAngle>-0.17766666666666664</steeringAngle>
      <velocity>7.9999999999999964</velocity>
      <orientation>0.46674688388461133</orientation>
      <time>15</time>
    </ksState>
    <ksState>
      <x>196.60467143846046</x>
      <y>-5.71836348820465</y>
      <steeringAngle>-0.14213333333333336</steeringAngle>
      <velocity>8.0</velocity>
      <orientation>0.4167120723358629</orientation>
      <time>16</time>
    </ksState>
    <ksState>
      <x>197.36394451961155</x>
      <y>-5.4603892690148665</y>
      <steeringAngle>-0.1066000000000001</steeringAngle>
      <velocity>8.0</velocity>
      <orientation>0.3779282203288655</orientation>
      <time>17</time>
    </ksState>
    <ksState>
      <x>198.12573618215458</x>
      <y>-5.212929581052069</y>
      <steeringAngle>-0.07106666666666674</steeringAngle>
      <velocity>8.0</velocity>
      <orientation>0.3502957412991786</orientation>
      <time>18</time>
    </ksState>
    <ksState>
      <x>198.88753538541587</x>
      <y>-4.967498403655624</y>
      <steeringAngle>-0.035533333333333354</steeringAngle>
      <velocity>8.0</velocity>
      <orientation>0.3337442206701493</orientation>
      <time>19</time>
    </ksState>
    <ksState>
      <x>199.64689904695564</x>
      <y>-4.715629122424155</y>
      <steeringAngle>-2.0816681711721685e-17</steeringAngle>
      <velocity>8.0</velocity>
      <orientation>0.3282316942117445</orientation>
      <time>20</time>
    </ksState>
    <ksState>
      <x>200.40116522445436</x>
      <y>-4.448925712898805</y>
      <steeringAngle>0.03553333333333333</steeringAngle>
      <velocity>8.0</velocity>
      <orientation>0.33374422921458324</orientation>
      <time>21</time>
    </ksState>
    <ksState>
      <x>201.14716895589814</x>
      <y>-4.159126632997719</y>
      <steeringAngle>0.07106666666666667</steeringAngle>
      <velocity>8.0</velocity>
      <orientation>0.3502957500948529</orientation>
      <time>22</time>
    </ksState>
    <ksState>
      <x>201.8809611027026</x>
      <y>-3.8381975942508952</y>
      <steeringAngle>0.10659999999999997</steeringAngle>
      <velocity>8.0</velocity>
      <orientation>0.3779282293855478</orientation>
      <time>23</time>
    </ksState>
    <ksState>
      <x>202.59753440629817</x>
      <y>-3.478469510098739</y>
      <steeringAngle>0.1421333333333333</steeringAngle>
      <velocity>8.0</velocity>
      <orientation>0.4167120816582827</orientation>
      <time>24</time>
    </ksState>
    <ksState>
      <x>203.2905629949024</x>
      <y>-3.0728382339222504</y>
      <steeringAngle>0.17766666666666667</steeringAngle>
      <velocity>8.0</velocity>
      <orientation>0.4667468939074374</orientation>
      <time>25</time>
    </ksState>
    <ksState>
      <x>203.9617250430123</x>
      <y>-2.6317242636864657</y>
      <steeringAngle>0.14213333333333336</steeringAngle>
      <velocity>8.0</velocity>
      <orientation>0.5167817054561858</orientation>
      <time>26</time>
    </ksState>
    <ksState>
      <x>204.62084988992396</x>
      <y>-2.174995957457381</y>
      <steeringAngle>0.1066000000000001</steeringAngle>
      <velocity>8.0</velocity>
      <orientation>0.5555655574631831</orientation>
      <time>27</time>
    </ksState>
    <ksState>
      <x>205.27302279935262</x>
      <y>-1.7099870000230517</y>
      <steeringAngle>0.07106666666666674</steeringAngle>
      <velocity>8.0</velocity>
      <orientation>0.58319803649287</orientation>
      <time>28</time>
    </ksState>
    <ksState>
      <x>205.92356987419683</x>
      <y>-1.2437649581381045</y>
      <steeringAngle>0.035533333333333354</steeringAngle>
      <velocity>8.0</velocity>
      <orientation>0.5997495571218994</orientation>
      <time>29</time>
    </ksState>
    <ksState>
      <x>206.57784205763676</x>
      <y>-0.7833312329703153</y>
      <steeringAngle>2.0816681711721685e-17</steeringAngle>
      <velocity>8.0</velocity>
      <orientation>0.6052620835803042</orientation>
      <time>30</time>
    </ksState>
    <ksState>
      <x>207.23572446258464</x>
      <y>-0.32814913615633223</y>
      <steeringAngle>0.0</steeringAngle>
      <velocity>8.0</velocity>
      <orientation>0.6052620835803042</orientation>
      <time>31</time>
    </ksState>
    <ksState>
      <x>207.89360686753255</x>
      <y>0.1270329606576509</y>
      <steeringAngle>0.0</steeringAngle>
      <velocity>8.0</velocity>
      <orientation>0.6052620835803042</orientation>
      <time>32</time>
    </ksState>
    <ksState>
      <x>208.55148927248044</x>
      <y>0.5822150574716343</y>
      <steeringAngle>0.0</steeringAngle>
      <velocity>8.0</velocity>
      <orientation>0.6052620835803042</orientation>
      <time>33</time>
    </ksState>
    <ksState>
      <x>209.20937167742835</x>
      <y>1.0373971542856173</y>
      <steeringAngle>0.0</steeringAngle>
      <velocity>8.0</velocity>
      <orientation>0.6052620835803042</orientation>
      <time>34</time>
    </ksState>
    <ksState>
      <x>209.86725408237623</x>
      <y>1.4925792510996005</y>
      <steeringAngle>0.0</steeringAngle>
      <velocity>8.0</velocity>
      <orientation>0.6052620835803042</orientation>
      <time>35</time>
    </ksState>
    <ksState>
      <x>210.51981799078632</x>
      <y>1.9554059147778595</y>
      <steeringAngle>0.03553333333333333</steeringAngle>
      <velocity>8.0</velocity>
      <orientation>0.610774618583143</orientation>
      <time>36</time>
    </ksState>
    <ksState>
      <x>211.15811780798356</x>
      <y>2.4381878711572416</y>
      <steeringAngle>0.07106666666666667</steeringAngle>
      <velocity>8.0</velocity>
      <orientation>0.6273261394634126</orientation>
      <time>37</time>
    </ksState>
    <ksState>
      <x>211.77615758695703</x>
      <y>2.9475729850242436</y>
      <steeringAngle>0.10659999999999997</steeringAngle>
      <velocity>8.0</velocity>
      <orientation>0.6549586187541075</orientation>
      <time>38</time>
    </ksState>
    <ksState>
      <x>212.36702348774426</x>
      <y>3.489568447404241</y>
      <steeringAngle>0.1421333333333333</steeringAngle>
      <velocity>8.0</velocity>
      <orientation>0.6937424710268425</orientation>
      <time>39</time>
    </ksState>
    <ksState>
      <x>212.92268784476985</x>
      <y>4.069277408148083</y>
      <steeringAngle>0.17766666666666667</steeringAngle>
      <velocity>8.0</velocity>
      <orientation>0.7437772832759971</orientation>
      <time>40</time>
    </ksState>
    <ksState>
      <x>213.44761485800277</x>
      <y>4.677135664930533</y>
      <steeringAngle>0.14213333333333336</steeringAngle>
      <velocity>8.0</velocity>
      <orientation>0.7938120948247456</orientation>
      <time>41</time>
    </ksState>
    <ksState>
      <x>213.9566930977393</x>
      <y>5.296720732014942</y>
      <steeringAngle>0.1066000000000001</steeringAngle>
      <velocity>8.0</velocity>
      <orientation>0.8325959468317429</orientation>
      <time>42</time>
    </ksState>
    <ksState>
      <x>214.45681970235356</x>
      <y>5.922369366348783</y>
      <steeringAngle>0.07106666666666674</steeringAngle>
      <velocity>8.0</velocity>
      <orientation>0.8602284258614298</orientation>
      <time>43</time>
    </ksState>
    <ksState>
      <x>214.95505068324672</x>
      <y>6.548740165960302</y>
      <steeringAngle>0.035533333333333354</steeringAngle>
      <velocity>8.0</velocity>
      <orientation>0.8767799464904591</orientation>
      <time>44</time>
    </ksState>
    <ksState>
      <x>215.4584478486686</x>
      <y>7.170562165523135</y>
      <steeringAngle>2.0816681711721685e-17</steeringAngle>
      <velocity>8.0</velocity>
      <orientation>0.8822924729488639</orientation>
      <time>45</time>
    </ksState>
    <ksState>
      <x>215.95954740257986</x>
      <y>7.794218651291529</y>
      <steeringAngle>0.03553333333333333</steeringAngle>
      <velocity>8.0</velocity>
      <orientation>0.8878050079517027</orientation>
      <time>46</time>
    </ksState>
    <ksState>
      <x>216.44146894641975</x>
      <y>8.433168336026164</y>
      <steeringAngle>0.07106666666666667</steeringAngle>
      <velocity>8.0</velocity>
      <orientation>0.9043565288319724</orientation>
      <time>47</time>
    </ksState>
    <ksState>
      <x>216.89662695326655</x>
      <y>9.092165719500551</y>
      <steeringAngle>0.10659999999999997</steeringAngle>
      <velocity>8.0</velocity>
      <orientation>0.9319890081226673</orientation>
      <time>48</time>
    </ksState>
    <ksState>
      <x>217.31672822536768</x>
      <y>9.775098011263568</y>
      <steeringAngle>0.1421333333333333</steeringAngle>
      <velocity>8.0</velocity>
      <orientation>0.9707728603954022</orientation>
      <time>49</time>
    </ksState>
    <ksState>
      <x>217.69265546313665</x>
      <y>10.484678217257738</y>
      <steeringAngle>0.17766666666666667</steeringAngle>
      <velocity>8.0</velocity>
      <orientation>1.020807672644557</orientation>
      <time>50</time>
    </ksState>
    <ksState>
      <x>218.03131846880504</x>
      <y>11.212927761131184</y>
      <steeringAngle>0.14213333333333336</steeringAngle>
      <velocity>8.0</velocity>
      <orientation>1.0708424841933053</orientation>
      <time>51</time>
    </ksState>
    <ksState>
      <x>218.35152969692825</x>
      <y>11.948122346877769</y>
      <steeringAngle>0.1066000000000001</steeringAngle>
      <velocity>8.0</velocity>
      <orientation>1.1096263362003027</orientation>
      <time>52</time>
    </ksState>
    <ksState>
      <x>218.66147221053734</x>
      <y>12.686701030935497</y>
      <steeringAngle>0.07106666666666674</steeringAngle>
      <velocity>8.0</velocity>
      <orientation>1.1372588152299896</orientation>
      <time>53</time>
    </ksState>
    <ksState>
      <x>218.96939386447085</x>
      <y>13.425455891472192</y>
      <steeringAngle>0.035533333333333354</steeringAngle>
      <velocity>8.0</velocity>
      <orientation>1.153810335859019</orientation>
      <time>54</time>
    </ksState>
    <ksState>
      <x>219.28352882493692</x>
      <y>14.16124834312421</y>
      <steeringAngle>2.0816681711721685e-17</steeringAngle>
      <velocity>8.0</velocity>
      <orientation>1.1593228623174239</orientation>
      <time>55</time>
    </ksState>
    <ksState>
      <x>219.61202271537428</x>
      <y>14.890727567719628</y>
      <steeringAngle>-0.03553333333333333</steeringAngle>
      <velocity>8.0</velocity>
      <orientation>1.153810327314585</orientation>
      <time>56</time>
    </ksState>
    <ksState>
      <x>219.9628453185929</x>
      <y>15.610052650773476</y>
      <steeringAngle>-0.07106666666666667</steeringAngle>
      <velocity>8.0</velocity>
      <orientation>1.1372588064343154</orientation>
      <time>57</time>
    </ksState>
    <ksState>
      <x>220.34367474979175</x>
      <y>16.31462011167104</y>
      <steeringAngle>-0.10659999999999997</steeringAngle>
      <velocity>8.0</velocity>
      <orientation>1.1096263271436206</orientation>
      <time>58</time>
    </ksState>
    <ksState>
      <x>220.7617372087103</x>
      <y>16.99880237861213</y>
      <steeringAngle>-0.1421333333333333</steeringAngle>
      <velocity>8.0</velocity>
      <orientation>1.0708424748708856</orientation>
      <time>59</time>
    </ksState>
    <ksState>
      <x>221.22358627432644</x>
      <y>17.6557048047188</y>
      <steeringAngle>-0.17766666666666667</steeringAngle>
      <velocity>8.0</velocity>
      <orientation>1.0208076626217308</orientation>
      <time>60</time>
    </ksState>
    <ksState>
      <x>221.72687397050598</x>
      <y>18.282453907328698</y>
      <steeringAngle>-0.17766666666666667</steeringAngle>
      <velocity>8.0</velocity>
      <orientation>0.9651066863112191</orientation>
      <time>61</time>
    </ksState>
    <ksState>
      <x>222.264273626139</x>
      <y>18.880211895217787</y>
      <steeringAngle>-0.17766666666666667</steeringAngle>
      <velocity>8.0</velocity>
      <orientation>0.9094057100007074</orientation>
      <time>62</time>
    </ksState>
    <ksState>
      <x>222.8341183181997</x>
      <y>19.447124615242977</y>
      <steeringAngle>-0.17766666666666667</steeringAngle>
      <velocity>8.0</velocity>
      <orientation>0.8537047336901956</orientation>
      <time>63</time>
    </ksState>
    <ksState>
      <x>223.4346405043971</x>
      <y>19.981433619509744</y>
      <steeringAngle>-0.17766666666666667</steeringAngle>
      <velocity>8.0</velocity>
      <orientation>0.7980037573796838</orientation>
      <time>64</time>
    </ksState>
    <ksState>
      <x>224.0639774878868</x>
      <y>20.48148159027398</y>
      <steeringAngle>-0.17766666666666667</steeringAngle>
      <velocity>8.0</velocity>
      <orientation>0.742302781069172</orientation>
      <time>65</time>
    </ksState>
    <ksState>
      <x>224.72017716617563</x>
      <y>20.945717440851748</y>
      <steeringAngle>-0.17766666666666667</steeringAngle>
      <velocity>8.0</velocity>
      <orientation>0.6866018047586603</orientation>
      <time>66</time>
    </ksState>
    <ksState>
      <x>225.40120419421262</x>
      <y>21.372701268464432</y>
      <steeringAngle>-0.17766666666666667</steeringAngle>
      <velocity>8.0</velocity>
      <orientation>0.6309008284481485</orientation>
      <time>67</time>
    </ksState>
    <ksState>
      <x>226.10494613869741</x>
      <y>21.761108632927165</y>
      <steeringAngle>-0.17766666666666667</steeringAngle>
      <velocity>8.0</velocity>
      <orientation>0.5751998521376368</orientation>
      <time>68</time>
    </ksState>
    <ksState>
      <x>226.8292201353098</x>
      <y>22.109734773638063</y>
      <steeringAngle>-0.17766666666666667</steeringAngle>
      <velocity>8.0</velocity>
      <orientation>0.519498875827125</orientation>
      <time>69</time>
    </ksState>
    <ksState>
      <x>227.57177963425846</x>
      <y>22.41749832309525</y>
      <steeringAngle>-0.17766666666666667</steeringAngle>
      <velocity>8.0</velocity>
      <orientation>0.46379789951661315</orientation>
      <time>70</time>
    </ksState>
    <ksState>
      <x>228.3264793179778</x>
      <y>22.692213479128107</y>
      <steeringAngle>-0.14213333333333336</steeringAngle>
      <velocity>8.0</velocity>
      <orientation>0.4137630879678647</orientation>
      <time>71</time>
    </ksState>
    <ksState>
      <x>229.08650985845586</x>
      <y>22.947947495379182</y>
      <steeringAngle>-0.1066000000000001</steeringAngle>
      <velocity>8.0</velocity>
      <orientation>0.37497923596086735</orientation>
      <time>72</time>
    </ksState>
    <ksState>
      <x>229.84902796223116</x>
      <y>23.193159598876708</y>
      <steeringAngle>-0.07106666666666674</steeringAngle>
      <velocity>8.0</velocity>
      <orientation>0.34734675693118044</orientation>
      <time>73</time>
    </ksState>
    <ksState>
      <x>230.6115476246546</x>
      <y>23.43634317839092</y>
      <steeringAngle>-0.035533333333333354</steeringAngle>
      <velocity>8.0</velocity>
      <orientation>0.33079523630215113</orientation>
      <time>74</time>
    </ksState>
    <ksState>
      <x>231.37165074178696</x>
      <y>23.685972016109723</y>
      <steeringAngle>-2.0816681711721685e-17</steeringAngle>
      <velocity>8.0</velocity>
      <orientation>0.3252827098437463</orientation>
      <time>75</time>
    </ksState>
    <ksState>
      <x>232.12670014259245</x>
      <y>23.950449949998855</y>
      <steeringAngle>0.03553333333333333</steeringAngle>
      <velocity>8.0</velocity>
      <orientation>0.33079524484658507</orientation>
      <time>76</time>
    </ksState>
    <ksState>
      <x>232.87355524194237</x>
      <y>24.238047819626885</y>
      <steeringAngle>0.07106666666666667</steeringAngle>
      <velocity>8.0</velocity>
      <orientation>0.34734676572685474</orientation>
      <time>77</time>
    </ksState>
    <ksState>
      <x>233.60829061138097</x>
      <y>24.556811524459782</y>
      <steeringAngle>0.10659999999999997</steeringAngle>
      <velocity>8.0</velocity>
      <orientation>0.37497924501754964</orientation>
      <time>78</time>
    </ksState>
    <ksState>
      <x>234.32592163009505</x>
      <y>24.914424884015872</y>
      <steeringAngle>0.1421333333333333</steeringAngle>
      <velocity>8.0</velocity>
      <orientation>0.41376309729028454</orientation>
      <time>79</time>
    </ksState>
    <ksState>
      <x>235.0201434037957</x>
      <y>25.31801066889351</y>
      <steeringAngle>0.17766666666666667</steeringAngle>
      <velocity>8.0</velocity>
      <orientation>0.4637979095394392</orientation>
      <time>80</time>
    </ksState>
    <ksState>
      <x>235.69260336984163</x>
      <y>25.757143477535404</y>
      <steeringAngle>0.14213333333333336</steeringAngle>
      <velocity>8.0</velocity>
      <orientation>0.5138327210881877</orientation>
      <time>81</time>
    </ksState>
    <ksState>
      <x>236.35307223339618</x>
      <y>26.211926051742264</y>
      <steeringAngle>0.1066000000000001</steeringAngle>
      <velocity>8.0</velocity>
      <orientation>0.552616573095185</orientation>
      <time>82</time>
    </ksState>
    <ksState>
      <x>237.006613609172</x>
      <y>26.675009742273264</y>
      <steeringAngle>0.07106666666666674</steeringAngle>
      <velocity>8.0</velocity>
      <orientation>0.5802490521248719</orientation>
      <time>83</time>
    </ksState>
    <ksState>
      <x>237.65853273479485</x>
      <y>27.139311306533912</y>
      <steeringAngle>0.035533333333333354</steeringAngle>
      <velocity>8.0</velocity>
      <orientation>0.5968005727539012</orientation>
      <time>84</time>
    </ksState>
    <ksState>
      <x>238.3141598831849</x>
      <y>27.59781359397536</y>
      <steeringAngle>2.0816681711721685e-17</steeringAngle>
      <velocity>8.0</velocity>
      <orientation>0.602313099212306</orientation>
      <time>85</time>
    </ksState>
    <ksState>
      <x>238.9680858207012</x>
      <y>28.05871384719124</y>
      <steeringAngle>0.03553333333333333</steeringAngle>
      <velocity>8.0</velocity>
      <orientation>0.6078256342151448</orientation>
      <time>86</time>
    </ksState>
    <ksState>
      <x>239.6078065767894</x>
      <y>28.53961137085866</y>
      <steeringAngle>0.07106666666666667</steeringAngle>
      <velocity>8.0</velocity>
      <orientation>0.6243771550954145</orientation>
      <time>87</time>
    </ksState>
    <ksState>
      <x>240.22734583493144</x>
      <y>29.0471716827859</y>
      <steeringAngle>0.10659999999999997</steeringAngle>
      <velocity>8.0</velocity>
      <orientation>0.6520096343861094</orientation>
      <time>88</time>
    </ksState>
    <ksState>
      <x>240.81980750031474</x>
      <y>29.58742233665399</y>
      <steeringAngle>0.1421333333333333</steeringAngle>
      <velocity>8.0</velocity>
      <orientation>0.6907934866588443</orientation>
      <time>89</time>
    </ksState>
    <ksState>
      <x>241.37717899135743</x>
      <y>30.165490133549977</y>
      <steeringAngle>0.17766666666666667</steeringAngle>
      <velocity>8.0</velocity>
      <orientation>0.740828298907999</orientation>
      <time>90</time>
    </ksState>
    <ksState>
      <x>241.90389628397486</x>
      <y>30.77179774789934</y>
      <steeringAngle>0.14213333333333336</steeringAngle>
      <velocity>8.0</velocity>
      <orientation>0.7908631104567474</orientation>
      <time>91</time>
    </ksState>
    <ksState>
      <x>242.41479945414048</x>
      <y>31.38987885927709</y>
      <steeringAngle>0.1066000000000001</steeringAngle>
      <velocity>8.0</velocity>
      <orientation>0.8296469624637447</orientation>
      <time>92</time>
    </ksState>
    <ksState>
      <x>242.91676890944692</x>
      <y>32.014049909732144</y>
      <steeringAngle>0.07106666666666674</steeringAngle>
      <velocity>8.0</velocity>
      <orientation>0.8572794414934316</orientation>
      <time>93</time>
    </ksState>
    <ksState>
      <x>243.4168448789259</x>
      <y>32.63894871248134</y>
      <steeringAngle>0.035533333333333354</steeringAngle>
      <velocity>8.0</velocity>
      <orientation>0.8738309621224609</orientation>
      <time>94</time>
    </ksState>
    <ksState>
      <x>243.92207359614895</x>
      <y>33.259283499985834</y>
      <steeringAngle>2.0816681711721685e-17</steeringAngle>
      <velocity>8.0</velocity>
      <orientation>0.8793434885808658</orientation>
      <time>95</time>
    </ksState>
    <ksState>
      <x>244.43935755214443</x>
      <y>33.86958300354179</y>
      <steeringAngle>-0.03553333333333333</steeringAngle>
      <velocity>8.0</velocity>
      <orientation>0.873830953578027</orientation>
      <time>96</time>
    </ksState>
    <ksState>
      <x>244.97529481317673</x>
      <y>34.463953532990175</y>
      <steeringAngle>-0.07106666666666667</steeringAngle>
      <velocity>8.0</velocity>
      <orientation>0.8572794326977573</orientation>
      <time>97</time>
    </ksState>
    <ksState>
      <x>245.53599241076284</x>
      <y>35.03584912370935</y>
      <steeringAngle>-0.10659999999999997</steeringAngle>
      <velocity>8.0</velocity>
      <orientation>0.8296469534070624</orientation>
      <time>98</time>
    </ksState>
    <ksState>
      <x>246.1268400649508</x>
      <y>35.577864477268804</y>
      <steeringAngle>-0.1421333333333333</steeringAngle>
      <velocity>8.0</velocity>
      <orientation>0.7908631011343275</orientation>
      <time>99</time>
    </ksState>
  </ksTrajectory>
</CommonRoadSolution>
