<?xml version="1.0" ?>
<CommonRoadSolution benchmark_id="KS2:SM1:DEU_Flensburg-77_1_T-1:2020a" computation_time="20.814232617000016" date="2022-12-18T12:01:12">
  <ksTrajectory planningProblem="123">
    <ksState>
      <x>328.79856</x>
      <y>-179.73954</y>
      <steeringAngle>0.0</steeringAngle>
      <velocity>16.0</velocity>
      <orientation>0.9574428</orientation>
      <time>0</time>
    </ksState>
    <ksState>
      <x>329.71954071242766</x>
      <y>-178.4311843421851</y>
      <steeringAngle>0.0</steeringAngle>
      <velocity>16.0</velocity>
      <orientation>0.9574428</orientation>
      <time>1</time>
    </ksState>
    <ksState>
      <x>330.6405214248553</x>
      <y>-177.12282868437018</y>
      <steeringAngle>0.0</steeringAngle>
      <velocity>16.0</velocity>
      <orientation>0.9574428</orientation>
      <time>2</time>
    </ksState>
    <ksState>
      <x>331.5615021372829</x>
      <y>-175.81447302655528</y>
      <steeringAngle>0.0</steeringAngle>
      <velocity>16.0</velocity>
      <orientation>0.9574428</orientation>
      <time>3</time>
    </ksState>
    <ksState>
      <x>332.48248284971055</x>
      <y>-174.50611736874038</y>
      <steeringAngle>0.0</steeringAngle>
      <velocity>16.0</velocity>
      <orientation>0.9574428</orientation>
      <time>4</time>
    </ksState>
    <ksState>
      <x>333.4034635621382</x>
      <y>-173.19776171092548</y>
      <steeringAngle>0.0</steeringAngle>
      <velocity>16.0</velocity>
      <orientation>0.9574428</orientation>
      <time>5</time>
    </ksState>
    <ksState>
      <x>334.32444427456585</x>
      <y>-171.88940605311058</y>
      <steeringAngle>0.0</steeringAngle>
      <velocity>16.0</velocity>
      <orientation>0.9574428</orientation>
      <time>6</time>
    </ksState>
    <ksState>
      <x>335.2454249869935</x>
      <y>-170.58105039529565</y>
      <steeringAngle>0.0</steeringAngle>
      <velocity>16.0</velocity>
      <orientation>0.9574428</orientation>
      <time>7</time>
    </ksState>
    <ksState>
      <x>336.1664056994211</x>
      <y>-169.27269473748075</y>
      <steeringAngle>0.0</steeringAngle>
      <velocity>16.0</velocity>
      <orientation>0.9574428</orientation>
      <time>8</time>
    </ksState>
    <ksState>
      <x>337.08738641184874</x>
      <y>-167.96433907966585</y>
      <steeringAngle>0.0</steeringAngle>
      <velocity>16.0</velocity>
      <orientation>0.9574428</orientation>
      <time>9</time>
    </ksState>
    <ksState>
      <x>338.0083671242764</x>
      <y>-166.65598342185095</y>
      <steeringAngle>0.0</steeringAngle>
      <velocity>16.0</velocity>
      <orientation>0.9574428</orientation>
      <time>10</time>
    </ksState>
    <ksState>
      <x>338.92934783670404</x>
      <y>-165.34762776403605</y>
      <steeringAngle>0.0</steeringAngle>
      <velocity>16.0</velocity>
      <orientation>0.9574428</orientation>
      <time>11</time>
    </ksState>
    <ksState>
      <x>339.8503285491317</x>
      <y>-164.03927210622112</y>
      <steeringAngle>0.0</steeringAngle>
      <velocity>16.0</velocity>
      <orientation>0.9574428</orientation>
      <time>12</time>
    </ksState>
    <ksState>
      <x>340.7713092615593</x>
      <y>-162.73091644840622</y>
      <steeringAngle>0.0</steeringAngle>
      <velocity>16.0</velocity>
      <orientation>0.9574428</orientation>
      <time>13</time>
    </ksState>
    <ksState>
      <x>341.69228997398693</x>
      <y>-161.42256079059132</y>
      <steeringAngle>0.0</steeringAngle>
      <velocity>16.0</velocity>
      <orientation>0.9574428</orientation>
      <time>14</time>
    </ksState>
    <ksState>
      <x>342.6132706864146</x>
      <y>-160.11420513277642</y>
      <steeringAngle>0.0</steeringAngle>
      <velocity>16.0</velocity>
      <orientation>0.9574428</orientation>
      <time>15</time>
    </ksState>
    <ksState>
      <x>343.51122688083876</x>
      <y>-158.8385583666807</y>
      <steeringAngle>0.0</steeringAngle>
      <velocity>15.2</velocity>
      <orientation>0.9574428</orientation>
      <time>16</time>
    </ksState>
    <ksState>
      <x>344.363134039327</x>
      <y>-157.62832938392265</y>
      <steeringAngle>0.0</steeringAngle>
      <velocity>14.400000000000002</velocity>
      <orientation>0.9574428</orientation>
      <time>17</time>
    </ksState>
    <ksState>
      <x>345.16899216209237</x>
      <y>-156.4835181841995</y>
      <steeringAngle>0.0</steeringAngle>
      <velocity>13.600000000000001</velocity>
      <orientation>0.9574428</orientation>
      <time>18</time>
    </ksState>
    <ksState>
      <x>345.92880124919935</x>
      <y>-155.40412476741966</y>
      <steeringAngle>0.0</steeringAngle>
      <velocity>12.800000000000004</velocity>
      <orientation>0.9574428</orientation>
      <time>19</time>
    </ksState>
    <ksState>
      <x>346.6425613006683</x>
      <y>-154.3901491335542</y>
      <steeringAngle>0.0</steeringAngle>
      <velocity>12.000000000000002</velocity>
      <orientation>0.9574428</orientation>
      <time>20</time>
    </ksState>
    <ksState>
      <x>347.333296834989</x>
      <y>-153.408882390193</y>
      <steeringAngle>0.0</steeringAngle>
      <velocity>12.0</velocity>
      <orientation>0.9574428</orientation>
      <time>21</time>
    </ksState>
    <ksState>
      <x>348.0240323693098</x>
      <y>-152.42761564683184</y>
      <steeringAngle>0.0</steeringAngle>
      <velocity>12.0</velocity>
      <orientation>0.9574428</orientation>
      <time>22</time>
    </ksState>
    <ksState>
      <x>348.7147679036305</x>
      <y>-151.44634890347064</y>
      <steeringAngle>0.0</steeringAngle>
      <velocity>12.0</velocity>
      <orientation>0.9574428</orientation>
      <time>23</time>
    </ksState>
    <ksState>
      <x>349.4055034379512</x>
      <y>-150.46508216010946</y>
      <steeringAngle>0.0</steeringAngle>
      <velocity>12.0</velocity>
      <orientation>0.9574428</orientation>
      <time>24</time>
    </ksState>
    <ksState>
      <x>350.096238972272</x>
      <y>-149.48381541674829</y>
      <steeringAngle>0.0</steeringAngle>
      <velocity>12.0</velocity>
      <orientation>0.9574428</orientation>
      <time>25</time>
    </ksState>
    <ksState>
      <x>350.7755962573166</x>
      <y>-148.54351873538997</y>
      <steeringAngle>-0.03553333333333333</steeringAngle>
      <velocity>11.200000000000001</velocity>
      <orientation>0.949541526227656</orientation>
      <time>26</time>
    </ksState>
    <ksState>
      <x>351.43838806049257</x>
      <y>-147.69030372957002</y>
      <steeringAngle>-0.07106666666666667</steeringAngle>
      <velocity>10.400000000000007</velocity>
      <orientation>0.927289095429166</orientation>
      <time>27</time>
    </ksState>
    <ksState>
      <x>352.08983159667815</x>
      <y>-146.930165183244</y>
      <steeringAngle>-0.10660000000000001</steeringAngle>
      <velocity>9.60000000000001</velocity>
      <orientation>0.8928410845444943</orientation>
      <time>28</time>
    </ksState>
    <ksState>
      <x>352.73027451247816</x>
      <y>-146.26685740014307</y>
      <steeringAngle>-0.14213333333333344</steeringAngle>
      <velocity>8.800000000000008</velocity>
      <orientation>0.8483329524236494</orientation>
      <time>29</time>
    </ksState>
    <ksState>
      <x>353.3560199146648</x>
      <y>-145.70177113654825</y>
      <steeringAngle>-0.17766666666666675</steeringAngle>
      <velocity>8.000000000000009</velocity>
      <orientation>0.7958906546086679</orientation>
      <time>30</time>
    </ksState>
    <ksState>
      <x>353.9864121199728</x>
      <y>-145.20305417249455</y>
      <steeringAngle>-0.17766666666666667</steeringAngle>
      <velocity>8.0</velocity>
      <orientation>0.7401896782981562</orientation>
      <time>31</time>
    </ksState>
    <ksState>
      <x>354.64359133710735</x>
      <y>-144.7402059484231</y>
      <steeringAngle>-0.17766666666666667</steeringAngle>
      <velocity>8.0</velocity>
      <orientation>0.6844887019876444</orientation>
      <time>32</time>
    </ksState>
    <ksState>
      <x>355.32551910510676</x>
      <y>-144.31466214994</y>
      <steeringAngle>-0.17766666666666667</steeringAngle>
      <velocity>8.0</velocity>
      <orientation>0.6287877256771327</orientation>
      <time>33</time>
    </ksState>
    <ksState>
      <x>356.03008022278715</x>
      <y>-143.9277427273093</y>
      <steeringAngle>-0.17766666666666667</steeringAngle>
      <velocity>8.0</velocity>
      <orientation>0.5730867493666209</orientation>
      <time>34</time>
    </ksState>
    <ksState>
      <x>356.7550892857033</x>
      <y>-143.58064782595991</y>
      <steeringAngle>-0.17766666666666667</steeringAngle>
      <velocity>8.0</velocity>
      <orientation>0.5173857730561091</orientation>
      <time>35</time>
    </ksState>
    <ksState>
      <x>357.4939912519527</x>
      <y>-143.26590362214822</y>
      <steeringAngle>-0.14213333333333336</steeringAngle>
      <velocity>8.0</velocity>
      <orientation>0.46735096150736066</orientation>
      <time>36</time>
    </ksState>
    <ksState>
      <x>358.23923309475344</x>
      <y>-142.96982777837457</y>
      <steeringAngle>-0.1066000000000001</steeringAngle>
      <velocity>8.0</velocity>
      <orientation>0.42856710950036336</orientation>
      <time>37</time>
    </ksState>
    <ksState>
      <x>358.98752250709373</x>
      <y>-142.68412550385418</y>
      <steeringAngle>-0.07106666666666674</steeringAngle>
      <velocity>8.0</velocity>
      <orientation>0.40093463047067646</orientation>
      <time>38</time>
    </ksState>
    <ksState>
      <x>359.735922128112</x>
      <y>-142.40044875791355</y>
      <steeringAngle>-0.035533333333333354</steeringAngle>
      <velocity>8.0</velocity>
      <orientation>0.3843831098416471</orientation>
      <time>39</time>
    </ksState>
    <ksState>
      <x>360.481563450358</x>
      <y>-142.11046544140325</y>
      <steeringAngle>-2.0816681711721685e-17</steeringAngle>
      <velocity>8.0</velocity>
      <orientation>0.37887058338324225</orientation>
      <time>40</time>
    </ksState>
    <ksState>
      <x>361.22482982390625</x>
      <y>-141.8145683343669</y>
      <steeringAngle>0.0</steeringAngle>
      <velocity>8.0</velocity>
      <orientation>0.37887058338324225</orientation>
      <time>41</time>
    </ksState>
    <ksState>
      <x>361.96809619745443</x>
      <y>-141.51867122733051</y>
      <steeringAngle>0.0</steeringAngle>
      <velocity>8.0</velocity>
      <orientation>0.37887058338324225</orientation>
      <time>42</time>
    </ksState>
    <ksState>
      <x>362.71136257100267</x>
      <y>-141.22277412029416</y>
      <steeringAngle>0.0</steeringAngle>
      <velocity>8.0</velocity>
      <orientation>0.37887058338324225</orientation>
      <time>43</time>
    </ksState>
    <ksState>
      <x>363.45462894455085</x>
      <y>-140.92687701325778</y>
      <steeringAngle>0.0</steeringAngle>
      <velocity>8.0</velocity>
      <orientation>0.37887058338324225</orientation>
      <time>44</time>
    </ksState>
    <ksState>
      <x>364.1978953180991</x>
      <y>-140.63097990622143</y>
      <steeringAngle>0.0</steeringAngle>
      <velocity>8.0</velocity>
      <orientation>0.37887058338324225</orientation>
      <time>45</time>
    </ksState>
    <ksState>
      <x>364.9411616916473</x>
      <y>-140.33508279918507</y>
      <steeringAngle>0.0</steeringAngle>
      <velocity>8.0</velocity>
      <orientation>0.37887058338324225</orientation>
      <time>46</time>
    </ksState>
    <ksState>
      <x>365.6844280651955</x>
      <y>-140.0391856921487</y>
      <steeringAngle>0.0</steeringAngle>
      <velocity>8.0</velocity>
      <orientation>0.37887058338324225</orientation>
      <time>47</time>
    </ksState>
    <ksState>
      <x>366.42769443874374</x>
      <y>-139.74328858511234</y>
      <steeringAngle>0.0</steeringAngle>
      <velocity>8.0</velocity>
      <orientation>0.37887058338324225</orientation>
      <time>48</time>
    </ksState>
    <ksState>
      <x>367.1709608122919</x>
      <y>-139.44739147807596</y>
      <steeringAngle>0.0</steeringAngle>
      <velocity>8.0</velocity>
      <orientation>0.37887058338324225</orientation>
      <time>49</time>
    </ksState>
    <ksState>
      <x>367.91422718584016</x>
      <y>-139.1514943710396</y>
      <steeringAngle>0.0</steeringAngle>
      <velocity>8.0</velocity>
      <orientation>0.37887058338324225</orientation>
      <time>50</time>
    </ksState>
    <ksState>
      <x>368.6574935593884</x>
      <y>-138.85559726400325</y>
      <steeringAngle>0.0</steeringAngle>
      <velocity>8.0</velocity>
      <orientation>0.37887058338324225</orientation>
      <time>51</time>
    </ksState>
    <ksState>
      <x>369.4007599329366</x>
      <y>-138.55970015696687</y>
      <steeringAngle>0.0</steeringAngle>
      <velocity>8.0</velocity>
      <orientation>0.37887058338324225</orientation>
      <time>52</time>
    </ksState>
    <ksState>
      <x>370.1440263064848</x>
      <y>-138.26380304993052</y>
      <steeringAngle>0.0</steeringAngle>
      <velocity>8.0</velocity>
      <orientation>0.37887058338324225</orientation>
      <time>53</time>
    </ksState>
    <ksState>
      <x>370.887292680033</x>
      <y>-137.96790594289413</y>
      <steeringAngle>0.0</steeringAngle>
      <velocity>8.0</velocity>
      <orientation>0.37887058338324225</orientation>
      <time>54</time>
    </ksState>
    <ksState>
      <x>371.63055905358124</x>
      <y>-137.67200883585778</y>
      <steeringAngle>0.0</steeringAngle>
      <velocity>8.0</velocity>
      <orientation>0.37887058338324225</orientation>
      <time>55</time>
    </ksState>
    <ksState>
      <x>372.3703585633447</x>
      <y>-137.36746842716846</y>
      <steeringAngle>0.03553333333333333</steeringAngle>
      <velocity>8.0</velocity>
      <orientation>0.384383118386081</orientation>
      <time>56</time>
    </ksState>
    <ksState>
      <x>373.10073717915736</x>
      <y>-137.04028017615195</y>
      <steeringAngle>0.07106666666666667</steeringAngle>
      <velocity>8.0</velocity>
      <orientation>0.40093463926635065</orientation>
      <time>57</time>
    </ksState>
    <ksState>
      <x>373.8173441511489</x>
      <y>-136.68261998782236</y>
      <steeringAngle>0.10659999999999997</steeringAngle>
      <velocity>8.0</velocity>
      <orientation>0.42856711855704555</orientation>
      <time>58</time>
    </ksState>
    <ksState>
      <x>374.5147904513576</x>
      <y>-136.28708206008497</y>
      <steeringAngle>0.1421333333333333</steeringAngle>
      <velocity>8.0</velocity>
      <orientation>0.4673509708297805</orientation>
      <time>59</time>
    </ksState>
    <ksState>
      <x>375.1863987246117</x>
      <y>-135.84689155117766</y>
      <steeringAngle>0.17766666666666667</steeringAngle>
      <velocity>8.0</velocity>
      <orientation>0.5173857830789352</orientation>
      <time>60</time>
    </ksState>
    <ksState>
      <x>375.8024715307303</x>
      <y>-135.396749696337</y>
      <steeringAngle>0.1421333333333334</steeringAngle>
      <velocity>7.2</velocity>
      <orientation>0.5650131048245721</orientation>
      <time>61</time>
    </ksState>
    <ksState>
      <x>376.3445328554996</x>
      <y>-134.98348220748676</y>
      <steeringAngle>0.10660000000000011</steeringAngle>
      <velocity>6.4</velocity>
      <orientation>0.5980726752725402</orientation>
      <time>62</time>
    </ksState>
    <ksState>
      <x>376.81966693312575</x>
      <y>-134.61587329175788</y>
      <steeringAngle>0.07106666666666674</steeringAngle>
      <velocity>5.600000000000001</velocity>
      <orientation>0.6188896235664286</orientation>
      <time>63</time>
    </ksState>
    <ksState>
      <x>377.2323683887513</x>
      <y>-134.2991356448496</y>
      <steeringAngle>0.03553333333333339</steeringAngle>
      <velocity>4.800000000000001</velocity>
      <orientation>0.6297402332240915</orientation>
      <time>64</time>
    </ksState>
    <ksState>
      <x>377.584808432671</x>
      <y>-134.03568248010927</y>
      <steeringAngle>5.5294310796760726e-17</steeringAngle>
      <velocity>4.0</velocity>
      <orientation>0.6328640090612571</orientation>
      <time>65</time>
    </ksState>
    <ksState>
      <x>377.90987525457547</x>
      <y>-133.80256153694648</y>
      <steeringAngle>-0.035533333333333326</steeringAngle>
      <velocity>4.0</velocity>
      <orientation>0.6301077345286566</orientation>
      <time>66</time>
    </ksState>
    <ksState>
      <x>378.24082267007776</x>
      <y>-133.57760115194915</y>
      <steeringAngle>-0.07106666666666711</steeringAngle>
      <velocity>4.0</velocity>
      <orientation>0.6218319739853713</orientation>
      <time>67</time>
    </ksState>
    <ksState>
      <x>378.5787798870366</x>
      <y>-133.3627489665032</y>
      <steeringAngle>-0.10660000000000043</steeringAngle>
      <velocity>4.0</velocity>
      <orientation>0.6080157341662344</orientation>
      <time>68</time>
    </ksState>
    <ksState>
      <x>378.9247223661632</x>
      <y>-133.1600925463115</y>
      <steeringAngle>-0.14213333333333378</steeringAngle>
      <velocity>4.0</velocity>
      <orientation>0.5886238077806886</orientation>
      <time>69</time>
    </ksState>
    <ksState>
      <x>379.2794343633463</x>
      <y>-132.97187883392482</y>
      <steeringAngle>-0.1776666666666672</steeringAngle>
      <velocity>4.0</velocity>
      <orientation>0.5636064013292912</orientation>
      <time>70</time>
    </ksState>
    <ksState>
      <x>379.60675855340116</x>
      <y>-132.81704382686985</y>
      <steeringAngle>-0.21319999999999997</steeringAngle>
      <velocity>3.2</velocity>
      <orientation>0.5360648557658565</orientation>
      <time>71</time>
    </ksState>
    <ksState>
      <x>379.86731458799693</x>
      <y>-132.7083734431463</y>
      <steeringAngle>-0.24873333333333342</steeringAngle>
      <velocity>2.4000000000000004</velocity>
      <orientation>0.5106266253792071</orientation>
      <time>72</time>
    </ksState>
    <ksState>
      <x>380.0571728181866</x>
      <y>-132.6387428347698</y>
      <steeringAngle>-0.2842666666666668</steeringAngle>
      <velocity>1.600000000000001</velocity>
      <orientation>0.48955172558862736</orientation>
      <time>73</time>
    </ksState>
    <ksState>
      <x>380.1729745526512</x>
      <y>-132.60121141224397</y>
      <steeringAngle>-0.3197999999999999</steeringAngle>
      <velocity>0.8000000000000007</velocity>
      <orientation>0.4751532982879229</orientation>
      <time>74</time>
    </ksState>
    <ksState>
      <x>380.2120499989156</x>
      <y>-132.58977308539087</y>
      <steeringAngle>-0.3553333333333332</steeringAngle>
      <velocity>5.551115123125783e-16</velocity>
      <orientation>0.4698116566521936</orientation>
      <time>75</time>
    </ksState>
    <ksState>
      <x>380.25145422826193</x>
      <y>-132.57907925724456</y>
      <steeringAngle>-0.35533333333333333</steeringAngle>
      <velocity>0.8</velocity>
      <orientation>0.46405598587192903</orientation>
      <time>76</time>
    </ksState>
    <ksState>
      <x>380.3700269738974</x>
      <y>-132.54836081138149</y>
      <steeringAngle>-0.35533333333333333</steeringAngle>
      <velocity>1.6000000000000005</velocity>
      <orientation>0.4467889737016761</orientation>
      <time>77</time>
    </ksState>
    <ksState>
      <x>380.56877005212635</x>
      <y>-132.50172736465842</y>
      <steeringAngle>-0.35533333333333333</steeringAngle>
      <velocity>2.4</velocity>
      <orientation>0.41801062016662155</orientation>
      <time>78</time>
    </ksState>
    <ksState>
      <x>380.8490893414583</x>
      <y>-132.44608815465838</y>
      <steeringAngle>-0.35533333333333333</steeringAngle>
      <velocity>3.2</velocity>
      <orientation>0.37772092527438733</orientation>
      <time>79</time>
    </ksState>
    <ksState>
      <x>381.2123945498233</x>
      <y>-132.39121964097467</y>
      <steeringAngle>-0.35533333333333333</steeringAngle>
      <velocity>4.000000000000001</velocity>
      <orientation>0.3259198890280584</orientation>
      <time>80</time>
    </ksState>
    <ksState>
      <x>381.6174893809745</x>
      <y>-132.34774702006754</y>
      <steeringAngle>-0.31979999999999986</steeringAngle>
      <velocity>4.0</velocity>
      <orientation>0.2714716898346788</orientation>
      <time>81</time>
    </ksState>
    <ksState>
      <x>382.02216161306853</x>
      <y>-132.31669709936133</y>
      <steeringAngle>-0.28426666666666656</steeringAngle>
      <velocity>4.0</velocity>
      <orientation>0.22314101035342152</orientation>
      <time>82</time>
    </ksState>
    <ksState>
      <x>382.4261260964747</x>
      <y>-132.2956767501729</y>
      <steeringAngle>-0.2487333333333332</steeringAngle>
      <velocity>4.0</velocity>
      <orientation>0.18079377663054644</orientation>
      <time>83</time>
    </ksState>
    <ksState>
      <x>382.8292612187912</x>
      <y>-132.2823479434597</y>
      <steeringAngle>-0.21319999999999986</steeringAngle>
      <velocity>4.0</velocity>
      <orientation>0.14431493555691868</orientation>
      <time>84</time>
    </ksState>
    <ksState>
      <x>383.2315668314763</x>
      <y>-132.27442173517542</y>
      <steeringAngle>-0.1776666666666665</steeringAngle>
      <velocity>4.0</velocity>
      <orientation>0.1136071529080909</orientation>
      <time>85</time>
    </ksState>
    <ksState>
      <x>383.63312512856174</x>
      <y>-132.26964981783664</y>
      <steeringAngle>-0.1421333333333333</steeringAngle>
      <velocity>4.0</velocity>
      <orientation>0.08858974656356759</orientation>
      <time>86</time>
    </ksState>
    <ksState>
      <x>384.03406365772076</x>
      <y>-132.26581450576475</y>
      <steeringAngle>-0.10659999999999999</steeringAngle>
      <velocity>4.0</velocity>
      <orientation>0.06919782027281701</orientation>
      <time>87</time>
    </ksState>
    <ksState>
      <x>384.4345198067211</x>
      <y>-132.26071806557093</y>
      <steeringAngle>-0.07106666666666664</steeringAngle>
      <velocity>4.0</velocity>
      <orientation>0.05538158053786409</orientation>
      <time>88</time>
    </ksState>
    <ksState>
      <x>384.83460606127795</x>
      <y>-132.2521721824283</y>
      <steeringAngle>-0.03553333333333332</steeringAngle>
      <velocity>4.0</velocity>
      <orientation>0.04710582007559873</orientation>
      <time>89</time>
    </ksState>
    <ksState>
      <x>385.2343754008917</x>
      <y>-132.23798834576934</y>
      <steeringAngle>2.2985086056692694e-17</steeringAngle>
      <velocity>4.0</velocity>
      <orientation>0.04434955678075837</orientation>
      <time>90</time>
    </ksState>
    <ksState>
      <x>385.5942079878884</x>
      <y>-132.2183460480247</y>
      <steeringAngle>0.03553333333333333</steeringAngle>
      <velocity>3.2</velocity>
      <orientation>0.046738305160550934</orientation>
      <time>91</time>
    </ksState>
    <ksState>
      <x>385.873741110201</x>
      <y>-132.19645046441846</y>
      <steeringAngle>0.07106666666666668</steeringAngle>
      <velocity>2.4</velocity>
      <orientation>0.05243922016634757</orientation>
      <time>92</time>
    </ksState>
    <ksState>
      <x>386.07308684200956</x>
      <y>-132.17564616978237</y>
      <steeringAngle>0.10660000000000003</steeringAngle>
      <velocity>1.5999999999999994</velocity>
      <orientation>0.059254753911079025</orientation>
      <time>93</time>
    </ksState>
    <ksState>
      <x>386.1924686496135</x>
      <y>-132.16008118448843</y>
      <steeringAngle>0.14213333333333342</steeringAngle>
      <velocity>0.7999999999999988</velocity>
      <orientation>0.06497901539755875</orientation>
      <time>94</time>
    </ksState>
    <ksState>
      <x>386.2321939530341</x>
      <y>-132.15401817345256</y>
      <steeringAngle>0.17766666666666675</steeringAngle>
      <velocity>-1.5265566588595902e-15</velocity>
      <orientation>0.06738650987211456</orientation>
      <time>95</time>
    </ksState>
    <ksState>
      <x>386.27178850459916</x>
      <y>-132.14676914545802</y>
      <steeringAngle>0.21319999999999997</steeringAngle>
      <velocity>0.8</velocity>
      <orientation>0.0705527433532682</orientation>
      <time>96</time>
    </ksState>
    <ksState>
      <x>386.3902483616533</x>
      <y>-132.1220041115837</y>
      <steeringAngle>0.24873333333333328</steeringAngle>
      <velocity>1.6000000000000005</velocity>
      <orientation>0.08159333566366807</orientation>
      <time>97</time>
    </ksState>
    <ksState>
      <x>386.5866118063323</x>
      <y>-132.07349816963801</y>
      <steeringAngle>0.2842666666666665</steeringAngle>
      <velocity>2.400000000000001</velocity>
      <orientation>0.10286565706462805</orientation>
      <time>98</time>
    </ksState>
    <ksState>
      <x>386.8588313557826</x>
      <y>-131.99219730269516</y>
      <steeringAngle>0.31979999999999986</steeringAngle>
      <velocity>3.200000000000001</velocity>
      <orientation>0.13679791334432415</orientation>
      <time>99</time>
    </ksState>
  </ksTrajectory>
</CommonRoadSolution>
