<?xml version="1.0" ?>
<CommonRoadSolution benchmark_id="KS2:SM1:HRV_Pula-8_3_T-1:2020a" computation_time="1.4524885010005164" date="2022-12-18T12:01:12">
  <ksTrajectory planningProblem="1">
    <ksState>
      <x>868.24669</x>
      <y>412.04546</y>
      <steeringAngle>0.0</steeringAngle>
      <velocity>0.0</velocity>
      <orientation>-3.5170055</orientation>
      <time>0</time>
    </ksState>
    <ksState>
      <x>868.209669717809</x>
      <y>412.06061818699953</y>
      <steeringAngle>-0.03553333333333333</steeringAngle>
      <velocity>0.8</velocity>
      <orientation>-3.517373031778242</orientation>
      <time>1</time>
    </ksState>
    <ksState>
      <x>868.0994427954207</x>
      <y>412.10819253428065</y>
      <steeringAngle>-0.0710666666666667</steeringAngle>
      <velocity>1.6</velocity>
      <orientation>-3.5199478783702274</orientation>
      <time>2</time>
    </ksState>
    <ksState>
      <x>867.9175426417037</x>
      <y>412.1919210025885</y>
      <steeringAngle>-0.10660000000000003</steeringAngle>
      <velocity>2.4000000000000004</velocity>
      <orientation>-3.526948582607065</orientation>
      <time>3</time>
    </ksState>
    <ksState>
      <x>867.66620120139</x>
      <y>412.3168242563175</y>
      <steeringAngle>-0.14213333333333342</steeringAngle>
      <velocity>3.2000000000000015</velocity>
      <orientation>-3.5406162235478846</orientation>
      <time>4</time>
    </ksState>
    <ksState>
      <x>867.3488628712055</x>
      <y>412.4897859683453</y>
      <steeringAngle>-0.17766666666666683</steeringAngle>
      <velocity>4.0000000000000036</velocity>
      <orientation>-3.563226139421105</orientation>
      <time>5</time>
    </ksState>
    <ksState>
      <x>867.0389226132703</x>
      <y>412.67700787228785</y>
      <steeringAngle>-0.21319999999999997</steeringAngle>
      <velocity>3.2</velocity>
      <orientation>-3.59076768498454</orientation>
      <time>6</time>
    </ksState>
    <ksState>
      <x>866.8043564719269</x>
      <y>412.8340983710397</y>
      <steeringAngle>-0.24873333333333342</steeringAngle>
      <velocity>2.4000000000000004</velocity>
      <orientation>-3.6162059153711894</orientation>
      <time>7</time>
    </ksState>
    <ksState>
      <x>866.6413983378313</x>
      <y>412.9538448353956</y>
      <steeringAngle>-0.2842666666666668</steeringAngle>
      <velocity>1.600000000000001</velocity>
      <orientation>-3.637280815161769</orientation>
      <time>8</time>
    </ksState>
    <ksState>
      <x>866.5461201162542</x>
      <y>413.02961230780244</y>
      <steeringAngle>-0.3197999999999999</steeringAngle>
      <velocity>0.8000000000000007</velocity>
      <orientation>-3.6516792424624733</orientation>
      <time>9</time>
    </ksState>
    <ksState>
      <x>866.5149917995374</x>
      <y>413.05585642562596</y>
      <steeringAngle>-0.3553333333333332</steeringAngle>
      <velocity>5.551115123125783e-16</velocity>
      <orientation>-3.657020884098203</orientation>
      <time>10</time>
    </ksState>
    <ksState>
      <x>866.5149917995374</x>
      <y>413.05585642562596</y>
      <steeringAngle>-0.3198</steeringAngle>
      <velocity>0.0</velocity>
      <orientation>-3.657020884098203</orientation>
      <time>11</time>
    </ksState>
    <ksState>
      <x>866.5149917995374</x>
      <y>413.05585642562596</y>
      <steeringAngle>-0.2842666666666666</steeringAngle>
      <velocity>0.0</velocity>
      <orientation>-3.657020884098203</orientation>
      <time>12</time>
    </ksState>
    <ksState>
      <x>866.5149917995374</x>
      <y>413.05585642562596</y>
      <steeringAngle>-0.24873333333333333</steeringAngle>
      <velocity>0.0</velocity>
      <orientation>-3.657020884098203</orientation>
      <time>13</time>
    </ksState>
    <ksState>
      <x>866.5149917995374</x>
      <y>413.05585642562596</y>
      <steeringAngle>-0.21320000000000003</steeringAngle>
      <velocity>0.0</velocity>
      <orientation>-3.657020884098203</orientation>
      <time>14</time>
    </ksState>
    <ksState>
      <x>866.5149917995374</x>
      <y>413.05585642562596</y>
      <steeringAngle>-0.1776666666666667</steeringAngle>
      <velocity>0.0</velocity>
      <orientation>-3.657020884098203</orientation>
      <time>15</time>
    </ksState>
    <ksState>
      <x>866.4819049260195</x>
      <y>413.0785940658644</y>
      <steeringAngle>-0.14213333333333333</steeringAngle>
      <velocity>0.8</velocity>
      <orientation>-3.6594283813090054</orientation>
      <time>16</time>
    </ksState>
    <ksState>
      <x>866.3818681021924</x>
      <y>413.1453712132483</y>
      <steeringAngle>-0.10660000000000001</steeringAngle>
      <velocity>1.6</velocity>
      <orientation>-3.66515266792934</orientation>
      <time>17</time>
    </ksState>
    <ksState>
      <x>866.2139008607326</x>
      <y>413.2543747225199</y>
      <steeringAngle>-0.07106666666666664</steeringAngle>
      <velocity>2.4000000000000004</velocity>
      <orientation>-3.6719681816923186</orientation>
      <time>18</time>
    </ksState>
    <ksState>
      <x>865.9769416319467</x>
      <y>413.4037646656578</y>
      <steeringAngle>-0.03553333333333332</steeringAngle>
      <velocity>3.1999999999999993</velocity>
      <orientation>-3.6776691024052486</orientation>
      <time>19</time>
    </ksState>
    <ksState>
      <x>865.6694779497673</x>
      <y>413.5910574284878</y>
      <steeringAngle>2.6020852139652106e-18</steeringAngle>
      <velocity>3.999999999999999</velocity>
      <orientation>-3.680057853993575</orientation>
      <time>20</time>
    </ksState>
    <ksState>
      <x>865.3238847395294</x>
      <y>413.7925000900113</y>
      <steeringAngle>0.035533333333333326</steeringAngle>
      <velocity>4.0</velocity>
      <orientation>-3.6773015794609747</orientation>
      <time>21</time>
    </ksState>
    <ksState>
      <x>864.973206320992</x>
      <y>413.98526422935737</y>
      <steeringAngle>0.07106666666666711</steeringAngle>
      <velocity>4.0</velocity>
      <orientation>-3.669025818917689</orientation>
      <time>22</time>
    </ksState>
    <ksState>
      <x>864.6165020959115</x>
      <y>414.16730443891356</y>
      <steeringAngle>0.10660000000000043</steeringAngle>
      <velocity>4.0</velocity>
      <orientation>-3.6552095790985524</orientation>
      <time>23</time>
    </ksState>
    <ksState>
      <x>864.2529977177504</x>
      <y>414.3364505017317</y>
      <steeringAngle>0.14213333333333378</steeringAngle>
      <velocity>4.0</velocity>
      <orientation>-3.6358176527130066</orientation>
      <time>24</time>
    </ksState>
    <ksState>
      <x>863.8821242161496</x>
      <y>414.4903915563152</y>
      <steeringAngle>0.1776666666666672</steeringAngle>
      <velocity>4.0</velocity>
      <orientation>-3.610800246261609</orientation>
      <time>25</time>
    </ksState>
    <ksState>
      <x>863.469733729387</x>
      <y>414.6487014631058</y>
      <steeringAngle>0.14213333333333333</steeringAngle>
      <velocity>4.8000000000000025</velocity>
      <orientation>-3.5833753465432565</orientation>
      <time>26</time>
    </ksState>
    <ksState>
      <x>862.9819144667243</x>
      <y>414.83232461888383</y>
      <steeringAngle>0.10660000000000003</steeringAngle>
      <velocity>5.600000000000005</velocity>
      <orientation>-3.558259134264339</orientation>
      <time>27</time>
    </ksState>
    <ksState>
      <x>862.4190162920613</x>
      <y>415.0421313904623</y>
      <steeringAngle>0.07106666666666671</steeringAngle>
      <velocity>6.400000000000004</velocity>
      <orientation>-3.5376273646648793</orientation>
      <time>28</time>
    </ksState>
    <ksState>
      <x>861.7820930116918</x>
      <y>415.2811663976316</y>
      <steeringAngle>0.035533333333333375</steeringAngle>
      <velocity>7.200000000000006</velocity>
      <orientation>-3.523650696572087</orientation>
      <time>29</time>
    </ksState>
    <ksState>
      <x>861.0732068182135</x>
      <y>415.555287358376</y>
      <steeringAngle>2.6346112791397758e-17</steeringAngle>
      <velocity>8.000000000000007</velocity>
      <orientation>-3.5185056837925184</orientation>
      <time>30</time>
    </ksState>
    <ksState>
      <x>860.332812572246</x>
      <y>415.8583789876055</y>
      <steeringAngle>-0.03553333333333333</steeringAngle>
      <velocity>8.0</velocity>
      <orientation>-3.5240182187953573</orientation>
      <time>31</time>
    </ksState>
    <ksState>
      <x>859.6017948678513</x>
      <y>416.18413685765796</y>
      <steeringAngle>-0.07106666666666667</steeringAngle>
      <velocity>8.0</velocity>
      <orientation>-3.5405697396756266</orientation>
      <time>32</time>
    </ksState>
    <ksState>
      <x>858.8844891304914</x>
      <y>416.54039356534696</y>
      <steeringAngle>-0.10659999999999997</steeringAngle>
      <velocity>8.0</velocity>
      <orientation>-3.568202218966322</orientation>
      <time>33</time>
    </ksState>
  </ksTrajectory>
</CommonRoadSolution>
