<?xml version="1.0" ?>
<CommonRoadSolution benchmark_id="KS2:SM1:ESP_Ceuta-3_2_T-1:2020a" computation_time="1.4815195289993426" date="2022-12-18T12:01:12">
  <ksTrajectory planningProblem="1">
    <ksState>
      <x>-408.35083</x>
      <y>-856.2988</y>
      <steeringAngle>0.0</steeringAngle>
      <velocity>4.0</velocity>
      <orientation>-2.0633</orientation>
      <time>0</time>
    </ksState>
    <ksState>
      <x>-408.5545472504792</x>
      <y>-856.6888216549139</y>
      <steeringAngle>0.035533333333333326</steeringAngle>
      <velocity>4.799999999999999</velocity>
      <orientation>-2.060176221330809</orientation>
      <time>1</time>
    </ksState>
    <ksState>
      <x>-408.7831041110958</x>
      <y>-857.1561414456523</y>
      <steeringAngle>0.07106666666666667</steeringAngle>
      <velocity>5.599999999999998</velocity>
      <orientation>-2.049325610269636</orientation>
      <time>2</time>
    </ksState>
    <ksState>
      <x>-409.0277667505071</x>
      <y>-857.7047575073284</y>
      <steeringAngle>0.10659999999999999</steeringAngle>
      <velocity>6.3999999999999995</velocity>
      <orientation>-2.028508661269308</orientation>
      <time>3</time>
    </ksState>
    <ksState>
      <x>-409.27607805882667</x>
      <y>-858.3394705135657</y>
      <steeringAngle>0.14213333333333333</steeringAngle>
      <velocity>7.199999999999999</velocity>
      <orientation>-1.9954490902881432</orientation>
      <time>4</time>
    </ksState>
    <ksState>
      <x>-409.5108380637425</x>
      <y>-859.0653332928882</y>
      <steeringAngle>0.17766666666666664</steeringAngle>
      <velocity>7.9999999999999964</velocity>
      <orientation>-1.9478217682065966</orientation>
      <time>5</time>
    </ksState>
    <ksState>
      <x>-409.6926554347059</x>
      <y>-859.8077152188293</y>
      <steeringAngle>0.21320000000000014</steeringAngle>
      <velocity>7.200000000000003</velocity>
      <orientation>-1.8895724411351038</orientation>
      <time>6</time>
    </ksState>
    <ksState>
      <x>-409.8017328477566</x>
      <y>-860.4844820202119</y>
      <steeringAngle>0.24873333333333347</steeringAngle>
      <velocity>6.400000000000004</velocity>
      <orientation>-1.8276553536493243</orientation>
      <time>7</time>
    </ksState>
    <ksState>
      <x>-409.8481535299814</x>
      <y>-861.0892824059431</y>
      <steeringAngle>0.2842666666666668</steeringAngle>
      <velocity>5.600000000000001</velocity>
      <orientation>-1.7642332108854033</orientation>
      <time>8</time>
    </ksState>
    <ksState>
      <x>-409.8443228460559</x>
      <y>-861.6167273718851</y>
      <steeringAngle>0.3198</steeringAngle>
      <velocity>4.800000000000002</velocity>
      <orientation>-1.7015041111434506</orientation>
      <time>9</time>
    </ksState>
    <ksState>
      <x>-409.8042272419751</x>
      <y>-862.0629627843667</y>
      <steeringAngle>0.3553333333333332</steeringAngle>
      <velocity>4.000000000000001</velocity>
      <orientation>-1.641714277095236</orientation>
      <time>10</time>
    </ksState>
    <ksState>
      <x>-409.7343515021336</x>
      <y>-862.4660659992044</y>
      <steeringAngle>0.39086666666666653</steeringAngle>
      <velocity>4.0</velocity>
      <orientation>-1.5809939107892488</orientation>
      <time>11</time>
    </ksState>
    <ksState>
      <x>-409.6296980678584</x>
      <y>-862.8636521446446</y>
      <steeringAngle>0.42639999999999995</steeringAngle>
      <velocity>4.0</velocity>
      <orientation>-1.513824297332845</orientation>
      <time>12</time>
    </ksState>
    <ksState>
      <x>-409.48789356835596</x>
      <y>-863.251977951103</y>
      <steeringAngle>0.4619333333333333</steeringAngle>
      <velocity>4.0</velocity>
      <orientation>-1.4400037137005013</orientation>
      <time>13</time>
    </ksState>
    <ksState>
      <x>-409.30691263468884</x>
      <y>-863.6265184863041</y>
      <steeringAngle>0.49746666666666667</steeringAngle>
      <velocity>4.0</velocity>
      <orientation>-1.3593031718872808</orientation>
      <time>14</time>
    </ksState>
    <ksState>
      <x>-409.0852436228015</x>
      <y>-863.9819156791907</y>
      <steeringAngle>0.533</steeringAngle>
      <velocity>4.0</velocity>
      <orientation>-1.2714633052874722</orientation>
      <time>15</time>
    </ksState>
    <ksState>
      <x>-408.8499748668227</x>
      <y>-864.2801583582603</y>
      <steeringAngle>0.5685333333333333</steeringAngle>
      <velocity>3.199999999999999</velocity>
      <orientation>-1.1858444520906193</orientation>
      <time>16</time>
    </ksState>
    <ksState>
      <x>-408.642237133471</x>
      <y>-864.4938671714496</y>
      <steeringAngle>0.6040666666666664</steeringAngle>
      <velocity>2.3999999999999995</velocity>
      <orientation>-1.1138507072774009</orientation>
      <time>17</time>
    </ksState>
    <ksState>
      <x>-408.47933196036695</x>
      <y>-864.634091076738</y>
      <steeringAngle>0.6395999999999996</steeringAngle>
      <velocity>1.5999999999999983</velocity>
      <orientation>-1.0584008725013883</orientation>
      <time>18</time>
    </ksState>
    <ksState>
      <x>-408.37475679358954</x>
      <y>-864.7118754715667</y>
      <steeringAngle>0.675133333333333</steeringAngle>
      <velocity>0.7999999999999986</velocity>
      <orientation>-1.022624267582559</orientation>
      <time>19</time>
    </ksState>
    <ksState>
      <x>-408.33830709437046</x>
      <y>-864.7363503755917</y>
      <steeringAngle>0.7106666666666662</steeringAngle>
      <velocity>-1.27675647831893e-15</velocity>
      <orientation>-1.0099000704839507</orientation>
      <time>20</time>
    </ksState>
    <ksState>
      <x>-408.33830709437046</x>
      <y>-864.7363503755917</y>
      <steeringAngle>0.6751333333333334</steeringAngle>
      <velocity>0.0</velocity>
      <orientation>-1.0099000704839507</orientation>
      <time>21</time>
    </ksState>
    <ksState>
      <x>-408.33830709437046</x>
      <y>-864.7363503755917</y>
      <steeringAngle>0.6396</steeringAngle>
      <velocity>0.0</velocity>
      <orientation>-1.0099000704839507</orientation>
      <time>22</time>
    </ksState>
    <ksState>
      <x>-408.33830709437046</x>
      <y>-864.7363503755917</y>
      <steeringAngle>0.6040666666666666</steeringAngle>
      <velocity>0.0</velocity>
      <orientation>-1.0099000704839507</orientation>
      <time>23</time>
    </ksState>
    <ksState>
      <x>-408.33830709437046</x>
      <y>-864.7363503755917</y>
      <steeringAngle>0.5685333333333333</steeringAngle>
      <velocity>0.0</velocity>
      <orientation>-1.0099000704839507</orientation>
      <time>24</time>
    </ksState>
    <ksState>
      <x>-408.33830709437046</x>
      <y>-864.7363503755917</y>
      <steeringAngle>0.5329999999999999</steeringAngle>
      <velocity>0.0</velocity>
      <orientation>-1.0099000704839507</orientation>
      <time>25</time>
    </ksState>
    <ksState>
      <x>-408.33830709437046</x>
      <y>-864.7363503755917</y>
      <steeringAngle>0.49746666666666667</steeringAngle>
      <velocity>0.0</velocity>
      <orientation>-1.0099000704839507</orientation>
      <time>26</time>
    </ksState>
    <ksState>
      <x>-408.33830709437046</x>
      <y>-864.7363503755917</y>
      <steeringAngle>0.4619333333333333</steeringAngle>
      <velocity>0.0</velocity>
      <orientation>-1.0099000704839507</orientation>
      <time>27</time>
    </ksState>
    <ksState>
      <x>-408.33830709437046</x>
      <y>-864.7363503755917</y>
      <steeringAngle>0.42639999999999995</steeringAngle>
      <velocity>0.0</velocity>
      <orientation>-1.0099000704839507</orientation>
      <time>28</time>
    </ksState>
    <ksState>
      <x>-408.33830709437046</x>
      <y>-864.7363503755917</y>
      <steeringAngle>0.3908666666666666</steeringAngle>
      <velocity>0.0</velocity>
      <orientation>-1.0099000704839507</orientation>
      <time>29</time>
    </ksState>
    <ksState>
      <x>-408.33830709437046</x>
      <y>-864.7363503755917</y>
      <steeringAngle>0.3553333333333333</steeringAngle>
      <velocity>0.0</velocity>
      <orientation>-1.0099000704839507</orientation>
      <time>30</time>
    </ksState>
    <ksState>
      <x>-408.31051313741034</x>
      <y>-864.7661038908299</y>
      <steeringAngle>0.3198</steeringAngle>
      <velocity>0.8</velocity>
      <orientation>-1.004558430333176</orientation>
      <time>31</time>
    </ksState>
    <ksState>
      <x>-408.22818810709066</x>
      <y>-864.8557849388328</y>
      <steeringAngle>0.28426666666666656</steeringAngle>
      <velocity>1.6000000000000003</velocity>
      <orientation>-0.990160002604903</orientation>
      <time>32</time>
    </ksState>
    <ksState>
      <x>-408.0917877828479</x>
      <y>-865.0051013575793</y>
      <steeringAngle>0.24873333333333336</steeringAngle>
      <velocity>2.4000000000000012</velocity>
      <orientation>-0.9690850918818379</orientation>
      <time>33</time>
    </ksState>
  </ksTrajectory>
</CommonRoadSolution>
