<?xml version="1.0" ?>
<CommonRoadSolution benchmark_id="KS2:SM1:DEU_Bilderstoeckchen-2_3_T-1:2020a" computation_time="0.8863558650000414" date="2022-12-18T12:01:12">
  <ksTrajectory planningProblem="1">
    <ksState>
      <x>381.50165</x>
      <y>129.68371</y>
      <steeringAngle>0.0</steeringAngle>
      <velocity>8.0</velocity>
      <orientation>-1.9370274</orientation>
      <time>0</time>
    </ksState>
    <ksState>
      <x>381.2238744869744</x>
      <y>128.93345075178348</y>
      <steeringAngle>0.03553333333333333</steeringAngle>
      <velocity>8.0</velocity>
      <orientation>-1.9315148649971612</orientation>
      <time>1</time>
    </ksState>
    <ksState>
      <x>380.96913337236225</x>
      <y>128.1747597484325</y>
      <steeringAngle>0.07106666666666667</steeringAngle>
      <velocity>8.0</velocity>
      <orientation>-1.9149633441168916</orientation>
      <time>2</time>
    </ksState>
    <ksState>
      <x>380.74612752533335</x>
      <y>127.40552977318859</y>
      <steeringAngle>0.10659999999999997</steeringAngle>
      <velocity>8.0</velocity>
      <orientation>-1.8873308648261968</orientation>
      <time>3</time>
    </ksState>
    <ksState>
      <x>380.56395436270515</x>
      <y>126.6247003854401</y>
      <steeringAngle>0.1421333333333333</steeringAngle>
      <velocity>8.0</velocity>
      <orientation>-1.8485470125534618</orientation>
      <time>4</time>
    </ksState>
    <ksState>
      <x>380.43212107927474</x>
      <y>125.83258590999144</y>
      <steeringAngle>0.17766666666666667</steeringAngle>
      <velocity>8.0</velocity>
      <orientation>-1.798512200304307</orientation>
      <time>5</time>
    </ksState>
    <ksState>
      <x>380.3627599383277</x>
      <y>125.07141739220137</y>
      <steeringAngle>0.21320000000000014</steeringAngle>
      <velocity>7.200000000000003</velocity>
      <orientation>-1.7402628732328143</orientation>
      <time>6</time>
    </ksState>
    <ksState>
      <x>380.35556884665795</x>
      <y>124.38595442916692</y>
      <steeringAngle>0.24873333333333347</steeringAngle>
      <velocity>6.400000000000004</velocity>
      <orientation>-1.6783457857470347</orientation>
      <time>7</time>
    </ksState>
    <ksState>
      <x>380.3996319740113</x>
      <y>123.78097771298133</y>
      <steeringAngle>0.2842666666666668</steeringAngle>
      <velocity>5.600000000000001</velocity>
      <orientation>-1.6149236429831137</orientation>
      <time>8</time>
    </ksState>
    <ksState>
      <x>380.4818803340012</x>
      <y>123.25997092462266</y>
      <steeringAngle>0.3198</steeringAngle>
      <velocity>4.800000000000002</velocity>
      <orientation>-1.552194543241161</orientation>
      <time>9</time>
    </ksState>
    <ksState>
      <x>380.5879097702989</x>
      <y>122.82466475712943</y>
      <steeringAngle>0.3553333333333332</steeringAngle>
      <velocity>4.000000000000001</velocity>
      <orientation>-1.4924047091929462</orientation>
      <time>10</time>
    </ksState>
    <ksState>
      <x>380.7169718610634</x>
      <y>122.43644085580662</y>
      <steeringAngle>0.39086666666666653</steeringAngle>
      <velocity>4.0</velocity>
      <orientation>-1.431684342886959</orientation>
      <time>11</time>
    </ksState>
    <ksState>
      <x>380.87960401633677</x>
      <y>122.05884601153201</y>
      <steeringAngle>0.42639999999999995</steeringAngle>
      <velocity>4.0</velocity>
      <orientation>-1.3645147294305553</orientation>
      <time>12</time>
    </ksState>
    <ksState>
      <x>381.0775963692042</x>
      <y>121.69593489810785</y>
      <steeringAngle>0.4619333333333333</steeringAngle>
      <velocity>4.0</velocity>
      <orientation>-1.2906941457982115</orientation>
      <time>13</time>
    </ksState>
    <ksState>
      <x>381.31227864619666</x>
      <y>121.35248338810185</y>
      <steeringAngle>0.49746666666666667</steeringAngle>
      <velocity>4.0</velocity>
      <orientation>-1.209993603984991</orientation>
      <time>14</time>
    </ksState>
    <ksState>
      <x>381.5843486307491</x>
      <y>121.03401480401793</y>
      <steeringAngle>0.533</steeringAngle>
      <velocity>4.0</velocity>
      <orientation>-1.1221537373851824</orientation>
      <time>15</time>
    </ksState>
    <ksState>
      <x>381.88373549219597</x>
      <y>120.74087138512175</y>
      <steeringAngle>0.4974666666666666</steeringAngle>
      <velocity>4.0</velocity>
      <orientation>-1.0343138705457333</orientation>
      <time>16</time>
    </ksState>
    <ksState>
      <x>382.1982310325045</x>
      <y>120.46841139686646</y>
      <steeringAngle>0.4619333333333334</steeringAngle>
      <velocity>4.0</velocity>
      <orientation>-0.9536133287585631</orientation>
      <time>17</time>
    </ksState>
    <ksState>
      <x>382.52506007598305</x>
      <y>120.21506802074167</y>
      <steeringAngle>0.42640000000000017</steeringAngle>
      <velocity>4.0</velocity>
      <orientation>-0.879792745508758</orientation>
      <time>18</time>
    </ksState>
    <ksState>
      <x>382.86184622185095</x>
      <y>119.97909013669263</y>
      <steeringAngle>0.3908666666666668</steeringAngle>
      <velocity>4.0</velocity>
      <orientation>-0.8126231326458955</orientation>
      <time>19</time>
    </ksState>
    <ksState>
      <x>383.206564308404</x>
      <y>119.75859649242592</y>
      <steeringAngle>0.3553333333333335</steeringAngle>
      <velocity>4.0</velocity>
      <orientation>-0.7519027647676096</orientation>
      <time>20</time>
    </ksState>
    <ksState>
      <x>383.5637474645417</x>
      <y>119.55910961616</y>
      <steeringAngle>0.39086666666666653</steeringAngle>
      <velocity>4.0</velocity>
      <orientation>-0.6911823984616224</orientation>
      <time>21</time>
    </ksState>
    <ksState>
      <x>383.93853870910203</x>
      <y>119.39011669514694</y>
      <steeringAngle>0.42639999999999995</steeringAngle>
      <velocity>4.0</velocity>
      <orientation>-0.6240127850052188</orientation>
      <time>22</time>
    </ksState>
    <ksState>
      <x>384.3295238729056</x>
      <y>119.25581833429992</y>
      <steeringAngle>0.4619333333333333</steeringAngle>
      <velocity>4.0</velocity>
      <orientation>-0.5501922013728748</orientation>
      <time>23</time>
    </ksState>
    <ksState>
      <x>384.7344623840034</x>
      <y>119.16063685979101</y>
      <steeringAngle>0.49746666666666667</steeringAngle>
      <velocity>4.0</velocity>
      <orientation>-0.4694916595596545</orientation>
      <time>24</time>
    </ksState>
    <ksState>
      <x>385.15014294083153</x>
      <y>119.10911996724215</y>
      <steeringAngle>0.533</steeringAngle>
      <velocity>4.0</velocity>
      <orientation>-0.38165179295984586</orientation>
      <time>25</time>
    </ksState>
    <ksState>
      <x>385.56890106641487</x>
      <y>119.09472590224735</y>
      <steeringAngle>0.4974666666666666</steeringAngle>
      <velocity>4.0</velocity>
      <orientation>-0.2938119261203967</orientation>
      <time>26</time>
    </ksState>
    <ksState>
      <x>385.9848571090616</x>
      <y>119.10579209670209</y>
      <steeringAngle>0.4619333333333334</steeringAngle>
      <velocity>4.0</velocity>
      <orientation>-0.2131113843332265</orientation>
      <time>27</time>
    </ksState>
    <ksState>
      <x>386.3970196957298</x>
      <y>119.1392897389819</y>
      <steeringAngle>0.42640000000000017</steeringAngle>
      <velocity>4.0</velocity>
      <orientation>-0.13929080108342143</orientation>
      <time>28</time>
    </ksState>
    <ksState>
      <x>386.80481614171015</x>
      <y>119.19232301584367</y>
      <steeringAngle>0.3908666666666668</steeringAngle>
      <velocity>4.0</velocity>
      <orientation>-0.07212118822055885</orientation>
      <time>29</time>
    </ksState>
    <ksState>
      <x>387.20802081721644</x>
      <y>119.26213702596073</y>
      <steeringAngle>0.3553333333333335</steeringAngle>
      <velocity>4.0</velocity>
      <orientation>-0.011400820342273077</orientation>
      <time>30</time>
    </ksState>
    <ksState>
      <x>387.56705585183715</x>
      <y>119.33689024412013</y>
      <steeringAngle>0.31979999999999975</steeringAngle>
      <velocity>3.2</velocity>
      <orientation>0.037705739715515274</orientation>
      <time>31</time>
    </ksState>
    <ksState>
      <x>387.843998925953</x>
      <y>119.40049094627287</y>
      <steeringAngle>0.2842666666666663</steeringAngle>
      <velocity>2.4000000000000004</velocity>
      <orientation>0.07163799508172965</orientation>
      <time>32</time>
    </ksState>
    <ksState>
      <x>388.0408404185761</x>
      <y>119.4471384589635</y>
      <steeringAngle>0.24873333333333292</steeringAngle>
      <velocity>1.6000000000000008</velocity>
      <orientation>0.0929103160286684</orientation>
      <time>33</time>
    </ksState>
  </ksTrajectory>
</CommonRoadSolution>
