<?xml version="1.0" ?>
<CommonRoadSolution benchmark_id="KS2:SM1:ITA_CarpiCentro-3_1_T-1:2020a" computation_time="1.7834049229995799" date="2022-12-18T12:01:12">
  <ksTrajectory planningProblem="1">
    <ksState>
      <x>474.58582</x>
      <y>-788.92045</y>
      <steeringAngle>0.0</steeringAngle>
      <velocity>4.0</velocity>
      <orientation>1.2161716</orientation>
      <time>0</time>
    </ksState>
    <ksState>
      <x>474.7287354129805</x>
      <y>-788.5468338901</y>
      <steeringAngle>-0.035533333333333326</steeringAngle>
      <velocity>4.0</velocity>
      <orientation>1.2134153254673996</orientation>
      <time>1</time>
    </ksState>
    <ksState>
      <x>474.88105377091483</x>
      <y>-788.176789994755</y>
      <steeringAngle>-0.07106666666666711</steeringAngle>
      <velocity>4.0</velocity>
      <orientation>1.2051395649241141</orientation>
      <time>2</time>
    </ksState>
    <ksState>
      <x>475.0447902987365</x>
      <y>-787.8113219502665</y>
      <steeringAngle>-0.10660000000000043</steeringAngle>
      <velocity>4.0</velocity>
      <orientation>1.1913233251049773</orientation>
      <time>3</time>
    </ksState>
    <ksState>
      <x>475.22190896560335</x>
      <y>-787.4516348621516</y>
      <steeringAngle>-0.14213333333333378</steeringAngle>
      <velocity>4.0</velocity>
      <orientation>1.1719313987194315</orientation>
      <time>4</time>
    </ksState>
    <ksState>
      <x>475.4143019352338</x>
      <y>-787.0991721723351</y>
      <steeringAngle>-0.1776666666666672</steeringAngle>
      <velocity>4.0</velocity>
      <orientation>1.1469139922680343</orientation>
      <time>5</time>
    </ksState>
    <ksState>
      <x>475.6022203739132</x>
      <y>-786.7896537315128</y>
      <steeringAngle>-0.21319999999999997</steeringAngle>
      <velocity>3.2</velocity>
      <orientation>1.1193724467045996</orientation>
      <time>6</time>
    </ksState>
    <ksState>
      <x>475.7598379787531</x>
      <y>-786.5554414557727</y>
      <steeringAngle>-0.24873333333333342</steeringAngle>
      <velocity>2.4000000000000004</velocity>
      <orientation>1.0939342163179502</orientation>
      <time>7</time>
    </ksState>
    <ksState>
      <x>475.87995060818946</x>
      <y>-786.3927530251958</y>
      <steeringAngle>-0.2842666666666668</steeringAngle>
      <velocity>1.600000000000001</velocity>
      <orientation>1.0728593165273703</orientation>
      <time>8</time>
    </ksState>
    <ksState>
      <x>475.9559321551298</x>
      <y>-786.2976454339827</y>
      <steeringAngle>-0.3197999999999999</steeringAngle>
      <velocity>0.8000000000000007</velocity>
      <orientation>1.058460889226666</orientation>
      <time>9</time>
    </ksState>
    <ksState>
      <x>475.9822462094064</x>
      <y>-786.2665762149791</y>
      <steeringAngle>-0.3553333333333332</steeringAngle>
      <velocity>5.551115123125783e-16</velocity>
      <orientation>1.0531192475909368</orientation>
      <time>10</time>
    </ksState>
    <ksState>
      <x>475.9822462094064</x>
      <y>-786.2665762149791</y>
      <steeringAngle>-0.3198</steeringAngle>
      <velocity>0.0</velocity>
      <orientation>1.0531192475909368</orientation>
      <time>11</time>
    </ksState>
    <ksState>
      <x>475.9822462094064</x>
      <y>-786.2665762149791</y>
      <steeringAngle>-0.2842666666666666</steeringAngle>
      <velocity>0.0</velocity>
      <orientation>1.0531192475909368</orientation>
      <time>12</time>
    </ksState>
    <ksState>
      <x>475.9822462094064</x>
      <y>-786.2665762149791</y>
      <steeringAngle>-0.24873333333333333</steeringAngle>
      <velocity>0.0</velocity>
      <orientation>1.0531192475909368</orientation>
      <time>13</time>
    </ksState>
    <ksState>
      <x>475.9822462094064</x>
      <y>-786.2665762149791</y>
      <steeringAngle>-0.21320000000000003</steeringAngle>
      <velocity>0.0</velocity>
      <orientation>1.0531192475909368</orientation>
      <time>14</time>
    </ksState>
    <ksState>
      <x>475.9822462094064</x>
      <y>-786.2665762149791</y>
      <steeringAngle>-0.1776666666666667</steeringAngle>
      <velocity>0.0</velocity>
      <orientation>1.0531192475909368</orientation>
      <time>15</time>
    </ksState>
    <ksState>
      <x>476.00552958254536</x>
      <y>-786.2338106203749</y>
      <steeringAngle>-0.17766666666666667</steeringAngle>
      <velocity>0.7999999999999999</velocity>
      <orientation>1.0503341987248007</orientation>
      <time>16</time>
    </ksState>
    <ksState>
      <x>476.07592579391553</x>
      <y>-786.1359045922262</y>
      <steeringAngle>-0.17766666666666667</steeringAngle>
      <velocity>1.6000000000000005</velocity>
      <orientation>1.0419790522089138</orientation>
      <time>17</time>
    </ksState>
    <ksState>
      <x>476.19506267891944</x>
      <y>-785.9740458488607</y>
      <steeringAngle>-0.17766666666666667</steeringAngle>
      <velocity>2.4000000000000017</velocity>
      <orientation>1.028053808055463</orientation>
      <time>18</time>
    </ksState>
    <ksState>
      <x>476.36561611901675</x>
      <y>-785.7502639864801</y>
      <steeringAngle>-0.17766666666666667</steeringAngle>
      <velocity>3.2000000000000024</velocity>
      <orientation>1.008558466268137</orientation>
      <time>19</time>
    </ksState>
    <ksState>
      <x>476.5912523260777</x>
      <y>-785.4675040904999</y>
      <steeringAngle>-0.17766666666666667</steeringAngle>
      <velocity>4.000000000000002</velocity>
      <orientation>0.9834930268484446</orientation>
      <time>20</time>
    </ksState>
    <ksState>
      <x>476.82390442996183</x>
      <y>-785.1904881055099</y>
      <steeringAngle>-0.17766666666666667</steeringAngle>
      <velocity>3.2000000000000006</velocity>
      <orientation>0.958427587580267</orientation>
      <time>21</time>
    </ksState>
    <ksState>
      <x>477.0096131419808</x>
      <y>-784.9791138588535</y>
      <steeringAngle>-0.17766666666666667</steeringAngle>
      <velocity>2.4000000000000012</velocity>
      <orientation>0.9389322459502373</orientation>
      <time>22</time>
    </ksState>
    <ksState>
      <x>477.14476758100295</x>
      <y>-784.8303686825623</y>
      <steeringAngle>-0.17766666666666667</steeringAngle>
      <velocity>1.6000000000000005</velocity>
      <orientation>0.9250070019512563</orientation>
      <time>23</time>
    </ksState>
    <ksState>
      <x>477.22684985338344</x>
      <y>-784.7420300327653</y>
      <steeringAngle>-0.17766666666666667</steeringAngle>
      <velocity>0.8000000000000004</velocity>
      <orientation>0.9166518555805022</orientation>
      <time>24</time>
    </ksState>
    <ksState>
      <x>477.2543742831504</x>
      <y>-784.7127366054651</y>
      <steeringAngle>-0.17766666666666667</steeringAngle>
      <velocity>2.7755575615628914e-16</velocity>
      <orientation>0.9138668068342868</orientation>
      <time>25</time>
    </ksState>
    <ksState>
      <x>477.2543742831504</x>
      <y>-784.7127366054651</y>
      <steeringAngle>-0.14213333333333336</steeringAngle>
      <velocity>0.0</velocity>
      <orientation>0.9138668068342868</orientation>
      <time>26</time>
    </ksState>
    <ksState>
      <x>477.2543742831504</x>
      <y>-784.7127366054651</y>
      <steeringAngle>-0.10660000000000001</steeringAngle>
      <velocity>0.0</velocity>
      <orientation>0.9138668068342868</orientation>
      <time>27</time>
    </ksState>
    <ksState>
      <x>477.2543742831504</x>
      <y>-784.7127366054651</y>
      <steeringAngle>-0.07106666666666668</steeringAngle>
      <velocity>0.0</velocity>
      <orientation>0.9138668068342868</orientation>
      <time>28</time>
    </ksState>
    <ksState>
      <x>477.2543742831504</x>
      <y>-784.7127366054651</y>
      <steeringAngle>-0.03553333333333333</steeringAngle>
      <velocity>0.0</velocity>
      <orientation>0.9138668068342868</orientation>
      <time>29</time>
    </ksState>
    <ksState>
      <x>477.2543742831504</x>
      <y>-784.7127366054651</y>
      <steeringAngle>-0.0</steeringAngle>
      <velocity>0.0</velocity>
      <orientation>0.9138668068342868</orientation>
      <time>30</time>
    </ksState>
    <ksState>
      <x>477.2543742831504</x>
      <y>-784.7127366054651</y>
      <steeringAngle>0.0</steeringAngle>
      <velocity>0.0</velocity>
      <orientation>0.9138668068342868</orientation>
      <time>31</time>
    </ksState>
    <ksState>
      <x>477.2543742831504</x>
      <y>-784.7127366054651</y>
      <steeringAngle>0.0</steeringAngle>
      <velocity>0.0</velocity>
      <orientation>0.9138668068342868</orientation>
      <time>32</time>
    </ksState>
    <ksState>
      <x>477.2543742831504</x>
      <y>-784.7127366054651</y>
      <steeringAngle>0.0</steeringAngle>
      <velocity>0.0</velocity>
      <orientation>0.9138668068342868</orientation>
      <time>33</time>
    </ksState>
  </ksTrajectory>
</CommonRoadSolution>
