<?xml version="1.0" ?>
<CommonRoadSolution benchmark_id="KS2:SM1:DEU_Guetersloh-65_2_T-1:2020a" computation_time="0.5683476270000938" date="2022-12-18T12:01:12">
  <ksTrajectory planningProblem="1">
    <ksState>
      <x>379.50266</x>
      <y>248.04377</y>
      <steeringAngle>0.0</steeringAngle>
      <velocity>8.0</velocity>
      <orientation>-2.2468988</orientation>
      <time>0</time>
    </ksState>
    <ksState>
      <x>379.0093329819327</x>
      <y>247.41394730398483</y>
      <steeringAngle>0.03553333333333333</steeringAngle>
      <velocity>8.0</velocity>
      <orientation>-2.241386264997161</orientation>
      <time>1</time>
    </ksState>
    <ksState>
      <x>378.53537215114216</x>
      <y>246.7690704126979</y>
      <steeringAngle>0.07106666666666667</steeringAngle>
      <velocity>8.0</velocity>
      <orientation>-2.2248347441168916</orientation>
      <time>2</time>
    </ksState>
    <ksState>
      <x>378.08842141210243</x>
      <y>246.10447926056392</y>
      <steeringAngle>0.10659999999999997</steeringAngle>
      <velocity>8.0</velocity>
      <orientation>-2.1972022648261964</orientation>
      <time>3</time>
    </ksState>
    <ksState>
      <x>377.6768215303811</x>
      <y>245.41638978141125</y>
      <steeringAngle>0.1421333333333333</steeringAngle>
      <velocity>8.0</velocity>
      <orientation>-2.158418412553462</orientation>
      <time>4</time>
    </ksState>
    <ksState>
      <x>377.3097227486363</x>
      <y>244.70220224212144</y>
      <steeringAngle>0.17766666666666667</steeringAngle>
      <velocity>8.0</velocity>
      <orientation>-2.108383600304307</orientation>
      <time>5</time>
    </ksState>
    <ksState>
      <x>377.01155727729946</x>
      <y>243.9984367754703</y>
      <steeringAngle>0.21320000000000014</steeringAngle>
      <velocity>7.200000000000003</velocity>
      <orientation>-2.050134273232814</orientation>
      <time>6</time>
    </ksState>
    <ksState>
      <x>376.7956862308532</x>
      <y>243.3478133230821</y>
      <steeringAngle>0.24873333333333347</steeringAngle>
      <velocity>6.400000000000004</velocity>
      <orientation>-1.9882171857470348</orientation>
      <time>7</time>
    </ksState>
    <ksState>
      <x>376.65317147546267</x>
      <y>242.7582135174386</y>
      <steeringAngle>0.2842666666666668</steeringAngle>
      <velocity>5.600000000000001</velocity>
      <orientation>-1.9247950429831138</orientation>
      <time>8</time>
    </ksState>
    <ksState>
      <x>376.5726287643805</x>
      <y>242.23694032809513</y>
      <steeringAngle>0.3198</steeringAngle>
      <velocity>4.800000000000002</velocity>
      <orientation>-1.862065943241161</orientation>
      <time>9</time>
    </ksState>
    <ksState>
      <x>376.5408677219156</x>
      <y>241.79003436818763</y>
      <steeringAngle>0.3553333333333332</steeringAngle>
      <velocity>4.000000000000001</velocity>
      <orientation>-1.8022761091929462</orientation>
      <time>10</time>
    </ksState>
    <ksState>
      <x>376.543680580797</x>
      <y>241.42185854162165</y>
      <steeringAngle>0.3908666666666668</steeringAngle>
      <velocity>3.2000000000000006</velocity>
      <orientation>-1.7477337224197635</orientation>
      <time>11</time>
    </ksState>
    <ksState>
      <x>376.5667212832985</x>
      <y>241.13498949225402</y>
      <steeringAngle>0.4264</steeringAngle>
      <velocity>2.3999999999999995</velocity>
      <orientation>-1.7008240856232466</orientation>
      <time>12</time>
    </ksState>
    <ksState>
      <x>376.596411444371</x>
      <y>240.9304201244884</y>
      <steeringAngle>0.4619333333333332</steeringAngle>
      <velocity>1.5999999999999996</velocity>
      <orientation>-1.66402646109785</orientation>
      <time>13</time>
    </ksState>
    <ksState>
      <x>376.6208243515961</x>
      <y>240.80804021289308</y>
      <steeringAngle>0.49746666666666656</steeringAngle>
      <velocity>0.7999999999999986</velocity>
      <orientation>-1.6399330249478683</orientation>
      <time>14</time>
    </ksState>
    <ksState>
      <x>376.6305306627905</x>
      <y>240.76732629427244</y>
      <steeringAngle>0.5329999999999998</steeringAngle>
      <velocity>-1.5265566588595902e-15</velocity>
      <orientation>-1.6312703588102877</orientation>
      <time>15</time>
    </ksState>
    <ksState>
      <x>376.6305306627905</x>
      <y>240.76732629427244</y>
      <steeringAngle>0.49746666666666667</steeringAngle>
      <velocity>0.0</velocity>
      <orientation>-1.6312703588102877</orientation>
      <time>16</time>
    </ksState>
    <ksState>
      <x>376.6305306627905</x>
      <y>240.76732629427244</y>
      <steeringAngle>0.4619333333333333</steeringAngle>
      <velocity>0.0</velocity>
      <orientation>-1.6312703588102877</orientation>
      <time>17</time>
    </ksState>
    <ksState>
      <x>376.6305306627905</x>
      <y>240.76732629427244</y>
      <steeringAngle>0.42639999999999995</steeringAngle>
      <velocity>0.0</velocity>
      <orientation>-1.6312703588102877</orientation>
      <time>18</time>
    </ksState>
    <ksState>
      <x>376.6305306627905</x>
      <y>240.76732629427244</y>
      <steeringAngle>0.3908666666666666</steeringAngle>
      <velocity>0.0</velocity>
      <orientation>-1.6312703588102877</orientation>
      <time>19</time>
    </ksState>
    <ksState>
      <x>376.6305306627905</x>
      <y>240.76732629427244</y>
      <steeringAngle>0.3553333333333333</steeringAngle>
      <velocity>0.0</velocity>
      <orientation>-1.6312703588102877</orientation>
      <time>20</time>
    </ksState>
    <ksState>
      <x>376.6305306627905</x>
      <y>240.76732629427244</y>
      <steeringAngle>0.3198</steeringAngle>
      <velocity>0.0</velocity>
      <orientation>-1.6312703588102877</orientation>
      <time>21</time>
    </ksState>
    <ksState>
      <x>376.6305306627905</x>
      <y>240.76732629427244</y>
      <steeringAngle>0.2842666666666666</steeringAngle>
      <velocity>0.0</velocity>
      <orientation>-1.6312703588102877</orientation>
      <time>22</time>
    </ksState>
    <ksState>
      <x>376.6305306627905</x>
      <y>240.76732629427244</y>
      <steeringAngle>0.24873333333333333</steeringAngle>
      <velocity>0.0</velocity>
      <orientation>-1.6312703588102877</orientation>
      <time>23</time>
    </ksState>
    <ksState>
      <x>376.6305306627905</x>
      <y>240.76732629427244</y>
      <steeringAngle>0.21320000000000003</steeringAngle>
      <velocity>0.0</velocity>
      <orientation>-1.6312703588102877</orientation>
      <time>24</time>
    </ksState>
    <ksState>
      <x>376.6305306627905</x>
      <y>240.76732629427244</y>
      <steeringAngle>0.1776666666666667</steeringAngle>
      <velocity>0.0</velocity>
      <orientation>-1.6312703588102877</orientation>
      <time>25</time>
    </ksState>
    <ksState>
      <x>376.6305306627905</x>
      <y>240.76732629427244</y>
      <steeringAngle>0.14213333333333336</steeringAngle>
      <velocity>0.0</velocity>
      <orientation>-1.6312703588102877</orientation>
      <time>26</time>
    </ksState>
    <ksState>
      <x>376.6305306627905</x>
      <y>240.76732629427244</y>
      <steeringAngle>0.10660000000000001</steeringAngle>
      <velocity>0.0</velocity>
      <orientation>-1.6312703588102877</orientation>
      <time>27</time>
    </ksState>
    <ksState>
      <x>376.6305306627905</x>
      <y>240.76732629427244</y>
      <steeringAngle>0.07106666666666668</steeringAngle>
      <velocity>0.0</velocity>
      <orientation>-1.6312703588102877</orientation>
      <time>28</time>
    </ksState>
    <ksState>
      <x>376.6305306627905</x>
      <y>240.76732629427244</y>
      <steeringAngle>0.03553333333333333</steeringAngle>
      <velocity>0.0</velocity>
      <orientation>-1.6312703588102877</orientation>
      <time>29</time>
    </ksState>
    <ksState>
      <x>376.6305306627905</x>
      <y>240.76732629427244</y>
      <steeringAngle>0.0</steeringAngle>
      <velocity>0.0</velocity>
      <orientation>-1.6312703588102877</orientation>
      <time>30</time>
    </ksState>
    <ksState>
      <x>376.6305306627905</x>
      <y>240.76732629427244</y>
      <steeringAngle>0.0</steeringAngle>
      <velocity>0.0</velocity>
      <orientation>-1.6312703588102877</orientation>
      <time>31</time>
    </ksState>
    <ksState>
      <x>376.6305306627905</x>
      <y>240.76732629427244</y>
      <steeringAngle>0.0</steeringAngle>
      <velocity>0.0</velocity>
      <orientation>-1.6312703588102877</orientation>
      <time>32</time>
    </ksState>
    <ksState>
      <x>376.6305306627905</x>
      <y>240.76732629427244</y>
      <steeringAngle>0.0</steeringAngle>
      <velocity>0.0</velocity>
      <orientation>-1.6312703588102877</orientation>
      <time>33</time>
    </ksState>
  </ksTrajectory>
</CommonRoadSolution>
