<?xml version="1.0" ?>
<CommonRoadSolution benchmark_id="KS2:SM1:DEU_Hennigsdorf-5_4_T-1:2020a" computation_time="7.698741272999996" date="2022-12-18T12:01:12">
  <ksTrajectory planningProblem="1">
    <ksState>
      <x>-648.57057</x>
      <y>285.84712</y>
      <steeringAngle>0.0</steeringAngle>
      <velocity>4.0</velocity>
      <orientation>-2.01487</orientation>
      <time>0</time>
    </ksState>
    <ksState>
      <x>-648.7385432732129</x>
      <y>285.48407896605164</y>
      <steeringAngle>0.035533333333333326</steeringAngle>
      <velocity>4.0</velocity>
      <orientation>-2.0121137254673997</orientation>
      <time>1</time>
    </ksState>
    <ksState>
      <x>-648.8973973692147</x>
      <y>285.1167933240382</y>
      <steeringAngle>0.07106666666666711</steeringAngle>
      <velocity>4.0</velocity>
      <orientation>-2.0038379649241143</orientation>
      <time>2</time>
    </ksState>
    <ksState>
      <x>-649.0450073329533</x>
      <y>284.7445194454346</y>
      <steeringAngle>0.10660000000000043</steeringAngle>
      <velocity>4.0</velocity>
      <orientation>-1.9900217251049774</orientation>
      <time>3</time>
    </ksState>
    <ksState>
      <x>-649.1791396250986</x>
      <y>284.36669097679703</y>
      <steeringAngle>0.14213333333333378</steeringAngle>
      <velocity>4.0</velocity>
      <orientation>-1.9706297987194317</orientation>
      <time>4</time>
    </ksState>
    <ksState>
      <x>-649.2974400448585</x>
      <y>283.9829592825618</y>
      <steeringAngle>0.1776666666666672</steeringAngle>
      <velocity>4.0</velocity>
      <orientation>-1.9456123922680344</orientation>
      <time>5</time>
    </ksState>
    <ksState>
      <x>-649.3880947264096</x>
      <y>283.6323929785369</y>
      <steeringAngle>0.21319999999999997</steeringAngle>
      <velocity>3.2</velocity>
      <orientation>-1.9180708467045997</orientation>
      <time>6</time>
    </ksState>
    <ksState>
      <x>-649.4459354762041</x>
      <y>283.35607224618764</y>
      <steeringAngle>0.24873333333333342</steeringAngle>
      <velocity>2.4000000000000004</velocity>
      <orientation>-1.8926326163179503</orientation>
      <time>7</time>
    </ksState>
    <ksState>
      <x>-649.4786980283354</x>
      <y>283.15651978598856</y>
      <steeringAngle>0.2842666666666668</steeringAngle>
      <velocity>1.600000000000001</velocity>
      <orientation>-1.8715577165273705</orientation>
      <time>8</time>
    </ksState>
    <ksState>
      <x>-649.4938299802084</x>
      <y>283.0357320655269</y>
      <steeringAngle>0.3197999999999999</steeringAngle>
      <velocity>0.8000000000000007</velocity>
      <orientation>-1.8571592892266662</orientation>
      <time>9</time>
    </ksState>
    <ksState>
      <x>-649.4977317478797</x>
      <y>282.99520427221165</y>
      <steeringAngle>0.3553333333333332</steeringAngle>
      <velocity>5.551115123125783e-16</velocity>
      <orientation>-1.851817647590937</orientation>
      <time>10</time>
    </ksState>
    <ksState>
      <x>-649.4977317478797</x>
      <y>282.99520427221165</y>
      <steeringAngle>0.3198</steeringAngle>
      <velocity>0.0</velocity>
      <orientation>-1.851817647590937</orientation>
      <time>11</time>
    </ksState>
    <ksState>
      <x>-649.4977317478797</x>
      <y>282.99520427221165</y>
      <steeringAngle>0.2842666666666666</steeringAngle>
      <velocity>0.0</velocity>
      <orientation>-1.851817647590937</orientation>
      <time>12</time>
    </ksState>
    <ksState>
      <x>-649.4977317478797</x>
      <y>282.99520427221165</y>
      <steeringAngle>0.24873333333333333</steeringAngle>
      <velocity>0.0</velocity>
      <orientation>-1.851817647590937</orientation>
      <time>13</time>
    </ksState>
    <ksState>
      <x>-649.4977317478797</x>
      <y>282.99520427221165</y>
      <steeringAngle>0.21320000000000003</steeringAngle>
      <velocity>0.0</velocity>
      <orientation>-1.851817647590937</orientation>
      <time>14</time>
    </ksState>
    <ksState>
      <x>-649.4977317478797</x>
      <y>282.99520427221165</y>
      <steeringAngle>0.1776666666666667</steeringAngle>
      <velocity>0.0</velocity>
      <orientation>-1.851817647590937</orientation>
      <time>15</time>
    </ksState>
    <ksState>
      <x>-649.5054855464456</x>
      <y>282.955813663044</y>
      <steeringAngle>0.14213333333333333</steeringAngle>
      <velocity>0.8</velocity>
      <orientation>-1.8494101503801343</orientation>
      <time>16</time>
    </ksState>
    <ksState>
      <x>-649.530305796174</x>
      <y>282.8381254786856</y>
      <steeringAngle>0.10660000000000001</steeringAngle>
      <velocity>1.6</velocity>
      <orientation>-1.8436858637597997</orientation>
      <time>17</time>
    </ksState>
    <ksState>
      <x>-649.5741612519977</x>
      <y>282.64275030566813</y>
      <steeringAngle>0.07106666666666664</steeringAngle>
      <velocity>2.4000000000000004</velocity>
      <orientation>-1.836870349996821</orientation>
      <time>18</time>
    </ksState>
    <ksState>
      <x>-649.6390973749734</x>
      <y>282.37026116615897</y>
      <steeringAngle>0.03553333333333332</steeringAngle>
      <velocity>3.1999999999999993</velocity>
      <orientation>-1.8311694292838914</orientation>
      <time>19</time>
    </ksState>
    <ksState>
      <x>-649.7279320590931</x>
      <y>282.02137595041444</y>
      <steeringAngle>-2.6020852139652106e-18</steeringAngle>
      <velocity>3.999999999999999</velocity>
      <orientation>-1.8287806776955644</orientation>
      <time>20</time>
    </ksState>
    <ksState>
      <x>-649.8341303961597</x>
      <y>281.63571324020194</y>
      <steeringAngle>-0.035533333333333326</steeringAngle>
      <velocity>4.0</velocity>
      <orientation>-1.8315369522281648</orientation>
      <time>21</time>
    </ksState>
    <ksState>
      <x>-649.9500324866405</x>
      <y>281.2526987860778</y>
      <steeringAngle>-0.07106666666666711</steeringAngle>
      <velocity>4.0</velocity>
      <orientation>-1.8398127127714503</orientation>
      <time>22</time>
    </ksState>
    <ksState>
      <x>-650.0777409932191</x>
      <y>280.87313709223486</y>
      <steeringAngle>-0.10660000000000043</steeringAngle>
      <velocity>4.0</velocity>
      <orientation>-1.8536289525905871</orientation>
      <time>23</time>
    </ksState>
    <ksState>
      <x>-650.2193270017341</x>
      <y>280.49803813768824</y>
      <steeringAngle>-0.14213333333333378</steeringAngle>
      <velocity>4.0</velocity>
      <orientation>-1.873020878976133</orientation>
      <time>24</time>
    </ksState>
    <ksState>
      <x>-650.3768131247168</x>
      <y>280.12865605427885</y>
      <steeringAngle>-0.1776666666666672</steeringAngle>
      <velocity>4.0</velocity>
      <orientation>-1.8980382854275302</orientation>
      <time>25</time>
    </ksState>
    <ksState>
      <x>-650.5438454077112</x>
      <y>279.7634546665611</y>
      <steeringAngle>-0.1421333333333333</steeringAngle>
      <velocity>4.0</velocity>
      <orientation>-1.9230556917720534</orientation>
      <time>26</time>
    </ksState>
    <ksState>
      <x>-650.7114602871799</x>
      <y>279.39921344708745</y>
      <steeringAngle>-0.10659999999999999</steeringAngle>
      <velocity>4.0</velocity>
      <orientation>-1.942447618062804</orientation>
      <time>27</time>
    </ksState>
    <ksState>
      <x>-650.8777287801521</x>
      <y>279.0348703543583</y>
      <steeringAngle>-0.07106666666666664</steeringAngle>
      <velocity>4.0</velocity>
      <orientation>-1.956263857797757</orientation>
      <time>28</time>
    </ksState>
    <ksState>
      <x>-651.0407197958143</x>
      <y>278.6693898870041</y>
      <steeringAngle>-0.03553333333333332</steeringAngle>
      <velocity>4.0</velocity>
      <orientation>-1.9645396182600223</orientation>
      <time>29</time>
    </ksState>
    <ksState>
      <x>-651.1984766745755</x>
      <y>278.3017902769375</y>
      <steeringAngle>2.2985086056692694e-17</steeringAngle>
      <velocity>4.0</velocity>
      <orientation>-1.9672958815548627</orientation>
      <time>30</time>
    </ksState>
    <ksState>
      <x>-651.3638696430448</x>
      <y>277.89403695024913</y>
      <steeringAngle>0.035533333333333326</steeringAngle>
      <velocity>4.799999999999999</velocity>
      <orientation>-1.9641721028856718</orientation>
      <time>31</time>
    </ksState>
    <ksState>
      <x>-651.5465782937026</x>
      <y>277.40696039125083</y>
      <steeringAngle>0.07106666666666667</steeringAngle>
      <velocity>5.599999999999998</velocity>
      <orientation>-1.953321491824499</orientation>
      <time>32</time>
    </ksState>
    <ksState>
      <x>-651.7375257651657</x>
      <y>276.83741807202034</y>
      <steeringAngle>0.10659999999999999</steeringAngle>
      <velocity>6.3999999999999995</velocity>
      <orientation>-1.9325045428241712</orientation>
      <time>33</time>
    </ksState>
  </ksTrajectory>
</CommonRoadSolution>
