<?xml version="1.0" ?>
<CommonRoadSolution benchmark_id="KS2:SM1:DEU_Flensburg-54_1_T-1:2020a" computation_time="1.4100781739998638" date="2022-12-18T12:01:12">
  <ksTrajectory planningProblem="123">
    <ksState>
      <x>300.21565</x>
      <y>-314.60172</y>
      <steeringAngle>0.0</steeringAngle>
      <velocity>16.0</velocity>
      <orientation>0.8913644</orientation>
      <time>0</time>
    </ksState>
    <ksState>
      <x>301.22101192697227</x>
      <y>-313.35703233002226</y>
      <steeringAngle>0.0</steeringAngle>
      <velocity>16.0</velocity>
      <orientation>0.8913644</orientation>
      <time>1</time>
    </ksState>
    <ksState>
      <x>302.22637385394455</x>
      <y>-312.1123446600446</y>
      <steeringAngle>0.0</steeringAngle>
      <velocity>16.0</velocity>
      <orientation>0.8913644</orientation>
      <time>2</time>
    </ksState>
    <ksState>
      <x>303.23173578091684</x>
      <y>-310.86765699006685</y>
      <steeringAngle>0.0</steeringAngle>
      <velocity>16.0</velocity>
      <orientation>0.8913644</orientation>
      <time>3</time>
    </ksState>
    <ksState>
      <x>304.2370977078891</x>
      <y>-309.6229693200891</y>
      <steeringAngle>0.0</steeringAngle>
      <velocity>16.0</velocity>
      <orientation>0.8913644</orientation>
      <time>4</time>
    </ksState>
    <ksState>
      <x>305.2424596348614</x>
      <y>-308.3782816501114</y>
      <steeringAngle>0.0</steeringAngle>
      <velocity>16.0</velocity>
      <orientation>0.8913644</orientation>
      <time>5</time>
    </ksState>
    <ksState>
      <x>306.2478215618337</x>
      <y>-307.13359398013364</y>
      <steeringAngle>0.0</steeringAngle>
      <velocity>16.0</velocity>
      <orientation>0.8913644</orientation>
      <time>6</time>
    </ksState>
    <ksState>
      <x>307.253183488806</x>
      <y>-305.88890631015596</y>
      <steeringAngle>0.0</steeringAngle>
      <velocity>16.0</velocity>
      <orientation>0.8913644</orientation>
      <time>7</time>
    </ksState>
    <ksState>
      <x>308.25854541577826</x>
      <y>-304.6442186401782</y>
      <steeringAngle>0.0</steeringAngle>
      <velocity>16.0</velocity>
      <orientation>0.8913644</orientation>
      <time>8</time>
    </ksState>
    <ksState>
      <x>309.26390734275054</x>
      <y>-303.3995309702005</y>
      <steeringAngle>0.0</steeringAngle>
      <velocity>16.0</velocity>
      <orientation>0.8913644</orientation>
      <time>9</time>
    </ksState>
    <ksState>
      <x>310.2692692697228</x>
      <y>-302.15484330022275</y>
      <steeringAngle>0.0</steeringAngle>
      <velocity>16.0</velocity>
      <orientation>0.8913644</orientation>
      <time>10</time>
    </ksState>
    <ksState>
      <x>311.2494971483104</x>
      <y>-300.941272822255</y>
      <steeringAngle>0.0</steeringAngle>
      <velocity>15.2</velocity>
      <orientation>0.8913644</orientation>
      <time>11</time>
    </ksState>
    <ksState>
      <x>312.17945693020596</x>
      <y>-299.7899367282112</y>
      <steeringAngle>0.0</steeringAngle>
      <velocity>14.400000000000002</velocity>
      <orientation>0.8913644</orientation>
      <time>12</time>
    </ksState>
    <ksState>
      <x>313.0591486156421</x>
      <y>-298.70083501780357</y>
      <steeringAngle>0.0</steeringAngle>
      <velocity>13.600000000000001</velocity>
      <orientation>0.8913644</orientation>
      <time>13</time>
    </ksState>
    <ksState>
      <x>313.88857220468924</x>
      <y>-297.6739676909447</y>
      <steeringAngle>0.0</steeringAngle>
      <velocity>12.800000000000004</velocity>
      <orientation>0.8913644</orientation>
      <time>14</time>
    </ksState>
    <ksState>
      <x>314.6677276973696</x>
      <y>-296.7093347476073</y>
      <steeringAngle>0.0</steeringAngle>
      <velocity>12.000000000000002</velocity>
      <orientation>0.8913644</orientation>
      <time>15</time>
    </ksState>
    <ksState>
      <x>315.42174914259886</x>
      <y>-295.775818995124</y>
      <steeringAngle>0.0</steeringAngle>
      <velocity>12.0</velocity>
      <orientation>0.8913644</orientation>
      <time>16</time>
    </ksState>
    <ksState>
      <x>316.1757705878281</x>
      <y>-294.8423032426407</y>
      <steeringAngle>0.0</steeringAngle>
      <velocity>12.0</velocity>
      <orientation>0.8913644</orientation>
      <time>17</time>
    </ksState>
    <ksState>
      <x>316.92979203305725</x>
      <y>-293.9087874901574</y>
      <steeringAngle>0.0</steeringAngle>
      <velocity>12.0</velocity>
      <orientation>0.8913644</orientation>
      <time>18</time>
    </ksState>
    <ksState>
      <x>317.6838134782865</x>
      <y>-292.9752717376741</y>
      <steeringAngle>0.0</steeringAngle>
      <velocity>12.0</velocity>
      <orientation>0.8913644</orientation>
      <time>19</time>
    </ksState>
    <ksState>
      <x>318.4378349235157</x>
      <y>-292.04175598519083</y>
      <steeringAngle>0.0</steeringAngle>
      <velocity>12.0</velocity>
      <orientation>0.8913644</orientation>
      <time>20</time>
    </ksState>
    <ksState>
      <x>319.1667223202636</x>
      <y>-291.13935742483704</y>
      <steeringAngle>0.0</steeringAngle>
      <velocity>11.200000000000001</velocity>
      <orientation>0.8913644</orientation>
      <time>21</time>
    </ksState>
    <ksState>
      <x>319.8453416203796</x>
      <y>-290.299193248333</y>
      <steeringAngle>0.0</steeringAngle>
      <velocity>10.4</velocity>
      <orientation>0.8913644</orientation>
      <time>22</time>
    </ksState>
    <ksState>
      <x>320.47369282405816</x>
      <y>-289.52126345543763</y>
      <steeringAngle>0.0</steeringAngle>
      <velocity>9.599999999999998</velocity>
      <orientation>0.8913644</orientation>
      <time>23</time>
    </ksState>
    <ksState>
      <x>321.0517759313547</x>
      <y>-288.80556804608256</y>
      <steeringAngle>0.0</steeringAngle>
      <velocity>8.799999999999999</velocity>
      <orientation>0.8913644</orientation>
      <time>24</time>
    </ksState>
    <ksState>
      <x>321.57959094228727</x>
      <y>-288.1521070202454</y>
      <steeringAngle>0.0</steeringAngle>
      <velocity>7.999999999999997</velocity>
      <orientation>0.8913644</orientation>
      <time>25</time>
    </ksState>
    <ksState>
      <x>322.06382420979264</x>
      <y>-287.5663078557383</y>
      <steeringAngle>-0.03553333333333333</steeringAngle>
      <velocity>7.199999999999999</velocity>
      <orientation>0.8862193870175076</orientation>
      <time>26</time>
    </ksState>
    <ksState>
      <x>322.5123924948474</x>
      <y>-287.0548851651431</y>
      <steeringAngle>-0.07106666666666664</steeringAngle>
      <velocity>6.400000000000001</velocity>
      <orientation>0.8722427148965445</orientation>
      <time>27</time>
    </ksState>
    <ksState>
      <x>322.9249366389759</x>
      <y>-286.6182712750396</y>
      <steeringAngle>-0.10659999999999997</steeringAngle>
      <velocity>5.600000000000004</velocity>
      <orientation>0.8516109470306632</orientation>
      <time>28</time>
    </ksState>
    <ksState>
      <x>323.2987256112782</x>
      <y>-286.25506075230464</y>
      <steeringAngle>-0.1421333333333333</steeringAngle>
      <velocity>4.800000000000003</velocity>
      <orientation>0.8264947395220149</orientation>
      <time>29</time>
    </ksState>
    <ksState>
      <x>323.6293762113599</x>
      <y>-285.962208253038</y>
      <steeringAngle>-0.17766666666666653</steeringAngle>
      <velocity>4.000000000000006</velocity>
      <orientation>0.7990698429368651</orientation>
      <time>30</time>
    </ksState>
    <ksState>
      <x>323.9372122502533</x>
      <y>-285.70431523197743</y>
      <steeringAngle>-0.1421333333333333</steeringAngle>
      <velocity>4.0</velocity>
      <orientation>0.7740524365923418</orientation>
      <time>31</time>
    </ksState>
    <ksState>
      <x>324.2451614109486</x>
      <y>-285.44753959409496</y>
      <steeringAngle>-0.10659999999999999</steeringAngle>
      <velocity>4.0</velocity>
      <orientation>0.7546605103015912</orientation>
      <time>32</time>
    </ksState>
    <ksState>
      <x>324.5519388149851</x>
      <y>-285.1900930455701</y>
      <steeringAngle>-0.07106666666666664</steeringAngle>
      <velocity>4.0</velocity>
      <orientation>0.7408442705666383</orientation>
      <time>33</time>
    </ksState>
    <ksState>
      <x>324.85624626881435</x>
      <y>-284.93021034751575</y>
      <steeringAngle>-0.03553333333333332</steeringAngle>
      <velocity>4.0</velocity>
      <orientation>0.732568510104373</orientation>
      <time>34</time>
    </ksState>
    <ksState>
      <x>325.1567393896557</x>
      <y>-284.6661637788113</y>
      <steeringAngle>2.2985086056692694e-17</steeringAngle>
      <velocity>4.0</velocity>
      <orientation>0.7298122468095326</orientation>
      <time>35</time>
    </ksState>
    <ksState>
      <x>325.4548592281003</x>
      <y>-284.39947189305974</y>
      <steeringAngle>0.0</steeringAngle>
      <velocity>4.0</velocity>
      <orientation>0.7298122468095326</orientation>
      <time>36</time>
    </ksState>
    <ksState>
      <x>325.7529790665449</x>
      <y>-284.1327800073081</y>
      <steeringAngle>0.0</steeringAngle>
      <velocity>4.0</velocity>
      <orientation>0.7298122468095326</orientation>
      <time>37</time>
    </ksState>
    <ksState>
      <x>326.05109890498954</x>
      <y>-283.8660881215565</y>
      <steeringAngle>0.0</steeringAngle>
      <velocity>4.0</velocity>
      <orientation>0.7298122468095326</orientation>
      <time>38</time>
    </ksState>
    <ksState>
      <x>326.34921874343416</x>
      <y>-283.5993962358049</y>
      <steeringAngle>0.0</steeringAngle>
      <velocity>4.0</velocity>
      <orientation>0.7298122468095326</orientation>
      <time>39</time>
    </ksState>
    <ksState>
      <x>326.6473385818788</x>
      <y>-283.3327043500533</y>
      <steeringAngle>0.0</steeringAngle>
      <velocity>4.0</velocity>
      <orientation>0.7298122468095326</orientation>
      <time>40</time>
    </ksState>
    <ksState>
      <x>326.9752704049338</x>
      <y>-283.03934327504135</y>
      <steeringAngle>0.0</steeringAngle>
      <velocity>4.8</velocity>
      <orientation>0.7298122468095326</orientation>
      <time>41</time>
    </ksState>
    <ksState>
      <x>327.3628261957114</x>
      <y>-282.69264382284894</y>
      <steeringAngle>0.0</steeringAngle>
      <velocity>5.6</velocity>
      <orientation>0.7298122468095326</orientation>
      <time>42</time>
    </ksState>
    <ksState>
      <x>327.81000595419977</x>
      <y>-282.2926059934867</y>
      <steeringAngle>0.0</steeringAngle>
      <velocity>6.4</velocity>
      <orientation>0.7298122468095326</orientation>
      <time>43</time>
    </ksState>
    <ksState>
      <x>328.3168096803918</x>
      <y>-281.8392297869609</y>
      <steeringAngle>0.0</steeringAngle>
      <velocity>7.199999999999999</velocity>
      <orientation>0.7298122468095326</orientation>
      <time>44</time>
    </ksState>
    <ksState>
      <x>328.8832373742833</x>
      <y>-281.3325152032754</y>
      <steeringAngle>0.0</steeringAngle>
      <velocity>7.999999999999998</velocity>
      <orientation>0.7298122468095326</orientation>
      <time>45</time>
    </ksState>
    <ksState>
      <x>329.4856681063204</x>
      <y>-280.8060882014335</y>
      <steeringAngle>-0.03553333333333333</steeringAngle>
      <velocity>8.0</velocity>
      <orientation>0.7242997118066938</orientation>
      <time>46</time>
    </ksState>
    <ksState>
      <x>330.1041709786416</x>
      <y>-280.29819129164775</y>
      <steeringAngle>-0.07106666666666667</steeringAngle>
      <velocity>8.0</velocity>
      <orientation>0.7077481909264242</orientation>
      <time>47</time>
    </ksState>
    <ksState>
      <x>330.74380969191736</x>
      <y>-279.8162071849577</y>
      <steeringAngle>-0.10659999999999997</steeringAngle>
      <velocity>8.0</velocity>
      <orientation>0.6801157116357293</orientation>
      <time>48</time>
    </ksState>
    <ksState>
      <x>331.408810620885</x>
      <y>-279.3682614757185</y>
      <steeringAngle>-0.1421333333333333</steeringAngle>
      <velocity>8.0</velocity>
      <orientation>0.6413318593629944</orientation>
      <time>49</time>
    </ksState>
    <ksState>
      <x>332.1022609709953</x>
      <y>-278.9633516477725</y>
      <steeringAngle>-0.17766666666666667</steeringAngle>
      <velocity>8.0</velocity>
      <orientation>0.5912970471138397</orientation>
      <time>50</time>
    </ksState>
    <ksState>
      <x>332.78900489001677</x>
      <y>-278.62783522487297</y>
      <steeringAngle>-0.21320000000000014</steeringAngle>
      <velocity>7.200000000000003</velocity>
      <orientation>0.5330477200423468</orientation>
      <time>51</time>
    </ksState>
    <ksState>
      <x>333.42710131692934</x>
      <y>-278.37734742985555</y>
      <steeringAngle>-0.24873333333333347</steeringAngle>
      <velocity>6.400000000000004</velocity>
      <orientation>0.4711306325565675</orientation>
      <time>52</time>
    </ksState>
    <ksState>
      <x>334.00820015038073</x>
      <y>-278.20338613507886</y>
      <steeringAngle>-0.2842666666666668</steeringAngle>
      <velocity>5.600000000000001</velocity>
      <orientation>0.40770848979264634</orientation>
      <time>53</time>
    </ksState>
    <ksState>
      <x>334.52439780048576</x>
      <y>-278.09497556242655</y>
      <steeringAngle>-0.3198</steeringAngle>
      <velocity>4.800000000000002</velocity>
      <orientation>0.3449793900506937</orientation>
      <time>54</time>
    </ksState>
    <ksState>
      <x>334.96895425328813</x>
      <y>-278.039268641034</y>
      <steeringAngle>-0.3553333333333332</steeringAngle>
      <velocity>4.000000000000001</velocity>
      <orientation>0.28518955600247897</orientation>
      <time>55</time>
    </ksState>
    <ksState>
      <x>335.37769719698747</x>
      <y>-278.02183227653916</y>
      <steeringAngle>-0.39086666666666653</steeringAngle>
      <velocity>4.0</velocity>
      <orientation>0.22446918969649177</orientation>
      <time>56</time>
    </ksState>
    <ksState>
      <x>335.7884442192523</x>
      <y>-278.039551420204</y>
      <steeringAngle>-0.42639999999999995</steeringAngle>
      <velocity>4.0</velocity>
      <orientation>0.15729957624008817</orientation>
      <time>57</time>
    </ksState>
    <ksState>
      <x>336.19804231679694</x>
      <y>-278.0955411204046</y>
      <steeringAngle>-0.4619333333333333</steeringAngle>
      <velocity>4.0</velocity>
      <orientation>0.08347899260774416</orientation>
      <time>58</time>
    </ksState>
    <ksState>
      <x>336.6025007014348</x>
      <y>-278.19274259135994</y>
      <steeringAngle>-0.49746666666666667</steeringAngle>
      <velocity>4.0</velocity>
      <orientation>0.0027784507945238235</orientation>
      <time>59</time>
    </ksState>
    <ksState>
      <x>336.99690526252755</x>
      <y>-278.3337722255935</y>
      <steeringAngle>-0.533</steeringAngle>
      <velocity>4.0</velocity>
      <orientation>-0.08506141580528481</orientation>
      <time>60</time>
    </ksState>
    <ksState>
      <x>337.3763738672917</x>
      <y>-278.5149577622769</y>
      <steeringAngle>-0.533</steeringAngle>
      <velocity>4.0</velocity>
      <orientation>-0.17656571436010465</orientation>
      <time>61</time>
    </ksState>
    <ksState>
      <x>337.7376988308118</x>
      <y>-278.7300598684827</y>
      <steeringAngle>-0.533</steeringAngle>
      <velocity>4.0</velocity>
      <orientation>-0.26807001291492455</orientation>
      <time>62</time>
    </ksState>
    <ksState>
      <x>338.0778568460252</x>
      <y>-278.97727874139895</y>
      <steeringAngle>-0.533</steeringAngle>
      <velocity>4.0</velocity>
      <orientation>-0.3595743114697444</orientation>
      <time>63</time>
    </ksState>
    <ksState>
      <x>338.39400174443</x>
      <y>-279.25454585259354</y>
      <steeringAngle>-0.533</steeringAngle>
      <velocity>4.0</velocity>
      <orientation>-0.4510786100245643</orientation>
      <time>64</time>
    </ksState>
    <ksState>
      <x>338.68348828021306</x>
      <y>-279.5595412542614</y>
      <steeringAngle>-0.533</steeringAngle>
      <velocity>4.0</velocity>
      <orientation>-0.5425829085793841</orientation>
      <time>65</time>
    </ksState>
    <ksState>
      <x>338.9220778347063</x>
      <y>-279.8516613199028</y>
      <steeringAngle>-0.4974666666666667</steeringAngle>
      <velocity>3.1999999999999993</velocity>
      <orientation>-0.6217601116886236</orientation>
      <time>66</time>
    </ksState>
    <ksState>
      <x>339.0961349078702</x>
      <y>-280.08529743986537</y>
      <steeringAngle>-0.4619333333333334</steeringAngle>
      <velocity>2.3999999999999986</velocity>
      <orientation>-0.6783672190908324</orientation>
      <time>67</time>
    </ksState>
    <ksState>
      <x>339.2156549220515</x>
      <y>-280.2540885192223</y>
      <steeringAngle>-0.4264000000000001</steeringAngle>
      <velocity>1.5999999999999979</velocity>
      <orientation>-0.715390179304891</orientation>
      <time>68</time>
    </ksState>
    <ksState>
      <x>339.28629390157374</x>
      <y>-280.35528909008474</y>
      <steeringAngle>-0.39086666666666675</steeringAngle>
      <velocity>0.7999999999999972</velocity>
      <orientation>-0.7356501485277175</orientation>
      <time>69</time>
    </ksState>
    <ksState>
      <x>339.30994696908874</x>
      <y>-280.38872279169965</y>
      <steeringAngle>-0.3553333333333332</steeringAngle>
      <velocity>-2.914335439641036e-15</velocity>
      <orientation>-0.7418281232750943</orientation>
      <time>70</time>
    </ksState>
    <ksState>
      <x>339.30994696908874</x>
      <y>-280.38872279169965</y>
      <steeringAngle>-0.3198</steeringAngle>
      <velocity>0.0</velocity>
      <orientation>-0.7418281232750943</orientation>
      <time>71</time>
    </ksState>
    <ksState>
      <x>339.30994696908874</x>
      <y>-280.38872279169965</y>
      <steeringAngle>-0.2842666666666666</steeringAngle>
      <velocity>0.0</velocity>
      <orientation>-0.7418281232750943</orientation>
      <time>72</time>
    </ksState>
    <ksState>
      <x>339.30994696908874</x>
      <y>-280.38872279169965</y>
      <steeringAngle>-0.24873333333333333</steeringAngle>
      <velocity>0.0</velocity>
      <orientation>-0.7418281232750943</orientation>
      <time>73</time>
    </ksState>
    <ksState>
      <x>339.30994696908874</x>
      <y>-280.38872279169965</y>
      <steeringAngle>-0.21320000000000003</steeringAngle>
      <velocity>0.0</velocity>
      <orientation>-0.7418281232750943</orientation>
      <time>74</time>
    </ksState>
    <ksState>
      <x>339.30994696908874</x>
      <y>-280.38872279169965</y>
      <steeringAngle>-0.1776666666666667</steeringAngle>
      <velocity>0.0</velocity>
      <orientation>-0.7418281232750943</orientation>
      <time>75</time>
    </ksState>
    <ksState>
      <x>339.33708555779424</x>
      <y>-280.4183072214875</y>
      <steeringAngle>-0.14213333333333333</steeringAngle>
      <velocity>0.8</velocity>
      <orientation>-0.7442356204858968</orientation>
      <time>76</time>
    </ksState>
    <ksState>
      <x>339.4195800082357</x>
      <y>-280.505835612199</y>
      <steeringAngle>-0.10660000000000001</steeringAngle>
      <velocity>1.6</velocity>
      <orientation>-0.7499599071062314</orientation>
      <time>77</time>
    </ksState>
    <ksState>
      <x>339.55879276509745</x>
      <y>-280.64976117477926</y>
      <steeringAngle>-0.07106666666666664</steeringAngle>
      <velocity>2.4000000000000004</velocity>
      <orientation>-0.7567754208692101</orientation>
      <time>78</time>
    </ksState>
    <ksState>
      <x>339.756171317716</x>
      <y>-280.84852922599407</y>
      <steeringAngle>-0.03553333333333332</steeringAngle>
      <velocity>3.1999999999999993</velocity>
      <orientation>-0.7624763415821398</orientation>
      <time>79</time>
    </ksState>
    <ksState>
      <x>340.01374703401274</x>
      <y>-281.10005903584187</y>
      <steeringAngle>2.6020852139652106e-18</steeringAngle>
      <velocity>3.999999999999999</velocity>
      <orientation>-0.7648650931704668</orientation>
      <time>80</time>
    </ksState>
    <ksState>
      <x>340.334590568687</x>
      <y>-281.40118531450617</y>
      <steeringAngle>0.035533333333333326</steeringAngle>
      <velocity>4.799999999999999</velocity>
      <orientation>-0.761741314501276</orientation>
      <time>81</time>
    </ksState>
    <ksState>
      <x>340.72320088391814</x>
      <y>-281.74702927967945</y>
      <steeringAngle>0.07106666666666667</steeringAngle>
      <velocity>5.599999999999998</velocity>
      <orientation>-0.7508907034401032</orientation>
      <time>82</time>
    </ksState>
    <ksState>
      <x>341.1857781948553</x>
      <y>-282.1302545680658</y>
      <steeringAngle>0.10659999999999999</steeringAngle>
      <velocity>6.3999999999999995</velocity>
      <orientation>-0.7300737544397752</orientation>
      <time>83</time>
    </ksState>
    <ksState>
      <x>341.73029725860886</x>
      <y>-282.54015467215856</y>
      <steeringAngle>0.14213333333333333</steeringAngle>
      <velocity>7.199999999999999</velocity>
      <orientation>-0.6970141834586101</orientation>
      <time>84</time>
    </ksState>
    <ksState>
      <x>342.36625155344194</x>
      <y>-282.96152288310606</y>
      <steeringAngle>0.17766666666666664</steeringAngle>
      <velocity>7.9999999999999964</velocity>
      <orientation>-0.6493868613770635</orientation>
      <time>85</time>
    </ksState>
    <ksState>
      <x>343.0572994122055</x>
      <y>-283.37078183103324</y>
      <steeringAngle>0.14213333333333336</steeringAngle>
      <velocity>8.0</velocity>
      <orientation>-0.599352049828315</orientation>
      <time>86</time>
    </ksState>
    <ksState>
      <x>343.75708908755166</x>
      <y>-283.7623692667435</y>
      <steeringAngle>0.1066000000000001</steeringAngle>
      <velocity>8.0</velocity>
      <orientation>-0.5605681978213177</orientation>
      <time>87</time>
    </ksState>
    <ksState>
      <x>344.4612651694203</x>
      <y>-284.1440744933399</y>
      <steeringAngle>0.07106666666666674</steeringAngle>
      <velocity>8.0</velocity>
      <orientation>-0.5329357187916308</orientation>
      <time>88</time>
    </ksState>
    <ksState>
      <x>345.1658170973985</x>
      <y>-284.5237863178989</y>
      <steeringAngle>0.035533333333333354</steeringAngle>
      <velocity>8.0</velocity>
      <orientation>-0.5163841981626014</orientation>
      <time>89</time>
    </ksState>
    <ksState>
      <x>345.86680466368745</x>
      <y>-284.9093868070109</y>
      <steeringAngle>2.0816681711721685e-17</steeringAngle>
      <velocity>8.0</velocity>
      <orientation>-0.5108716717041966</orientation>
      <time>90</time>
    </ksState>
    <ksState>
      <x>346.56008526175515</x>
      <y>-285.30864886069736</y>
      <steeringAngle>-0.03553333333333333</steeringAngle>
      <velocity>8.0</velocity>
      <orientation>-0.5163842067070353</orientation>
      <time>91</time>
    </ksState>
    <ksState>
      <x>347.2410460573169</x>
      <y>-285.7291217717718</y>
      <steeringAngle>-0.07106666666666667</steeringAngle>
      <velocity>8.0</velocity>
      <orientation>-0.532935727587305</orientation>
      <time>92</time>
    </ksState>
    <ksState>
      <x>347.9043443574583</x>
      <y>-286.17798893213484</y>
      <steeringAngle>-0.10659999999999997</steeringAngle>
      <velocity>8.0</velocity>
      <orientation>-0.5605682068779999</orientation>
      <time>93</time>
    </ksState>
    <ksState>
      <x>348.54366327858315</x>
      <y>-286.6618824235618</y>
      <steeringAngle>-0.1421333333333333</steeringAngle>
      <velocity>8.0</velocity>
      <orientation>-0.5993520591507349</orientation>
      <time>94</time>
    </ksState>
    <ksState>
      <x>349.15149186347935</x>
      <y>-287.18663928937536</y>
      <steeringAngle>-0.17766666666666667</steeringAngle>
      <velocity>8.0</velocity>
      <orientation>-0.6493868713998895</orientation>
      <time>95</time>
    </ksState>
    <ksState>
      <x>349.7029583349873</x>
      <y>-287.71395145756503</y>
      <steeringAngle>-0.1421333333333334</steeringAngle>
      <velocity>7.2</velocity>
      <orientation>-0.6970141931455264</orientation>
      <time>96</time>
    </ksState>
    <ksState>
      <x>350.1859105215093</x>
      <y>-288.1949687989206</y>
      <steeringAngle>-0.10660000000000011</steeringAngle>
      <velocity>6.4</velocity>
      <orientation>-0.7300737635934944</orientation>
      <time>97</time>
    </ksState>
    <ksState>
      <x>350.60852718846877</x>
      <y>-288.62191593786525</y>
      <steeringAngle>-0.07106666666666674</steeringAngle>
      <velocity>5.600000000000001</velocity>
      <orientation>-0.7508907118873829</orientation>
      <time>98</time>
    </ksState>
    <ksState>
      <x>350.97594994503737</x>
      <y>-288.9902171005026</y>
      <steeringAngle>-0.03553333333333339</steeringAngle>
      <velocity>4.800000000000001</velocity>
      <orientation>-0.7617413215450457</orientation>
      <time>99</time>
    </ksState>
  </ksTrajectory>
</CommonRoadSolution>
