<?xml version="1.0" ?>
<CommonRoadSolution benchmark_id="KS2:SM1:DEU_Flensburg-46_1_T-1:2020a" computation_time="2.205499796999902" date="2022-12-18T12:01:12">
  <ksTrajectory planningProblem="123">
    <ksState>
      <x>98.976364</x>
      <y>153.34152</y>
      <steeringAngle>0.0</steeringAngle>
      <velocity>0.0</velocity>
      <orientation>-0.94685849</orientation>
      <time>0</time>
    </ksState>
    <ksState>
      <x>99.00016251798601</x>
      <y>153.30936564620032</y>
      <steeringAngle>0.03553333333333333</steeringAngle>
      <velocity>0.8</velocity>
      <orientation>-0.946490958221758</orientation>
      <time>1</time>
    </ksState>
    <ksState>
      <x>99.0733882208896</x>
      <y>153.21422738169701</y>
      <steeringAngle>0.0710666666666667</steeringAngle>
      <velocity>1.6</velocity>
      <orientation>-0.9439161116297724</orientation>
      <time>2</time>
    </ksState>
    <ksState>
      <x>99.19928704590272</x>
      <y>153.05851094650856</y>
      <steeringAngle>0.10660000000000003</steeringAngle>
      <velocity>2.4000000000000004</velocity>
      <orientation>-0.9369154073929352</orientation>
      <time>3</time>
    </ksState>
    <ksState>
      <x>99.38217640241805</x>
      <y>152.84561466733842</y>
      <steeringAngle>0.14213333333333342</steeringAngle>
      <velocity>3.2000000000000015</velocity>
      <orientation>-0.923247766452115</orientation>
      <time>4</time>
    </ksState>
    <ksState>
      <x>99.6278812374648</x>
      <y>152.58057032450796</y>
      <steeringAngle>0.17766666666666683</steeringAngle>
      <velocity>4.0000000000000036</velocity>
      <orientation>-0.9006378505788949</orientation>
      <time>5</time>
    </ksState>
    <ksState>
      <x>99.940147851738</x>
      <y>152.26756236231006</y>
      <steeringAngle>0.17766666666666667</steeringAngle>
      <velocity>4.800000000000002</velocity>
      <orientation>-0.8700023135365607</orientation>
      <time>6</time>
    </ksState>
    <ksState>
      <x>100.32133881264517</x>
      <y>151.91018728972662</y>
      <steeringAngle>0.17766666666666667</steeringAngle>
      <velocity>5.600000000000001</velocity>
      <orientation>-0.8337966788600207</orientation>
      <time>7</time>
    </ksState>
    <ksState>
      <x>100.77690598170737</x>
      <y>151.51529716097954</y>
      <steeringAngle>0.17766666666666667</steeringAngle>
      <velocity>6.3999999999999995</velocity>
      <orientation>-0.7920209465503808</orientation>
      <time>8</time>
    </ksState>
    <ksState>
      <x>101.31262806226287</x>
      <y>151.0912075866233</y>
      <steeringAngle>0.17766666666666667</steeringAngle>
      <velocity>7.200000000000002</velocity>
      <orientation>-0.7446751166082839</orientation>
      <time>9</time>
    </ksState>
    <ksState>
      <x>101.93436080640159</x>
      <y>150.64783410123925</y>
      <steeringAngle>0.17766666666666667</steeringAngle>
      <velocity>8.0</velocity>
      <orientation>-0.6917591890341338</orientation>
      <time>10</time>
    </ksState>
    <ksState>
      <x>102.60745233384222</x>
      <y>150.20966994792695</y>
      <steeringAngle>0.14213333333333336</steeringAngle>
      <velocity>8.0</velocity>
      <orientation>-0.6417243774853854</orientation>
      <time>11</time>
    </ksState>
    <ksState>
      <x>103.29002639051225</x>
      <y>149.7887911450772</y>
      <steeringAngle>0.1066000000000001</steeringAngle>
      <velocity>8.0</velocity>
      <orientation>-0.6029405254783881</orientation>
      <time>12</time>
    </ksState>
    <ksState>
      <x>103.97740152349984</x>
      <y>149.37759987469673</y>
      <steeringAngle>0.07106666666666674</steeringAngle>
      <velocity>8.0</velocity>
      <orientation>-0.5753080464487011</orientation>
      <time>13</time>
    </ksState>
    <ksState>
      <x>104.6652366050593</x>
      <y>148.9683842964207</y>
      <steeringAngle>0.035533333333333354</steeringAngle>
      <velocity>8.0</velocity>
      <orientation>-0.5587565258196718</orientation>
      <time>14</time>
    </ksState>
    <ksState>
      <x>105.34926108243721</x>
      <y>148.5534363242085</y>
      <steeringAngle>2.0816681711721685e-17</steeringAngle>
      <velocity>8.0</velocity>
      <orientation>-0.553243999361267</orientation>
      <time>15</time>
    </ksState>
    <ksState>
      <x>106.03479346256808</x>
      <y>148.14101235429027</y>
      <steeringAngle>0.03553333333333333</steeringAngle>
      <velocity>8.0</velocity>
      <orientation>-0.5477314643584282</orientation>
      <time>16</time>
    </ksState>
    <ksState>
      <x>106.73289324613701</x>
      <y>147.74965348289405</y>
      <steeringAngle>0.07106666666666667</steeringAngle>
      <velocity>8.0</velocity>
      <orientation>-0.5311799434781586</orientation>
      <time>17</time>
    </ksState>
    <ksState>
      <x>107.4472486152648</x>
      <y>147.38751708701372</y>
      <steeringAngle>0.10659999999999997</steeringAngle>
      <velocity>8.0</velocity>
      <orientation>-0.5035474641874637</orientation>
      <time>18</time>
    </ksState>
    <ksState>
      <x>108.18059295554333</x>
      <y>147.0633447986622</y>
      <steeringAngle>0.1421333333333333</steeringAngle>
      <velocity>8.0</velocity>
      <orientation>-0.46476361191472876</orientation>
      <time>19</time>
    </ksState>
    <ksState>
      <x>108.93438504543717</x>
      <y>146.78653648583753</y>
      <steeringAngle>0.17766666666666667</steeringAngle>
      <velocity>8.0</velocity>
      <orientation>-0.4147287996655741</orientation>
      <time>20</time>
    </ksState>
    <ksState>
      <x>109.70505823468355</x>
      <y>146.55811630694595</y>
      <steeringAngle>0.17766666666666667</steeringAngle>
      <velocity>8.0</velocity>
      <orientation>-0.3590278233550623</orientation>
      <time>21</time>
    </ksState>
    <ksState>
      <x>110.48725287139447</x>
      <y>146.3729554248451</y>
      <steeringAngle>0.17766666666666667</steeringAngle>
      <velocity>8.0</velocity>
      <orientation>-0.30332684704455054</orientation>
      <time>22</time>
    </ksState>
    <ksState>
      <x>111.27854271484183</x>
      <y>146.23162818453693</y>
      <steeringAngle>0.17766666666666667</steeringAngle>
      <velocity>8.0</velocity>
      <orientation>-0.24762587073403886</orientation>
      <time>23</time>
    </ksState>
    <ksState>
      <x>112.07647334494058</x>
      <y>146.13457295435276</y>
      <steeringAngle>0.17766666666666667</steeringAngle>
      <velocity>8.0</velocity>
      <orientation>-0.19192489442352703</orientation>
      <time>24</time>
    </ksState>
    <ksState>
      <x>112.87856974392001</x>
      <y>146.0820907802595</y>
      <steeringAngle>0.17766666666666667</steeringAngle>
      <velocity>8.0</velocity>
      <orientation>-0.1362239181130152</orientation>
      <time>25</time>
    </ksState>
    <ksState>
      <x>113.6823439270086</x>
      <y>146.07434446834202</y>
      <steeringAngle>0.17766666666666667</steeringAngle>
      <velocity>8.0</velocity>
      <orientation>-0.08052294180250341</orientation>
      <time>26</time>
    </ksState>
    <ksState>
      <x>114.48530282918809</x>
      <y>146.11135802491793</y>
      <steeringAngle>0.17766666666666667</steeringAngle>
      <velocity>8.0</velocity>
      <orientation>-0.02482196549199167</orientation>
      <time>27</time>
    </ksState>
    <ksState>
      <x>115.28495580069693</x>
      <y>146.19301664573157</y>
      <steeringAngle>0.17766666666666667</steeringAngle>
      <velocity>8.0</velocity>
      <orientation>0.030879010818520014</orientation>
      <time>28</time>
    </ksState>
    <ksState>
      <x>116.07882248073159</x>
      <y>146.31906704234592</y>
      <steeringAngle>0.17766666666666667</steeringAngle>
      <velocity>8.0</velocity>
      <orientation>0.08657998712903184</orientation>
      <time>29</time>
    </ksState>
    <ksState>
      <x>116.86444045693361</x>
      <y>146.4891182326433</y>
      <steeringAngle>0.17766666666666667</steeringAngle>
      <velocity>8.0</velocity>
      <orientation>0.14228096343954366</orientation>
      <time>30</time>
    </ksState>
    <ksState>
      <x>117.63937285428797</x>
      <y>146.70264275647762</y>
      <steeringAngle>0.17766666666666667</steeringAngle>
      <velocity>8.0</velocity>
      <orientation>0.19798193975005546</orientation>
      <time>31</time>
    </ksState>
    <ksState>
      <x>118.40121607190389</x>
      <y>146.95897830557743</y>
      <steeringAngle>0.17766666666666667</steeringAngle>
      <velocity>8.0</velocity>
      <orientation>0.2536829160605672</orientation>
      <time>32</time>
    </ksState>
    <ksState>
      <x>119.14760699266901</x>
      <y>147.25732977380827</y>
      <steeringAngle>0.17766666666666667</steeringAngle>
      <velocity>8.0</velocity>
      <orientation>0.3093838923710789</orientation>
      <time>33</time>
    </ksState>
    <ksState>
      <x>119.87623046382649</x>
      <y>147.59677173561371</y>
      <steeringAngle>0.17766666666666667</steeringAngle>
      <velocity>8.0</velocity>
      <orientation>0.36508486868159074</orientation>
      <time>34</time>
    </ksState>
    <ksState>
      <x>120.58482644399999</x>
      <y>147.97625131179046</y>
      <steeringAngle>0.17766666666666667</steeringAngle>
      <velocity>8.0</velocity>
      <orientation>0.42078584499210253</orientation>
      <time>35</time>
    </ksState>
    <ksState>
      <x>121.2755466531237</x>
      <y>148.38606300301987</y>
      <steeringAngle>0.14213333333333336</steeringAngle>
      <velocity>8.0</velocity>
      <orientation>0.470820656540851</orientation>
      <time>36</time>
    </ksState>
    <ksState>
      <x>121.95495977123545</x>
      <y>148.81202558877703</y>
      <steeringAngle>0.1066000000000001</steeringAngle>
      <velocity>8.0</velocity>
      <orientation>0.5096045085478483</orientation>
      <time>37</time>
    </ksState>
    <ksState>
      <x>122.62780874670663</x>
      <y>149.2465794870384</y>
      <steeringAngle>0.07106666666666674</steeringAngle>
      <velocity>8.0</velocity>
      <orientation>0.5372369875775352</orientation>
      <time>38</time>
    </ksState>
    <ksState>
      <x>123.29908933951859</x>
      <y>149.68241988746243</y>
      <steeringAngle>0.035533333333333354</steeringAngle>
      <velocity>8.0</velocity>
      <orientation>0.5537885082065646</orientation>
      <time>39</time>
    </ksState>
    <ksState>
      <x>123.97382516367148</x>
      <y>150.11230693413847</y>
      <steeringAngle>2.0816681711721685e-17</steeringAngle>
      <velocity>8.0</velocity>
      <orientation>0.5593010346649694</orientation>
      <time>40</time>
    </ksState>
    <ksState>
      <x>124.65684691727442</x>
      <y>150.52887560707984</y>
      <steeringAngle>-0.03553333333333333</steeringAngle>
      <velocity>8.0</velocity>
      <orientation>0.5537884996621306</orientation>
      <time>41</time>
    </ksState>
    <ksState>
      <x>125.35256343504699</x>
      <y>150.92445568865367</y>
      <steeringAngle>-0.07106666666666667</steeringAngle>
      <velocity>8.0</velocity>
      <orientation>0.5372369787818609</orientation>
      <time>42</time>
    </ksState>
    <ksState>
      <x>126.06471224067303</x>
      <y>151.29091229081584</y>
      <steeringAngle>-0.10659999999999997</steeringAngle>
      <velocity>8.0</velocity>
      <orientation>0.509604499491166</orientation>
      <time>43</time>
    </ksState>
    <ksState>
      <x>126.79607961765382</x>
      <y>151.61952049801997</y>
      <steeringAngle>-0.1421333333333333</steeringAngle>
      <velocity>8.0</velocity>
      <orientation>0.47082064721843114</orientation>
      <time>44</time>
    </ksState>
    <ksState>
      <x>127.54818125267853</x>
      <y>151.9008894505156</y>
      <steeringAngle>-0.17766666666666667</steeringAngle>
      <velocity>8.0</velocity>
      <orientation>0.42078583496927646</orientation>
      <time>45</time>
    </ksState>
    <ksState>
      <x>128.31399535558586</x>
      <y>152.14289934566145</y>
      <steeringAngle>-0.14213333333333336</steeringAngle>
      <velocity>8.0</velocity>
      <orientation>0.370751023420528</orientation>
      <time>46</time>
    </ksState>
    <ksState>
      <x>129.08431921857033</x>
      <y>152.36571643576883</y>
      <steeringAngle>-0.1066000000000001</steeringAngle>
      <velocity>8.0</velocity>
      <orientation>0.3319671714135307</orientation>
      <time>47</time>
    </ksState>
    <ksState>
      <x>129.85667591450547</x>
      <y>152.57791438234457</y>
      <steeringAngle>-0.07106666666666674</steeringAngle>
      <velocity>8.0</velocity>
      <orientation>0.3043346923838438</orientation>
      <time>48</time>
    </ksState>
    <ksState>
      <x>130.62894694354313</x>
      <y>152.78808561405063</y>
      <steeringAngle>-0.035533333333333354</steeringAngle>
      <velocity>8.0</velocity>
      <orientation>0.28778317175481444</orientation>
      <time>49</time>
    </ksState>
    <ksState>
      <x>131.3990808006857</x>
      <y>153.00480005145107</y>
      <steeringAngle>-2.0816681711721685e-17</steeringAngle>
      <velocity>8.0</velocity>
      <orientation>0.2822706452964096</orientation>
      <time>50</time>
    </ksState>
    <ksState>
      <x>132.16480410893132</x>
      <y>153.23656715520053</y>
      <steeringAngle>0.03553333333333333</steeringAngle>
      <velocity>8.0</velocity>
      <orientation>0.2877831802992484</orientation>
      <time>51</time>
    </ksState>
    <ksState>
      <x>132.92333482400872</x>
      <y>153.49178515676715</y>
      <steeringAngle>0.07106666666666667</steeringAngle>
      <velocity>8.0</velocity>
      <orientation>0.304334701179518</orientation>
      <time>52</time>
    </ksState>
    <ksState>
      <x>133.6710971120475</x>
      <y>153.77866130288234</y>
      <steeringAngle>0.10659999999999997</steeringAngle>
      <velocity>8.0</velocity>
      <orientation>0.3319671804702129</orientation>
      <time>53</time>
    </ksState>
    <ksState>
      <x>134.40344135743706</x>
      <y>154.10508663921277</y>
      <steeringAngle>0.1421333333333333</steeringAngle>
      <velocity>8.0</velocity>
      <orientation>0.37075103274294785</orientation>
      <time>54</time>
    </ksState>
    <ksState>
      <x>135.1143747677484</x>
      <y>154.47844845158582</y>
      <steeringAngle>0.17766666666666667</steeringAngle>
      <velocity>8.0</velocity>
      <orientation>0.42078584499210253</orientation>
      <time>55</time>
    </ksState>
    <ksState>
      <x>135.80509497687208</x>
      <y>154.88826014281523</y>
      <steeringAngle>0.14213333333333336</steeringAngle>
      <velocity>8.0</velocity>
      <orientation>0.470820656540851</orientation>
      <time>56</time>
    </ksState>
    <ksState>
      <x>136.48450809498385</x>
      <y>155.3142227285724</y>
      <steeringAngle>0.1066000000000001</steeringAngle>
      <velocity>8.0</velocity>
      <orientation>0.5096045085478483</orientation>
      <time>57</time>
    </ksState>
    <ksState>
      <x>137.15735707045505</x>
      <y>155.74877662683375</y>
      <steeringAngle>0.07106666666666674</steeringAngle>
      <velocity>8.0</velocity>
      <orientation>0.5372369875775352</orientation>
      <time>58</time>
    </ksState>
    <ksState>
      <x>137.828637663267</x>
      <y>156.1846170272578</y>
      <steeringAngle>0.035533333333333354</steeringAngle>
      <velocity>8.0</velocity>
      <orientation>0.5537885082065646</orientation>
      <time>59</time>
    </ksState>
    <ksState>
      <x>138.50337348741988</x>
      <y>156.61450407393383</y>
      <steeringAngle>2.0816681711721685e-17</steeringAngle>
      <velocity>8.0</velocity>
      <orientation>0.5593010346649694</orientation>
      <time>60</time>
    </ksState>
    <ksState>
      <x>139.18639524102284</x>
      <y>157.0310727468752</y>
      <steeringAngle>-0.03553333333333333</steeringAngle>
      <velocity>8.0</velocity>
      <orientation>0.5537884996621306</orientation>
      <time>61</time>
    </ksState>
    <ksState>
      <x>139.8821117587954</x>
      <y>157.42665282844902</y>
      <steeringAngle>-0.07106666666666667</steeringAngle>
      <velocity>8.0</velocity>
      <orientation>0.5372369787818609</orientation>
      <time>62</time>
    </ksState>
    <ksState>
      <x>140.59426056442146</x>
      <y>157.7931094306112</y>
      <steeringAngle>-0.10659999999999997</steeringAngle>
      <velocity>8.0</velocity>
      <orientation>0.509604499491166</orientation>
      <time>63</time>
    </ksState>
    <ksState>
      <x>141.32562794140222</x>
      <y>158.12171763781532</y>
      <steeringAngle>-0.1421333333333333</steeringAngle>
      <velocity>8.0</velocity>
      <orientation>0.47082064721843114</orientation>
      <time>64</time>
    </ksState>
    <ksState>
      <x>142.07772957642692</x>
      <y>158.40308659031095</y>
      <steeringAngle>-0.17766666666666667</steeringAngle>
      <velocity>8.0</velocity>
      <orientation>0.42078583496927646</orientation>
      <time>65</time>
    </ksState>
    <ksState>
      <x>142.84354367933423</x>
      <y>158.6450964854568</y>
      <steeringAngle>-0.14213333333333336</steeringAngle>
      <velocity>8.0</velocity>
      <orientation>0.370751023420528</orientation>
      <time>66</time>
    </ksState>
    <ksState>
      <x>143.6138675423187</x>
      <y>158.8679135755642</y>
      <steeringAngle>-0.1066000000000001</steeringAngle>
      <velocity>8.0</velocity>
      <orientation>0.3319671714135307</orientation>
      <time>67</time>
    </ksState>
    <ksState>
      <x>144.38622423825385</x>
      <y>159.08011152213993</y>
      <steeringAngle>-0.07106666666666674</steeringAngle>
      <velocity>8.0</velocity>
      <orientation>0.3043346923838438</orientation>
      <time>68</time>
    </ksState>
    <ksState>
      <x>145.1584952672915</x>
      <y>159.290282753846</y>
      <steeringAngle>-0.035533333333333354</steeringAngle>
      <velocity>8.0</velocity>
      <orientation>0.28778317175481444</orientation>
      <time>69</time>
    </ksState>
    <ksState>
      <x>145.92862912443408</x>
      <y>159.50699719124643</y>
      <steeringAngle>-2.0816681711721685e-17</steeringAngle>
      <velocity>8.0</velocity>
      <orientation>0.2822706452964096</orientation>
      <time>70</time>
    </ksState>
    <ksState>
      <x>146.65613374750563</x>
      <y>159.7269506906634</y>
      <steeringAngle>0.03553333333333333</steeringAngle>
      <velocity>7.199999999999999</velocity>
      <orientation>0.2874156582789019</orientation>
      <time>71</time>
    </ksState>
    <ksState>
      <x>147.3012558666374</x>
      <y>159.94278425204692</y>
      <steeringAngle>0.07106666666666664</steeringAngle>
      <velocity>6.400000000000001</velocity>
      <orientation>0.301392330399865</orientation>
      <time>72</time>
    </ksState>
    <ksState>
      <x>147.8634578831019</x>
      <y>160.15433389768438</y>
      <steeringAngle>0.10659999999999997</steeringAngle>
      <velocity>5.600000000000004</velocity>
      <orientation>0.3220240982657464</orientation>
      <time>73</time>
    </ksState>
    <ksState>
      <x>148.34297946633816</x>
      <y>160.35853754811885</y>
      <steeringAngle>0.1421333333333333</steeringAngle>
      <velocity>4.800000000000003</velocity>
      <orientation>0.3471403057743947</orientation>
      <time>74</time>
    </ksState>
    <ksState>
      <x>148.74093348768284</x>
      <y>160.5501752337569</y>
      <steeringAngle>0.17766666666666653</steeringAngle>
      <velocity>4.000000000000006</velocity>
      <orientation>0.3745652023595445</orientation>
      <time>75</time>
    </ksState>
    <ksState>
      <x>149.06229218128806</x>
      <y>160.71560666451035</y>
      <steeringAngle>0.1421333333333333</steeringAngle>
      <velocity>3.1999999999999993</velocity>
      <orientation>0.3971751173329868</orientation>
      <time>76</time>
    </ksState>
    <ksState>
      <x>149.3120682403701</x>
      <y>160.84363926230137</y>
      <steeringAngle>0.10659999999999997</steeringAngle>
      <velocity>2.3999999999999977</velocity>
      <orientation>0.41084275820369415</orientation>
      <time>77</time>
    </ksState>
    <ksState>
      <x>149.49111577288713</x>
      <y>160.93331608648404</y>
      <steeringAngle>0.07106666666666664</steeringAngle>
      <velocity>1.5999999999999976</velocity>
      <orientation>0.4178434640569133</orientation>
      <time>78</time>
    </ksState>
    <ksState>
      <x>149.59923146791255</x>
      <y>160.98551308333043</y>
      <steeringAngle>0.0355333333333333</steeringAngle>
      <velocity>0.7999999999999972</velocity>
      <orientation>0.4204183085308806</orientation>
      <time>79</time>
    </ksState>
    <ksState>
      <x>149.63553110866494</x>
      <y>161.00232411844428</y>
      <steeringAngle>-2.5153490401663703e-17</steeringAngle>
      <velocity>-2.914335439641036e-15</velocity>
      <orientation>0.42078582010941173</orientation>
      <time>80</time>
    </ksState>
    <ksState>
      <x>149.63553110866494</x>
      <y>161.00232411844428</y>
      <steeringAngle>0.0</steeringAngle>
      <velocity>0.0</velocity>
      <orientation>0.42078582010941173</orientation>
      <time>81</time>
    </ksState>
    <ksState>
      <x>149.63553110866494</x>
      <y>161.00232411844428</y>
      <steeringAngle>0.0</steeringAngle>
      <velocity>0.0</velocity>
      <orientation>0.42078582010941173</orientation>
      <time>82</time>
    </ksState>
    <ksState>
      <x>149.63553110866494</x>
      <y>161.00232411844428</y>
      <steeringAngle>0.0</steeringAngle>
      <velocity>0.0</velocity>
      <orientation>0.42078582010941173</orientation>
      <time>83</time>
    </ksState>
    <ksState>
      <x>149.63553110866494</x>
      <y>161.00232411844428</y>
      <steeringAngle>0.0</steeringAngle>
      <velocity>0.0</velocity>
      <orientation>0.42078582010941173</orientation>
      <time>84</time>
    </ksState>
    <ksState>
      <x>149.63553110866494</x>
      <y>161.00232411844428</y>
      <steeringAngle>0.0</steeringAngle>
      <velocity>0.0</velocity>
      <orientation>0.42078582010941173</orientation>
      <time>85</time>
    </ksState>
    <ksState>
      <x>149.63553110866494</x>
      <y>161.00232411844428</y>
      <steeringAngle>0.0</steeringAngle>
      <velocity>0.0</velocity>
      <orientation>0.42078582010941173</orientation>
      <time>86</time>
    </ksState>
    <ksState>
      <x>149.63553110866494</x>
      <y>161.00232411844428</y>
      <steeringAngle>0.0</steeringAngle>
      <velocity>0.0</velocity>
      <orientation>0.42078582010941173</orientation>
      <time>87</time>
    </ksState>
    <ksState>
      <x>149.63553110866494</x>
      <y>161.00232411844428</y>
      <steeringAngle>0.0</steeringAngle>
      <velocity>0.0</velocity>
      <orientation>0.42078582010941173</orientation>
      <time>88</time>
    </ksState>
    <ksState>
      <x>149.63553110866494</x>
      <y>161.00232411844428</y>
      <steeringAngle>0.0</steeringAngle>
      <velocity>0.0</velocity>
      <orientation>0.42078582010941173</orientation>
      <time>89</time>
    </ksState>
    <ksState>
      <x>149.63553110866494</x>
      <y>161.00232411844428</y>
      <steeringAngle>0.0</steeringAngle>
      <velocity>0.0</velocity>
      <orientation>0.42078582010941173</orientation>
      <time>90</time>
    </ksState>
    <ksState>
      <x>149.63553110866494</x>
      <y>161.00232411844428</y>
      <steeringAngle>0.0</steeringAngle>
      <velocity>0.0</velocity>
      <orientation>0.42078582010941173</orientation>
      <time>91</time>
    </ksState>
    <ksState>
      <x>149.63553110866494</x>
      <y>161.00232411844428</y>
      <steeringAngle>0.0</steeringAngle>
      <velocity>0.0</velocity>
      <orientation>0.42078582010941173</orientation>
      <time>92</time>
    </ksState>
    <ksState>
      <x>149.63553110866494</x>
      <y>161.00232411844428</y>
      <steeringAngle>0.0</steeringAngle>
      <velocity>0.0</velocity>
      <orientation>0.42078582010941173</orientation>
      <time>93</time>
    </ksState>
    <ksState>
      <x>149.63553110866494</x>
      <y>161.00232411844428</y>
      <steeringAngle>0.0</steeringAngle>
      <velocity>0.0</velocity>
      <orientation>0.42078582010941173</orientation>
      <time>94</time>
    </ksState>
    <ksState>
      <x>149.63553110866494</x>
      <y>161.00232411844428</y>
      <steeringAngle>0.0</steeringAngle>
      <velocity>0.0</velocity>
      <orientation>0.42078582010941173</orientation>
      <time>95</time>
    </ksState>
    <ksState>
      <x>149.67225774616387</x>
      <y>161.0181805374797</y>
      <steeringAngle>-0.03553333333333333</steeringAngle>
      <velocity>0.8</velocity>
      <orientation>0.4204182883311698</orientation>
      <time>96</time>
    </ksState>
    <ksState>
      <x>149.78335511075886</x>
      <y>161.06368513635144</y>
      <steeringAngle>-0.0710666666666667</steeringAngle>
      <velocity>1.6</velocity>
      <orientation>0.41784344173918414</orientation>
      <time>97</time>
    </ksState>
    <ksState>
      <x>149.9704222223529</x>
      <y>161.13512754733634</y>
      <steeringAngle>-0.10660000000000003</steeringAngle>
      <velocity>2.4000000000000004</velocity>
      <orientation>0.4108427375023469</orientation>
      <time>98</time>
    </ksState>
    <ksState>
      <x>150.2354862764075</x>
      <y>161.2274009977933</y>
      <steeringAngle>-0.14213333333333342</steeringAngle>
      <velocity>3.2000000000000015</velocity>
      <orientation>0.3971750965615267</orientation>
      <time>99</time>
    </ksState>
  </ksTrajectory>
</CommonRoadSolution>
