<?xml version="1.0" ?>
<CommonRoadSolution benchmark_id="KS2:SM1:ITA_CarpiCentro-5_1_T-1:2020a" computation_time="1.4706586640004389" date="2022-12-18T12:01:12">
  <ksTrajectory planningProblem="1">
    <ksState>
      <x>-346.2211</x>
      <y>-280.57061</y>
      <steeringAngle>0.0</steeringAngle>
      <velocity>8.0</velocity>
      <orientation>1.1619202</orientation>
      <time>0</time>
    </ksState>
    <ksState>
      <x>-345.90303732084567</x>
      <y>-279.8365554161105</y>
      <steeringAngle>0.0</steeringAngle>
      <velocity>8.0</velocity>
      <orientation>1.1619202</orientation>
      <time>1</time>
    </ksState>
    <ksState>
      <x>-345.58497464169136</x>
      <y>-279.102500832221</y>
      <steeringAngle>0.0</steeringAngle>
      <velocity>8.0</velocity>
      <orientation>1.1619202</orientation>
      <time>2</time>
    </ksState>
    <ksState>
      <x>-345.266911962537</x>
      <y>-278.3684462483315</y>
      <steeringAngle>0.0</steeringAngle>
      <velocity>8.0</velocity>
      <orientation>1.1619202</orientation>
      <time>3</time>
    </ksState>
    <ksState>
      <x>-344.9488492833827</x>
      <y>-277.63439166444203</y>
      <steeringAngle>0.0</steeringAngle>
      <velocity>8.0</velocity>
      <orientation>1.1619202</orientation>
      <time>4</time>
    </ksState>
    <ksState>
      <x>-344.6307866042284</x>
      <y>-276.9003370805525</y>
      <steeringAngle>0.0</steeringAngle>
      <velocity>8.0</velocity>
      <orientation>1.1619202</orientation>
      <time>5</time>
    </ksState>
    <ksState>
      <x>-344.32127848519593</x>
      <y>-276.16260210142786</y>
      <steeringAngle>0.03553333333333333</steeringAngle>
      <velocity>8.0</velocity>
      <orientation>1.1674327350028388</orientation>
      <time>6</time>
    </ksState>
    <ksState>
      <x>-344.0344243588926</x>
      <y>-275.41546102755876</y>
      <steeringAngle>0.07106666666666667</steeringAngle>
      <velocity>8.0</velocity>
      <orientation>1.1839842558831084</orientation>
      <time>7</time>
    </ksState>
    <ksState>
      <x>-343.7788273488475</x>
      <y>-274.65643762141184</y>
      <steeringAngle>0.10659999999999997</steeringAngle>
      <velocity>8.0</velocity>
      <orientation>1.2116167351738032</orientation>
      <time>8</time>
    </ksState>
    <ksState>
      <x>-343.56353139200695</x>
      <y>-273.8840845642406</y>
      <steeringAngle>0.1421333333333333</steeringAngle>
      <velocity>8.0</velocity>
      <orientation>1.2504005874465383</orientation>
      <time>9</time>
    </ksState>
    <ksState>
      <x>-343.39804843991845</x>
      <y>-273.0983105831217</y>
      <steeringAngle>0.17766666666666667</steeringAngle>
      <velocity>8.0</velocity>
      <orientation>1.3004353996956928</orientation>
      <time>10</time>
    </ksState>
    <ksState>
      <x>-343.2735350091965</x>
      <y>-272.3048772619598</y>
      <steeringAngle>0.14213333333333336</steeringAngle>
      <velocity>8.0</velocity>
      <orientation>1.350470211244441</orientation>
      <time>11</time>
    </ksState>
    <ksState>
      <x>-343.16867347337217</x>
      <y>-271.50986130750863</y>
      <steeringAngle>0.1066000000000001</steeringAngle>
      <velocity>8.0</velocity>
      <orientation>1.3892540632514385</orientation>
      <time>12</time>
    </ksState>
    <ksState>
      <x>-343.07461580110805</x>
      <y>-270.7144268422162</y>
      <steeringAngle>0.07106666666666674</steeringAngle>
      <velocity>8.0</velocity>
      <orientation>1.4168865422811254</orientation>
      <time>13</time>
    </ksState>
    <ksState>
      <x>-342.98254911912636</x>
      <y>-269.919380796382</y>
      <steeringAngle>0.035533333333333354</steeringAngle>
      <velocity>8.0</velocity>
      <orientation>1.4334380629101549</orientation>
      <time>14</time>
    </ksState>
    <ksState>
      <x>-342.88369284780583</x>
      <y>-269.12546723501924</y>
      <steeringAngle>2.0816681711721685e-17</steeringAngle>
      <velocity>8.0</velocity>
      <orientation>1.4389505893685597</orientation>
      <time>15</time>
    </ksState>
    <ksState>
      <x>-342.7692929353391</x>
      <y>-268.33365865007045</y>
      <steeringAngle>-0.03553333333333333</steeringAngle>
      <velocity>8.0</velocity>
      <orientation>1.4334380543657208</orientation>
      <time>16</time>
    </ksState>
    <ksState>
      <x>-342.6306290750588</x>
      <y>-267.54544712522977</y>
      <steeringAngle>-0.07106666666666667</steeringAngle>
      <velocity>8.0</velocity>
      <orientation>1.4168865334854512</orientation>
      <time>17</time>
    </ksState>
    <ksState>
      <x>-342.4590508324133</x>
      <y>-266.76313819055395</y>
      <steeringAngle>-0.10659999999999997</steeringAngle>
      <velocity>8.0</velocity>
      <orientation>1.3892540541947564</orientation>
      <time>18</time>
    </ksState>
    <ksState>
      <x>-342.2460594881536</x>
      <y>-265.99014641749034</y>
      <steeringAngle>-0.1421333333333333</steeringAngle>
      <velocity>8.0</velocity>
      <orientation>1.3504702019220214</orientation>
      <time>19</time>
    </ksState>
    <ksState>
      <x>-341.98345310802273</x>
      <y>-265.23128987903925</y>
      <steeringAngle>-0.17766666666666667</steeringAngle>
      <velocity>8.0</velocity>
      <orientation>1.3004353896728666</orientation>
      <time>20</time>
    </ksState>
    <ksState>
      <x>-341.68177934454206</x>
      <y>-264.4869559687627</y>
      <steeringAngle>-0.14213333333333336</steeringAngle>
      <velocity>8.0</velocity>
      <orientation>1.2504005781241183</orientation>
      <time>21</time>
    </ksState>
    <ksState>
      <x>-341.3624426097168</x>
      <y>-263.7513811191937</y>
      <steeringAngle>-0.1066000000000001</steeringAngle>
      <velocity>8.0</velocity>
      <orientation>1.211616726117121</orientation>
      <time>22</time>
    </ksState>
    <ksState>
      <x>-341.0336278888936</x>
      <y>-263.021008807522</y>
      <steeringAngle>-0.07106666666666674</steeringAngle>
      <velocity>8.0</velocity>
      <orientation>1.183984247087434</orientation>
      <time>23</time>
    </ksState>
    <ksState>
      <x>-340.70330615865527</x>
      <y>-262.29199437456464</y>
      <steeringAngle>-0.035533333333333354</steeringAngle>
      <velocity>8.0</velocity>
      <orientation>1.1674327264584046</orientation>
      <time>24</time>
    </ksState>
    <ksState>
      <x>-340.37938834880686</x>
      <y>-261.56045588770417</y>
      <steeringAngle>-2.0816681711721685e-17</steeringAngle>
      <velocity>8.0</velocity>
      <orientation>1.1619201999999997</orientation>
      <time>25</time>
    </ksState>
    <ksState>
      <x>-340.07722880389923</x>
      <y>-260.8631040336761</y>
      <steeringAngle>0.0</steeringAngle>
      <velocity>7.200000000000001</velocity>
      <orientation>1.1619201999999997</orientation>
      <time>26</time>
    </ksState>
    <ksState>
      <x>-339.8068755270241</x>
      <y>-260.23915763830706</y>
      <steeringAngle>0.0</steeringAngle>
      <velocity>6.400000000000001</velocity>
      <orientation>1.1619201999999997</orientation>
      <time>27</time>
    </ksState>
    <ksState>
      <x>-339.5683285181018</x>
      <y>-259.68861670141337</y>
      <steeringAngle>0.0</steeringAngle>
      <velocity>5.600000000000001</velocity>
      <orientation>1.1619201999999997</orientation>
      <time>28</time>
    </ksState>
    <ksState>
      <x>-339.3615877771099</x>
      <y>-259.2114812229431</y>
      <steeringAngle>0.0</steeringAngle>
      <velocity>4.800000000000001</velocity>
      <orientation>1.1619201999999997</orientation>
      <time>29</time>
    </ksState>
    <ksState>
      <x>-339.1866533040401</x>
      <y>-258.80775120287734</y>
      <steeringAngle>0.0</steeringAngle>
      <velocity>4.000000000000001</velocity>
      <orientation>1.1619201999999997</orientation>
      <time>30</time>
    </ksState>
    <ksState>
      <x>-339.0072169852739</x>
      <y>-258.4059798537841</y>
      <steeringAngle>-0.035533333333333326</steeringAngle>
      <velocity>4.799999999999999</velocity>
      <orientation>1.1587964213308088</orientation>
      <time>31</time>
    </ksState>
    <ksState>
      <x>-338.7825784029721</x>
      <y>-257.93676398374964</y>
      <steeringAngle>-0.07106666666666667</steeringAngle>
      <velocity>5.599999999999998</velocity>
      <orientation>1.147945810269636</orientation>
      <time>32</time>
    </ksState>
    <ksState>
      <x>-338.50418269247155</x>
      <y>-257.40447156540466</y>
      <steeringAngle>-0.10659999999999999</steeringAngle>
      <velocity>6.3999999999999995</velocity>
      <orientation>1.1271288612693082</orientation>
      <time>33</time>
    </ksState>
  </ksTrajectory>
</CommonRoadSolution>
