<?xml version="1.0" ?>
<CommonRoadSolution benchmark_id="KS2:SM1:BEL_Zwevegem-8_4_T-1:2020a" computation_time="0.9070495460000529" date="2022-12-18T12:01:12">
  <ksTrajectory planningProblem="1">
    <ksState>
      <x>40.97144</x>
      <y>160.79867</y>
      <steeringAngle>0.0</steeringAngle>
      <velocity>4.0</velocity>
      <orientation>-0.78050293</orientation>
      <time>0</time>
    </ksState>
    <ksState>
      <x>41.25867764552076</x>
      <y>160.5202667890992</y>
      <steeringAngle>0.035533333333333326</steeringAngle>
      <velocity>4.0</velocity>
      <orientation>-0.7777466554673996</orientation>
      <time>1</time>
    </ksState>
    <ksState>
      <x>41.55293235440719</x>
      <y>160.24907030508078</y>
      <steeringAngle>0.07106666666666711</steeringAngle>
      <velocity>4.0</velocity>
      <orientation>-0.7694708949241142</orientation>
      <time>2</time>
    </ksState>
    <ksState>
      <x>41.85560755422851</x>
      <y>159.98684089121076</y>
      <steeringAngle>0.10660000000000043</steeringAngle>
      <velocity>4.0</velocity>
      <orientation>-0.7556546551049774</orientation>
      <time>3</time>
    </ksState>
    <ksState>
      <x>42.16797518130543</x>
      <y>159.73549990954743</y>
      <steeringAngle>0.14213333333333378</steeringAngle>
      <velocity>4.0</velocity>
      <orientation>-0.7362627287194315</orientation>
      <time>4</time>
    </ksState>
    <ksState>
      <x>42.491141492060166</x>
      <y>159.49715449199306</y>
      <steeringAngle>0.1776666666666672</steeringAngle>
      <velocity>4.0</velocity>
      <orientation>-0.7112453222680342</orientation>
      <time>5</time>
    </ksState>
    <ksState>
      <x>42.82600629003482</x>
      <y>159.27411897925415</y>
      <steeringAngle>0.21319999999999995</steeringAngle>
      <velocity>4.0</velocity>
      <orientation>-0.680537539630534</orientation>
      <time>6</time>
    </ksState>
    <ksState>
      <x>43.17321455783819</x>
      <y>159.06893184287972</y>
      <steeringAngle>0.24873333333333336</steeringAngle>
      <velocity>4.0</velocity>
      <orientation>-0.6440586985078397</orientation>
      <time>7</time>
    </ksState>
    <ksState>
      <x>43.53309955351893</x>
      <y>158.88436645443437</y>
      <steeringAngle>0.2842666666666667</steeringAngle>
      <velocity>4.0</velocity>
      <orientation>-0.6017114646623917</orientation>
      <time>8</time>
    </ksState>
    <ksState>
      <x>43.90561652541327</x>
      <y>158.72343361414082</y>
      <steeringAngle>0.31980000000000003</steeringAngle>
      <velocity>4.0</velocity>
      <orientation>-0.5533807832952566</orientation>
      <time>9</time>
    </ksState>
    <ksState>
      <x>44.290266426709415</x>
      <y>158.58937316837483</y>
      <steeringAngle>0.35533333333333333</steeringAngle>
      <velocity>4.0</velocity>
      <orientation>-0.4989325821169782</orientation>
      <time>10</time>
    </ksState>
    <ksState>
      <x>44.686009343831124</x>
      <y>158.48563135241426</y>
      <steeringAngle>0.39086666666666653</steeringAngle>
      <velocity>4.0</velocity>
      <orientation>-0.438212215810991</orientation>
      <time>11</time>
    </ksState>
    <ksState>
      <x>45.09116789348447</x>
      <y>158.41581993504985</y>
      <steeringAngle>0.42639999999999995</steeringAngle>
      <velocity>4.0</velocity>
      <orientation>-0.3710426023545874</orientation>
      <time>12</time>
    </ksState>
    <ksState>
      <x>45.50332158442586</x>
      <y>158.38365189059397</y>
      <steeringAngle>0.4619333333333333</steeringAngle>
      <velocity>4.0</velocity>
      <orientation>-0.2972220187222434</orientation>
      <time>13</time>
    </ksState>
    <ksState>
      <x>45.91919433174934</x>
      <y>158.3928480252926</y>
      <steeringAngle>0.49746666666666667</steeringAngle>
      <velocity>4.0</velocity>
      <orientation>-0.21652147690902307</orientation>
      <time>14</time>
    </ksState>
    <ksState>
      <x>46.33453883848581</x>
      <y>158.44700756984972</y>
      <steeringAngle>0.533</steeringAngle>
      <velocity>4.0</velocity>
      <orientation>-0.12868161030921443</orientation>
      <time>15</time>
    </ksState>
    <ksState>
      <x>46.7030548581141</x>
      <y>158.52735090523586</y>
      <steeringAngle>0.4974666666666667</steeringAngle>
      <velocity>3.1999999999999993</velocity>
      <orientation>-0.04950440719997498</orientation>
      <time>16</time>
    </ksState>
    <ksState>
      <x>46.9846639867138</x>
      <y>158.6020369143598</y>
      <steeringAngle>0.4619333333333334</steeringAngle>
      <velocity>2.3999999999999986</velocity>
      <orientation>0.007102700202233886</orientation>
      <time>17</time>
    </ksState>
    <ksState>
      <x>47.18323654523015</x>
      <y>158.6598677129421</y>
      <steeringAngle>0.4264000000000001</steeringAngle>
      <velocity>1.5999999999999979</velocity>
      <orientation>0.04412566041629251</orientation>
      <time>18</time>
    </ksState>
    <ksState>
      <x>47.30149378622909</x>
      <y>158.69517558631537</y>
      <steeringAngle>0.39086666666666675</steeringAngle>
      <velocity>0.7999999999999972</velocity>
      <orientation>0.06438562963911901</orientation>
      <time>19</time>
    </ksState>
    <ksState>
      <x>47.34080996630526</x>
      <y>158.70664371566417</y>
      <steeringAngle>0.3553333333333332</steeringAngle>
      <velocity>-2.914335439641036e-15</velocity>
      <orientation>0.07056360438649578</orientation>
      <time>20</time>
    </ksState>
    <ksState>
      <x>47.34080996630526</x>
      <y>158.70664371566417</y>
      <steeringAngle>0.3198</steeringAngle>
      <velocity>0.0</velocity>
      <orientation>0.07056360438649578</orientation>
      <time>21</time>
    </ksState>
    <ksState>
      <x>47.34080996630526</x>
      <y>158.70664371566417</y>
      <steeringAngle>0.2842666666666666</steeringAngle>
      <velocity>0.0</velocity>
      <orientation>0.07056360438649578</orientation>
      <time>22</time>
    </ksState>
    <ksState>
      <x>47.34080996630526</x>
      <y>158.70664371566417</y>
      <steeringAngle>0.24873333333333333</steeringAngle>
      <velocity>0.0</velocity>
      <orientation>0.07056360438649578</orientation>
      <time>23</time>
    </ksState>
    <ksState>
      <x>47.34080996630526</x>
      <y>158.70664371566417</y>
      <steeringAngle>0.21320000000000003</steeringAngle>
      <velocity>0.0</velocity>
      <orientation>0.07056360438649578</orientation>
      <time>24</time>
    </ksState>
    <ksState>
      <x>47.34080996630526</x>
      <y>158.70664371566417</y>
      <steeringAngle>0.1776666666666667</steeringAngle>
      <velocity>0.0</velocity>
      <orientation>0.07056360438649578</orientation>
      <time>25</time>
    </ksState>
    <ksState>
      <x>47.34080996630526</x>
      <y>158.70664371566417</y>
      <steeringAngle>0.14213333333333336</steeringAngle>
      <velocity>0.0</velocity>
      <orientation>0.07056360438649578</orientation>
      <time>26</time>
    </ksState>
    <ksState>
      <x>47.34080996630526</x>
      <y>158.70664371566417</y>
      <steeringAngle>0.10660000000000001</steeringAngle>
      <velocity>0.0</velocity>
      <orientation>0.07056360438649578</orientation>
      <time>27</time>
    </ksState>
    <ksState>
      <x>47.34080996630526</x>
      <y>158.70664371566417</y>
      <steeringAngle>0.07106666666666668</steeringAngle>
      <velocity>0.0</velocity>
      <orientation>0.07056360438649578</orientation>
      <time>28</time>
    </ksState>
    <ksState>
      <x>47.34080996630526</x>
      <y>158.70664371566417</y>
      <steeringAngle>0.03553333333333333</steeringAngle>
      <velocity>0.0</velocity>
      <orientation>0.07056360438649578</orientation>
      <time>29</time>
    </ksState>
    <ksState>
      <x>47.34080996630526</x>
      <y>158.70664371566417</y>
      <steeringAngle>0.0</steeringAngle>
      <velocity>0.0</velocity>
      <orientation>0.07056360438649578</orientation>
      <time>30</time>
    </ksState>
    <ksState>
      <x>47.38074760919426</x>
      <y>158.70893644484042</y>
      <steeringAngle>-0.03553333333333333</steeringAngle>
      <velocity>0.8</velocity>
      <orientation>0.0701960726082538</orientation>
      <time>31</time>
    </ksState>
    <ksState>
      <x>47.500713899650975</x>
      <y>158.7135605223143</y>
      <steeringAngle>-0.0710666666666667</steeringAngle>
      <velocity>1.6</velocity>
      <orientation>0.06762122601626816</orientation>
      <time>32</time>
    </ksState>
    <ksState>
      <x>47.700937740021104</x>
      <y>158.71648217850802</y>
      <steeringAngle>-0.10660000000000003</steeringAngle>
      <velocity>2.4000000000000004</velocity>
      <orientation>0.060620521779430954</orientation>
      <time>33</time>
    </ksState>
  </ksTrajectory>
</CommonRoadSolution>
