<?xml version="1.0" ?>
<CommonRoadSolution benchmark_id="KS2:SM1:DEU_Flensburg-87_1_T-1:2020a" computation_time="1.243748706000133" date="2022-12-18T12:01:12">
  <ksTrajectory planningProblem="123">
    <ksState>
      <x>93.960322</x>
      <y>295.70821</y>
      <steeringAngle>0.0</steeringAngle>
      <velocity>12.0</velocity>
      <orientation>-2.0092139</orientation>
      <time>0</time>
    </ksState>
    <ksState>
      <x>93.45091332508369</x>
      <y>294.6217005421857</y>
      <steeringAngle>0.0</steeringAngle>
      <velocity>12.0</velocity>
      <orientation>-2.0092139</orientation>
      <time>1</time>
    </ksState>
    <ksState>
      <x>92.94150465016737</x>
      <y>293.5351910843713</y>
      <steeringAngle>0.0</steeringAngle>
      <velocity>12.0</velocity>
      <orientation>-2.0092139</orientation>
      <time>2</time>
    </ksState>
    <ksState>
      <x>92.43209597525106</x>
      <y>292.448681626557</y>
      <steeringAngle>0.0</steeringAngle>
      <velocity>12.0</velocity>
      <orientation>-2.0092139</orientation>
      <time>3</time>
    </ksState>
    <ksState>
      <x>91.92268730033474</x>
      <y>291.3621721687427</y>
      <steeringAngle>0.0</steeringAngle>
      <velocity>12.0</velocity>
      <orientation>-2.0092139</orientation>
      <time>4</time>
    </ksState>
    <ksState>
      <x>91.41327862541843</x>
      <y>290.2756627109283</y>
      <steeringAngle>0.0</steeringAngle>
      <velocity>12.0</velocity>
      <orientation>-2.0092139</orientation>
      <time>5</time>
    </ksState>
    <ksState>
      <x>90.90386995050211</x>
      <y>289.189153253114</y>
      <steeringAngle>0.0</steeringAngle>
      <velocity>12.0</velocity>
      <orientation>-2.0092139</orientation>
      <time>6</time>
    </ksState>
    <ksState>
      <x>90.3944612755858</x>
      <y>288.1026437952996</y>
      <steeringAngle>0.0</steeringAngle>
      <velocity>12.0</velocity>
      <orientation>-2.0092139</orientation>
      <time>7</time>
    </ksState>
    <ksState>
      <x>89.88505260066948</x>
      <y>287.0161343374853</y>
      <steeringAngle>0.0</steeringAngle>
      <velocity>12.0</velocity>
      <orientation>-2.0092139</orientation>
      <time>8</time>
    </ksState>
    <ksState>
      <x>89.37564392575317</x>
      <y>285.929624879671</y>
      <steeringAngle>0.0</steeringAngle>
      <velocity>12.0</velocity>
      <orientation>-2.0092139</orientation>
      <time>9</time>
    </ksState>
    <ksState>
      <x>88.86623525083685</x>
      <y>284.8431154218566</y>
      <steeringAngle>0.0</steeringAngle>
      <velocity>12.0</velocity>
      <orientation>-2.0092139</orientation>
      <time>10</time>
    </ksState>
    <ksState>
      <x>88.35682657592054</x>
      <y>283.7566059640423</y>
      <steeringAngle>0.0</steeringAngle>
      <velocity>12.0</velocity>
      <orientation>-2.0092139</orientation>
      <time>11</time>
    </ksState>
    <ksState>
      <x>87.84741790100422</x>
      <y>282.67009650622794</y>
      <steeringAngle>0.0</steeringAngle>
      <velocity>12.0</velocity>
      <orientation>-2.0092139</orientation>
      <time>12</time>
    </ksState>
    <ksState>
      <x>87.3380092260879</x>
      <y>281.5835870484136</y>
      <steeringAngle>0.0</steeringAngle>
      <velocity>12.0</velocity>
      <orientation>-2.0092139</orientation>
      <time>13</time>
    </ksState>
    <ksState>
      <x>86.82860055117159</x>
      <y>280.4970775905993</y>
      <steeringAngle>0.0</steeringAngle>
      <velocity>12.0</velocity>
      <orientation>-2.0092139</orientation>
      <time>14</time>
    </ksState>
    <ksState>
      <x>86.31919187625527</x>
      <y>279.41056813278493</y>
      <steeringAngle>0.0</steeringAngle>
      <velocity>12.0</velocity>
      <orientation>-2.0092139</orientation>
      <time>15</time>
    </ksState>
    <ksState>
      <x>85.80978320133896</x>
      <y>278.3240586749706</y>
      <steeringAngle>0.0</steeringAngle>
      <velocity>12.0</velocity>
      <orientation>-2.0092139</orientation>
      <time>16</time>
    </ksState>
    <ksState>
      <x>85.30037452642264</x>
      <y>277.23754921715624</y>
      <steeringAngle>0.0</steeringAngle>
      <velocity>12.0</velocity>
      <orientation>-2.0092139</orientation>
      <time>17</time>
    </ksState>
    <ksState>
      <x>84.79096585150633</x>
      <y>276.1510397593419</y>
      <steeringAngle>0.0</steeringAngle>
      <velocity>12.0</velocity>
      <orientation>-2.0092139</orientation>
      <time>18</time>
    </ksState>
    <ksState>
      <x>84.28155717659001</x>
      <y>275.0645303015276</y>
      <steeringAngle>0.0</steeringAngle>
      <velocity>12.0</velocity>
      <orientation>-2.0092139</orientation>
      <time>19</time>
    </ksState>
    <ksState>
      <x>83.7721485016737</x>
      <y>273.97802084371324</y>
      <steeringAngle>0.0</steeringAngle>
      <velocity>12.0</velocity>
      <orientation>-2.0092139</orientation>
      <time>20</time>
    </ksState>
    <ksState>
      <x>83.26273982675738</x>
      <y>272.8915113858989</y>
      <steeringAngle>0.0</steeringAngle>
      <velocity>12.0</velocity>
      <orientation>-2.0092139</orientation>
      <time>21</time>
    </ksState>
    <ksState>
      <x>82.75333115184107</x>
      <y>271.80500192808455</y>
      <steeringAngle>0.0</steeringAngle>
      <velocity>12.0</velocity>
      <orientation>-2.0092139</orientation>
      <time>22</time>
    </ksState>
    <ksState>
      <x>82.24392247692475</x>
      <y>270.71849247027023</y>
      <steeringAngle>0.0</steeringAngle>
      <velocity>12.0</velocity>
      <orientation>-2.0092139</orientation>
      <time>23</time>
    </ksState>
    <ksState>
      <x>81.73451380200844</x>
      <y>269.6319830124559</y>
      <steeringAngle>0.0</steeringAngle>
      <velocity>12.0</velocity>
      <orientation>-2.0092139</orientation>
      <time>24</time>
    </ksState>
    <ksState>
      <x>81.22510512709212</x>
      <y>268.54547355464155</y>
      <steeringAngle>0.0</steeringAngle>
      <velocity>12.0</velocity>
      <orientation>-2.0092139</orientation>
      <time>25</time>
    </ksState>
    <ksState>
      <x>80.7156964521758</x>
      <y>267.45896409682723</y>
      <steeringAngle>0.0</steeringAngle>
      <velocity>12.0</velocity>
      <orientation>-2.0092139</orientation>
      <time>26</time>
    </ksState>
    <ksState>
      <x>80.20628777725949</x>
      <y>266.37245463901286</y>
      <steeringAngle>0.0</steeringAngle>
      <velocity>12.0</velocity>
      <orientation>-2.0092139</orientation>
      <time>27</time>
    </ksState>
    <ksState>
      <x>79.69687910234317</x>
      <y>265.28594518119854</y>
      <steeringAngle>0.0</steeringAngle>
      <velocity>12.0</velocity>
      <orientation>-2.0092139</orientation>
      <time>28</time>
    </ksState>
    <ksState>
      <x>79.18747042742686</x>
      <y>264.1994357233842</y>
      <steeringAngle>0.0</steeringAngle>
      <velocity>12.0</velocity>
      <orientation>-2.0092139</orientation>
      <time>29</time>
    </ksState>
    <ksState>
      <x>78.67806175251054</x>
      <y>263.11292626556985</y>
      <steeringAngle>0.0</steeringAngle>
      <velocity>12.0</velocity>
      <orientation>-2.0092139</orientation>
      <time>30</time>
    </ksState>
    <ksState>
      <x>78.16865307759423</x>
      <y>262.02641680775554</y>
      <steeringAngle>0.0</steeringAngle>
      <velocity>12.0</velocity>
      <orientation>-2.0092139</orientation>
      <time>31</time>
    </ksState>
    <ksState>
      <x>77.65924440267791</x>
      <y>260.93990734994117</y>
      <steeringAngle>0.0</steeringAngle>
      <velocity>12.0</velocity>
      <orientation>-2.0092139</orientation>
      <time>32</time>
    </ksState>
    <ksState>
      <x>77.1498357277616</x>
      <y>259.85339789212685</y>
      <steeringAngle>0.0</steeringAngle>
      <velocity>12.0</velocity>
      <orientation>-2.0092139</orientation>
      <time>33</time>
    </ksState>
    <ksState>
      <x>76.64042705284528</x>
      <y>258.76688843431253</y>
      <steeringAngle>0.0</steeringAngle>
      <velocity>12.0</velocity>
      <orientation>-2.0092139</orientation>
      <time>34</time>
    </ksState>
    <ksState>
      <x>76.13101837792897</x>
      <y>257.68037897649816</y>
      <steeringAngle>0.0</steeringAngle>
      <velocity>12.0</velocity>
      <orientation>-2.0092139</orientation>
      <time>35</time>
    </ksState>
    <ksState>
      <x>75.62160970301265</x>
      <y>256.59386951868385</y>
      <steeringAngle>0.0</steeringAngle>
      <velocity>12.0</velocity>
      <orientation>-2.0092139</orientation>
      <time>36</time>
    </ksState>
    <ksState>
      <x>75.11220102809634</x>
      <y>255.5073600608695</y>
      <steeringAngle>0.0</steeringAngle>
      <velocity>12.0</velocity>
      <orientation>-2.0092139</orientation>
      <time>37</time>
    </ksState>
    <ksState>
      <x>74.60279235318002</x>
      <y>254.4208506030552</y>
      <steeringAngle>0.0</steeringAngle>
      <velocity>12.0</velocity>
      <orientation>-2.0092139</orientation>
      <time>38</time>
    </ksState>
    <ksState>
      <x>74.0933836782637</x>
      <y>253.33434114524084</y>
      <steeringAngle>0.0</steeringAngle>
      <velocity>12.0</velocity>
      <orientation>-2.0092139</orientation>
      <time>39</time>
    </ksState>
    <ksState>
      <x>73.58397500334739</x>
      <y>252.2478316874265</y>
      <steeringAngle>0.0</steeringAngle>
      <velocity>12.0</velocity>
      <orientation>-2.0092139</orientation>
      <time>40</time>
    </ksState>
    <ksState>
      <x>73.07864028204573</x>
      <y>251.20364732192218</y>
      <steeringAngle>-0.03553333333333333</steeringAngle>
      <velocity>11.200000000000001</velocity>
      <orientation>-2.017115173772344</orientation>
      <time>41</time>
    </ksState>
    <ksState>
      <x>72.5744620788272</x>
      <y>250.2480987046803</y>
      <steeringAngle>-0.07106666666666667</steeringAngle>
      <velocity>10.400000000000007</velocity>
      <orientation>-2.039367604570834</orientation>
      <time>42</time>
    </ksState>
    <ksState>
      <x>72.06525944298798</x>
      <y>249.38618109486887</y>
      <steeringAngle>-0.10660000000000001</steeringAngle>
      <velocity>9.60000000000001</velocity>
      <orientation>-2.073815615455506</orientation>
      <time>43</time>
    </ksState>
    <ksState>
      <x>71.55003661576215</x>
      <y>248.6215309906865</y>
      <steeringAngle>-0.14213333333333344</steeringAngle>
      <velocity>8.800000000000008</velocity>
      <orientation>-2.118323747576351</orientation>
      <time>44</time>
    </ksState>
    <ksState>
      <x>71.03219201296638</x>
      <y>247.95616134829476</y>
      <steeringAngle>-0.17766666666666675</steeringAngle>
      <velocity>8.000000000000009</velocity>
      <orientation>-2.1707660453913324</orientation>
      <time>45</time>
    </ksState>
    <ksState>
      <x>70.50583692587017</x>
      <y>247.3495392650764</y>
      <steeringAngle>-0.14213333333333336</steeringAngle>
      <velocity>8.0</velocity>
      <orientation>-2.220800856940081</orientation>
      <time>46</time>
    </ksState>
    <ksState>
      <x>69.96560475261525</x>
      <y>246.7569217590006</y>
      <steeringAngle>-0.1066000000000001</steeringAngle>
      <velocity>8.0</velocity>
      <orientation>-2.259584708947078</orientation>
      <time>47</time>
    </ksState>
    <ksState>
      <x>69.41808872292023</x>
      <y>246.1722945003872</y>
      <steeringAngle>-0.07106666666666674</steeringAngle>
      <velocity>8.0</velocity>
      <orientation>-2.2872171879767653</orientation>
      <time>48</time>
    </ksState>
    <ksState>
      <x>68.86958631610312</x>
      <y>245.5894398026764</y>
      <steeringAngle>-0.035533333333333354</steeringAngle>
      <velocity>8.0</velocity>
      <orientation>-2.3037687086057943</orientation>
      <time>49</time>
    </ksState>
    <ksState>
      <x>68.32632613267909</x>
      <y>245.0021241478525</y>
      <steeringAngle>-2.0816681711721685e-17</steeringAngle>
      <velocity>8.0</velocity>
      <orientation>-2.309281235064199</orientation>
      <time>50</time>
    </ksState>
    <ksState>
      <x>67.79469431603512</x>
      <y>244.40428153754203</y>
      <steeringAngle>0.03553333333333333</steeringAngle>
      <velocity>8.0</velocity>
      <orientation>-2.3037687000613603</orientation>
      <time>51</time>
    </ksState>
    <ksState>
      <x>67.28145250809634</x>
      <y>243.7902066881765</y>
      <steeringAngle>0.07106666666666667</steeringAngle>
      <velocity>8.0</velocity>
      <orientation>-2.287217179181091</orientation>
      <time>52</time>
    </ksState>
    <ksState>
      <x>66.79393922704757</x>
      <y>243.15477206256668</y>
      <steeringAngle>0.10659999999999997</steeringAngle>
      <velocity>8.0</velocity>
      <orientation>-2.2595846998903957</orientation>
      <time>53</time>
    </ksState>
    <ksState>
      <x>66.34024310820442</x>
      <y>242.49368097527213</y>
      <steeringAngle>0.1421333333333333</steeringAngle>
      <velocity>8.0</velocity>
      <orientation>-2.220800847617661</orientation>
      <time>54</time>
    </ksState>
    <ksState>
      <x>65.92933452308625</x>
      <y>241.8037683057903</y>
      <steeringAngle>0.17766666666666667</steeringAngle>
      <velocity>8.0</velocity>
      <orientation>-2.1707660353685063</orientation>
      <time>55</time>
    </ksState>
    <ksState>
      <x>65.57270857467725</x>
      <y>241.12923785811603</y>
      <steeringAngle>0.1421333333333334</steeringAngle>
      <velocity>7.2</velocity>
      <orientation>-2.123138713622869</orientation>
      <time>56</time>
    </ksState>
    <ksState>
      <x>65.26646165640354</x>
      <y>240.52027700370988</y>
      <steeringAngle>0.10660000000000011</steeringAngle>
      <velocity>6.4</velocity>
      <orientation>-2.0900791431749015</orientation>
      <time>57</time>
    </ksState>
    <ksState>
      <x>65.00037740972772</x>
      <y>239.9816789343521</y>
      <steeringAngle>0.07106666666666674</steeringAngle>
      <velocity>5.600000000000001</velocity>
      <orientation>-2.069262194881013</orientation>
      <time>58</time>
    </ksState>
    <ksState>
      <x>64.76813193330715</x>
      <y>239.51616065637936</y>
      <steeringAngle>0.03553333333333339</steeringAngle>
      <velocity>4.800000000000001</velocity>
      <orientation>-2.05841158522335</orientation>
      <time>59</time>
    </ksState>
    <ksState>
      <x>64.56671629298164</x>
      <y>239.1249403930978</y>
      <steeringAngle>5.5294310796760726e-17</steeringAngle>
      <velocity>4.0</velocity>
      <orientation>-2.0552878093861846</orientation>
      <time>60</time>
    </ksState>
    <ksState>
      <x>64.35744156857231</x>
      <y>238.7378723123059</y>
      <steeringAngle>-0.035533333333333326</steeringAngle>
      <velocity>4.799999999999999</velocity>
      <orientation>-2.0584115880553755</orientation>
      <time>61</time>
    </ksState>
    <ksState>
      <x>64.09799876219323</x>
      <y>238.28696716089496</y>
      <steeringAngle>-0.07106666666666667</steeringAngle>
      <velocity>5.599999999999998</velocity>
      <orientation>-2.0692621991165483</orientation>
      <time>62</time>
    </ksState>
    <ksState>
      <x>63.78018742567813</x>
      <y>237.77722669297512</y>
      <steeringAngle>-0.10659999999999999</steeringAngle>
      <velocity>6.3999999999999995</velocity>
      <orientation>-2.0900791481168763</orientation>
      <time>63</time>
    </ksState>
    <ksState>
      <x>63.39305871878847</x>
      <y>237.21628955707814</y>
      <steeringAngle>-0.14213333333333333</steeringAngle>
      <velocity>7.199999999999999</velocity>
      <orientation>-2.1231387190980415</orientation>
      <time>64</time>
    </ksState>
    <ksState>
      <x>62.92280110504947</x>
      <y>236.615584295711</y>
      <steeringAngle>-0.17766666666666664</steeringAngle>
      <velocity>7.9999999999999964</velocity>
      <orientation>-2.170766041179588</orientation>
      <time>65</time>
    </ksState>
    <ksState>
      <x>62.3964460205082</x>
      <y>236.00896221027577</y>
      <steeringAngle>-0.14213333333333336</steeringAngle>
      <velocity>8.0</velocity>
      <orientation>-2.2208008527283365</orientation>
      <time>66</time>
    </ksState>
    <ksState>
      <x>61.85621384974923</x>
      <y>235.41634470192463</y>
      <steeringAngle>-0.1066000000000001</steeringAngle>
      <velocity>8.0</velocity>
      <orientation>-2.259584704735334</orientation>
      <time>67</time>
    </ksState>
    <ksState>
      <x>61.30869782251652</x>
      <y>234.83171744100525</y>
      <steeringAngle>-0.07106666666666674</steeringAngle>
      <velocity>8.0</velocity>
      <orientation>-2.287217183765021</orientation>
      <time>68</time>
    </ksState>
    <ksState>
      <x>60.76019541815423</x>
      <y>234.2488627409843</y>
      <steeringAngle>-0.035533333333333354</steeringAngle>
      <velocity>8.0</velocity>
      <orientation>-2.30376870439405</orientation>
      <time>69</time>
    </ksState>
    <ksState>
      <x>60.21693523720384</x>
      <y>233.66154708387234</y>
      <steeringAngle>-2.0816681711721685e-17</steeringAngle>
      <velocity>8.0</velocity>
      <orientation>-2.309281230852455</orientation>
      <time>70</time>
    </ksState>
    <ksState>
      <x>59.68530342307784</x>
      <y>233.06370447132275</y>
      <steeringAngle>0.03553333333333333</steeringAngle>
      <velocity>8.0</velocity>
      <orientation>-2.303768695849616</orientation>
      <time>71</time>
    </ksState>
    <ksState>
      <x>59.172061617725376</x>
      <y>232.44962961979562</y>
      <steeringAngle>0.07106666666666667</steeringAngle>
      <velocity>8.0</velocity>
      <orientation>-2.2872171749693466</orientation>
      <time>72</time>
    </ksState>
    <ksState>
      <x>58.68454833935291</x>
      <y>231.81419499213249</y>
      <steeringAngle>0.10659999999999997</steeringAngle>
      <velocity>8.0</velocity>
      <orientation>-2.2595846956786514</orientation>
      <time>73</time>
    </ksState>
    <ksState>
      <x>58.230852223294086</x>
      <y>231.15310390292706</y>
      <steeringAngle>0.1421333333333333</steeringAngle>
      <velocity>8.0</velocity>
      <orientation>-2.2208008434059168</orientation>
      <time>74</time>
    </ksState>
    <ksState>
      <x>57.81994364108166</x>
      <y>230.4631912317146</y>
      <steeringAngle>0.17766666666666667</steeringAngle>
      <velocity>8.0</velocity>
      <orientation>-2.170766031156762</orientation>
      <time>75</time>
    </ksState>
    <ksState>
      <x>57.463317695513595</x>
      <y>229.78866078253836</y>
      <steeringAngle>0.1421333333333334</steeringAngle>
      <velocity>7.2</velocity>
      <orientation>-2.123138709411125</orientation>
      <time>76</time>
    </ksState>
    <ksState>
      <x>57.15707077980469</x>
      <y>229.17969992684235</y>
      <steeringAngle>0.10660000000000011</steeringAngle>
      <velocity>6.4</velocity>
      <orientation>-2.0900791389631572</orientation>
      <time>77</time>
    </ksState>
    <ksState>
      <x>56.89098653539732</x>
      <y>228.64110185636386</y>
      <steeringAngle>0.07106666666666674</steeringAngle>
      <velocity>5.600000000000001</velocity>
      <orientation>-2.0692621906692685</orientation>
      <time>78</time>
    </ksState>
    <ksState>
      <x>56.65874106093738</x>
      <y>228.175583577413</y>
      <steeringAngle>0.03553333333333339</steeringAngle>
      <velocity>4.800000000000001</velocity>
      <orientation>-2.058411581011606</orientation>
      <time>79</time>
    </ksState>
    <ksState>
      <x>56.457325422259586</x>
      <y>227.7843633132831</y>
      <steeringAngle>5.5294310796760726e-17</steeringAngle>
      <velocity>4.0</velocity>
      <orientation>-2.0552878051744403</orientation>
      <time>80</time>
    </ksState>
    <ksState>
      <x>56.28639790931218</x>
      <y>227.46751278063635</y>
      <steeringAngle>-0.03553333333333333</steeringAngle>
      <velocity>3.2</velocity>
      <orientation>-2.057676553554233</orientation>
      <time>81</time>
    </ksState>
    <ksState>
      <x>56.14761128852922</x>
      <y>227.22419737381756</y>
      <steeringAngle>-0.07106666666666668</steeringAngle>
      <velocity>2.4</velocity>
      <orientation>-2.0633774685600295</orientation>
      <time>82</time>
    </ksState>
    <ksState>
      <x>56.043943420075415</x>
      <y>227.052890774051</y>
      <steeringAngle>-0.10660000000000003</steeringAngle>
      <velocity>1.5999999999999994</velocity>
      <orientation>-2.070193002304761</orientation>
      <time>83</time>
    </ksState>
    <ksState>
      <x>55.97905087515049</x>
      <y>226.9516239166429</y>
      <steeringAngle>-0.14213333333333342</steeringAngle>
      <velocity>0.7999999999999988</velocity>
      <orientation>-2.075917263791241</orientation>
      <time>84</time>
    </ksState>
    <ksState>
      <x>55.95665809700777</x>
      <y>226.91830298799053</y>
      <steeringAngle>-0.17766666666666675</steeringAngle>
      <velocity>-1.5265566588595902e-15</velocity>
      <orientation>-2.0783247582657967</orientation>
      <time>85</time>
    </ksState>
    <ksState>
      <x>55.95665809700777</x>
      <y>226.91830298799053</y>
      <steeringAngle>-0.14213333333333336</steeringAngle>
      <velocity>0.0</velocity>
      <orientation>-2.0783247582657967</orientation>
      <time>86</time>
    </ksState>
    <ksState>
      <x>55.95665809700777</x>
      <y>226.91830298799053</y>
      <steeringAngle>-0.10660000000000001</steeringAngle>
      <velocity>0.0</velocity>
      <orientation>-2.0783247582657967</orientation>
      <time>87</time>
    </ksState>
    <ksState>
      <x>55.95665809700777</x>
      <y>226.91830298799053</y>
      <steeringAngle>-0.07106666666666668</steeringAngle>
      <velocity>0.0</velocity>
      <orientation>-2.0783247582657967</orientation>
      <time>88</time>
    </ksState>
    <ksState>
      <x>55.95665809700777</x>
      <y>226.91830298799053</y>
      <steeringAngle>-0.03553333333333333</steeringAngle>
      <velocity>0.0</velocity>
      <orientation>-2.0783247582657967</orientation>
      <time>89</time>
    </ksState>
    <ksState>
      <x>55.95665809700777</x>
      <y>226.91830298799053</y>
      <steeringAngle>-0.0</steeringAngle>
      <velocity>0.0</velocity>
      <orientation>-2.0783247582657967</orientation>
      <time>90</time>
    </ksState>
    <ksState>
      <x>55.95665809700777</x>
      <y>226.91830298799053</y>
      <steeringAngle>0.0</steeringAngle>
      <velocity>0.0</velocity>
      <orientation>-2.0783247582657967</orientation>
      <time>91</time>
    </ksState>
    <ksState>
      <x>55.95665809700777</x>
      <y>226.91830298799053</y>
      <steeringAngle>0.0</steeringAngle>
      <velocity>0.0</velocity>
      <orientation>-2.0783247582657967</orientation>
      <time>92</time>
    </ksState>
    <ksState>
      <x>55.95665809700777</x>
      <y>226.91830298799053</y>
      <steeringAngle>0.0</steeringAngle>
      <velocity>0.0</velocity>
      <orientation>-2.0783247582657967</orientation>
      <time>93</time>
    </ksState>
    <ksState>
      <x>55.95665809700777</x>
      <y>226.91830298799053</y>
      <steeringAngle>0.0</steeringAngle>
      <velocity>0.0</velocity>
      <orientation>-2.0783247582657967</orientation>
      <time>94</time>
    </ksState>
    <ksState>
      <x>55.95665809700777</x>
      <y>226.91830298799053</y>
      <steeringAngle>0.0</steeringAngle>
      <velocity>0.0</velocity>
      <orientation>-2.0783247582657967</orientation>
      <time>95</time>
    </ksState>
    <ksState>
      <x>55.93675526676661</x>
      <y>226.88360213389444</y>
      <steeringAngle>-0.03553333333333333</steeringAngle>
      <velocity>0.8</velocity>
      <orientation>-2.0786922900440388</orientation>
      <time>96</time>
    </ksState>
    <ksState>
      <x>55.87507514266413</x>
      <y>226.78060283666807</y>
      <steeringAngle>-0.0710666666666667</steeringAngle>
      <velocity>1.6</velocity>
      <orientation>-2.0812671366360243</orientation>
      <time>97</time>
    </ksState>
    <ksState>
      <x>55.76811433708224</x>
      <y>226.61131754966192</y>
      <steeringAngle>-0.10660000000000003</steeringAngle>
      <velocity>2.4000000000000004</velocity>
      <orientation>-2.0882678408728617</orientation>
      <time>98</time>
    </ksState>
    <ksState>
      <x>55.61118995620961</x>
      <y>226.3786201472294</y>
      <steeringAngle>-0.14213333333333342</steeringAngle>
      <velocity>3.2000000000000015</velocity>
      <orientation>-2.1019354818136815</orientation>
      <time>99</time>
    </ksState>
  </ksTrajectory>
</CommonRoadSolution>
