<?xml version="1.0" ?>
<CommonRoadSolution benchmark_id="KS2:SM1:HRV_Pula-9_4_T-1:2020a" computation_time="0.6759434100004" date="2022-12-18T12:01:12">
  <ksTrajectory planningProblem="1">
    <ksState>
      <x>-825.62789</x>
      <y>942.10169</y>
      <steeringAngle>0.0</steeringAngle>
      <velocity>12.0</velocity>
      <orientation>1.2018795</orientation>
      <time>0</time>
    </ksState>
    <ksState>
      <x>-825.1962884427251</x>
      <y>943.178446363099</y>
      <steeringAngle>-0.03553333333333333</steeringAngle>
      <velocity>11.200000000000001</velocity>
      <orientation>1.193978226227656</orientation>
      <time>1</time>
    </ksState>
    <ksState>
      <x>-824.759685318966</x>
      <y>944.1667006486134</y>
      <steeringAngle>-0.07106666666666667</steeringAngle>
      <velocity>10.400000000000007</velocity>
      <orientation>1.171725795429166</orientation>
      <time>2</time>
    </ksState>
    <ksState>
      <x>-824.3115677052881</x>
      <y>945.061898891887</y>
      <steeringAngle>-0.10660000000000001</steeringAngle>
      <velocity>9.60000000000001</velocity>
      <orientation>1.1372777845444944</orientation>
      <time>3</time>
    </ksState>
    <ksState>
      <x>-823.8506897109726</x>
      <y>945.8604825242489</y>
      <steeringAngle>-0.14213333333333344</steeringAngle>
      <velocity>8.800000000000008</velocity>
      <orientation>1.0927696524236494</orientation>
      <time>4</time>
    </ksState>
    <ksState>
      <x>-823.3803017580105</x>
      <y>946.5602074468933</y>
      <steeringAngle>-0.17766666666666675</steeringAngle>
      <velocity>8.000000000000009</velocity>
      <orientation>1.040327354608668</orientation>
      <time>5</time>
    </ksState>
    <ksState>
      <x>-822.907280873134</x>
      <y>947.160573770748</y>
      <steeringAngle>-0.21320000000000014</steeringAngle>
      <velocity>7.200000000000003</velocity>
      <orientation>0.9820780275371751</orientation>
      <time>6</time>
    </ksState>
    <ksState>
      <x>-822.4411747178024</x>
      <y>947.6632229898395</y>
      <steeringAngle>-0.24873333333333347</steeringAngle>
      <velocity>6.400000000000004</velocity>
      <orientation>0.9201609400513958</orientation>
      <time>7</time>
    </ksState>
    <ksState>
      <x>-821.9931963420389</x>
      <y>948.0721896891772</y>
      <steeringAngle>-0.2842666666666668</steeringAngle>
      <velocity>5.600000000000001</velocity>
      <orientation>0.8567387972874747</orientation>
      <time>8</time>
    </ksState>
    <ksState>
      <x>-821.5752303400782</x>
      <y>948.3939307146023</y>
      <steeringAngle>-0.3198</steeringAngle>
      <velocity>4.800000000000002</velocity>
      <orientation>0.794009697545522</orientation>
      <time>9</time>
    </ksState>
    <ksState>
      <x>-821.1989253908325</x>
      <y>948.6370937997789</y>
      <steeringAngle>-0.3553333333333332</steeringAngle>
      <velocity>4.000000000000001</velocity>
      <orientation>0.7342198634973073</orientation>
      <time>10</time>
    </ksState>
    <ksState>
      <x>-820.8443912998401</x>
      <y>948.837835597415</y>
      <steeringAngle>-0.31979999999999986</steeringAngle>
      <velocity>4.0</velocity>
      <orientation>0.6797716643039277</orientation>
      <time>11</time>
    </ksState>
    <ksState>
      <x>-820.4853126406125</x>
      <y>949.0270080834986</y>
      <steeringAngle>-0.28426666666666656</steeringAngle>
      <velocity>4.0</velocity>
      <orientation>0.6314409848226704</orientation>
      <time>12</time>
    </ksState>
    <ksState>
      <x>-820.1229013135095</x>
      <y>949.2066944461449</y>
      <steeringAngle>-0.2487333333333332</steeringAngle>
      <velocity>4.0</velocity>
      <orientation>0.5890937510997953</orientation>
      <time>13</time>
    </ksState>
    <ksState>
      <x>-819.7581972475982</x>
      <y>949.3789922355714</y>
      <steeringAngle>-0.21319999999999986</steeringAngle>
      <velocity>4.0</velocity>
      <orientation>0.5526149100261676</orientation>
      <time>14</time>
    </ksState>
    <ksState>
      <x>-819.3921094035825</x>
      <y>949.5460021791067</y>
      <steeringAngle>-0.1776666666666665</steeringAngle>
      <velocity>4.0</velocity>
      <orientation>0.5219071273773398</orientation>
      <time>15</time>
    </ksState>
    <ksState>
      <x>-819.0586151163523</x>
      <y>949.6870573640155</y>
      <steeringAngle>-0.21319999999999997</steeringAngle>
      <velocity>3.2</velocity>
      <orientation>0.49436558181390516</orientation>
      <time>16</time>
    </ksState>
    <ksState>
      <x>-818.793755417215</x>
      <y>949.7847714327862</y>
      <steeringAngle>-0.24873333333333342</steeringAngle>
      <velocity>2.4000000000000004</velocity>
      <orientation>0.46892735142725567</orientation>
      <time>17</time>
    </ksState>
    <ksState>
      <x>-818.6011595242236</x>
      <y>949.846426855877</y>
      <steeringAngle>-0.2842666666666668</steeringAngle>
      <velocity>1.600000000000001</velocity>
      <orientation>0.447852451636676</orientation>
      <time>18</time>
    </ksState>
    <ksState>
      <x>-818.4838938753493</x>
      <y>949.8790982038122</y>
      <steeringAngle>-0.3197999999999999</steeringAngle>
      <velocity>0.8000000000000007</velocity>
      <orientation>0.4334540243359715</orientation>
      <time>19</time>
    </ksState>
    <ksState>
      <x>-818.444375565222</x>
      <y>949.88889764189</y>
      <steeringAngle>-0.3553333333333332</steeringAngle>
      <velocity>5.551115123125783e-16</velocity>
      <orientation>0.4281123827002422</orientation>
      <time>20</time>
    </ksState>
    <ksState>
      <x>-818.444375565222</x>
      <y>949.88889764189</y>
      <steeringAngle>-0.3198</steeringAngle>
      <velocity>0.0</velocity>
      <orientation>0.4281123827002422</orientation>
      <time>21</time>
    </ksState>
    <ksState>
      <x>-818.444375565222</x>
      <y>949.88889764189</y>
      <steeringAngle>-0.2842666666666666</steeringAngle>
      <velocity>0.0</velocity>
      <orientation>0.4281123827002422</orientation>
      <time>22</time>
    </ksState>
    <ksState>
      <x>-818.444375565222</x>
      <y>949.88889764189</y>
      <steeringAngle>-0.24873333333333333</steeringAngle>
      <velocity>0.0</velocity>
      <orientation>0.4281123827002422</orientation>
      <time>23</time>
    </ksState>
    <ksState>
      <x>-818.444375565222</x>
      <y>949.88889764189</y>
      <steeringAngle>-0.21320000000000003</steeringAngle>
      <velocity>0.0</velocity>
      <orientation>0.4281123827002422</orientation>
      <time>24</time>
    </ksState>
    <ksState>
      <x>-818.444375565222</x>
      <y>949.88889764189</y>
      <steeringAngle>-0.1776666666666667</steeringAngle>
      <velocity>0.0</velocity>
      <orientation>0.4281123827002422</orientation>
      <time>25</time>
    </ksState>
    <ksState>
      <x>-818.444375565222</x>
      <y>949.88889764189</y>
      <steeringAngle>-0.14213333333333336</steeringAngle>
      <velocity>0.0</velocity>
      <orientation>0.4281123827002422</orientation>
      <time>26</time>
    </ksState>
    <ksState>
      <x>-818.444375565222</x>
      <y>949.88889764189</y>
      <steeringAngle>-0.10660000000000001</steeringAngle>
      <velocity>0.0</velocity>
      <orientation>0.4281123827002422</orientation>
      <time>27</time>
    </ksState>
    <ksState>
      <x>-818.444375565222</x>
      <y>949.88889764189</y>
      <steeringAngle>-0.07106666666666668</steeringAngle>
      <velocity>0.0</velocity>
      <orientation>0.4281123827002422</orientation>
      <time>28</time>
    </ksState>
    <ksState>
      <x>-818.444375565222</x>
      <y>949.88889764189</y>
      <steeringAngle>-0.03553333333333333</steeringAngle>
      <velocity>0.0</velocity>
      <orientation>0.4281123827002422</orientation>
      <time>29</time>
    </ksState>
    <ksState>
      <x>-818.444375565222</x>
      <y>949.88889764189</y>
      <steeringAngle>-0.0</steeringAngle>
      <velocity>0.0</velocity>
      <orientation>0.4281123827002422</orientation>
      <time>30</time>
    </ksState>
    <ksState>
      <x>-818.444375565222</x>
      <y>949.88889764189</y>
      <steeringAngle>0.0</steeringAngle>
      <velocity>0.0</velocity>
      <orientation>0.4281123827002422</orientation>
      <time>31</time>
    </ksState>
    <ksState>
      <x>-818.444375565222</x>
      <y>949.88889764189</y>
      <steeringAngle>0.0</steeringAngle>
      <velocity>0.0</velocity>
      <orientation>0.4281123827002422</orientation>
      <time>32</time>
    </ksState>
    <ksState>
      <x>-818.444375565222</x>
      <y>949.88889764189</y>
      <steeringAngle>0.0</steeringAngle>
      <velocity>0.0</velocity>
      <orientation>0.4281123827002422</orientation>
      <time>33</time>
    </ksState>
  </ksTrajectory>
</CommonRoadSolution>
