<?xml version="1.0" ?>
<CommonRoadSolution benchmark_id="KS2:SM1:ESP_Ceuta-7_1_T-1:2020a" computation_time="0.5128769060002014" date="2022-12-18T12:01:12">
  <ksTrajectory planningProblem="1">
    <ksState>
      <x>-954.39472</x>
      <y>985.54293</y>
      <steeringAngle>0.0</steeringAngle>
      <velocity>8.0</velocity>
      <orientation>-1.5950259</orientation>
      <time>0</time>
    </ksState>
    <ksState>
      <x>-954.4131326739</x>
      <y>984.7831530772555</y>
      <steeringAngle>0.0</steeringAngle>
      <velocity>7.200000000000001</velocity>
      <orientation>-1.5950259</orientation>
      <time>1</time>
    </ksState>
    <ksState>
      <x>-954.429607171591</x>
      <y>984.1033526730655</y>
      <steeringAngle>0.0</steeringAngle>
      <velocity>6.400000000000001</velocity>
      <orientation>-1.5950259</orientation>
      <time>2</time>
    </ksState>
    <ksState>
      <x>-954.4441434930778</x>
      <y>983.5035287872296</y>
      <steeringAngle>0.0</steeringAngle>
      <velocity>5.600000000000001</velocity>
      <orientation>-1.5950259</orientation>
      <time>3</time>
    </ksState>
    <ksState>
      <x>-954.4567416383619</x>
      <y>982.9836814196915</y>
      <steeringAngle>0.0</steeringAngle>
      <velocity>4.800000000000001</velocity>
      <orientation>-1.5950259</orientation>
      <time>4</time>
    </ksState>
    <ksState>
      <x>-954.4674016074438</x>
      <y>982.5438105704303</y>
      <steeringAngle>0.0</steeringAngle>
      <velocity>4.000000000000001</velocity>
      <orientation>-1.5950259</orientation>
      <time>5</time>
    </ksState>
    <ksState>
      <x>-954.4728047260686</x>
      <y>982.1438297969507</y>
      <steeringAngle>0.035533333333333326</steeringAngle>
      <velocity>4.0</velocity>
      <orientation>-1.5922696254673996</orientation>
      <time>6</time>
    </ksState>
    <ksState>
      <x>-954.4681504661693</x>
      <y>981.7436901906749</y>
      <steeringAngle>0.07106666666666711</steeringAngle>
      <velocity>4.0</velocity>
      <orientation>-1.583993864924114</orientation>
      <time>7</time>
    </ksState>
    <ksState>
      <x>-954.451195303285</x>
      <y>981.3435788754923</y>
      <steeringAngle>0.10660000000000043</steeringAngle>
      <velocity>4.0</velocity>
      <orientation>-1.5701776251049773</orientation>
      <time>8</time>
    </ksState>
    <ksState>
      <x>-954.4196688194814</x>
      <y>980.9438891153933</y>
      <steeringAngle>0.14213333333333378</steeringAngle>
      <velocity>4.0</velocity>
      <orientation>-1.5507856987194315</orientation>
      <time>9</time>
    </ksState>
    <ksState>
      <x>-954.3712791602566</x>
      <y>980.5452621677891</y>
      <steeringAngle>0.1776666666666672</steeringAngle>
      <velocity>4.0</velocity>
      <orientation>-1.5257682922680342</orientation>
      <time>10</time>
    </ksState>
    <ksState>
      <x>-954.3187425509659</x>
      <y>980.1876606116949</y>
      <steeringAngle>0.1421333333333333</steeringAngle>
      <velocity>3.1999999999999993</velocity>
      <orientation>-1.503158377294592</orientation>
      <time>11</time>
    </ksState>
    <ksState>
      <x>-954.2784279183516</x>
      <y>979.9098924418395</y>
      <steeringAngle>0.10659999999999997</steeringAngle>
      <velocity>2.3999999999999977</velocity>
      <orientation>-1.4894907364238845</orientation>
      <time>12</time>
    </ksState>
    <ksState>
      <x>-954.2515171059289</x>
      <y>979.7114591788247</y>
      <steeringAngle>0.07106666666666664</steeringAngle>
      <velocity>1.5999999999999976</velocity>
      <orientation>-1.4824900305706654</orientation>
      <time>13</time>
    </ksState>
    <ksState>
      <x>-954.2371155076902</x>
      <y>979.5922697331562</y>
      <steeringAngle>0.0355333333333333</steeringAngle>
      <velocity>0.7999999999999972</velocity>
      <orientation>-1.4799151860966981</orientation>
      <time>14</time>
    </ksState>
    <ksState>
      <x>-954.2329557872015</x>
      <y>979.5524831582118</y>
      <steeringAngle>-2.5153490401663703e-17</steeringAngle>
      <velocity>-2.914335439641036e-15</velocity>
      <orientation>-1.479547674518167</orientation>
      <time>15</time>
    </ksState>
    <ksState>
      <x>-954.2329557872015</x>
      <y>979.5524831582118</y>
      <steeringAngle>0.0</steeringAngle>
      <velocity>0.0</velocity>
      <orientation>-1.479547674518167</orientation>
      <time>16</time>
    </ksState>
    <ksState>
      <x>-954.2329557872015</x>
      <y>979.5524831582118</y>
      <steeringAngle>0.0</steeringAngle>
      <velocity>0.0</velocity>
      <orientation>-1.479547674518167</orientation>
      <time>17</time>
    </ksState>
    <ksState>
      <x>-954.2329557872015</x>
      <y>979.5524831582118</y>
      <steeringAngle>0.0</steeringAngle>
      <velocity>0.0</velocity>
      <orientation>-1.479547674518167</orientation>
      <time>18</time>
    </ksState>
    <ksState>
      <x>-954.2329557872015</x>
      <y>979.5524831582118</y>
      <steeringAngle>0.0</steeringAngle>
      <velocity>0.0</velocity>
      <orientation>-1.479547674518167</orientation>
      <time>19</time>
    </ksState>
    <ksState>
      <x>-954.2329557872015</x>
      <y>979.5524831582118</y>
      <steeringAngle>0.0</steeringAngle>
      <velocity>0.0</velocity>
      <orientation>-1.479547674518167</orientation>
      <time>20</time>
    </ksState>
    <ksState>
      <x>-954.2329557872015</x>
      <y>979.5524831582118</y>
      <steeringAngle>0.0</steeringAngle>
      <velocity>0.0</velocity>
      <orientation>-1.479547674518167</orientation>
      <time>21</time>
    </ksState>
    <ksState>
      <x>-954.2329557872015</x>
      <y>979.5524831582118</y>
      <steeringAngle>0.0</steeringAngle>
      <velocity>0.0</velocity>
      <orientation>-1.479547674518167</orientation>
      <time>22</time>
    </ksState>
    <ksState>
      <x>-954.2329557872015</x>
      <y>979.5524831582118</y>
      <steeringAngle>0.0</steeringAngle>
      <velocity>0.0</velocity>
      <orientation>-1.479547674518167</orientation>
      <time>23</time>
    </ksState>
    <ksState>
      <x>-954.2329557872015</x>
      <y>979.5524831582118</y>
      <steeringAngle>0.0</steeringAngle>
      <velocity>0.0</velocity>
      <orientation>-1.479547674518167</orientation>
      <time>24</time>
    </ksState>
    <ksState>
      <x>-954.2329557872015</x>
      <y>979.5524831582118</y>
      <steeringAngle>0.0</steeringAngle>
      <velocity>0.0</velocity>
      <orientation>-1.479547674518167</orientation>
      <time>25</time>
    </ksState>
    <ksState>
      <x>-954.2329557872015</x>
      <y>979.5524831582118</y>
      <steeringAngle>0.0</steeringAngle>
      <velocity>0.0</velocity>
      <orientation>-1.479547674518167</orientation>
      <time>26</time>
    </ksState>
    <ksState>
      <x>-954.2329557872015</x>
      <y>979.5524831582118</y>
      <steeringAngle>0.0</steeringAngle>
      <velocity>0.0</velocity>
      <orientation>-1.479547674518167</orientation>
      <time>27</time>
    </ksState>
    <ksState>
      <x>-954.2329557872015</x>
      <y>979.5524831582118</y>
      <steeringAngle>0.0</steeringAngle>
      <velocity>0.0</velocity>
      <orientation>-1.479547674518167</orientation>
      <time>28</time>
    </ksState>
    <ksState>
      <x>-954.2329557872015</x>
      <y>979.5524831582118</y>
      <steeringAngle>0.0</steeringAngle>
      <velocity>0.0</velocity>
      <orientation>-1.479547674518167</orientation>
      <time>29</time>
    </ksState>
    <ksState>
      <x>-954.2329557872015</x>
      <y>979.5524831582118</y>
      <steeringAngle>0.0</steeringAngle>
      <velocity>0.0</velocity>
      <orientation>-1.479547674518167</orientation>
      <time>30</time>
    </ksState>
    <ksState>
      <x>-954.2329557872015</x>
      <y>979.5524831582118</y>
      <steeringAngle>0.0</steeringAngle>
      <velocity>0.0</velocity>
      <orientation>-1.479547674518167</orientation>
      <time>31</time>
    </ksState>
    <ksState>
      <x>-954.2329557872015</x>
      <y>979.5524831582118</y>
      <steeringAngle>0.0</steeringAngle>
      <velocity>0.0</velocity>
      <orientation>-1.479547674518167</orientation>
      <time>32</time>
    </ksState>
    <ksState>
      <x>-954.2329557872015</x>
      <y>979.5524831582118</y>
      <steeringAngle>0.0</steeringAngle>
      <velocity>0.0</velocity>
      <orientation>-1.479547674518167</orientation>
      <time>33</time>
    </ksState>
  </ksTrajectory>
</CommonRoadSolution>
