<?xml version="1.0" ?>
<CommonRoadSolution benchmark_id="KS2:SM1:DEU_Flensburg-93_1_T-1:2020a" computation_time="1.5652046759996665" date="2022-12-18T12:01:12">
  <ksTrajectory planningProblem="123">
    <ksState>
      <x>138.82356</x>
      <y>160.06064</y>
      <steeringAngle>0.0</steeringAngle>
      <velocity>12.0</velocity>
      <orientation>-2.7408675</orientation>
      <time>0</time>
    </ksState>
    <ksState>
      <x>137.71862596350013</x>
      <y>159.59253661934125</y>
      <steeringAngle>0.0</steeringAngle>
      <velocity>12.0</velocity>
      <orientation>-2.7408675</orientation>
      <time>1</time>
    </ksState>
    <ksState>
      <x>136.6136919270003</x>
      <y>159.12443323868249</y>
      <steeringAngle>0.0</steeringAngle>
      <velocity>12.0</velocity>
      <orientation>-2.7408675</orientation>
      <time>2</time>
    </ksState>
    <ksState>
      <x>135.50875789050045</x>
      <y>158.65632985802375</y>
      <steeringAngle>0.0</steeringAngle>
      <velocity>12.0</velocity>
      <orientation>-2.7408675</orientation>
      <time>3</time>
    </ksState>
    <ksState>
      <x>134.4038238540006</x>
      <y>158.188226477365</y>
      <steeringAngle>0.0</steeringAngle>
      <velocity>12.0</velocity>
      <orientation>-2.7408675</orientation>
      <time>4</time>
    </ksState>
    <ksState>
      <x>133.29888981750076</x>
      <y>157.72012309670623</y>
      <steeringAngle>0.0</steeringAngle>
      <velocity>12.0</velocity>
      <orientation>-2.7408675</orientation>
      <time>5</time>
    </ksState>
    <ksState>
      <x>132.1939557810009</x>
      <y>157.25201971604747</y>
      <steeringAngle>0.0</steeringAngle>
      <velocity>12.0</velocity>
      <orientation>-2.7408675</orientation>
      <time>6</time>
    </ksState>
    <ksState>
      <x>131.08902174450108</x>
      <y>156.7839163353887</y>
      <steeringAngle>0.0</steeringAngle>
      <velocity>12.0</velocity>
      <orientation>-2.7408675</orientation>
      <time>7</time>
    </ksState>
    <ksState>
      <x>129.98408770800123</x>
      <y>156.31581295472998</y>
      <steeringAngle>0.0</steeringAngle>
      <velocity>12.0</velocity>
      <orientation>-2.7408675</orientation>
      <time>8</time>
    </ksState>
    <ksState>
      <x>128.87915367150137</x>
      <y>155.84770957407122</y>
      <steeringAngle>0.0</steeringAngle>
      <velocity>12.0</velocity>
      <orientation>-2.7408675</orientation>
      <time>9</time>
    </ksState>
    <ksState>
      <x>127.77421963500154</x>
      <y>155.37960619341246</y>
      <steeringAngle>0.0</steeringAngle>
      <velocity>12.0</velocity>
      <orientation>-2.7408675</orientation>
      <time>10</time>
    </ksState>
    <ksState>
      <x>126.6692855985017</x>
      <y>154.9115028127537</y>
      <steeringAngle>0.0</steeringAngle>
      <velocity>12.0</velocity>
      <orientation>-2.7408675</orientation>
      <time>11</time>
    </ksState>
    <ksState>
      <x>125.56435156200185</x>
      <y>154.44339943209494</y>
      <steeringAngle>0.0</steeringAngle>
      <velocity>12.0</velocity>
      <orientation>-2.7408675</orientation>
      <time>12</time>
    </ksState>
    <ksState>
      <x>124.459417525502</x>
      <y>153.9752960514362</y>
      <steeringAngle>0.0</steeringAngle>
      <velocity>12.0</velocity>
      <orientation>-2.7408675</orientation>
      <time>13</time>
    </ksState>
    <ksState>
      <x>123.35448348900216</x>
      <y>153.50719267077744</y>
      <steeringAngle>0.0</steeringAngle>
      <velocity>12.0</velocity>
      <orientation>-2.7408675</orientation>
      <time>14</time>
    </ksState>
    <ksState>
      <x>122.24954945250231</x>
      <y>153.03908929011868</y>
      <steeringAngle>0.0</steeringAngle>
      <velocity>12.0</velocity>
      <orientation>-2.7408675</orientation>
      <time>15</time>
    </ksState>
    <ksState>
      <x>121.18144655100231</x>
      <y>152.58658935567246</y>
      <steeringAngle>0.0</steeringAngle>
      <velocity>11.200000000000001</velocity>
      <orientation>-2.7408675</orientation>
      <time>16</time>
    </ksState>
    <ksState>
      <x>120.18700591901752</x>
      <y>152.16529631344608</y>
      <steeringAngle>0.0</steeringAngle>
      <velocity>10.4</velocity>
      <orientation>-2.7408675</orientation>
      <time>17</time>
    </ksState>
    <ksState>
      <x>119.26622755626278</x>
      <y>151.7752101633187</y>
      <steeringAngle>0.0</steeringAngle>
      <velocity>9.599999999999998</velocity>
      <orientation>-2.7408675</orientation>
      <time>18</time>
    </ksState>
    <ksState>
      <x>118.41911146265703</x>
      <y>151.416330905256</y>
      <steeringAngle>0.0</steeringAngle>
      <velocity>8.799999999999999</velocity>
      <orientation>-2.7408675</orientation>
      <time>19</time>
    </ksState>
    <ksState>
      <x>117.64565763817376</x>
      <y>151.08865853924675</y>
      <steeringAngle>0.0</steeringAngle>
      <velocity>7.999999999999997</velocity>
      <orientation>-2.7408675</orientation>
      <time>20</time>
    </ksState>
    <ksState>
      <x>116.90903494717386</x>
      <y>150.77658961880758</y>
      <steeringAngle>0.0</steeringAngle>
      <velocity>8.0</velocity>
      <orientation>-2.7408675</orientation>
      <time>21</time>
    </ksState>
    <ksState>
      <x>116.17241225617397</x>
      <y>150.4645206983684</y>
      <steeringAngle>0.0</steeringAngle>
      <velocity>8.0</velocity>
      <orientation>-2.7408675</orientation>
      <time>22</time>
    </ksState>
    <ksState>
      <x>115.43578956517406</x>
      <y>150.15245177792923</y>
      <steeringAngle>0.0</steeringAngle>
      <velocity>8.0</velocity>
      <orientation>-2.7408675</orientation>
      <time>23</time>
    </ksState>
    <ksState>
      <x>114.69916687417417</x>
      <y>149.84038285749006</y>
      <steeringAngle>0.0</steeringAngle>
      <velocity>8.0</velocity>
      <orientation>-2.7408675</orientation>
      <time>24</time>
    </ksState>
    <ksState>
      <x>113.96254418317427</x>
      <y>149.5283139370509</y>
      <steeringAngle>0.0</steeringAngle>
      <velocity>8.0</velocity>
      <orientation>-2.7408675</orientation>
      <time>25</time>
    </ksState>
    <ksState>
      <x>113.26613117060674</x>
      <y>149.22392695568863</y>
      <steeringAngle>0.03553333333333333</steeringAngle>
      <velocity>7.199999999999999</velocity>
      <orientation>-2.7357224870175076</orientation>
      <time>26</time>
    </ksState>
    <ksState>
      <x>112.65103647889413</x>
      <y>148.93336681554632</y>
      <steeringAngle>0.07106666666666664</steeringAngle>
      <velocity>6.400000000000001</velocity>
      <orientation>-2.7217458148965443</orientation>
      <time>27</time>
    </ksState>
    <ksState>
      <x>112.1177745610148</x>
      <y>148.65685987743134</y>
      <steeringAngle>0.10659999999999997</steeringAngle>
      <velocity>5.600000000000004</velocity>
      <orientation>-2.701114047030663</orientation>
      <time>28</time>
    </ksState>
    <ksState>
      <x>111.66574555755291</x>
      <y>148.39741843958947</y>
      <steeringAngle>0.1421333333333333</steeringAngle>
      <velocity>4.800000000000003</velocity>
      <orientation>-2.6759978395220148</orientation>
      <time>29</time>
    </ksState>
    <ksState>
      <x>111.2932275117226</x>
      <y>148.16009437592996</y>
      <steeringAngle>0.17766666666666653</steeringAngle>
      <velocity>4.000000000000006</velocity>
      <orientation>-2.6485729429368647</orientation>
      <time>30</time>
    </ksState>
    <ksState>
      <x>110.92757830979026</x>
      <y>147.9122464360827</y>
      <steeringAngle>0.14213333333333333</steeringAngle>
      <velocity>4.8000000000000025</velocity>
      <orientation>-2.621148043218512</orientation>
      <time>31</time>
    </ksState>
    <ksState>
      <x>110.49803824709699</x>
      <y>147.61698311139764</y>
      <steeringAngle>0.10660000000000003</steeringAngle>
      <velocity>5.600000000000005</velocity>
      <orientation>-2.5960318309395944</orientation>
      <time>32</time>
    </ksState>
    <ksState>
      <x>110.00409323153275</x>
      <y>147.27508903710205</y>
      <steeringAngle>0.07106666666666671</steeringAngle>
      <velocity>6.400000000000004</velocity>
      <orientation>-2.575400061340135</orientation>
      <time>33</time>
    </ksState>
    <ksState>
      <x>109.44384770793108</x>
      <y>146.8891694172155</y>
      <steeringAngle>0.035533333333333375</steeringAngle>
      <velocity>7.200000000000006</velocity>
      <orientation>-2.5614233932473427</orientation>
      <time>34</time>
    </ksState>
    <ksState>
      <x>108.81367455543939</x>
      <y>146.4642650346748</y>
      <steeringAngle>2.6346112791397758e-17</steeringAngle>
      <velocity>8.000000000000007</velocity>
      <orientation>-2.556278380467774</orientation>
      <time>35</time>
    </ksState>
    <ksState>
      <x>108.14171896344448</x>
      <y>146.03007169345713</y>
      <steeringAngle>-0.03553333333333333</steeringAngle>
      <velocity>8.0</velocity>
      <orientation>-2.561790915470613</orientation>
      <time>36</time>
    </ksState>
    <ksState>
      <x>107.45652698258105</x>
      <y>145.6165296479527</y>
      <steeringAngle>-0.07106666666666667</steeringAngle>
      <velocity>8.0</velocity>
      <orientation>-2.5783424363508822</orientation>
      <time>37</time>
    </ksState>
    <ksState>
      <x>106.75415076274659</x>
      <y>145.23167381983794</y>
      <steeringAngle>-0.10659999999999997</steeringAngle>
      <velocity>8.0</velocity>
      <orientation>-2.6059749156415775</orientation>
      <time>38</time>
    </ksState>
    <ksState>
      <x>106.03157802539754</x>
      <y>144.88415370071738</y>
      <steeringAngle>-0.1421333333333333</steeringAngle>
      <velocity>8.0</velocity>
      <orientation>-2.644758767914312</orientation>
      <time>39</time>
    </ksState>
    <ksState>
      <x>105.2870493375158</x>
      <y>144.58331754970422</y>
      <steeringAngle>-0.17766666666666667</steeringAngle>
      <velocity>8.0</velocity>
      <orientation>-2.694793580163467</orientation>
      <time>40</time>
    </ksState>
    <ksState>
      <x>104.5277890799488</x>
      <y>144.32147047441114</y>
      <steeringAngle>-0.14213333333333336</steeringAngle>
      <velocity>8.0</velocity>
      <orientation>-2.744828391712215</orientation>
      <time>41</time>
    </ksState>
    <ksState>
      <x>103.7635213773622</x>
      <y>144.0786924105128</y>
      <steeringAngle>-0.1066000000000001</steeringAngle>
      <velocity>8.0</velocity>
      <orientation>-2.7836122437192126</orientation>
      <time>42</time>
    </ksState>
    <ksState>
      <x>102.99694532242415</x>
      <y>143.8464770228176</y>
      <steeringAngle>-0.07106666666666674</steeringAngle>
      <velocity>8.0</velocity>
      <orientation>-2.8112447227488997</orientation>
      <time>43</time>
    </ksState>
    <ksState>
      <x>102.23040218992892</x>
      <y>143.61628989252546</y>
      <steeringAngle>-0.035533333333333354</steeringAngle>
      <velocity>8.0</velocity>
      <orientation>-2.8277962433779287</orientation>
      <time>44</time>
    </ksState>
    <ksState>
      <x>101.46616569704378</x>
      <y>143.37961735876266</y>
      <steeringAngle>-2.0816681711721685e-17</steeringAngle>
      <velocity>8.0</velocity>
      <orientation>-2.8333087698363335</orientation>
      <time>45</time>
    </ksState>
    <ksState>
      <x>100.70672978529471</x>
      <y>143.12801197106825</y>
      <steeringAngle>0.03553333333333333</steeringAngle>
      <velocity>8.0</velocity>
      <orientation>-2.8277962348334946</orientation>
      <time>46</time>
    </ksState>
    <ksState>
      <x>99.95509399827704</x>
      <y>142.8531507011267</y>
      <steeringAngle>0.07106666666666667</steeringAngle>
      <velocity>8.0</velocity>
      <orientation>-2.8112447139532253</orientation>
      <time>47</time>
    </ksState>
    <ksState>
      <x>99.2150464330551</x>
      <y>142.546922087454</y>
      <steeringAngle>0.10659999999999997</steeringAngle>
      <velocity>8.0</velocity>
      <orientation>-2.78361223466253</orientation>
      <time>48</time>
    </ksState>
    <ksState>
      <x>98.49144038065984</x>
      <y>142.20155869204186</y>
      <steeringAngle>0.1421333333333333</steeringAngle>
      <velocity>8.0</velocity>
      <orientation>-2.7448283823897954</orientation>
      <time>49</time>
    </ksState>
    <ksState>
      <x>97.79045875156314</x>
      <y>141.80983160272544</y>
      <steeringAngle>0.17766666666666667</steeringAngle>
      <velocity>8.0</velocity>
      <orientation>-2.6947935701406407</orientation>
      <time>50</time>
    </ksState>
    <ksState>
      <x>97.11063155747557</x>
      <y>141.3821927179883</y>
      <steeringAngle>0.14213333333333336</steeringAngle>
      <velocity>8.0</velocity>
      <orientation>-2.6447587585918924</orientation>
      <time>51</time>
    </ksState>
    <ksState>
      <x>96.44252771861461</x>
      <y>140.93870250386115</y>
      <steeringAngle>0.1066000000000001</steeringAngle>
      <velocity>8.0</velocity>
      <orientation>-2.605974906584895</orientation>
      <time>52</time>
    </ksState>
    <ksState>
      <x>95.7812092642357</x>
      <y>140.4867946192379</y>
      <steeringAngle>0.07106666666666674</steeringAngle>
      <velocity>8.0</velocity>
      <orientation>-2.578342427555208</orientation>
      <time>53</time>
    </ksState>
    <ksState>
      <x>95.12149212420593</x>
      <y>140.03364146181903</y>
      <steeringAngle>0.035533333333333354</steeringAngle>
      <velocity>8.0</velocity>
      <orientation>-2.561790906926179</orientation>
      <time>54</time>
    </ksState>
    <ksState>
      <x>94.45816607328187</x>
      <y>139.58634977235835</y>
      <steeringAngle>2.0816681711721685e-17</steeringAngle>
      <velocity>8.0</velocity>
      <orientation>-2.556278380467774</orientation>
      <time>55</time>
    </ksState>
    <ksState>
      <x>93.78621048128696</x>
      <y>139.15215643114067</y>
      <steeringAngle>-0.03553333333333333</steeringAngle>
      <velocity>8.0</velocity>
      <orientation>-2.561790915470613</orientation>
      <time>56</time>
    </ksState>
    <ksState>
      <x>93.10101850042354</x>
      <y>138.73861438563623</y>
      <steeringAngle>-0.07106666666666667</steeringAngle>
      <velocity>8.0</velocity>
      <orientation>-2.5783424363508822</orientation>
      <time>57</time>
    </ksState>
    <ksState>
      <x>92.39864228058907</x>
      <y>138.35375855752147</y>
      <steeringAngle>-0.10659999999999997</steeringAngle>
      <velocity>8.0</velocity>
      <orientation>-2.6059749156415775</orientation>
      <time>58</time>
    </ksState>
    <ksState>
      <x>91.67606954324002</x>
      <y>138.0062384384009</y>
      <steeringAngle>-0.1421333333333333</steeringAngle>
      <velocity>8.0</velocity>
      <orientation>-2.644758767914312</orientation>
      <time>59</time>
    </ksState>
    <ksState>
      <x>90.93154085535828</x>
      <y>137.70540228738776</y>
      <steeringAngle>-0.17766666666666667</steeringAngle>
      <velocity>8.0</velocity>
      <orientation>-2.694793580163467</orientation>
      <time>60</time>
    </ksState>
    <ksState>
      <x>90.17228059779129</x>
      <y>137.44355521209468</y>
      <steeringAngle>-0.14213333333333336</steeringAngle>
      <velocity>8.0</velocity>
      <orientation>-2.744828391712215</orientation>
      <time>61</time>
    </ksState>
    <ksState>
      <x>89.40801289520468</x>
      <y>137.20077714819632</y>
      <steeringAngle>-0.1066000000000001</steeringAngle>
      <velocity>8.0</velocity>
      <orientation>-2.7836122437192126</orientation>
      <time>62</time>
    </ksState>
    <ksState>
      <x>88.64143684026664</x>
      <y>136.96856176050113</y>
      <steeringAngle>-0.07106666666666674</steeringAngle>
      <velocity>8.0</velocity>
      <orientation>-2.8112447227488997</orientation>
      <time>63</time>
    </ksState>
    <ksState>
      <x>87.8748937077714</x>
      <y>136.738374630209</y>
      <steeringAngle>-0.035533333333333354</steeringAngle>
      <velocity>8.0</velocity>
      <orientation>-2.8277962433779287</orientation>
      <time>64</time>
    </ksState>
    <ksState>
      <x>87.11065721488626</x>
      <y>136.5017020964462</y>
      <steeringAngle>-2.0816681711721685e-17</steeringAngle>
      <velocity>8.0</velocity>
      <orientation>-2.8333087698363335</orientation>
      <time>65</time>
    </ksState>
    <ksState>
      <x>86.3512213031372</x>
      <y>136.25009670875178</y>
      <steeringAngle>0.03553333333333333</steeringAngle>
      <velocity>8.0</velocity>
      <orientation>-2.8277962348334946</orientation>
      <time>66</time>
    </ksState>
    <ksState>
      <x>85.59958551611952</x>
      <y>135.97523543881024</y>
      <steeringAngle>0.07106666666666667</steeringAngle>
      <velocity>8.0</velocity>
      <orientation>-2.8112447139532253</orientation>
      <time>67</time>
    </ksState>
    <ksState>
      <x>84.85953795089758</x>
      <y>135.66900682513753</y>
      <steeringAngle>0.10659999999999997</steeringAngle>
      <velocity>8.0</velocity>
      <orientation>-2.78361223466253</orientation>
      <time>68</time>
    </ksState>
    <ksState>
      <x>84.13593189850232</x>
      <y>135.3236434297254</y>
      <steeringAngle>0.1421333333333333</steeringAngle>
      <velocity>8.0</velocity>
      <orientation>-2.7448283823897954</orientation>
      <time>69</time>
    </ksState>
    <ksState>
      <x>83.43495026940562</x>
      <y>134.93191634040897</y>
      <steeringAngle>0.17766666666666667</steeringAngle>
      <velocity>8.0</velocity>
      <orientation>-2.6947935701406407</orientation>
      <time>70</time>
    </ksState>
    <ksState>
      <x>82.75512307531805</x>
      <y>134.50427745567183</y>
      <steeringAngle>0.14213333333333336</steeringAngle>
      <velocity>8.0</velocity>
      <orientation>-2.6447587585918924</orientation>
      <time>71</time>
    </ksState>
    <ksState>
      <x>82.0870192364571</x>
      <y>134.0607872415447</y>
      <steeringAngle>0.1066000000000001</steeringAngle>
      <velocity>8.0</velocity>
      <orientation>-2.605974906584895</orientation>
      <time>72</time>
    </ksState>
    <ksState>
      <x>81.42570078207818</x>
      <y>133.60887935692145</y>
      <steeringAngle>0.07106666666666674</steeringAngle>
      <velocity>8.0</velocity>
      <orientation>-2.578342427555208</orientation>
      <time>73</time>
    </ksState>
    <ksState>
      <x>80.76598364204841</x>
      <y>133.15572619950257</y>
      <steeringAngle>0.035533333333333354</steeringAngle>
      <velocity>8.0</velocity>
      <orientation>-2.561790906926179</orientation>
      <time>74</time>
    </ksState>
    <ksState>
      <x>80.10265759112436</x>
      <y>132.70843451004188</y>
      <steeringAngle>2.0816681711721685e-17</steeringAngle>
      <velocity>8.0</velocity>
      <orientation>-2.556278380467774</orientation>
      <time>75</time>
    </ksState>
    <ksState>
      <x>79.43070199912944</x>
      <y>132.2742411688242</y>
      <steeringAngle>-0.03553333333333333</steeringAngle>
      <velocity>8.0</velocity>
      <orientation>-2.561790915470613</orientation>
      <time>76</time>
    </ksState>
    <ksState>
      <x>78.74551001826602</x>
      <y>131.86069912331976</y>
      <steeringAngle>-0.07106666666666667</steeringAngle>
      <velocity>8.0</velocity>
      <orientation>-2.5783424363508822</orientation>
      <time>77</time>
    </ksState>
    <ksState>
      <x>78.04313379843155</x>
      <y>131.475843295205</y>
      <steeringAngle>-0.10659999999999997</steeringAngle>
      <velocity>8.0</velocity>
      <orientation>-2.6059749156415775</orientation>
      <time>78</time>
    </ksState>
    <ksState>
      <x>77.3205610610825</x>
      <y>131.12832317608445</y>
      <steeringAngle>-0.1421333333333333</steeringAngle>
      <velocity>8.0</velocity>
      <orientation>-2.644758767914312</orientation>
      <time>79</time>
    </ksState>
    <ksState>
      <x>76.57603237320076</x>
      <y>130.8274870250713</y>
      <steeringAngle>-0.17766666666666667</steeringAngle>
      <velocity>8.0</velocity>
      <orientation>-2.694793580163467</orientation>
      <time>80</time>
    </ksState>
    <ksState>
      <x>75.84813257284016</x>
      <y>130.59435538632792</y>
      <steeringAngle>-0.21320000000000014</steeringAngle>
      <velocity>7.200000000000003</velocity>
      <orientation>-2.75304290723496</orientation>
      <time>81</time>
    </ksState>
    <ksState>
      <x>75.18061702884137</x>
      <y>130.4383612069128</y>
      <steeringAngle>-0.24873333333333347</steeringAngle>
      <velocity>6.400000000000004</velocity>
      <orientation>-2.814959994720739</orientation>
      <time>82</time>
    </ksState>
    <ksState>
      <x>74.58052455104817</x>
      <y>130.3498885873354</y>
      <steeringAngle>-0.2842666666666668</steeringAngle>
      <velocity>5.600000000000001</velocity>
      <orientation>-2.8783821374846603</orientation>
      <time>83</time>
    </ksState>
    <ksState>
      <x>74.05409589631948</x>
      <y>130.31693805293395</y>
      <steeringAngle>-0.3198</steeringAngle>
      <velocity>4.800000000000002</velocity>
      <orientation>-2.941111237226613</orientation>
      <time>84</time>
    </ksState>
    <ksState>
      <x>73.60615091397929</x>
      <y>130.32582588818872</y>
      <steeringAngle>-0.3553333333333332</steeringAngle>
      <velocity>4.000000000000001</velocity>
      <orientation>-3.0009010712748276</orientation>
      <time>85</time>
    </ksState>
    <ksState>
      <x>73.2404977952608</x>
      <y>130.3536670137809</y>
      <steeringAngle>-0.31979999999999975</steeringAngle>
      <velocity>3.2</velocity>
      <orientation>-3.050007631332616</orientation>
      <time>86</time>
    </ksState>
    <ksState>
      <x>72.95768426539965</x>
      <y>130.3810315825119</y>
      <steeringAngle>-0.2842666666666663</steeringAngle>
      <velocity>2.4000000000000004</velocity>
      <orientation>-3.0839398866988303</orientation>
      <time>87</time>
    </ksState>
    <ksState>
      <x>72.75648437724364</x>
      <y>130.4019113224658</y>
      <steeringAngle>-0.24873333333333292</steeringAngle>
      <velocity>1.6000000000000008</velocity>
      <orientation>-3.105212207645769</orientation>
      <time>88</time>
    </ksState>
    <ksState>
      <x>72.636056939754</x>
      <y>130.41392586293873</y>
      <steeringAngle>-0.21319999999999967</steeringAngle>
      <velocity>0.8000000000000008</velocity>
      <orientation>-3.116252798386824</orientation>
      <time>89</time>
    </ksState>
    <ksState>
      <x>72.595961202739</x>
      <y>130.4174805974299</y>
      <steeringAngle>-0.1776666666666663</steeringAngle>
      <velocity>6.661338147750939e-16</velocity>
      <orientation>-3.1194190359287024</orientation>
      <time>90</time>
    </ksState>
    <ksState>
      <x>72.595961202739</x>
      <y>130.4174805974299</y>
      <steeringAngle>-0.14213333333333336</steeringAngle>
      <velocity>0.0</velocity>
      <orientation>-3.1194190359287024</orientation>
      <time>91</time>
    </ksState>
    <ksState>
      <x>72.595961202739</x>
      <y>130.4174805974299</y>
      <steeringAngle>-0.10660000000000001</steeringAngle>
      <velocity>0.0</velocity>
      <orientation>-3.1194190359287024</orientation>
      <time>92</time>
    </ksState>
    <ksState>
      <x>72.595961202739</x>
      <y>130.4174805974299</y>
      <steeringAngle>-0.07106666666666668</steeringAngle>
      <velocity>0.0</velocity>
      <orientation>-3.1194190359287024</orientation>
      <time>93</time>
    </ksState>
    <ksState>
      <x>72.595961202739</x>
      <y>130.4174805974299</y>
      <steeringAngle>-0.03553333333333333</steeringAngle>
      <velocity>0.0</velocity>
      <orientation>-3.1194190359287024</orientation>
      <time>94</time>
    </ksState>
    <ksState>
      <x>72.595961202739</x>
      <y>130.4174805974299</y>
      <steeringAngle>-0.0</steeringAngle>
      <velocity>0.0</velocity>
      <orientation>-3.1194190359287024</orientation>
      <time>95</time>
    </ksState>
    <ksState>
      <x>72.55598285580909</x>
      <y>130.416065075139</y>
      <steeringAngle>0.03553333333333333</steeringAngle>
      <velocity>0.8</velocity>
      <orientation>-3.1190515041504603</orientation>
      <time>96</time>
    </ksState>
    <ksState>
      <x>72.4361038526305</x>
      <y>130.40955988218735</y>
      <steeringAngle>0.0710666666666667</steeringAngle>
      <velocity>1.6</velocity>
      <orientation>-3.116476657558475</orientation>
      <time>97</time>
    </ksState>
    <ksState>
      <x>72.23646981907581</x>
      <y>130.39392738481303</y>
      <steeringAngle>0.10660000000000003</steeringAngle>
      <velocity>2.4000000000000004</velocity>
      <orientation>-3.1094759533216374</orientation>
      <time>98</time>
    </ksState>
    <ksState>
      <x>71.9574380502039</x>
      <y>130.3636847928059</y>
      <steeringAngle>0.14213333333333342</steeringAngle>
      <velocity>3.2000000000000015</velocity>
      <orientation>-3.0958083123808176</orientation>
      <time>99</time>
    </ksState>
  </ksTrajectory>
</CommonRoadSolution>
