<?xml version="1.0" ?>
<CommonRoadSolution benchmark_id="KS2:SM1:DEU_Hennigsdorf-7_3_T-1:2020a" computation_time="1.2332936699999664" date="2022-12-18T12:01:12">
  <ksTrajectory planningProblem="1">
    <ksState>
      <x>-73.541297</x>
      <y>637.67587</y>
      <steeringAngle>0.0</steeringAngle>
      <velocity>12.0</velocity>
      <orientation>1.5527299</orientation>
      <time>0</time>
    </ksState>
    <ksState>
      <x>-73.50606569726665</x>
      <y>638.8353711535244</y>
      <steeringAngle>-0.03553333333333333</steeringAngle>
      <velocity>11.200000000000001</velocity>
      <orientation>1.544828626227656</orientation>
      <time>1</time>
    </ksState>
    <ksState>
      <x>-73.43571966301064</x>
      <y>639.9134807286501</y>
      <steeringAngle>-0.07106666666666667</steeringAngle>
      <velocity>10.400000000000007</velocity>
      <orientation>1.5225761954291661</orientation>
      <time>2</time>
    </ksState>
    <ksState>
      <x>-73.32257755422717</x>
      <y>640.9081606538869</y>
      <steeringAngle>-0.10660000000000001</steeringAngle>
      <velocity>9.60000000000001</velocity>
      <orientation>1.4881281845444945</orientation>
      <time>3</time>
    </ksState>
    <ksState>
      <x>-73.16424631120783</x>
      <y>641.8164973541277</y>
      <steeringAngle>-0.14213333333333344</steeringAngle>
      <velocity>8.800000000000008</velocity>
      <orientation>1.4436200524236495</orientation>
      <time>4</time>
    </ksState>
    <ksState>
      <x>-72.96300705378496</x>
      <y>642.6352662805858</y>
      <steeringAngle>-0.17766666666666675</steeringAngle>
      <velocity>8.000000000000009</velocity>
      <orientation>1.391177754608668</orientation>
      <time>5</time>
    </ksState>
    <ksState>
      <x>-72.72514605539989</x>
      <y>643.3616343868484</y>
      <steeringAngle>-0.21320000000000014</steeringAngle>
      <velocity>7.200000000000003</velocity>
      <orientation>1.3329284275371753</orientation>
      <time>6</time>
    </ksState>
    <ksState>
      <x>-72.4601935171496</x>
      <y>643.9938616703201</y>
      <steeringAngle>-0.24873333333333347</steeringAngle>
      <velocity>6.400000000000004</velocity>
      <orientation>1.2710113400513958</orientation>
      <time>7</time>
    </ksState>
    <ksState>
      <x>-72.18006607156829</x>
      <y>644.5318830458722</y>
      <steeringAngle>-0.2842666666666668</steeringAngle>
      <velocity>5.600000000000001</velocity>
      <orientation>1.2075891972874748</orientation>
      <time>8</time>
    </ksState>
    <ksState>
      <x>-71.89814350807936</x>
      <y>644.9776773195374</y>
      <steeringAngle>-0.3198</steeringAngle>
      <velocity>4.800000000000002</velocity>
      <orientation>1.144860097545522</orientation>
      <time>9</time>
    </ksState>
    <ksState>
      <x>-71.628337073097</x>
      <y>645.3353618012547</y>
      <steeringAngle>-0.3553333333333332</steeringAngle>
      <velocity>4.000000000000001</velocity>
      <orientation>1.0850702634973075</orientation>
      <time>10</time>
    </ksState>
    <ksState>
      <x>-71.3560347786038</x>
      <y>645.6406915922097</y>
      <steeringAngle>-0.39086666666666653</steeringAngle>
      <velocity>4.0</velocity>
      <orientation>1.0243498971913203</orientation>
      <time>11</time>
    </ksState>
    <ksState>
      <x>-71.05711996175155</x>
      <y>645.9229627678861</y>
      <steeringAngle>-0.42639999999999995</steeringAngle>
      <velocity>4.0</velocity>
      <orientation>0.9571802837349167</orientation>
      <time>12</time>
    </ksState>
    <ksState>
      <x>-70.73155527087467</x>
      <y>646.1777432225819</y>
      <steeringAngle>-0.4619333333333333</steeringAngle>
      <velocity>4.0</velocity>
      <orientation>0.8833597001025727</orientation>
      <time>13</time>
    </ksState>
    <ksState>
      <x>-70.38001180290134</x>
      <y>646.4001210564257</y>
      <steeringAngle>-0.49746666666666667</steeringAngle>
      <velocity>4.0</velocity>
      <orientation>0.8026591582893523</orientation>
      <time>14</time>
    </ksState>
    <ksState>
      <x>-70.00403700453927</x>
      <y>646.584748428555</y>
      <steeringAngle>-0.533</steeringAngle>
      <velocity>4.0</velocity>
      <orientation>0.7148192916895437</orientation>
      <time>15</time>
    </ksState>
    <ksState>
      <x>-69.65259073861307</x>
      <y>646.7216594596306</y>
      <steeringAngle>-0.4974666666666667</steeringAngle>
      <velocity>3.1999999999999993</velocity>
      <orientation>0.6356420885803042</orientation>
      <time>16</time>
    </ksState>
    <ksState>
      <x>-69.37667448996581</x>
      <y>646.8152111833024</y>
      <steeringAngle>-0.4619333333333334</steeringAngle>
      <velocity>2.3999999999999986</velocity>
      <orientation>0.5790349811780954</orientation>
      <time>17</time>
    </ksState>
    <ksState>
      <x>-69.1792580407342</x>
      <y>646.8768732286235</y>
      <steeringAngle>-0.4264000000000001</steeringAngle>
      <velocity>1.5999999999999979</velocity>
      <orientation>0.5420120209640368</orientation>
      <time>18</time>
    </ksState>
    <ksState>
      <x>-69.0612094431294</x>
      <y>646.9128725282607</y>
      <steeringAngle>-0.39086666666666675</steeringAngle>
      <velocity>0.7999999999999972</velocity>
      <orientation>0.5217520517412103</orientation>
      <time>19</time>
    </ksState>
    <ksState>
      <x>-69.02211222197236</x>
      <y>646.9250662686359</y>
      <steeringAngle>-0.3553333333333332</steeringAngle>
      <velocity>-2.914335439641036e-15</velocity>
      <orientation>0.5155740769938335</orientation>
      <time>20</time>
    </ksState>
    <ksState>
      <x>-69.02211222197236</x>
      <y>646.9250662686359</y>
      <steeringAngle>-0.3198</steeringAngle>
      <velocity>0.0</velocity>
      <orientation>0.5155740769938335</orientation>
      <time>21</time>
    </ksState>
    <ksState>
      <x>-69.02211222197236</x>
      <y>646.9250662686359</y>
      <steeringAngle>-0.2842666666666666</steeringAngle>
      <velocity>0.0</velocity>
      <orientation>0.5155740769938335</orientation>
      <time>22</time>
    </ksState>
    <ksState>
      <x>-69.02211222197236</x>
      <y>646.9250662686359</y>
      <steeringAngle>-0.24873333333333333</steeringAngle>
      <velocity>0.0</velocity>
      <orientation>0.5155740769938335</orientation>
      <time>23</time>
    </ksState>
    <ksState>
      <x>-69.02211222197236</x>
      <y>646.9250662686359</y>
      <steeringAngle>-0.21320000000000003</steeringAngle>
      <velocity>0.0</velocity>
      <orientation>0.5155740769938335</orientation>
      <time>24</time>
    </ksState>
    <ksState>
      <x>-69.02211222197236</x>
      <y>646.9250662686359</y>
      <steeringAngle>-0.1776666666666667</steeringAngle>
      <velocity>0.0</velocity>
      <orientation>0.5155740769938335</orientation>
      <time>25</time>
    </ksState>
    <ksState>
      <x>-68.98533561268862</x>
      <y>646.9412891125322</y>
      <steeringAngle>-0.17766666666666667</steeringAngle>
      <velocity>0.7999999999999999</velocity>
      <orientation>0.5127890281276974</orientation>
      <time>26</time>
    </ksState>
    <ksState>
      <x>-68.87473678740776</x>
      <y>646.9893423826561</y>
      <steeringAngle>-0.17766666666666667</steeringAngle>
      <velocity>1.6000000000000005</velocity>
      <orientation>0.5044338816118105</orientation>
      <time>27</time>
    </ksState>
    <ksState>
      <x>-68.68952563339272</x>
      <y>647.067372367923</y>
      <steeringAngle>-0.17766666666666667</steeringAngle>
      <velocity>2.4000000000000017</velocity>
      <orientation>0.4905086374583599</orientation>
      <time>28</time>
    </ksState>
    <ksState>
      <x>-68.42844286547442</x>
      <y>647.1722655810288</y>
      <steeringAngle>-0.17766666666666667</steeringAngle>
      <velocity>3.2000000000000024</velocity>
      <orientation>0.4710132956710337</orientation>
      <time>29</time>
    </ksState>
    <ksState>
      <x>-68.08984729309138</x>
      <y>647.2996150807302</y>
      <steeringAngle>-0.17766666666666667</steeringAngle>
      <velocity>4.000000000000002</velocity>
      <orientation>0.44594785625134137</orientation>
      <time>30</time>
    </ksState>
    <ksState>
      <x>-67.74816633687799</x>
      <y>647.4184384014329</y>
      <steeringAngle>-0.17766666666666667</steeringAngle>
      <velocity>3.2000000000000006</velocity>
      <orientation>0.42088241698316375</orientation>
      <time>31</time>
    </ksState>
    <ksState>
      <x>-67.48041873016749</x>
      <y>647.5049139295904</y>
      <steeringAngle>-0.17766666666666667</steeringAngle>
      <velocity>2.4000000000000012</velocity>
      <orientation>0.401387075353134</orientation>
      <time>32</time>
    </ksState>
    <ksState>
      <x>-67.28816353195441</x>
      <y>647.5634783267728</y>
      <steeringAngle>-0.17766666666666667</steeringAngle>
      <velocity>1.6000000000000005</velocity>
      <orientation>0.387461831354153</orientation>
      <time>33</time>
    </ksState>
  </ksTrajectory>
</CommonRoadSolution>
