<?xml version="1.0" ?>
<CommonRoadSolution benchmark_id="KS2:SM1:HRV_Pula-21_1_T-1:2020a" computation_time="1.4663630909999483" date="2022-12-18T12:01:12">
  <ksTrajectory planningProblem="1">
    <ksState>
      <x>-550.11679</x>
      <y>527.50491</y>
      <steeringAngle>0.0</steeringAngle>
      <velocity>4.0</velocity>
      <orientation>-3.0465395</orientation>
      <time>0</time>
    </ksState>
    <ksState>
      <x>-550.5543304692275</x>
      <y>527.4582629504384</y>
      <steeringAngle>0.035533333333333326</steeringAngle>
      <velocity>4.799999999999999</velocity>
      <orientation>-3.0434157213308093</orientation>
      <time>1</time>
    </ksState>
    <ksState>
      <x>-551.0699753044499</x>
      <y>527.3894412295995</y>
      <steeringAngle>0.07106666666666667</steeringAngle>
      <velocity>5.599999999999998</velocity>
      <orientation>-3.0325651102696365</orientation>
      <time>2</time>
    </ksState>
    <ksState>
      <x>-551.6622107254384</x>
      <y>527.2889594084613</y>
      <steeringAngle>0.10659999999999999</steeringAngle>
      <velocity>6.3999999999999995</velocity>
      <orientation>-3.0117481612693084</orientation>
      <time>3</time>
    </ksState>
    <ksState>
      <x>-552.3281269806103</x>
      <y>527.1437883120816</y>
      <steeringAngle>0.14213333333333333</steeringAngle>
      <velocity>7.199999999999999</velocity>
      <orientation>-2.9786885902881433</orientation>
      <time>4</time>
    </ksState>
    <ksState>
      <x>-553.0623950789836</x>
      <y>526.9368115162205</y>
      <steeringAngle>0.17766666666666664</steeringAngle>
      <velocity>7.9999999999999964</velocity>
      <orientation>-2.9310612682065966</orientation>
      <time>5</time>
    </ksState>
    <ksState>
      <x>-553.781064371885</x>
      <y>526.6766136534529</y>
      <steeringAngle>0.21320000000000014</steeringAngle>
      <velocity>7.200000000000003</velocity>
      <orientation>-2.8728119411351036</orientation>
      <time>6</time>
    </ksState>
    <ksState>
      <x>-554.4048004766588</x>
      <y>526.3922468883535</y>
      <steeringAngle>0.24873333333333347</steeringAngle>
      <velocity>6.400000000000004</velocity>
      <orientation>-2.8108948536493243</orientation>
      <time>7</time>
    </ksState>
    <ksState>
      <x>-554.9339066572393</x>
      <y>526.0956241717751</y>
      <steeringAngle>0.2842666666666668</steeringAngle>
      <velocity>5.600000000000001</velocity>
      <orientation>-2.747472710885403</orientation>
      <time>8</time>
    </ksState>
    <ksState>
      <x>-555.3707743153193</x>
      <y>525.8000577400538</y>
      <steeringAngle>0.3198</steeringAngle>
      <velocity>4.800000000000002</velocity>
      <orientation>-2.6847436111434506</orientation>
      <time>9</time>
    </ksState>
    <ksState>
      <x>-555.7199487610143</x>
      <y>525.5193249359627</y>
      <steeringAngle>0.3553333333333332</steeringAngle>
      <velocity>4.000000000000001</velocity>
      <orientation>-2.624953777095236</orientation>
      <time>10</time>
    </ksState>
    <ksState>
      <x>-556.0167163873277</x>
      <y>525.2377156378152</y>
      <steeringAngle>0.39086666666666653</steeringAngle>
      <velocity>4.0</velocity>
      <orientation>-2.5642334107892486</orientation>
      <time>11</time>
    </ksState>
    <ksState>
      <x>-556.2896138780002</x>
      <y>524.9302192249316</y>
      <steeringAngle>0.42639999999999995</steeringAngle>
      <velocity>4.0</velocity>
      <orientation>-2.497063797332845</orientation>
      <time>12</time>
    </ksState>
    <ksState>
      <x>-556.5342100903644</x>
      <y>524.5969353505275</y>
      <steeringAngle>0.4619333333333333</steeringAngle>
      <velocity>4.0</velocity>
      <orientation>-2.423243213700501</orientation>
      <time>13</time>
    </ksState>
    <ksState>
      <x>-556.7456162134629</x>
      <y>524.2386866073667</y>
      <steeringAngle>0.49746666666666667</steeringAngle>
      <velocity>4.0</velocity>
      <orientation>-2.342542671887281</orientation>
      <time>14</time>
    </ksState>
    <ksState>
      <x>-556.918534789746</x>
      <y>523.8571849933217</y>
      <steeringAngle>0.533</steeringAngle>
      <velocity>4.0</velocity>
      <orientation>-2.2547028052874722</orientation>
      <time>15</time>
    </ksState>
    <ksState>
      <x>-557.03634507227</x>
      <y>523.4960467642596</y>
      <steeringAngle>0.5685333333333333</steeringAngle>
      <velocity>3.199999999999999</velocity>
      <orientation>-2.1690839520906193</orientation>
      <time>16</time>
    </ksState>
    <ksState>
      <x>-557.0990592815409</x>
      <y>523.2046821290543</y>
      <steeringAngle>0.6040666666666664</steeringAngle>
      <velocity>2.3999999999999995</velocity>
      <orientation>-2.097090207277401</orientation>
      <time>17</time>
    </ksState>
    <ksState>
      <x>-557.1254641855564</x>
      <y>522.9913663535422</y>
      <steeringAngle>0.6395999999999996</steeringAngle>
      <velocity>1.5999999999999983</velocity>
      <orientation>-2.041640372501388</orientation>
      <time>18</time>
    </ksState>
    <ksState>
      <x>-557.132234869743</x>
      <y>522.8612105414513</y>
      <steeringAngle>0.675133333333333</steeringAngle>
      <velocity>0.7999999999999986</velocity>
      <orientation>-2.005863767582559</orientation>
      <time>19</time>
    </ksState>
    <ksState>
      <x>-557.1324001369959</x>
      <y>522.8173063937323</y>
      <steeringAngle>0.7106666666666662</steeringAngle>
      <velocity>-1.27675647831893e-15</velocity>
      <orientation>-1.993139570483951</orientation>
      <time>20</time>
    </ksState>
    <ksState>
      <x>-557.1324001369959</x>
      <y>522.8173063937323</y>
      <steeringAngle>0.6751333333333334</steeringAngle>
      <velocity>0.0</velocity>
      <orientation>-1.993139570483951</orientation>
      <time>21</time>
    </ksState>
    <ksState>
      <x>-557.1324001369959</x>
      <y>522.8173063937323</y>
      <steeringAngle>0.6396</steeringAngle>
      <velocity>0.0</velocity>
      <orientation>-1.993139570483951</orientation>
      <time>22</time>
    </ksState>
    <ksState>
      <x>-557.1324001369959</x>
      <y>522.8173063937323</y>
      <steeringAngle>0.6040666666666666</steeringAngle>
      <velocity>0.0</velocity>
      <orientation>-1.993139570483951</orientation>
      <time>23</time>
    </ksState>
    <ksState>
      <x>-557.1324001369959</x>
      <y>522.8173063937323</y>
      <steeringAngle>0.5685333333333333</steeringAngle>
      <velocity>0.0</velocity>
      <orientation>-1.993139570483951</orientation>
      <time>24</time>
    </ksState>
    <ksState>
      <x>-557.1324001369959</x>
      <y>522.8173063937323</y>
      <steeringAngle>0.5329999999999999</steeringAngle>
      <velocity>0.0</velocity>
      <orientation>-1.993139570483951</orientation>
      <time>25</time>
    </ksState>
    <ksState>
      <x>-557.1324001369959</x>
      <y>522.8173063937323</y>
      <steeringAngle>0.49746666666666667</steeringAngle>
      <velocity>0.0</velocity>
      <orientation>-1.993139570483951</orientation>
      <time>26</time>
    </ksState>
    <ksState>
      <x>-557.1324001369959</x>
      <y>522.8173063937323</y>
      <steeringAngle>0.4619333333333333</steeringAngle>
      <velocity>0.0</velocity>
      <orientation>-1.993139570483951</orientation>
      <time>27</time>
    </ksState>
    <ksState>
      <x>-557.1324001369959</x>
      <y>522.8173063937323</y>
      <steeringAngle>0.42639999999999995</steeringAngle>
      <velocity>0.0</velocity>
      <orientation>-1.993139570483951</orientation>
      <time>28</time>
    </ksState>
    <ksState>
      <x>-557.1324001369959</x>
      <y>522.8173063937323</y>
      <steeringAngle>0.3908666666666666</steeringAngle>
      <velocity>0.0</velocity>
      <orientation>-1.993139570483951</orientation>
      <time>29</time>
    </ksState>
    <ksState>
      <x>-557.1324001369959</x>
      <y>522.8173063937323</y>
      <steeringAngle>0.3553333333333333</steeringAngle>
      <velocity>0.0</velocity>
      <orientation>-1.993139570483951</orientation>
      <time>30</time>
    </ksState>
    <ksState>
      <x>-557.1406565671435</x>
      <y>522.7771934054299</y>
      <steeringAngle>0.39086666666666675</steeringAngle>
      <velocity>0.8</velocity>
      <orientation>-1.9869615948259258</orientation>
      <time>31</time>
    </ksState>
    <ksState>
      <x>-557.1615896377468</x>
      <y>522.6555751015595</y>
      <steeringAngle>0.4264</steeringAngle>
      <velocity>1.6000000000000005</velocity>
      <orientation>-1.9667016223656053</orientation>
      <time>32</time>
    </ksState>
    <ksState>
      <x>-557.1863734916341</x>
      <y>522.4502718082935</y>
      <steeringAngle>0.46193333333333314</steeringAngle>
      <velocity>2.4</velocity>
      <orientation>-1.929678660746037</orientation>
      <time>33</time>
    </ksState>
  </ksTrajectory>
</CommonRoadSolution>
