<?xml version="1.0" ?>
<CommonRoadSolution benchmark_id="KS2:SM1:BEL_Wervik-4_1_T-1:2020a" computation_time="1.4718205520002812" date="2022-12-18T12:01:12">
  <ksTrajectory planningProblem="1">
    <ksState>
      <x>399.004</x>
      <y>-547.5064</y>
      <steeringAngle>0.0</steeringAngle>
      <velocity>12.0</velocity>
      <orientation>-1.0115713</orientation>
      <time>0</time>
    </ksState>
    <ksState>
      <x>399.63149030659713</x>
      <y>-548.4820741694044</y>
      <steeringAngle>0.03553333333333333</steeringAngle>
      <velocity>11.200000000000001</velocity>
      <orientation>-1.0036700262276559</orientation>
      <time>1</time>
    </ksState>
    <ksState>
      <x>400.2471506920445</x>
      <y>-549.3698979752942</y>
      <steeringAngle>0.07106666666666667</steeringAngle>
      <velocity>10.400000000000007</velocity>
      <orientation>-0.981417595429166</orientation>
      <time>2</time>
    </ksState>
    <ksState>
      <x>400.8565150603751</x>
      <y>-550.1641676757472</y>
      <steeringAngle>0.10660000000000001</steeringAngle>
      <velocity>9.60000000000001</velocity>
      <orientation>-0.9469695845444942</orientation>
      <time>3</time>
    </ksState>
    <ksState>
      <x>401.4601336646455</x>
      <y>-550.8611532739479</y>
      <steeringAngle>0.14213333333333344</steeringAngle>
      <velocity>8.800000000000008</velocity>
      <orientation>-0.9024614524236494</orientation>
      <time>4</time>
    </ksState>
    <ksState>
      <x>402.0543902688557</x>
      <y>-551.4592660409191</y>
      <steeringAngle>0.17766666666666675</steeringAngle>
      <velocity>8.000000000000009</velocity>
      <orientation>-0.850019154608668</orientation>
      <time>5</time>
    </ksState>
    <ksState>
      <x>402.63243744445043</x>
      <y>-551.9593159815602</y>
      <steeringAngle>0.21320000000000014</steeringAngle>
      <velocity>7.200000000000003</velocity>
      <orientation>-0.7917698275371751</orientation>
      <time>6</time>
    </ksState>
    <ksState>
      <x>403.18521041115815</x>
      <y>-552.3647210046772</y>
      <steeringAngle>0.24873333333333347</steeringAngle>
      <velocity>6.400000000000004</velocity>
      <orientation>-0.7298527400513958</orientation>
      <time>7</time>
    </ksState>
    <ksState>
      <x>403.7024617478729</x>
      <y>-552.6815639326173</y>
      <steeringAngle>0.2842666666666668</steeringAngle>
      <velocity>5.600000000000001</velocity>
      <orientation>-0.6664305972874747</orientation>
      <time>8</time>
    </ksState>
    <ksState>
      <x>404.17374281193753</x>
      <y>-552.9184331473559</y>
      <steeringAngle>0.3198</steeringAngle>
      <velocity>4.800000000000002</velocity>
      <orientation>-0.6037014975455219</orientation>
      <time>9</time>
    </ksState>
    <ksState>
      <x>404.58925104851113</x>
      <y>-553.0860237382576</y>
      <steeringAngle>0.3553333333333332</steeringAngle>
      <velocity>4.000000000000001</velocity>
      <orientation>-0.5439116634973072</orientation>
      <time>10</time>
    </ksState>
    <ksState>
      <x>404.94046767280577</x>
      <y>-553.1965146168936</y>
      <steeringAngle>0.3908666666666668</steeringAngle>
      <velocity>3.2000000000000006</velocity>
      <orientation>-0.48936927672412467</orientation>
      <time>11</time>
    </ksState>
    <ksState>
      <x>405.22053117839914</x>
      <y>-553.2627653398449</y>
      <steeringAngle>0.4264</steeringAngle>
      <velocity>2.3999999999999995</velocity>
      <orientation>-0.44245963992760773</orientation>
      <time>12</time>
    </ksState>
    <ksState>
      <x>405.42432309012133</x>
      <y>-553.2973917547498</y>
      <steeringAngle>0.4619333333333332</steeringAngle>
      <velocity>1.5999999999999996</velocity>
      <orientation>-0.4056620154022109</orientation>
      <time>13</time>
    </ksState>
    <ksState>
      <x>405.54828233961365</x>
      <y>-553.3117770690166</y>
      <steeringAngle>0.49746666666666656</steeringAngle>
      <velocity>0.7999999999999986</velocity>
      <orientation>-0.3815685792522294</orientation>
      <time>14</time>
    </ksState>
    <ksState>
      <x>405.59000871689665</x>
      <y>-553.3150550387064</y>
      <steeringAngle>0.5329999999999998</steeringAngle>
      <velocity>-1.5265566588595902e-15</velocity>
      <orientation>-0.37290591311464866</orientation>
      <time>15</time>
    </ksState>
    <ksState>
      <x>405.59000871689665</x>
      <y>-553.3150550387064</y>
      <steeringAngle>0.49746666666666667</steeringAngle>
      <velocity>0.0</velocity>
      <orientation>-0.37290591311464866</orientation>
      <time>16</time>
    </ksState>
    <ksState>
      <x>405.59000871689665</x>
      <y>-553.3150550387064</y>
      <steeringAngle>0.4619333333333333</steeringAngle>
      <velocity>0.0</velocity>
      <orientation>-0.37290591311464866</orientation>
      <time>17</time>
    </ksState>
    <ksState>
      <x>405.59000871689665</x>
      <y>-553.3150550387064</y>
      <steeringAngle>0.42639999999999995</steeringAngle>
      <velocity>0.0</velocity>
      <orientation>-0.37290591311464866</orientation>
      <time>18</time>
    </ksState>
    <ksState>
      <x>405.59000871689665</x>
      <y>-553.3150550387064</y>
      <steeringAngle>0.3908666666666666</steeringAngle>
      <velocity>0.0</velocity>
      <orientation>-0.37290591311464866</orientation>
      <time>19</time>
    </ksState>
    <ksState>
      <x>405.59000871689665</x>
      <y>-553.3150550387064</y>
      <steeringAngle>0.3553333333333333</steeringAngle>
      <velocity>0.0</velocity>
      <orientation>-0.37290591311464866</orientation>
      <time>20</time>
    </ksState>
    <ksState>
      <x>405.59000871689665</x>
      <y>-553.3150550387064</y>
      <steeringAngle>0.3198</steeringAngle>
      <velocity>0.0</velocity>
      <orientation>-0.37290591311464866</orientation>
      <time>21</time>
    </ksState>
    <ksState>
      <x>405.59000871689665</x>
      <y>-553.3150550387064</y>
      <steeringAngle>0.2842666666666666</steeringAngle>
      <velocity>0.0</velocity>
      <orientation>-0.37290591311464866</orientation>
      <time>22</time>
    </ksState>
    <ksState>
      <x>405.59000871689665</x>
      <y>-553.3150550387064</y>
      <steeringAngle>0.24873333333333333</steeringAngle>
      <velocity>0.0</velocity>
      <orientation>-0.37290591311464866</orientation>
      <time>23</time>
    </ksState>
    <ksState>
      <x>405.59000871689665</x>
      <y>-553.3150550387064</y>
      <steeringAngle>0.21320000000000003</steeringAngle>
      <velocity>0.0</velocity>
      <orientation>-0.37290591311464866</orientation>
      <time>24</time>
    </ksState>
    <ksState>
      <x>405.59000871689665</x>
      <y>-553.3150550387064</y>
      <steeringAngle>0.1776666666666667</steeringAngle>
      <velocity>0.0</velocity>
      <orientation>-0.37290591311464866</orientation>
      <time>25</time>
    </ksState>
    <ksState>
      <x>405.59000871689665</x>
      <y>-553.3150550387064</y>
      <steeringAngle>0.14213333333333336</steeringAngle>
      <velocity>0.0</velocity>
      <orientation>-0.37290591311464866</orientation>
      <time>26</time>
    </ksState>
    <ksState>
      <x>405.59000871689665</x>
      <y>-553.3150550387064</y>
      <steeringAngle>0.10660000000000001</steeringAngle>
      <velocity>0.0</velocity>
      <orientation>-0.37290591311464866</orientation>
      <time>27</time>
    </ksState>
    <ksState>
      <x>405.59000871689665</x>
      <y>-553.3150550387064</y>
      <steeringAngle>0.07106666666666668</steeringAngle>
      <velocity>0.0</velocity>
      <orientation>-0.37290591311464866</orientation>
      <time>28</time>
    </ksState>
    <ksState>
      <x>405.59000871689665</x>
      <y>-553.3150550387064</y>
      <steeringAngle>0.03553333333333333</steeringAngle>
      <velocity>0.0</velocity>
      <orientation>-0.37290591311464866</orientation>
      <time>29</time>
    </ksState>
    <ksState>
      <x>405.59000871689665</x>
      <y>-553.3150550387064</y>
      <steeringAngle>0.0</steeringAngle>
      <velocity>0.0</velocity>
      <orientation>-0.37290591311464866</orientation>
      <time>30</time>
    </ksState>
    <ksState>
      <x>405.6274521786201</x>
      <y>-553.3291354897208</y>
      <steeringAngle>0.03553333333333333</steeringAngle>
      <velocity>0.8</velocity>
      <orientation>-0.3725383813364067</orientation>
      <time>31</time>
    </ksState>
    <ksState>
      <x>405.74060014658903</x>
      <y>-553.3692706399378</y>
      <steeringAngle>0.0710666666666667</steeringAngle>
      <velocity>1.6</velocity>
      <orientation>-0.36996353474442106</orientation>
      <time>32</time>
    </ksState>
    <ksState>
      <x>405.93087222399964</x>
      <y>-553.4316778421288</y>
      <steeringAngle>0.10660000000000003</steeringAngle>
      <velocity>2.4000000000000004</velocity>
      <orientation>-0.3629628305075838</orientation>
      <time>33</time>
    </ksState>
  </ksTrajectory>
</CommonRoadSolution>
