<?xml version="1.0" ?>
<CommonRoadSolution benchmark_id="KS2:SM1:DEU_Guetersloh-20_3_T-1:2020a" computation_time="0.5926055559998531" date="2022-12-18T12:01:12">
  <ksTrajectory planningProblem="1">
    <ksState>
      <x>886.99028</x>
      <y>182.83495</y>
      <steeringAngle>0.0</steeringAngle>
      <velocity>8.0</velocity>
      <orientation>-0.64337312</orientation>
      <time>0</time>
    </ksState>
    <ksState>
      <x>887.6359087814632</x>
      <y>182.3624971963071</y>
      <steeringAngle>0.03553333333333333</steeringAngle>
      <velocity>8.0</velocity>
      <orientation>-0.6378605849971613</orientation>
      <time>1</time>
    </ksState>
    <ksState>
      <x>888.2959499661848</x>
      <y>181.9098928342968</y>
      <steeringAngle>0.07106666666666667</steeringAngle>
      <velocity>8.0</velocity>
      <orientation>-0.6213090641168916</orientation>
      <time>2</time>
    </ksState>
    <ksState>
      <x>888.9748109886217</x>
      <y>181.4849292183966</y>
      <steeringAngle>0.10659999999999997</steeringAngle>
      <velocity>8.0</velocity>
      <orientation>-0.5936765848261967</orientation>
      <time>3</time>
    </ksState>
    <ksState>
      <x>889.6760009492332</x>
      <y>181.09606647514235</y>
      <steeringAngle>0.1421333333333333</steeringAngle>
      <velocity>8.0</velocity>
      <orientation>-0.5548927325534618</orientation>
      <time>4</time>
    </ksState>
    <ksState>
      <x>890.4018187607727</x>
      <y>180.75253501910478</y>
      <steeringAngle>0.17766666666666667</steeringAngle>
      <velocity>8.0</velocity>
      <orientation>-0.5048579203043071</orientation>
      <time>5</time>
    </ksState>
    <ksState>
      <x>891.1110706871759</x>
      <y>180.46952733482794</y>
      <steeringAngle>0.17766666666666667</steeringAngle>
      <velocity>7.2</velocity>
      <orientation>-0.45194199285992975</orientation>
      <time>6</time>
    </ksState>
    <ksState>
      <x>891.7575710205675</x>
      <y>180.24842232381386</y>
      <steeringAngle>0.17766666666666667</steeringAngle>
      <velocity>6.4</velocity>
      <orientation>-0.40459616306711854</orientation>
      <time>7</time>
    </ksState>
    <ksState>
      <x>892.336148803533</x>
      <y>180.07893072674293</y>
      <steeringAngle>0.17766666666666667</steeringAngle>
      <velocity>5.599999999999999</velocity>
      <orientation>-0.3628204309119338</orientation>
      <time>8</time>
    </ksState>
    <ksState>
      <x>892.8429369513569</x>
      <y>179.95169368205822</y>
      <steeringAngle>0.17766666666666667</steeringAngle>
      <velocity>4.799999999999999</velocity>
      <orientation>-0.3266147963904193</orientation>
      <time>9</time>
    </ksState>
    <ksState>
      <x>893.2751223986966</x>
      <y>179.85841901452318</y>
      <steeringAngle>0.17766666666666667</steeringAngle>
      <velocity>4.0</velocity>
      <orientation>-0.2959792595010893</orientation>
      <time>10</time>
    </ksState>
    <ksState>
      <x>893.6703322557765</x>
      <y>179.78514743117492</y>
      <steeringAngle>0.17766666666666667</steeringAngle>
      <velocity>4.0</velocity>
      <orientation>-0.2681287713458334</orientation>
      <time>11</time>
    </ksState>
    <ksState>
      <x>894.0674292698085</x>
      <y>179.72290961469</y>
      <steeringAngle>0.17766666666666667</steeringAngle>
      <velocity>4.0</velocity>
      <orientation>-0.24027828319057748</orientation>
      <time>12</time>
    </ksState>
    <ksState>
      <x>894.4661054205932</x>
      <y>179.67175384929263</y>
      <steeringAngle>0.17766666666666667</steeringAngle>
      <velocity>4.0</velocity>
      <orientation>-0.2124277950353216</orientation>
      <time>13</time>
    </ksState>
    <ksState>
      <x>894.8660514947558</x>
      <y>179.63171981117424</y>
      <steeringAngle>0.17766666666666667</steeringAngle>
      <velocity>4.0</velocity>
      <orientation>-0.18457730688006574</orientation>
      <time>14</time>
    </ksState>
    <ksState>
      <x>895.2669572943739</x>
      <y>179.60283855178034</y>
      <steeringAngle>0.17766666666666667</steeringAngle>
      <velocity>4.0</velocity>
      <orientation>-0.15672681872480992</orientation>
      <time>15</time>
    </ksState>
    <ksState>
      <x>895.6288340691088</x>
      <y>179.59018135176814</y>
      <steeringAngle>0.21319999999999997</steeringAngle>
      <velocity>3.2</velocity>
      <orientation>-0.1291852731613753</orientation>
      <time>16</time>
    </ksState>
    <ksState>
      <x>895.911124182159</x>
      <y>179.59349670047519</y>
      <steeringAngle>0.24873333333333342</steeringAngle>
      <velocity>2.4000000000000004</velocity>
      <orientation>-0.1037470427747258</orientation>
      <time>17</time>
    </ksState>
    <ksState>
      <x>896.1130384275822</x>
      <y>179.60468627995104</y>
      <steeringAngle>0.2842666666666668</steeringAngle>
      <velocity>1.600000000000001</velocity>
      <orientation>-0.0826721429841461</orientation>
      <time>18</time>
    </ksState>
    <ksState>
      <x>896.2342390247038</x>
      <y>179.61604694186855</y>
      <steeringAngle>0.3197999999999999</steeringAngle>
      <velocity>0.8000000000000007</velocity>
      <orientation>-0.06827371568344166</orientation>
      <time>19</time>
    </ksState>
    <ksState>
      <x>896.2746510261314</x>
      <y>179.62100637354695</y>
      <steeringAngle>0.3553333333333332</steeringAngle>
      <velocity>5.551115123125783e-16</velocity>
      <orientation>-0.06293207404771235</orientation>
      <time>20</time>
    </ksState>
    <ksState>
      <x>896.2746510261314</x>
      <y>179.62100637354695</y>
      <steeringAngle>0.3198</steeringAngle>
      <velocity>0.0</velocity>
      <orientation>-0.06293207404771235</orientation>
      <time>21</time>
    </ksState>
    <ksState>
      <x>896.2746510261314</x>
      <y>179.62100637354695</y>
      <steeringAngle>0.2842666666666666</steeringAngle>
      <velocity>0.0</velocity>
      <orientation>-0.06293207404771235</orientation>
      <time>22</time>
    </ksState>
    <ksState>
      <x>896.2746510261314</x>
      <y>179.62100637354695</y>
      <steeringAngle>0.24873333333333333</steeringAngle>
      <velocity>0.0</velocity>
      <orientation>-0.06293207404771235</orientation>
      <time>23</time>
    </ksState>
    <ksState>
      <x>896.2746510261314</x>
      <y>179.62100637354695</y>
      <steeringAngle>0.21320000000000003</steeringAngle>
      <velocity>0.0</velocity>
      <orientation>-0.06293207404771235</orientation>
      <time>24</time>
    </ksState>
    <ksState>
      <x>896.2746510261314</x>
      <y>179.62100637354695</y>
      <steeringAngle>0.1776666666666667</steeringAngle>
      <velocity>0.0</velocity>
      <orientation>-0.06293207404771235</orientation>
      <time>25</time>
    </ksState>
    <ksState>
      <x>896.2746510261314</x>
      <y>179.62100637354695</y>
      <steeringAngle>0.14213333333333336</steeringAngle>
      <velocity>0.0</velocity>
      <orientation>-0.06293207404771235</orientation>
      <time>26</time>
    </ksState>
    <ksState>
      <x>896.2746510261314</x>
      <y>179.62100637354695</y>
      <steeringAngle>0.10660000000000001</steeringAngle>
      <velocity>0.0</velocity>
      <orientation>-0.06293207404771235</orientation>
      <time>27</time>
    </ksState>
    <ksState>
      <x>896.2746510261314</x>
      <y>179.62100637354695</y>
      <steeringAngle>0.07106666666666668</steeringAngle>
      <velocity>0.0</velocity>
      <orientation>-0.06293207404771235</orientation>
      <time>28</time>
    </ksState>
    <ksState>
      <x>896.2746510261314</x>
      <y>179.62100637354695</y>
      <steeringAngle>0.03553333333333333</steeringAngle>
      <velocity>0.0</velocity>
      <orientation>-0.06293207404771235</orientation>
      <time>29</time>
    </ksState>
    <ksState>
      <x>896.2746510261314</x>
      <y>179.62100637354695</y>
      <steeringAngle>0.0</steeringAngle>
      <velocity>0.0</velocity>
      <orientation>-0.06293207404771235</orientation>
      <time>30</time>
    </ksState>
    <ksState>
      <x>896.2746510261314</x>
      <y>179.62100637354695</y>
      <steeringAngle>0.0</steeringAngle>
      <velocity>0.0</velocity>
      <orientation>-0.06293207404771235</orientation>
      <time>31</time>
    </ksState>
    <ksState>
      <x>896.2746510261314</x>
      <y>179.62100637354695</y>
      <steeringAngle>0.0</steeringAngle>
      <velocity>0.0</velocity>
      <orientation>-0.06293207404771235</orientation>
      <time>32</time>
    </ksState>
    <ksState>
      <x>896.2746510261314</x>
      <y>179.62100637354695</y>
      <steeringAngle>0.0</steeringAngle>
      <velocity>0.0</velocity>
      <orientation>-0.06293207404771235</orientation>
      <time>33</time>
    </ksState>
  </ksTrajectory>
</CommonRoadSolution>
