<?xml version="1.0" ?>
<CommonRoadSolution benchmark_id="KS2:SM1:ESP_SantBoideLlobregat-8_5_T-1:2020a" computation_time="1.3204415360005441" date="2022-12-18T12:01:12">
  <ksTrajectory planningProblem="1">
    <ksState>
      <x>-929.38261</x>
      <y>-884.70653</y>
      <steeringAngle>0.0</steeringAngle>
      <velocity>4.0</velocity>
      <orientation>0.11542666</orientation>
      <time>0</time>
    </ksState>
    <ksState>
      <x>-928.9847834417592</x>
      <y>-884.6647227948505</y>
      <steeringAngle>-0.035533333333333326</steeringAngle>
      <velocity>4.0</velocity>
      <orientation>0.1126703854673996</orientation>
      <time>1</time>
    </ksState>
    <ksState>
      <x>-928.5858827779957</x>
      <y>-884.6329167090362</y>
      <steeringAngle>-0.07106666666666711</steeringAngle>
      <velocity>4.0</velocity>
      <orientation>0.10439462492411418</orientation>
      <time>2</time>
    </ksState>
    <ksState>
      <x>-928.1858900355899</x>
      <y>-884.6133629853972</y>
      <steeringAngle>-0.10660000000000043</steeringAngle>
      <velocity>4.0</velocity>
      <orientation>0.09057838510497733</orientation>
      <time>3</time>
    </ksState>
    <ksState>
      <x>-927.784990075684</x>
      <y>-884.6083584218173</y>
      <steeringAngle>-0.14213333333333378</steeringAngle>
      <velocity>4.0</velocity>
      <orientation>0.0711864587194315</orientation>
      <time>4</time>
    </ksState>
    <ksState>
      <x>-927.3836127700437</x>
      <y>-884.6202437486082</y>
      <steeringAngle>-0.1776666666666672</steeringAngle>
      <velocity>4.0</velocity>
      <orientation>0.04616905226803418</orientation>
      <time>5</time>
    </ksState>
    <ksState>
      <x>-927.0223290549842</x>
      <y>-884.6399935999889</y>
      <steeringAngle>-0.1421333333333333</steeringAngle>
      <velocity>3.1999999999999993</velocity>
      <orientation>0.023559137294591866</orientation>
      <time>6</time>
    </ksState>
    <ksState>
      <x>-926.7417453176159</x>
      <y>-884.6548484439186</y>
      <steeringAngle>-0.10659999999999997</steeringAngle>
      <velocity>2.3999999999999977</velocity>
      <orientation>0.009891496423884524</orientation>
      <time>7</time>
    </ksState>
    <ksState>
      <x>-926.5414727907823</x>
      <y>-884.6635812117801</y>
      <steeringAngle>-0.07106666666666664</steeringAngle>
      <velocity>1.5999999999999976</velocity>
      <orientation>0.002890790570665387</orientation>
      <time>8</time>
    </ksState>
    <ksState>
      <x>-926.4213392492027</x>
      <y>-884.6670720417324</y>
      <steeringAngle>-0.0355333333333333</steeringAngle>
      <velocity>0.7999999999999972</velocity>
      <orientation>0.00031594609669811924</orientation>
      <time>9</time>
    </ksState>
    <ksState>
      <x>-926.3812965724723</x>
      <y>-884.6675923917414</y>
      <steeringAngle>2.5153490401663703e-17</steeringAngle>
      <velocity>-2.914335439641036e-15</velocity>
      <orientation>-5.156548183308379e-05</orientation>
      <time>10</time>
    </ksState>
    <ksState>
      <x>-926.3812965724723</x>
      <y>-884.6675923917414</y>
      <steeringAngle>0.0</steeringAngle>
      <velocity>0.0</velocity>
      <orientation>-5.156548183308379e-05</orientation>
      <time>11</time>
    </ksState>
    <ksState>
      <x>-926.3812965724723</x>
      <y>-884.6675923917414</y>
      <steeringAngle>0.0</steeringAngle>
      <velocity>0.0</velocity>
      <orientation>-5.156548183308379e-05</orientation>
      <time>12</time>
    </ksState>
    <ksState>
      <x>-926.3812965724723</x>
      <y>-884.6675923917414</y>
      <steeringAngle>0.0</steeringAngle>
      <velocity>0.0</velocity>
      <orientation>-5.156548183308379e-05</orientation>
      <time>13</time>
    </ksState>
    <ksState>
      <x>-926.3812965724723</x>
      <y>-884.6675923917414</y>
      <steeringAngle>0.0</steeringAngle>
      <velocity>0.0</velocity>
      <orientation>-5.156548183308379e-05</orientation>
      <time>14</time>
    </ksState>
    <ksState>
      <x>-926.3812965724723</x>
      <y>-884.6675923917414</y>
      <steeringAngle>0.0</steeringAngle>
      <velocity>0.0</velocity>
      <orientation>-5.156548183308379e-05</orientation>
      <time>15</time>
    </ksState>
    <ksState>
      <x>-926.3412965717454</x>
      <y>-884.6675944543607</y>
      <steeringAngle>0.0</steeringAngle>
      <velocity>0.8</velocity>
      <orientation>-5.156548183308379e-05</orientation>
      <time>16</time>
    </ksState>
    <ksState>
      <x>-926.2212965707499</x>
      <y>-884.6676006422186</y>
      <steeringAngle>0.0</steeringAngle>
      <velocity>1.6</velocity>
      <orientation>-5.156548183308379e-05</orientation>
      <time>17</time>
    </ksState>
    <ksState>
      <x>-926.0212965696609</x>
      <y>-884.667610955315</y>
      <steeringAngle>0.0</steeringAngle>
      <velocity>2.4000000000000004</velocity>
      <orientation>-5.156548183308379e-05</orientation>
      <time>18</time>
    </ksState>
    <ksState>
      <x>-925.7412965685313</x>
      <y>-884.66762539365</y>
      <steeringAngle>0.0</steeringAngle>
      <velocity>3.2000000000000006</velocity>
      <orientation>-5.156548183308379e-05</orientation>
      <time>19</time>
    </ksState>
    <ksState>
      <x>-925.381296567383</x>
      <y>-884.6676439572235</y>
      <steeringAngle>0.0</steeringAngle>
      <velocity>4.000000000000001</velocity>
      <orientation>-5.156548183308379e-05</orientation>
      <time>20</time>
    </ksState>
    <ksState>
      <x>-924.981296567383</x>
      <y>-884.6676645834162</y>
      <steeringAngle>0.0</steeringAngle>
      <velocity>4.0</velocity>
      <orientation>-5.156548183308379e-05</orientation>
      <time>21</time>
    </ksState>
    <ksState>
      <x>-924.581296567383</x>
      <y>-884.667685209609</y>
      <steeringAngle>0.0</steeringAngle>
      <velocity>4.0</velocity>
      <orientation>-5.156548183308379e-05</orientation>
      <time>22</time>
    </ksState>
    <ksState>
      <x>-924.1812965673829</x>
      <y>-884.6677058358017</y>
      <steeringAngle>0.0</steeringAngle>
      <velocity>4.0</velocity>
      <orientation>-5.156548183308379e-05</orientation>
      <time>23</time>
    </ksState>
    <ksState>
      <x>-923.7812965673829</x>
      <y>-884.6677264619944</y>
      <steeringAngle>0.0</steeringAngle>
      <velocity>4.0</velocity>
      <orientation>-5.156548183308379e-05</orientation>
      <time>24</time>
    </ksState>
    <ksState>
      <x>-923.381296567383</x>
      <y>-884.6677470881872</y>
      <steeringAngle>0.0</steeringAngle>
      <velocity>4.0</velocity>
      <orientation>-5.156548183308379e-05</orientation>
      <time>25</time>
    </ksState>
    <ksState>
      <x>-923.0212965684107</x>
      <y>-884.6677656517606</y>
      <steeringAngle>0.0</steeringAngle>
      <velocity>3.2</velocity>
      <orientation>-5.156548183308379e-05</orientation>
      <time>26</time>
    </ksState>
    <ksState>
      <x>-922.7412965695402</x>
      <y>-884.6677800900954</y>
      <steeringAngle>0.0</steeringAngle>
      <velocity>2.4000000000000004</velocity>
      <orientation>-5.156548183308379e-05</orientation>
      <time>27</time>
    </ksState>
    <ksState>
      <x>-922.5412965706697</x>
      <y>-884.6677904031917</y>
      <steeringAngle>0.0</steeringAngle>
      <velocity>1.6</velocity>
      <orientation>-5.156548183308379e-05</orientation>
      <time>28</time>
    </ksState>
    <ksState>
      <x>-922.4212965717587</x>
      <y>-884.6677965910495</y>
      <steeringAngle>0.0</steeringAngle>
      <velocity>0.7999999999999998</velocity>
      <orientation>-5.156548183308379e-05</orientation>
      <time>29</time>
    </ksState>
    <ksState>
      <x>-922.3812965727542</x>
      <y>-884.6677986536688</y>
      <steeringAngle>0.0</steeringAngle>
      <velocity>-3.3306690738754696e-16</velocity>
      <orientation>-5.156548183308379e-05</orientation>
      <time>30</time>
    </ksState>
    <ksState>
      <x>-922.3812965727542</x>
      <y>-884.6677986536688</y>
      <steeringAngle>0.0</steeringAngle>
      <velocity>0.0</velocity>
      <orientation>-5.156548183308379e-05</orientation>
      <time>31</time>
    </ksState>
    <ksState>
      <x>-922.3812965727542</x>
      <y>-884.6677986536688</y>
      <steeringAngle>0.0</steeringAngle>
      <velocity>0.0</velocity>
      <orientation>-5.156548183308379e-05</orientation>
      <time>32</time>
    </ksState>
    <ksState>
      <x>-922.3812965727542</x>
      <y>-884.6677986536688</y>
      <steeringAngle>0.0</steeringAngle>
      <velocity>0.0</velocity>
      <orientation>-5.156548183308379e-05</orientation>
      <time>33</time>
    </ksState>
  </ksTrajectory>
</CommonRoadSolution>
