<?xml version="1.0" ?>
<CommonRoadSolution benchmark_id="KS2:SM1:DEU_Flensburg-56_1_T-1:2020a" computation_time="2.465017683000042" date="2022-12-18T12:01:12">
  <ksTrajectory planningProblem="123">
    <ksState>
      <x>393.84628</x>
      <y>-103.24991</y>
      <steeringAngle>0.0</steeringAngle>
      <velocity>8.0</velocity>
      <orientation>-2.1070908</orientation>
      <time>0</time>
    </ksState>
    <ksState>
      <x>393.4375166346822</x>
      <y>-103.93759634650841</y>
      <steeringAngle>0.0</steeringAngle>
      <velocity>8.0</velocity>
      <orientation>-2.1070908</orientation>
      <time>1</time>
    </ksState>
    <ksState>
      <x>393.0287532693645</x>
      <y>-104.62528269301684</y>
      <steeringAngle>0.0</steeringAngle>
      <velocity>8.0</velocity>
      <orientation>-2.1070908</orientation>
      <time>2</time>
    </ksState>
    <ksState>
      <x>392.6199899040467</x>
      <y>-105.31296903952526</y>
      <steeringAngle>0.0</steeringAngle>
      <velocity>8.0</velocity>
      <orientation>-2.1070908</orientation>
      <time>3</time>
    </ksState>
    <ksState>
      <x>392.21122653872897</x>
      <y>-106.00065538603369</y>
      <steeringAngle>0.0</steeringAngle>
      <velocity>8.0</velocity>
      <orientation>-2.1070908</orientation>
      <time>4</time>
    </ksState>
    <ksState>
      <x>391.8024631734112</x>
      <y>-106.6883417325421</y>
      <steeringAngle>0.0</steeringAngle>
      <velocity>8.0</velocity>
      <orientation>-2.1070908</orientation>
      <time>5</time>
    </ksState>
    <ksState>
      <x>391.3936998080934</x>
      <y>-107.37602807905051</y>
      <steeringAngle>0.0</steeringAngle>
      <velocity>8.0</velocity>
      <orientation>-2.1070908</orientation>
      <time>6</time>
    </ksState>
    <ksState>
      <x>390.9849364427757</x>
      <y>-108.06371442555894</y>
      <steeringAngle>0.0</steeringAngle>
      <velocity>8.0</velocity>
      <orientation>-2.1070908</orientation>
      <time>7</time>
    </ksState>
    <ksState>
      <x>390.5761730774579</x>
      <y>-108.75140077206736</y>
      <steeringAngle>0.0</steeringAngle>
      <velocity>8.0</velocity>
      <orientation>-2.1070908</orientation>
      <time>8</time>
    </ksState>
    <ksState>
      <x>390.16740971214017</x>
      <y>-109.43908711857578</y>
      <steeringAngle>0.0</steeringAngle>
      <velocity>8.0</velocity>
      <orientation>-2.1070908</orientation>
      <time>9</time>
    </ksState>
    <ksState>
      <x>389.7586463468224</x>
      <y>-110.1267734650842</y>
      <steeringAngle>0.0</steeringAngle>
      <velocity>8.0</velocity>
      <orientation>-2.1070908</orientation>
      <time>10</time>
    </ksState>
    <ksState>
      <x>389.36292895141867</x>
      <y>-110.77565732331392</y>
      <steeringAngle>-0.03553333333333333</steeringAngle>
      <velocity>7.199999999999999</velocity>
      <orientation>-2.112235812982492</orientation>
      <time>11</time>
    </ksState>
    <ksState>
      <x>388.9919020608858</x>
      <y>-111.34583775205034</y>
      <steeringAngle>-0.07106666666666664</steeringAngle>
      <velocity>6.400000000000001</velocity>
      <orientation>-2.1262124851034554</orientation>
      <time>12</time>
    </ksState>
    <ksState>
      <x>388.64585948966624</x>
      <y>-111.8368356123205</y>
      <steeringAngle>-0.10659999999999997</steeringAngle>
      <velocity>5.600000000000004</velocity>
      <orientation>-2.146844252969337</orientation>
      <time>13</time>
    </ksState>
    <ksState>
      <x>388.3277048231445</x>
      <y>-112.24965238500613</y>
      <steeringAngle>-0.1421333333333333</steeringAngle>
      <velocity>4.800000000000003</velocity>
      <orientation>-2.171960460477985</orientation>
      <time>14</time>
    </ksState>
    <ksState>
      <x>388.04221085190574</x>
      <y>-112.58667701028955</y>
      <steeringAngle>-0.17766666666666653</steeringAngle>
      <velocity>4.000000000000006</velocity>
      <orientation>-2.199385357063135</orientation>
      <time>15</time>
    </ksState>
    <ksState>
      <x>387.7472179204972</x>
      <y>-112.915473467964</y>
      <steeringAngle>-0.14213333333333333</steeringAngle>
      <velocity>4.8000000000000025</velocity>
      <orientation>-2.2268102567814876</orientation>
      <time>16</time>
    </ksState>
    <ksState>
      <x>387.3966095291595</x>
      <y>-113.30116615947662</y>
      <steeringAngle>-0.10660000000000003</steeringAngle>
      <velocity>5.600000000000005</velocity>
      <orientation>-2.2519264690604053</orientation>
      <time>17</time>
    </ksState>
    <ksState>
      <x>386.9910936319099</x>
      <y>-113.74437050683467</y>
      <steeringAngle>-0.07106666666666671</steeringAngle>
      <velocity>6.400000000000004</velocity>
      <orientation>-2.272558238659865</orientation>
      <time>18</time>
    </ksState>
    <ksState>
      <x>386.532995336162</x>
      <y>-114.24731677748584</y>
      <steeringAngle>-0.035533333333333375</steeringAngle>
      <velocity>7.200000000000006</velocity>
      <orientation>-2.286534906752657</orientation>
      <time>19</time>
    </ksState>
    <ksState>
      <x>386.0268189519324</x>
      <y>-114.81428009593935</y>
      <steeringAngle>-2.6346112791397758e-17</steeringAngle>
      <velocity>8.000000000000007</velocity>
      <orientation>-2.2916799195322257</orientation>
      <time>20</time>
    </ksState>
    <ksState>
      <x>385.51872624144136</x>
      <y>-115.37950953257737</y>
      <steeringAngle>-0.03553333333333333</steeringAngle>
      <velocity>7.199999999999999</velocity>
      <orientation>-2.296824932514718</orientation>
      <time>21</time>
    </ksState>
    <ksState>
      <x>385.04935002320644</x>
      <y>-115.87190433410152</y>
      <steeringAngle>-0.07106666666666664</steeringAngle>
      <velocity>6.400000000000001</velocity>
      <orientation>-2.310801604635681</orientation>
      <time>22</time>
    </ksState>
    <ksState>
      <x>384.61906706271225</x>
      <y>-116.2910474287535</y>
      <steeringAngle>-0.10659999999999997</steeringAngle>
      <velocity>5.600000000000004</velocity>
      <orientation>-2.3314333725015626</orientation>
      <time>23</time>
    </ksState>
    <ksState>
      <x>384.23054780404846</x>
      <y>-116.63845621575743</y>
      <steeringAngle>-0.1421333333333333</steeringAngle>
      <velocity>4.800000000000003</velocity>
      <orientation>-2.3565495800102108</orientation>
      <time>24</time>
    </ksState>
    <ksState>
      <x>383.8880454840212</x>
      <y>-116.91735506200281</y>
      <steeringAngle>-0.17766666666666653</steeringAngle>
      <velocity>4.000000000000006</velocity>
      <orientation>-2.3839744765953608</orientation>
      <time>25</time>
    </ksState>
    <ksState>
      <x>383.56387976203416</x>
      <y>-117.15567387694189</y>
      <steeringAngle>-0.21319999999999995</steeringAngle>
      <velocity>4.0</velocity>
      <orientation>-2.414682259232861</orientation>
      <time>26</time>
    </ksState>
    <ksState>
      <x>383.22655645624627</x>
      <y>-117.3767356998261</y>
      <steeringAngle>-0.24873333333333336</steeringAngle>
      <velocity>4.0</velocity>
      <orientation>-2.4511611003555553</orientation>
      <time>27</time>
    </ksState>
    <ksState>
      <x>382.87561410380346</x>
      <y>-117.57778558913215</y>
      <steeringAngle>-0.2842666666666667</steeringAngle>
      <velocity>4.0</velocity>
      <orientation>-2.493508334201003</orientation>
      <time>28</time>
    </ksState>
    <ksState>
      <x>382.5109578388939</x>
      <y>-117.75581390681367</y>
      <steeringAngle>-0.31980000000000003</steeringAngle>
      <velocity>4.0</velocity>
      <orientation>-2.5418390155681383</orientation>
      <time>29</time>
    </ksState>
    <ksState>
      <x>382.1329359847564</x>
      <y>-117.90756115548906</y>
      <steeringAngle>-0.35533333333333333</steeringAngle>
      <velocity>4.0</velocity>
      <orientation>-2.5962872167464166</orientation>
      <time>30</time>
    </ksState>
    <ksState>
      <x>381.7818737007909</x>
      <y>-118.01854144301615</y>
      <steeringAngle>-0.3908666666666668</steeringAngle>
      <velocity>3.2000000000000006</velocity>
      <orientation>-2.650829603519599</orientation>
      <time>31</time>
    </ksState>
    <ksState>
      <x>381.50190280568563</x>
      <y>-118.08518244654094</y>
      <steeringAngle>-0.4264</steeringAngle>
      <velocity>2.3999999999999995</velocity>
      <orientation>-2.6977392403161162</orientation>
      <time>32</time>
    </ksState>
    <ksState>
      <x>381.2981593532655</x>
      <y>-118.12009286745585</y>
      <steeringAngle>-0.4619333333333332</steeringAngle>
      <velocity>1.5999999999999996</velocity>
      <orientation>-2.734536864841513</orientation>
      <time>33</time>
    </ksState>
    <ksState>
      <x>381.17422027403614</x>
      <y>-118.13465093879219</y>
      <steeringAngle>-0.49746666666666656</steeringAngle>
      <velocity>0.7999999999999986</velocity>
      <orientation>-2.7586303009914945</orientation>
      <time>34</time>
    </ksState>
    <ksState>
      <x>381.13249850602733</x>
      <y>-118.1379870623917</y>
      <steeringAngle>-0.5329999999999998</steeringAngle>
      <velocity>-1.5265566588595902e-15</velocity>
      <orientation>-2.7672929671290754</orientation>
      <time>35</time>
    </ksState>
    <ksState>
      <x>381.090238793926</x>
      <y>-118.13962613276546</y>
      <steeringAngle>-0.568533333333333</steeringAngle>
      <velocity>0.8</velocity>
      <orientation>-2.7769467527452893</orientation>
      <time>36</time>
    </ksState>
    <ksState>
      <x>380.96238302875696</x>
      <y>-118.1391952213116</y>
      <steeringAngle>-0.604066666666666</steeringAngle>
      <velocity>1.5999999999999996</velocity>
      <orientation>-2.8079903573316547</orientation>
      <time>37</time>
    </ksState>
    <ksState>
      <x>380.7478420190019</x>
      <y>-118.1238542436604</y>
      <steeringAngle>-0.6395999999999995</steeringAngle>
      <velocity>2.4000000000000004</velocity>
      <orientation>-2.863718307145325</orientation>
      <time>38</time>
    </ksState>
    <ksState>
      <x>380.4477985828794</x>
      <y>-118.07329325566248</y>
      <steeringAngle>-0.675133333333333</steeringAngle>
      <velocity>3.200000000000002</velocity>
      <orientation>-2.947685752725675</orientation>
      <time>39</time>
    </ksState>
    <ksState>
      <x>380.0689952324992</x>
      <y>-117.95875737758342</y>
      <steeringAngle>-0.7106666666666663</steeringAngle>
      <velocity>4.000000000000001</velocity>
      <orientation>-3.0637554960968063</orientation>
      <time>40</time>
    </ksState>
    <ksState>
      <x>379.7059950435641</x>
      <y>-117.80062151837525</y>
      <steeringAngle>-0.6751333333333334</steeringAngle>
      <velocity>3.1999999999999984</velocity>
      <orientation>-3.1798252386400203</orientation>
      <time>41</time>
    </ksState>
    <ksState>
      <x>379.43655866926304</x>
      <y>-117.6590061028382</y>
      <steeringAngle>-0.6395999999999997</steeringAngle>
      <velocity>2.3999999999999986</velocity>
      <orientation>-3.2637926829606396</orientation>
      <time>42</time>
    </ksState>
    <ksState>
      <x>379.25069402345554</x>
      <y>-117.55065751188472</y>
      <steeringAngle>-0.6040666666666666</steeringAngle>
      <velocity>1.5999999999999988</velocity>
      <orientation>-3.319520631238108</orientation>
      <time>43</time>
    </ksState>
    <ksState>
      <x>379.1414320534098</x>
      <y>-117.48422538733342</y>
      <steeringAngle>-0.5685333333333333</steeringAngle>
      <velocity>0.7999999999999987</velocity>
      <orientation>-3.3505642330118537</orientation>
      <time>44</time>
    </ksState>
    <ksState>
      <x>379.10525746478004</x>
      <y>-117.46231465021293</y>
      <steeringAngle>-0.5330000000000004</steeringAngle>
      <velocity>-1.2212453270876722e-15</velocity>
      <orientation>-3.3602180147821894</orientation>
      <time>45</time>
    </ksState>
    <ksState>
      <x>379.10525746478004</x>
      <y>-117.46231465021293</y>
      <steeringAngle>-0.49746666666666667</steeringAngle>
      <velocity>0.0</velocity>
      <orientation>-3.3602180147821894</orientation>
      <time>46</time>
    </ksState>
    <ksState>
      <x>379.10525746478004</x>
      <y>-117.46231465021293</y>
      <steeringAngle>-0.4619333333333333</steeringAngle>
      <velocity>0.0</velocity>
      <orientation>-3.3602180147821894</orientation>
      <time>47</time>
    </ksState>
    <ksState>
      <x>379.10525746478004</x>
      <y>-117.46231465021293</y>
      <steeringAngle>-0.42639999999999995</steeringAngle>
      <velocity>0.0</velocity>
      <orientation>-3.3602180147821894</orientation>
      <time>48</time>
    </ksState>
    <ksState>
      <x>379.10525746478004</x>
      <y>-117.46231465021293</y>
      <steeringAngle>-0.3908666666666666</steeringAngle>
      <velocity>0.0</velocity>
      <orientation>-3.3602180147821894</orientation>
      <time>49</time>
    </ksState>
    <ksState>
      <x>379.10525746478004</x>
      <y>-117.46231465021293</y>
      <steeringAngle>-0.3553333333333333</steeringAngle>
      <velocity>0.0</velocity>
      <orientation>-3.3602180147821894</orientation>
      <time>50</time>
    </ksState>
    <ksState>
      <x>379.06790139860794</x>
      <y>-117.44611897076825</y>
      <steeringAngle>-0.3198</steeringAngle>
      <velocity>0.8</velocity>
      <orientation>-3.365559654932964</orientation>
      <time>51</time>
    </ksState>
    <ksState>
      <x>378.9557917934332</x>
      <y>-117.39866860284965</y>
      <steeringAngle>-0.28426666666666656</steeringAngle>
      <velocity>1.6000000000000003</velocity>
      <orientation>-3.379958082661237</orientation>
      <time>52</time>
    </ksState>
    <ksState>
      <x>378.769356836339</x>
      <y>-117.32029483087165</y>
      <steeringAngle>-0.24873333333333336</steeringAngle>
      <velocity>2.4000000000000012</velocity>
      <orientation>-3.401032993384302</orientation>
      <time>53</time>
    </ksState>
    <ksState>
      <x>378.5094240254817</x>
      <y>-117.21008001109905</y>
      <steeringAngle>-0.2131999999999999</steeringAngle>
      <velocity>3.200000000000001</velocity>
      <orientation>-3.4264712313015417</orientation>
      <time>54</time>
    </ksState>
    <ksState>
      <x>378.1769444618351</x>
      <y>-117.06656514175717</y>
      <steeringAngle>-0.17766666666666672</steeringAngle>
      <velocity>4.000000000000001</velocity>
      <orientation>-3.4540127656213615</orientation>
      <time>55</time>
    </ksState>
    <ksState>
      <x>377.77272380507674</x>
      <y>-116.8884258681252</y>
      <steeringAngle>-0.14213333333333333</steeringAngle>
      <velocity>4.8000000000000025</velocity>
      <orientation>-3.481437665339714</orientation>
      <time>56</time>
    </ksState>
    <ksState>
      <x>377.2971346721859</x>
      <y>-116.67511840684274</y>
      <steeringAngle>-0.10660000000000003</steeringAngle>
      <velocity>5.600000000000005</velocity>
      <orientation>-3.506553877618632</orientation>
      <time>57</time>
    </ksState>
    <ksState>
      <x>376.74981226790914</x>
      <y>-116.4275069729066</y>
      <steeringAngle>-0.07106666666666671</steeringAngle>
      <velocity>6.400000000000004</velocity>
      <orientation>-3.5271856472180914</orientation>
      <time>58</time>
    </ksState>
    <ksState>
      <x>376.1293598113866</x>
      <y>-116.14849487832244</y>
      <steeringAngle>-0.035533333333333375</steeringAngle>
      <velocity>7.200000000000006</velocity>
      <orientation>-3.5411623153108835</orientation>
      <time>59</time>
    </ksState>
    <ksState>
      <x>375.4331145953139</x>
      <y>-115.84369242505235</y>
      <steeringAngle>-2.6346112791397758e-17</steeringAngle>
      <velocity>8.000000000000007</velocity>
      <orientation>-3.5463073280904522</orientation>
      <time>60</time>
    </ksState>
    <ksState>
      <x>374.69774276863274</x>
      <y>-115.52868722426415</y>
      <steeringAngle>0.0</steeringAngle>
      <velocity>8.0</velocity>
      <orientation>-3.5463073280904522</orientation>
      <time>61</time>
    </ksState>
    <ksState>
      <x>373.9623709419516</x>
      <y>-115.21368202347594</y>
      <steeringAngle>0.0</steeringAngle>
      <velocity>8.0</velocity>
      <orientation>-3.5463073280904522</orientation>
      <time>62</time>
    </ksState>
    <ksState>
      <x>373.2269991152704</x>
      <y>-114.89867682268772</y>
      <steeringAngle>0.0</steeringAngle>
      <velocity>8.0</velocity>
      <orientation>-3.5463073280904522</orientation>
      <time>63</time>
    </ksState>
    <ksState>
      <x>372.49162728858926</x>
      <y>-114.58367162189951</y>
      <steeringAngle>0.0</steeringAngle>
      <velocity>8.0</velocity>
      <orientation>-3.5463073280904522</orientation>
      <time>64</time>
    </ksState>
    <ksState>
      <x>371.7562554619081</x>
      <y>-114.2686664211113</y>
      <steeringAngle>0.0</steeringAngle>
      <velocity>8.0</velocity>
      <orientation>-3.5463073280904522</orientation>
      <time>65</time>
    </ksState>
    <ksState>
      <x>371.02088363522694</x>
      <y>-113.9536612203231</y>
      <steeringAngle>0.0</steeringAngle>
      <velocity>8.0</velocity>
      <orientation>-3.5463073280904522</orientation>
      <time>66</time>
    </ksState>
    <ksState>
      <x>370.2855118085458</x>
      <y>-113.63865601953489</y>
      <steeringAngle>0.0</steeringAngle>
      <velocity>8.0</velocity>
      <orientation>-3.5463073280904522</orientation>
      <time>67</time>
    </ksState>
    <ksState>
      <x>369.5501399818646</x>
      <y>-113.32365081874667</y>
      <steeringAngle>0.0</steeringAngle>
      <velocity>8.0</velocity>
      <orientation>-3.5463073280904522</orientation>
      <time>68</time>
    </ksState>
    <ksState>
      <x>368.81476815518346</x>
      <y>-113.00864561795846</y>
      <steeringAngle>0.0</steeringAngle>
      <velocity>8.0</velocity>
      <orientation>-3.5463073280904522</orientation>
      <time>69</time>
    </ksState>
    <ksState>
      <x>368.0793963285023</x>
      <y>-112.69364041717026</y>
      <steeringAngle>0.0</steeringAngle>
      <velocity>8.0</velocity>
      <orientation>-3.5463073280904522</orientation>
      <time>70</time>
    </ksState>
    <ksState>
      <x>367.3403797377451</x>
      <y>-112.3872050181764</y>
      <steeringAngle>0.03553333333333333</steeringAngle>
      <velocity>8.0</velocity>
      <orientation>-3.5407947930876134</orientation>
      <time>71</time>
    </ksState>
    <ksState>
      <x>366.592051406927</x>
      <y>-112.10346255865623</y>
      <steeringAngle>0.07106666666666667</steeringAngle>
      <velocity>8.0</velocity>
      <orientation>-3.524243272207344</orientation>
      <time>72</time>
    </ksState>
    <ksState>
      <x>365.83197092134094</x>
      <y>-111.85102639236041</y>
      <steeringAngle>0.10659999999999997</steeringAngle>
      <velocity>8.0</velocity>
      <orientation>-3.496610792916649</orientation>
      <time>73</time>
    </ksState>
    <ksState>
      <x>365.05872861057605</x>
      <y>-111.6389464008558</y>
      <steeringAngle>0.1421333333333333</steeringAngle>
      <velocity>8.0</velocity>
      <orientation>-3.457826940643914</orientation>
      <time>74</time>
    </ksState>
    <ksState>
      <x>364.27227278591755</x>
      <y>-111.47673483315455</y>
      <steeringAngle>0.17766666666666667</steeringAngle>
      <velocity>8.0</velocity>
      <orientation>-3.4077921283947594</orientation>
      <time>75</time>
    </ksState>
    <ksState>
      <x>363.47832817975353</x>
      <y>-111.35552430595787</y>
      <steeringAngle>0.14213333333333336</steeringAngle>
      <velocity>8.0</velocity>
      <orientation>-3.357757316846011</orientation>
      <time>76</time>
    </ksState>
    <ksState>
      <x>362.6828827341912</x>
      <y>-111.25397208953038</y>
      <steeringAngle>0.1066000000000001</steeringAngle>
      <velocity>8.0</velocity>
      <orientation>-3.3189734648390137</orientation>
      <time>77</time>
    </ksState>
    <ksState>
      <x>361.88706374104436</x>
      <y>-111.16322538472214</y>
      <steeringAngle>0.07106666666666674</steeringAngle>
      <velocity>8.0</velocity>
      <orientation>-3.2913409858093265</orientation>
      <time>78</time>
    </ksState>
    <ksState>
      <x>361.09164144937967</x>
      <y>-111.07446803657227</y>
      <steeringAngle>0.035533333333333354</steeringAngle>
      <velocity>8.0</velocity>
      <orientation>-3.2747894651802976</orientation>
      <time>79</time>
    </ksState>
    <ksState>
      <x>360.29732337790983</x>
      <y>-110.978916445107</y>
      <steeringAngle>2.0816681711721685e-17</steeringAngle>
      <velocity>8.0</velocity>
      <orientation>-3.2692769387218927</orientation>
      <time>80</time>
    </ksState>
    <ksState>
      <x>359.505045580693</x>
      <y>-110.86781258735155</y>
      <steeringAngle>-0.03553333333333333</steeringAngle>
      <velocity>8.0</velocity>
      <orientation>-3.2747894737247316</orientation>
      <time>81</time>
    </ksState>
    <ksState>
      <x>358.71626383946796</x>
      <y>-110.7324300229292</y>
      <steeringAngle>-0.07106666666666667</steeringAngle>
      <velocity>8.0</velocity>
      <orientation>-3.291340994605001</orientation>
      <time>82</time>
    </ksState>
    <ksState>
      <x>357.9332476660617</x>
      <y>-110.56410879786517</y>
      <steeringAngle>-0.10659999999999997</steeringAngle>
      <velocity>8.0</velocity>
      <orientation>-3.318973473895696</orientation>
      <time>83</time>
    </ksState>
    <ksState>
      <x>357.1593762354425</x>
      <y>-110.35433605696426</y>
      <steeringAngle>-0.1421333333333333</steeringAngle>
      <velocity>8.0</velocity>
      <orientation>-3.357757326168431</orientation>
      <time>84</time>
    </ksState>
    <ksState>
      <x>356.3994334470324</x>
      <y>-110.09488988686566</y>
      <steeringAngle>-0.17766666666666667</steeringAngle>
      <velocity>8.0</velocity>
      <orientation>-3.4077921384175855</orientation>
      <time>85</time>
    </ksState>
    <ksState>
      <x>355.6538505844649</x>
      <y>-109.79631623664515</y>
      <steeringAngle>-0.14213333333333336</steeringAngle>
      <velocity>8.0</velocity>
      <orientation>-3.457826949966334</orientation>
      <time>86</time>
    </ksState>
    <ksState>
      <x>354.9169532033614</x>
      <y>-109.48004331771271</y>
      <steeringAngle>-0.1066000000000001</steeringAngle>
      <velocity>8.0</velocity>
      <orientation>-3.4966108019733313</orientation>
      <time>87</time>
    </ksState>
    <ksState>
      <x>354.18521887303456</x>
      <y>-109.15427084479974</y>
      <steeringAngle>-0.07106666666666674</steeringAngle>
      <velocity>8.0</velocity>
      <orientation>-3.5242432810030184</orientation>
      <time>88</time>
    </ksState>
    <ksState>
      <x>353.4548361383347</x>
      <y>-108.82698572478944</y>
      <steeringAngle>-0.035533333333333354</steeringAngle>
      <velocity>8.0</velocity>
      <orientation>-3.5407948016320474</orientation>
      <time>89</time>
    </ksState>
    <ksState>
      <x>352.72195602111935</x>
      <y>-108.50611497341825</y>
      <steeringAngle>-2.0816681711721685e-17</steeringAngle>
      <velocity>8.0</velocity>
      <orientation>-3.5463073280904522</orientation>
      <time>90</time>
    </ksState>
    <ksState>
      <x>351.9865841944382</x>
      <y>-108.19110977263004</y>
      <steeringAngle>0.0</steeringAngle>
      <velocity>8.0</velocity>
      <orientation>-3.5463073280904522</orientation>
      <time>91</time>
    </ksState>
    <ksState>
      <x>351.25121236775703</x>
      <y>-107.87610457184184</y>
      <steeringAngle>0.0</steeringAngle>
      <velocity>8.0</velocity>
      <orientation>-3.5463073280904522</orientation>
      <time>92</time>
    </ksState>
    <ksState>
      <x>350.5158405410759</x>
      <y>-107.56109937105361</y>
      <steeringAngle>0.0</steeringAngle>
      <velocity>8.0</velocity>
      <orientation>-3.5463073280904522</orientation>
      <time>93</time>
    </ksState>
    <ksState>
      <x>349.7804687143947</x>
      <y>-107.24609417026541</y>
      <steeringAngle>0.0</steeringAngle>
      <velocity>8.0</velocity>
      <orientation>-3.5463073280904522</orientation>
      <time>94</time>
    </ksState>
    <ksState>
      <x>349.04509688771356</x>
      <y>-106.9310889694772</y>
      <steeringAngle>0.0</steeringAngle>
      <velocity>8.0</velocity>
      <orientation>-3.5463073280904522</orientation>
      <time>95</time>
    </ksState>
    <ksState>
      <x>348.30608029695634</x>
      <y>-106.62465357048335</y>
      <steeringAngle>0.03553333333333333</steeringAngle>
      <velocity>8.0</velocity>
      <orientation>-3.5407947930876134</orientation>
      <time>96</time>
    </ksState>
    <ksState>
      <x>347.55775196613826</x>
      <y>-106.34091111096318</y>
      <steeringAngle>0.07106666666666667</steeringAngle>
      <velocity>8.0</velocity>
      <orientation>-3.524243272207344</orientation>
      <time>97</time>
    </ksState>
    <ksState>
      <x>346.7976714805522</x>
      <y>-106.08847494466735</y>
      <steeringAngle>0.10659999999999997</steeringAngle>
      <velocity>8.0</velocity>
      <orientation>-3.496610792916649</orientation>
      <time>98</time>
    </ksState>
    <ksState>
      <x>346.0244291697873</x>
      <y>-105.87639495316274</y>
      <steeringAngle>0.1421333333333333</steeringAngle>
      <velocity>8.0</velocity>
      <orientation>-3.457826940643914</orientation>
      <time>99</time>
    </ksState>
  </ksTrajectory>
</CommonRoadSolution>
