<?xml version="1.0" ?>
<CommonRoadSolution benchmark_id="KS2:SM1:BEL_Aarschot-1_2_T-1:2020a" computation_time="1.2863149340000746" date="2022-12-18T12:01:12">
  <ksTrajectory planningProblem="1">
    <ksState>
      <x>-624.03791</x>
      <y>-272.56536</y>
      <steeringAngle>0.0</steeringAngle>
      <velocity>8.0</velocity>
      <orientation>-1.5489751</orientation>
      <time>0</time>
    </ksState>
    <ksState>
      <x>-624.0111445086998</x>
      <y>-273.3649422557101</y>
      <steeringAngle>0.03553333333333333</steeringAngle>
      <velocity>8.0</velocity>
      <orientation>-1.5434625649971612</orientation>
      <time>1</time>
    </ksState>
    <ksState>
      <x>-623.9598668170252</x>
      <y>-274.1636134473629</y>
      <steeringAngle>0.07106666666666667</steeringAngle>
      <velocity>8.0</velocity>
      <orientation>-1.5269110441168916</orientation>
      <time>2</time>
    </ksState>
    <ksState>
      <x>-623.8752256427413</x>
      <y>-274.96003182625594</y>
      <steeringAngle>0.10659999999999997</steeringAngle>
      <velocity>8.0</velocity>
      <orientation>-1.4992785648261968</orientation>
      <time>3</time>
    </ksState>
    <ksState>
      <x>-623.7483987258574</x>
      <y>-275.7517366494744</y>
      <steeringAngle>0.1421333333333333</steeringAngle>
      <velocity>8.0</velocity>
      <orientation>-1.4604947125534617</orientation>
      <time>4</time>
    </ksState>
    <ksState>
      <x>-623.5707046886281</x>
      <y>-276.5348395711702</y>
      <steeringAngle>0.17766666666666667</steeringAngle>
      <velocity>8.0</velocity>
      <orientation>-1.410459900304307</orientation>
      <time>5</time>
    </ksState>
    <ksState>
      <x>-623.3468929751344</x>
      <y>-277.2656588355928</y>
      <steeringAngle>0.21320000000000014</steeringAngle>
      <velocity>7.200000000000003</velocity>
      <orientation>-1.3522105732328142</orientation>
      <time>6</time>
    </ksState>
    <ksState>
      <x>-623.0941796333738</x>
      <y>-277.9028771281641</y>
      <steeringAngle>0.24873333333333347</steeringAngle>
      <velocity>6.400000000000004</velocity>
      <orientation>-1.2902934857470347</orientation>
      <time>7</time>
    </ksState>
    <ksState>
      <x>-622.824477825737</x>
      <y>-278.44619961184793</y>
      <steeringAngle>0.2842666666666668</steeringAngle>
      <velocity>5.600000000000001</velocity>
      <orientation>-1.2268713429831137</orientation>
      <time>8</time>
    </ksState>
    <ksState>
      <x>-622.5512030076757</x>
      <y>-278.8973467497646</y>
      <steeringAngle>0.3198</steeringAngle>
      <velocity>4.800000000000002</velocity>
      <orientation>-1.164142243241161</orientation>
      <time>9</time>
    </ksState>
    <ksState>
      <x>-622.2883432252265</x>
      <y>-279.26016686440823</y>
      <steeringAngle>0.3553333333333332</steeringAngle>
      <velocity>4.000000000000001</velocity>
      <orientation>-1.1043524091929462</orientation>
      <time>10</time>
    </ksState>
    <ksState>
      <x>-622.0219785990137</x>
      <y>-279.57069014329943</y>
      <steeringAngle>0.39086666666666653</steeringAngle>
      <velocity>4.0</velocity>
      <orientation>-1.043632042886959</orientation>
      <time>11</time>
    </ksState>
    <ksState>
      <x>-621.7285618055436</x>
      <y>-279.85867220812514</y>
      <steeringAngle>0.42639999999999995</steeringAngle>
      <velocity>4.0</velocity>
      <orientation>-0.9764624294305554</orientation>
      <time>12</time>
    </ksState>
    <ksState>
      <x>-621.4079700448816</x>
      <y>-280.1196824972641</y>
      <steeringAngle>0.4619333333333333</steeringAngle>
      <velocity>4.0</velocity>
      <orientation>-0.9026418457982114</orientation>
      <time>13</time>
    </ksState>
    <ksState>
      <x>-621.0607795831025</x>
      <y>-280.34879708455486</y>
      <steeringAngle>0.49746666666666667</steeringAngle>
      <velocity>4.0</velocity>
      <orientation>-0.821941303984991</orientation>
      <time>14</time>
    </ksState>
    <ksState>
      <x>-620.688434467795</x>
      <y>-280.54063928702703</y>
      <steeringAngle>0.533</steeringAngle>
      <velocity>4.0</velocity>
      <orientation>-0.7341014373851824</orientation>
      <time>15</time>
    </ksState>
    <ksState>
      <x>-620.3336620926223</x>
      <y>-280.6764208946649</y>
      <steeringAngle>0.5685333333333333</steeringAngle>
      <velocity>3.199999999999999</velocity>
      <orientation>-0.6484825841883295</orientation>
      <time>16</time>
    </ksState>
    <ksState>
      <x>-620.045811047328</x>
      <y>-280.75367501051596</y>
      <steeringAngle>0.6040666666666664</steeringAngle>
      <velocity>2.3999999999999995</velocity>
      <orientation>-0.5764888393751112</orientation>
      <time>17</time>
    </ksState>
    <ksState>
      <x>-619.8340887801415</x>
      <y>-280.7907495383727</y>
      <steeringAngle>0.6395999999999996</steeringAngle>
      <velocity>1.5999999999999983</velocity>
      <orientation>-0.5210390045990984</orientation>
      <time>18</time>
    </ksState>
    <ksState>
      <x>-619.7044366111375</x>
      <y>-280.8040421174269</y>
      <steeringAngle>0.675133333333333</steeringAngle>
      <velocity>0.7999999999999986</velocity>
      <orientation>-0.4852623996802692</orientation>
      <time>19</time>
    </ksState>
    <ksState>
      <x>-619.6605960529008</x>
      <y>-280.8064100181208</y>
      <steeringAngle>0.7106666666666662</steeringAngle>
      <velocity>-1.27675647831893e-15</velocity>
      <orientation>-0.472538202581661</orientation>
      <time>20</time>
    </ksState>
    <ksState>
      <x>-619.6605960529008</x>
      <y>-280.8064100181208</y>
      <steeringAngle>0.6751333333333334</steeringAngle>
      <velocity>0.0</velocity>
      <orientation>-0.472538202581661</orientation>
      <time>21</time>
    </ksState>
    <ksState>
      <x>-619.6605960529008</x>
      <y>-280.8064100181208</y>
      <steeringAngle>0.6396</steeringAngle>
      <velocity>0.0</velocity>
      <orientation>-0.472538202581661</orientation>
      <time>22</time>
    </ksState>
    <ksState>
      <x>-619.6605960529008</x>
      <y>-280.8064100181208</y>
      <steeringAngle>0.6040666666666666</steeringAngle>
      <velocity>0.0</velocity>
      <orientation>-0.472538202581661</orientation>
      <time>23</time>
    </ksState>
    <ksState>
      <x>-619.6605960529008</x>
      <y>-280.8064100181208</y>
      <steeringAngle>0.5685333333333333</steeringAngle>
      <velocity>0.0</velocity>
      <orientation>-0.472538202581661</orientation>
      <time>24</time>
    </ksState>
    <ksState>
      <x>-619.6605960529008</x>
      <y>-280.8064100181208</y>
      <steeringAngle>0.5329999999999999</steeringAngle>
      <velocity>0.0</velocity>
      <orientation>-0.472538202581661</orientation>
      <time>25</time>
    </ksState>
    <ksState>
      <x>-619.6605960529008</x>
      <y>-280.8064100181208</y>
      <steeringAngle>0.49746666666666667</steeringAngle>
      <velocity>0.0</velocity>
      <orientation>-0.472538202581661</orientation>
      <time>26</time>
    </ksState>
    <ksState>
      <x>-619.6605960529008</x>
      <y>-280.8064100181208</y>
      <steeringAngle>0.4619333333333333</steeringAngle>
      <velocity>0.0</velocity>
      <orientation>-0.472538202581661</orientation>
      <time>27</time>
    </ksState>
    <ksState>
      <x>-619.6605960529008</x>
      <y>-280.8064100181208</y>
      <steeringAngle>0.42639999999999995</steeringAngle>
      <velocity>0.0</velocity>
      <orientation>-0.472538202581661</orientation>
      <time>28</time>
    </ksState>
    <ksState>
      <x>-619.6605960529008</x>
      <y>-280.8064100181208</y>
      <steeringAngle>0.3908666666666666</steeringAngle>
      <velocity>0.0</velocity>
      <orientation>-0.472538202581661</orientation>
      <time>29</time>
    </ksState>
    <ksState>
      <x>-619.6605960529008</x>
      <y>-280.8064100181208</y>
      <steeringAngle>0.3553333333333333</steeringAngle>
      <velocity>0.0</velocity>
      <orientation>-0.472538202581661</orientation>
      <time>30</time>
    </ksState>
    <ksState>
      <x>-619.620947844171</x>
      <y>-280.8166686736788</y>
      <steeringAngle>0.39086666666666675</steeringAngle>
      <velocity>0.8</velocity>
      <orientation>-0.46636022692363593</orientation>
      <time>31</time>
    </ksState>
    <ksState>
      <x>-619.500533012302</x>
      <y>-280.84367744164575</y>
      <steeringAngle>0.4264</steeringAngle>
      <velocity>1.6000000000000005</velocity>
      <orientation>-0.44610025446331525</orientation>
      <time>32</time>
    </ksState>
    <ksState>
      <x>-619.2967318012398</x>
      <y>-280.8787309437394</y>
      <steeringAngle>0.46193333333333314</steeringAngle>
      <velocity>2.4</velocity>
      <orientation>-0.40907729284374705</orientation>
      <time>33</time>
    </ksState>
  </ksTrajectory>
</CommonRoadSolution>
