<?xml version="1.0" ?>
<CommonRoadSolution benchmark_id="KS2:SM1:DEU_Muehlhausen-1_2_T-1:2020a" computation_time="1.1377436299999317" date="2022-12-18T12:01:12">
  <ksTrajectory planningProblem="1">
    <ksState>
      <x>-776.71327</x>
      <y>649.0387</y>
      <steeringAngle>0.0</steeringAngle>
      <velocity>8.0</velocity>
      <orientation>0.053492843</orientation>
      <time>0</time>
    </ksState>
    <ksState>
      <x>-775.9539174408999</x>
      <y>649.0707345045895</y>
      <steeringAngle>-0.03553333333333333</steeringAngle>
      <velocity>7.199999999999999</velocity>
      <orientation>0.04834783001750767</orientation>
      <time>1</time>
    </ksState>
    <ksState>
      <x>-775.2737045451087</x>
      <y>649.0795146647221</y>
      <steeringAngle>-0.07106666666666664</steeringAngle>
      <velocity>6.400000000000001</velocity>
      <orientation>0.03437115789654456</orientation>
      <time>2</time>
    </ksState>
    <ksState>
      <x>-774.673192920352</x>
      <y>649.065018167965</y>
      <steeringAngle>-0.10659999999999997</steeringAngle>
      <velocity>5.600000000000004</velocity>
      <orientation>0.013739390030663198</orientation>
      <time>3</time>
    </ksState>
    <ksState>
      <x>-774.1531652054949</x>
      <y>649.0302150729793</y>
      <steeringAngle>-0.1421333333333333</steeringAngle>
      <velocity>4.800000000000003</velocity>
      <orientation>-0.011376817477985066</orientation>
      <time>4</time>
    </ksState>
    <ksState>
      <x>-773.714290601432</x>
      <y>648.9804005412665</y>
      <steeringAngle>-0.17766666666666653</steeringAngle>
      <velocity>4.000000000000006</velocity>
      <orientation>-0.03880171406313487</orientation>
      <time>5</time>
    </ksState>
    <ksState>
      <x>-773.3563331409398</x>
      <y>648.9263087117378</y>
      <steeringAngle>-0.17766666666666667</steeringAngle>
      <velocity>3.2000000000000006</velocity>
      <orientation>-0.06386715333131246</orientation>
      <time>6</time>
    </ksState>
    <ksState>
      <x>-773.0789253056907</x>
      <y>648.8780446299435</y>
      <steeringAngle>-0.17766666666666667</steeringAngle>
      <velocity>2.4000000000000012</velocity>
      <orientation>-0.08336249496134224</orientation>
      <time>7</time>
    </ksState>
    <ksState>
      <x>-772.8813790341226</x>
      <y>648.8402638398159</y>
      <steeringAngle>-0.17766666666666667</steeringAngle>
      <velocity>1.6000000000000005</velocity>
      <orientation>-0.09728773896032322</orientation>
      <time>8</time>
    </ksState>
    <ksState>
      <x>-772.763110541532</x>
      <y>648.8162762445367</y>
      <steeringAngle>-0.17766666666666667</steeringAngle>
      <velocity>0.8000000000000004</velocity>
      <orientation>-0.10564288533107732</orientation>
      <time>9</time>
    </ksState>
    <ksState>
      <x>-772.7237327596192</x>
      <y>648.808060883794</y>
      <steeringAngle>-0.17766666666666667</steeringAngle>
      <velocity>2.7755575615628914e-16</velocity>
      <orientation>-0.10842793407729269</orientation>
      <time>10</time>
    </ksState>
    <ksState>
      <x>-772.6843478317343</x>
      <y>648.8002782789414</y>
      <steeringAngle>-0.14213333333333333</steeringAngle>
      <velocity>0.8</velocity>
      <orientation>-0.11083543128809517</orientation>
      <time>11</time>
    </ksState>
    <ksState>
      <x>-772.5660486111159</x>
      <y>648.7785562179147</y>
      <steeringAngle>-0.10660000000000001</steeringAngle>
      <velocity>1.6</velocity>
      <orientation>-0.11655971790842985</orientation>
      <time>12</time>
    </ksState>
    <ksState>
      <x>-772.3686524677005</x>
      <y>648.7449478588079</y>
      <steeringAngle>-0.07106666666666664</steeringAngle>
      <velocity>2.4000000000000004</velocity>
      <orientation>-0.12337523167140853</orientation>
      <time>13</time>
    </ksState>
    <ksState>
      <x>-772.0919128962415</x>
      <y>648.7015630595547</y>
      <steeringAngle>-0.03553333333333332</steeringAngle>
      <velocity>3.1999999999999993</velocity>
      <orientation>-0.12907615238433828</orientation>
      <time>14</time>
    </ksState>
    <ksState>
      <x>-771.7354241350732</x>
      <y>648.651281273305</y>
      <steeringAngle>2.6020852139652106e-18</steeringAngle>
      <velocity>3.999999999999999</velocity>
      <orientation>-0.13146490397266516</orientation>
      <time>15</time>
    </ksState>
    <ksState>
      <x>-771.2985846757775</x>
      <y>648.5984712719147</y>
      <steeringAngle>0.035533333333333326</steeringAngle>
      <velocity>4.799999999999999</velocity>
      <orientation>-0.12834112530347436</orientation>
      <time>16</time>
    </ksState>
    <ksState>
      <x>-770.7806559630628</x>
      <y>648.5497283350272</y>
      <steeringAngle>0.07106666666666667</steeringAngle>
      <velocity>5.599999999999998</velocity>
      <orientation>-0.11749051424230157</orientation>
      <time>17</time>
    </ksState>
    <ksState>
      <x>-770.1809828129805</x>
      <y>648.5146355533914</y>
      <steeringAngle>0.10659999999999999</steeringAngle>
      <velocity>6.3999999999999995</velocity>
      <orientation>-0.09667356524197357</orientation>
      <time>18</time>
    </ksState>
    <ksState>
      <x>-769.4994744765041</x>
      <y>648.5065427516718</y>
      <steeringAngle>0.14213333333333333</steeringAngle>
      <velocity>7.199999999999999</velocity>
      <orientation>-0.06361399426080842</orientation>
      <time>19</time>
    </ksState>
    <ksState>
      <x>-768.7374797042787</x>
      <y>648.5433259192207</y>
      <steeringAngle>0.17766666666666664</steeringAngle>
      <velocity>7.9999999999999964</velocity>
      <orientation>-0.015986672179261793</orientation>
      <time>20</time>
    </ksState>
    <ksState>
      <x>-767.9381435783728</x>
      <y>648.6224807623623</y>
      <steeringAngle>0.14213333333333336</steeringAngle>
      <velocity>8.0</velocity>
      <orientation>0.03404813936948664</orientation>
      <time>21</time>
    </ksState>
    <ksState>
      <x>-767.1422211367415</x>
      <y>648.7210579088446</y>
      <steeringAngle>0.1066000000000001</steeringAngle>
      <velocity>8.0</velocity>
      <orientation>0.07283199137648398</orientation>
      <time>22</time>
    </ksState>
    <ksState>
      <x>-766.3486126077316</x>
      <y>648.8301999575442</y>
      <steeringAngle>0.07106666666666674</steeringAngle>
      <velocity>8.0</velocity>
      <orientation>0.10046447040617089</orientation>
      <time>23</time>
    </ksState>
    <ksState>
      <x>-765.5558812558692</x>
      <y>648.9411734311559</y>
      <steeringAngle>0.035533333333333354</steeringAngle>
      <velocity>8.0</velocity>
      <orientation>0.11701599103520023</orientation>
      <time>24</time>
    </ksState>
    <ksState>
      <x>-764.7625375554464</x>
      <y>649.045291938513</y>
      <steeringAngle>2.0816681711721685e-17</steeringAngle>
      <velocity>8.0</velocity>
      <orientation>0.12252851749360506</orientation>
      <time>25</time>
    </ksState>
    <ksState>
      <x>-763.9674210438105</x>
      <y>649.1338238993794</y>
      <steeringAngle>-0.03553333333333333</steeringAngle>
      <velocity>8.0</velocity>
      <orientation>0.11701598249076628</orientation>
      <time>26</time>
    </ksState>
    <ksState>
      <x>-763.1696800661391</x>
      <y>649.19796753962</y>
      <steeringAngle>-0.07106666666666667</steeringAngle>
      <velocity>8.0</velocity>
      <orientation>0.10046446161049664</orientation>
      <time>27</time>
    </ksState>
    <ksState>
      <x>-762.3693691686742</x>
      <y>649.2287706242355</y>
      <steeringAngle>-0.10659999999999997</steeringAngle>
      <velocity>8.0</velocity>
      <orientation>0.07283198231980174</orientation>
      <time>28</time>
    </ksState>
    <ksState>
      <x>-761.567654428763</x>
      <y>649.2171486724667</y>
      <steeringAngle>-0.1421333333333333</steeringAngle>
      <velocity>8.0</velocity>
      <orientation>0.03404813004706682</orientation>
      <time>29</time>
    </ksState>
    <ksState>
      <x>-760.7671349448867</x>
      <y>649.1539512613684</y>
      <steeringAngle>-0.17766666666666667</steeringAngle>
      <velocity>8.0</velocity>
      <orientation>-0.015986682202087862</orientation>
      <time>30</time>
    </ksState>
    <ksState>
      <x>-759.9707376861593</x>
      <y>649.0492859485707</y>
      <steeringAngle>-0.14213333333333336</steeringAngle>
      <velocity>8.0</velocity>
      <orientation>-0.0660214937508363</orientation>
      <time>31</time>
    </ksState>
    <ksState>
      <x>-759.1783731608058</x>
      <y>648.9253173814775</y>
      <steeringAngle>-0.1066000000000001</steeringAngle>
      <velocity>8.0</velocity>
      <orientation>-0.10480534575783364</orientation>
      <time>32</time>
    </ksState>
    <ksState>
      <x>-758.3886590312717</x>
      <y>648.7908632755043</y>
      <steeringAngle>-0.07106666666666674</steeringAngle>
      <velocity>8.0</velocity>
      <orientation>-0.13243782478752053</orientation>
      <time>33</time>
    </ksState>
  </ksTrajectory>
</CommonRoadSolution>
