<?xml version="1.0" ?>
<CommonRoadSolution benchmark_id="KS2:SM1:USA_US101-13_4_T-1:2020a" computation_time="46.71484360700015" date="2022-12-18T12:01:12">
  <ksTrajectory planningProblem="141">
    <ksState>
      <x>0.0</x>
      <y>0.0</y>
      <steeringAngle>0.0</steeringAngle>
      <velocity>12.0</velocity>
      <orientation>-0.76903</orientation>
      <time>0</time>
    </ksState>
    <ksState>
      <x>0.8623026995345681</x>
      <y>-0.8345262454682878</y>
      <steeringAngle>0.0</steeringAngle>
      <velocity>12.0</velocity>
      <orientation>-0.76903</orientation>
      <time>1</time>
    </ksState>
    <ksState>
      <x>1.7246053990691361</x>
      <y>-1.6690524909365756</y>
      <steeringAngle>0.0</steeringAngle>
      <velocity>12.0</velocity>
      <orientation>-0.76903</orientation>
      <time>2</time>
    </ksState>
    <ksState>
      <x>2.5869080986037036</x>
      <y>-2.503578736404863</y>
      <steeringAngle>0.0</steeringAngle>
      <velocity>12.0</velocity>
      <orientation>-0.76903</orientation>
      <time>3</time>
    </ksState>
    <ksState>
      <x>3.449210798138271</x>
      <y>-3.3381049818731503</y>
      <steeringAngle>0.0</steeringAngle>
      <velocity>12.0</velocity>
      <orientation>-0.76903</orientation>
      <time>4</time>
    </ksState>
    <ksState>
      <x>4.3115134976728395</x>
      <y>-4.172631227341438</y>
      <steeringAngle>0.0</steeringAngle>
      <velocity>12.0</velocity>
      <orientation>-0.76903</orientation>
      <time>5</time>
    </ksState>
    <ksState>
      <x>5.173816197207407</x>
      <y>-5.007157472809727</y>
      <steeringAngle>0.0</steeringAngle>
      <velocity>12.0</velocity>
      <orientation>-0.76903</orientation>
      <time>6</time>
    </ksState>
    <ksState>
      <x>6.036118896741976</x>
      <y>-5.841683718278015</y>
      <steeringAngle>0.0</steeringAngle>
      <velocity>12.0</velocity>
      <orientation>-0.76903</orientation>
      <time>7</time>
    </ksState>
    <ksState>
      <x>6.898421596276544</x>
      <y>-6.6762099637463015</y>
      <steeringAngle>0.0</steeringAngle>
      <velocity>12.0</velocity>
      <orientation>-0.76903</orientation>
      <time>8</time>
    </ksState>
    <ksState>
      <x>7.7607242958111105</x>
      <y>-7.510736209214588</y>
      <steeringAngle>0.0</steeringAngle>
      <velocity>12.0</velocity>
      <orientation>-0.76903</orientation>
      <time>9</time>
    </ksState>
    <ksState>
      <x>8.623026995345679</x>
      <y>-8.345262454682876</y>
      <steeringAngle>0.0</steeringAngle>
      <velocity>12.0</velocity>
      <orientation>-0.76903</orientation>
      <time>10</time>
    </ksState>
    <ksState>
      <x>9.485329694880248</x>
      <y>-9.179788700151164</y>
      <steeringAngle>0.0</steeringAngle>
      <velocity>12.0</velocity>
      <orientation>-0.76903</orientation>
      <time>11</time>
    </ksState>
    <ksState>
      <x>10.347632394414815</x>
      <y>-10.014314945619452</y>
      <steeringAngle>0.0</steeringAngle>
      <velocity>12.0</velocity>
      <orientation>-0.76903</orientation>
      <time>12</time>
    </ksState>
    <ksState>
      <x>11.209935093949383</x>
      <y>-10.84884119108774</y>
      <steeringAngle>0.0</steeringAngle>
      <velocity>12.0</velocity>
      <orientation>-0.76903</orientation>
      <time>13</time>
    </ksState>
    <ksState>
      <x>12.07223779348395</x>
      <y>-11.683367436556027</y>
      <steeringAngle>0.0</steeringAngle>
      <velocity>12.0</velocity>
      <orientation>-0.76903</orientation>
      <time>14</time>
    </ksState>
    <ksState>
      <x>12.934540493018519</x>
      <y>-12.517893682024313</y>
      <steeringAngle>0.0</steeringAngle>
      <velocity>12.0</velocity>
      <orientation>-0.76903</orientation>
      <time>15</time>
    </ksState>
    <ksState>
      <x>13.777992613485228</x>
      <y>-13.31430606904303</y>
      <steeringAngle>0.03553333333333333</steeringAngle>
      <velocity>11.200000000000001</velocity>
      <orientation>-0.7611287262276559</orientation>
      <time>16</time>
    </ksState>
    <ksState>
      <x>14.588862015852095</x>
      <y>-14.028280601375087</y>
      <steeringAngle>0.07106666666666667</steeringAngle>
      <velocity>10.400000000000007</velocity>
      <orientation>-0.738876295429166</orientation>
      <time>17</time>
    </ksState>
    <ksState>
      <x>15.37115076150837</x>
      <y>-14.65295140177171</y>
      <steeringAngle>0.10660000000000001</steeringAngle>
      <velocity>9.60000000000001</velocity>
      <orientation>-0.7044282845444942</orientation>
      <time>18</time>
    </ksState>
    <ksState>
      <x>16.124497163505485</x>
      <y>-15.184565493118715</y>
      <steeringAngle>0.14213333333333344</steeringAngle>
      <velocity>8.800000000000008</velocity>
      <orientation>-0.6599201524236493</orientation>
      <time>19</time>
    </ksState>
    <ksState>
      <x>16.845009264760982</x>
      <y>-15.622449159867806</y>
      <steeringAngle>0.17766666666666675</steeringAngle>
      <velocity>8.000000000000009</velocity>
      <orientation>-0.6074778546086679</orientation>
      <time>20</time>
    </ksState>
    <ksState>
      <x>17.516843125579154</x>
      <y>-15.984129481942986</y>
      <steeringAngle>0.1421333333333334</steeringAngle>
      <velocity>7.2</velocity>
      <orientation>-0.559850532863031</orientation>
      <time>21</time>
    </ksState>
    <ksState>
      <x>18.123487490835057</x>
      <y>-16.29493989240967</y>
      <steeringAngle>0.10660000000000011</steeringAngle>
      <velocity>6.4</velocity>
      <orientation>-0.526790962415063</orientation>
      <time>22</time>
    </ksState>
    <ksState>
      <x>18.660072598658186</x>
      <y>-16.565060474201296</y>
      <steeringAngle>0.07106666666666674</steeringAngle>
      <velocity>5.600000000000001</velocity>
      <orientation>-0.5059740141211745</orientation>
      <time>23</time>
    </ksState>
    <ksState>
      <x>19.123834038964574</x>
      <y>-16.800794550926373</y>
      <steeringAngle>0.03553333333333339</steeringAngle>
      <velocity>4.800000000000001</velocity>
      <orientation>-0.49512340446351166</orientation>
      <time>24</time>
    </ksState>
    <ksState>
      <x>19.513531031480245</x>
      <y>-17.005141825422715</y>
      <steeringAngle>5.5294310796760726e-17</steeringAngle>
      <velocity>4.0</velocity>
      <orientation>-0.49199962862634605</orientation>
      <time>25</time>
    </ksState>
    <ksState>
      <x>19.899016951943036</x>
      <y>-17.217316787587162</y>
      <steeringAngle>-0.035533333333333326</steeringAngle>
      <velocity>4.799999999999999</velocity>
      <orientation>-0.4951234072955369</orientation>
      <time>26</time>
    </ksState>
    <ksState>
      <x>20.34796147796666</x>
      <y>-17.480137711229485</y>
      <steeringAngle>-0.07106666666666667</steeringAngle>
      <velocity>5.599999999999998</velocity>
      <orientation>-0.5059740183567096</orientation>
      <time>27</time>
    </ksState>
    <ksState>
      <x>20.855301426836483</x>
      <y>-17.8017672598307</y>
      <steeringAngle>-0.10659999999999999</steeringAngle>
      <velocity>6.3999999999999995</velocity>
      <orientation>-0.5267909673570377</orientation>
      <time>28</time>
    </ksState>
    <ksState>
      <x>21.41331616060457</x>
      <y>-18.19309661347552</y>
      <steeringAngle>-0.14213333333333333</steeringAngle>
      <velocity>7.199999999999999</velocity>
      <orientation>-0.5598505383382028</orientation>
      <time>29</time>
    </ksState>
    <ksState>
      <x>22.010473760830305</x>
      <y>-18.66785111298692</y>
      <steeringAngle>-0.17766666666666664</steeringAngle>
      <velocity>7.9999999999999964</velocity>
      <orientation>-0.6074778604197494</orientation>
      <time>30</time>
    </ksState>
    <ksState>
      <x>22.583548677946602</x>
      <y>-19.171595622922663</y>
      <steeringAngle>-0.1421333333333334</steeringAngle>
      <velocity>7.2</velocity>
      <orientation>-0.6551051821653863</orientation>
      <time>31</time>
    </ksState>
    <ksState>
      <x>23.08622986680948</x>
      <y>-19.631956480853287</y>
      <steeringAngle>-0.10660000000000011</steeringAngle>
      <velocity>6.4</velocity>
      <orientation>-0.6881647526133543</orientation>
      <time>32</time>
    </ksState>
    <ksState>
      <x>23.526363148522744</x>
      <y>-20.04082247475998</y>
      <steeringAngle>-0.07106666666666674</steeringAngle>
      <velocity>5.600000000000001</velocity>
      <orientation>-0.7089817009072428</orientation>
      <time>33</time>
    </ksState>
    <ksState>
      <x>23.908893907619035</x>
      <y>-20.39340643183929</y>
      <steeringAngle>-0.03553333333333339</steeringAngle>
      <velocity>4.800000000000001</velocity>
      <orientation>-0.7198323105649056</orientation>
      <time>34</time>
    </ksState>
    <ksState>
      <x>24.236201666364252</x>
      <y>-20.687500269984568</y>
      <steeringAngle>-5.5294310796760726e-17</steeringAngle>
      <velocity>4.0</velocity>
      <orientation>-0.7229560864020712</orientation>
      <time>35</time>
    </ksState>
    <ksState>
      <x>24.5361429660092</x>
      <y>-20.952141946156896</y>
      <steeringAngle>0.0</steeringAngle>
      <velocity>4.0</velocity>
      <orientation>-0.7229560864020712</orientation>
      <time>36</time>
    </ksState>
    <ksState>
      <x>24.83608426565415</x>
      <y>-21.21678362232922</y>
      <steeringAngle>0.0</steeringAngle>
      <velocity>4.0</velocity>
      <orientation>-0.7229560864020712</orientation>
      <time>37</time>
    </ksState>
    <ksState>
      <x>25.1360255652991</x>
      <y>-21.48142529850155</y>
      <steeringAngle>0.0</steeringAngle>
      <velocity>4.0</velocity>
      <orientation>-0.7229560864020712</orientation>
      <time>38</time>
    </ksState>
    <ksState>
      <x>25.43596686494405</x>
      <y>-21.746066974673877</y>
      <steeringAngle>0.0</steeringAngle>
      <velocity>4.0</velocity>
      <orientation>-0.7229560864020712</orientation>
      <time>39</time>
    </ksState>
    <ksState>
      <x>25.735908164589</x>
      <y>-22.0107086508462</y>
      <steeringAngle>0.0</steeringAngle>
      <velocity>4.0</velocity>
      <orientation>-0.7229560864020712</orientation>
      <time>40</time>
    </ksState>
    <ksState>
      <x>26.062589931260984</x>
      <y>-22.305490998975454</y>
      <steeringAngle>-0.035533333333333326</steeringAngle>
      <velocity>4.799999999999999</velocity>
      <orientation>-0.726079865071262</orientation>
      <time>41</time>
    </ksState>
    <ksState>
      <x>26.43945204348603</x>
      <y>-22.664100778150623</y>
      <steeringAngle>-0.07106666666666667</steeringAngle>
      <velocity>5.599999999999998</velocity>
      <orientation>-0.7369304761324348</orientation>
      <time>42</time>
    </ksState>
    <ksState>
      <x>26.8596972520857</x>
      <y>-23.093324909463945</y>
      <steeringAngle>-0.10659999999999999</steeringAngle>
      <velocity>6.3999999999999995</velocity>
      <orientation>-0.7577474251327628</orientation>
      <time>43</time>
    </ksState>
    <ksState>
      <x>27.313316832507404</x>
      <y>-23.601998068166445</y>
      <steeringAngle>-0.14213333333333333</steeringAngle>
      <velocity>7.199999999999999</velocity>
      <orientation>-0.7908069961139279</orientation>
      <time>44</time>
    </ksState>
    <ksState>
      <x>27.78594321318961</x>
      <y>-24.200841402100217</y>
      <steeringAngle>-0.17766666666666664</steeringAngle>
      <velocity>7.9999999999999964</velocity>
      <orientation>-0.8384343181954745</orientation>
      <time>45</time>
    </ksState>
    <ksState>
      <x>28.243633102042647</x>
      <y>-24.861623445129343</y>
      <steeringAngle>-0.17766666666666667</steeringAngle>
      <velocity>8.0</velocity>
      <orientation>-0.8941352945059863</orientation>
      <time>46</time>
    </ksState>
    <ksState>
      <x>28.663826009548377</x>
      <y>-25.54686130342496</y>
      <steeringAngle>-0.17766666666666667</steeringAngle>
      <velocity>8.0</velocity>
      <orientation>-0.949836270816498</orientation>
      <time>47</time>
    </ksState>
    <ksState>
      <x>29.04521855983425</x>
      <y>-26.254429482318372</y>
      <steeringAngle>-0.17766666666666667</steeringAngle>
      <velocity>8.0</velocity>
      <orientation>-1.0055372471270099</orientation>
      <time>48</time>
    </ksState>
    <ksState>
      <x>29.386627750824637</x>
      <y>-26.982133249288953</y>
      <steeringAngle>-0.17766666666666667</steeringAngle>
      <velocity>8.0</velocity>
      <orientation>-1.0612382234375215</orientation>
      <time>49</time>
    </ksState>
    <ksState>
      <x>29.68699460051954</x>
      <y>-27.727715416093975</y>
      <steeringAngle>-0.17766666666666667</steeringAngle>
      <velocity>8.0</velocity>
      <orientation>-1.1169391997480334</orientation>
      <time>50</time>
    </ksState>
    <ksState>
      <x>29.954194008853626</x>
      <y>-28.48510864668569</y>
      <steeringAngle>-0.14213333333333336</steeringAngle>
      <velocity>8.0</velocity>
      <orientation>-1.1669740112967817</orientation>
      <time>51</time>
    </ksState>
    <ksState>
      <x>30.202360223285098</x>
      <y>-29.247643786559262</y>
      <steeringAngle>-0.1066000000000001</steeringAngle>
      <velocity>8.0</velocity>
      <orientation>-1.205757863303779</orientation>
      <time>52</time>
    </ksState>
    <ksState>
      <x>30.43998031694748</x>
      <y>-30.012561772603945</y>
      <steeringAngle>-0.07106666666666674</steeringAngle>
      <velocity>8.0</velocity>
      <orientation>-1.233390342333466</orientation>
      <time>53</time>
    </ksState>
    <ksState>
      <x>30.67557197136014</x>
      <y>-30.777461152456517</y>
      <steeringAngle>-0.035533333333333354</steeringAngle>
      <velocity>8.0</velocity>
      <orientation>-1.2499418629624954</orientation>
      <time>54</time>
    </ksState>
    <ksState>
      <x>30.91763258745441</x>
      <y>-31.540008176207298</y>
      <steeringAngle>-2.0816681711721685e-17</steeringAngle>
      <velocity>8.0</velocity>
      <orientation>-1.2554543894209003</orientation>
      <time>55</time>
    </ksState>
    <ksState>
      <x>31.174591803055684</x>
      <y>-32.29764934238597</y>
      <steeringAngle>0.03553333333333333</steeringAngle>
      <velocity>8.0</velocity>
      <orientation>-1.2499418544180614</orientation>
      <time>56</time>
    </ksState>
    <ksState>
      <x>31.454751268406024</x>
      <y>-33.04732643821733</y>
      <steeringAngle>0.07106666666666667</steeringAngle>
      <velocity>8.0</velocity>
      <orientation>-1.2333903335377918</orientation>
      <time>57</time>
    </ksState>
    <ksState>
      <x>31.76619550657942</x>
      <y>-33.78519421033606</y>
      <steeringAngle>0.10659999999999997</steeringAngle>
      <velocity>8.0</velocity>
      <orientation>-1.205757854247097</orientation>
      <time>58</time>
    </ksState>
    <ksState>
      <x>32.11665750760907</x>
      <y>-34.506344666057984</y>
      <steeringAngle>0.1421333333333333</steeringAngle>
      <velocity>8.0</velocity>
      <orientation>-1.166974001974362</orientation>
      <time>59</time>
    </ksState>
    <ksState>
      <x>32.51332236465116</x>
      <y>-35.204544027288804</y>
      <steeringAngle>0.17766666666666667</steeringAngle>
      <velocity>8.0</velocity>
      <orientation>-1.1169391897252074</orientation>
      <time>60</time>
    </ksState>
    <ksState>
      <x>32.93900557508104</x>
      <y>-35.83935288411604</y>
      <steeringAngle>0.21320000000000014</steeringAngle>
      <velocity>7.200000000000003</velocity>
      <orientation>-1.0586898626537147</orientation>
      <time>61</time>
    </ksState>
    <ksState>
      <x>33.36527330417227</x>
      <y>-36.376202032971456</y>
      <steeringAngle>0.24873333333333347</steeringAngle>
      <velocity>6.400000000000004</velocity>
      <orientation>-0.9967727751679353</orientation>
      <time>62</time>
    </ksState>
    <ksState>
      <x>33.780636597914786</x>
      <y>-36.818256012175624</y>
      <steeringAngle>0.2842666666666668</steeringAngle>
      <velocity>5.600000000000001</velocity>
      <orientation>-0.9333506324040142</orientation>
      <time>63</time>
    </ksState>
    <ksState>
      <x>34.17275153552871</x>
      <y>-37.17104311785953</y>
      <steeringAngle>0.3198</steeringAngle>
      <velocity>4.800000000000002</velocity>
      <orientation>-0.8706215326620614</orientation>
      <time>64</time>
    </ksState>
    <ksState>
      <x>34.529341735765776</x>
      <y>-37.44229416378223</y>
      <steeringAngle>0.3553333333333332</steeringAngle>
      <velocity>4.000000000000001</velocity>
      <orientation>-0.8108316986138467</orientation>
      <time>65</time>
    </ksState>
    <ksState>
      <x>34.874156144444385</x>
      <y>-37.66247101178952</y>
      <steeringAngle>0.39086666666666653</steeringAngle>
      <velocity>4.0</velocity>
      <orientation>-0.7501113323078595</orientation>
      <time>66</time>
    </ksState>
    <ksState>
      <x>35.23834401371533</x>
      <y>-37.85324386160709</y>
      <steeringAngle>0.42639999999999995</steeringAngle>
      <velocity>4.0</velocity>
      <orientation>-0.6829417188514559</orientation>
      <time>67</time>
    </ksState>
    <ksState>
      <x>35.620741023051124</x>
      <y>-38.01033611250374</y>
      <steeringAngle>0.4619333333333333</steeringAngle>
      <velocity>4.0</velocity>
      <orientation>-0.6091211352191119</orientation>
      <time>68</time>
    </ksState>
    <ksState>
      <x>36.0193709418671</x>
      <y>-38.12920115650127</y>
      <steeringAngle>0.49746666666666667</steeringAngle>
      <velocity>4.0</velocity>
      <orientation>-0.5284205934058916</orientation>
      <time>69</time>
    </ksState>
    <ksState>
      <x>36.43129587857621</x>
      <y>-38.205110062829796</y>
      <steeringAngle>0.533</steeringAngle>
      <velocity>4.0</velocity>
      <orientation>-0.44058072680608296</orientation>
      <time>70</time>
    </ksState>
    <ksState>
      <x>36.85245575696949</x>
      <y>-38.233281746615646</y>
      <steeringAngle>0.5685333333333333</steeringAngle>
      <velocity>4.0</velocity>
      <orientation>-0.3453080871568531</orientation>
      <time>71</time>
    </ksState>
    <ksState>
      <x>37.27750286422162</x>
      <y>-38.20906649319371</y>
      <steeringAngle>0.6040666666666665</steeringAngle>
      <velocity>4.0</velocity>
      <orientation>-0.2422707339383904</orientation>
      <time>72</time>
    </ksState>
    <ksState>
      <x>37.69964096272783</x>
      <y>-38.12819493758735</y>
      <steeringAngle>0.6396</steeringAngle>
      <velocity>4.0</velocity>
      <orientation>-0.13109295116289982</orientation>
      <time>73</time>
    </ksState>
    <ksState>
      <x>38.110483467883746</x>
      <y>-37.987106100314776</y>
      <steeringAngle>0.6751333333333333</steeringAngle>
      <velocity>4.0</velocity>
      <orientation>-0.011348902282969364</orientation>
      <time>74</time>
    </ksState>
    <ksState>
      <x>38.49995200348131</x>
      <y>-37.78336820170078</y>
      <steeringAngle>0.7106666666666664</steeringAngle>
      <velocity>4.0</velocity>
      <orientation>0.11744503540134132</orientation>
      <time>75</time>
    </ksState>
    <ksState>
      <x>38.82536741467689</x>
      <y>-37.55780025785488</y>
      <steeringAngle>0.6751333333333334</steeringAngle>
      <velocity>3.1999999999999984</velocity>
      <orientation>0.23351477794455552</orientation>
      <time>76</time>
    </ksState>
    <ksState>
      <x>39.062203065848166</x>
      <y>-37.36659419087868</y>
      <steeringAngle>0.6395999999999997</steeringAngle>
      <velocity>2.3999999999999986</velocity>
      <orientation>0.3174822222651747</orientation>
      <time>77</time>
    </ksState>
    <ksState>
      <x>39.223510647284016</x>
      <y>-37.224239184313916</y>
      <steeringAngle>0.6040666666666666</steeringAngle>
      <velocity>1.5999999999999988</velocity>
      <orientation>0.37321017054264294</orientation>
      <time>78</time>
    </ksState>
    <ksState>
      <x>39.31780515625368</x>
      <y>-37.13786817732165</y>
      <steeringAngle>0.5685333333333333</steeringAngle>
      <velocity>0.7999999999999987</velocity>
      <orientation>0.4042537723163889</orientation>
      <time>79</time>
    </ksState>
    <ksState>
      <x>39.349040539390714</x>
      <y>-37.109354459500636</y>
      <steeringAngle>0.5330000000000004</steeringAngle>
      <velocity>-1.2212453270876722e-15</velocity>
      <orientation>0.4139075540867245</orientation>
      <time>80</time>
    </ksState>
    <ksState>
      <x>39.349040539390714</x>
      <y>-37.109354459500636</y>
      <steeringAngle>0.49746666666666667</steeringAngle>
      <velocity>0.0</velocity>
      <orientation>0.4139075540867245</orientation>
      <time>81</time>
    </ksState>
    <ksState>
      <x>39.349040539390714</x>
      <y>-37.109354459500636</y>
      <steeringAngle>0.4619333333333333</steeringAngle>
      <velocity>0.0</velocity>
      <orientation>0.4139075540867245</orientation>
      <time>82</time>
    </ksState>
    <ksState>
      <x>39.349040539390714</x>
      <y>-37.109354459500636</y>
      <steeringAngle>0.42639999999999995</steeringAngle>
      <velocity>0.0</velocity>
      <orientation>0.4139075540867245</orientation>
      <time>83</time>
    </ksState>
    <ksState>
      <x>39.349040539390714</x>
      <y>-37.109354459500636</y>
      <steeringAngle>0.3908666666666666</steeringAngle>
      <velocity>0.0</velocity>
      <orientation>0.4139075540867245</orientation>
      <time>84</time>
    </ksState>
    <ksState>
      <x>39.349040539390714</x>
      <y>-37.109354459500636</y>
      <steeringAngle>0.3553333333333333</steeringAngle>
      <velocity>0.0</velocity>
      <orientation>0.4139075540867245</orientation>
      <time>85</time>
    </ksState>
    <ksState>
      <x>39.349040539390714</x>
      <y>-37.109354459500636</y>
      <steeringAngle>0.3198</steeringAngle>
      <velocity>0.0</velocity>
      <orientation>0.4139075540867245</orientation>
      <time>86</time>
    </ksState>
    <ksState>
      <x>39.349040539390714</x>
      <y>-37.109354459500636</y>
      <steeringAngle>0.2842666666666666</steeringAngle>
      <velocity>0.0</velocity>
      <orientation>0.4139075540867245</orientation>
      <time>87</time>
    </ksState>
    <ksState>
      <x>39.349040539390714</x>
      <y>-37.109354459500636</y>
      <steeringAngle>0.24873333333333333</steeringAngle>
      <velocity>0.0</velocity>
      <orientation>0.4139075540867245</orientation>
      <time>88</time>
    </ksState>
    <ksState>
      <x>39.349040539390714</x>
      <y>-37.109354459500636</y>
      <steeringAngle>0.21320000000000003</steeringAngle>
      <velocity>0.0</velocity>
      <orientation>0.4139075540867245</orientation>
      <time>89</time>
    </ksState>
    <ksState>
      <x>39.349040539390714</x>
      <y>-37.109354459500636</y>
      <steeringAngle>0.1776666666666667</steeringAngle>
      <velocity>0.0</velocity>
      <orientation>0.4139075540867245</orientation>
      <time>90</time>
    </ksState>
    <ksState>
      <x>39.349040539390714</x>
      <y>-37.109354459500636</y>
      <steeringAngle>0.14213333333333336</steeringAngle>
      <velocity>0.0</velocity>
      <orientation>0.4139075540867245</orientation>
      <time>91</time>
    </ksState>
    <ksState>
      <x>39.349040539390714</x>
      <y>-37.109354459500636</y>
      <steeringAngle>0.10660000000000001</steeringAngle>
      <velocity>0.0</velocity>
      <orientation>0.4139075540867245</orientation>
      <time>92</time>
    </ksState>
    <ksState>
      <x>39.349040539390714</x>
      <y>-37.109354459500636</y>
      <steeringAngle>0.07106666666666668</steeringAngle>
      <velocity>0.0</velocity>
      <orientation>0.4139075540867245</orientation>
      <time>93</time>
    </ksState>
    <ksState>
      <x>39.349040539390714</x>
      <y>-37.109354459500636</y>
      <steeringAngle>0.03553333333333333</steeringAngle>
      <velocity>0.0</velocity>
      <orientation>0.4139075540867245</orientation>
      <time>94</time>
    </ksState>
    <ksState>
      <x>39.349040539390714</x>
      <y>-37.109354459500636</y>
      <steeringAngle>0.0</steeringAngle>
      <velocity>0.0</velocity>
      <orientation>0.4139075540867245</orientation>
      <time>95</time>
    </ksState>
    <ksState>
      <x>39.3858753719228</x>
      <y>-37.09375102914259</y>
      <steeringAngle>-0.03553333333333333</steeringAngle>
      <velocity>0.8</velocity>
      <orientation>0.4135400223084826</orientation>
      <time>96</time>
    </ksState>
    <ksState>
      <x>39.49728309875813</x>
      <y>-37.04901165789295</y>
      <steeringAngle>-0.0710666666666667</steeringAngle>
      <velocity>1.6</velocity>
      <orientation>0.41096517571649693</orientation>
      <time>97</time>
    </ksState>
    <ksState>
      <x>39.6848371812796</x>
      <y>-36.97885762410295</y>
      <steeringAngle>-0.10660000000000003</steeringAngle>
      <velocity>2.4000000000000004</velocity>
      <orientation>0.4039644714796597</orientation>
      <time>98</time>
    </ksState>
    <ksState>
      <x>39.95052964153125</x>
      <y>-36.88840952309184</y>
      <steeringAngle>-0.14213333333333342</steeringAngle>
      <velocity>3.2000000000000015</velocity>
      <orientation>0.39029683053883957</orientation>
      <time>99</time>
    </ksState>
    <ksState>
      <x>40.29682104050847</x>
      <y>-36.784960808135175</y>
      <steeringAngle>-0.17766666666666683</steeringAngle>
      <velocity>4.0000000000000036</velocity>
      <orientation>0.36768691466561937</orientation>
      <time>100</time>
    </ksState>
    <ksState>
      <x>40.687244225422326</x>
      <y>-36.687754792132914</y>
      <steeringAngle>-0.21319999999999995</steeringAngle>
      <velocity>4.0</velocity>
      <orientation>0.3369791320281192</orientation>
      <time>101</time>
    </ksState>
    <ksState>
      <x>41.08327751130988</x>
      <y>-36.611511899784446</y>
      <steeringAngle>-0.24873333333333336</steeringAngle>
      <velocity>4.0</velocity>
      <orientation>0.3005002909054249</orientation>
      <time>102</time>
    </ksState>
    <ksState>
      <x>41.48430049970359</x>
      <y>-36.55895568694637</y>
      <steeringAngle>-0.2842666666666667</steeringAngle>
      <velocity>4.0</velocity>
      <orientation>0.2581530570599769</orientation>
      <time>103</time>
    </ksState>
    <ksState>
      <x>41.88925689715592</x>
      <y>-36.53290593461105</y>
      <steeringAngle>-0.31980000000000003</steeringAngle>
      <velocity>4.0</velocity>
      <orientation>0.20982237569284187</orientation>
      <time>104</time>
    </ksState>
    <ksState>
      <x>42.29658551133095</x>
      <y>-36.53624506029679</y>
      <steeringAngle>-0.35533333333333333</steeringAngle>
      <velocity>4.0</velocity>
      <orientation>0.15537417451456342</orientation>
      <time>105</time>
    </ksState>
    <ksState>
      <x>42.66348173581374</x>
      <y>-36.567042980728516</y>
      <steeringAngle>-0.3908666666666668</steeringAngle>
      <velocity>3.2000000000000006</velocity>
      <orientation>0.10083178774138082</orientation>
      <time>106</time>
    </ksState>
    <ksState>
      <x>42.94776856981288</x>
      <y>-36.611828262592034</y>
      <steeringAngle>-0.4264</steeringAngle>
      <velocity>2.3999999999999995</velocity>
      <orientation>0.05392215094486391</orientation>
      <time>107</time>
    </ksState>
    <ksState>
      <x>43.14948837697891</x>
      <y>-36.656986332628655</y>
      <steeringAngle>-0.4619333333333332</steeringAngle>
      <velocity>1.5999999999999996</velocity>
      <orientation>0.0171245264194671</orientation>
      <time>108</time>
    </ksState>
    <ksState>
      <x>43.269657877400896</x>
      <y>-36.69063338256755</y>
      <steeringAngle>-0.49746666666666656</steeringAngle>
      <velocity>0.7999999999999986</velocity>
      <orientation>-0.006968909730514422</orientation>
      <time>109</time>
    </ksState>
    <ksState>
      <x>43.30951595230365</x>
      <y>-36.70340716475988</y>
      <steeringAngle>-0.5329999999999998</steeringAngle>
      <velocity>-1.5265566588595902e-15</velocity>
      <orientation>-0.01563157586809516</orientation>
      <time>110</time>
    </ksState>
    <ksState>
      <x>43.30951595230365</x>
      <y>-36.70340716475988</y>
      <steeringAngle>-0.49746666666666667</steeringAngle>
      <velocity>0.0</velocity>
      <orientation>-0.01563157586809516</orientation>
      <time>111</time>
    </ksState>
    <ksState>
      <x>43.30951595230365</x>
      <y>-36.70340716475988</y>
      <steeringAngle>-0.4619333333333333</steeringAngle>
      <velocity>0.0</velocity>
      <orientation>-0.01563157586809516</orientation>
      <time>112</time>
    </ksState>
    <ksState>
      <x>43.30951595230365</x>
      <y>-36.70340716475988</y>
      <steeringAngle>-0.42639999999999995</steeringAngle>
      <velocity>0.0</velocity>
      <orientation>-0.01563157586809516</orientation>
      <time>113</time>
    </ksState>
    <ksState>
      <x>43.30951595230365</x>
      <y>-36.70340716475988</y>
      <steeringAngle>-0.3908666666666666</steeringAngle>
      <velocity>0.0</velocity>
      <orientation>-0.01563157586809516</orientation>
      <time>114</time>
    </ksState>
    <ksState>
      <x>43.30951595230365</x>
      <y>-36.70340716475988</y>
      <steeringAngle>-0.3553333333333333</steeringAngle>
      <velocity>0.0</velocity>
      <orientation>-0.01563157586809516</orientation>
      <time>115</time>
    </ksState>
    <ksState>
      <x>43.30951595230365</x>
      <y>-36.70340716475988</y>
      <steeringAngle>-0.3198</steeringAngle>
      <velocity>0.0</velocity>
      <orientation>-0.01563157586809516</orientation>
      <time>116</time>
    </ksState>
    <ksState>
      <x>43.30951595230365</x>
      <y>-36.70340716475988</y>
      <steeringAngle>-0.2842666666666666</steeringAngle>
      <velocity>0.0</velocity>
      <orientation>-0.01563157586809516</orientation>
      <time>117</time>
    </ksState>
    <ksState>
      <x>43.30951595230365</x>
      <y>-36.70340716475988</y>
      <steeringAngle>-0.24873333333333333</steeringAngle>
      <velocity>0.0</velocity>
      <orientation>-0.01563157586809516</orientation>
      <time>118</time>
    </ksState>
    <ksState>
      <x>43.30951595230365</x>
      <y>-36.70340716475988</y>
      <steeringAngle>-0.21320000000000003</steeringAngle>
      <velocity>0.0</velocity>
      <orientation>-0.01563157586809516</orientation>
      <time>119</time>
    </ksState>
    <ksState>
      <x>43.30951595230365</x>
      <y>-36.70340716475988</y>
      <steeringAngle>-0.1776666666666667</steeringAngle>
      <velocity>0.0</velocity>
      <orientation>-0.01563157586809516</orientation>
      <time>120</time>
    </ksState>
    <ksState>
      <x>43.30951595230365</x>
      <y>-36.70340716475988</y>
      <steeringAngle>-0.14213333333333336</steeringAngle>
      <velocity>0.0</velocity>
      <orientation>-0.01563157586809516</orientation>
      <time>121</time>
    </ksState>
    <ksState>
      <x>43.30951595230365</x>
      <y>-36.70340716475988</y>
      <steeringAngle>-0.10660000000000001</steeringAngle>
      <velocity>0.0</velocity>
      <orientation>-0.01563157586809516</orientation>
      <time>122</time>
    </ksState>
    <ksState>
      <x>43.30951595230365</x>
      <y>-36.70340716475988</y>
      <steeringAngle>-0.07106666666666668</steeringAngle>
      <velocity>0.0</velocity>
      <orientation>-0.01563157586809516</orientation>
      <time>123</time>
    </ksState>
    <ksState>
      <x>43.30951595230365</x>
      <y>-36.70340716475988</y>
      <steeringAngle>-0.03553333333333333</steeringAngle>
      <velocity>0.0</velocity>
      <orientation>-0.01563157586809516</orientation>
      <time>124</time>
    </ksState>
    <ksState>
      <x>43.30951595230365</x>
      <y>-36.70340716475988</y>
      <steeringAngle>-0.0</steeringAngle>
      <velocity>0.0</velocity>
      <orientation>-0.01563157586809516</orientation>
      <time>125</time>
    </ksState>
  </ksTrajectory>
</CommonRoadSolution>
