<?xml version="1.0" ?>
<CommonRoadSolution benchmark_id="KS2:SM1:RUS_Bicycle-2_1_T-1:2020a" computation_time="0.7204726700001629" date="2022-12-16T13:37:50">
  <ksTrajectory planningProblem="13">
    <ksState>
      <x>2.5</x>
      <y>20.0</y>
      <steeringAngle>0.0</steeringAngle>
      <velocity>8.0</velocity>
      <orientation>0.0</orientation>
      <time>0</time>
    </ksState>
    <ksState>
      <x>3.3</x>
      <y>20.0</y>
      <steeringAngle>0.0</steeringAngle>
      <velocity>8.0</velocity>
      <orientation>0.0</orientation>
      <time>1</time>
    </ksState>
    <ksState>
      <x>4.1000000000000005</x>
      <y>20.0</y>
      <steeringAngle>0.0</steeringAngle>
      <velocity>8.0</velocity>
      <orientation>0.0</orientation>
      <time>2</time>
    </ksState>
    <ksState>
      <x>4.9</x>
      <y>20.0</y>
      <steeringAngle>0.0</steeringAngle>
      <velocity>8.0</velocity>
      <orientation>0.0</orientation>
      <time>3</time>
    </ksState>
    <ksState>
      <x>5.700000000000001</x>
      <y>20.0</y>
      <steeringAngle>0.0</steeringAngle>
      <velocity>8.0</velocity>
      <orientation>0.0</orientation>
      <time>4</time>
    </ksState>
    <ksState>
      <x>6.500000000000001</x>
      <y>20.0</y>
      <steeringAngle>0.0</steeringAngle>
      <velocity>8.0</velocity>
      <orientation>0.0</orientation>
      <time>5</time>
    </ksState>
    <ksState>
      <x>7.300000000000001</x>
      <y>20.0</y>
      <steeringAngle>0.0</steeringAngle>
      <velocity>8.0</velocity>
      <orientation>0.0</orientation>
      <time>6</time>
    </ksState>
    <ksState>
      <x>8.1</x>
      <y>20.0</y>
      <steeringAngle>0.0</steeringAngle>
      <velocity>8.0</velocity>
      <orientation>0.0</orientation>
      <time>7</time>
    </ksState>
    <ksState>
      <x>8.9</x>
      <y>20.0</y>
      <steeringAngle>0.0</steeringAngle>
      <velocity>8.0</velocity>
      <orientation>0.0</orientation>
      <time>8</time>
    </ksState>
    <ksState>
      <x>9.700000000000001</x>
      <y>20.0</y>
      <steeringAngle>0.0</steeringAngle>
      <velocity>8.0</velocity>
      <orientation>0.0</orientation>
      <time>9</time>
    </ksState>
    <ksState>
      <x>10.5</x>
      <y>20.0</y>
      <steeringAngle>0.0</steeringAngle>
      <velocity>8.0</velocity>
      <orientation>0.0</orientation>
      <time>10</time>
    </ksState>
    <ksState>
      <x>11.299975905851896</x>
      <y>20.00931263804929</y>
      <steeringAngle>0.03553333333333333</steeringAngle>
      <velocity>8.0</velocity>
      <orientation>0.0055125350028387785</orientation>
      <time>11</time>
    </ksState>
    <ksState>
      <x>12.099575808382204</x>
      <y>20.04315151972491</y>
      <steeringAngle>0.07106666666666667</steeringAngle>
      <velocity>8.0</velocity>
      <orientation>0.02206405588310842</orientation>
      <time>12</time>
    </ksState>
    <ksState>
      <x>12.897651408832624</x>
      <y>20.11039509628477</y>
      <steeringAngle>0.10659999999999997</steeringAngle>
      <velocity>8.0</velocity>
      <orientation>0.04969653517380332</orientation>
      <time>13</time>
    </ksState>
    <ksState>
      <x>13.691935047384396</x>
      <y>20.219917219541234</y>
      <steeringAngle>0.1421333333333333</steeringAngle>
      <velocity>8.0</velocity>
      <orientation>0.08848038744653824</orientation>
      <time>14</time>
    </ksState>
    <ksState>
      <x>14.478728727180702</x>
      <y>20.380482042176624</y>
      <steeringAngle>0.17766666666666667</steeringAngle>
      <velocity>8.0</velocity>
      <orientation>0.13851519969569293</orientation>
      <time>15</time>
    </ksState>
    <ksState>
      <x>15.256261779400353</x>
      <y>20.581684383778885</y>
      <steeringAngle>0.14213333333333336</steeringAngle>
      <velocity>8.0</velocity>
      <orientation>0.18855001124444137</orientation>
      <time>16</time>
    </ksState>
    <ksState>
      <x>16.027433837718647</x>
      <y>20.801547900525932</y>
      <steeringAngle>0.1066000000000001</steeringAngle>
      <velocity>8.0</velocity>
      <orientation>0.2273338632514387</orientation>
      <time>17</time>
    </ksState>
    <ksState>
      <x>16.794694526052307</x>
      <y>21.031491090084863</y>
      <steeringAngle>0.07106666666666674</steeringAngle>
      <velocity>8.0</velocity>
      <orientation>0.2549663422811256</orientation>
      <time>18</time>
    </ksState>
    <ksState>
      <x>17.560807238402013</x>
      <y>21.26310672190602</y>
      <steeringAngle>0.035533333333333354</steeringAngle>
      <velocity>8.0</velocity>
      <orientation>0.27151786291015495</orientation>
      <time>19</time>
    </ksState>
    <ksState>
      <x>18.32858021269924</x>
      <y>21.488042190949713</y>
      <steeringAngle>2.0816681711721685e-17</steeringAngle>
      <velocity>8.0</velocity>
      <orientation>0.2770303893685598</orientation>
      <time>20</time>
    </ksState>
  </ksTrajectory>
</CommonRoadSolution>
