<?xml version="1.0" ?>
<CommonRoadSolution benchmark_id="KS2:SM1:ESP_Toledo-10_2_T-1:2020a" computation_time="1.3422643919993789" date="2022-12-18T12:01:12">
  <ksTrajectory planningProblem="1">
    <ksState>
      <x>-973.30533</x>
      <y>-592.51725</y>
      <steeringAngle>0.0</steeringAngle>
      <velocity>0.0</velocity>
      <orientation>1.8923776</orientation>
      <time>0</time>
    </ksState>
    <ksState>
      <x>-973.3174709810187</x>
      <y>-592.4791334877447</y>
      <steeringAngle>-0.03553333333333333</steeringAngle>
      <velocity>0.8</velocity>
      <orientation>1.8920100682217582</orientation>
      <time>1</time>
    </ksState>
    <ksState>
      <x>-973.351748551017</x>
      <y>-592.3640754974379</y>
      <steeringAngle>-0.0710666666666667</steeringAngle>
      <velocity>1.6</velocity>
      <orientation>1.8894352216297725</orientation>
      <time>2</time>
    </ksState>
    <ksState>
      <x>-973.4043122151935</x>
      <y>-592.1708523530276</y>
      <steeringAngle>-0.10660000000000003</steeringAngle>
      <velocity>2.4000000000000004</velocity>
      <orientation>1.8824345173929353</orientation>
      <time>3</time>
    </ksState>
    <ksState>
      <x>-973.4698795322619</x>
      <y>-591.8979526107346</y>
      <steeringAngle>-0.14213333333333342</steeringAngle>
      <velocity>3.2000000000000015</velocity>
      <orientation>1.868766876452115</orientation>
      <time>4</time>
    </ksState>
    <ksState>
      <x>-973.5409612602492</x>
      <y>-591.5435986103647</y>
      <steeringAngle>-0.17766666666666683</steeringAngle>
      <velocity>4.0000000000000036</velocity>
      <orientation>1.846156960578895</orientation>
      <time>5</time>
    </ksState>
    <ksState>
      <x>-973.5963596880089</x>
      <y>-591.1857634262275</y>
      <steeringAngle>-0.21319999999999997</steeringAngle>
      <velocity>3.2</velocity>
      <orientation>1.8186154150154603</orientation>
      <time>6</time>
    </ksState>
    <ksState>
      <x>-973.6264782960661</x>
      <y>-590.9050650669313</y>
      <steeringAngle>-0.24873333333333342</steeringAngle>
      <velocity>2.4000000000000004</velocity>
      <orientation>1.793177184628811</orientation>
      <time>7</time>
    </ksState>
    <ksState>
      <x>-973.6392650743367</x>
      <y>-590.7032456736731</y>
      <steeringAngle>-0.2842666666666668</steeringAngle>
      <velocity>1.600000000000001</velocity>
      <orientation>1.772102284838231</orientation>
      <time>8</time>
    </ksState>
    <ksState>
      <x>-973.6423290494271</x>
      <y>-590.5815523647426</y>
      <steeringAngle>-0.3197999999999999</steeringAngle>
      <velocity>0.8000000000000007</velocity>
      <orientation>1.7577038575375268</orientation>
      <time>9</time>
    </ksState>
    <ksState>
      <x>-973.6421874684765</x>
      <y>-590.5408374316492</y>
      <steeringAngle>-0.3553333333333332</steeringAngle>
      <velocity>5.551115123125783e-16</velocity>
      <orientation>1.7523622159017975</orientation>
      <time>10</time>
    </ksState>
    <ksState>
      <x>-973.6421874684765</x>
      <y>-590.5408374316492</y>
      <steeringAngle>-0.3198</steeringAngle>
      <velocity>0.0</velocity>
      <orientation>1.7523622159017975</orientation>
      <time>11</time>
    </ksState>
    <ksState>
      <x>-973.6421874684765</x>
      <y>-590.5408374316492</y>
      <steeringAngle>-0.2842666666666666</steeringAngle>
      <velocity>0.0</velocity>
      <orientation>1.7523622159017975</orientation>
      <time>12</time>
    </ksState>
    <ksState>
      <x>-973.6421874684765</x>
      <y>-590.5408374316492</y>
      <steeringAngle>-0.24873333333333333</steeringAngle>
      <velocity>0.0</velocity>
      <orientation>1.7523622159017975</orientation>
      <time>13</time>
    </ksState>
    <ksState>
      <x>-973.6421874684765</x>
      <y>-590.5408374316492</y>
      <steeringAngle>-0.21320000000000003</steeringAngle>
      <velocity>0.0</velocity>
      <orientation>1.7523622159017975</orientation>
      <time>14</time>
    </ksState>
    <ksState>
      <x>-973.6421874684765</x>
      <y>-590.5408374316492</y>
      <steeringAngle>-0.1776666666666667</steeringAngle>
      <velocity>0.0</velocity>
      <orientation>1.7523622159017975</orientation>
      <time>15</time>
    </ksState>
    <ksState>
      <x>-973.6459917959436</x>
      <y>-590.5008715890418</y>
      <steeringAngle>-0.14213333333333333</steeringAngle>
      <velocity>0.8</velocity>
      <orientation>1.749954718690995</orientation>
      <time>16</time>
    </ksState>
    <ksState>
      <x>-973.6590039507972</x>
      <y>-590.3813005333459</y>
      <steeringAngle>-0.10660000000000001</steeringAngle>
      <velocity>1.6</velocity>
      <orientation>1.7442304320706603</orientation>
      <time>17</time>
    </ksState>
    <ksState>
      <x>-973.6832435852245</x>
      <y>-590.182536353072</y>
      <steeringAngle>-0.07106666666666664</steeringAngle>
      <velocity>2.4000000000000004</velocity>
      <orientation>1.7374149183076817</orientation>
      <time>18</time>
    </ksState>
    <ksState>
      <x>-973.7208029486601</x>
      <y>-589.9049461417247</y>
      <steeringAngle>-0.03553333333333332</steeringAngle>
      <velocity>3.1999999999999993</velocity>
      <orientation>1.731713997594752</orientation>
      <time>19</time>
    </ksState>
    <ksState>
      <x>-973.7745572905853</x>
      <y>-589.5489644489483</y>
      <steeringAngle>2.6020852139652106e-18</steeringAngle>
      <velocity>3.999999999999999</velocity>
      <orientation>1.729325246006425</orientation>
      <time>20</time>
    </ksState>
    <ksState>
      <x>-973.8313889581403</x>
      <y>-589.1934786393539</y>
      <steeringAngle>0.0</steeringAngle>
      <velocity>3.2</velocity>
      <orientation>1.729325246006425</orientation>
      <time>21</time>
    </ksState>
    <ksState>
      <x>-973.8755913661867</x>
      <y>-588.9169896766621</y>
      <steeringAngle>0.0</steeringAngle>
      <velocity>2.4000000000000004</velocity>
      <orientation>1.729325246006425</orientation>
      <time>22</time>
    </ksState>
    <ksState>
      <x>-973.9071645147401</x>
      <y>-588.7194975607724</y>
      <steeringAngle>0.0</steeringAngle>
      <velocity>1.6</velocity>
      <orientation>1.729325246006425</orientation>
      <time>23</time>
    </ksState>
    <ksState>
      <x>-973.9261084038072</x>
      <y>-588.6010022916447</y>
      <steeringAngle>0.0</steeringAngle>
      <velocity>0.7999999999999998</velocity>
      <orientation>1.729325246006425</orientation>
      <time>24</time>
    </ksState>
    <ksState>
      <x>-973.9324230333965</x>
      <y>-588.5615038692266</y>
      <steeringAngle>0.0</steeringAngle>
      <velocity>-3.3306690738754696e-16</velocity>
      <orientation>1.729325246006425</orientation>
      <time>25</time>
    </ksState>
    <ksState>
      <x>-973.9324230333965</x>
      <y>-588.5615038692266</y>
      <steeringAngle>0.0</steeringAngle>
      <velocity>0.0</velocity>
      <orientation>1.729325246006425</orientation>
      <time>26</time>
    </ksState>
    <ksState>
      <x>-973.9324230333965</x>
      <y>-588.5615038692266</y>
      <steeringAngle>0.0</steeringAngle>
      <velocity>0.0</velocity>
      <orientation>1.729325246006425</orientation>
      <time>27</time>
    </ksState>
    <ksState>
      <x>-973.9324230333965</x>
      <y>-588.5615038692266</y>
      <steeringAngle>0.0</steeringAngle>
      <velocity>0.0</velocity>
      <orientation>1.729325246006425</orientation>
      <time>28</time>
    </ksState>
    <ksState>
      <x>-973.9324230333965</x>
      <y>-588.5615038692266</y>
      <steeringAngle>0.0</steeringAngle>
      <velocity>0.0</velocity>
      <orientation>1.729325246006425</orientation>
      <time>29</time>
    </ksState>
    <ksState>
      <x>-973.9324230333965</x>
      <y>-588.5615038692266</y>
      <steeringAngle>0.0</steeringAngle>
      <velocity>0.0</velocity>
      <orientation>1.729325246006425</orientation>
      <time>30</time>
    </ksState>
    <ksState>
      <x>-973.9324230333965</x>
      <y>-588.5615038692266</y>
      <steeringAngle>0.0</steeringAngle>
      <velocity>0.0</velocity>
      <orientation>1.729325246006425</orientation>
      <time>31</time>
    </ksState>
    <ksState>
      <x>-973.9324230333965</x>
      <y>-588.5615038692266</y>
      <steeringAngle>0.0</steeringAngle>
      <velocity>0.0</velocity>
      <orientation>1.729325246006425</orientation>
      <time>32</time>
    </ksState>
    <ksState>
      <x>-973.9324230333965</x>
      <y>-588.5615038692266</y>
      <steeringAngle>0.0</steeringAngle>
      <velocity>0.0</velocity>
      <orientation>1.729325246006425</orientation>
      <time>33</time>
    </ksState>
  </ksTrajectory>
</CommonRoadSolution>
