<?xml version="1.0" ?>
<CommonRoadSolution benchmark_id="KS2:SM1:DEU_Guetersloh-55_3_T-1:2020a" computation_time="0.7713730589998704" date="2022-12-18T12:01:12">
  <ksTrajectory planningProblem="1">
    <ksState>
      <x>-580.50377</x>
      <y>-748.46909</y>
      <steeringAngle>0.0</steeringAngle>
      <velocity>4.0</velocity>
      <orientation>2.9335787</orientation>
      <time>0</time>
    </ksState>
    <ksState>
      <x>-580.933263807963</x>
      <y>-748.3734203686329</y>
      <steeringAngle>-0.035533333333333326</steeringAngle>
      <velocity>4.799999999999999</velocity>
      <orientation>2.930454921330809</orientation>
      <time>1</time>
    </ksState>
    <ksState>
      <x>-581.4378646552343</x>
      <y>-748.2469134111802</y>
      <steeringAngle>-0.07106666666666667</steeringAngle>
      <velocity>5.599999999999998</velocity>
      <orientation>2.9196043102696363</orientation>
      <time>2</time>
    </ksState>
    <ksState>
      <x>-582.0149992049508</x>
      <y>-748.0803147864071</y>
      <steeringAngle>-0.10659999999999999</steeringAngle>
      <velocity>6.3999999999999995</velocity>
      <orientation>2.8987873612693082</orientation>
      <time>3</time>
    </ksState>
    <ksState>
      <x>-582.6603075922317</x>
      <y>-747.861006347374</y>
      <steeringAngle>-0.14213333333333333</steeringAngle>
      <velocity>7.199999999999999</velocity>
      <orientation>2.865727790288143</orientation>
      <time>4</time>
    </ksState>
    <ksState>
      <x>-583.3665654136254</x>
      <y>-747.5725814454777</y>
      <steeringAngle>-0.17766666666666664</steeringAngle>
      <velocity>7.9999999999999964</velocity>
      <orientation>2.8181004682065964</orientation>
      <time>5</time>
    </ksState>
    <ksState>
      <x>-584.0903275425544</x>
      <y>-747.2228939800514</y>
      <steeringAngle>-0.17766666666666667</steeringAngle>
      <velocity>8.0</velocity>
      <orientation>2.7623994918960846</orientation>
      <time>6</time>
    </ksState>
    <ksState>
      <x>-584.7934993624702</x>
      <y>-746.8334554179702</y>
      <steeringAngle>-0.17766666666666667</steeringAngle>
      <velocity>8.0</velocity>
      <orientation>2.7066985155855727</orientation>
      <time>7</time>
    </ksState>
    <ksState>
      <x>-585.4738997445393</x>
      <y>-746.4054737299549</y>
      <steeringAngle>-0.17766666666666667</steeringAngle>
      <velocity>8.0</velocity>
      <orientation>2.6509975392750613</orientation>
      <time>8</time>
    </ksState>
    <ksState>
      <x>-586.1294182252298</x>
      <y>-745.9402764281257</y>
      <steeringAngle>-0.17766666666666667</steeringAngle>
      <velocity>8.0</velocity>
      <orientation>2.5952965629645495</orientation>
      <time>9</time>
    </ksState>
    <ksState>
      <x>-586.7580215198393</x>
      <y>-745.4393064591064</y>
      <steeringAngle>-0.17766666666666667</steeringAngle>
      <velocity>8.0</velocity>
      <orientation>2.5395955866540376</orientation>
      <time>10</time>
    </ksState>
    <ksState>
      <x>-587.3284875265497</x>
      <y>-744.9316646762965</y>
      <steeringAngle>-0.17766666666666667</steeringAngle>
      <velocity>7.2</velocity>
      <orientation>2.4866796592096603</orientation>
      <time>11</time>
    </ksState>
    <ksState>
      <x>-587.8155143825812</x>
      <y>-744.4524414000723</y>
      <steeringAngle>-0.17766666666666667</steeringAngle>
      <velocity>6.4</velocity>
      <orientation>2.439333829416849</orientation>
      <time>12</time>
    </ksState>
    <ksState>
      <x>-588.2259898483725</x>
      <y>-744.0108651955479</y>
      <steeringAngle>-0.17766666666666667</steeringAngle>
      <velocity>5.599999999999999</velocity>
      <orientation>2.397558097261664</orientation>
      <time>13</time>
    </ksState>
    <ksState>
      <x>-588.5665530856854</x>
      <y>-743.6145822490237</y>
      <steeringAngle>-0.17766666666666667</steeringAngle>
      <velocity>4.799999999999999</velocity>
      <orientation>2.36135246274015</orientation>
      <time>14</time>
    </ksState>
    <ksState>
      <x>-588.8433609718791</x>
      <y>-743.269818824866</y>
      <steeringAngle>-0.17766666666666667</steeringAngle>
      <velocity>4.0</velocity>
      <orientation>2.33071692585082</orientation>
      <time>15</time>
    </ksState>
    <ksState>
      <x>-589.1132338613056</x>
      <y>-742.9201095688935</y>
      <steeringAngle>-0.14213333333333333</steeringAngle>
      <velocity>4.8000000000000025</velocity>
      <orientation>2.303292026132467</orientation>
      <time>16</time>
    </ksState>
    <ksState>
      <x>-589.4289784056903</x>
      <y>-742.5053922205055</y>
      <steeringAngle>-0.10660000000000003</steeringAngle>
      <velocity>5.600000000000005</velocity>
      <orientation>2.2781758138535495</orientation>
      <time>17</time>
    </ksState>
    <ksState>
      <x>-589.7913281676597</x>
      <y>-742.0262514411517</y>
      <steeringAngle>-0.07106666666666671</steeringAngle>
      <velocity>6.400000000000004</velocity>
      <orientation>2.25754404425409</orientation>
      <time>18</time>
    </ksState>
    <ksState>
      <x>-590.202897955811</x>
      <y>-741.4845695149161</y>
      <steeringAngle>-0.035533333333333375</steeringAngle>
      <velocity>7.200000000000006</velocity>
      <orientation>2.2435673761612978</orientation>
      <time>19</time>
    </ksState>
    <ksState>
      <x>-590.6687085994229</x>
      <y>-740.8840011335294</y>
      <steeringAngle>-2.6346112791397758e-17</steeringAngle>
      <velocity>8.000000000000007</velocity>
      <orientation>2.238422363381729</orientation>
      <time>20</time>
    </ksState>
    <ksState>
      <x>-591.139242439959</x>
      <y>-740.2871779571988</y>
      <steeringAngle>0.0</steeringAngle>
      <velocity>7.200000000000001</velocity>
      <orientation>2.238422363381729</orientation>
      <time>21</time>
    </ksState>
    <ksState>
      <x>-591.5602464023144</x>
      <y>-739.7531782734046</y>
      <steeringAngle>0.0</steeringAngle>
      <velocity>6.400000000000001</velocity>
      <orientation>2.238422363381729</orientation>
      <time>22</time>
    </ksState>
    <ksState>
      <x>-591.931720486613</x>
      <y>-739.2820020819898</y>
      <steeringAngle>0.0</steeringAngle>
      <velocity>5.600000000000001</velocity>
      <orientation>2.238422363381729</orientation>
      <time>23</time>
    </ksState>
    <ksState>
      <x>-592.2536646928897</x>
      <y>-738.8736493829101</y>
      <steeringAngle>0.0</steeringAngle>
      <velocity>4.800000000000001</velocity>
      <orientation>2.238422363381729</orientation>
      <time>24</time>
    </ksState>
    <ksState>
      <x>-592.5260790211574</x>
      <y>-738.528120176149</y>
      <steeringAngle>0.0</steeringAngle>
      <velocity>4.000000000000001</velocity>
      <orientation>2.238422363381729</orientation>
      <time>25</time>
    </ksState>
    <ksState>
      <x>-592.7946334014513</x>
      <y>-738.1795571914969</y>
      <steeringAngle>-0.035533333333333326</steeringAngle>
      <velocity>4.799999999999999</velocity>
      <orientation>2.235298584712538</orientation>
      <time>26</time>
    </ksState>
    <ksState>
      <x>-593.1011150240508</x>
      <y>-737.7592060997182</y>
      <steeringAngle>-0.07106666666666667</steeringAngle>
      <velocity>5.599999999999998</velocity>
      <orientation>2.2244479736513654</orientation>
      <time>27</time>
    </ksState>
    <ksState>
      <x>-593.4376202291868</x>
      <y>-737.2616082327925</y>
      <steeringAngle>-0.10659999999999999</steeringAngle>
      <velocity>6.3999999999999995</velocity>
      <orientation>2.2036310246510373</orientation>
      <time>28</time>
    </ksState>
    <ksState>
      <x>-593.7927188504322</x>
      <y>-736.6798659571101</y>
      <steeringAngle>-0.14213333333333333</steeringAngle>
      <velocity>7.199999999999999</velocity>
      <orientation>2.170571453669872</orientation>
      <time>29</time>
    </ksState>
    <ksState>
      <x>-594.1503543325407</x>
      <y>-736.0060069983876</y>
      <steeringAngle>-0.17766666666666664</steeringAngle>
      <velocity>7.9999999999999964</velocity>
      <orientation>2.1229441315883255</orientation>
      <time>30</time>
    </ksState>
    <ksState>
      <x>-594.4905889480468</x>
      <y>-735.2784903759166</y>
      <steeringAngle>-0.14213333333333336</steeringAngle>
      <velocity>8.0</velocity>
      <orientation>2.072909320039577</orientation>
      <time>31</time>
    </ksState>
    <ksState>
      <x>-594.8123868243981</x>
      <y>-734.5439888876247</y>
      <steeringAngle>-0.1066000000000001</steeringAngle>
      <velocity>8.0</velocity>
      <orientation>2.0341254680325798</orientation>
      <time>32</time>
    </ksState>
    <ksState>
      <x>-595.1239233169437</x>
      <y>-733.8060811372255</y>
      <steeringAngle>-0.07106666666666674</steeringAngle>
      <velocity>8.0</velocity>
      <orientation>2.0064929890028926</orientation>
      <time>33</time>
    </ksState>
  </ksTrajectory>
</CommonRoadSolution>
