<?xml version="1.0" ?>
<CommonRoadSolution benchmark_id="KS2:SM1:DEU_Ibbenbueren-13_3_T-1:2020a" computation_time="0.7972477030002665" date="2022-12-18T12:01:12">
  <ksTrajectory planningProblem="1">
    <ksState>
      <x>-763.77585</x>
      <y>-399.13984</y>
      <steeringAngle>0.0</steeringAngle>
      <velocity>8.0</velocity>
      <orientation>1.3906316</orientation>
      <time>0</time>
    </ksState>
    <ksState>
      <x>-763.6233391028933</x>
      <y>-398.35448110023844</y>
      <steeringAngle>-0.03553333333333333</steeringAngle>
      <velocity>8.0</velocity>
      <orientation>1.3851190649971612</orientation>
      <time>1</time>
    </ksState>
    <ksState>
      <x>-763.4467663159677</x>
      <y>-397.57388701561</y>
      <steeringAngle>-0.07106666666666667</steeringAngle>
      <velocity>8.0</velocity>
      <orientation>1.3685675441168916</orientation>
      <time>2</time>
    </ksState>
    <ksState>
      <x>-763.2376026584375</x>
      <y>-396.8007784029356</y>
      <steeringAngle>-0.10659999999999997</steeringAngle>
      <velocity>8.0</velocity>
      <orientation>1.3409350648261968</orientation>
      <time>3</time>
    </ksState>
    <ksState>
      <x>-762.987524254657</x>
      <y>-396.03897633814694</y>
      <steeringAngle>-0.1421333333333333</steeringAngle>
      <velocity>8.0</velocity>
      <orientation>1.3021512125534618</orientation>
      <time>4</time>
    </ksState>
    <ksState>
      <x>-762.6885714569756</x>
      <y>-395.29368942588167</y>
      <steeringAngle>-0.17766666666666667</steeringAngle>
      <velocity>8.0</velocity>
      <orientation>1.252116400304307</orientation>
      <time>5</time>
    </ksState>
    <ksState>
      <x>-762.3523221480292</x>
      <y>-394.6073040511969</y>
      <steeringAngle>-0.21320000000000014</steeringAngle>
      <velocity>7.200000000000003</velocity>
      <orientation>1.1938670732328143</orientation>
      <time>6</time>
    </ksState>
    <ksState>
      <x>-762.0022920238102</x>
      <y>-394.0179059704139</y>
      <steeringAngle>-0.24873333333333347</steeringAngle>
      <velocity>6.400000000000004</velocity>
      <orientation>1.1319499857470348</orientation>
      <time>7</time>
    </ksState>
    <ksState>
      <x>-761.6502917018189</x>
      <y>-393.52390783313314</y>
      <steeringAngle>-0.2842666666666668</steeringAngle>
      <velocity>5.600000000000001</velocity>
      <orientation>1.0685278429831138</orientation>
      <time>8</time>
    </ksState>
    <ksState>
      <x>-761.3092975208262</x>
      <y>-393.1214953149805</y>
      <steeringAngle>-0.3198</steeringAngle>
      <velocity>4.800000000000002</velocity>
      <orientation>1.005798743241161</orientation>
      <time>9</time>
    </ksState>
    <ksState>
      <x>-760.9925157204895</x>
      <y>-392.80466256447215</y>
      <steeringAngle>-0.3553333333333332</steeringAngle>
      <velocity>4.000000000000001</velocity>
      <orientation>0.9460089091929463</orientation>
      <time>10</time>
    </ksState>
    <ksState>
      <x>-760.7125518536042</x>
      <y>-392.5655358518671</y>
      <steeringAngle>-0.3908666666666668</steeringAngle>
      <velocity>3.2000000000000006</velocity>
      <orientation>0.8914665224197638</orientation>
      <time>11</time>
    </ksState>
    <ksState>
      <x>-760.480752745236</x>
      <y>-392.39496651459757</y>
      <steeringAngle>-0.4264</steeringAngle>
      <velocity>2.3999999999999995</velocity>
      <orientation>0.8445568856232468</orientation>
      <time>12</time>
    </ksState>
    <ksState>
      <x>-760.3067658341324</x>
      <y>-392.28334802752136</y>
      <steeringAngle>-0.4619333333333332</steeringAngle>
      <velocity>1.5999999999999996</velocity>
      <orientation>0.80775926109785</orientation>
      <time>13</time>
    </ksState>
    <ksState>
      <x>-760.1983229747345</x>
      <y>-392.22159870325896</y>
      <steeringAngle>-0.49746666666666656</steeringAngle>
      <velocity>0.7999999999999986</velocity>
      <orientation>0.7836658249478685</orientation>
      <time>14</time>
    </ksState>
    <ksState>
      <x>-760.1612074296111</x>
      <y>-392.2022525936596</y>
      <steeringAngle>-0.5329999999999998</steeringAngle>
      <velocity>-1.5265566588595902e-15</velocity>
      <orientation>0.7750031588102877</orientation>
      <time>15</time>
    </ksState>
    <ksState>
      <x>-760.1612074296111</x>
      <y>-392.2022525936596</y>
      <steeringAngle>-0.49746666666666667</steeringAngle>
      <velocity>0.0</velocity>
      <orientation>0.7750031588102877</orientation>
      <time>16</time>
    </ksState>
    <ksState>
      <x>-760.1612074296111</x>
      <y>-392.2022525936596</y>
      <steeringAngle>-0.4619333333333333</steeringAngle>
      <velocity>0.0</velocity>
      <orientation>0.7750031588102877</orientation>
      <time>17</time>
    </ksState>
    <ksState>
      <x>-760.1612074296111</x>
      <y>-392.2022525936596</y>
      <steeringAngle>-0.42639999999999995</steeringAngle>
      <velocity>0.0</velocity>
      <orientation>0.7750031588102877</orientation>
      <time>18</time>
    </ksState>
    <ksState>
      <x>-760.1612074296111</x>
      <y>-392.2022525936596</y>
      <steeringAngle>-0.3908666666666666</steeringAngle>
      <velocity>0.0</velocity>
      <orientation>0.7750031588102877</orientation>
      <time>19</time>
    </ksState>
    <ksState>
      <x>-760.1612074296111</x>
      <y>-392.2022525936596</y>
      <steeringAngle>-0.3553333333333333</steeringAngle>
      <velocity>0.0</velocity>
      <orientation>0.7750031588102877</orientation>
      <time>20</time>
    </ksState>
    <ksState>
      <x>-760.1612074296111</x>
      <y>-392.2022525936596</y>
      <steeringAngle>-0.3198</steeringAngle>
      <velocity>0.0</velocity>
      <orientation>0.7750031588102877</orientation>
      <time>21</time>
    </ksState>
    <ksState>
      <x>-760.1612074296111</x>
      <y>-392.2022525936596</y>
      <steeringAngle>-0.2842666666666666</steeringAngle>
      <velocity>0.0</velocity>
      <orientation>0.7750031588102877</orientation>
      <time>22</time>
    </ksState>
    <ksState>
      <x>-760.1612074296111</x>
      <y>-392.2022525936596</y>
      <steeringAngle>-0.24873333333333333</steeringAngle>
      <velocity>0.0</velocity>
      <orientation>0.7750031588102877</orientation>
      <time>23</time>
    </ksState>
    <ksState>
      <x>-760.1612074296111</x>
      <y>-392.2022525936596</y>
      <steeringAngle>-0.21320000000000003</steeringAngle>
      <velocity>0.0</velocity>
      <orientation>0.7750031588102877</orientation>
      <time>24</time>
    </ksState>
    <ksState>
      <x>-760.1612074296111</x>
      <y>-392.2022525936596</y>
      <steeringAngle>-0.1776666666666667</steeringAngle>
      <velocity>0.0</velocity>
      <orientation>0.7750031588102877</orientation>
      <time>25</time>
    </ksState>
    <ksState>
      <x>-760.1612074296111</x>
      <y>-392.2022525936596</y>
      <steeringAngle>-0.14213333333333336</steeringAngle>
      <velocity>0.0</velocity>
      <orientation>0.7750031588102877</orientation>
      <time>26</time>
    </ksState>
    <ksState>
      <x>-760.1612074296111</x>
      <y>-392.2022525936596</y>
      <steeringAngle>-0.10660000000000001</steeringAngle>
      <velocity>0.0</velocity>
      <orientation>0.7750031588102877</orientation>
      <time>27</time>
    </ksState>
    <ksState>
      <x>-760.1612074296111</x>
      <y>-392.2022525936596</y>
      <steeringAngle>-0.07106666666666668</steeringAngle>
      <velocity>0.0</velocity>
      <orientation>0.7750031588102877</orientation>
      <time>28</time>
    </ksState>
    <ksState>
      <x>-760.1612074296111</x>
      <y>-392.2022525936596</y>
      <steeringAngle>-0.03553333333333333</steeringAngle>
      <velocity>0.0</velocity>
      <orientation>0.7750031588102877</orientation>
      <time>29</time>
    </ksState>
    <ksState>
      <x>-760.1612074296111</x>
      <y>-392.2022525936596</y>
      <steeringAngle>-0.0</steeringAngle>
      <velocity>0.0</velocity>
      <orientation>0.7750031588102877</orientation>
      <time>30</time>
    </ksState>
    <ksState>
      <x>-760.1322607465562</x>
      <y>-392.1746416996732</y>
      <steeringAngle>-0.03553333333333333</steeringAngle>
      <velocity>0.8</velocity>
      <orientation>0.7746356270320457</orientation>
      <time>31</time>
    </ksState>
    <ksState>
      <x>-760.043844062407</x>
      <y>-392.09342727421523</y>
      <steeringAngle>-0.0710666666666667</steeringAngle>
      <velocity>1.6</velocity>
      <orientation>0.7720607804400601</orientation>
      <time>32</time>
    </ksState>
    <ksState>
      <x>-759.8931706624303</x>
      <y>-391.9615347085909</y>
      <steeringAngle>-0.10660000000000003</steeringAngle>
      <velocity>2.4000000000000004</velocity>
      <orientation>0.7650600762032229</orientation>
      <time>33</time>
    </ksState>
  </ksTrajectory>
</CommonRoadSolution>
