<?xml version="1.0" ?>
<CommonRoadSolution benchmark_id="KS2:SM1:DEU_Lohmar-33_1_T-1:2020a" computation_time="1.316681681999853" date="2022-12-18T12:01:12">
  <ksTrajectory planningProblem="123">
    <ksState>
      <x>27.793001</x>
      <y>595.55584</y>
      <steeringAngle>0.0</steeringAngle>
      <velocity>12.0</velocity>
      <orientation>-3.7770939</orientation>
      <time>0</time>
    </ksState>
    <ksState>
      <x>26.85946285038328</x>
      <y>596.2443939354885</y>
      <steeringAngle>0.0</steeringAngle>
      <velocity>11.200000000000001</velocity>
      <orientation>-3.7770939</orientation>
      <time>1</time>
    </ksState>
    <ksState>
      <x>25.990306642509456</x>
      <y>596.8854613923799</y>
      <steeringAngle>0.0</steeringAngle>
      <velocity>10.4</velocity>
      <orientation>-3.7770939</orientation>
      <time>2</time>
    </ksState>
    <ksState>
      <x>25.18553237612929</x>
      <y>597.4790423708577</y>
      <steeringAngle>0.0</steeringAngle>
      <velocity>9.599999999999998</velocity>
      <orientation>-3.7770939</orientation>
      <time>3</time>
    </ksState>
    <ksState>
      <x>24.445140051171954</x>
      <y>598.0251368709745</y>
      <steeringAngle>0.0</steeringAngle>
      <velocity>8.799999999999999</velocity>
      <orientation>-3.7770939</orientation>
      <time>4</time>
    </ksState>
    <ksState>
      <x>23.769129667614276</x>
      <y>598.5237448927471</y>
      <steeringAngle>0.0</steeringAngle>
      <velocity>7.999999999999997</velocity>
      <orientation>-3.7770939</orientation>
      <time>5</time>
    </ksState>
    <ksState>
      <x>23.13085744897621</x>
      <y>599.006089945677</y>
      <steeringAngle>-0.03553333333333333</steeringAngle>
      <velocity>8.0</velocity>
      <orientation>-3.782606435002839</orientation>
      <time>6</time>
    </ksState>
    <ksState>
      <x>22.5074461398416</x>
      <y>599.5079498999297</y>
      <steeringAngle>-0.07106666666666667</steeringAngle>
      <velocity>8.0</velocity>
      <orientation>-3.7991579558831083</orientation>
      <time>7</time>
    </ksState>
    <ksState>
      <x>21.905089941292967</x>
      <y>600.0357882963095</y>
      <steeringAngle>-0.10659999999999997</steeringAngle>
      <velocity>8.0</velocity>
      <orientation>-3.8267904351738036</orientation>
      <time>8</time>
    </ksState>
    <ksState>
      <x>21.33088115724668</x>
      <y>600.5954005426711</y>
      <steeringAngle>-0.1421333333333333</steeringAngle>
      <velocity>8.0</velocity>
      <orientation>-3.865574287446538</orientation>
      <time>9</time>
    </ksState>
    <ksState>
      <x>20.79299807474379</x>
      <y>601.191644742972</y>
      <steeringAngle>-0.17766666666666667</steeringAngle>
      <velocity>8.0</velocity>
      <orientation>-3.915609099695693</orientation>
      <time>10</time>
    </ksState>
    <ksState>
      <x>20.286689365310515</x>
      <y>601.8150960404381</y>
      <steeringAngle>-0.14213333333333336</steeringAngle>
      <velocity>8.0</velocity>
      <orientation>-3.9656439112444413</orientation>
      <time>11</time>
    </ksState>
    <ksState>
      <x>19.79657673869715</x>
      <y>602.4497896064694</y>
      <steeringAngle>-0.1066000000000001</steeringAngle>
      <velocity>8.0</velocity>
      <orientation>-4.004427763251439</orientation>
      <time>12</time>
    </ksState>
    <ksState>
      <x>19.31559498405399</x>
      <y>603.0902733189766</y>
      <steeringAngle>-0.07106666666666674</steeringAngle>
      <velocity>8.0</velocity>
      <orientation>-4.032060242281125</orientation>
      <time>13</time>
    </ksState>
    <ksState>
      <x>18.836529820857677</x>
      <y>603.7314215532715</y>
      <steeringAngle>-0.035533333333333354</steeringAngle>
      <velocity>8.0</velocity>
      <orientation>-4.048611762910155</orientation>
      <time>14</time>
    </ksState>
    <ksState>
      <x>18.35216330400697</x>
      <y>604.3681792643745</y>
      <steeringAngle>-2.0816681711721685e-17</steeringAngle>
      <velocity>8.0</velocity>
      <orientation>-4.05412428936856</orientation>
      <time>15</time>
    </ksState>
    <ksState>
      <x>17.870148813144276</x>
      <y>605.0067011557528</y>
      <steeringAngle>-0.03553333333333333</steeringAngle>
      <velocity>8.0</velocity>
      <orientation>-4.059636824371399</orientation>
      <time>16</time>
    </ksState>
    <ksState>
      <x>17.407765947826473</x>
      <y>605.6599294159346</y>
      <steeringAngle>-0.07106666666666667</steeringAngle>
      <velocity>8.0</velocity>
      <orientation>-4.076188345251668</orientation>
      <time>17</time>
    </ksState>
    <ksState>
      <x>16.97274051729307</x>
      <y>606.3323870260574</y>
      <steeringAngle>-0.10659999999999997</steeringAngle>
      <velocity>8.0</velocity>
      <orientation>-4.103820824542363</orientation>
      <time>18</time>
    </ksState>
    <ksState>
      <x>16.573479455955905</x>
      <y>607.0277086774199</y>
      <steeringAngle>-0.1421333333333333</steeringAngle>
      <velocity>8.0</velocity>
      <orientation>-4.142604676815099</orientation>
      <time>19</time>
    </ksState>
    <ksState>
      <x>16.21917792178403</x>
      <y>607.7483304781717</y>
      <steeringAngle>-0.17766666666666667</steeringAngle>
      <velocity>8.0</velocity>
      <orientation>-4.192639489064253</orientation>
      <time>20</time>
    </ksState>
    <ksState>
      <x>15.902688042788853</x>
      <y>608.4864864143084</y>
      <steeringAngle>-0.14213333333333336</steeringAngle>
      <velocity>8.0</velocity>
      <orientation>-4.242674300613001</orientation>
      <time>21</time>
    </ksState>
    <ksState>
      <x>15.604851486012139</x>
      <y>609.231026335988</y>
      <steeringAngle>-0.1066000000000001</steeringAngle>
      <velocity>8.0</velocity>
      <orientation>-4.281458152619999</orientation>
      <time>22</time>
    </ksState>
    <ksState>
      <x>15.31738126592021</x>
      <y>609.978638338866</y>
      <steeringAngle>-0.07106666666666674</steeringAngle>
      <velocity>8.0</velocity>
      <orientation>-4.309090631649686</orientation>
      <time>23</time>
    </ksState>
    <ksState>
      <x>15.03193630824757</x>
      <y>610.7263653378883</y>
      <steeringAngle>-0.035533333333333354</steeringAngle>
      <velocity>8.0</velocity>
      <orientation>-4.325642152278715</orientation>
      <time>24</time>
    </ksState>
    <ksState>
      <x>14.74019131745824</x>
      <y>611.4713191389018</y>
      <steeringAngle>-2.0816681711721685e-17</steeringAngle>
      <velocity>8.0</velocity>
      <orientation>-4.33115467873712</orientation>
      <time>25</time>
    </ksState>
    <ksState>
      <x>14.451191178441213</x>
      <y>612.2173265750705</y>
      <steeringAngle>-0.03553333333333333</steeringAngle>
      <velocity>8.0</velocity>
      <orientation>-4.3366672137399584</orientation>
      <time>26</time>
    </ksState>
    <ksState>
      <x>14.185096346598238</x>
      <y>612.9721103947871</y>
      <steeringAngle>-0.07106666666666667</steeringAngle>
      <velocity>8.0</velocity>
      <orientation>-4.353218734620228</orientation>
      <time>27</time>
    </ksState>
    <ksState>
      <x>13.950575097979966</x>
      <y>613.7379081138811</y>
      <steeringAngle>-0.10659999999999997</steeringAngle>
      <velocity>8.0</velocity>
      <orientation>-4.380851213910923</orientation>
      <time>28</time>
    </ksState>
    <ksState>
      <x>13.756707916087205</x>
      <y>614.5159165391174</y>
      <steeringAngle>-0.1421333333333333</steeringAngle>
      <velocity>8.0</velocity>
      <orientation>-4.419635066183658</orientation>
      <time>29</time>
    </ksState>
    <ksState>
      <x>13.613005641427149</x>
      <y>615.3059640143318</y>
      <steeringAngle>-0.17766666666666667</steeringAngle>
      <velocity>8.0</velocity>
      <orientation>-4.469669878432812</orientation>
      <time>30</time>
    </ksState>
    <ksState>
      <x>13.532232750094739</x>
      <y>616.0660062634036</y>
      <steeringAngle>-0.21320000000000014</steeringAngle>
      <velocity>7.200000000000003</velocity>
      <orientation>-4.527919205504305</orientation>
      <time>31</time>
    </ksState>
    <ksState>
      <x>13.51475869615024</x>
      <y>616.7512841945601</y>
      <steeringAngle>-0.24873333333333347</steeringAngle>
      <velocity>6.400000000000004</velocity>
      <orientation>-4.589836292990085</orientation>
      <time>32</time>
    </ksState>
    <ksState>
      <x>13.549740601000776</x>
      <y>617.3568538872065</y>
      <steeringAngle>-0.2842666666666668</steeringAngle>
      <velocity>5.600000000000001</velocity>
      <orientation>-4.653258435754005</orientation>
      <time>33</time>
    </ksState>
    <ksState>
      <x>13.624163213626755</x>
      <y>617.879035982808</y>
      <steeringAngle>-0.3198</steeringAngle>
      <velocity>4.800000000000002</velocity>
      <orientation>-4.715987535495958</orientation>
      <time>34</time>
    </ksState>
    <ksState>
      <x>13.723649963843325</x>
      <y>618.3158838823687</y>
      <steeringAngle>-0.3553333333333332</steeringAngle>
      <velocity>4.000000000000001</velocity>
      <orientation>-4.775777369544173</orientation>
      <time>35</time>
    </ksState>
    <ksState>
      <x>13.84955871981873</x>
      <y>618.7459600131613</y>
      <steeringAngle>-0.31979999999999975</steeringAngle>
      <velocity>4.800000000000001</velocity>
      <orientation>-4.835567204575922</orientation>
      <time>36</time>
    </ksState>
    <ksState>
      <x>14.018092093739867</x>
      <y>619.245890797537</y>
      <steeringAngle>-0.28426666666666645</steeringAngle>
      <velocity>5.600000000000004</velocity>
      <orientation>-4.8982963047072445</orientation>
      <time>37</time>
    </ksState>
    <ksState>
      <x>14.236135308463144</x>
      <y>619.8120671397086</y>
      <steeringAngle>-0.2487333333333331</steeringAngle>
      <velocity>6.400000000000004</velocity>
      <orientation>-4.9617184413999205</orientation>
      <time>38</time>
    </ksState>
    <ksState>
      <x>14.509392546854032</x>
      <y>620.4409064647249</y>
      <steeringAngle>-0.21319999999999992</steeringAngle>
      <velocity>7.200000000000004</velocity>
      <orientation>-5.02363553007772</orientation>
      <time>39</time>
    </ksState>
    <ksState>
      <x>14.841828893859066</x>
      <y>621.1293124742423</y>
      <steeringAngle>-0.17766666666666656</steeringAngle>
      <velocity>8.000000000000004</velocity>
      <orientation>-5.081884859678685</orientation>
      <time>40</time>
    </ksState>
    <ksState>
      <x>15.224430384285615</x>
      <y>621.8362276334173</y>
      <steeringAngle>-0.17766666666666667</steeringAngle>
      <velocity>8.0</velocity>
      <orientation>-5.137585835989197</orientation>
      <time>41</time>
    </ksState>
    <ksState>
      <x>15.645794019171237</x>
      <y>622.5207462154555</y>
      <steeringAngle>-0.17766666666666667</steeringAngle>
      <velocity>8.0</velocity>
      <orientation>-5.193286812299709</orientation>
      <time>42</time>
    </ksState>
    <ksState>
      <x>16.104612801213417</x>
      <y>623.1807449506372</y>
      <steeringAngle>-0.17766666666666667</steeringAngle>
      <velocity>8.0</velocity>
      <orientation>-5.24898778861022</orientation>
      <time>43</time>
    </ksState>
    <ksState>
      <x>16.59946356790131</x>
      <y>623.8141766571883</y>
      <steeringAngle>-0.17766666666666667</steeringAngle>
      <velocity>8.0</velocity>
      <orientation>-5.304688764920733</orientation>
      <time>44</time>
    </ksState>
    <ksState>
      <x>17.128811393607172</x>
      <y>624.4190765590513</y>
      <steeringAngle>-0.17766666666666667</steeringAngle>
      <velocity>8.0</velocity>
      <orientation>-5.360389741231244</orientation>
      <time>45</time>
    </ksState>
    <ksState>
      <x>17.691014329415754</x>
      <y>624.993568335943</y>
      <steeringAngle>-0.17766666666666667</steeringAngle>
      <velocity>8.0</velocity>
      <orientation>-5.416090717541755</orientation>
      <time>46</time>
    </ksState>
    <ksState>
      <x>18.28432857699078</x>
      <y>625.5358701021066</y>
      <steeringAngle>-0.17766666666666667</steeringAngle>
      <velocity>8.0</velocity>
      <orientation>-5.471791693852268</orientation>
      <time>47</time>
    </ksState>
    <ksState>
      <x>18.906913774822886</x>
      <y>626.0442997202806</y>
      <steeringAngle>-0.17766666666666667</steeringAngle>
      <velocity>8.0</velocity>
      <orientation>-5.527492670162779</orientation>
      <time>48</time>
    </ksState>
    <ksState>
      <x>19.55683879030465</x>
      <y>626.5172801452527</y>
      <steeringAngle>-0.17766666666666667</steeringAngle>
      <velocity>8.0</velocity>
      <orientation>-5.583193646473291</orientation>
      <time>49</time>
    </ksState>
    <ksState>
      <x>20.23208768907032</x>
      <y>626.9533442879762</y>
      <steeringAngle>-0.17766666666666667</steeringAngle>
      <velocity>8.0</velocity>
      <orientation>-5.638894622783803</orientation>
      <time>50</time>
    </ksState>
    <ksState>
      <x>20.895123513067837</x>
      <y>627.3321782101142</y>
      <steeringAngle>-0.17766666666666667</steeringAngle>
      <velocity>7.2</velocity>
      <orientation>-5.691810550228181</orientation>
      <time>51</time>
    </ksState>
    <ksState>
      <x>21.504620069417765</x>
      <y>627.6409889203698</y>
      <steeringAngle>-0.17766666666666667</steeringAngle>
      <velocity>6.4</velocity>
      <orientation>-5.739156380020991</orientation>
      <time>52</time>
    </ksState>
    <ksState>
      <x>22.054026569166624</x>
      <y>627.889247153773</y>
      <steeringAngle>-0.17766666666666667</steeringAngle>
      <velocity>5.599999999999999</velocity>
      <orientation>-5.780932112176176</orientation>
      <time>53</time>
    </ksState>
    <ksState>
      <x>22.538212749952844</x>
      <y>628.0856834911716</y>
      <steeringAngle>-0.17766666666666667</steeringAngle>
      <velocity>4.799999999999999</velocity>
      <orientation>-5.817137746697691</orientation>
      <time>54</time>
    </ksState>
    <ksState>
      <x>22.953240389084062</x>
      <y>628.2381186683881</y>
      <steeringAngle>-0.17766666666666667</steeringAngle>
      <velocity>4.0</velocity>
      <orientation>-5.847773283587021</orientation>
      <time>55</time>
    </ksState>
    <ksState>
      <x>23.29463927126479</x>
      <y>628.3568021612696</y>
      <steeringAngle>-0.1421333333333333</steeringAngle>
      <velocity>3.1999999999999993</velocity>
      <orientation>-5.870383198560463</orientation>
      <time>56</time>
    </ksState>
    <ksState>
      <x>23.55959395059347</x>
      <y>628.4494274477172</y>
      <steeringAngle>-0.10659999999999997</steeringAngle>
      <velocity>2.3999999999999977</velocity>
      <orientation>-5.88405083943117</orientation>
      <time>57</time>
    </ksState>
    <ksState>
      <x>23.748000262447402</x>
      <y>628.5172729586191</y>
      <steeringAngle>-0.07106666666666664</steeringAngle>
      <velocity>1.5999999999999976</velocity>
      <orientation>-5.891051545284389</orientation>
      <time>58</time>
    </ksState>
    <ksState>
      <x>23.86035244380305</x>
      <y>628.5595874636407</y>
      <steeringAngle>-0.0355333333333333</steeringAngle>
      <velocity>0.7999999999999972</velocity>
      <orientation>-5.8936263897583565</orientation>
      <time>59</time>
    </ksState>
    <ksState>
      <x>23.89755734111239</x>
      <y>628.5742867982024</y>
      <steeringAngle>2.5153490401663703e-17</steeringAngle>
      <velocity>-2.914335439641036e-15</velocity>
      <orientation>-5.893993901336888</orientation>
      <time>60</time>
    </ksState>
    <ksState>
      <x>23.89755734111239</x>
      <y>628.5742867982024</y>
      <steeringAngle>0.0</steeringAngle>
      <velocity>0.0</velocity>
      <orientation>-5.893993901336888</orientation>
      <time>61</time>
    </ksState>
    <ksState>
      <x>23.89755734111239</x>
      <y>628.5742867982024</y>
      <steeringAngle>0.0</steeringAngle>
      <velocity>0.0</velocity>
      <orientation>-5.893993901336888</orientation>
      <time>62</time>
    </ksState>
    <ksState>
      <x>23.89755734111239</x>
      <y>628.5742867982024</y>
      <steeringAngle>0.0</steeringAngle>
      <velocity>0.0</velocity>
      <orientation>-5.893993901336888</orientation>
      <time>63</time>
    </ksState>
    <ksState>
      <x>23.89755734111239</x>
      <y>628.5742867982024</y>
      <steeringAngle>0.0</steeringAngle>
      <velocity>0.0</velocity>
      <orientation>-5.893993901336888</orientation>
      <time>64</time>
    </ksState>
    <ksState>
      <x>23.89755734111239</x>
      <y>628.5742867982024</y>
      <steeringAngle>0.0</steeringAngle>
      <velocity>0.0</velocity>
      <orientation>-5.893993901336888</orientation>
      <time>65</time>
    </ksState>
    <ksState>
      <x>23.89755734111239</x>
      <y>628.5742867982024</y>
      <steeringAngle>0.0</steeringAngle>
      <velocity>0.0</velocity>
      <orientation>-5.893993901336888</orientation>
      <time>66</time>
    </ksState>
    <ksState>
      <x>23.89755734111239</x>
      <y>628.5742867982024</y>
      <steeringAngle>0.0</steeringAngle>
      <velocity>0.0</velocity>
      <orientation>-5.893993901336888</orientation>
      <time>67</time>
    </ksState>
    <ksState>
      <x>23.89755734111239</x>
      <y>628.5742867982024</y>
      <steeringAngle>0.0</steeringAngle>
      <velocity>0.0</velocity>
      <orientation>-5.893993901336888</orientation>
      <time>68</time>
    </ksState>
    <ksState>
      <x>23.89755734111239</x>
      <y>628.5742867982024</y>
      <steeringAngle>0.0</steeringAngle>
      <velocity>0.0</velocity>
      <orientation>-5.893993901336888</orientation>
      <time>69</time>
    </ksState>
    <ksState>
      <x>23.89755734111239</x>
      <y>628.5742867982024</y>
      <steeringAngle>0.0</steeringAngle>
      <velocity>0.0</velocity>
      <orientation>-5.893993901336888</orientation>
      <time>70</time>
    </ksState>
    <ksState>
      <x>23.89755734111239</x>
      <y>628.5742867982024</y>
      <steeringAngle>0.0</steeringAngle>
      <velocity>0.0</velocity>
      <orientation>-5.893993901336888</orientation>
      <time>71</time>
    </ksState>
    <ksState>
      <x>23.89755734111239</x>
      <y>628.5742867982024</y>
      <steeringAngle>0.0</steeringAngle>
      <velocity>0.0</velocity>
      <orientation>-5.893993901336888</orientation>
      <time>72</time>
    </ksState>
    <ksState>
      <x>23.89755734111239</x>
      <y>628.5742867982024</y>
      <steeringAngle>0.0</steeringAngle>
      <velocity>0.0</velocity>
      <orientation>-5.893993901336888</orientation>
      <time>73</time>
    </ksState>
    <ksState>
      <x>23.89755734111239</x>
      <y>628.5742867982024</y>
      <steeringAngle>0.0</steeringAngle>
      <velocity>0.0</velocity>
      <orientation>-5.893993901336888</orientation>
      <time>74</time>
    </ksState>
    <ksState>
      <x>23.89755734111239</x>
      <y>628.5742867982024</y>
      <steeringAngle>0.0</steeringAngle>
      <velocity>0.0</velocity>
      <orientation>-5.893993901336888</orientation>
      <time>75</time>
    </ksState>
    <ksState>
      <x>23.89755734111239</x>
      <y>628.5742867982024</y>
      <steeringAngle>0.0</steeringAngle>
      <velocity>0.0</velocity>
      <orientation>-5.893993901336888</orientation>
      <time>76</time>
    </ksState>
    <ksState>
      <x>23.89755734111239</x>
      <y>628.5742867982024</y>
      <steeringAngle>0.0</steeringAngle>
      <velocity>0.0</velocity>
      <orientation>-5.893993901336888</orientation>
      <time>77</time>
    </ksState>
    <ksState>
      <x>23.89755734111239</x>
      <y>628.5742867982024</y>
      <steeringAngle>0.0</steeringAngle>
      <velocity>0.0</velocity>
      <orientation>-5.893993901336888</orientation>
      <time>78</time>
    </ksState>
    <ksState>
      <x>23.89755734111239</x>
      <y>628.5742867982024</y>
      <steeringAngle>0.0</steeringAngle>
      <velocity>0.0</velocity>
      <orientation>-5.893993901336888</orientation>
      <time>79</time>
    </ksState>
    <ksState>
      <x>23.89755734111239</x>
      <y>628.5742867982024</y>
      <steeringAngle>0.0</steeringAngle>
      <velocity>0.0</velocity>
      <orientation>-5.893993901336888</orientation>
      <time>80</time>
    </ksState>
    <ksState>
      <x>23.89755734111239</x>
      <y>628.5742867982024</y>
      <steeringAngle>0.0</steeringAngle>
      <velocity>0.0</velocity>
      <orientation>-5.893993901336888</orientation>
      <time>81</time>
    </ksState>
    <ksState>
      <x>23.89755734111239</x>
      <y>628.5742867982024</y>
      <steeringAngle>0.0</steeringAngle>
      <velocity>0.0</velocity>
      <orientation>-5.893993901336888</orientation>
      <time>82</time>
    </ksState>
    <ksState>
      <x>23.89755734111239</x>
      <y>628.5742867982024</y>
      <steeringAngle>0.0</steeringAngle>
      <velocity>0.0</velocity>
      <orientation>-5.893993901336888</orientation>
      <time>83</time>
    </ksState>
    <ksState>
      <x>23.89755734111239</x>
      <y>628.5742867982024</y>
      <steeringAngle>0.0</steeringAngle>
      <velocity>0.0</velocity>
      <orientation>-5.893993901336888</orientation>
      <time>84</time>
    </ksState>
    <ksState>
      <x>23.89755734111239</x>
      <y>628.5742867982024</y>
      <steeringAngle>0.0</steeringAngle>
      <velocity>0.0</velocity>
      <orientation>-5.893993901336888</orientation>
      <time>85</time>
    </ksState>
    <ksState>
      <x>23.89755734111239</x>
      <y>628.5742867982024</y>
      <steeringAngle>0.0</steeringAngle>
      <velocity>0.0</velocity>
      <orientation>-5.893993901336888</orientation>
      <time>86</time>
    </ksState>
    <ksState>
      <x>23.89755734111239</x>
      <y>628.5742867982024</y>
      <steeringAngle>0.0</steeringAngle>
      <velocity>0.0</velocity>
      <orientation>-5.893993901336888</orientation>
      <time>87</time>
    </ksState>
    <ksState>
      <x>23.89755734111239</x>
      <y>628.5742867982024</y>
      <steeringAngle>0.0</steeringAngle>
      <velocity>0.0</velocity>
      <orientation>-5.893993901336888</orientation>
      <time>88</time>
    </ksState>
    <ksState>
      <x>23.89755734111239</x>
      <y>628.5742867982024</y>
      <steeringAngle>0.0</steeringAngle>
      <velocity>0.0</velocity>
      <orientation>-5.893993901336888</orientation>
      <time>89</time>
    </ksState>
    <ksState>
      <x>23.89755734111239</x>
      <y>628.5742867982024</y>
      <steeringAngle>0.0</steeringAngle>
      <velocity>0.0</velocity>
      <orientation>-5.893993901336888</orientation>
      <time>90</time>
    </ksState>
    <ksState>
      <x>23.89755734111239</x>
      <y>628.5742867982024</y>
      <steeringAngle>0.0</steeringAngle>
      <velocity>0.0</velocity>
      <orientation>-5.893993901336888</orientation>
      <time>91</time>
    </ksState>
    <ksState>
      <x>23.89755734111239</x>
      <y>628.5742867982024</y>
      <steeringAngle>0.0</steeringAngle>
      <velocity>0.0</velocity>
      <orientation>-5.893993901336888</orientation>
      <time>92</time>
    </ksState>
    <ksState>
      <x>23.89755734111239</x>
      <y>628.5742867982024</y>
      <steeringAngle>0.0</steeringAngle>
      <velocity>0.0</velocity>
      <orientation>-5.893993901336888</orientation>
      <time>93</time>
    </ksState>
    <ksState>
      <x>23.89755734111239</x>
      <y>628.5742867982024</y>
      <steeringAngle>0.0</steeringAngle>
      <velocity>0.0</velocity>
      <orientation>-5.893993901336888</orientation>
      <time>94</time>
    </ksState>
    <ksState>
      <x>23.89755734111239</x>
      <y>628.5742867982024</y>
      <steeringAngle>0.0</steeringAngle>
      <velocity>0.0</velocity>
      <orientation>-5.893993901336888</orientation>
      <time>95</time>
    </ksState>
    <ksState>
      <x>23.89755734111239</x>
      <y>628.5742867982024</y>
      <steeringAngle>0.0</steeringAngle>
      <velocity>0.0</velocity>
      <orientation>-5.893993901336888</orientation>
      <time>96</time>
    </ksState>
    <ksState>
      <x>23.89755734111239</x>
      <y>628.5742867982024</y>
      <steeringAngle>0.0</steeringAngle>
      <velocity>0.0</velocity>
      <orientation>-5.893993901336888</orientation>
      <time>97</time>
    </ksState>
    <ksState>
      <x>23.89755734111239</x>
      <y>628.5742867982024</y>
      <steeringAngle>0.0</steeringAngle>
      <velocity>0.0</velocity>
      <orientation>-5.893993901336888</orientation>
      <time>98</time>
    </ksState>
    <ksState>
      <x>23.89755734111239</x>
      <y>628.5742867982024</y>
      <steeringAngle>0.0</steeringAngle>
      <velocity>0.0</velocity>
      <orientation>-5.893993901336888</orientation>
      <time>99</time>
    </ksState>
  </ksTrajectory>
</CommonRoadSolution>
