<?xml version="1.0" ?>
<CommonRoadSolution benchmark_id="KS2:SM1:FRA_MoissyCramayel-2_1_T-1:2020a" computation_time="1.3377663579994987" date="2022-12-18T12:01:12">
  <ksTrajectory planningProblem="1">
    <ksState>
      <x>-207.04788</x>
      <y>-358.04411</y>
      <steeringAngle>0.0</steeringAngle>
      <velocity>8.0</velocity>
      <orientation>-1.2581729</orientation>
      <time>0</time>
    </ksState>
    <ksState>
      <x>-206.79298138688947</x>
      <y>-358.8024469120683</y>
      <steeringAngle>0.03553333333333333</steeringAngle>
      <velocity>8.0</velocity>
      <orientation>-1.252660364997161</orientation>
      <time>1</time>
    </ksState>
    <ksState>
      <x>-206.5148609593754</x>
      <y>-359.55288285326446</y>
      <steeringAngle>0.07106666666666667</steeringAngle>
      <velocity>8.0</velocity>
      <orientation>-1.2361088441168915</orientation>
      <time>2</time>
    </ksState>
    <ksState>
      <x>-206.2054237709082</x>
      <y>-360.29159456226625</y>
      <steeringAngle>0.10659999999999997</steeringAngle>
      <velocity>8.0</velocity>
      <orientation>-1.2084763648261967</orientation>
      <time>3</time>
    </ksState>
    <ksState>
      <x>-205.85692351761566</x>
      <y>-361.01369508671473</y>
      <steeringAngle>0.1421333333333333</steeringAngle>
      <velocity>8.0</velocity>
      <orientation>-1.1696925125534616</orientation>
      <time>4</time>
    </ksState>
    <ksState>
      <x>-205.46215818632072</x>
      <y>-361.71297020427784</y>
      <steeringAngle>0.17766666666666667</steeringAngle>
      <velocity>8.0</velocity>
      <orientation>-1.1196577003043071</orientation>
      <time>5</time>
    </ksState>
    <ksState>
      <x>-205.04601553602575</x>
      <y>-362.35324900220263</y>
      <steeringAngle>0.17766666666666667</steeringAngle>
      <velocity>7.2</velocity>
      <orientation>-1.0667417728599298</orientation>
      <time>6</time>
    </ksState>
    <ksState>
      <x>-204.64542881764444</x>
      <y>-362.90676538680873</y>
      <steeringAngle>0.17766666666666667</steeringAngle>
      <velocity>6.4</velocity>
      <orientation>-1.0193959430671184</orientation>
      <time>7</time>
    </ksState>
    <ksState>
      <x>-204.270556922231</x>
      <y>-363.3789419580699</y>
      <steeringAngle>0.17766666666666667</steeringAngle>
      <velocity>5.599999999999999</velocity>
      <orientation>-0.9776202109119339</orientation>
      <time>8</time>
    </ksState>
    <ksState>
      <x>-203.92995697288512</x>
      <y>-363.7751933515318</y>
      <steeringAngle>0.17766666666666667</steeringAngle>
      <velocity>4.799999999999999</velocity>
      <orientation>-0.9414145763904194</orientation>
      <time>9</time>
    </ksState>
    <ksState>
      <x>-203.63070981661818</x>
      <y>-364.1006707915519</y>
      <steeringAngle>0.17766666666666667</steeringAngle>
      <velocity>4.0</velocity>
      <orientation>-0.9107790395010893</orientation>
      <time>10</time>
    </ksState>
    <ksState>
      <x>-203.32553076215217</x>
      <y>-364.4200352931414</y>
      <steeringAngle>0.14213333333333333</steeringAngle>
      <velocity>4.8000000000000025</velocity>
      <orientation>-0.8833541397827369</orientation>
      <time>11</time>
    </ksState>
    <ksState>
      <x>-202.96297585706824</x>
      <y>-364.79452032243125</y>
      <steeringAngle>0.10660000000000003</steeringAngle>
      <velocity>5.600000000000005</velocity>
      <orientation>-0.858237927503819</orientation>
      <time>12</time>
    </ksState>
    <ksState>
      <x>-202.5437333673197</x>
      <y>-365.22476324361486</y>
      <steeringAngle>0.07106666666666671</steeringAngle>
      <velocity>6.400000000000004</velocity>
      <orientation>-0.8376061579043594</orientation>
      <time>13</time>
    </ksState>
    <ksState>
      <x>-202.07005717023904</x>
      <y>-365.71306628481807</y>
      <steeringAngle>0.035533333333333375</steeringAngle>
      <velocity>7.200000000000006</velocity>
      <orientation>-0.8236294898115673</orientation>
      <time>14</time>
    </ksState>
    <ksState>
      <x>-201.5463150138985</x>
      <y>-366.2638439986876</y>
      <steeringAngle>2.6346112791397758e-17</steeringAngle>
      <velocity>8.000000000000007</velocity>
      <orientation>-0.8184844770319988</orientation>
      <time>15</time>
    </ksState>
    <ksState>
      <x>-201.0332872126166</x>
      <y>-366.82459794972857</y>
      <steeringAngle>-0.03553333333333333</steeringAngle>
      <velocity>7.199999999999999</velocity>
      <orientation>-0.8236294900144912</orientation>
      <time>16</time>
    </ksState>
    <ksState>
      <x>-200.5889746454712</x>
      <y>-367.3397222235589</y>
      <steeringAngle>-0.07106666666666664</steeringAngle>
      <velocity>6.400000000000001</velocity>
      <orientation>-0.8376061621354542</orientation>
      <time>17</time>
    </ksState>
    <ksState>
      <x>-200.2137556850083</x>
      <y>-367.8088012058159</y>
      <steeringAngle>-0.10659999999999997</steeringAngle>
      <velocity>5.600000000000004</velocity>
      <orientation>-0.8582379300013356</orientation>
      <time>18</time>
    </ksState>
    <ksState>
      <x>-199.90585992949093</x>
      <y>-368.22932502603845</y>
      <steeringAngle>-0.1421333333333333</steeringAngle>
      <velocity>4.800000000000003</velocity>
      <orientation>-0.8833541375099838</orientation>
      <time>19</time>
    </ksState>
    <ksState>
      <x>-199.66166389647285</x>
      <y>-368.5973748910287</y>
      <steeringAngle>-0.17766666666666653</steeringAngle>
      <velocity>4.000000000000006</velocity>
      <orientation>-0.9107790340951336</orientation>
      <time>20</time>
    </ksState>
    <ksState>
      <x>-199.4729666905047</x>
      <y>-368.9060141980548</y>
      <steeringAngle>-0.17766666666666667</steeringAngle>
      <velocity>3.2000000000000006</velocity>
      <orientation>-0.9358444733633112</orientation>
      <time>21</time>
    </ksState>
    <ksState>
      <x>-199.3315851901877</x>
      <y>-369.1492796276527</y>
      <steeringAngle>-0.17766666666666667</steeringAngle>
      <velocity>2.4000000000000012</velocity>
      <orientation>-0.955339814993341</orientation>
      <time>22</time>
    </ksState>
    <ksState>
      <x>-199.23351520663306</x>
      <y>-369.32470519073536</y>
      <steeringAngle>-0.17766666666666667</steeringAngle>
      <velocity>1.6000000000000005</velocity>
      <orientation>-0.969265058992322</orientation>
      <time>23</time>
    </ksState>
    <ksState>
      <x>-199.17584911763248</x>
      <y>-369.43061004740616</y>
      <steeringAngle>-0.17766666666666667</steeringAngle>
      <velocity>0.8000000000000004</velocity>
      <orientation>-0.977620205363076</orientation>
      <time>24</time>
    </ksState>
    <ksState>
      <x>-199.1568239785766</x>
      <y>-369.4660182837487</y>
      <steeringAngle>-0.17766666666666667</steeringAngle>
      <velocity>2.7755575615628914e-16</velocity>
      <orientation>-0.9804052541092915</orientation>
      <time>25</time>
    </ksState>
    <ksState>
      <x>-199.1568239785766</x>
      <y>-369.4660182837487</y>
      <steeringAngle>-0.14213333333333336</steeringAngle>
      <velocity>0.0</velocity>
      <orientation>-0.9804052541092915</orientation>
      <time>26</time>
    </ksState>
    <ksState>
      <x>-199.1568239785766</x>
      <y>-369.4660182837487</y>
      <steeringAngle>-0.10660000000000001</steeringAngle>
      <velocity>0.0</velocity>
      <orientation>-0.9804052541092915</orientation>
      <time>27</time>
    </ksState>
    <ksState>
      <x>-199.1568239785766</x>
      <y>-369.4660182837487</y>
      <steeringAngle>-0.07106666666666668</steeringAngle>
      <velocity>0.0</velocity>
      <orientation>-0.9804052541092915</orientation>
      <time>28</time>
    </ksState>
    <ksState>
      <x>-199.1568239785766</x>
      <y>-369.4660182837487</y>
      <steeringAngle>-0.03553333333333333</steeringAngle>
      <velocity>0.0</velocity>
      <orientation>-0.9804052541092915</orientation>
      <time>29</time>
    </ksState>
    <ksState>
      <x>-199.1568239785766</x>
      <y>-369.4660182837487</y>
      <steeringAngle>-0.0</steeringAngle>
      <velocity>0.0</velocity>
      <orientation>-0.9804052541092915</orientation>
      <time>30</time>
    </ksState>
    <ksState>
      <x>-199.1568239785766</x>
      <y>-369.4660182837487</y>
      <steeringAngle>0.0</steeringAngle>
      <velocity>0.0</velocity>
      <orientation>-0.9804052541092915</orientation>
      <time>31</time>
    </ksState>
    <ksState>
      <x>-199.1568239785766</x>
      <y>-369.4660182837487</y>
      <steeringAngle>0.0</steeringAngle>
      <velocity>0.0</velocity>
      <orientation>-0.9804052541092915</orientation>
      <time>32</time>
    </ksState>
    <ksState>
      <x>-199.1568239785766</x>
      <y>-369.4660182837487</y>
      <steeringAngle>0.0</steeringAngle>
      <velocity>0.0</velocity>
      <orientation>-0.9804052541092915</orientation>
      <time>33</time>
    </ksState>
  </ksTrajectory>
</CommonRoadSolution>
