<?xml version="1.0" ?>
<CommonRoadSolution benchmark_id="KS2:SM1:DEU_Lohmar-45_1_T-1:2020a" computation_time="1.33393266100029" date="2022-12-18T12:01:12">
  <ksTrajectory planningProblem="123">
    <ksState>
      <x>80.421683</x>
      <y>-544.97833</y>
      <steeringAngle>0.0</steeringAngle>
      <velocity>16.0</velocity>
      <orientation>-0.075246438</orientation>
      <time>0</time>
    </ksState>
    <ksState>
      <x>81.97726870246144</x>
      <y>-545.095603702307</y>
      <steeringAngle>0.0</steeringAngle>
      <velocity>15.2</velocity>
      <orientation>-0.075246438</orientation>
      <time>1</time>
    </ksState>
    <ksState>
      <x>83.45308077859355</x>
      <y>-545.2068633685558</y>
      <steeringAngle>0.0</steeringAngle>
      <velocity>14.400000000000002</velocity>
      <orientation>-0.075246438</orientation>
      <time>2</time>
    </ksState>
    <ksState>
      <x>84.84911922876542</x>
      <y>-545.3121089987744</y>
      <steeringAngle>0.0</steeringAngle>
      <velocity>13.600000000000001</velocity>
      <orientation>-0.075246438</orientation>
      <time>3</time>
    </ksState>
    <ksState>
      <x>86.16538405308884</x>
      <y>-545.4113405929711</y>
      <steeringAngle>0.0</steeringAngle>
      <velocity>12.800000000000004</velocity>
      <orientation>-0.075246438</orientation>
      <time>4</time>
    </ksState>
    <ksState>
      <x>87.40187525159911</x>
      <y>-545.5045581511486</y>
      <steeringAngle>0.0</steeringAngle>
      <velocity>12.000000000000002</velocity>
      <orientation>-0.075246438</orientation>
      <time>5</time>
    </ksState>
    <ksState>
      <x>88.5585928249854</x>
      <y>-545.5917616733589</y>
      <steeringAngle>0.0</steeringAngle>
      <velocity>11.200000000000001</velocity>
      <orientation>-0.075246438</orientation>
      <time>6</time>
    </ksState>
    <ksState>
      <x>89.63553677213764</x>
      <y>-545.6729511595181</y>
      <steeringAngle>0.0</steeringAngle>
      <velocity>10.4</velocity>
      <orientation>-0.075246438</orientation>
      <time>7</time>
    </ksState>
    <ksState>
      <x>90.63270709336467</x>
      <y>-545.7481266096498</y>
      <steeringAngle>0.0</steeringAngle>
      <velocity>9.599999999999998</velocity>
      <orientation>-0.075246438</orientation>
      <time>8</time>
    </ksState>
    <ksState>
      <x>91.55010378875426</x>
      <y>-545.8172880237604</y>
      <steeringAngle>0.0</steeringAngle>
      <velocity>8.799999999999999</velocity>
      <orientation>-0.075246438</orientation>
      <time>9</time>
    </ksState>
    <ksState>
      <x>92.38772685833509</x>
      <y>-545.8804354018522</y>
      <steeringAngle>0.0</steeringAngle>
      <velocity>7.999999999999997</velocity>
      <orientation>-0.075246438</orientation>
      <time>10</time>
    </ksState>
    <ksState>
      <x>93.14490814063437</x>
      <y>-545.9461546854135</y>
      <steeringAngle>-0.03553333333333333</steeringAngle>
      <velocity>7.199999999999999</velocity>
      <orientation>-0.08039145098249233</orientation>
      <time>11</time>
    </ksState>
    <ksState>
      <x>93.8206191921036</x>
      <y>-546.0247756096952</y>
      <steeringAngle>-0.07106666666666664</steeringAngle>
      <velocity>6.400000000000001</velocity>
      <orientation>-0.09436812310345544</orientation>
      <time>12</time>
    </ksState>
    <ksState>
      <x>94.41430018802222</x>
      <y>-546.1162482010608</y>
      <steeringAngle>-0.10659999999999997</steeringAngle>
      <velocity>5.600000000000004</velocity>
      <orientation>-0.1149998909693368</orientation>
      <time>13</time>
    </ksState>
    <ksState>
      <x>94.92555627411298</x>
      <y>-546.2175265011816</y>
      <steeringAngle>-0.1421333333333333</steeringAngle>
      <velocity>4.800000000000003</velocity>
      <orientation>-0.14011609847798506</orientation>
      <time>14</time>
    </ksState>
    <ksState>
      <x>95.35440360122475</x>
      <y>-546.323273253804</y>
      <steeringAngle>-0.17766666666666653</steeringAngle>
      <velocity>4.000000000000006</velocity>
      <orientation>-0.16754099506313486</orientation>
      <time>15</time>
    </ksState>
    <ksState>
      <x>95.7021865059333</x>
      <y>-546.4228318223666</y>
      <steeringAngle>-0.17766666666666667</steeringAngle>
      <velocity>3.2000000000000006</velocity>
      <orientation>-0.19260643433131244</orientation>
      <time>16</time>
    </ksState>
    <ksState>
      <x>95.97089483511564</x>
      <y>-546.5062742078633</y>
      <steeringAngle>-0.17766666666666667</steeringAngle>
      <velocity>2.4000000000000012</velocity>
      <orientation>-0.21210177596134222</orientation>
      <time>17</time>
    </ksState>
    <ksState>
      <x>96.16180812370199</x>
      <y>-546.5690752118236</y>
      <steeringAngle>-0.17766666666666667</steeringAngle>
      <velocity>1.6000000000000005</velocity>
      <orientation>-0.2260270199603232</orientation>
      <time>18</time>
    </ksState>
    <ksState>
      <x>96.275929816329</x>
      <y>-546.6080297463354</y>
      <steeringAngle>-0.17766666666666667</steeringAngle>
      <velocity>0.8000000000000004</velocity>
      <orientation>-0.2343821663310773</orientation>
      <time>19</time>
    </ksState>
    <ksState>
      <x>96.31389755908344</x>
      <y>-546.6212263226761</y>
      <steeringAngle>-0.17766666666666667</steeringAngle>
      <velocity>2.7755575615628914e-16</velocity>
      <orientation>-0.23716721507729266</orientation>
      <time>20</time>
    </ksState>
    <ksState>
      <x>96.31389755908344</x>
      <y>-546.6212263226761</y>
      <steeringAngle>-0.14213333333333336</steeringAngle>
      <velocity>0.0</velocity>
      <orientation>-0.23716721507729266</orientation>
      <time>21</time>
    </ksState>
    <ksState>
      <x>96.31389755908344</x>
      <y>-546.6212263226761</y>
      <steeringAngle>-0.10660000000000001</steeringAngle>
      <velocity>0.0</velocity>
      <orientation>-0.23716721507729266</orientation>
      <time>22</time>
    </ksState>
    <ksState>
      <x>96.31389755908344</x>
      <y>-546.6212263226761</y>
      <steeringAngle>-0.07106666666666668</steeringAngle>
      <velocity>0.0</velocity>
      <orientation>-0.23716721507729266</orientation>
      <time>23</time>
    </ksState>
    <ksState>
      <x>96.31389755908344</x>
      <y>-546.6212263226761</y>
      <steeringAngle>-0.03553333333333333</steeringAngle>
      <velocity>0.0</velocity>
      <orientation>-0.23716721507729266</orientation>
      <time>24</time>
    </ksState>
    <ksState>
      <x>96.31389755908344</x>
      <y>-546.6212263226761</y>
      <steeringAngle>-0.0</steeringAngle>
      <velocity>0.0</velocity>
      <orientation>-0.23716721507729266</orientation>
      <time>25</time>
    </ksState>
    <ksState>
      <x>96.31389755908344</x>
      <y>-546.6212263226761</y>
      <steeringAngle>0.0</steeringAngle>
      <velocity>0.0</velocity>
      <orientation>-0.23716721507729266</orientation>
      <time>26</time>
    </ksState>
    <ksState>
      <x>96.31389755908344</x>
      <y>-546.6212263226761</y>
      <steeringAngle>0.0</steeringAngle>
      <velocity>0.0</velocity>
      <orientation>-0.23716721507729266</orientation>
      <time>27</time>
    </ksState>
    <ksState>
      <x>96.31389755908344</x>
      <y>-546.6212263226761</y>
      <steeringAngle>0.0</steeringAngle>
      <velocity>0.0</velocity>
      <orientation>-0.23716721507729266</orientation>
      <time>28</time>
    </ksState>
    <ksState>
      <x>96.31389755908344</x>
      <y>-546.6212263226761</y>
      <steeringAngle>0.0</steeringAngle>
      <velocity>0.0</velocity>
      <orientation>-0.23716721507729266</orientation>
      <time>29</time>
    </ksState>
    <ksState>
      <x>96.31389755908344</x>
      <y>-546.6212263226761</y>
      <steeringAngle>0.0</steeringAngle>
      <velocity>0.0</velocity>
      <orientation>-0.23716721507729266</orientation>
      <time>30</time>
    </ksState>
    <ksState>
      <x>96.31389755908344</x>
      <y>-546.6212263226761</y>
      <steeringAngle>0.0</steeringAngle>
      <velocity>0.0</velocity>
      <orientation>-0.23716721507729266</orientation>
      <time>31</time>
    </ksState>
    <ksState>
      <x>96.31389755908344</x>
      <y>-546.6212263226761</y>
      <steeringAngle>0.0</steeringAngle>
      <velocity>0.0</velocity>
      <orientation>-0.23716721507729266</orientation>
      <time>32</time>
    </ksState>
    <ksState>
      <x>96.31389755908344</x>
      <y>-546.6212263226761</y>
      <steeringAngle>0.0</steeringAngle>
      <velocity>0.0</velocity>
      <orientation>-0.23716721507729266</orientation>
      <time>33</time>
    </ksState>
    <ksState>
      <x>96.31389755908344</x>
      <y>-546.6212263226761</y>
      <steeringAngle>0.0</steeringAngle>
      <velocity>0.0</velocity>
      <orientation>-0.23716721507729266</orientation>
      <time>34</time>
    </ksState>
    <ksState>
      <x>96.31389755908344</x>
      <y>-546.6212263226761</y>
      <steeringAngle>0.0</steeringAngle>
      <velocity>0.0</velocity>
      <orientation>-0.23716721507729266</orientation>
      <time>35</time>
    </ksState>
    <ksState>
      <x>96.31389755908344</x>
      <y>-546.6212263226761</y>
      <steeringAngle>0.0</steeringAngle>
      <velocity>0.0</velocity>
      <orientation>-0.23716721507729266</orientation>
      <time>36</time>
    </ksState>
    <ksState>
      <x>96.31389755908344</x>
      <y>-546.6212263226761</y>
      <steeringAngle>0.0</steeringAngle>
      <velocity>0.0</velocity>
      <orientation>-0.23716721507729266</orientation>
      <time>37</time>
    </ksState>
    <ksState>
      <x>96.31389755908344</x>
      <y>-546.6212263226761</y>
      <steeringAngle>0.0</steeringAngle>
      <velocity>0.0</velocity>
      <orientation>-0.23716721507729266</orientation>
      <time>38</time>
    </ksState>
    <ksState>
      <x>96.31389755908344</x>
      <y>-546.6212263226761</y>
      <steeringAngle>0.0</steeringAngle>
      <velocity>0.0</velocity>
      <orientation>-0.23716721507729266</orientation>
      <time>39</time>
    </ksState>
    <ksState>
      <x>96.31389755908344</x>
      <y>-546.6212263226761</y>
      <steeringAngle>0.0</steeringAngle>
      <velocity>0.0</velocity>
      <orientation>-0.23716721507729266</orientation>
      <time>40</time>
    </ksState>
    <ksState>
      <x>96.31389755908344</x>
      <y>-546.6212263226761</y>
      <steeringAngle>0.0</steeringAngle>
      <velocity>0.0</velocity>
      <orientation>-0.23716721507729266</orientation>
      <time>41</time>
    </ksState>
    <ksState>
      <x>96.31389755908344</x>
      <y>-546.6212263226761</y>
      <steeringAngle>0.0</steeringAngle>
      <velocity>0.0</velocity>
      <orientation>-0.23716721507729266</orientation>
      <time>42</time>
    </ksState>
    <ksState>
      <x>96.31389755908344</x>
      <y>-546.6212263226761</y>
      <steeringAngle>0.0</steeringAngle>
      <velocity>0.0</velocity>
      <orientation>-0.23716721507729266</orientation>
      <time>43</time>
    </ksState>
    <ksState>
      <x>96.31389755908344</x>
      <y>-546.6212263226761</y>
      <steeringAngle>0.0</steeringAngle>
      <velocity>0.0</velocity>
      <orientation>-0.23716721507729266</orientation>
      <time>44</time>
    </ksState>
    <ksState>
      <x>96.31389755908344</x>
      <y>-546.6212263226761</y>
      <steeringAngle>0.0</steeringAngle>
      <velocity>0.0</velocity>
      <orientation>-0.23716721507729266</orientation>
      <time>45</time>
    </ksState>
    <ksState>
      <x>96.31389755908344</x>
      <y>-546.6212263226761</y>
      <steeringAngle>0.0</steeringAngle>
      <velocity>0.0</velocity>
      <orientation>-0.23716721507729266</orientation>
      <time>46</time>
    </ksState>
    <ksState>
      <x>96.31389755908344</x>
      <y>-546.6212263226761</y>
      <steeringAngle>0.0</steeringAngle>
      <velocity>0.0</velocity>
      <orientation>-0.23716721507729266</orientation>
      <time>47</time>
    </ksState>
    <ksState>
      <x>96.31389755908344</x>
      <y>-546.6212263226761</y>
      <steeringAngle>0.0</steeringAngle>
      <velocity>0.0</velocity>
      <orientation>-0.23716721507729266</orientation>
      <time>48</time>
    </ksState>
    <ksState>
      <x>96.31389755908344</x>
      <y>-546.6212263226761</y>
      <steeringAngle>0.0</steeringAngle>
      <velocity>0.0</velocity>
      <orientation>-0.23716721507729266</orientation>
      <time>49</time>
    </ksState>
    <ksState>
      <x>96.31389755908344</x>
      <y>-546.6212263226761</y>
      <steeringAngle>0.0</steeringAngle>
      <velocity>0.0</velocity>
      <orientation>-0.23716721507729266</orientation>
      <time>50</time>
    </ksState>
    <ksState>
      <x>96.31389755908344</x>
      <y>-546.6212263226761</y>
      <steeringAngle>0.0</steeringAngle>
      <velocity>0.0</velocity>
      <orientation>-0.23716721507729266</orientation>
      <time>51</time>
    </ksState>
    <ksState>
      <x>96.31389755908344</x>
      <y>-546.6212263226761</y>
      <steeringAngle>0.0</steeringAngle>
      <velocity>0.0</velocity>
      <orientation>-0.23716721507729266</orientation>
      <time>52</time>
    </ksState>
    <ksState>
      <x>96.31389755908344</x>
      <y>-546.6212263226761</y>
      <steeringAngle>0.0</steeringAngle>
      <velocity>0.0</velocity>
      <orientation>-0.23716721507729266</orientation>
      <time>53</time>
    </ksState>
    <ksState>
      <x>96.31389755908344</x>
      <y>-546.6212263226761</y>
      <steeringAngle>0.0</steeringAngle>
      <velocity>0.0</velocity>
      <orientation>-0.23716721507729266</orientation>
      <time>54</time>
    </ksState>
    <ksState>
      <x>96.31389755908344</x>
      <y>-546.6212263226761</y>
      <steeringAngle>0.0</steeringAngle>
      <velocity>0.0</velocity>
      <orientation>-0.23716721507729266</orientation>
      <time>55</time>
    </ksState>
    <ksState>
      <x>96.31389755908344</x>
      <y>-546.6212263226761</y>
      <steeringAngle>0.0</steeringAngle>
      <velocity>0.0</velocity>
      <orientation>-0.23716721507729266</orientation>
      <time>56</time>
    </ksState>
    <ksState>
      <x>96.31389755908344</x>
      <y>-546.6212263226761</y>
      <steeringAngle>0.0</steeringAngle>
      <velocity>0.0</velocity>
      <orientation>-0.23716721507729266</orientation>
      <time>57</time>
    </ksState>
    <ksState>
      <x>96.31389755908344</x>
      <y>-546.6212263226761</y>
      <steeringAngle>0.0</steeringAngle>
      <velocity>0.0</velocity>
      <orientation>-0.23716721507729266</orientation>
      <time>58</time>
    </ksState>
    <ksState>
      <x>96.31389755908344</x>
      <y>-546.6212263226761</y>
      <steeringAngle>0.0</steeringAngle>
      <velocity>0.0</velocity>
      <orientation>-0.23716721507729266</orientation>
      <time>59</time>
    </ksState>
    <ksState>
      <x>96.31389755908344</x>
      <y>-546.6212263226761</y>
      <steeringAngle>0.0</steeringAngle>
      <velocity>0.0</velocity>
      <orientation>-0.23716721507729266</orientation>
      <time>60</time>
    </ksState>
    <ksState>
      <x>96.31389755908344</x>
      <y>-546.6212263226761</y>
      <steeringAngle>0.0</steeringAngle>
      <velocity>0.0</velocity>
      <orientation>-0.23716721507729266</orientation>
      <time>61</time>
    </ksState>
    <ksState>
      <x>96.31389755908344</x>
      <y>-546.6212263226761</y>
      <steeringAngle>0.0</steeringAngle>
      <velocity>0.0</velocity>
      <orientation>-0.23716721507729266</orientation>
      <time>62</time>
    </ksState>
    <ksState>
      <x>96.31389755908344</x>
      <y>-546.6212263226761</y>
      <steeringAngle>0.0</steeringAngle>
      <velocity>0.0</velocity>
      <orientation>-0.23716721507729266</orientation>
      <time>63</time>
    </ksState>
    <ksState>
      <x>96.31389755908344</x>
      <y>-546.6212263226761</y>
      <steeringAngle>0.0</steeringAngle>
      <velocity>0.0</velocity>
      <orientation>-0.23716721507729266</orientation>
      <time>64</time>
    </ksState>
    <ksState>
      <x>96.31389755908344</x>
      <y>-546.6212263226761</y>
      <steeringAngle>0.0</steeringAngle>
      <velocity>0.0</velocity>
      <orientation>-0.23716721507729266</orientation>
      <time>65</time>
    </ksState>
    <ksState>
      <x>96.31389755908344</x>
      <y>-546.6212263226761</y>
      <steeringAngle>0.0</steeringAngle>
      <velocity>0.0</velocity>
      <orientation>-0.23716721507729266</orientation>
      <time>66</time>
    </ksState>
    <ksState>
      <x>96.31389755908344</x>
      <y>-546.6212263226761</y>
      <steeringAngle>0.0</steeringAngle>
      <velocity>0.0</velocity>
      <orientation>-0.23716721507729266</orientation>
      <time>67</time>
    </ksState>
    <ksState>
      <x>96.31389755908344</x>
      <y>-546.6212263226761</y>
      <steeringAngle>0.0</steeringAngle>
      <velocity>0.0</velocity>
      <orientation>-0.23716721507729266</orientation>
      <time>68</time>
    </ksState>
    <ksState>
      <x>96.31389755908344</x>
      <y>-546.6212263226761</y>
      <steeringAngle>0.0</steeringAngle>
      <velocity>0.0</velocity>
      <orientation>-0.23716721507729266</orientation>
      <time>69</time>
    </ksState>
    <ksState>
      <x>96.31389755908344</x>
      <y>-546.6212263226761</y>
      <steeringAngle>0.0</steeringAngle>
      <velocity>0.0</velocity>
      <orientation>-0.23716721507729266</orientation>
      <time>70</time>
    </ksState>
    <ksState>
      <x>96.31389755908344</x>
      <y>-546.6212263226761</y>
      <steeringAngle>0.0</steeringAngle>
      <velocity>0.0</velocity>
      <orientation>-0.23716721507729266</orientation>
      <time>71</time>
    </ksState>
    <ksState>
      <x>96.31389755908344</x>
      <y>-546.6212263226761</y>
      <steeringAngle>0.0</steeringAngle>
      <velocity>0.0</velocity>
      <orientation>-0.23716721507729266</orientation>
      <time>72</time>
    </ksState>
    <ksState>
      <x>96.31389755908344</x>
      <y>-546.6212263226761</y>
      <steeringAngle>0.0</steeringAngle>
      <velocity>0.0</velocity>
      <orientation>-0.23716721507729266</orientation>
      <time>73</time>
    </ksState>
    <ksState>
      <x>96.31389755908344</x>
      <y>-546.6212263226761</y>
      <steeringAngle>0.0</steeringAngle>
      <velocity>0.0</velocity>
      <orientation>-0.23716721507729266</orientation>
      <time>74</time>
    </ksState>
    <ksState>
      <x>96.31389755908344</x>
      <y>-546.6212263226761</y>
      <steeringAngle>0.0</steeringAngle>
      <velocity>0.0</velocity>
      <orientation>-0.23716721507729266</orientation>
      <time>75</time>
    </ksState>
    <ksState>
      <x>96.31389755908344</x>
      <y>-546.6212263226761</y>
      <steeringAngle>0.0</steeringAngle>
      <velocity>0.0</velocity>
      <orientation>-0.23716721507729266</orientation>
      <time>76</time>
    </ksState>
    <ksState>
      <x>96.31389755908344</x>
      <y>-546.6212263226761</y>
      <steeringAngle>0.0</steeringAngle>
      <velocity>0.0</velocity>
      <orientation>-0.23716721507729266</orientation>
      <time>77</time>
    </ksState>
    <ksState>
      <x>96.31389755908344</x>
      <y>-546.6212263226761</y>
      <steeringAngle>0.0</steeringAngle>
      <velocity>0.0</velocity>
      <orientation>-0.23716721507729266</orientation>
      <time>78</time>
    </ksState>
    <ksState>
      <x>96.31389755908344</x>
      <y>-546.6212263226761</y>
      <steeringAngle>0.0</steeringAngle>
      <velocity>0.0</velocity>
      <orientation>-0.23716721507729266</orientation>
      <time>79</time>
    </ksState>
    <ksState>
      <x>96.31389755908344</x>
      <y>-546.6212263226761</y>
      <steeringAngle>0.0</steeringAngle>
      <velocity>0.0</velocity>
      <orientation>-0.23716721507729266</orientation>
      <time>80</time>
    </ksState>
    <ksState>
      <x>96.31389755908344</x>
      <y>-546.6212263226761</y>
      <steeringAngle>0.0</steeringAngle>
      <velocity>0.0</velocity>
      <orientation>-0.23716721507729266</orientation>
      <time>81</time>
    </ksState>
    <ksState>
      <x>96.31389755908344</x>
      <y>-546.6212263226761</y>
      <steeringAngle>0.0</steeringAngle>
      <velocity>0.0</velocity>
      <orientation>-0.23716721507729266</orientation>
      <time>82</time>
    </ksState>
    <ksState>
      <x>96.31389755908344</x>
      <y>-546.6212263226761</y>
      <steeringAngle>0.0</steeringAngle>
      <velocity>0.0</velocity>
      <orientation>-0.23716721507729266</orientation>
      <time>83</time>
    </ksState>
    <ksState>
      <x>96.31389755908344</x>
      <y>-546.6212263226761</y>
      <steeringAngle>0.0</steeringAngle>
      <velocity>0.0</velocity>
      <orientation>-0.23716721507729266</orientation>
      <time>84</time>
    </ksState>
    <ksState>
      <x>96.31389755908344</x>
      <y>-546.6212263226761</y>
      <steeringAngle>0.0</steeringAngle>
      <velocity>0.0</velocity>
      <orientation>-0.23716721507729266</orientation>
      <time>85</time>
    </ksState>
    <ksState>
      <x>96.31389755908344</x>
      <y>-546.6212263226761</y>
      <steeringAngle>0.0</steeringAngle>
      <velocity>0.0</velocity>
      <orientation>-0.23716721507729266</orientation>
      <time>86</time>
    </ksState>
    <ksState>
      <x>96.31389755908344</x>
      <y>-546.6212263226761</y>
      <steeringAngle>0.0</steeringAngle>
      <velocity>0.0</velocity>
      <orientation>-0.23716721507729266</orientation>
      <time>87</time>
    </ksState>
    <ksState>
      <x>96.31389755908344</x>
      <y>-546.6212263226761</y>
      <steeringAngle>0.0</steeringAngle>
      <velocity>0.0</velocity>
      <orientation>-0.23716721507729266</orientation>
      <time>88</time>
    </ksState>
    <ksState>
      <x>96.31389755908344</x>
      <y>-546.6212263226761</y>
      <steeringAngle>0.0</steeringAngle>
      <velocity>0.0</velocity>
      <orientation>-0.23716721507729266</orientation>
      <time>89</time>
    </ksState>
    <ksState>
      <x>96.31389755908344</x>
      <y>-546.6212263226761</y>
      <steeringAngle>0.0</steeringAngle>
      <velocity>0.0</velocity>
      <orientation>-0.23716721507729266</orientation>
      <time>90</time>
    </ksState>
    <ksState>
      <x>96.31389755908344</x>
      <y>-546.6212263226761</y>
      <steeringAngle>0.0</steeringAngle>
      <velocity>0.0</velocity>
      <orientation>-0.23716721507729266</orientation>
      <time>91</time>
    </ksState>
    <ksState>
      <x>96.31389755908344</x>
      <y>-546.6212263226761</y>
      <steeringAngle>0.0</steeringAngle>
      <velocity>0.0</velocity>
      <orientation>-0.23716721507729266</orientation>
      <time>92</time>
    </ksState>
    <ksState>
      <x>96.31389755908344</x>
      <y>-546.6212263226761</y>
      <steeringAngle>0.0</steeringAngle>
      <velocity>0.0</velocity>
      <orientation>-0.23716721507729266</orientation>
      <time>93</time>
    </ksState>
    <ksState>
      <x>96.31389755908344</x>
      <y>-546.6212263226761</y>
      <steeringAngle>0.0</steeringAngle>
      <velocity>0.0</velocity>
      <orientation>-0.23716721507729266</orientation>
      <time>94</time>
    </ksState>
    <ksState>
      <x>96.31389755908344</x>
      <y>-546.6212263226761</y>
      <steeringAngle>0.0</steeringAngle>
      <velocity>0.0</velocity>
      <orientation>-0.23716721507729266</orientation>
      <time>95</time>
    </ksState>
    <ksState>
      <x>96.31389755908344</x>
      <y>-546.6212263226761</y>
      <steeringAngle>0.0</steeringAngle>
      <velocity>0.0</velocity>
      <orientation>-0.23716721507729266</orientation>
      <time>96</time>
    </ksState>
    <ksState>
      <x>96.31389755908344</x>
      <y>-546.6212263226761</y>
      <steeringAngle>0.0</steeringAngle>
      <velocity>0.0</velocity>
      <orientation>-0.23716721507729266</orientation>
      <time>97</time>
    </ksState>
    <ksState>
      <x>96.31389755908344</x>
      <y>-546.6212263226761</y>
      <steeringAngle>0.0</steeringAngle>
      <velocity>0.0</velocity>
      <orientation>-0.23716721507729266</orientation>
      <time>98</time>
    </ksState>
    <ksState>
      <x>96.31389755908344</x>
      <y>-546.6212263226761</y>
      <steeringAngle>0.0</steeringAngle>
      <velocity>0.0</velocity>
      <orientation>-0.23716721507729266</orientation>
      <time>99</time>
    </ksState>
  </ksTrajectory>
</CommonRoadSolution>
