<?xml version="1.0" ?>
<CommonRoadSolution benchmark_id="KS2:SM1:DEU_Lohmar-63_1_T-1:2020a" computation_time="1.1307524620006006" date="2022-12-18T12:01:12">
  <ksTrajectory planningProblem="123">
    <ksState>
      <x>219.89013</x>
      <y>-5.3312632</y>
      <steeringAngle>0.0</steeringAngle>
      <velocity>20.0</velocity>
      <orientation>-3.0842856</orientation>
      <time>0</time>
    </ksState>
    <ksState>
      <x>217.89341319971433</x>
      <y>-5.445814583479182</y>
      <steeringAngle>0.0</steeringAngle>
      <velocity>20.0</velocity>
      <orientation>-3.0842856</orientation>
      <time>1</time>
    </ksState>
    <ksState>
      <x>215.8966963994287</x>
      <y>-5.560365966958362</y>
      <steeringAngle>0.0</steeringAngle>
      <velocity>20.0</velocity>
      <orientation>-3.0842856</orientation>
      <time>2</time>
    </ksState>
    <ksState>
      <x>213.89997959914302</x>
      <y>-5.674917350437544</y>
      <steeringAngle>0.0</steeringAngle>
      <velocity>20.0</velocity>
      <orientation>-3.0842856</orientation>
      <time>3</time>
    </ksState>
    <ksState>
      <x>211.90326279885736</x>
      <y>-5.789468733916725</y>
      <steeringAngle>0.0</steeringAngle>
      <velocity>20.0</velocity>
      <orientation>-3.0842856</orientation>
      <time>4</time>
    </ksState>
    <ksState>
      <x>209.9065459985717</x>
      <y>-5.9040201173959055</y>
      <steeringAngle>0.0</steeringAngle>
      <velocity>20.0</velocity>
      <orientation>-3.0842856</orientation>
      <time>5</time>
    </ksState>
    <ksState>
      <x>207.94976353452978</x>
      <y>-6.0162804731918476</y>
      <steeringAngle>0.0</steeringAngle>
      <velocity>19.2</velocity>
      <orientation>-3.0842856</orientation>
      <time>6</time>
    </ksState>
    <ksState>
      <x>206.07284974309894</x>
      <y>-6.12395877361422</y>
      <steeringAngle>0.0</steeringAngle>
      <velocity>18.400000000000002</velocity>
      <orientation>-3.0842856</orientation>
      <time>7</time>
    </ksState>
    <ksState>
      <x>204.2758046238817</x>
      <y>-6.227055018685826</y>
      <steeringAngle>0.0</steeringAngle>
      <velocity>17.6</velocity>
      <orientation>-3.0842856</orientation>
      <time>8</time>
    </ksState>
    <ksState>
      <x>202.55862817674804</x>
      <y>-6.325569208414126</y>
      <steeringAngle>0.0</steeringAngle>
      <velocity>16.8</velocity>
      <orientation>-3.0842856</orientation>
      <time>9</time>
    </ksState>
    <ksState>
      <x>200.92132040165774</x>
      <y>-6.419501342801427</y>
      <steeringAngle>0.0</steeringAngle>
      <velocity>16.0</velocity>
      <orientation>-3.0842856</orientation>
      <time>10</time>
    </ksState>
    <ksState>
      <x>199.36388129776924</x>
      <y>-6.508851421896009</y>
      <steeringAngle>0.0</steeringAngle>
      <velocity>15.2</velocity>
      <orientation>-3.0842856</orientation>
      <time>11</time>
    </ksState>
    <ksState>
      <x>197.88631086643778</x>
      <y>-6.593619445620122</y>
      <steeringAngle>0.0</steeringAngle>
      <velocity>14.400000000000002</velocity>
      <orientation>-3.0842856</orientation>
      <time>12</time>
    </ksState>
    <ksState>
      <x>196.4886091072938</x>
      <y>-6.673805413994967</y>
      <steeringAngle>0.0</steeringAngle>
      <velocity>13.600000000000001</velocity>
      <orientation>-3.0842856</orientation>
      <time>13</time>
    </ksState>
    <ksState>
      <x>195.1707760202254</x>
      <y>-6.749409327026965</y>
      <steeringAngle>0.0</steeringAngle>
      <velocity>12.800000000000004</velocity>
      <orientation>-3.0842856</orientation>
      <time>14</time>
    </ksState>
    <ksState>
      <x>193.93281160519723</x>
      <y>-6.820431184718142</y>
      <steeringAngle>0.0</steeringAngle>
      <velocity>12.000000000000002</velocity>
      <orientation>-3.0842856</orientation>
      <time>15</time>
    </ksState>
    <ksState>
      <x>192.77558519622482</x>
      <y>-6.901123241907866</y>
      <steeringAngle>0.03553333333333333</steeringAngle>
      <velocity>11.200000000000001</velocity>
      <orientation>-3.076384326227656</orientation>
      <time>16</time>
    </ksState>
    <ksState>
      <x>191.7010652796996</x>
      <y>-7.013709961836064</y>
      <steeringAngle>0.07106666666666667</steeringAngle>
      <velocity>10.400000000000007</velocity>
      <orientation>-3.054131895429166</orientation>
      <time>17</time>
    </ksState>
    <ksState>
      <x>190.71158970153922</x>
      <y>-7.165786819617809</y>
      <steeringAngle>0.10660000000000001</steeringAngle>
      <velocity>9.60000000000001</velocity>
      <orientation>-3.019683884544494</orientation>
      <time>18</time>
    </ksState>
    <ksState>
      <x>189.81016367500246</x>
      <y>-7.359630731575085</y>
      <steeringAngle>0.14213333333333344</steeringAngle>
      <velocity>8.800000000000008</velocity>
      <orientation>-2.9751757524236493</orientation>
      <time>19</time>
    </ksState>
    <ksState>
      <x>188.9999197769706</x>
      <y>-7.592835833070101</y>
      <steeringAngle>0.17766666666666675</steeringAngle>
      <velocity>8.000000000000009</velocity>
      <orientation>-2.9227334546086676</orientation>
      <time>20</time>
    </ksState>
    <ksState>
      <x>188.24359381351297</x>
      <y>-7.865019557322635</y>
      <steeringAngle>0.17766666666666667</steeringAngle>
      <velocity>8.0</velocity>
      <orientation>-2.8670324782981558</orientation>
      <time>21</time>
    </ksState>
    <ksState>
      <x>187.50359385910008</x>
      <y>-8.178887474492633</y>
      <steeringAngle>0.17766666666666667</steeringAngle>
      <velocity>8.0</velocity>
      <orientation>-2.811331501987644</orientation>
      <time>22</time>
    </ksState>
    <ksState>
      <x>186.78221527697085</x>
      <y>-8.533466022125255</y>
      <steeringAngle>0.17766666666666667</steeringAngle>
      <velocity>8.0</velocity>
      <orientation>-2.7556305256771325</orientation>
      <time>23</time>
    </ksState>
    <ksState>
      <x>186.08169563669628</x>
      <y>-8.927655369705194</y>
      <steeringAngle>0.17766666666666667</steeringAngle>
      <velocity>8.0</velocity>
      <orientation>-2.6999295493666207</orientation>
      <time>24</time>
    </ksState>
    <ksState>
      <x>185.404207807342</x>
      <y>-9.360232822804797</y>
      <steeringAngle>0.17766666666666667</steeringAngle>
      <velocity>8.0</velocity>
      <orientation>-2.644228573056109</orientation>
      <time>25</time>
    </ksState>
    <ksState>
      <x>184.7468638711631</x>
      <y>-9.821685939739814</y>
      <steeringAngle>0.14213333333333336</steeringAngle>
      <velocity>8.0</velocity>
      <orientation>-2.5941937615073605</orientation>
      <time>26</time>
    </ksState>
    <ksState>
      <x>184.10202948706564</x>
      <y>-10.298377587047494</y>
      <steeringAngle>0.1066000000000001</steeringAngle>
      <velocity>8.0</velocity>
      <orientation>-2.555409909500363</orientation>
      <time>27</time>
    </ksState>
    <ksState>
      <x>183.46439727292534</x>
      <y>-10.783133189157823</y>
      <steeringAngle>0.07106666666666674</steeringAngle>
      <velocity>8.0</velocity>
      <orientation>-2.527777430470676</orientation>
      <time>28</time>
    </ksState>
    <ksState>
      <x>182.82842726682102</x>
      <y>-11.269051536479052</y>
      <steeringAngle>0.035533333333333354</steeringAngle>
      <velocity>8.0</velocity>
      <orientation>-2.511225909841647</orientation>
      <time>29</time>
    </ksState>
    <ksState>
      <x>182.18855670367944</x>
      <y>-11.749298314417214</y>
      <steeringAngle>2.0816681711721685e-17</steeringAngle>
      <velocity>8.0</velocity>
      <orientation>-2.505713383383242</orientation>
      <time>30</time>
    </ksState>
    <ksState>
      <x>181.53940559346466</x>
      <y>-12.216899652394257</y>
      <steeringAngle>-0.03553333333333333</steeringAngle>
      <velocity>8.0</velocity>
      <orientation>-2.511225918386081</orientation>
      <time>31</time>
    </ksState>
    <ksState>
      <x>180.87599122452227</x>
      <y>-12.664545102633967</y>
      <steeringAngle>-0.07106666666666667</steeringAngle>
      <velocity>8.0</velocity>
      <orientation>-2.5277774392663503</orientation>
      <time>32</time>
    </ksState>
    <ksState>
      <x>180.1939646799634</x>
      <y>-13.084409551164589</y>
      <steeringAngle>-0.10659999999999997</steeringAngle>
      <velocity>8.0</velocity>
      <orientation>-2.5554099185570456</orientation>
      <time>33</time>
    </ksState>
    <ksState>
      <x>179.48988035618353</x>
      <y>-13.468006812574389</y>
      <steeringAngle>-0.1421333333333333</steeringAngle>
      <velocity>8.0</velocity>
      <orientation>-2.59419377082978</orientation>
      <time>34</time>
    </ksState>
    <ksState>
      <x>178.76150857567308</x>
      <y>-13.806089503925742</y>
      <steeringAngle>-0.17766666666666667</steeringAngle>
      <velocity>8.0</velocity>
      <orientation>-2.644228583078935</orientation>
      <time>35</time>
    </ksState>
    <ksState>
      <x>178.01645341195623</x>
      <y>-14.105977537330125</y>
      <steeringAngle>-0.14213333333333336</steeringAngle>
      <velocity>8.0</velocity>
      <orientation>-2.6942633946276833</orientation>
      <time>36</time>
    </ksState>
    <ksState>
      <x>177.2654333897542</x>
      <y>-14.38707402570892</y>
      <steeringAngle>-0.1066000000000001</steeringAngle>
      <velocity>8.0</velocity>
      <orientation>-2.7330472466346807</orientation>
      <time>37</time>
    </ksState>
    <ksState>
      <x>176.5115740914712</x>
      <y>-14.657738010529721</y>
      <steeringAngle>-0.07106666666666674</steeringAngle>
      <velocity>8.0</velocity>
      <orientation>-2.760679725664368</orientation>
      <time>38</time>
    </ksState>
    <ksState>
      <x>175.75764515842047</x>
      <y>-14.926374666324602</y>
      <steeringAngle>-0.035533333333333354</steeringAngle>
      <velocity>8.0</velocity>
      <orientation>-2.777231246293397</orientation>
      <time>39</time>
    </ksState>
    <ksState>
      <x>175.00634771145872</x>
      <y>-15.201371850826364</y>
      <steeringAngle>-2.0816681711721685e-17</steeringAngle>
      <velocity>8.0</velocity>
      <orientation>-2.7827437727518016</orientation>
      <time>40</time>
    </ksState>
    <ksState>
      <x>174.25730634094532</x>
      <y>-15.482329187906918</y>
      <steeringAngle>0.0</steeringAngle>
      <velocity>8.0</velocity>
      <orientation>-2.7827437727518016</orientation>
      <time>41</time>
    </ksState>
    <ksState>
      <x>173.5082649704319</x>
      <y>-15.763286524987475</y>
      <steeringAngle>0.0</steeringAngle>
      <velocity>8.0</velocity>
      <orientation>-2.7827437727518016</orientation>
      <time>42</time>
    </ksState>
    <ksState>
      <x>172.7592235999185</x>
      <y>-16.04424386206803</y>
      <steeringAngle>0.0</steeringAngle>
      <velocity>8.0</velocity>
      <orientation>-2.7827437727518016</orientation>
      <time>43</time>
    </ksState>
    <ksState>
      <x>172.01018222940507</x>
      <y>-16.325201199148584</y>
      <steeringAngle>0.0</steeringAngle>
      <velocity>8.0</velocity>
      <orientation>-2.7827437727518016</orientation>
      <time>44</time>
    </ksState>
    <ksState>
      <x>171.26114085889168</x>
      <y>-16.606158536229138</y>
      <steeringAngle>0.0</steeringAngle>
      <velocity>8.0</velocity>
      <orientation>-2.7827437727518016</orientation>
      <time>45</time>
    </ksState>
    <ksState>
      <x>170.51209948837828</x>
      <y>-16.887115873309693</y>
      <steeringAngle>0.0</steeringAngle>
      <velocity>8.0</velocity>
      <orientation>-2.7827437727518016</orientation>
      <time>46</time>
    </ksState>
    <ksState>
      <x>169.76305811786486</x>
      <y>-17.168073210390247</y>
      <steeringAngle>0.0</steeringAngle>
      <velocity>8.0</velocity>
      <orientation>-2.7827437727518016</orientation>
      <time>47</time>
    </ksState>
    <ksState>
      <x>169.01401674735146</x>
      <y>-17.4490305474708</y>
      <steeringAngle>0.0</steeringAngle>
      <velocity>8.0</velocity>
      <orientation>-2.7827437727518016</orientation>
      <time>48</time>
    </ksState>
    <ksState>
      <x>168.26497537683804</x>
      <y>-17.72998788455136</y>
      <steeringAngle>0.0</steeringAngle>
      <velocity>8.0</velocity>
      <orientation>-2.7827437727518016</orientation>
      <time>49</time>
    </ksState>
    <ksState>
      <x>167.51593400632464</x>
      <y>-18.010945221631914</y>
      <steeringAngle>0.0</steeringAngle>
      <velocity>8.0</velocity>
      <orientation>-2.7827437727518016</orientation>
      <time>50</time>
    </ksState>
    <ksState>
      <x>166.7701857626878</x>
      <y>-18.300613535887276</y>
      <steeringAngle>0.03553333333333333</steeringAngle>
      <velocity>8.0</velocity>
      <orientation>-2.7772312377489627</orientation>
      <time>51</time>
    </ksState>
    <ksState>
      <x>166.0334031067274</x>
      <y>-18.613113762951944</y>
      <steeringAngle>0.07106666666666667</steeringAngle>
      <velocity>8.0</velocity>
      <orientation>-2.7606797168686934</orientation>
      <time>52</time>
    </ksState>
    <ksState>
      <x>165.30977927506657</x>
      <y>-18.956355533247113</y>
      <steeringAngle>0.10659999999999997</steeringAngle>
      <velocity>8.0</velocity>
      <orientation>-2.733047237577998</orientation>
      <time>53</time>
    </ksState>
    <ksState>
      <x>164.604553948697</x>
      <y>-19.337851054846766</y>
      <steeringAngle>0.1421333333333333</steeringAngle>
      <velocity>8.0</velocity>
      <orientation>-2.6942633853052635</orientation>
      <time>54</time>
    </ksState>
    <ksState>
      <x>163.92426750966018</x>
      <y>-19.764507494734808</y>
      <steeringAngle>0.17766666666666667</steeringAngle>
      <velocity>8.0</velocity>
      <orientation>-2.644228573056109</orientation>
      <time>55</time>
    </ksState>
    <ksState>
      <x>163.29930617734215</x>
      <y>-20.202225126348498</y>
      <steeringAngle>0.1421333333333334</steeringAngle>
      <velocity>7.2</velocity>
      <orientation>-2.5966012513104717</orientation>
      <time>56</time>
    </ksState>
    <ksState>
      <x>162.74907973069287</x>
      <y>-20.604557519475037</y>
      <steeringAngle>0.10660000000000011</steeringAngle>
      <velocity>6.4</velocity>
      <orientation>-2.563541680862504</orientation>
      <time>57</time>
    </ksState>
    <ksState>
      <x>162.26668121841425</x>
      <y>-20.96258039862716</y>
      <steeringAngle>0.07106666666666674</steeringAngle>
      <velocity>5.600000000000001</velocity>
      <orientation>-2.5427247325686153</orientation>
      <time>58</time>
    </ksState>
    <ksState>
      <x>161.84772127628054</x>
      <y>-21.27099212883824</y>
      <steeringAngle>0.03553333333333339</steeringAngle>
      <velocity>4.800000000000001</velocity>
      <orientation>-2.5318741229109527</orientation>
      <time>59</time>
    </ksState>
    <ksState>
      <x>161.49007744257926</x>
      <y>-21.5273365120131</y>
      <steeringAngle>5.5294310796760726e-17</steeringAngle>
      <velocity>4.0</velocity>
      <orientation>-2.528750347073787</orientation>
      <time>60</time>
    </ksState>
    <ksState>
      <x>161.1273323381866</x>
      <y>-21.776401962615317</y>
      <steeringAngle>-0.035533333333333326</steeringAngle>
      <velocity>4.799999999999999</velocity>
      <orientation>-2.531874125742978</orientation>
      <time>61</time>
    </ksState>
    <ksState>
      <x>160.69083007038174</x>
      <y>-22.059406901710048</y>
      <steeringAngle>-0.07106666666666667</steeringAngle>
      <velocity>5.599999999999998</velocity>
      <orientation>-2.542724736804151</orientation>
      <time>62</time>
    </ksState>
    <ksState>
      <x>160.17555293593801</x>
      <y>-22.36816063038728</y>
      <steeringAngle>-0.10659999999999999</steeringAngle>
      <velocity>6.3999999999999995</velocity>
      <orientation>-2.563541685804479</orientation>
      <time>63</time>
    </ksState>
    <ksState>
      <x>159.57523952341762</x>
      <y>-22.690872441256506</y>
      <steeringAngle>-0.14213333333333333</steeringAngle>
      <velocity>7.199999999999999</velocity>
      <orientation>-2.596601256785644</orientation>
      <time>64</time>
    </ksState>
    <ksState>
      <x>158.88280871701863</x>
      <y>-23.01107333548277</y>
      <steeringAngle>-0.17766666666666664</steeringAngle>
      <velocity>7.9999999999999964</velocity>
      <orientation>-2.6442285788671906</orientation>
      <time>65</time>
    </ksState>
    <ksState>
      <x>158.13775355456488</x>
      <y>-23.310961372025133</y>
      <steeringAngle>-0.14213333333333336</steeringAngle>
      <velocity>8.0</velocity>
      <orientation>-2.694263390415939</orientation>
      <time>66</time>
    </ksState>
    <ksState>
      <x>157.38673353354673</x>
      <y>-23.59205786356703</y>
      <steeringAngle>-0.1066000000000001</steeringAngle>
      <velocity>8.0</velocity>
      <orientation>-2.7330472424229364</orientation>
      <time>67</time>
    </ksState>
    <ksState>
      <x>156.63287423640372</x>
      <y>-23.862721851562895</y>
      <steeringAngle>-0.07106666666666674</steeringAngle>
      <velocity>8.0</velocity>
      <orientation>-2.7606797214526235</orientation>
      <time>68</time>
    </ksState>
    <ksState>
      <x>155.87894530448438</x>
      <y>-24.131358510533133</y>
      <steeringAngle>-0.035533333333333354</steeringAngle>
      <velocity>8.0</velocity>
      <orientation>-2.7772312420816525</orientation>
      <time>69</time>
    </ksState>
    <ksState>
      <x>155.12764785868086</x>
      <y>-24.406355698199167</y>
      <steeringAngle>-2.0816681711721685e-17</steeringAngle>
      <velocity>8.0</velocity>
      <orientation>-2.7827437685400573</orientation>
      <time>70</time>
    </ksState>
    <ksState>
      <x>154.381899616264</x>
      <y>-24.69602401559543</y>
      <steeringAngle>0.03553333333333333</steeringAngle>
      <velocity>8.0</velocity>
      <orientation>-2.7772312335372185</orientation>
      <time>71</time>
    </ksState>
    <ksState>
      <x>153.64511696161978</x>
      <y>-25.008524245763237</y>
      <steeringAngle>0.07106666666666667</steeringAngle>
      <velocity>8.0</velocity>
      <orientation>-2.760679712656949</orientation>
      <time>72</time>
    </ksState>
    <ksState>
      <x>152.9214931314046</x>
      <y>-25.35176601910613</y>
      <steeringAngle>0.10659999999999997</steeringAngle>
      <velocity>8.0</velocity>
      <orientation>-2.733047233366254</orientation>
      <time>73</time>
    </ksState>
    <ksState>
      <x>152.2162678066418</x>
      <y>-25.733261543676008</y>
      <steeringAngle>0.1421333333333333</steeringAngle>
      <velocity>8.0</velocity>
      <orientation>-2.6942633810935193</orientation>
      <time>74</time>
    </ksState>
    <ksState>
      <x>151.53598136940195</x>
      <y>-26.159917986429242</y>
      <steeringAngle>0.17766666666666667</steeringAngle>
      <velocity>8.0</velocity>
      <orientation>-2.6442285688443645</orientation>
      <time>75</time>
    </ksState>
    <ksState>
      <x>150.87863743516652</x>
      <y>-26.621371106132823</y>
      <steeringAngle>0.14213333333333336</steeringAngle>
      <velocity>8.0</velocity>
      <orientation>-2.594193757295616</orientation>
      <time>76</time>
    </ksState>
    <ksState>
      <x>150.23380305307677</x>
      <y>-27.098062756156384</y>
      <steeringAngle>0.1066000000000001</steeringAngle>
      <velocity>8.0</velocity>
      <orientation>-2.5554099052886188</orientation>
      <time>77</time>
    </ksState>
    <ksState>
      <x>149.5961708409782</x>
      <y>-27.582818360952253</y>
      <steeringAngle>0.07106666666666674</steeringAngle>
      <velocity>8.0</velocity>
      <orientation>-2.5277774262589316</orientation>
      <time>78</time>
    </ksState>
    <ksState>
      <x>148.96020083692042</x>
      <y>-28.068736710952027</y>
      <steeringAngle>0.035533333333333354</steeringAngle>
      <velocity>8.0</velocity>
      <orientation>-2.5112259056299027</orientation>
      <time>79</time>
    </ksState>
    <ksState>
      <x>148.3203302758015</x>
      <y>-28.548983491585158</y>
      <steeringAngle>2.0816681711721685e-17</steeringAngle>
      <velocity>8.0</velocity>
      <orientation>-2.505713379171498</orientation>
      <time>80</time>
    </ksState>
    <ksState>
      <x>147.67669042018798</x>
      <y>-29.02409162271514</y>
      <steeringAngle>0.0</steeringAngle>
      <velocity>8.0</velocity>
      <orientation>-2.505713379171498</orientation>
      <time>81</time>
    </ksState>
    <ksState>
      <x>147.0330505645745</x>
      <y>-29.499199753845122</y>
      <steeringAngle>0.0</steeringAngle>
      <velocity>8.0</velocity>
      <orientation>-2.505713379171498</orientation>
      <time>82</time>
    </ksState>
    <ksState>
      <x>146.38941070896098</x>
      <y>-29.974307884975108</y>
      <steeringAngle>0.0</steeringAngle>
      <velocity>8.0</velocity>
      <orientation>-2.505713379171498</orientation>
      <time>83</time>
    </ksState>
    <ksState>
      <x>145.74577085334747</x>
      <y>-30.44941601610509</y>
      <steeringAngle>0.0</steeringAngle>
      <velocity>8.0</velocity>
      <orientation>-2.505713379171498</orientation>
      <time>84</time>
    </ksState>
    <ksState>
      <x>145.10213099773395</x>
      <y>-30.924524147235072</y>
      <steeringAngle>0.0</steeringAngle>
      <velocity>8.0</velocity>
      <orientation>-2.505713379171498</orientation>
      <time>85</time>
    </ksState>
    <ksState>
      <x>144.45849114212044</x>
      <y>-31.399632278365054</y>
      <steeringAngle>0.0</steeringAngle>
      <velocity>8.0</velocity>
      <orientation>-2.505713379171498</orientation>
      <time>86</time>
    </ksState>
    <ksState>
      <x>143.81485128650695</x>
      <y>-31.874740409495036</y>
      <steeringAngle>0.0</steeringAngle>
      <velocity>8.0</velocity>
      <orientation>-2.505713379171498</orientation>
      <time>87</time>
    </ksState>
    <ksState>
      <x>143.17121143089344</x>
      <y>-32.349848540625025</y>
      <steeringAngle>0.0</steeringAngle>
      <velocity>8.0</velocity>
      <orientation>-2.505713379171498</orientation>
      <time>88</time>
    </ksState>
    <ksState>
      <x>142.52757157527992</x>
      <y>-32.824956671755004</y>
      <steeringAngle>0.0</steeringAngle>
      <velocity>8.0</velocity>
      <orientation>-2.505713379171498</orientation>
      <time>89</time>
    </ksState>
    <ksState>
      <x>141.8839317196664</x>
      <y>-33.30006480288499</y>
      <steeringAngle>0.0</steeringAngle>
      <velocity>8.0</velocity>
      <orientation>-2.505713379171498</orientation>
      <time>90</time>
    </ksState>
    <ksState>
      <x>141.2402918640529</x>
      <y>-33.775172934014975</y>
      <steeringAngle>0.0</steeringAngle>
      <velocity>8.0</velocity>
      <orientation>-2.505713379171498</orientation>
      <time>91</time>
    </ksState>
    <ksState>
      <x>140.5966520084394</x>
      <y>-34.250281065144954</y>
      <steeringAngle>0.0</steeringAngle>
      <velocity>8.0</velocity>
      <orientation>-2.505713379171498</orientation>
      <time>92</time>
    </ksState>
    <ksState>
      <x>139.9530121528259</x>
      <y>-34.72538919627494</y>
      <steeringAngle>0.0</steeringAngle>
      <velocity>8.0</velocity>
      <orientation>-2.505713379171498</orientation>
      <time>93</time>
    </ksState>
    <ksState>
      <x>139.30937229721238</x>
      <y>-35.200497327404925</y>
      <steeringAngle>0.0</steeringAngle>
      <velocity>8.0</velocity>
      <orientation>-2.505713379171498</orientation>
      <time>94</time>
    </ksState>
    <ksState>
      <x>138.66573244159886</x>
      <y>-35.6756054585349</y>
      <steeringAngle>0.0</steeringAngle>
      <velocity>8.0</velocity>
      <orientation>-2.505713379171498</orientation>
      <time>95</time>
    </ksState>
    <ksState>
      <x>138.0165813333535</x>
      <y>-36.14320679924601</y>
      <steeringAngle>-0.03553333333333333</steeringAngle>
      <velocity>8.0</velocity>
      <orientation>-2.5112259141743367</orientation>
      <time>96</time>
    </ksState>
    <ksState>
      <x>137.3531669662965</x>
      <y>-36.590852252279845</y>
      <steeringAngle>-0.07106666666666667</steeringAngle>
      <velocity>8.0</velocity>
      <orientation>-2.527777435054606</orientation>
      <time>97</time>
    </ksState>
    <ksState>
      <x>136.67114042350596</x>
      <y>-37.01071670368299</y>
      <steeringAngle>-0.10659999999999997</steeringAngle>
      <velocity>8.0</velocity>
      <orientation>-2.5554099143453013</orientation>
      <time>98</time>
    </ksState>
    <ksState>
      <x>135.9670561013417</x>
      <y>-37.39431396805821</y>
      <steeringAngle>-0.1421333333333333</steeringAngle>
      <velocity>8.0</velocity>
      <orientation>-2.594193766618036</orientation>
      <time>99</time>
    </ksState>
  </ksTrajectory>
</CommonRoadSolution>
