<?xml version="1.0" ?>
<CommonRoadSolution benchmark_id="KS2:SM1:DEU_Flensburg-55_1_T-1:2020a" computation_time="3.026262742000199" date="2022-12-18T12:01:12">
  <ksTrajectory planningProblem="123">
    <ksState>
      <x>392.9166</x>
      <y>-104.87637</y>
      <steeringAngle>0.0</steeringAngle>
      <velocity>8.0</velocity>
      <orientation>-2.0793992</orientation>
      <time>0</time>
    </ksState>
    <ksState>
      <x>392.5270340511273</x>
      <y>-105.57511056092292</y>
      <steeringAngle>0.0</steeringAngle>
      <velocity>8.0</velocity>
      <orientation>-2.0793992</orientation>
      <time>1</time>
    </ksState>
    <ksState>
      <x>392.13746810225456</x>
      <y>-106.27385112184585</y>
      <steeringAngle>0.0</steeringAngle>
      <velocity>8.0</velocity>
      <orientation>-2.0793992</orientation>
      <time>2</time>
    </ksState>
    <ksState>
      <x>391.74790215338186</x>
      <y>-106.9725916827688</y>
      <steeringAngle>0.0</steeringAngle>
      <velocity>8.0</velocity>
      <orientation>-2.0793992</orientation>
      <time>3</time>
    </ksState>
    <ksState>
      <x>391.3583362045091</x>
      <y>-107.67133224369172</y>
      <steeringAngle>0.0</steeringAngle>
      <velocity>8.0</velocity>
      <orientation>-2.0793992</orientation>
      <time>4</time>
    </ksState>
    <ksState>
      <x>390.9687702556364</x>
      <y>-108.37007280461465</y>
      <steeringAngle>0.0</steeringAngle>
      <velocity>8.0</velocity>
      <orientation>-2.0793992</orientation>
      <time>5</time>
    </ksState>
    <ksState>
      <x>390.59117090934745</x>
      <y>-109.02966453605039</y>
      <steeringAngle>-0.03553333333333333</steeringAngle>
      <velocity>7.199999999999999</velocity>
      <orientation>-2.0845442129824923</orientation>
      <time>6</time>
    </ksState>
    <ksState>
      <x>390.2360734565303</x>
      <y>-109.60989937972602</y>
      <steeringAngle>-0.07106666666666664</steeringAngle>
      <velocity>6.400000000000001</velocity>
      <orientation>-2.0985208851034556</orientation>
      <time>7</time>
    </ksState>
    <ksState>
      <x>389.90375833255314</x>
      <y>-110.11029024521235</y>
      <steeringAngle>-0.10659999999999997</steeringAngle>
      <velocity>5.600000000000004</velocity>
      <orientation>-2.119152652969337</orientation>
      <time>8</time>
    </ksState>
    <ksState>
      <x>389.597155738665</x>
      <y>-110.53175783478625</y>
      <steeringAngle>-0.1421333333333333</steeringAngle>
      <velocity>4.800000000000003</velocity>
      <orientation>-2.144268860477985</orientation>
      <time>9</time>
    </ksState>
    <ksState>
      <x>389.3211027807427</x>
      <y>-110.87655802342232</y>
      <steeringAngle>-0.17766666666666653</steeringAngle>
      <velocity>4.000000000000006</velocity>
      <orientation>-2.171693757063135</orientation>
      <time>10</time>
    </ksState>
    <ksState>
      <x>389.0353266824296</x>
      <y>-111.21339620681789</y>
      <steeringAngle>-0.14213333333333333</steeringAngle>
      <velocity>4.8000000000000025</velocity>
      <orientation>-2.1991186567814878</orientation>
      <time>11</time>
    </ksState>
    <ksState>
      <x>388.69553179287453</x>
      <y>-111.60864869497559</y>
      <steeringAngle>-0.10660000000000003</steeringAngle>
      <velocity>5.600000000000005</velocity>
      <orientation>-2.2242348690604055</orientation>
      <time>12</time>
    </ksState>
    <ksState>
      <x>388.30244283451566</x>
      <y>-112.06291107208331</y>
      <steeringAngle>-0.07106666666666671</steeringAngle>
      <velocity>6.400000000000004</velocity>
      <orientation>-2.244866638659865</orientation>
      <time>13</time>
    </ksState>
    <ksState>
      <x>387.85844577512995</x>
      <y>-112.57834837281534</y>
      <steeringAngle>-0.035533333333333375</steeringAngle>
      <velocity>7.200000000000006</velocity>
      <orientation>-2.258843306752657</orientation>
      <time>14</time>
    </ksState>
    <ksState>
      <x>387.36816156774466</x>
      <y>-113.1591093670394</y>
      <steeringAngle>-2.6346112791397758e-17</steeringAngle>
      <velocity>8.000000000000007</velocity>
      <orientation>-2.263988319532226</orientation>
      <time>15</time>
    </ksState>
    <ksState>
      <x>386.8825248005331</x>
      <y>-113.7437091696629</y>
      <steeringAngle>0.0</steeringAngle>
      <velocity>7.200000000000001</velocity>
      <orientation>-2.263988319532226</orientation>
      <time>16</time>
    </ksState>
    <ksState>
      <x>386.44800769326497</x>
      <y>-114.26677215067237</y>
      <steeringAngle>0.0</steeringAngle>
      <velocity>6.400000000000001</velocity>
      <orientation>-2.263988319532226</orientation>
      <time>17</time>
    </ksState>
    <ksState>
      <x>386.0646102458124</x>
      <y>-114.72829831022176</y>
      <steeringAngle>0.0</steeringAngle>
      <velocity>5.600000000000001</velocity>
      <orientation>-2.263988319532226</orientation>
      <time>18</time>
    </ksState>
    <ksState>
      <x>385.7323324581392</x>
      <y>-115.12828764835457</y>
      <steeringAngle>0.0</steeringAngle>
      <velocity>4.800000000000001</velocity>
      <orientation>-2.263988319532226</orientation>
      <time>19</time>
    </ksState>
    <ksState>
      <x>385.45117433023216</x>
      <y>-115.46674016508676</y>
      <steeringAngle>0.0</steeringAngle>
      <velocity>4.000000000000001</velocity>
      <orientation>-2.263988319532226</orientation>
      <time>20</time>
    </ksState>
    <ksState>
      <x>385.1922806386012</x>
      <y>-115.77167928897526</y>
      <steeringAngle>-0.035533333333333326</steeringAngle>
      <velocity>4.0</velocity>
      <orientation>-2.2667445940648263</orientation>
      <time>21</time>
    </ksState>
    <ksState>
      <x>384.9257042543075</x>
      <y>-116.07012593074339</y>
      <steeringAngle>-0.07106666666666711</steeringAngle>
      <velocity>4.0</velocity>
      <orientation>-2.275020354608112</orientation>
      <time>22</time>
    </ksState>
    <ksState>
      <x>384.6498776975024</x>
      <y>-116.36046410020532</y>
      <steeringAngle>-0.10660000000000043</steeringAngle>
      <velocity>4.0</velocity>
      <orientation>-2.2888365944272486</orientation>
      <time>23</time>
    </ksState>
    <ksState>
      <x>384.36334874958544</x>
      <y>-116.64090479895428</y>
      <steeringAngle>-0.14213333333333378</steeringAngle>
      <velocity>4.0</velocity>
      <orientation>-2.3082285208127944</orientation>
      <time>24</time>
    </ksState>
    <ksState>
      <x>384.0648120812173</x>
      <y>-116.90945807135223</y>
      <steeringAngle>-0.1776666666666672</steeringAngle>
      <velocity>4.0</velocity>
      <orientation>-2.333245927264192</orientation>
      <time>25</time>
    </ksState>
    <ksState>
      <x>383.7847592638996</x>
      <y>-117.13899112848603</y>
      <steeringAngle>-0.21319999999999997</steeringAngle>
      <velocity>3.2</velocity>
      <orientation>-2.3607874728276266</orientation>
      <time>26</time>
    </ksState>
    <ksState>
      <x>383.55829903839293</x>
      <y>-117.30755703763244</y>
      <steeringAngle>-0.24873333333333342</steeringAngle>
      <velocity>2.4000000000000004</velocity>
      <orientation>-2.386225703214276</orientation>
      <time>27</time>
    </ksState>
    <ksState>
      <x>383.3909703331872</x>
      <y>-117.42111615707178</y>
      <steeringAngle>-0.2842666666666668</steeringAngle>
      <velocity>1.600000000000001</velocity>
      <orientation>-2.4073006030048556</orientation>
      <time>28</time>
    </ksState>
    <ksState>
      <x>383.28771348688144</x>
      <y>-117.48558842299134</y>
      <steeringAngle>-0.3197999999999999</steeringAngle>
      <velocity>0.8000000000000007</velocity>
      <orientation>-2.42169903030556</orientation>
      <time>29</time>
    </ksState>
    <ksState>
      <x>383.2525740349314</x>
      <y>-117.50615404329828</y>
      <steeringAngle>-0.3553333333333332</steeringAngle>
      <velocity>5.551115123125783e-16</velocity>
      <orientation>-2.4270406719412896</orientation>
      <time>30</time>
    </ksState>
    <ksState>
      <x>383.21653985201874</x>
      <y>-117.52561575265665</y>
      <steeringAngle>-0.39086666666666675</steeringAngle>
      <velocity>0.8</velocity>
      <orientation>-2.4332186475993147</orientation>
      <time>31</time>
    </ksState>
    <ksState>
      <x>383.1061071032537</x>
      <y>-117.58069581512366</y>
      <steeringAngle>-0.4264</steeringAngle>
      <velocity>1.6000000000000005</velocity>
      <orientation>-2.4534786200596352</orientation>
      <time>32</time>
    </ksState>
    <ksState>
      <x>382.91664606396455</x>
      <y>-117.66357039645521</y>
      <steeringAngle>-0.46193333333333314</steeringAngle>
      <velocity>2.4</velocity>
      <orientation>-2.4905015816792035</orientation>
      <time>33</time>
    </ksState>
    <ksState>
      <x>382.64234093726697</x>
      <y>-117.7615585710402</y>
      <steeringAngle>-0.49746666666666634</steeringAngle>
      <velocity>3.200000000000001</velocity>
      <orientation>-2.5471086900763673</orientation>
      <time>34</time>
    </ksState>
    <ksState>
      <x>382.2772073508296</x>
      <y>-117.85562349413394</y>
      <steeringAngle>-0.5329999999999997</steeringAngle>
      <velocity>4.000000000000001</velocity>
      <orientation>-2.626285893948994</orientation>
      <time>35</time>
    </ksState>
    <ksState>
      <x>381.859325999053</x>
      <y>-117.91515888506198</y>
      <steeringAngle>-0.5685333333333333</steeringAngle>
      <velocity>4.0</velocity>
      <orientation>-2.721558533598224</orientation>
      <time>36</time>
    </ksState>
    <ksState>
      <x>381.4336572407033</x>
      <y>-117.92274374146844</y>
      <steeringAngle>-0.6040666666666665</steeringAngle>
      <velocity>4.0</velocity>
      <orientation>-2.8245958868166867</orientation>
      <time>37</time>
    </ksState>
    <ksState>
      <x>381.0066596113076</x>
      <y>-117.87361322949171</y>
      <steeringAngle>-0.6396</steeringAngle>
      <velocity>4.0</velocity>
      <orientation>-2.9357736695921774</orientation>
      <time>38</time>
    </ksState>
    <ksState>
      <x>380.58643044081265</x>
      <y>-117.76359019412736</y>
      <steeringAngle>-0.6751333333333333</steeringAngle>
      <velocity>4.0</velocity>
      <orientation>-3.0555177184721076</orientation>
      <time>39</time>
    </ksState>
    <ksState>
      <x>380.18283843161475</x>
      <y>-117.58949722567723</y>
      <steeringAngle>-0.7106666666666664</steeringAngle>
      <velocity>4.0</velocity>
      <orientation>-3.184311656156418</orientation>
      <time>40</time>
    </ksState>
    <ksState>
      <x>379.8424833433201</x>
      <y>-117.38264907595202</y>
      <steeringAngle>-0.7106666666666667</steeringAngle>
      <velocity>3.2</velocity>
      <orientation>-3.30445835805546</orientation>
      <time>41</time>
    </ksState>
    <ksState>
      <x>379.59636152438395</x>
      <y>-117.19442138132581</y>
      <steeringAngle>-0.7106666666666667</steeringAngle>
      <velocity>2.399999999999999</velocity>
      <orientation>-3.397905792755344</orientation>
      <time>42</time>
    </ksState>
    <ksState>
      <x>379.4318520656193</x>
      <y>-117.04631144281664</y>
      <steeringAngle>-0.7106666666666667</steeringAngle>
      <velocity>1.5999999999999979</velocity>
      <orientation>-3.4646539602905952</orientation>
      <time>43</time>
    </ksState>
    <ksState>
      <x>379.3380189930723</x>
      <y>-116.95229274023554</y>
      <steeringAngle>-0.7106666666666667</steeringAngle>
      <velocity>0.7999999999999974</velocity>
      <orientation>-3.5047028606744917</orientation>
      <time>44</time>
    </ksState>
    <ksState>
      <x>379.30758728802107</x>
      <y>-116.92012743298453</y>
      <steeringAngle>-0.7106666666666667</steeringAngle>
      <velocity>-2.942091015256665e-15</velocity>
      <orientation>-3.5180524939247118</orientation>
      <time>45</time>
    </ksState>
    <ksState>
      <x>379.30758728802107</x>
      <y>-116.92012743298453</y>
      <steeringAngle>-0.6751333333333334</steeringAngle>
      <velocity>0.0</velocity>
      <orientation>-3.5180524939247118</orientation>
      <time>46</time>
    </ksState>
    <ksState>
      <x>379.30758728802107</x>
      <y>-116.92012743298453</y>
      <steeringAngle>-0.6396</steeringAngle>
      <velocity>0.0</velocity>
      <orientation>-3.5180524939247118</orientation>
      <time>47</time>
    </ksState>
    <ksState>
      <x>379.30758728802107</x>
      <y>-116.92012743298453</y>
      <steeringAngle>-0.6040666666666666</steeringAngle>
      <velocity>0.0</velocity>
      <orientation>-3.5180524939247118</orientation>
      <time>48</time>
    </ksState>
    <ksState>
      <x>379.30758728802107</x>
      <y>-116.92012743298453</y>
      <steeringAngle>-0.5685333333333333</steeringAngle>
      <velocity>0.0</velocity>
      <orientation>-3.5180524939247118</orientation>
      <time>49</time>
    </ksState>
    <ksState>
      <x>379.30758728802107</x>
      <y>-116.92012743298453</y>
      <steeringAngle>-0.5329999999999999</steeringAngle>
      <velocity>0.0</velocity>
      <orientation>-3.5180524939247118</orientation>
      <time>50</time>
    </ksState>
    <ksState>
      <x>379.30758728802107</x>
      <y>-116.92012743298453</y>
      <steeringAngle>-0.49746666666666667</steeringAngle>
      <velocity>0.0</velocity>
      <orientation>-3.5180524939247118</orientation>
      <time>51</time>
    </ksState>
    <ksState>
      <x>379.30758728802107</x>
      <y>-116.92012743298453</y>
      <steeringAngle>-0.4619333333333333</steeringAngle>
      <velocity>0.0</velocity>
      <orientation>-3.5180524939247118</orientation>
      <time>52</time>
    </ksState>
    <ksState>
      <x>379.30758728802107</x>
      <y>-116.92012743298453</y>
      <steeringAngle>-0.42639999999999995</steeringAngle>
      <velocity>0.0</velocity>
      <orientation>-3.5180524939247118</orientation>
      <time>53</time>
    </ksState>
    <ksState>
      <x>379.30758728802107</x>
      <y>-116.92012743298453</y>
      <steeringAngle>-0.3908666666666666</steeringAngle>
      <velocity>0.0</velocity>
      <orientation>-3.5180524939247118</orientation>
      <time>54</time>
    </ksState>
    <ksState>
      <x>379.30758728802107</x>
      <y>-116.92012743298453</y>
      <steeringAngle>-0.3553333333333333</steeringAngle>
      <velocity>0.0</velocity>
      <orientation>-3.5180524939247118</orientation>
      <time>55</time>
    </ksState>
    <ksState>
      <x>379.2732411951425</x>
      <y>-116.89826144074755</y>
      <steeringAngle>-0.3198</steeringAngle>
      <velocity>0.8</velocity>
      <orientation>-3.5233941340754864</orientation>
      <time>56</time>
    </ksState>
    <ksState>
      <x>379.16998336270854</x>
      <y>-116.83377949731315</y>
      <steeringAngle>-0.28426666666666656</steeringAngle>
      <velocity>1.6000000000000003</velocity>
      <orientation>-3.5377925618037596</orientation>
      <time>57</time>
    </ksState>
    <ksState>
      <x>378.9981845841507</x>
      <y>-116.72707607165668</y>
      <steeringAngle>-0.24873333333333336</steeringAngle>
      <velocity>2.4000000000000012</velocity>
      <orientation>-3.5588674725268246</orientation>
      <time>58</time>
    </ksState>
    <ksState>
      <x>378.75880630702073</x>
      <y>-116.57737499251566</y>
      <steeringAngle>-0.2131999999999999</steeringAngle>
      <velocity>3.200000000000001</velocity>
      <orientation>-3.584305710444064</orientation>
      <time>59</time>
    </ksState>
    <ksState>
      <x>378.45301713594404</x>
      <y>-116.38338488756936</y>
      <steeringAngle>-0.17766666666666672</steeringAngle>
      <velocity>4.000000000000001</velocity>
      <orientation>-3.611847244763884</orientation>
      <time>60</time>
    </ksState>
    <ksState>
      <x>378.11535043060536</x>
      <y>-116.16600725932986</y>
      <steeringAngle>-0.1421333333333333</steeringAngle>
      <velocity>4.0</velocity>
      <orientation>-3.6368646511084073</orientation>
      <time>61</time>
    </ksState>
    <ksState>
      <x>377.7787171261916</x>
      <y>-115.9481898308665</y>
      <steeringAngle>-0.10659999999999999</steeringAngle>
      <velocity>4.0</velocity>
      <orientation>-3.6562565773991578</orientation>
      <time>62</time>
    </ksState>
    <ksState>
      <x>377.4417910939464</x>
      <y>-115.73169052423893</y>
      <steeringAngle>-0.07106666666666664</steeringAngle>
      <velocity>4.0</velocity>
      <orientation>-3.670072817134111</orientation>
      <time>63</time>
    </ksState>
    <ksState>
      <x>377.10327217387623</x>
      <y>-115.51827313048067</y>
      <steeringAngle>-0.03553333333333332</steeringAngle>
      <velocity>4.0</velocity>
      <orientation>-3.6783485775963762</orientation>
      <time>64</time>
    </ksState>
    <ksState>
      <x>376.7619097465068</x>
      <y>-115.30973440674325</y>
      <steeringAngle>2.2985086056692694e-17</steeringAngle>
      <velocity>4.0</velocity>
      <orientation>-3.6811048408912166</orientation>
      <time>65</time>
    </ksState>
    <ksState>
      <x>376.38189186587124</x>
      <y>-115.08791461537696</y>
      <steeringAngle>0.035533333333333326</steeringAngle>
      <velocity>4.799999999999999</velocity>
      <orientation>-3.6779810622220257</orientation>
      <time>66</time>
    </ksState>
    <ksState>
      <x>375.9258284835669</x>
      <y>-114.83765032173542</y>
      <steeringAngle>0.07106666666666667</steeringAngle>
      <velocity>5.599999999999998</velocity>
      <orientation>-3.667130451160853</orientation>
      <time>67</time>
    </ksState>
    <ksState>
      <x>375.389315467968</x>
      <y>-114.56747783174859</y>
      <steeringAngle>0.10659999999999999</steeringAngle>
      <velocity>6.3999999999999995</velocity>
      <orientation>-3.646313502160525</orientation>
      <time>68</time>
    </ksState>
    <ksState>
      <x>374.7669720741629</x>
      <y>-114.28961490454631</y>
      <steeringAngle>0.14213333333333333</steeringAngle>
      <velocity>7.199999999999999</velocity>
      <orientation>-3.6132539311793597</orientation>
      <time>69</time>
    </ksState>
    <ksState>
      <x>374.0529428080845</x>
      <y>-114.02100507319753</y>
      <steeringAngle>0.17766666666666664</steeringAngle>
      <velocity>7.9999999999999964</velocity>
      <orientation>-3.565626609097813</orientation>
      <time>70</time>
    </ksState>
    <ksState>
      <x>373.2879188208817</x>
      <y>-113.77650900254488</y>
      <steeringAngle>0.14213333333333336</steeringAngle>
      <velocity>8.0</velocity>
      <orientation>-3.5155917975490647</orientation>
      <time>71</time>
    </ksState>
    <ksState>
      <x>372.51832275695676</x>
      <y>-113.5511909874674</y>
      <steeringAngle>0.1066000000000001</steeringAngle>
      <velocity>8.0</velocity>
      <orientation>-3.4768079455420673</orientation>
      <time>72</time>
    </ksState>
    <ksState>
      <x>371.7466593786071</x>
      <y>-113.33648545702926</y>
      <steeringAngle>0.07106666666666674</steeringAngle>
      <velocity>8.0</velocity>
      <orientation>-3.44917546651238</orientation>
      <time>73</time>
    </ksState>
    <ksState>
      <x>370.9750750837003</x>
      <y>-113.12380690902552</y>
      <steeringAngle>0.035533333333333354</steeringAngle>
      <velocity>8.0</velocity>
      <orientation>-3.432623945883351</orientation>
      <time>74</time>
    </ksState>
    <ksState>
      <x>370.2056492024982</x>
      <y>-112.90459213162343</y>
      <steeringAngle>2.0816681711721685e-17</steeringAngle>
      <velocity>8.0</velocity>
      <orientation>-3.4271114194249463</orientation>
      <time>75</time>
    </ksState>
    <ksState>
      <x>369.43803666757594</x>
      <y>-112.6792679291279</y>
      <steeringAngle>0.0</steeringAngle>
      <velocity>8.0</velocity>
      <orientation>-3.4271114194249463</orientation>
      <time>76</time>
    </ksState>
    <ksState>
      <x>368.6704241326537</x>
      <y>-112.45394372663237</y>
      <steeringAngle>0.0</steeringAngle>
      <velocity>8.0</velocity>
      <orientation>-3.4271114194249463</orientation>
      <time>77</time>
    </ksState>
    <ksState>
      <x>367.90281159773144</x>
      <y>-112.22861952413686</y>
      <steeringAngle>0.0</steeringAngle>
      <velocity>8.0</velocity>
      <orientation>-3.4271114194249463</orientation>
      <time>78</time>
    </ksState>
    <ksState>
      <x>367.1351990628092</x>
      <y>-112.00329532164133</y>
      <steeringAngle>0.0</steeringAngle>
      <velocity>8.0</velocity>
      <orientation>-3.4271114194249463</orientation>
      <time>79</time>
    </ksState>
    <ksState>
      <x>366.36758652788694</x>
      <y>-111.7779711191458</y>
      <steeringAngle>0.0</steeringAngle>
      <velocity>8.0</velocity>
      <orientation>-3.4271114194249463</orientation>
      <time>80</time>
    </ksState>
    <ksState>
      <x>365.5999739929647</x>
      <y>-111.55264691665027</y>
      <steeringAngle>0.0</steeringAngle>
      <velocity>8.0</velocity>
      <orientation>-3.4271114194249463</orientation>
      <time>81</time>
    </ksState>
    <ksState>
      <x>364.83236145804244</x>
      <y>-111.32732271415475</y>
      <steeringAngle>0.0</steeringAngle>
      <velocity>8.0</velocity>
      <orientation>-3.4271114194249463</orientation>
      <time>82</time>
    </ksState>
    <ksState>
      <x>364.0647489231202</x>
      <y>-111.10199851165923</y>
      <steeringAngle>0.0</steeringAngle>
      <velocity>8.0</velocity>
      <orientation>-3.4271114194249463</orientation>
      <time>83</time>
    </ksState>
    <ksState>
      <x>363.29713638819794</x>
      <y>-110.8766743091637</y>
      <steeringAngle>0.0</steeringAngle>
      <velocity>8.0</velocity>
      <orientation>-3.4271114194249463</orientation>
      <time>84</time>
    </ksState>
    <ksState>
      <x>362.5295238532757</x>
      <y>-110.65135010666818</y>
      <steeringAngle>0.0</steeringAngle>
      <velocity>8.0</velocity>
      <orientation>-3.4271114194249463</orientation>
      <time>85</time>
    </ksState>
    <ksState>
      <x>361.76455739049305</x>
      <y>-110.41709706829124</y>
      <steeringAngle>-0.03553333333333333</steeringAngle>
      <velocity>8.0</velocity>
      <orientation>-3.4326239544277852</orientation>
      <time>86</time>
    </ksState>
    <ksState>
      <x>361.0068596541456</x>
      <y>-110.15941661817237</y>
      <steeringAngle>-0.07106666666666667</steeringAngle>
      <velocity>8.0</velocity>
      <orientation>-3.4491754753080546</orientation>
      <time>87</time>
    </ksState>
    <ksState>
      <x>360.2600331173206</x>
      <y>-109.87011316759364</y>
      <steeringAngle>-0.10659999999999997</steeringAngle>
      <velocity>8.0</velocity>
      <orientation>-3.47680795459875</orientation>
      <time>88</time>
    </ksState>
    <ksState>
      <x>359.5287530021235</x>
      <y>-109.54131081500005</y>
      <steeringAngle>-0.1421333333333333</steeringAngle>
      <velocity>8.0</velocity>
      <orientation>-3.5155918068714844</orientation>
      <time>89</time>
    </ksState>
    <ksState>
      <x>358.81903606412345</x>
      <y>-109.16564177881115</y>
      <steeringAngle>-0.17766666666666667</steeringAngle>
      <velocity>8.0</velocity>
      <orientation>-3.565626619120639</orientation>
      <time>90</time>
    </ksState>
    <ksState>
      <x>358.1636851577606</x>
      <y>-108.77488791581344</y>
      <steeringAngle>-0.1421333333333334</steeringAngle>
      <velocity>7.2</velocity>
      <orientation>-3.6132539408662763</orientation>
      <time>91</time>
    </ksState>
    <ksState>
      <x>357.5854607696499</x>
      <y>-108.41394878778041</y>
      <steeringAngle>-0.10660000000000011</steeringAngle>
      <velocity>6.4</velocity>
      <orientation>-3.646313511314244</orientation>
      <time>92</time>
    </ksState>
    <ksState>
      <x>357.0781283423721</x>
      <y>-108.09223072040238</y>
      <steeringAngle>-0.07106666666666674</steeringAngle>
      <velocity>5.600000000000001</velocity>
      <orientation>-3.6671304596081327</orientation>
      <time>93</time>
    </ksState>
    <ksState>
      <x>356.6376987290643</x>
      <y>-107.81534268496932</y>
      <steeringAngle>-0.03553333333333339</steeringAngle>
      <velocity>4.800000000000001</velocity>
      <orientation>-3.6779810692657953</orientation>
      <time>94</time>
    </ksState>
    <ksState>
      <x>356.2622351239315</x>
      <y>-107.58588977958237</y>
      <steeringAngle>-5.5294310796760726e-17</steeringAngle>
      <velocity>4.0</velocity>
      <orientation>-3.681104845102961</orientation>
      <time>95</time>
    </ksState>
    <ksState>
      <x>355.88221724423016</x>
      <y>-107.36406998661555</y>
      <steeringAngle>0.035533333333333326</steeringAngle>
      <velocity>4.799999999999999</velocity>
      <orientation>-3.67798106643377</orientation>
      <time>96</time>
    </ksState>
    <ksState>
      <x>355.4261538629798</x>
      <y>-107.11380569105319</y>
      <steeringAngle>0.07106666666666667</steeringAngle>
      <velocity>5.599999999999998</velocity>
      <orientation>-3.667130455372597</orientation>
      <time>97</time>
    </ksState>
    <ksState>
      <x>354.88964084851887</x>
      <y>-106.8436331988067</y>
      <steeringAngle>0.10659999999999999</steeringAngle>
      <velocity>6.3999999999999995</velocity>
      <orientation>-3.646313506372269</orientation>
      <time>98</time>
    </ksState>
    <ksState>
      <x>354.26729745588403</x>
      <y>-106.56577026898327</y>
      <steeringAngle>0.14213333333333333</steeringAngle>
      <velocity>7.199999999999999</velocity>
      <orientation>-3.613253935391104</orientation>
      <time>99</time>
    </ksState>
  </ksTrajectory>
</CommonRoadSolution>
