<?xml version="1.0" ?>
<CommonRoadSolution benchmark_id="KS2:SM1:GRC_Perama-7_1_T-1:2020a" computation_time="38.524121228000695" date="2022-12-18T12:01:12">
  <ksTrajectory planningProblem="1">
    <ksState>
      <x>75.342433</x>
      <y>-733.77184</y>
      <steeringAngle>0.0</steeringAngle>
      <velocity>4.0</velocity>
      <orientation>-2.6515178</orientation>
      <time>0</time>
    </ksState>
    <ksState>
      <x>75.02654175358218</x>
      <y>-733.9445339349181</y>
      <steeringAngle>0.03553333333333333</steeringAngle>
      <velocity>3.2</velocity>
      <orientation>-2.6491290516202075</orientation>
      <time>1</time>
    </ksState>
    <ksState>
      <x>74.78400503307228</x>
      <y>-734.0846769065864</y>
      <steeringAngle>0.07106666666666668</steeringAngle>
      <velocity>2.4</velocity>
      <orientation>-2.643428136614411</orientation>
      <time>2</time>
    </ksState>
    <ksState>
      <x>74.61327991706095</x>
      <y>-734.1892996232223</y>
      <steeringAngle>0.10660000000000003</steeringAngle>
      <velocity>1.5999999999999994</velocity>
      <orientation>-2.6366126028696795</orientation>
      <time>3</time>
    </ksState>
    <ksState>
      <x>74.51237695564339</x>
      <y>-734.2547565645908</y>
      <steeringAngle>0.14213333333333342</steeringAngle>
      <velocity>0.7999999999999988</velocity>
      <orientation>-2.6308883413831996</orientation>
      <time>4</time>
    </ksState>
    <ksState>
      <x>74.47918157299706</x>
      <y>-734.2773350359777</y>
      <steeringAngle>0.17766666666666675</steeringAngle>
      <velocity>-1.5265566588595902e-15</velocity>
      <orientation>-2.628480846908644</orientation>
      <time>5</time>
    </ksState>
    <ksState>
      <x>74.4460421182838</x>
      <y>-734.2999959720595</y>
      <steeringAngle>0.14213333333333333</steeringAngle>
      <velocity>0.8</velocity>
      <orientation>-2.6260733496978412</orientation>
      <time>6</time>
    </ksState>
    <ksState>
      <x>74.3458508788092</x>
      <y>-734.3665412128114</y>
      <steeringAngle>0.10660000000000001</steeringAngle>
      <velocity>1.6</velocity>
      <orientation>-2.620349063077507</orientation>
      <time>7</time>
    </ksState>
    <ksState>
      <x>74.1776315898899</x>
      <y>-734.4751553466641</y>
      <steeringAngle>0.07106666666666664</steeringAngle>
      <velocity>2.4000000000000004</velocity>
      <orientation>-2.613533549314528</orientation>
      <time>8</time>
    </ksState>
    <ksState>
      <x>73.94032694672957</x>
      <y>-734.6239959914898</y>
      <steeringAngle>0.03553333333333332</steeringAngle>
      <velocity>3.1999999999999993</velocity>
      <orientation>-2.607832628601598</orientation>
      <time>9</time>
    </ksState>
    <ksState>
      <x>73.63243024041661</x>
      <y>-734.810576036268</y>
      <steeringAngle>-2.6020852139652106e-18</steeringAngle>
      <velocity>3.999999999999999</velocity>
      <orientation>-2.6054438770132715</orientation>
      <time>10</time>
    </ksState>
    <ksState>
      <x>73.28855729308987</x>
      <y>-735.0149076199667</y>
      <steeringAngle>0.0</steeringAngle>
      <velocity>4.0</velocity>
      <orientation>-2.6054438770132715</orientation>
      <time>11</time>
    </ksState>
    <ksState>
      <x>72.94468434576312</x>
      <y>-735.2192392036654</y>
      <steeringAngle>0.0</steeringAngle>
      <velocity>4.0</velocity>
      <orientation>-2.6054438770132715</orientation>
      <time>12</time>
    </ksState>
    <ksState>
      <x>72.60081139843638</x>
      <y>-735.423570787364</y>
      <steeringAngle>0.0</steeringAngle>
      <velocity>4.0</velocity>
      <orientation>-2.6054438770132715</orientation>
      <time>13</time>
    </ksState>
    <ksState>
      <x>72.25693845110963</x>
      <y>-735.6279023710628</y>
      <steeringAngle>0.0</steeringAngle>
      <velocity>4.0</velocity>
      <orientation>-2.6054438770132715</orientation>
      <time>14</time>
    </ksState>
    <ksState>
      <x>71.91306550378289</x>
      <y>-735.8322339547615</y>
      <steeringAngle>0.0</steeringAngle>
      <velocity>4.0</velocity>
      <orientation>-2.6054438770132715</orientation>
      <time>15</time>
    </ksState>
    <ksState>
      <x>71.56919255645614</x>
      <y>-736.0365655384602</y>
      <steeringAngle>0.0</steeringAngle>
      <velocity>4.0</velocity>
      <orientation>-2.6054438770132715</orientation>
      <time>16</time>
    </ksState>
    <ksState>
      <x>71.2253196091294</x>
      <y>-736.2408971221589</y>
      <steeringAngle>0.0</steeringAngle>
      <velocity>4.0</velocity>
      <orientation>-2.6054438770132715</orientation>
      <time>17</time>
    </ksState>
    <ksState>
      <x>70.88144666180266</x>
      <y>-736.4452287058575</y>
      <steeringAngle>0.0</steeringAngle>
      <velocity>4.0</velocity>
      <orientation>-2.6054438770132715</orientation>
      <time>18</time>
    </ksState>
    <ksState>
      <x>70.53757371447591</x>
      <y>-736.6495602895562</y>
      <steeringAngle>0.0</steeringAngle>
      <velocity>4.0</velocity>
      <orientation>-2.6054438770132715</orientation>
      <time>19</time>
    </ksState>
    <ksState>
      <x>70.19370076714917</x>
      <y>-736.853891873255</y>
      <steeringAngle>0.0</steeringAngle>
      <velocity>4.0</velocity>
      <orientation>-2.6054438770132715</orientation>
      <time>20</time>
    </ksState>
    <ksState>
      <x>69.81293896633511</x>
      <y>-737.0744322561452</y>
      <steeringAngle>-0.035533333333333326</steeringAngle>
      <velocity>4.799999999999999</velocity>
      <orientation>-2.6085676556824624</orientation>
      <time>21</time>
    </ksState>
    <ksState>
      <x>69.35603642362182</x>
      <y>-737.3231612086474</y>
      <steeringAngle>-0.07106666666666667</steeringAngle>
      <velocity>5.599999999999998</velocity>
      <orientation>-2.619418266743635</orientation>
      <time>22</time>
    </ksState>
    <ksState>
      <x>68.81861774334324</x>
      <y>-737.5915276602399</y>
      <steeringAngle>-0.10659999999999999</steeringAngle>
      <velocity>6.3999999999999995</velocity>
      <orientation>-2.6402352157439632</orientation>
      <time>23</time>
    </ksState>
    <ksState>
      <x>68.1953433042871</x>
      <y>-737.8672958232783</y>
      <steeringAngle>-0.14213333333333333</steeringAngle>
      <velocity>7.199999999999999</velocity>
      <orientation>-2.6732947867251284</orientation>
      <time>24</time>
    </ksState>
    <ksState>
      <x>67.48041463346006</x>
      <y>-738.1335025661364</y>
      <steeringAngle>-0.17766666666666664</steeringAngle>
      <velocity>7.9999999999999964</velocity>
      <orientation>-2.720922108806675</orientation>
      <time>25</time>
    </ksState>
    <ksState>
      <x>66.71457263427646</x>
      <y>-738.3754241688237</y>
      <steeringAngle>-0.14213333333333336</steeringAngle>
      <velocity>8.0</velocity>
      <orientation>-2.7709569203554234</orientation>
      <time>26</time>
    </ksState>
    <ksState>
      <x>65.94422308778776</x>
      <y>-738.5981524466688</y>
      <steeringAngle>-0.1066000000000001</steeringAngle>
      <velocity>8.0</velocity>
      <orientation>-2.809740772362421</orientation>
      <time>27</time>
    </ksState>
    <ksState>
      <x>65.17184193264494</x>
      <y>-738.8102613466872</y>
      <steeringAngle>-0.07106666666666674</steeringAngle>
      <velocity>8.0</velocity>
      <orientation>-2.837373251392108</orientation>
      <time>28</time>
    </ksState>
    <ksState>
      <x>64.39954667805934</x>
      <y>-739.020343541726</y>
      <steeringAngle>-0.035533333333333354</steeringAngle>
      <velocity>8.0</velocity>
      <orientation>-2.853924772021137</orientation>
      <time>29</time>
    </ksState>
    <ksState>
      <x>63.62938784098723</x>
      <y>-739.2369691888106</y>
      <steeringAngle>-2.0816681711721685e-17</steeringAngle>
      <velocity>8.0</velocity>
      <orientation>-2.8594372984795418</orientation>
      <time>30</time>
    </ksState>
    <ksState>
      <x>62.863637817358075</x>
      <y>-739.4686480106373</y>
      <steeringAngle>0.03553333333333333</steeringAngle>
      <velocity>8.0</velocity>
      <orientation>-2.853924763476703</orientation>
      <time>31</time>
    </ksState>
    <ksState>
      <x>62.10507768319095</x>
      <y>-739.7237785593605</y>
      <steeringAngle>0.07106666666666667</steeringAngle>
      <velocity>8.0</velocity>
      <orientation>-2.8373732425964335</orientation>
      <time>32</time>
    </ksState>
    <ksState>
      <x>61.35728232611752</x>
      <y>-740.010568493916</y>
      <steeringAngle>0.10659999999999997</steeringAngle>
      <velocity>8.0</velocity>
      <orientation>-2.8097407633057383</orientation>
      <time>33</time>
    </ksState>
  </ksTrajectory>
</CommonRoadSolution>
