<?xml version="1.0" ?>
<CommonRoadSolution benchmark_id="KS2:SM1:BEL_Zaventem-3_1_T-1:2020a" computation_time="2.303314096000122" date="2022-12-18T12:01:12">
  <ksTrajectory planningProblem="1">
    <ksState>
      <x>-573.1947</x>
      <y>585.25636</y>
      <steeringAngle>0.0</steeringAngle>
      <velocity>4.0</velocity>
      <orientation>3.0518253</orientation>
      <time>0</time>
    </ksState>
    <ksState>
      <x>-573.5529163590486</x>
      <y>585.2922976519944</y>
      <steeringAngle>-0.03553333333333333</steeringAngle>
      <velocity>3.2</velocity>
      <orientation>3.0494365516202073</orientation>
      <time>1</time>
    </ksState>
    <ksState>
      <x>-573.8308923518281</x>
      <y>585.3268441531487</y>
      <steeringAngle>-0.07106666666666668</steeringAngle>
      <velocity>2.4</velocity>
      <orientation>3.043735636614411</orientation>
      <time>2</time>
    </ksState>
    <ksState>
      <x>-574.0288917806288</x>
      <y>585.3566636814475</y>
      <steeringAngle>-0.10660000000000003</steeringAngle>
      <velocity>1.5999999999999994</velocity>
      <orientation>3.0369201028696793</orientation>
      <time>3</time>
    </ksState>
    <ksState>
      <x>-574.1473261469552</x>
      <y>585.3776236353833</y>
      <steeringAngle>-0.14213333333333342</steeringAngle>
      <velocity>0.7999999999999988</velocity>
      <orientation>3.0311958413831994</orientation>
      <time>4</time>
    </ksState>
    <ksState>
      <x>-574.1866960079268</x>
      <y>585.385480787939</y>
      <steeringAngle>-0.17766666666666675</steeringAngle>
      <velocity>-1.5265566588595902e-15</velocity>
      <orientation>3.0287883469086436</orientation>
      <time>5</time>
    </ksState>
    <ksState>
      <x>-574.2260464991798</x>
      <y>585.3934356808323</y>
      <steeringAngle>-0.14213333333333333</steeringAngle>
      <velocity>0.8</velocity>
      <orientation>3.026380849697841</orientation>
      <time>6</time>
    </ksState>
    <ksState>
      <x>-574.3442495233998</x>
      <y>585.4156752536574</y>
      <steeringAngle>-0.10660000000000001</steeringAngle>
      <velocity>1.6</velocity>
      <orientation>3.0206565630775066</orientation>
      <time>7</time>
    </ksState>
    <ksState>
      <x>-574.5414966942571</x>
      <y>585.450147167237</y>
      <steeringAngle>-0.07106666666666664</steeringAngle>
      <velocity>2.4000000000000004</velocity>
      <orientation>3.013841049314528</orientation>
      <time>8</time>
    </ksState>
    <ksState>
      <x>-574.8180437481333</x>
      <y>585.4947426626371</y>
      <steeringAngle>-0.03553333333333332</steeringAngle>
      <velocity>3.1999999999999993</velocity>
      <orientation>3.008140128601598</orientation>
      <time>9</time>
    </ksState>
    <ksState>
      <x>-575.1743090443277</x>
      <y>585.546584090041</y>
      <steeringAngle>2.6020852139652106e-18</steeringAngle>
      <velocity>3.999999999999999</velocity>
      <orientation>3.0057513770132713</orientation>
      <time>10</time>
    </ksState>
    <ksState>
      <x>-575.6109132048107</x>
      <y>585.6013053518461</y>
      <steeringAngle>0.035533333333333326</steeringAngle>
      <velocity>4.799999999999999</velocity>
      <orientation>3.008875155682462</orientation>
      <time>11</time>
    </ksState>
    <ksState>
      <x>-576.1286236411103</x>
      <y>585.6523144637501</y>
      <steeringAngle>0.07106666666666667</steeringAngle>
      <velocity>5.599999999999998</velocity>
      <orientation>3.019725766743635</orientation>
      <time>12</time>
    </ksState>
    <ksState>
      <x>-576.7281374699428</x>
      <y>585.6900312940948</y>
      <steeringAngle>0.10659999999999999</steeringAngle>
      <velocity>6.3999999999999995</velocity>
      <orientation>3.040542715743963</orientation>
      <time>13</time>
    </ksState>
    <ksState>
      <x>-577.4096038630859</x>
      <y>585.7011065432077</y>
      <steeringAngle>0.14213333333333333</steeringAngle>
      <velocity>7.199999999999999</velocity>
      <orientation>3.0736022867251283</orientation>
      <time>14</time>
    </ksState>
    <ksState>
      <x>-578.1717523145511</x>
      <y>585.667658490306</y>
      <steeringAngle>0.17766666666666664</steeringAngle>
      <velocity>7.9999999999999964</velocity>
      <orientation>3.121229608806675</orientation>
      <time>15</time>
    </ksState>
    <ksState>
      <x>-578.9710331890769</x>
      <y>585.5824350993543</y>
      <steeringAngle>0.17766666666666667</steeringAngle>
      <velocity>8.0</velocity>
      <orientation>3.1769305851171867</orientation>
      <time>16</time>
    </ksState>
    <ksState>
      <x>-579.7643299257996</x>
      <y>585.452846174423</y>
      <steeringAngle>0.17766666666666667</steeringAngle>
      <velocity>8.0</velocity>
      <orientation>3.2326315614276986</orientation>
      <time>17</time>
    </ksState>
    <ksState>
      <x>-580.5491818447679</x>
      <y>585.2792936737561</y>
      <steeringAngle>0.17766666666666667</steeringAngle>
      <velocity>8.0</velocity>
      <orientation>3.28833253773821</orientation>
      <time>18</time>
    </ksState>
    <ksState>
      <x>-581.323154495033</x>
      <y>585.0623159219068</y>
      <steeringAngle>0.17766666666666667</steeringAngle>
      <velocity>8.0</velocity>
      <orientation>3.344033514048722</orientation>
      <time>19</time>
    </ksState>
    <ksState>
      <x>-582.0838471713998</x>
      <y>584.8025859390875</y>
      <steeringAngle>0.17766666666666667</steeringAngle>
      <velocity>8.0</velocity>
      <orientation>3.3997344903592337</orientation>
      <time>20</time>
    </ksState>
    <ksState>
      <x>-582.7947271214646</x>
      <y>584.5254161562573</y>
      <steeringAngle>0.1421333333333334</steeringAngle>
      <velocity>7.2</velocity>
      <orientation>3.447361812104871</orientation>
      <time>21</time>
    </ksState>
    <ksState>
      <x>-583.4246160150965</x>
      <y>584.2649157170442</y>
      <steeringAngle>0.10660000000000011</steeringAngle>
      <velocity>6.4</velocity>
      <orientation>3.4804213825528385</orientation>
      <time>22</time>
    </ksState>
    <ksState>
      <x>-583.9781095301624</x>
      <y>584.0313913383916</y>
      <steeringAngle>0.07106666666666674</steeringAngle>
      <velocity>5.600000000000001</velocity>
      <orientation>3.501238330846727</orientation>
      <time>23</time>
    </ksState>
    <ksState>
      <x>-584.4582158260329</x>
      <y>583.8310337253344</y>
      <steeringAngle>0.03553333333333339</steeringAngle>
      <velocity>4.800000000000001</velocity>
      <orientation>3.51208894050439</orientation>
      <time>24</time>
    </ksState>
    <ksState>
      <x>-584.8664149331431</x>
      <y>583.6667320408503</y>
      <steeringAngle>5.5294310796760726e-17</steeringAngle>
      <velocity>4.0</velocity>
      <orientation>3.5152127163415554</orientation>
      <time>25</time>
    </ksState>
    <ksState>
      <x>-585.2015793129937</x>
      <y>583.5353363113173</y>
      <steeringAngle>0.0</steeringAngle>
      <velocity>3.2</velocity>
      <orientation>3.5152127163415554</orientation>
      <time>26</time>
    </ksState>
    <ksState>
      <x>-585.4622627192366</x>
      <y>583.4331396329123</y>
      <steeringAngle>0.0</steeringAngle>
      <velocity>2.4000000000000004</velocity>
      <orientation>3.5152127163415554</orientation>
      <time>27</time>
    </ksState>
    <ksState>
      <x>-585.6484651519668</x>
      <y>583.3601420055979</y>
      <steeringAngle>0.0</steeringAngle>
      <velocity>1.6</velocity>
      <orientation>3.5152127163415554</orientation>
      <time>28</time>
    </ksState>
    <ksState>
      <x>-585.760186611222</x>
      <y>583.3163434293593</y>
      <steeringAngle>0.0</steeringAngle>
      <velocity>0.7999999999999998</velocity>
      <orientation>3.5152127163415554</orientation>
      <time>29</time>
    </ksState>
    <ksState>
      <x>-585.7974270970516</x>
      <y>583.3017439041773</y>
      <steeringAngle>0.0</steeringAngle>
      <velocity>-3.3306690738754696e-16</velocity>
      <orientation>3.5152127163415554</orientation>
      <time>30</time>
    </ksState>
    <ksState>
      <x>-585.7974270970516</x>
      <y>583.3017439041773</y>
      <steeringAngle>0.0</steeringAngle>
      <velocity>0.0</velocity>
      <orientation>3.5152127163415554</orientation>
      <time>31</time>
    </ksState>
    <ksState>
      <x>-585.7974270970516</x>
      <y>583.3017439041773</y>
      <steeringAngle>0.0</steeringAngle>
      <velocity>0.0</velocity>
      <orientation>3.5152127163415554</orientation>
      <time>32</time>
    </ksState>
    <ksState>
      <x>-585.7974270970516</x>
      <y>583.3017439041773</y>
      <steeringAngle>0.0</steeringAngle>
      <velocity>0.0</velocity>
      <orientation>3.5152127163415554</orientation>
      <time>33</time>
    </ksState>
  </ksTrajectory>
</CommonRoadSolution>
