<?xml version="1.0" ?>
<CommonRoadSolution benchmark_id="KS2:SM1:ITA_CarpiCentro-7_1_T-1:2020a" computation_time="2.228772993000348" date="2022-12-18T12:01:12">
  <ksTrajectory planningProblem="1">
    <ksState>
      <x>-225.68542</x>
      <y>125.0677</y>
      <steeringAngle>0.0</steeringAngle>
      <velocity>8.0</velocity>
      <orientation>-3.5108907</orientation>
      <time>0</time>
    </ksState>
    <ksState>
      <x>-226.39105355786734</x>
      <y>125.35005403398516</y>
      <steeringAngle>-0.03553333333333333</steeringAngle>
      <velocity>7.199999999999999</velocity>
      <orientation>-3.516035712982492</orientation>
      <time>1</time>
    </ksState>
    <ksState>
      <x>-227.0149744830307</x>
      <y>125.62114323324592</y>
      <steeringAngle>-0.07106666666666664</steeringAngle>
      <velocity>6.400000000000001</velocity>
      <orientation>-3.5300123851034555</orientation>
      <time>2</time>
    </ksState>
    <ksState>
      <x>-227.55666146384948</x>
      <y>125.88075751385757</y>
      <steeringAngle>-0.10659999999999997</steeringAngle>
      <velocity>5.600000000000004</velocity>
      <orientation>-3.550644152969337</orientation>
      <time>3</time>
    </ksState>
    <ksState>
      <x>-228.01661941129714</x>
      <y>126.12586721627656</y>
      <steeringAngle>-0.1421333333333333</steeringAngle>
      <velocity>4.800000000000003</velocity>
      <orientation>-3.575760360477985</orientation>
      <time>4</time>
    </ksState>
    <ksState>
      <x>-228.3964106922234</x>
      <y>126.35136885395016</y>
      <steeringAngle>-0.17766666666666653</steeringAngle>
      <velocity>4.000000000000006</velocity>
      <orientation>-3.603185257063135</orientation>
      <time>5</time>
    </ksState>
    <ksState>
      <x>-228.69862430613324</x>
      <y>126.55082294985277</y>
      <steeringAngle>-0.21319999999999997</steeringAngle>
      <velocity>3.2</velocity>
      <orientation>-3.6307268026265698</orientation>
      <time>6</time>
    </ksState>
    <ksState>
      <x>-228.92672767551522</x>
      <y>126.71715861151158</y>
      <steeringAngle>-0.24873333333333342</steeringAngle>
      <velocity>2.4000000000000004</velocity>
      <orientation>-3.6561650330132194</orientation>
      <time>7</time>
    </ksState>
    <ksState>
      <x>-229.08477203698732</x>
      <y>126.84331941763031</y>
      <steeringAngle>-0.2842666666666668</steeringAngle>
      <velocity>1.600000000000001</velocity>
      <orientation>-3.677239932803799</orientation>
      <time>8</time>
    </ksState>
    <ksState>
      <x>-229.1769474061397</x>
      <y>126.92283262850398</y>
      <steeringAngle>-0.3197999999999999</steeringAngle>
      <velocity>0.8000000000000007</velocity>
      <orientation>-3.6916383601045033</orientation>
      <time>9</time>
    </ksState>
    <ksState>
      <x>-229.20700246165373</x>
      <y>126.95029932579376</y>
      <steeringAngle>-0.3553333333333332</steeringAngle>
      <velocity>5.551115123125783e-16</velocity>
      <orientation>-3.696980001740233</orientation>
      <time>10</time>
    </ksState>
    <ksState>
      <x>-229.20700246165373</x>
      <y>126.95029932579376</y>
      <steeringAngle>-0.3198</steeringAngle>
      <velocity>0.0</velocity>
      <orientation>-3.696980001740233</orientation>
      <time>11</time>
    </ksState>
    <ksState>
      <x>-229.20700246165373</x>
      <y>126.95029932579376</y>
      <steeringAngle>-0.2842666666666666</steeringAngle>
      <velocity>0.0</velocity>
      <orientation>-3.696980001740233</orientation>
      <time>12</time>
    </ksState>
    <ksState>
      <x>-229.20700246165373</x>
      <y>126.95029932579376</y>
      <steeringAngle>-0.24873333333333333</steeringAngle>
      <velocity>0.0</velocity>
      <orientation>-3.696980001740233</orientation>
      <time>13</time>
    </ksState>
    <ksState>
      <x>-229.20700246165373</x>
      <y>126.95029932579376</y>
      <steeringAngle>-0.21320000000000003</steeringAngle>
      <velocity>0.0</velocity>
      <orientation>-3.696980001740233</orientation>
      <time>14</time>
    </ksState>
    <ksState>
      <x>-229.20700246165373</x>
      <y>126.95029932579376</y>
      <steeringAngle>-0.1776666666666667</steeringAngle>
      <velocity>0.0</velocity>
      <orientation>-3.696980001740233</orientation>
      <time>15</time>
    </ksState>
    <ksState>
      <x>-229.20700246165373</x>
      <y>126.95029932579376</y>
      <steeringAngle>-0.14213333333333336</steeringAngle>
      <velocity>0.0</velocity>
      <orientation>-3.696980001740233</orientation>
      <time>16</time>
    </ksState>
    <ksState>
      <x>-229.20700246165373</x>
      <y>126.95029932579376</y>
      <steeringAngle>-0.10660000000000001</steeringAngle>
      <velocity>0.0</velocity>
      <orientation>-3.696980001740233</orientation>
      <time>17</time>
    </ksState>
    <ksState>
      <x>-229.20700246165373</x>
      <y>126.95029932579376</y>
      <steeringAngle>-0.07106666666666668</steeringAngle>
      <velocity>0.0</velocity>
      <orientation>-3.696980001740233</orientation>
      <time>18</time>
    </ksState>
    <ksState>
      <x>-229.20700246165373</x>
      <y>126.95029932579376</y>
      <steeringAngle>-0.03553333333333333</steeringAngle>
      <velocity>0.0</velocity>
      <orientation>-3.696980001740233</orientation>
      <time>19</time>
    </ksState>
    <ksState>
      <x>-229.20700246165373</x>
      <y>126.95029932579376</y>
      <steeringAngle>-0.0</steeringAngle>
      <velocity>0.0</velocity>
      <orientation>-3.696980001740233</orientation>
      <time>20</time>
    </ksState>
    <ksState>
      <x>-229.20700246165373</x>
      <y>126.95029932579376</y>
      <steeringAngle>0.0</steeringAngle>
      <velocity>0.0</velocity>
      <orientation>-3.696980001740233</orientation>
      <time>21</time>
    </ksState>
    <ksState>
      <x>-229.20700246165373</x>
      <y>126.95029932579376</y>
      <steeringAngle>0.0</steeringAngle>
      <velocity>0.0</velocity>
      <orientation>-3.696980001740233</orientation>
      <time>22</time>
    </ksState>
    <ksState>
      <x>-229.20700246165373</x>
      <y>126.95029932579376</y>
      <steeringAngle>0.0</steeringAngle>
      <velocity>0.0</velocity>
      <orientation>-3.696980001740233</orientation>
      <time>23</time>
    </ksState>
    <ksState>
      <x>-229.20700246165373</x>
      <y>126.95029932579376</y>
      <steeringAngle>0.0</steeringAngle>
      <velocity>0.0</velocity>
      <orientation>-3.696980001740233</orientation>
      <time>24</time>
    </ksState>
    <ksState>
      <x>-229.20700246165373</x>
      <y>126.95029932579376</y>
      <steeringAngle>0.0</steeringAngle>
      <velocity>0.0</velocity>
      <orientation>-3.696980001740233</orientation>
      <time>25</time>
    </ksState>
    <ksState>
      <x>-229.20700246165373</x>
      <y>126.95029932579376</y>
      <steeringAngle>0.0</steeringAngle>
      <velocity>0.0</velocity>
      <orientation>-3.696980001740233</orientation>
      <time>26</time>
    </ksState>
    <ksState>
      <x>-229.20700246165373</x>
      <y>126.95029932579376</y>
      <steeringAngle>0.0</steeringAngle>
      <velocity>0.0</velocity>
      <orientation>-3.696980001740233</orientation>
      <time>27</time>
    </ksState>
    <ksState>
      <x>-229.20700246165373</x>
      <y>126.95029932579376</y>
      <steeringAngle>0.0</steeringAngle>
      <velocity>0.0</velocity>
      <orientation>-3.696980001740233</orientation>
      <time>28</time>
    </ksState>
    <ksState>
      <x>-229.20700246165373</x>
      <y>126.95029932579376</y>
      <steeringAngle>0.0</steeringAngle>
      <velocity>0.0</velocity>
      <orientation>-3.696980001740233</orientation>
      <time>29</time>
    </ksState>
    <ksState>
      <x>-229.20700246165373</x>
      <y>126.95029932579376</y>
      <steeringAngle>0.0</steeringAngle>
      <velocity>0.0</velocity>
      <orientation>-3.696980001740233</orientation>
      <time>30</time>
    </ksState>
    <ksState>
      <x>-229.20700246165373</x>
      <y>126.95029932579376</y>
      <steeringAngle>0.0</steeringAngle>
      <velocity>0.0</velocity>
      <orientation>-3.696980001740233</orientation>
      <time>31</time>
    </ksState>
    <ksState>
      <x>-229.20700246165373</x>
      <y>126.95029932579376</y>
      <steeringAngle>0.0</steeringAngle>
      <velocity>0.0</velocity>
      <orientation>-3.696980001740233</orientation>
      <time>32</time>
    </ksState>
    <ksState>
      <x>-229.20700246165373</x>
      <y>126.95029932579376</y>
      <steeringAngle>0.0</steeringAngle>
      <velocity>0.0</velocity>
      <orientation>-3.696980001740233</orientation>
      <time>33</time>
    </ksState>
  </ksTrajectory>
</CommonRoadSolution>
