<?xml version="1.0" ?>
<CommonRoadSolution benchmark_id="KS2:SM1:ITA_Foggia-5_1_T-1:2020a" computation_time="2.5412223160001304" date="2022-12-18T12:01:12">
  <ksTrajectory planningProblem="1">
    <ksState>
      <x>22.706046</x>
      <y>829.26648</y>
      <steeringAngle>0.0</steeringAngle>
      <velocity>12.0</velocity>
      <orientation>-0.30281566</orientation>
      <time>0</time>
    </ksState>
    <ksState>
      <x>23.813266717430636</x>
      <y>828.9205576362261</y>
      <steeringAngle>0.0</steeringAngle>
      <velocity>11.200000000000001</velocity>
      <orientation>-0.30281566</orientation>
      <time>1</time>
    </ksState>
    <ksState>
      <x>24.844127384920718</x>
      <y>828.5984919873398</y>
      <steeringAngle>0.0</steeringAngle>
      <velocity>10.4</velocity>
      <orientation>-0.30281566</orientation>
      <time>2</time>
    </ksState>
    <ksState>
      <x>25.79862800276585</x>
      <y>828.3002830532486</y>
      <steeringAngle>0.0</steeringAngle>
      <velocity>9.599999999999998</velocity>
      <orientation>-0.30281566</orientation>
      <time>3</time>
    </ksState>
    <ksState>
      <x>26.676768571050044</x>
      <y>828.0259308339264</y>
      <steeringAngle>0.0</steeringAngle>
      <velocity>8.799999999999999</velocity>
      <orientation>-0.30281566</orientation>
      <time>4</time>
    </ksState>
    <ksState>
      <x>27.478549089800772</x>
      <y>827.7754353293645</y>
      <steeringAngle>0.0</steeringAngle>
      <velocity>7.999999999999997</velocity>
      <orientation>-0.30281566</orientation>
      <time>5</time>
    </ksState>
    <ksState>
      <x>28.206517825665728</x>
      <y>827.5570227882884</y>
      <steeringAngle>0.03553333333333333</steeringAngle>
      <velocity>7.199999999999999</velocity>
      <orientation>-0.2976706470175077</orientation>
      <time>6</time>
    </ksState>
    <ksState>
      <x>28.863531875075594</x>
      <y>827.3806730967926</y>
      <steeringAngle>0.07106666666666664</steeringAngle>
      <velocity>6.400000000000001</velocity>
      <orientation>-0.2836939748965446</orientation>
      <time>7</time>
    </ksState>
    <ksState>
      <x>29.4490525009062</x>
      <y>827.2465464528586</y>
      <steeringAngle>0.10659999999999997</steeringAngle>
      <velocity>5.600000000000004</velocity>
      <orientation>-0.2630622070306632</orientation>
      <time>8</time>
    </ksState>
    <ksState>
      <x>29.961588408336034</x>
      <y>827.1519577472153</y>
      <steeringAngle>0.1421333333333333</steeringAngle>
      <velocity>4.800000000000003</velocity>
      <orientation>-0.23794599952201492</orientation>
      <time>9</time>
    </ksState>
    <ksState>
      <x>30.39918451903706</x>
      <y>827.0919406699753</y>
      <steeringAngle>0.17766666666666653</steeringAngle>
      <velocity>4.000000000000006</velocity>
      <orientation>-0.2105211029368651</orientation>
      <time>10</time>
    </ksState>
    <ksState>
      <x>30.799206161958086</x>
      <y>827.0526692903929</y>
      <steeringAngle>0.17766666666666667</steeringAngle>
      <velocity>4.0</velocity>
      <orientation>-0.1826706147816092</orientation>
      <time>11</time>
    </ksState>
    <ksState>
      <x>31.200166296896516</x>
      <y>827.0245524885833</y>
      <steeringAngle>0.17766666666666667</steeringAngle>
      <velocity>4.0</velocity>
      <orientation>-0.1548201266263533</orientation>
      <time>12</time>
    </ksState>
    <ksState>
      <x>31.601753906459493</x>
      <y>827.0076120817554</y>
      <steeringAngle>0.17766666666666667</steeringAngle>
      <velocity>4.0</velocity>
      <orientation>-0.12696963847109743</orientation>
      <time>13</time>
    </ksState>
    <ksState>
      <x>32.00365751916365</x>
      <y>827.0018612086561</y>
      <steeringAngle>0.17766666666666667</steeringAngle>
      <velocity>4.0</velocity>
      <orientation>-0.09911915031584158</orientation>
      <time>14</time>
    </ksState>
    <ksState>
      <x>32.40556541872996</x>
      <y>827.0073043307264</y>
      <steeringAngle>0.17766666666666667</steeringAngle>
      <velocity>4.0</velocity>
      <orientation>-0.07126866216058575</orientation>
      <time>15</time>
    </ksState>
    <ksState>
      <x>32.76684750357356</x>
      <y>827.0179918658888</y>
      <steeringAngle>0.1421333333333333</steeringAngle>
      <velocity>3.1999999999999993</velocity>
      <orientation>-0.048658747187143435</orientation>
      <time>16</time>
    </ksState>
    <ksState>
      <x>33.04741729044319</x>
      <y>827.0258034267832</y>
      <steeringAngle>0.10659999999999997</steeringAngle>
      <velocity>2.3999999999999977</velocity>
      <orientation>-0.034991106316436094</orientation>
      <time>17</time>
    </ksState>
    <ksState>
      <x>33.247632756701876</x>
      <y>827.0295073121424</y>
      <steeringAngle>0.07106666666666664</steeringAngle>
      <velocity>1.5999999999999976</velocity>
      <orientation>-0.027990400463216956</orientation>
      <time>18</time>
    </ksState>
    <ksState>
      <x>33.36768818190944</x>
      <y>827.0299815155065</y>
      <steeringAngle>0.0355333333333333</steeringAngle>
      <velocity>0.7999999999999972</velocity>
      <orientation>-0.02541555598924969</orientation>
      <time>19</time>
    </ksState>
    <ksState>
      <x>33.40768867682425</x>
      <y>827.0294965135245</y>
      <steeringAngle>-2.5153490401663703e-17</steeringAngle>
      <velocity>-2.914335439641036e-15</velocity>
      <orientation>-0.025048044410718485</orientation>
      <time>20</time>
    </ksState>
    <ksState>
      <x>33.40768867682425</x>
      <y>827.0294965135245</y>
      <steeringAngle>0.0</steeringAngle>
      <velocity>0.0</velocity>
      <orientation>-0.025048044410718485</orientation>
      <time>21</time>
    </ksState>
    <ksState>
      <x>33.40768867682425</x>
      <y>827.0294965135245</y>
      <steeringAngle>0.0</steeringAngle>
      <velocity>0.0</velocity>
      <orientation>-0.025048044410718485</orientation>
      <time>22</time>
    </ksState>
    <ksState>
      <x>33.40768867682425</x>
      <y>827.0294965135245</y>
      <steeringAngle>0.0</steeringAngle>
      <velocity>0.0</velocity>
      <orientation>-0.025048044410718485</orientation>
      <time>23</time>
    </ksState>
    <ksState>
      <x>33.40768867682425</x>
      <y>827.0294965135245</y>
      <steeringAngle>0.0</steeringAngle>
      <velocity>0.0</velocity>
      <orientation>-0.025048044410718485</orientation>
      <time>24</time>
    </ksState>
    <ksState>
      <x>33.40768867682425</x>
      <y>827.0294965135245</y>
      <steeringAngle>0.0</steeringAngle>
      <velocity>0.0</velocity>
      <orientation>-0.025048044410718485</orientation>
      <time>25</time>
    </ksState>
    <ksState>
      <x>33.40768867682425</x>
      <y>827.0294965135245</y>
      <steeringAngle>0.0</steeringAngle>
      <velocity>0.0</velocity>
      <orientation>-0.025048044410718485</orientation>
      <time>26</time>
    </ksState>
    <ksState>
      <x>33.40768867682425</x>
      <y>827.0294965135245</y>
      <steeringAngle>0.0</steeringAngle>
      <velocity>0.0</velocity>
      <orientation>-0.025048044410718485</orientation>
      <time>27</time>
    </ksState>
    <ksState>
      <x>33.40768867682425</x>
      <y>827.0294965135245</y>
      <steeringAngle>0.0</steeringAngle>
      <velocity>0.0</velocity>
      <orientation>-0.025048044410718485</orientation>
      <time>28</time>
    </ksState>
    <ksState>
      <x>33.40768867682425</x>
      <y>827.0294965135245</y>
      <steeringAngle>0.0</steeringAngle>
      <velocity>0.0</velocity>
      <orientation>-0.025048044410718485</orientation>
      <time>29</time>
    </ksState>
    <ksState>
      <x>33.40768867682425</x>
      <y>827.0294965135245</y>
      <steeringAngle>0.0</steeringAngle>
      <velocity>0.0</velocity>
      <orientation>-0.025048044410718485</orientation>
      <time>30</time>
    </ksState>
    <ksState>
      <x>33.40768867682425</x>
      <y>827.0294965135245</y>
      <steeringAngle>0.0</steeringAngle>
      <velocity>0.0</velocity>
      <orientation>-0.025048044410718485</orientation>
      <time>31</time>
    </ksState>
    <ksState>
      <x>33.40768867682425</x>
      <y>827.0294965135245</y>
      <steeringAngle>0.0</steeringAngle>
      <velocity>0.0</velocity>
      <orientation>-0.025048044410718485</orientation>
      <time>32</time>
    </ksState>
    <ksState>
      <x>33.40768867682425</x>
      <y>827.0294965135245</y>
      <steeringAngle>0.0</steeringAngle>
      <velocity>0.0</velocity>
      <orientation>-0.025048044410718485</orientation>
      <time>33</time>
    </ksState>
  </ksTrajectory>
</CommonRoadSolution>
