<?xml version="1.0" ?>
<CommonRoadSolution benchmark_id="KS2:SM1:ITA_Empoli-3_1_T-1:2020a" computation_time="2.123060791000171" date="2022-12-18T12:01:12">
  <ksTrajectory planningProblem="1">
    <ksState>
      <x>-388.21367</x>
      <y>-927.42478</y>
      <steeringAngle>0.0</steeringAngle>
      <velocity>0.0</velocity>
      <orientation>-1.5882699</orientation>
      <time>0</time>
    </ksState>
    <ksState>
      <x>-388.2148976073401</x>
      <y>-927.4647645583548</y>
      <steeringAngle>-0.03553333333333333</steeringAngle>
      <velocity>0.8</velocity>
      <orientation>-1.588637431778242</orientation>
      <time>1</time>
    </ksState>
    <ksState>
      <x>-388.2208392938708</x>
      <y>-927.5846728120306</y>
      <steeringAngle>-0.0710666666666667</steeringAngle>
      <velocity>1.6</velocity>
      <orientation>-1.5912122783702276</orientation>
      <time>2</time>
    </ksState>
    <ksState>
      <x>-388.23553333320314</x>
      <y>-927.7843781137518</y>
      <steeringAngle>-0.10660000000000003</steeringAngle>
      <velocity>2.4000000000000004</velocity>
      <orientation>-1.5982129826070648</orientation>
      <time>3</time>
    </ksState>
    <ksState>
      <x>-388.2644641342853</x>
      <y>-928.0635489416688</y>
      <steeringAngle>-0.14213333333333342</steeringAngle>
      <velocity>3.2000000000000015</velocity>
      <orientation>-1.611880623547885</orientation>
      <time>4</time>
    </ksState>
    <ksState>
      <x>-388.3152858148414</x>
      <y>-928.4213708616476</y>
      <steeringAngle>-0.17766666666666683</steeringAngle>
      <velocity>4.0000000000000036</velocity>
      <orientation>-1.6344905394211051</orientation>
      <time>5</time>
    </ksState>
    <ksState>
      <x>-388.393461582012</x>
      <y>-928.8565409114168</y>
      <steeringAngle>-0.17766666666666667</steeringAngle>
      <velocity>4.800000000000002</velocity>
      <orientation>-1.6651260764634392</orientation>
      <time>6</time>
    </ksState>
    <ksState>
      <x>-388.5029825699876</x>
      <y>-929.367450535885</y>
      <steeringAngle>-0.17766666666666667</steeringAngle>
      <velocity>5.600000000000001</velocity>
      <orientation>-1.7013317111399793</orientation>
      <time>7</time>
    </ksState>
    <ksState>
      <x>-388.65223383783785</x>
      <y>-929.9515769933873</y>
      <steeringAngle>-0.17766666666666667</steeringAngle>
      <velocity>6.3999999999999995</velocity>
      <orientation>-1.7431074434496192</orientation>
      <time>8</time>
    </ksState>
    <ksState>
      <x>-388.8507031773187</x>
      <y>-930.6053812729377</y>
      <steeringAngle>-0.17766666666666667</steeringAngle>
      <velocity>7.200000000000002</velocity>
      <orientation>-1.7904532733917162</orientation>
      <time>9</time>
    </ksState>
    <ksState>
      <x>-389.10885359072984</x>
      <y>-931.3240536716922</y>
      <steeringAngle>-0.17766666666666667</steeringAngle>
      <velocity>8.0</velocity>
      <orientation>-1.8433692009658662</orientation>
      <time>10</time>
    </ksState>
    <ksState>
      <x>-389.41217303462673</x>
      <y>-932.0677184782512</y>
      <steeringAngle>-0.14213333333333336</steeringAngle>
      <velocity>8.0</velocity>
      <orientation>-1.8934040125146145</orientation>
      <time>11</time>
    </ksState>
    <ksState>
      <x>-389.7331360321836</x>
      <y>-932.8025851761811</y>
      <steeringAngle>-0.1066000000000001</steeringAngle>
      <velocity>8.0</velocity>
      <orientation>-1.932187864521612</orientation>
      <time>12</time>
    </ksState>
    <ksState>
      <x>-390.06356548487537</x>
      <y>-933.5322283842497</y>
      <steeringAngle>-0.07106666666666674</steeringAngle>
      <velocity>8.0</velocity>
      <orientation>-1.9598203435512989</orientation>
      <time>13</time>
    </ksState>
    <ksState>
      <x>-390.39549893975567</x>
      <y>-934.2605103835186</y>
      <steeringAngle>-0.035533333333333354</steeringAngle>
      <velocity>8.0</velocity>
      <orientation>-1.9763718641803283</orientation>
      <time>14</time>
    </ksState>
    <ksState>
      <x>-390.7210340729559</x>
      <y>-934.9913305955731</y>
      <steeringAngle>-2.0816681711721685e-17</steeringAngle>
      <velocity>8.0</velocity>
      <orientation>-1.9818843906387331</orientation>
      <time>15</time>
    </ksState>
    <ksState>
      <x>-391.0247353758253</x>
      <y>-935.6880123863001</y>
      <steeringAngle>0.0</steeringAngle>
      <velocity>7.200000000000001</velocity>
      <orientation>-1.9818843906387331</orientation>
      <time>16</time>
    </ksState>
    <ksState>
      <x>-391.2964681203497</x>
      <y>-936.3113592513475</y>
      <steeringAngle>0.0</steeringAngle>
      <velocity>6.400000000000001</velocity>
      <orientation>-1.9818843906387331</orientation>
      <time>17</time>
    </ksState>
    <ksState>
      <x>-391.5362323066091</x>
      <y>-936.8613711908987</y>
      <steeringAngle>0.0</steeringAngle>
      <velocity>5.600000000000001</velocity>
      <orientation>-1.9818843906387331</orientation>
      <time>18</time>
    </ksState>
    <ksState>
      <x>-391.74402793462616</x>
      <y>-937.3380482050056</y>
      <steeringAngle>0.0</steeringAngle>
      <velocity>4.800000000000001</velocity>
      <orientation>-1.9818843906387331</orientation>
      <time>19</time>
    </ksState>
    <ksState>
      <x>-391.9198550044091</x>
      <y>-937.7413902936873</y>
      <steeringAngle>0.0</steeringAngle>
      <velocity>4.000000000000001</velocity>
      <orientation>-1.9818843906387331</orientation>
      <time>20</time>
    </ksState>
    <ksState>
      <x>-392.0796977955459</x>
      <y>-938.1080649207364</y>
      <steeringAngle>0.0</steeringAngle>
      <velocity>4.0</velocity>
      <orientation>-1.9818843906387331</orientation>
      <time>21</time>
    </ksState>
    <ksState>
      <x>-392.2395405866826</x>
      <y>-938.4747395477856</y>
      <steeringAngle>0.0</steeringAngle>
      <velocity>4.0</velocity>
      <orientation>-1.9818843906387331</orientation>
      <time>22</time>
    </ksState>
    <ksState>
      <x>-392.3993833778194</x>
      <y>-938.8414141748347</y>
      <steeringAngle>0.0</steeringAngle>
      <velocity>4.0</velocity>
      <orientation>-1.9818843906387331</orientation>
      <time>23</time>
    </ksState>
    <ksState>
      <x>-392.5592261689561</x>
      <y>-939.2080888018838</y>
      <steeringAngle>0.0</steeringAngle>
      <velocity>4.0</velocity>
      <orientation>-1.9818843906387331</orientation>
      <time>24</time>
    </ksState>
    <ksState>
      <x>-392.7190689600929</x>
      <y>-939.5747634289329</y>
      <steeringAngle>0.0</steeringAngle>
      <velocity>4.0</velocity>
      <orientation>-1.9818843906387331</orientation>
      <time>25</time>
    </ksState>
    <ksState>
      <x>-392.894896030754</x>
      <y>-939.978105519629</y>
      <steeringAngle>0.0</steeringAngle>
      <velocity>4.8</velocity>
      <orientation>-1.9818843906387331</orientation>
      <time>26</time>
    </ksState>
    <ksState>
      <x>-393.10269165966054</x>
      <y>-940.4547825357763</y>
      <steeringAngle>0.0</steeringAngle>
      <velocity>5.6</velocity>
      <orientation>-1.9818843906387331</orientation>
      <time>27</time>
    </ksState>
    <ksState>
      <x>-393.34245584680605</x>
      <y>-941.0047944773603</y>
      <steeringAngle>0.0</steeringAngle>
      <velocity>6.4</velocity>
      <orientation>-1.9818843906387331</orientation>
      <time>28</time>
    </ksState>
    <ksState>
      <x>-393.6141885921869</x>
      <y>-941.6281413443724</y>
      <steeringAngle>0.0</steeringAngle>
      <velocity>7.199999999999999</velocity>
      <orientation>-1.9818843906387331</orientation>
      <time>29</time>
    </ksState>
    <ksState>
      <x>-393.9178898958007</x>
      <y>-942.324823136807</y>
      <steeringAngle>0.0</steeringAngle>
      <velocity>7.999999999999998</velocity>
      <orientation>-1.9818843906387331</orientation>
      <time>30</time>
    </ksState>
    <ksState>
      <x>-394.2294772696441</x>
      <y>-943.0180444773308</y>
      <steeringAngle>-0.03553333333333333</steeringAngle>
      <velocity>7.199999999999999</velocity>
      <orientation>-1.9870294036212255</orientation>
      <time>31</time>
    </ksState>
    <ksState>
      <x>-394.52639586531416</x>
      <y>-943.6300951470943</y>
      <steeringAngle>-0.07106666666666664</steeringAngle>
      <velocity>6.400000000000001</velocity>
      <orientation>-2.0010060757421884</orientation>
      <time>32</time>
    </ksState>
    <ksState>
      <x>-394.80841400302324</x>
      <y>-944.1604630664569</y>
      <steeringAngle>-0.10659999999999997</steeringAngle>
      <velocity>5.600000000000004</velocity>
      <orientation>-2.0216378436080698</orientation>
      <time>33</time>
    </ksState>
  </ksTrajectory>
</CommonRoadSolution>
