<?xml version="1.0" ?>
<CommonRoadSolution benchmark_id="KS2:SM1:ESP_PriegodeCordoba-3_1_T-1:2020a" computation_time="1.5883362699996724" date="2022-12-18T12:01:12">
  <ksTrajectory planningProblem="1">
    <ksState>
      <x>-328.42736</x>
      <y>-398.80706</y>
      <steeringAngle>0.0</steeringAngle>
      <velocity>12.0</velocity>
      <orientation>-1.7856413</orientation>
      <time>0</time>
    </ksState>
    <ksState>
      <x>-328.66070594601916</x>
      <y>-399.94338470675996</y>
      <steeringAngle>0.03553333333333333</steeringAngle>
      <velocity>11.200000000000001</velocity>
      <orientation>-1.777740026227656</orientation>
      <time>1</time>
    </ksState>
    <ksState>
      <x>-328.8410992148331</x>
      <y>-401.00862040325165</y>
      <steeringAngle>0.07106666666666667</steeringAngle>
      <velocity>10.400000000000007</velocity>
      <orientation>-1.755487595429166</orientation>
      <time>2</time>
    </ksState>
    <ksState>
      <x>-328.9605954610452</x>
      <y>-402.00255698955374</y>
      <steeringAngle>0.10660000000000001</steeringAngle>
      <velocity>9.60000000000001</velocity>
      <orientation>-1.7210395845444943</orientation>
      <time>3</time>
    </ksState>
    <ksState>
      <x>-329.0161937550472</x>
      <y>-402.92291190654214</y>
      <steeringAngle>0.14213333333333344</steeringAngle>
      <velocity>8.800000000000008</velocity>
      <orientation>-1.6765314524236494</orientation>
      <time>4</time>
    </ksState>
    <ksState>
      <x>-329.0093693608443</x>
      <y>-403.7660211647673</y>
      <steeringAngle>0.17766666666666675</steeringAngle>
      <velocity>8.000000000000009</velocity>
      <orientation>-1.624089154608668</orientation>
      <time>5</time>
    </ksState>
    <ksState>
      <x>-328.94558491420486</x>
      <y>-404.5276772713634</y>
      <steeringAngle>0.21320000000000014</steeringAngle>
      <velocity>7.200000000000003</velocity>
      <orientation>-1.5658398275371752</orientation>
      <time>6</time>
    </ksState>
    <ksState>
      <x>-328.8337116746046</x>
      <y>-405.2039875283851</y>
      <steeringAngle>0.24873333333333347</steeringAngle>
      <velocity>6.400000000000004</velocity>
      <orientation>-1.5039227400513957</orientation>
      <time>7</time>
    </ksState>
    <ksState>
      <x>-328.68532948566724</x>
      <y>-405.7921381148211</y>
      <steeringAngle>0.2842666666666668</steeringAngle>
      <velocity>5.600000000000001</velocity>
      <orientation>-1.4405005972874747</orientation>
      <time>8</time>
    </ksState>
    <ksState>
      <x>-328.51391359367375</x>
      <y>-406.2909661996448</y>
      <steeringAngle>0.3198</steeringAngle>
      <velocity>4.800000000000002</velocity>
      <orientation>-1.377771497545522</orientation>
      <time>9</time>
    </ksState>
    <ksState>
      <x>-328.3339499426148</x>
      <y>-406.70126704672754</y>
      <steeringAngle>0.3553333333333332</steeringAngle>
      <velocity>4.000000000000001</velocity>
      <orientation>-1.3179816634973074</orientation>
      <time>10</time>
    </ksState>
    <ksState>
      <x>-328.1600437570872</x>
      <y>-407.0257943800569</y>
      <steeringAngle>0.3908666666666668</steeringAngle>
      <velocity>3.2000000000000006</velocity>
      <orientation>-1.2634392767241247</orientation>
      <time>11</time>
    </ksState>
    <ksState>
      <x>-328.0060909950461</x>
      <y>-407.26894715613975</y>
      <steeringAngle>0.4264</steeringAngle>
      <velocity>2.3999999999999995</velocity>
      <orientation>-1.2165296399276078</orientation>
      <time>12</time>
    </ksState>
    <ksState>
      <x>-327.8845708574748</x>
      <y>-407.43616853054255</y>
      <steeringAngle>0.4619333333333332</steeringAngle>
      <velocity>1.5999999999999996</velocity>
      <orientation>-1.179732015402211</orientation>
      <time>13</time>
    </ksState>
    <ksState>
      <x>-327.80598720936143</x>
      <y>-407.53310894033365</y>
      <steeringAngle>0.49746666666666656</steeringAngle>
      <velocity>0.7999999999999986</velocity>
      <orientation>-1.1556385792522295</orientation>
      <time>14</time>
    </ksState>
    <ksState>
      <x>-327.77844133697096</x>
      <y>-407.56462180375</y>
      <steeringAngle>0.5329999999999998</steeringAngle>
      <velocity>-1.5265566588595902e-15</velocity>
      <orientation>-1.1469759131146489</orientation>
      <time>15</time>
    </ksState>
    <ksState>
      <x>-327.77844133697096</x>
      <y>-407.56462180375</y>
      <steeringAngle>0.49746666666666667</steeringAngle>
      <velocity>0.0</velocity>
      <orientation>-1.1469759131146489</orientation>
      <time>16</time>
    </ksState>
    <ksState>
      <x>-327.77844133697096</x>
      <y>-407.56462180375</y>
      <steeringAngle>0.4619333333333333</steeringAngle>
      <velocity>0.0</velocity>
      <orientation>-1.1469759131146489</orientation>
      <time>17</time>
    </ksState>
    <ksState>
      <x>-327.77844133697096</x>
      <y>-407.56462180375</y>
      <steeringAngle>0.42639999999999995</steeringAngle>
      <velocity>0.0</velocity>
      <orientation>-1.1469759131146489</orientation>
      <time>18</time>
    </ksState>
    <ksState>
      <x>-327.77844133697096</x>
      <y>-407.56462180375</y>
      <steeringAngle>0.3908666666666666</steeringAngle>
      <velocity>0.0</velocity>
      <orientation>-1.1469759131146489</orientation>
      <time>19</time>
    </ksState>
    <ksState>
      <x>-327.77844133697096</x>
      <y>-407.56462180375</y>
      <steeringAngle>0.3553333333333333</steeringAngle>
      <velocity>0.0</velocity>
      <orientation>-1.1469759131146489</orientation>
      <time>20</time>
    </ksState>
    <ksState>
      <x>-327.77844133697096</x>
      <y>-407.56462180375</y>
      <steeringAngle>0.3198</steeringAngle>
      <velocity>0.0</velocity>
      <orientation>-1.1469759131146489</orientation>
      <time>21</time>
    </ksState>
    <ksState>
      <x>-327.77844133697096</x>
      <y>-407.56462180375</y>
      <steeringAngle>0.2842666666666666</steeringAngle>
      <velocity>0.0</velocity>
      <orientation>-1.1469759131146489</orientation>
      <time>22</time>
    </ksState>
    <ksState>
      <x>-327.77844133697096</x>
      <y>-407.56462180375</y>
      <steeringAngle>0.24873333333333333</steeringAngle>
      <velocity>0.0</velocity>
      <orientation>-1.1469759131146489</orientation>
      <time>23</time>
    </ksState>
    <ksState>
      <x>-327.77844133697096</x>
      <y>-407.56462180375</y>
      <steeringAngle>0.21320000000000003</steeringAngle>
      <velocity>0.0</velocity>
      <orientation>-1.1469759131146489</orientation>
      <time>24</time>
    </ksState>
    <ksState>
      <x>-327.77844133697096</x>
      <y>-407.56462180375</y>
      <steeringAngle>0.1776666666666667</steeringAngle>
      <velocity>0.0</velocity>
      <orientation>-1.1469759131146489</orientation>
      <time>25</time>
    </ksState>
    <ksState>
      <x>-327.77844133697096</x>
      <y>-407.56462180375</y>
      <steeringAngle>0.14213333333333336</steeringAngle>
      <velocity>0.0</velocity>
      <orientation>-1.1469759131146489</orientation>
      <time>26</time>
    </ksState>
    <ksState>
      <x>-327.77844133697096</x>
      <y>-407.56462180375</y>
      <steeringAngle>0.10660000000000001</steeringAngle>
      <velocity>0.0</velocity>
      <orientation>-1.1469759131146489</orientation>
      <time>27</time>
    </ksState>
    <ksState>
      <x>-327.77844133697096</x>
      <y>-407.56462180375</y>
      <steeringAngle>0.07106666666666668</steeringAngle>
      <velocity>0.0</velocity>
      <orientation>-1.1469759131146489</orientation>
      <time>28</time>
    </ksState>
    <ksState>
      <x>-327.77844133697096</x>
      <y>-407.56462180375</y>
      <steeringAngle>0.03553333333333333</steeringAngle>
      <velocity>0.0</velocity>
      <orientation>-1.1469759131146489</orientation>
      <time>29</time>
    </ksState>
    <ksState>
      <x>-327.77844133697096</x>
      <y>-407.56462180375</y>
      <steeringAngle>0.0</steeringAngle>
      <velocity>0.0</velocity>
      <orientation>-1.1469759131146489</orientation>
      <time>30</time>
    </ksState>
    <ksState>
      <x>-327.76150954454215</x>
      <y>-407.600865235317</y>
      <steeringAngle>0.03553333333333333</steeringAngle>
      <velocity>0.8</velocity>
      <orientation>-1.146608381336407</orientation>
      <time>31</time>
    </ksState>
    <ksState>
      <x>-327.70865719317663</x>
      <y>-407.7086609768542</y>
      <steeringAngle>0.0710666666666667</steeringAngle>
      <velocity>1.6</velocity>
      <orientation>-1.1440335347444213</orientation>
      <time>32</time>
    </ksState>
    <ksState>
      <x>-327.61622490044834</x>
      <y>-407.8862965408286</y>
      <steeringAngle>0.10660000000000003</steeringAngle>
      <velocity>2.4000000000000004</velocity>
      <orientation>-1.137032830507584</orientation>
      <time>33</time>
    </ksState>
  </ksTrajectory>
</CommonRoadSolution>
