<?xml version="1.0" ?>
<CommonRoadSolution benchmark_id="KS2:SM1:DEU_Muehlhausen-5_1_T-1:2020a" computation_time="1.1980356379999648" date="2022-12-18T12:01:12">
  <ksTrajectory planningProblem="1">
    <ksState>
      <x>-269.42147</x>
      <y>100.42351</y>
      <steeringAngle>0.0</steeringAngle>
      <velocity>4.0</velocity>
      <orientation>2.946819</orientation>
      <time>0</time>
    </ksState>
    <ksState>
      <x>-269.77394651967654</x>
      <y>100.49679559065483</y>
      <steeringAngle>-0.03553333333333333</steeringAngle>
      <velocity>3.2</velocity>
      <orientation>2.9444302516202074</orientation>
      <time>1</time>
    </ksState>
    <ksState>
      <x>-270.0467704561463</x>
      <y>100.56028742471939</y>
      <steeringAngle>-0.07106666666666668</steeringAngle>
      <velocity>2.4</velocity>
      <orientation>2.938729336614411</orientation>
      <time>2</time>
    </ksState>
    <ksState>
      <x>-270.2405537976118</x>
      <y>100.61069570423551</y>
      <steeringAngle>-0.10660000000000003</steeringAngle>
      <velocity>1.5999999999999994</velocity>
      <orientation>2.9319138028696794</orientation>
      <time>3</time>
    </ksState>
    <ksState>
      <x>-270.35613893114333</x>
      <y>100.64395372135401</y>
      <steeringAngle>-0.14213333333333342</steeringAngle>
      <velocity>0.7999999999999988</velocity>
      <orientation>2.9261895413831995</orientation>
      <time>4</time>
    </ksState>
    <ksState>
      <x>-270.3944684039381</x>
      <y>100.65589408627655</y>
      <steeringAngle>-0.17766666666666675</steeringAngle>
      <velocity>-1.5265566588595902e-15</velocity>
      <orientation>2.9237820469086437</orientation>
      <time>5</time>
    </ksState>
    <ksState>
      <x>-270.4327683692041</x>
      <y>100.66792962296665</y>
      <steeringAngle>-0.14213333333333333</steeringAngle>
      <velocity>0.8</velocity>
      <orientation>2.921374549697841</orientation>
      <time>6</time>
    </ksState>
    <ksState>
      <x>-270.5479893136338</x>
      <y>100.70243596294807</y>
      <steeringAngle>-0.10660000000000001</steeringAngle>
      <velocity>1.6</velocity>
      <orientation>2.9156502630775067</orientation>
      <time>7</time>
    </ksState>
    <ksState>
      <x>-270.7405369081881</x>
      <y>100.75739215521469</y>
      <steeringAngle>-0.07106666666666664</steeringAngle>
      <velocity>2.4000000000000004</velocity>
      <orientation>2.908834749314528</orientation>
      <time>8</time>
    </ksState>
    <ksState>
      <x>-271.0108865068929</x>
      <y>100.83072786069084</y>
      <steeringAngle>-0.03553333333333332</steeringAngle>
      <velocity>3.1999999999999993</velocity>
      <orientation>2.903133828601598</orientation>
      <time>9</time>
    </ksState>
    <ksState>
      <x>-271.3597557810436</x>
      <y>100.9196251296106</y>
      <steeringAngle>2.6020852139652106e-18</steeringAngle>
      <velocity>3.999999999999999</velocity>
      <orientation>2.9007450770132714</orientation>
      <time>10</time>
    </ksState>
    <ksState>
      <x>-271.78821955984733</x>
      <y>101.01980696278288</y>
      <steeringAngle>0.035533333333333326</steeringAngle>
      <velocity>4.799999999999999</velocity>
      <orientation>2.9038688556824623</orientation>
      <time>11</time>
    </ksState>
    <ksState>
      <x>-272.2977319563673</x>
      <y>101.12479812023574</y>
      <steeringAngle>0.07106666666666667</steeringAngle>
      <velocity>5.599999999999998</velocity>
      <orientation>2.914719466743635</orientation>
      <time>12</time>
    </ksState>
    <ksState>
      <x>-272.8899903740312</x>
      <y>101.22514430580766</y>
      <steeringAngle>0.10659999999999999</steeringAngle>
      <velocity>6.3999999999999995</velocity>
      <orientation>2.935536415743963</orientation>
      <time>13</time>
    </ksState>
    <ksState>
      <x>-273.56654234890607</x>
      <y>101.30758538427753</y>
      <steeringAngle>0.14213333333333333</steeringAngle>
      <velocity>7.199999999999999</velocity>
      <orientation>2.9685959867251284</orientation>
      <time>14</time>
    </ksState>
    <ksState>
      <x>-274.32799861763766</x>
      <y>101.35420496302919</y>
      <steeringAngle>0.17766666666666664</steeringAngle>
      <velocity>7.9999999999999964</velocity>
      <orientation>3.016223308806675</orientation>
      <time>15</time>
    </ksState>
    <ksState>
      <x>-275.13180953140545</x>
      <y>101.35322636412221</y>
      <steeringAngle>0.17766666666666667</steeringAngle>
      <velocity>8.0</velocity>
      <orientation>3.071924285117187</orientation>
      <time>16</time>
    </ksState>
    <ksState>
      <x>-275.9343193725584</x>
      <y>101.30749938289186</y>
      <steeringAngle>0.17766666666666667</steeringAngle>
      <velocity>8.0</velocity>
      <orientation>3.1276252614276987</orientation>
      <time>17</time>
    </ksState>
    <ksState>
      <x>-276.7330388841865</x>
      <y>101.21716585124027</y>
      <steeringAngle>0.17766666666666667</steeringAngle>
      <velocity>8.0</velocity>
      <orientation>3.18332623773821</orientation>
      <time>18</time>
    </ksState>
    <ksState>
      <x>-277.52549060088904</x>
      <y>101.08250596541266</y>
      <steeringAngle>0.17766666666666667</steeringAngle>
      <velocity>8.0</velocity>
      <orientation>3.239027214048722</orientation>
      <time>19</time>
    </ksState>
    <ksState>
      <x>-278.3092164992297</x>
      <y>100.90393741240453</y>
      <steeringAngle>0.17766666666666667</steeringAngle>
      <velocity>8.0</velocity>
      <orientation>3.294728190359234</orientation>
      <time>20</time>
    </ksState>
    <ksState>
      <x>-279.0416284457561</x>
      <y>100.68539400496888</y>
      <steeringAngle>0.21320000000000014</steeringAngle>
      <velocity>7.200000000000003</velocity>
      <orientation>3.352977517430727</orientation>
      <time>21</time>
    </ksState>
    <ksState>
      <x>-279.6806499627969</x>
      <y>100.43727571412711</y>
      <steeringAngle>0.24873333333333347</steeringAngle>
      <velocity>6.400000000000004</velocity>
      <orientation>3.414894604916506</orientation>
      <time>22</time>
    </ksState>
    <ksState>
      <x>-280.2259004363326</x>
      <y>100.17149327033526</y>
      <steeringAngle>0.2842666666666668</steeringAngle>
      <velocity>5.600000000000001</velocity>
      <orientation>3.4783167476804273</orientation>
      <time>23</time>
    </ksState>
    <ksState>
      <x>-280.67900368249815</x>
      <y>99.90147416999032</y>
      <steeringAngle>0.3198</steeringAngle>
      <velocity>4.800000000000002</velocity>
      <orientation>3.54104584742238</orientation>
      <time>24</time>
    </ksState>
    <ksState>
      <x>-281.04370719850823</x>
      <y>99.64123380757675</y>
      <steeringAngle>0.3553333333333332</steeringAngle>
      <velocity>4.000000000000001</velocity>
      <orientation>3.6008356814705946</orientation>
      <time>25</time>
    </ksState>
    <ksState>
      <x>-281.3561404724043</x>
      <y>99.37711211177465</y>
      <steeringAngle>0.39086666666666653</steeringAngle>
      <velocity>4.0</velocity>
      <orientation>3.661556047776582</orientation>
      <time>26</time>
    </ksState>
    <ksState>
      <x>-281.6462279146348</x>
      <y>99.08577663468371</y>
      <steeringAngle>0.42639999999999995</steeringAngle>
      <velocity>4.0</velocity>
      <orientation>3.7287256612329855</orientation>
      <time>27</time>
    </ksState>
    <ksState>
      <x>-281.90953996270747</x>
      <y>98.76707267584337</y>
      <steeringAngle>0.4619333333333333</steeringAngle>
      <velocity>4.0</velocity>
      <orientation>3.8025462448653293</orientation>
      <time>28</time>
    </ksState>
    <ksState>
      <x>-282.1411486685276</x>
      <y>98.42154103004503</y>
      <steeringAngle>0.49746666666666667</steeringAngle>
      <velocity>4.0</velocity>
      <orientation>3.8832467866785496</orientation>
      <time>29</time>
    </ksState>
    <ksState>
      <x>-282.3356670901844</x>
      <y>98.0505869908718</y>
      <steeringAngle>0.533</steeringAngle>
      <velocity>4.0</velocity>
      <orientation>3.971086653278358</orientation>
      <time>30</time>
    </ksState>
    <ksState>
      <x>-282.47797553871334</x>
      <y>97.69988021372053</y>
      <steeringAngle>0.533</steeringAngle>
      <velocity>3.1999999999999997</velocity>
      <orientation>4.0534405217426075</orientation>
      <time>31</time>
    </ksState>
    <ksState>
      <x>-282.568423512258</x>
      <y>97.41971228049438</y>
      <steeringAngle>0.533</steeringAngle>
      <velocity>2.3999999999999986</velocity>
      <orientation>4.117493530472498</orientation>
      <time>32</time>
    </ksState>
    <ksState>
      <x>-282.62195475843936</x>
      <y>97.216331596125</y>
      <steeringAngle>0.533</steeringAngle>
      <velocity>1.5999999999999988</velocity>
      <orientation>4.16324567949151</orientation>
      <time>33</time>
    </ksState>
  </ksTrajectory>
</CommonRoadSolution>
