<?xml version="1.0" ?>
<CommonRoadSolution benchmark_id="KS2:SM1:DEU_Bilderstoeckchen-4_1_T-1:2020a" computation_time="0.7979458109998632" date="2022-12-18T12:01:12">
  <ksTrajectory planningProblem="1">
    <ksState>
      <x>-286.47729</x>
      <y>218.25314</y>
      <steeringAngle>0.0</steeringAngle>
      <velocity>8.0</velocity>
      <orientation>2.8799307</orientation>
      <time>0</time>
    </ksState>
    <ksState>
      <x>-287.2091727693167</x>
      <y>218.45805493472545</y>
      <steeringAngle>-0.03553333333333333</steeringAngle>
      <velocity>7.199999999999999</velocity>
      <orientation>2.874785687017508</orientation>
      <time>1</time>
    </ksState>
    <ksState>
      <x>-287.85860562822506</x>
      <y>218.66054848174025</y>
      <steeringAngle>-0.07106666666666664</steeringAngle>
      <velocity>6.400000000000001</velocity>
      <orientation>2.8608090148965446</orientation>
      <time>2</time>
    </ksState>
    <ksState>
      <x>-288.42504771303066</x>
      <y>218.8604677765749</y>
      <steeringAngle>-0.10659999999999997</steeringAngle>
      <velocity>5.600000000000004</velocity>
      <orientation>2.840177247030663</orientation>
      <time>3</time>
    </ksState>
    <ksState>
      <x>-288.90867554129375</x>
      <y>219.05474645108586</y>
      <steeringAngle>-0.1421333333333333</steeringAngle>
      <velocity>4.800000000000003</velocity>
      <orientation>2.815061039522015</orientation>
      <time>4</time>
    </ksState>
    <ksState>
      <x>-289.3104941789016</x>
      <y>219.23814271094975</y>
      <steeringAngle>-0.17766666666666653</steeringAngle>
      <velocity>4.000000000000006</velocity>
      <orientation>2.787636142936865</orientation>
      <time>5</time>
    </ksState>
    <ksState>
      <x>-289.6337997482671</x>
      <y>219.40043370330295</y>
      <steeringAngle>-0.17766666666666667</steeringAngle>
      <velocity>3.2000000000000006</velocity>
      <orientation>2.7625707036686875</orientation>
      <time>6</time>
    </ksState>
    <ksState>
      <x>-289.88238765454906</x>
      <y>219.53223222651044</y>
      <steeringAngle>-0.17766666666666667</steeringAngle>
      <velocity>2.4000000000000012</velocity>
      <orientation>2.7430753620386574</orientation>
      <time>7</time>
    </ksState>
    <ksState>
      <x>-290.0583539545137</x>
      <y>219.62932862775193</y>
      <steeringAngle>-0.17766666666666667</steeringAngle>
      <velocity>1.6000000000000005</velocity>
      <orientation>2.729150118039677</orientation>
      <time>8</time>
    </ksState>
    <ksState>
      <x>-290.16327873166085</x>
      <y>219.6887593237574</y>
      <steeringAngle>-0.17766666666666667</steeringAngle>
      <velocity>0.8000000000000004</velocity>
      <orientation>2.7207949716689224</orientation>
      <time>9</time>
    </ksState>
    <ksState>
      <x>-290.1981428557299</x>
      <y>219.70876412242885</y>
      <steeringAngle>-0.17766666666666667</steeringAngle>
      <velocity>2.7755575615628914e-16</velocity>
      <orientation>2.718009922922707</orientation>
      <time>10</time>
    </ksState>
    <ksState>
      <x>-290.1981428557299</x>
      <y>219.70876412242885</y>
      <steeringAngle>-0.14213333333333336</steeringAngle>
      <velocity>0.0</velocity>
      <orientation>2.718009922922707</orientation>
      <time>11</time>
    </ksState>
    <ksState>
      <x>-290.1981428557299</x>
      <y>219.70876412242885</y>
      <steeringAngle>-0.10660000000000001</steeringAngle>
      <velocity>0.0</velocity>
      <orientation>2.718009922922707</orientation>
      <time>12</time>
    </ksState>
    <ksState>
      <x>-290.1981428557299</x>
      <y>219.70876412242885</y>
      <steeringAngle>-0.07106666666666668</steeringAngle>
      <velocity>0.0</velocity>
      <orientation>2.718009922922707</orientation>
      <time>13</time>
    </ksState>
    <ksState>
      <x>-290.1981428557299</x>
      <y>219.70876412242885</y>
      <steeringAngle>-0.03553333333333333</steeringAngle>
      <velocity>0.0</velocity>
      <orientation>2.718009922922707</orientation>
      <time>14</time>
    </ksState>
    <ksState>
      <x>-290.1981428557299</x>
      <y>219.70876412242885</y>
      <steeringAngle>-0.0</steeringAngle>
      <velocity>0.0</velocity>
      <orientation>2.718009922922707</orientation>
      <time>15</time>
    </ksState>
    <ksState>
      <x>-290.1981428557299</x>
      <y>219.70876412242885</y>
      <steeringAngle>0.0</steeringAngle>
      <velocity>0.0</velocity>
      <orientation>2.718009922922707</orientation>
      <time>16</time>
    </ksState>
    <ksState>
      <x>-290.1981428557299</x>
      <y>219.70876412242885</y>
      <steeringAngle>0.0</steeringAngle>
      <velocity>0.0</velocity>
      <orientation>2.718009922922707</orientation>
      <time>17</time>
    </ksState>
    <ksState>
      <x>-290.1981428557299</x>
      <y>219.70876412242885</y>
      <steeringAngle>0.0</steeringAngle>
      <velocity>0.0</velocity>
      <orientation>2.718009922922707</orientation>
      <time>18</time>
    </ksState>
    <ksState>
      <x>-290.1981428557299</x>
      <y>219.70876412242885</y>
      <steeringAngle>0.0</steeringAngle>
      <velocity>0.0</velocity>
      <orientation>2.718009922922707</orientation>
      <time>19</time>
    </ksState>
    <ksState>
      <x>-290.1981428557299</x>
      <y>219.70876412242885</y>
      <steeringAngle>0.0</steeringAngle>
      <velocity>0.0</velocity>
      <orientation>2.718009922922707</orientation>
      <time>20</time>
    </ksState>
    <ksState>
      <x>-290.1981428557299</x>
      <y>219.70876412242885</y>
      <steeringAngle>0.0</steeringAngle>
      <velocity>0.0</velocity>
      <orientation>2.718009922922707</orientation>
      <time>21</time>
    </ksState>
    <ksState>
      <x>-290.1981428557299</x>
      <y>219.70876412242885</y>
      <steeringAngle>0.0</steeringAngle>
      <velocity>0.0</velocity>
      <orientation>2.718009922922707</orientation>
      <time>22</time>
    </ksState>
    <ksState>
      <x>-290.1981428557299</x>
      <y>219.70876412242885</y>
      <steeringAngle>0.0</steeringAngle>
      <velocity>0.0</velocity>
      <orientation>2.718009922922707</orientation>
      <time>23</time>
    </ksState>
    <ksState>
      <x>-290.1981428557299</x>
      <y>219.70876412242885</y>
      <steeringAngle>0.0</steeringAngle>
      <velocity>0.0</velocity>
      <orientation>2.718009922922707</orientation>
      <time>24</time>
    </ksState>
    <ksState>
      <x>-290.1981428557299</x>
      <y>219.70876412242885</y>
      <steeringAngle>0.0</steeringAngle>
      <velocity>0.0</velocity>
      <orientation>2.718009922922707</orientation>
      <time>25</time>
    </ksState>
    <ksState>
      <x>-290.1981428557299</x>
      <y>219.70876412242885</y>
      <steeringAngle>0.0</steeringAngle>
      <velocity>0.0</velocity>
      <orientation>2.718009922922707</orientation>
      <time>26</time>
    </ksState>
    <ksState>
      <x>-290.1981428557299</x>
      <y>219.70876412242885</y>
      <steeringAngle>0.0</steeringAngle>
      <velocity>0.0</velocity>
      <orientation>2.718009922922707</orientation>
      <time>27</time>
    </ksState>
    <ksState>
      <x>-290.1981428557299</x>
      <y>219.70876412242885</y>
      <steeringAngle>0.0</steeringAngle>
      <velocity>0.0</velocity>
      <orientation>2.718009922922707</orientation>
      <time>28</time>
    </ksState>
    <ksState>
      <x>-290.1981428557299</x>
      <y>219.70876412242885</y>
      <steeringAngle>0.0</steeringAngle>
      <velocity>0.0</velocity>
      <orientation>2.718009922922707</orientation>
      <time>29</time>
    </ksState>
    <ksState>
      <x>-290.1981428557299</x>
      <y>219.70876412242885</y>
      <steeringAngle>0.0</steeringAngle>
      <velocity>0.0</velocity>
      <orientation>2.718009922922707</orientation>
      <time>30</time>
    </ksState>
    <ksState>
      <x>-290.1981428557299</x>
      <y>219.70876412242885</y>
      <steeringAngle>0.0</steeringAngle>
      <velocity>0.0</velocity>
      <orientation>2.718009922922707</orientation>
      <time>31</time>
    </ksState>
    <ksState>
      <x>-290.1981428557299</x>
      <y>219.70876412242885</y>
      <steeringAngle>0.0</steeringAngle>
      <velocity>0.0</velocity>
      <orientation>2.718009922922707</orientation>
      <time>32</time>
    </ksState>
    <ksState>
      <x>-290.1981428557299</x>
      <y>219.70876412242885</y>
      <steeringAngle>0.0</steeringAngle>
      <velocity>0.0</velocity>
      <orientation>2.718009922922707</orientation>
      <time>33</time>
    </ksState>
  </ksTrajectory>
</CommonRoadSolution>
