<?xml version="1.0" ?>
<CommonRoadSolution benchmark_id="KS2:SM1:HRV_Pula-13_2_T-1:2020a" computation_time="0.8078396040000371" date="2022-12-18T12:01:12">
  <ksTrajectory planningProblem="1">
    <ksState>
      <x>462.18537</x>
      <y>212.98919</y>
      <steeringAngle>0.0</steeringAngle>
      <velocity>4.0</velocity>
      <orientation>-0.27498353</orientation>
      <time>0</time>
    </ksState>
    <ksState>
      <x>462.6101650282138</x>
      <y>212.87444335103254</y>
      <steeringAngle>0.035533333333333326</steeringAngle>
      <velocity>4.799999999999999</velocity>
      <orientation>-0.27185975133080914</orientation>
      <time>1</time>
    </ksState>
    <ksState>
      <x>463.11579731825094</x>
      <y>212.75212404502315</y>
      <steeringAngle>0.07106666666666667</steeringAngle>
      <velocity>5.599999999999998</velocity>
      <orientation>-0.2610091402696364</orientation>
      <time>2</time>
    </ksState>
    <ksState>
      <x>463.7042859534134</x>
      <y>212.631622939064</y>
      <steeringAngle>0.10659999999999999</steeringAngle>
      <velocity>6.3999999999999995</velocity>
      <orientation>-0.24019219126930838</orientation>
      <time>3</time>
    </ksState>
    <ksState>
      <x>464.37763012766646</x>
      <y>212.52613962699164</y>
      <steeringAngle>0.14213333333333333</steeringAngle>
      <velocity>7.199999999999999</velocity>
      <orientation>-0.20713262028814322</orientation>
      <time>4</time>
    </ksState>
    <ksState>
      <x>465.13705169622915</x>
      <y>212.45355921974925</y>
      <steeringAngle>0.17766666666666664</steeringAngle>
      <velocity>7.9999999999999964</velocity>
      <orientation>-0.1595052982065966</orientation>
      <time>5</time>
    </ksState>
    <ksState>
      <x>465.940427728706</x>
      <y>212.42710372523933</y>
      <steeringAngle>0.17766666666666667</steeringAngle>
      <velocity>8.0</velocity>
      <orientation>-0.1038043218960848</orientation>
      <time>6</time>
    </ksState>
    <ksState>
      <x>466.7440306785903</x>
      <y>212.4454149484894</y>
      <steeringAngle>0.17766666666666667</steeringAngle>
      <velocity>8.0</velocity>
      <orientation>-0.048103345585573054</orientation>
      <time>7</time>
    </ksState>
    <ksState>
      <x>467.5453678985243</x>
      <y>212.50843609688118</y>
      <steeringAngle>0.17766666666666667</steeringAngle>
      <velocity>8.0</velocity>
      <orientation>0.007597630724938631</orientation>
      <time>8</time>
    </ksState>
    <ksState>
      <x>468.3419538035082</x>
      <y>212.61597169162482</y>
      <steeringAngle>0.17766666666666667</steeringAngle>
      <velocity>8.0</velocity>
      <orientation>0.06329860703545045</orientation>
      <time>9</time>
    </ksState>
    <ksState>
      <x>469.1313175467141</x>
      <y>212.76768817973775</y>
      <steeringAngle>0.17766666666666667</steeringAngle>
      <velocity>8.0</velocity>
      <orientation>0.11899958334596228</orientation>
      <time>10</time>
    </ksState>
    <ksState>
      <x>469.87229314398996</x>
      <y>212.9523143119841</y>
      <steeringAngle>0.17766666666666667</steeringAngle>
      <velocity>7.2</velocity>
      <orientation>0.17191551079033965</orientation>
      <time>11</time>
    </ksState>
    <ksState>
      <x>470.52617589173934</x>
      <y>213.15052495540837</y>
      <steeringAngle>0.17766666666666667</steeringAngle>
      <velocity>6.4</velocity>
      <orientation>0.21926134058315083</orientation>
      <time>12</time>
    </ksState>
    <ksState>
      <x>471.0947795607187</x>
      <y>213.35094830744595</y>
      <steeringAngle>0.17766666666666667</steeringAngle>
      <velocity>5.599999999999999</velocity>
      <orientation>0.2610370727383356</orientation>
      <time>13</time>
    </ksState>
    <ksState>
      <x>471.5804326744634</x>
      <y>213.54372938905155</y>
      <steeringAngle>0.17766666666666667</steeringAngle>
      <velocity>4.799999999999999</velocity>
      <orientation>0.2972427072598501</orientation>
      <time>14</time>
    </ksState>
    <ksState>
      <x>471.98569610482946</x>
      <y>213.720494703816</y>
      <steeringAngle>0.17766666666666667</steeringAngle>
      <velocity>4.0</velocity>
      <orientation>0.3278782441491801</orientation>
      <time>15</time>
    </ksState>
    <ksState>
      <x>472.31442531858204</x>
      <y>213.87074806405263</y>
      <steeringAngle>0.1421333333333333</steeringAngle>
      <velocity>3.1999999999999993</velocity>
      <orientation>0.35048815912262243</orientation>
      <time>16</time>
    </ksState>
    <ksState>
      <x>472.5699044934542</x>
      <y>213.98698410405026</y>
      <steeringAngle>0.10659999999999997</steeringAngle>
      <velocity>2.3999999999999977</velocity>
      <orientation>0.36415579999332975</orientation>
      <time>17</time>
    </ksState>
    <ksState>
      <x>472.75294214631583</x>
      <y>214.06820706466382</y>
      <steeringAngle>0.07106666666666664</steeringAngle>
      <velocity>1.5999999999999976</velocity>
      <orientation>0.3711565058465489</orientation>
      <time>18</time>
    </ksState>
    <ksState>
      <x>472.86337606818796</x>
      <y>214.1153014262217</y>
      <steeringAngle>0.0355333333333333</steeringAngle>
      <velocity>0.7999999999999972</velocity>
      <orientation>0.3737313503205162</orientation>
      <time>19</time>
    </ksState>
    <ksState>
      <x>472.9004207264726</x>
      <y>214.130400039169</y>
      <steeringAngle>-2.5153490401663703e-17</steeringAngle>
      <velocity>-2.914335439641036e-15</velocity>
      <orientation>0.37409886189904734</orientation>
      <time>20</time>
    </ksState>
    <ksState>
      <x>472.93784736429967</x>
      <y>214.14452514828582</y>
      <steeringAngle>-0.03553333333333333</steeringAngle>
      <velocity>0.8</velocity>
      <orientation>0.3737313301208054</orientation>
      <time>21</time>
    </ksState>
    <ksState>
      <x>473.0509473725893</x>
      <y>214.18479524964297</y>
      <steeringAngle>-0.0710666666666667</steeringAngle>
      <velocity>1.6</velocity>
      <orientation>0.37115648352881975</orientation>
      <time>22</time>
    </ksState>
    <ksState>
      <x>473.24114486603105</x>
      <y>214.24742939221693</y>
      <steeringAngle>-0.10660000000000003</steeringAngle>
      <velocity>2.4000000000000004</velocity>
      <orientation>0.3641557792919825</orientation>
      <time>23</time>
    </ksState>
    <ksState>
      <x>473.5102264980993</x>
      <y>214.32723175868904</y>
      <steeringAngle>-0.14213333333333342</steeringAngle>
      <velocity>3.2000000000000015</velocity>
      <orientation>0.3504881383511623</orientation>
      <time>24</time>
    </ksState>
    <ksState>
      <x>473.86036061422567</x>
      <y>214.41681674825873</y>
      <steeringAngle>-0.17766666666666683</steeringAngle>
      <velocity>4.0000000000000036</velocity>
      <orientation>0.3278782224779422</orientation>
      <time>25</time>
    </ksState>
    <ksState>
      <x>474.2543431043319</x>
      <y>214.49840762002142</y>
      <steeringAngle>-0.21319999999999995</steeringAngle>
      <velocity>4.0</velocity>
      <orientation>0.297170439840442</orientation>
      <time>26</time>
    </ksState>
    <ksState>
      <x>474.65309695660505</x>
      <y>214.55882870460206</y>
      <steeringAngle>-0.24873333333333336</steeringAngle>
      <velocity>4.0</velocity>
      <orientation>0.2606915987177477</orientation>
      <time>27</time>
    </ksState>
    <ksState>
      <x>475.0558938715326</x>
      <y>214.59538329464124</y>
      <steeringAngle>-0.2842666666666667</steeringAngle>
      <velocity>4.0</velocity>
      <orientation>0.2183443648722997</orientation>
      <time>28</time>
    </ksState>
    <ksState>
      <x>475.46156617037985</x>
      <y>214.6052958817054</y>
      <steeringAngle>-0.31980000000000003</steeringAngle>
      <velocity>4.0</velocity>
      <orientation>0.1700136835051647</orientation>
      <time>29</time>
    </ksState>
    <ksState>
      <x>475.86843918271575</x>
      <y>214.58574846451575</y>
      <steeringAngle>-0.35533333333333333</steeringAngle>
      <velocity>4.0</velocity>
      <orientation>0.11556548232688624</orientation>
      <time>30</time>
    </ksState>
    <ksState>
      <x>476.2332774199762</x>
      <y>214.54872965665456</y>
      <steeringAngle>-0.31979999999999975</steeringAngle>
      <velocity>3.2</velocity>
      <orientation>0.06645892226909789</orientation>
      <time>31</time>
    </ksState>
    <ksState>
      <x>476.5153141889411</x>
      <y>214.51426847202285</y>
      <steeringAngle>-0.2842666666666663</steeringAngle>
      <velocity>2.4000000000000004</velocity>
      <orientation>0.032526666902883514</orientation>
      <time>32</time>
    </ksState>
    <ksState>
      <x>476.7159259983568</x>
      <y>214.48834048603277</y>
      <steeringAngle>-0.24873333333333292</steeringAngle>
      <velocity>1.6000000000000008</velocity>
      <orientation>0.011254345955944767</orientation>
      <time>33</time>
    </ksState>
  </ksTrajectory>
</CommonRoadSolution>
