<?xml version="1.0" ?>
<CommonRoadSolution benchmark_id="KS2:SM1:BEL_Wervik-2_2_T-1:2020a" computation_time="1.7195014799999626" date="2022-12-18T12:01:12">
  <ksTrajectory planningProblem="1">
    <ksState>
      <x>474.8616</x>
      <y>-307.86904</y>
      <steeringAngle>0.0</steeringAngle>
      <velocity>8.0</velocity>
      <orientation>2.0787662</orientation>
      <time>0</time>
    </ksState>
    <ksState>
      <x>474.49946722358925</x>
      <y>-307.20083167114944</y>
      <steeringAngle>-0.03553333333333333</steeringAngle>
      <velocity>7.199999999999999</velocity>
      <orientation>2.073621187017508</orientation>
      <time>1</time>
    </ksState>
    <ksState>
      <x>474.1929699780062</x>
      <y>-306.5935211136399</y>
      <steeringAngle>-0.07106666666666664</steeringAngle>
      <velocity>6.400000000000001</velocity>
      <orientation>2.0596445148965445</orientation>
      <time>2</time>
    </ksState>
    <ksState>
      <x>473.9423748523387</x>
      <y>-306.04760313181686</y>
      <steeringAngle>-0.10659999999999997</steeringAngle>
      <velocity>5.600000000000004</velocity>
      <orientation>2.039012747030663</orientation>
      <time>3</time>
    </ksState>
    <ksState>
      <x>473.7453568489943</x>
      <y>-305.56508475289394</y>
      <steeringAngle>-0.1421333333333333</steeringAngle>
      <velocity>4.800000000000003</velocity>
      <orientation>2.013896539522015</orientation>
      <time>4</time>
    </ksState>
    <ksState>
      <x>473.5974520886128</x>
      <y>-305.1488917838068</y>
      <steeringAngle>-0.17766666666666653</steeringAngle>
      <velocity>4.000000000000006</velocity>
      <orientation>1.9864716429368652</orientation>
      <time>5</time>
    </ksState>
    <ksState>
      <x>473.4734344959462</x>
      <y>-304.76693435965785</y>
      <steeringAngle>-0.1421333333333333</steeringAngle>
      <velocity>4.0</velocity>
      <orientation>1.961454236592342</orientation>
      <time>6</time>
    </ksState>
    <ksState>
      <x>473.3504954802012</x>
      <y>-304.3852900066398</y>
      <steeringAngle>-0.10659999999999999</steeringAngle>
      <velocity>4.0</velocity>
      <orientation>1.9420623103015913</orientation>
      <time>7</time>
    </ksState>
    <ksState>
      <x>473.22649594196264</x>
      <y>-304.0044813729517</y>
      <steeringAngle>-0.07106666666666664</steeringAngle>
      <velocity>4.0</velocity>
      <orientation>1.9282460705666384</orientation>
      <time>8</time>
    </ksState>
    <ksState>
      <x>473.099313182181</x>
      <y>-303.6250520793826</y>
      <steeringAngle>-0.03553333333333332</steeringAngle>
      <velocity>4.0</velocity>
      <orientation>1.919970310104373</orientation>
      <time>9</time>
    </ksState>
    <ksState>
      <x>472.9668420177517</x>
      <y>-303.24760261692137</y>
      <steeringAngle>2.2985086056692694e-17</steeringAngle>
      <velocity>4.0</velocity>
      <orientation>1.9172140468095327</orientation>
      <time>10</time>
    </ksState>
    <ksState>
      <x>472.826997653301</x>
      <y>-302.8728261948034</y>
      <steeringAngle>0.035533333333333326</steeringAngle>
      <velocity>4.0</velocity>
      <orientation>1.919970321342133</orientation>
      <time>11</time>
    </ksState>
    <ksState>
      <x>472.6777213437022</x>
      <y>-302.50154469777135</y>
      <steeringAngle>0.07106666666666711</steeringAngle>
      <velocity>4.0</velocity>
      <orientation>1.9282460818854186</orientation>
      <time>12</time>
    </ksState>
    <ksState>
      <x>472.51698969513177</x>
      <y>-302.1347451895474</y>
      <steeringAngle>0.10660000000000043</steeringAngle>
      <velocity>4.0</velocity>
      <orientation>1.9420623217045554</orientation>
      <time>13</time>
    </ksState>
    <ksState>
      <x>472.34282891437476</x>
      <y>-301.7736166169375</y>
      <steeringAngle>0.14213333333333378</steeringAngle>
      <velocity>4.0</velocity>
      <orientation>1.9614542480901012</orientation>
      <time>14</time>
    </ksState>
    <ksState>
      <x>472.15333505523097</x>
      <y>-301.41958684442847</y>
      <steeringAngle>0.1776666666666672</steeringAngle>
      <velocity>4.0</velocity>
      <orientation>1.9864716545414984</orientation>
      <time>15</time>
    </ksState>
    <ksState>
      <x>471.93448080163597</x>
      <y>-301.0358802431775</y>
      <steeringAngle>0.14213333333333333</steeringAngle>
      <velocity>4.8000000000000025</velocity>
      <orientation>2.013896554259851</orientation>
      <time>16</time>
    </ksState>
    <ksState>
      <x>471.67328958934473</x>
      <y>-300.5848101300193</y>
      <steeringAngle>0.10660000000000003</steeringAngle>
      <velocity>5.600000000000005</velocity>
      <orientation>2.039012766538769</orientation>
      <time>17</time>
    </ksState>
    <ksState>
      <x>471.37058343035534</x>
      <y>-300.0659245764055</y>
      <steeringAngle>0.07106666666666671</steeringAngle>
      <velocity>6.400000000000004</velocity>
      <orientation>2.059644536138228</orientation>
      <time>18</time>
    </ksState>
    <ksState>
      <x>471.02910620461967</x>
      <y>-299.4775349911536</y>
      <steeringAngle>0.035533333333333375</steeringAngle>
      <velocity>7.200000000000006</velocity>
      <orientation>2.0736212042310207</orientation>
      <time>19</time>
    </ksState>
    <ksState>
      <x>470.6541638830252</x>
      <y>-298.8164145846458</y>
      <steeringAngle>2.6346112791397758e-17</steeringAngle>
      <velocity>8.000000000000007</velocity>
      <orientation>2.078766217010589</orientation>
      <time>20</time>
    </ksState>
    <ksState>
      <x>470.29203109524786</x>
      <y>-298.14820626195535</y>
      <steeringAngle>-0.03553333333333333</steeringAngle>
      <velocity>7.199999999999999</velocity>
      <orientation>2.073621204028097</orientation>
      <time>21</time>
    </ksState>
    <ksState>
      <x>469.9855338393341</x>
      <y>-297.54089570965954</y>
      <steeringAngle>-0.07106666666666664</steeringAngle>
      <velocity>6.400000000000001</velocity>
      <orientation>2.0596445319071335</orientation>
      <time>22</time>
    </ksState>
    <ksState>
      <x>469.7349387043801</x>
      <y>-296.99497773209924</y>
      <steeringAngle>-0.10659999999999997</steeringAngle>
      <velocity>5.600000000000004</velocity>
      <orientation>2.039012764041252</orientation>
      <time>23</time>
    </ksState>
    <ksState>
      <x>469.5379206928278</x>
      <y>-296.51245935652776</y>
      <steeringAngle>-0.1421333333333333</steeringAngle>
      <velocity>4.800000000000003</velocity>
      <orientation>2.013896556532604</orientation>
      <time>24</time>
    </ksState>
    <ksState>
      <x>469.39001592536664</x>
      <y>-296.0962663899565</y>
      <steeringAngle>-0.17766666666666653</steeringAngle>
      <velocity>4.000000000000006</velocity>
      <orientation>1.9864716599474541</orientation>
      <time>25</time>
    </ksState>
    <ksState>
      <x>469.25399845108603</x>
      <y>-295.67599601644605</y>
      <steeringAngle>-0.14213333333333333</steeringAngle>
      <velocity>4.8000000000000025</velocity>
      <orientation>1.9590467602291017</orientation>
      <time>26</time>
    </ksState>
    <ksState>
      <x>469.0967399338074</x>
      <y>-295.17905049115586</y>
      <steeringAngle>-0.10660000000000003</steeringAngle>
      <velocity>5.600000000000005</velocity>
      <orientation>1.9339305479501838</orientation>
      <time>27</time>
    </ksState>
    <ksState>
      <x>468.9173525334651</x>
      <y>-294.6057326063506</y>
      <steeringAngle>-0.07106666666666671</steeringAngle>
      <velocity>6.400000000000004</velocity>
      <orientation>1.9132987783507243</orientation>
      <time>28</time>
    </ksState>
    <ksState>
      <x>468.7127396060226</x>
      <y>-293.95693175119357</y>
      <steeringAngle>-0.035533333333333375</steeringAngle>
      <velocity>7.200000000000006</velocity>
      <orientation>1.899322110257932</orientation>
      <time>29</time>
    </ksState>
    <ksState>
      <x>468.47694148361995</x>
      <y>-293.2343937370414</y>
      <steeringAngle>-2.6346112791397758e-17</steeringAngle>
      <velocity>8.000000000000007</velocity>
      <orientation>1.8941770974783636</orientation>
      <time>30</time>
    </ksState>
    <ksState>
      <x>468.23543331674165</x>
      <y>-292.51378718404163</y>
      <steeringAngle>0.0</steeringAngle>
      <velocity>7.200000000000001</velocity>
      <orientation>1.8941770974783636</orientation>
      <time>31</time>
    </ksState>
    <ksState>
      <x>468.01934706228417</x>
      <y>-291.8690339527618</y>
      <steeringAngle>0.0</steeringAngle>
      <velocity>6.400000000000001</velocity>
      <orientation>1.8941770974783636</orientation>
      <time>32</time>
    </ksState>
    <ksState>
      <x>467.8286827201839</x>
      <y>-291.3001340430123</y>
      <steeringAngle>0.0</steeringAngle>
      <velocity>5.600000000000001</velocity>
      <orientation>1.8941770974783636</orientation>
      <time>33</time>
    </ksState>
  </ksTrajectory>
</CommonRoadSolution>
