<?xml version="1.0" ?>
<CommonRoadSolution benchmark_id="KS2:SM1:ITA_Siderno-4_4_T-1:2020a" computation_time="0.8888531510001485" date="2022-12-18T12:01:12">
  <ksTrajectory planningProblem="1">
    <ksState>
      <x>347.7144</x>
      <y>1072.0446</y>
      <steeringAngle>0.0</steeringAngle>
      <velocity>12.0</velocity>
      <orientation>-2.3416061</orientation>
      <time>0</time>
    </ksState>
    <ksState>
      <x>346.91648772164467</x>
      <y>1071.2025666480677</y>
      <steeringAngle>0.03553333333333333</steeringAngle>
      <velocity>11.200000000000001</velocity>
      <orientation>-2.333704826227656</orientation>
      <time>1</time>
    </ksState>
    <ksState>
      <x>346.2010711572293</x>
      <y>1070.3929692420234</y>
      <steeringAngle>0.07106666666666667</steeringAngle>
      <velocity>10.400000000000007</velocity>
      <orientation>-2.311452395429166</orientation>
      <time>2</time>
    </ksState>
    <ksState>
      <x>345.57500905037057</x>
      <y>1069.6117935071184</y>
      <steeringAngle>0.10660000000000001</steeringAngle>
      <velocity>9.60000000000001</velocity>
      <orientation>-2.2770043845444943</orientation>
      <time>3</time>
    </ksState>
    <ksState>
      <x>345.04205501595925</x>
      <y>1068.8593944502838</y>
      <steeringAngle>0.14213333333333344</steeringAngle>
      <velocity>8.800000000000008</velocity>
      <orientation>-2.2324962524236494</orientation>
      <time>4</time>
    </ksState>
    <ksState>
      <x>344.60288969527375</x>
      <y>1068.1396628233783</y>
      <steeringAngle>0.17766666666666675</steeringAngle>
      <velocity>8.000000000000009</velocity>
      <orientation>-2.1800539546086677</orientation>
      <time>5</time>
    </ksState>
    <ksState>
      <x>344.25509373032656</x>
      <y>1067.459055412961</y>
      <steeringAngle>0.21320000000000014</steeringAngle>
      <velocity>7.200000000000003</velocity>
      <orientation>-2.1218046275371747</orientation>
      <time>6</time>
    </ksState>
    <ksState>
      <x>343.99318636949147</x>
      <y>1066.8255605670217</y>
      <steeringAngle>0.24873333333333347</steeringAngle>
      <velocity>6.400000000000004</velocity>
      <orientation>-2.0598875400513954</orientation>
      <time>7</time>
    </ksState>
    <ksState>
      <x>343.8088168210151</x>
      <y>1066.2476797350905</y>
      <steeringAngle>0.2842666666666668</steeringAngle>
      <velocity>5.600000000000001</velocity>
      <orientation>-1.9964653972874744</orientation>
      <time>8</time>
    </ksState>
    <ksState>
      <x>343.6911530224624</x>
      <y>1065.7335123530572</y>
      <steeringAngle>0.3198</steeringAngle>
      <velocity>4.800000000000002</velocity>
      <orientation>-1.9337362975455217</orientation>
      <time>9</time>
    </ksState>
    <ksState>
      <x>343.62747102308913</x>
      <y>1065.29002807625</y>
      <steeringAngle>0.3553333333333332</steeringAngle>
      <velocity>4.000000000000001</velocity>
      <orientation>-1.8739464634973069</orientation>
      <time>10</time>
    </ksState>
    <ksState>
      <x>343.59323278309176</x>
      <y>1064.8840484783443</y>
      <steeringAngle>0.31979999999999986</steeringAngle>
      <velocity>4.0</velocity>
      <orientation>-1.8194982643039272</orientation>
      <time>11</time>
    </ksState>
    <ksState>
      <x>343.57140440144343</x>
      <y>1064.478774207315</y>
      <steeringAngle>0.28426666666666656</steeringAngle>
      <velocity>4.0</velocity>
      <orientation>-1.77116758482267</orientation>
      <time>12</time>
    </ksState>
    <ksState>
      <x>343.5595868775814</x>
      <y>1064.0744358526374</y>
      <steeringAngle>0.2487333333333332</steeringAngle>
      <velocity>4.0</velocity>
      <orientation>-1.7288203510997948</orientation>
      <time>13</time>
    </ksState>
    <ksState>
      <x>343.55544001968116</x>
      <y>1063.6711017634468</y>
      <steeringAngle>0.21319999999999986</steeringAngle>
      <velocity>4.0</velocity>
      <orientation>-1.6923415100261672</orientation>
      <time>14</time>
    </ksState>
    <ksState>
      <x>343.5566754736535</x>
      <y>1063.268719974061</y>
      <steeringAngle>0.1776666666666665</steeringAngle>
      <velocity>4.0</velocity>
      <orientation>-1.6616337273773394</orientation>
      <time>15</time>
    </ksState>
    <ksState>
      <x>343.5640661618883</x>
      <y>1062.9070429978665</y>
      <steeringAngle>0.17766666666666667</steeringAngle>
      <velocity>3.2000000000000006</velocity>
      <orientation>-1.6365682881091619</orientation>
      <time>16</time>
    </ksState>
    <ksState>
      <x>343.5760802251433</x>
      <y>1062.625933659435</y>
      <steeringAngle>0.17766666666666667</steeringAngle>
      <velocity>2.4000000000000012</velocity>
      <orientation>-1.617072946479132</orientation>
      <time>17</time>
    </ksState>
    <ksState>
      <x>343.5880157382876</x>
      <y>1062.425311144788</y>
      <steeringAngle>0.17766666666666667</steeringAngle>
      <velocity>1.6000000000000005</velocity>
      <orientation>-1.603147702480151</orientation>
      <time>18</time>
    </ksState>
    <ksState>
      <x>343.5965176111481</x>
      <y>1062.3050242600293</y>
      <steeringAngle>0.17766666666666667</steeringAngle>
      <velocity>0.8000000000000004</velocity>
      <orientation>-1.594792556109397</orientation>
      <time>19</time>
    </ksState>
    <ksState>
      <x>343.59957487880604</x>
      <y>1062.2649449357905</y>
      <steeringAngle>0.17766666666666667</steeringAngle>
      <velocity>2.7755575615628914e-16</velocity>
      <orientation>-1.5920075073631816</orientation>
      <time>20</time>
    </ksState>
    <ksState>
      <x>343.59957487880604</x>
      <y>1062.2649449357905</y>
      <steeringAngle>0.14213333333333336</steeringAngle>
      <velocity>0.0</velocity>
      <orientation>-1.5920075073631816</orientation>
      <time>21</time>
    </ksState>
    <ksState>
      <x>343.59957487880604</x>
      <y>1062.2649449357905</y>
      <steeringAngle>0.10660000000000001</steeringAngle>
      <velocity>0.0</velocity>
      <orientation>-1.5920075073631816</orientation>
      <time>22</time>
    </ksState>
    <ksState>
      <x>343.59957487880604</x>
      <y>1062.2649449357905</y>
      <steeringAngle>0.07106666666666668</steeringAngle>
      <velocity>0.0</velocity>
      <orientation>-1.5920075073631816</orientation>
      <time>23</time>
    </ksState>
    <ksState>
      <x>343.59957487880604</x>
      <y>1062.2649449357905</y>
      <steeringAngle>0.03553333333333333</steeringAngle>
      <velocity>0.0</velocity>
      <orientation>-1.5920075073631816</orientation>
      <time>24</time>
    </ksState>
    <ksState>
      <x>343.59957487880604</x>
      <y>1062.2649449357905</y>
      <steeringAngle>0.0</steeringAngle>
      <velocity>0.0</velocity>
      <orientation>-1.5920075073631816</orientation>
      <time>25</time>
    </ksState>
    <ksState>
      <x>343.59957487880604</x>
      <y>1062.2649449357905</y>
      <steeringAngle>0.0</steeringAngle>
      <velocity>0.0</velocity>
      <orientation>-1.5920075073631816</orientation>
      <time>26</time>
    </ksState>
    <ksState>
      <x>343.59957487880604</x>
      <y>1062.2649449357905</y>
      <steeringAngle>0.0</steeringAngle>
      <velocity>0.0</velocity>
      <orientation>-1.5920075073631816</orientation>
      <time>27</time>
    </ksState>
    <ksState>
      <x>343.59957487880604</x>
      <y>1062.2649449357905</y>
      <steeringAngle>0.0</steeringAngle>
      <velocity>0.0</velocity>
      <orientation>-1.5920075073631816</orientation>
      <time>28</time>
    </ksState>
    <ksState>
      <x>343.59957487880604</x>
      <y>1062.2649449357905</y>
      <steeringAngle>0.0</steeringAngle>
      <velocity>0.0</velocity>
      <orientation>-1.5920075073631816</orientation>
      <time>29</time>
    </ksState>
    <ksState>
      <x>343.59957487880604</x>
      <y>1062.2649449357905</y>
      <steeringAngle>0.0</steeringAngle>
      <velocity>0.0</velocity>
      <orientation>-1.5920075073631816</orientation>
      <time>30</time>
    </ksState>
    <ksState>
      <x>343.59957487880604</x>
      <y>1062.2649449357905</y>
      <steeringAngle>0.0</steeringAngle>
      <velocity>0.0</velocity>
      <orientation>-1.5920075073631816</orientation>
      <time>31</time>
    </ksState>
    <ksState>
      <x>343.59957487880604</x>
      <y>1062.2649449357905</y>
      <steeringAngle>0.0</steeringAngle>
      <velocity>0.0</velocity>
      <orientation>-1.5920075073631816</orientation>
      <time>32</time>
    </ksState>
    <ksState>
      <x>343.59957487880604</x>
      <y>1062.2649449357905</y>
      <steeringAngle>0.0</steeringAngle>
      <velocity>0.0</velocity>
      <orientation>-1.5920075073631816</orientation>
      <time>33</time>
    </ksState>
  </ksTrajectory>
</CommonRoadSolution>
