<?xml version="1.0" ?>
<CommonRoadSolution benchmark_id="KS2:SM1:USA_US101-16_2_T-1:2020a" computation_time="2.6321050520000426" date="2022-12-18T12:01:12">
  <ksTrajectory planningProblem="249">
    <ksState>
      <x>0.0</x>
      <y>0.0</y>
      <steeringAngle>0.0</steeringAngle>
      <velocity>16.0</velocity>
      <orientation>-0.71939</orientation>
      <time>0</time>
    </ksState>
    <ksState>
      <x>1.1734441894202632</x>
      <y>-1.0279244783888861</y>
      <steeringAngle>0.0</steeringAngle>
      <velocity>15.2</velocity>
      <orientation>-0.71939</orientation>
      <time>1</time>
    </ksState>
    <ksState>
      <x>2.2867117533180394</x>
      <y>-2.003134880591528</y>
      <steeringAngle>0.0</steeringAngle>
      <velocity>14.400000000000002</velocity>
      <orientation>-0.71939</orientation>
      <time>2</time>
    </ksState>
    <ksState>
      <x>3.3398026919717783</x>
      <y>-2.9256312068518437</y>
      <steeringAngle>0.0</steeringAngle>
      <velocity>13.600000000000001</velocity>
      <orientation>-0.71939</orientation>
      <time>3</time>
    </ksState>
    <ksState>
      <x>4.332717005465792</x>
      <y>-3.7954134572436904</y>
      <steeringAngle>0.0</steeringAngle>
      <velocity>12.800000000000004</velocity>
      <orientation>-0.71939</orientation>
      <time>4</time>
    </ksState>
    <ksState>
      <x>5.265454693826703</x>
      <y>-4.612481631790389</y>
      <steeringAngle>0.0</steeringAngle>
      <velocity>12.000000000000002</velocity>
      <orientation>-0.71939</orientation>
      <time>5</time>
    </ksState>
    <ksState>
      <x>6.147385516777412</x>
      <y>-5.366061218327951</y>
      <steeringAngle>0.03553333333333333</steeringAngle>
      <velocity>11.200000000000001</velocity>
      <orientation>-0.7114887262276559</orientation>
      <time>6</time>
    </ksState>
    <ksState>
      <x>6.992683222716708</x>
      <y>-6.038921240061554</y>
      <steeringAngle>0.07106666666666667</steeringAngle>
      <velocity>10.400000000000007</velocity>
      <orientation>-0.689236295429166</orientation>
      <time>7</time>
    </ksState>
    <ksState>
      <x>7.805004261055084</x>
      <y>-6.62400569646207</y>
      <steeringAngle>0.10660000000000001</steeringAngle>
      <velocity>9.60000000000001</velocity>
      <orientation>-0.6547882845444942</orientation>
      <time>8</time>
    </ksState>
    <ksState>
      <x>8.583801169091174</x>
      <y>-7.117584180144375</y>
      <steeringAngle>0.14213333333333344</steeringAngle>
      <velocity>8.800000000000008</velocity>
      <orientation>-0.6102801524236494</orientation>
      <time>9</time>
    </ksState>
    <ksState>
      <x>9.325153354394509</x>
      <y>-7.519176922866667</y>
      <steeringAngle>0.17766666666666675</steeringAngle>
      <velocity>8.000000000000009</velocity>
      <orientation>-0.557837854608668</orientation>
      <time>10</time>
    </ksState>
    <ksState>
      <x>10.02273691240019</x>
      <y>-7.831531945154328</y>
      <steeringAngle>0.21320000000000014</steeringAngle>
      <velocity>7.200000000000003</velocity>
      <orientation>-0.49958852753717514</orientation>
      <time>11</time>
    </ksState>
    <ksState>
      <x>10.6688557481951</x>
      <y>-8.06053333275365</y>
      <steeringAngle>0.24873333333333347</steeringAngle>
      <velocity>6.400000000000004</velocity>
      <orientation>-0.4376714400513958</orientation>
      <time>12</time>
    </ksState>
    <ksState>
      <x>11.255448855282614</x>
      <y>-8.214957790130963</y>
      <steeringAngle>0.2842666666666668</steeringAngle>
      <velocity>5.600000000000001</velocity>
      <orientation>-0.37424929728747464</orientation>
      <time>13</time>
    </ksState>
    <ksState>
      <x>11.774984239623581</x>
      <y>-8.306039350583603</y>
      <steeringAngle>0.3198</steeringAngle>
      <velocity>4.800000000000002</velocity>
      <orientation>-0.311520197545522</orientation>
      <time>14</time>
    </ksState>
    <ksState>
      <x>12.221155432108691</x>
      <y>-8.346843367734936</y>
      <steeringAngle>0.3553333333333332</steeringAngle>
      <velocity>4.000000000000001</velocity>
      <orientation>-0.25173036349730726</orientation>
      <time>15</time>
    </ksState>
    <ksState>
      <x>12.669077256386593</x>
      <y>-8.360427639683662</y>
      <steeringAngle>0.31979999999999975</steeringAngle>
      <velocity>4.800000000000001</velocity>
      <orientation>-0.1919405284655587</orientation>
      <time>16</time>
    </ksState>
    <ksState>
      <x>13.196624683168329</x>
      <y>-8.355136157127637</y>
      <steeringAngle>0.28426666666666645</steeringAngle>
      <velocity>5.600000000000004</velocity>
      <orientation>-0.12921142833423516</orientation>
      <time>17</time>
    </ksState>
    <ksState>
      <x>13.802500262898544</x>
      <y>-8.32330416365631</y>
      <steeringAngle>0.2487333333333331</steeringAngle>
      <velocity>6.400000000000004</velocity>
      <orientation>-0.06578929164155928</orientation>
      <time>18</time>
    </ksState>
    <ksState>
      <x>14.485065721969761</x>
      <y>-8.258398007531746</y>
      <steeringAngle>0.21319999999999992</steeringAngle>
      <velocity>7.200000000000004</velocity>
      <orientation>-0.003872202963760285</orientation>
      <time>19</time>
    </ksState>
    <ksState>
      <x>15.242606121380915</x>
      <y>-8.155688212431105</y>
      <steeringAngle>0.17766666666666656</steeringAngle>
      <velocity>8.000000000000004</velocity>
      <orientation>0.05437712663720495</orientation>
      <time>20</time>
    </ksState>
    <ksState>
      <x>16.034297445501206</x>
      <y>-8.020540601009742</y>
      <steeringAngle>0.14213333333333336</steeringAngle>
      <velocity>8.0</velocity>
      <orientation>0.10441193818595339</orientation>
      <time>21</time>
    </ksState>
    <ksState>
      <x>16.821218541306006</x>
      <y>-7.866263258199371</y>
      <steeringAngle>0.1066000000000001</steeringAngle>
      <velocity>8.0</velocity>
      <orientation>0.14319579019295073</orientation>
      <time>22</time>
    </ksState>
    <ksState>
      <x>17.60508918764889</x>
      <y>-7.701613192639812</y>
      <steeringAngle>0.07106666666666674</steeringAngle>
      <velocity>8.0</velocity>
      <orientation>0.17082826922263764</orientation>
      <time>23</time>
    </ksState>
    <ksState>
      <x>18.38795646909729</x>
      <y>-7.535200126550258</y>
      <steeringAngle>0.035533333333333354</steeringAngle>
      <velocity>8.0</velocity>
      <orientation>0.18737978985166698</orientation>
      <time>24</time>
    </ksState>
    <ksState>
      <x>19.17191674617743</x>
      <y>-7.375583118510551</y>
      <steeringAngle>2.0816681711721685e-17</steeringAngle>
      <velocity>8.0</velocity>
      <orientation>0.1928923163100718</orientation>
      <time>25</time>
    </ksState>
    <ksState>
      <x>19.958841427392798</x>
      <y>-7.231368967800276</y>
      <steeringAngle>-0.03553333333333333</steeringAngle>
      <velocity>8.0</velocity>
      <orientation>0.18737978130723304</orientation>
      <time>26</time>
    </ksState>
    <ksState>
      <x>20.750098719560732</x>
      <y>-7.11129827349644</y>
      <steeringAngle>-0.07106666666666667</steeringAngle>
      <velocity>8.0</velocity>
      <orientation>0.1708282604269634</orientation>
      <time>27</time>
    </ksState>
    <ksState>
      <x>21.546263605015376</x>
      <y>-7.024304953110016</y>
      <steeringAngle>-0.10659999999999997</steeringAngle>
      <velocity>8.0</velocity>
      <orientation>0.1431957811362685</orientation>
      <time>28</time>
    </ksState>
    <ksState>
      <x>22.346811583118974</x>
      <y>-6.979532989696673</y>
      <steeringAngle>-0.1421333333333333</steeringAngle>
      <velocity>8.0</velocity>
      <orientation>0.10441192886353357</orientation>
      <time>29</time>
    </ksState>
    <ksState>
      <x>23.14979331424136</x>
      <y>-6.986292894950101</y>
      <steeringAngle>-0.17766666666666667</steeringAngle>
      <velocity>8.0</velocity>
      <orientation>0.054377116614378884</orientation>
      <time>30</time>
    </ksState>
    <ksState>
      <x>23.951510102119684</x>
      <y>-7.044285435695573</y>
      <steeringAngle>-0.17766666666666667</steeringAngle>
      <velocity>8.0</velocity>
      <orientation>-0.001323859696132905</orientation>
      <time>31</time>
    </ksState>
    <ksState>
      <x>24.7487549750481</x>
      <y>-7.146821354031764</y>
      <steeringAngle>-0.17766666666666667</steeringAngle>
      <velocity>8.0</velocity>
      <orientation>-0.05702483600664465</orientation>
      <time>32</time>
    </ksState>
    <ksState>
      <x>25.539055006788324</x>
      <y>-7.293582605823564</y>
      <steeringAngle>-0.17766666666666667</steeringAngle>
      <velocity>8.0</velocity>
      <orientation>-0.11272581231715634</orientation>
      <time>33</time>
    </ksState>
    <ksState>
      <x>26.31995884745377</x>
      <y>-7.484113967519858</y>
      <steeringAngle>-0.17766666666666667</steeringAngle>
      <velocity>8.0</velocity>
      <orientation>-0.16842678862766816</orientation>
      <time>34</time>
    </ksState>
    <ksState>
      <x>27.089044292728083</x>
      <y>-7.717824450212699</y>
      <steeringAngle>-0.17766666666666667</steeringAngle>
      <velocity>8.0</velocity>
      <orientation>-0.22412776493817999</orientation>
      <time>35</time>
    </ksState>
    <ksState>
      <x>27.80655537543</x>
      <y>-7.9791852940024235</y>
      <steeringAngle>-0.17766666666666667</steeringAngle>
      <velocity>7.2</velocity>
      <orientation>-0.2770436923825573</orientation>
      <time>36</time>
    </ksState>
    <ksState>
      <x>28.4360289519176</x>
      <y>-8.244916593391242</y>
      <steeringAngle>-0.17766666666666667</steeringAngle>
      <velocity>6.4</velocity>
      <orientation>-0.32438952217536854</orientation>
      <time>37</time>
    </ksState>
    <ksState>
      <x>28.98046207538634</x>
      <y>-8.503899655557221</y>
      <steeringAngle>-0.17766666666666667</steeringAngle>
      <velocity>5.599999999999999</velocity>
      <orientation>-0.3661652543305533</orientation>
      <time>38</time>
    </ksState>
    <ksState>
      <x>29.443204542586926</x>
      <y>-8.746578252396867</y>
      <steeringAngle>-0.17766666666666667</steeringAngle>
      <velocity>4.799999999999999</velocity>
      <orientation>-0.4023708888520678</orientation>
      <time>39</time>
    </ksState>
    <ksState>
      <x>29.827681756971277</x>
      <y>-8.964893840743425</y>
      <steeringAngle>-0.17766666666666667</steeringAngle>
      <velocity>4.0</velocity>
      <orientation>-0.4330064257413978</orientation>
      <time>40</time>
    </ksState>
    <ksState>
      <x>30.16927622520469</x>
      <y>-9.177479099257836</y>
      <steeringAngle>-0.21319999999999995</steeringAngle>
      <velocity>4.0</velocity>
      <orientation>-0.463714208378898</orientation>
      <time>41</time>
    </ksState>
    <ksState>
      <x>30.49972835001856</x>
      <y>-9.40868622581443</y>
      <steeringAngle>-0.24873333333333336</steeringAngle>
      <velocity>4.0</velocity>
      <orientation>-0.5001930495015923</orientation>
      <time>42</time>
    </ksState>
    <ksState>
      <x>30.816651129770786</x>
      <y>-9.659966038776451</y>
      <steeringAngle>-0.2842666666666667</steeringAngle>
      <velocity>4.0</velocity>
      <orientation>-0.5425402833470403</orientation>
      <time>43</time>
    </ksState>
    <ksState>
      <x>31.11728501458437</x>
      <y>-9.932523446924133</y>
      <steeringAngle>-0.31980000000000003</steeringAngle>
      <velocity>4.0</velocity>
      <orientation>-0.5908709647141753</orientation>
      <time>44</time>
    </ksState>
    <ksState>
      <x>31.398473976406905</x>
      <y>-10.227244531061777</y>
      <steeringAngle>-0.35533333333333333</steeringAngle>
      <velocity>4.0</velocity>
      <orientation>-0.6453191658924537</orientation>
      <time>45</time>
    </ksState>
    <ksState>
      <x>31.688556628643706</x>
      <y>-10.568815238207577</y>
      <steeringAngle>-0.31979999999999975</steeringAngle>
      <velocity>4.800000000000001</velocity>
      <orientation>-0.7051090009242024</orientation>
      <time>46</time>
    </ksState>
    <ksState>
      <x>32.013567959551686</x>
      <y>-10.98438944586861</y>
      <steeringAngle>-0.28426666666666645</steeringAngle>
      <velocity>5.600000000000004</velocity>
      <orientation>-0.7678381010555259</orientation>
      <time>47</time>
    </ksState>
    <ksState>
      <x>32.36670854007078</x>
      <y>-11.477735393771718</y>
      <steeringAngle>-0.2487333333333331</steeringAngle>
      <velocity>6.400000000000004</velocity>
      <orientation>-0.8312602377482017</orientation>
      <time>48</time>
    </ksState>
    <ksState>
      <x>32.741850241109965</x>
      <y>-12.051649254173608</y>
      <steeringAngle>-0.21319999999999992</steeringAngle>
      <velocity>7.200000000000004</velocity>
      <orientation>-0.8931773264260008</orientation>
      <time>49</time>
    </ksState>
    <ksState>
      <x>33.13422704469758</x>
      <y>-12.707741627819258</y>
      <steeringAngle>-0.17766666666666656</steeringAngle>
      <velocity>8.000000000000004</velocity>
      <orientation>-0.951426656026966</orientation>
      <time>50</time>
    </ksState>
    <ksState>
      <x>33.52256142844655</x>
      <y>-13.410761141032479</y>
      <steeringAngle>-0.14213333333333336</steeringAngle>
      <velocity>8.0</velocity>
      <orientation>-1.0014614675757143</orientation>
      <time>51</time>
    </ksState>
    <ksState>
      <x>33.892969895306855</x>
      <y>-14.121988163301353</y>
      <steeringAngle>-0.1066000000000001</steeringAngle>
      <velocity>8.0</velocity>
      <orientation>-1.0402453195827117</orientation>
      <time>52</time>
    </ksState>
    <ksState>
      <x>34.25336895698218</x>
      <y>-14.8373030244851</y>
      <steeringAngle>-0.07106666666666674</steeringAngle>
      <velocity>8.0</velocity>
      <orientation>-1.0678777986123986</orientation>
      <time>53</time>
    </ksState>
    <ksState>
      <x>34.61176423446189</x>
      <y>-15.552933735122913</y>
      <steeringAngle>-0.035533333333333354</steeringAngle>
      <velocity>8.0</velocity>
      <orientation>-1.084429319241428</orientation>
      <time>54</time>
    </ksState>
    <ksState>
      <x>34.97615249981459</x>
      <y>-16.265178424375396</y>
      <steeringAngle>-2.0816681711721685e-17</steeringAngle>
      <velocity>8.0</velocity>
      <orientation>-1.0899418456998329</orientation>
      <time>55</time>
    </ksState>
    <ksState>
      <x>35.354427482247004</x>
      <y>-16.970129637465174</y>
      <steeringAngle>0.03553333333333333</steeringAngle>
      <velocity>8.0</velocity>
      <orientation>-1.084429310696994</orientation>
      <time>56</time>
    </ksState>
    <ksState>
      <x>35.75427351728519</x>
      <y>-17.663403192639304</y>
      <steeringAngle>0.07106666666666667</steeringAngle>
      <velocity>8.0</velocity>
      <orientation>-1.0678777898167244</orientation>
      <time>57</time>
    </ksState>
    <ksState>
      <x>36.183031109389994</x>
      <y>-18.33987439663498</y>
      <steeringAngle>0.10659999999999997</steeringAngle>
      <velocity>8.0</velocity>
      <orientation>-1.0402453105260296</orientation>
      <time>58</time>
    </ksState>
    <ksState>
      <x>36.647518939328336</x>
      <y>-18.993428258067084</y>
      <steeringAngle>0.1421333333333333</steeringAngle>
      <velocity>8.0</velocity>
      <orientation>-1.0014614582532946</orientation>
      <time>59</time>
    </ksState>
    <ksState>
      <x>37.15379684491802</x>
      <y>-19.616732388606152</y>
      <steeringAngle>0.17766666666666667</steeringAngle>
      <velocity>8.0</velocity>
      <orientation>-0.95142664600414</orientation>
      <time>60</time>
    </ksState>
    <ksState>
      <x>37.67825245434422</x>
      <y>-20.17273130415328</y>
      <steeringAngle>0.21320000000000014</steeringAngle>
      <velocity>7.200000000000003</velocity>
      <orientation>-0.8931773189326471</orientation>
      <time>61</time>
    </ksState>
    <ksState>
      <x>38.18714495944338</x>
      <y>-20.63201292118719</y>
      <steeringAngle>0.24873333333333347</steeringAngle>
      <velocity>6.400000000000004</velocity>
      <orientation>-0.8312602314468678</orientation>
      <time>62</time>
    </ksState>
    <ksState>
      <x>38.66966379646223</x>
      <y>-20.999591427415233</y>
      <steeringAngle>0.2842666666666668</steeringAngle>
      <velocity>5.600000000000001</velocity>
      <orientation>-0.7678380886829466</orientation>
      <time>63</time>
    </ksState>
    <ksState>
      <x>39.11454456657389</x>
      <y>-21.28295332785645</y>
      <steeringAngle>0.3198</steeringAngle>
      <velocity>4.800000000000002</velocity>
      <orientation>-0.705108988940994</orientation>
      <time>64</time>
    </ksState>
    <ksState>
      <x>39.510952369651804</x>
      <y>-21.491746417967725</y>
      <steeringAngle>0.3553333333333332</steeringAngle>
      <velocity>4.000000000000001</velocity>
      <orientation>-0.6453191548927792</orientation>
      <time>65</time>
    </ksState>
    <ksState>
      <x>39.91941586452913</x>
      <y>-21.676072396770017</y>
      <steeringAngle>0.31979999999999975</steeringAngle>
      <velocity>4.800000000000001</velocity>
      <orientation>-0.5855293198610306</orientation>
      <time>66</time>
    </ksState>
    <ksState>
      <x>40.4086556352524</x>
      <y>-21.873502723807967</y>
      <steeringAngle>0.28426666666666645</steeringAngle>
      <velocity>5.600000000000004</velocity>
      <orientation>-0.5228002197297071</orientation>
      <time>67</time>
    </ksState>
    <ksState>
      <x>40.98041291140052</x>
      <y>-22.076461121253022</y>
      <steeringAngle>0.2487333333333331</steeringAngle>
      <velocity>6.400000000000004</velocity>
      <orientation>-0.45937808303703126</orientation>
      <time>68</time>
    </ksState>
    <ksState>
      <x>41.63568037375622</x>
      <y>-22.278285222385378</y>
      <steeringAngle>0.21319999999999992</steeringAngle>
      <velocity>7.200000000000004</velocity>
      <orientation>-0.39746099435923227</orientation>
      <time>69</time>
    </ksState>
    <ksState>
      <x>42.37468798887376</x>
      <y>-22.47394948470203</y>
      <steeringAngle>0.17766666666666656</steeringAngle>
      <velocity>8.000000000000004</velocity>
      <orientation>-0.33921166475826703</orientation>
      <time>70</time>
    </ksState>
    <ksState>
      <x>43.120896748560725</x>
      <y>-22.636134969357688</y>
      <steeringAngle>0.17766666666666667</steeringAngle>
      <velocity>7.2</velocity>
      <orientation>-0.2862957373138897</orientation>
      <time>71</time>
    </ksState>
    <ksState>
      <x>43.7950057411519</x>
      <y>-22.747612200569645</y>
      <steeringAngle>0.17766666666666667</steeringAngle>
      <velocity>6.4</velocity>
      <orientation>-0.23894990752107848</orientation>
      <time>72</time>
    </ksState>
    <ksState>
      <x>44.39361138294982</x>
      <y>-22.819382236284277</y>
      <steeringAngle>0.17766666666666667</steeringAngle>
      <velocity>5.599999999999999</velocity>
      <orientation>-0.1971741753658937</orientation>
      <time>73</time>
    </ksState>
    <ksState>
      <x>44.914442702469564</x>
      <y>-22.861313476693685</y>
      <steeringAngle>0.17766666666666667</steeringAngle>
      <velocity>4.799999999999999</velocity>
      <orientation>-0.16096854084437923</orientation>
      <time>74</time>
    </ksState>
    <ksState>
      <x>45.356092434514274</x>
      <y>-22.882048439454476</y>
      <steeringAngle>0.17766666666666667</steeringAngle>
      <velocity>4.0</velocity>
      <orientation>-0.1303330039550492</orientation>
      <time>75</time>
    </ksState>
    <ksState>
      <x>45.718177201838444</x>
      <y>-22.88515103136782</y>
      <steeringAngle>0.21319999999999997</steeringAngle>
      <velocity>3.2</velocity>
      <orientation>-0.10279145839161458</orientation>
      <time>76</time>
    </ksState>
    <ksState>
      <x>46.00028149968744</x>
      <y>-22.874386989469162</y>
      <steeringAngle>0.24873333333333342</steeringAngle>
      <velocity>2.4000000000000004</velocity>
      <orientation>-0.07735322800496508</orientation>
      <time>77</time>
    </ksState>
    <ksState>
      <x>46.20183011768475</x>
      <y>-22.857872638830106</y>
      <steeringAngle>0.2842666666666668</steeringAngle>
      <velocity>1.600000000000001</velocity>
      <orientation>-0.05627832821438539</orientation>
      <time>78</time>
    </ksState>
    <ksState>
      <x>46.3226886846683</x>
      <y>-22.843317359083617</y>
      <steeringAngle>0.3197999999999999</steeringAngle>
      <velocity>0.8000000000000007</velocity>
      <orientation>-0.04187990091368095</orientation>
      <time>79</time>
    </ksState>
    <ksState>
      <x>46.362955727613354</x>
      <y>-22.837293151714825</y>
      <steeringAngle>0.3553333333333332</steeringAngle>
      <velocity>5.551115123125783e-16</velocity>
      <orientation>-0.03653825927795164</orientation>
      <time>80</time>
    </ksState>
  </ksTrajectory>
</CommonRoadSolution>
