<?xml version="1.0" ?>
<CommonRoadSolution benchmark_id="KS2:SM1:RUS_Bicycle-4_2_T-1:2020a" computation_time="4.54481569099994" date="2022-11-29T11:36:54">
  <ksTrajectory planningProblem="15">
    <ksState>
      <x>2.5</x>
      <y>20.0</y>
      <steeringAngle>0.0</steeringAngle>
      <velocity>8.0</velocity>
      <orientation>0.0</orientation>
      <time>0</time>
    </ksState>
    <ksState>
      <x>3.2999759058518947</x>
      <y>20.00931263804929</y>
      <steeringAngle>0.03553333333333333</steeringAngle>
      <velocity>8.0</velocity>
      <orientation>0.0055125350028387785</orientation>
      <time>1</time>
    </ksState>
    <ksState>
      <x>4.099575808382202</x>
      <y>20.04315151972491</y>
      <steeringAngle>0.07106666666666667</steeringAngle>
      <velocity>8.0</velocity>
      <orientation>0.02206405588310842</orientation>
      <time>2</time>
    </ksState>
    <ksState>
      <x>4.897651408832624</x>
      <y>20.11039509628477</y>
      <steeringAngle>0.10659999999999997</steeringAngle>
      <velocity>8.0</velocity>
      <orientation>0.04969653517380332</orientation>
      <time>3</time>
    </ksState>
    <ksState>
      <x>5.691935047384396</x>
      <y>20.219917219541234</y>
      <steeringAngle>0.1421333333333333</steeringAngle>
      <velocity>8.0</velocity>
      <orientation>0.08848038744653824</orientation>
      <time>4</time>
    </ksState>
    <ksState>
      <x>6.4787287271807</x>
      <y>20.380482042176624</y>
      <steeringAngle>0.17766666666666667</steeringAngle>
      <velocity>8.0</velocity>
      <orientation>0.13851519969569293</orientation>
      <time>5</time>
    </ksState>
    <ksState>
      <x>7.2159603611605565</x>
      <y>20.579532694840573</y>
      <steeringAngle>0.17766666666666667</steeringAngle>
      <velocity>7.2</velocity>
      <orientation>0.1914311271400703</orientation>
      <time>6</time>
    </ksState>
    <ksState>
      <x>7.865850636867144</x>
      <y>20.79046570911994</y>
      <steeringAngle>0.17766666666666667</steeringAngle>
      <velocity>6.4</velocity>
      <orientation>0.23877695693288148</orientation>
      <time>7</time>
    </ksState>
    <ksState>
      <x>8.430434893321266</x>
      <y>21.001946842517082</y>
      <steeringAngle>0.17766666666666667</steeringAngle>
      <velocity>5.599999999999999</velocity>
      <orientation>0.28055268908806624</orientation>
      <time>8</time>
    </ksState>
    <ksState>
      <x>8.912233524434638</x>
      <y>21.204168432294793</y>
      <steeringAngle>0.17766666666666667</steeringAngle>
      <velocity>4.799999999999999</velocity>
      <orientation>0.3167583236095807</orientation>
      <time>9</time>
    </ksState>
    <ksState>
      <x>9.3139703179836</x>
      <y>21.388808550375494</y>
      <steeringAngle>0.17766666666666667</steeringAngle>
      <velocity>4.0</velocity>
      <orientation>0.34739386049891074</orientation>
      <time>10</time>
    </ksState>
    <ksState>
      <x>9.675731763867256</x>
      <y>21.563165923105966</y>
      <steeringAngle>0.1421333333333333</steeringAngle>
      <velocity>4.0</velocity>
      <orientation>0.37241126684343406</orientation>
      <time>11</time>
    </ksState>
    <ksState>
      <x>10.03652149682959</x>
      <y>21.738086426111927</y>
      <steeringAngle>0.10659999999999999</steeringAngle>
      <velocity>4.0</velocity>
      <orientation>0.39180319313418466</orientation>
      <time>12</time>
    </ksState>
    <ksState>
      <x>10.39744021277506</x>
      <y>21.9116628687965</y>
      <steeringAngle>0.07106666666666664</steeringAngle>
      <velocity>4.0</velocity>
      <orientation>0.40561943286913754</orientation>
      <time>13</time>
    </ksState>
    <ksState>
      <x>10.759562115340877</x>
      <y>22.081985418349287</y>
      <steeringAngle>0.03553333333333332</steeringAngle>
      <velocity>4.0</velocity>
      <orientation>0.4138951933314029</orientation>
      <time>14</time>
    </ksState>
    <ksState>
      <x>11.123908201016809</x>
      <y>22.247117595620068</y>
      <steeringAngle>-2.2985086056692694e-17</steeringAngle>
      <velocity>4.0</velocity>
      <orientation>0.41665145662624326</orientation>
      <time>15</time>
    </ksState>
    <ksState>
      <x>11.52824597907994</x>
      <y>22.42069343113728</y>
      <steeringAngle>-0.035533333333333326</steeringAngle>
      <velocity>4.799999999999999</velocity>
      <orientation>0.4135276779570524</orientation>
      <time>16</time>
    </ksState>
    <ksState>
      <x>12.011541963138466</x>
      <y>22.613179838822823</y>
      <steeringAngle>-0.07106666666666667</steeringAngle>
      <velocity>5.599999999999998</velocity>
      <orientation>0.4026770668958797</orientation>
      <time>17</time>
    </ksState>
    <ksState>
      <x>12.577120946687046</x>
      <y>22.815565123912453</y>
      <steeringAngle>-0.10659999999999999</steeringAngle>
      <velocity>6.3999999999999995</velocity>
      <orientation>0.3818601178955517</orientation>
      <time>18</time>
    </ksState>
    <ksState>
      <x>13.228825805922247</x>
      <y>23.015064203047093</y>
      <steeringAngle>-0.14213333333333333</steeringAngle>
      <velocity>7.199999999999999</velocity>
      <orientation>0.3488005469143865</orientation>
      <time>19</time>
    </ksState>
    <ksState>
      <x>13.970391435147208</x>
      <y>23.194143659897566</y>
      <steeringAngle>-0.17766666666666664</steeringAngle>
      <velocity>7.9999999999999964</velocity>
      <orientation>0.30117322483283987</orientation>
      <time>20</time>
    </ksState>
  </ksTrajectory>
</CommonRoadSolution>
