<?xml version="1.0" ?>
<CommonRoadSolution benchmark_id="KS2:SM1:DEU_Guetersloh-20_1_T-1:2020a" computation_time="0.603617007000139" date="2022-12-18T12:01:12">
  <ksTrajectory planningProblem="1">
    <ksState>
      <x>886.20256</x>
      <y>183.41945</y>
      <steeringAngle>0.0</steeringAngle>
      <velocity>8.0</velocity>
      <orientation>-0.63863637</orientation>
      <time>0</time>
    </ksState>
    <ksState>
      <x>886.850419421004</x>
      <y>182.95006066715644</y>
      <steeringAngle>0.03553333333333333</steeringAngle>
      <velocity>8.0</velocity>
      <orientation>-0.6331238349971612</orientation>
      <time>1</time>
    </ksState>
    <ksState>
      <x>887.5125970668281</x>
      <y>182.50058782102408</y>
      <steeringAngle>0.07106666666666667</steeringAngle>
      <velocity>8.0</velocity>
      <orientation>-0.6165723141168915</orientation>
      <time>2</time>
    </ksState>
    <ksState>
      <x>888.1934634124248</x>
      <y>182.07884455545036</y>
      <steeringAngle>0.10659999999999997</steeringAngle>
      <velocity>8.0</velocity>
      <orientation>-0.5889398348261966</orientation>
      <time>3</time>
    </ksState>
    <ksState>
      <x>888.8964874455326</x>
      <y>181.69330752373168</y>
      <steeringAngle>0.1421333333333333</steeringAngle>
      <velocity>8.0</velocity>
      <orientation>-0.5501559825534617</orientation>
      <time>4</time>
    </ksState>
    <ksState>
      <x>889.623924331112</x>
      <y>181.35321792622275</y>
      <steeringAngle>0.17766666666666667</steeringAngle>
      <velocity>8.0</velocity>
      <orientation>-0.500121170304307</orientation>
      <time>5</time>
    </ksState>
    <ksState>
      <x>890.3345088324937</x>
      <y>181.07357295333298</y>
      <steeringAngle>0.17766666666666667</steeringAngle>
      <velocity>7.2</velocity>
      <orientation>-0.4472052428599297</orientation>
      <time>6</time>
    </ksState>
    <ksState>
      <x>890.9820492284439</x>
      <y>180.8555327217615</y>
      <steeringAngle>0.17766666666666667</steeringAngle>
      <velocity>6.4</velocity>
      <orientation>-0.3998594130671185</orientation>
      <time>7</time>
    </ksState>
    <ksState>
      <x>891.5614233570245</x>
      <y>180.68878359417678</y>
      <steeringAngle>0.17766666666666667</steeringAngle>
      <velocity>5.599999999999999</velocity>
      <orientation>-0.3580836809119337</orientation>
      <time>8</time>
    </ksState>
    <ksState>
      <x>892.0688085073245</x>
      <y>180.56394849666805</y>
      <steeringAngle>0.17766666666666667</steeringAngle>
      <velocity>4.799999999999999</velocity>
      <orientation>-0.3218780463904192</orientation>
      <time>9</time>
    </ksState>
    <ksState>
      <x>892.501430923373</x>
      <y>180.472722022286</y>
      <steeringAngle>0.17766666666666667</steeringAngle>
      <velocity>4.0</velocity>
      <orientation>-0.2912425095010892</orientation>
      <time>10</time>
    </ksState>
    <ksState>
      <x>892.8969834147134</x>
      <y>180.4013232642164</y>
      <steeringAngle>0.17766666666666667</steeringAngle>
      <velocity>4.0</velocity>
      <orientation>-0.26339202134583334</orientation>
      <time>11</time>
    </ksState>
    <ksState>
      <x>893.2943707778353</x>
      <y>180.34096708818637</y>
      <steeringAngle>0.17766666666666667</steeringAngle>
      <velocity>4.0</velocity>
      <orientation>-0.2355415331905774</orientation>
      <time>12</time>
    </ksState>
    <ksState>
      <x>893.6932847672855</x>
      <y>180.29170031886932</y>
      <steeringAngle>0.17766666666666667</steeringAngle>
      <velocity>4.0</velocity>
      <orientation>-0.20769104503532154</orientation>
      <time>13</time>
    </ksState>
    <ksState>
      <x>894.0934159852221</x>
      <y>180.25356116735054</y>
      <steeringAngle>0.17766666666666667</steeringAngle>
      <velocity>4.0</velocity>
      <orientation>-0.17984055688006567</orientation>
      <time>14</time>
    </ksState>
    <ksState>
      <x>894.4944540901208</x>
      <y>180.2265792154027</y>
      <steeringAngle>0.17766666666666667</steeringAngle>
      <velocity>4.0</velocity>
      <orientation>-0.15199006872480986</orientation>
      <time>15</time>
    </ksState>
    <ksState>
      <x>894.8563867589529</x>
      <y>180.2156362707866</y>
      <steeringAngle>0.21319999999999997</steeringAngle>
      <velocity>3.2</velocity>
      <orientation>-0.12444852316137522</orientation>
      <time>16</time>
    </ksState>
    <ksState>
      <x>895.1386580012462</x>
      <y>180.22028871499361</y>
      <steeringAngle>0.24873333333333342</steeringAngle>
      <velocity>2.4000000000000004</velocity>
      <orientation>-0.09901029277472573</orientation>
      <time>17</time>
    </ksState>
    <ksState>
      <x>895.3405169794764</x>
      <y>180.23243458266606</y>
      <steeringAngle>0.2842666666666668</steeringAngle>
      <velocity>1.600000000000001</velocity>
      <orientation>-0.07793539298414603</orientation>
      <time>18</time>
    </ksState>
    <ksState>
      <x>895.4616624045095</x>
      <y>180.24436921191693</y>
      <steeringAngle>0.3197999999999999</steeringAngle>
      <velocity>0.8000000000000007</velocity>
      <orientation>-0.0635369656834416</orientation>
      <time>19</time>
    </ksState>
    <ksState>
      <x>895.5020504610799</x>
      <y>180.2495200087905</y>
      <steeringAngle>0.3553333333333332</steeringAngle>
      <velocity>5.551115123125783e-16</velocity>
      <orientation>-0.058195324047712285</orientation>
      <time>20</time>
    </ksState>
    <ksState>
      <x>895.5020504610799</x>
      <y>180.2495200087905</y>
      <steeringAngle>0.3198</steeringAngle>
      <velocity>0.0</velocity>
      <orientation>-0.058195324047712285</orientation>
      <time>21</time>
    </ksState>
    <ksState>
      <x>895.5020504610799</x>
      <y>180.2495200087905</y>
      <steeringAngle>0.2842666666666666</steeringAngle>
      <velocity>0.0</velocity>
      <orientation>-0.058195324047712285</orientation>
      <time>22</time>
    </ksState>
    <ksState>
      <x>895.5020504610799</x>
      <y>180.2495200087905</y>
      <steeringAngle>0.24873333333333333</steeringAngle>
      <velocity>0.0</velocity>
      <orientation>-0.058195324047712285</orientation>
      <time>23</time>
    </ksState>
    <ksState>
      <x>895.5020504610799</x>
      <y>180.2495200087905</y>
      <steeringAngle>0.21320000000000003</steeringAngle>
      <velocity>0.0</velocity>
      <orientation>-0.058195324047712285</orientation>
      <time>24</time>
    </ksState>
    <ksState>
      <x>895.5020504610799</x>
      <y>180.2495200087905</y>
      <steeringAngle>0.1776666666666667</steeringAngle>
      <velocity>0.0</velocity>
      <orientation>-0.058195324047712285</orientation>
      <time>25</time>
    </ksState>
    <ksState>
      <x>895.5020504610799</x>
      <y>180.2495200087905</y>
      <steeringAngle>0.14213333333333336</steeringAngle>
      <velocity>0.0</velocity>
      <orientation>-0.058195324047712285</orientation>
      <time>26</time>
    </ksState>
    <ksState>
      <x>895.5020504610799</x>
      <y>180.2495200087905</y>
      <steeringAngle>0.10660000000000001</steeringAngle>
      <velocity>0.0</velocity>
      <orientation>-0.058195324047712285</orientation>
      <time>27</time>
    </ksState>
    <ksState>
      <x>895.5020504610799</x>
      <y>180.2495200087905</y>
      <steeringAngle>0.07106666666666668</steeringAngle>
      <velocity>0.0</velocity>
      <orientation>-0.058195324047712285</orientation>
      <time>28</time>
    </ksState>
    <ksState>
      <x>895.5020504610799</x>
      <y>180.2495200087905</y>
      <steeringAngle>0.03553333333333333</steeringAngle>
      <velocity>0.0</velocity>
      <orientation>-0.058195324047712285</orientation>
      <time>29</time>
    </ksState>
    <ksState>
      <x>895.5020504610799</x>
      <y>180.2495200087905</y>
      <steeringAngle>0.0</steeringAngle>
      <velocity>0.0</velocity>
      <orientation>-0.058195324047712285</orientation>
      <time>30</time>
    </ksState>
    <ksState>
      <x>895.5020504610799</x>
      <y>180.2495200087905</y>
      <steeringAngle>0.0</steeringAngle>
      <velocity>0.0</velocity>
      <orientation>-0.058195324047712285</orientation>
      <time>31</time>
    </ksState>
    <ksState>
      <x>895.5020504610799</x>
      <y>180.2495200087905</y>
      <steeringAngle>0.0</steeringAngle>
      <velocity>0.0</velocity>
      <orientation>-0.058195324047712285</orientation>
      <time>32</time>
    </ksState>
    <ksState>
      <x>895.5020504610799</x>
      <y>180.2495200087905</y>
      <steeringAngle>0.0</steeringAngle>
      <velocity>0.0</velocity>
      <orientation>-0.058195324047712285</orientation>
      <time>33</time>
    </ksState>
  </ksTrajectory>
</CommonRoadSolution>
