<?xml version="1.0" ?>
<CommonRoadSolution benchmark_id="KS2:SM1:DEU_Ibbenbueren-12_1_T-1:2020a" computation_time="1.0047066309998627" date="2022-12-18T12:01:12">
  <ksTrajectory planningProblem="1">
    <ksState>
      <x>-411.30444</x>
      <y>-536.21685</y>
      <steeringAngle>0.0</steeringAngle>
      <velocity>8.0</velocity>
      <orientation>-1.2788496</orientation>
      <time>0</time>
    </ksState>
    <ksState>
      <x>-411.0652746604233</x>
      <y>-536.980294900118</y>
      <steeringAngle>0.03553333333333333</steeringAngle>
      <velocity>8.0</velocity>
      <orientation>-1.2733370649971611</orientation>
      <time>1</time>
    </ksState>
    <ksState>
      <x>-410.80272911586593</x>
      <y>-537.7363206345163</y>
      <steeringAngle>0.07106666666666667</steeringAngle>
      <velocity>8.0</velocity>
      <orientation>-1.2567855441168916</orientation>
      <time>2</time>
    </ksState>
    <ksState>
      <x>-410.5086311033217</x>
      <y>-538.4812721239708</y>
      <steeringAngle>0.10659999999999997</steeringAngle>
      <velocity>8.0</velocity>
      <orientation>-1.2291530648261968</orientation>
      <time>3</time>
    </ksState>
    <ksState>
      <x>-410.1751349358841</x>
      <y>-539.2104236173233</y>
      <steeringAngle>0.1421333333333333</steeringAngle>
      <velocity>8.0</velocity>
      <orientation>-1.1903692125534617</orientation>
      <time>4</time>
    </ksState>
    <ksState>
      <x>-409.79491165938947</x>
      <y>-539.9177111238204</y>
      <steeringAngle>0.17766666666666667</steeringAngle>
      <velocity>8.0</velocity>
      <orientation>-1.1403344003043072</orientation>
      <time>5</time>
    </ksState>
    <ksState>
      <x>-409.38419507162115</x>
      <y>-540.5623043016311</y>
      <steeringAngle>0.21320000000000014</steeringAngle>
      <velocity>7.200000000000003</velocity>
      <orientation>-1.0820850732328144</orientation>
      <time>6</time>
    </ksState>
    <ksState>
      <x>-408.9706025462091</x>
      <y>-541.1089782523684</y>
      <steeringAngle>0.24873333333333347</steeringAngle>
      <velocity>6.400000000000004</velocity>
      <orientation>-1.020167985747035</orientation>
      <time>7</time>
    </ksState>
    <ksState>
      <x>-408.56569392143547</x>
      <y>-541.56062788638</y>
      <steeringAngle>0.2842666666666668</steeringAngle>
      <velocity>5.600000000000001</velocity>
      <orientation>-0.9567458429831139</orientation>
      <time>8</time>
    </ksState>
    <ksState>
      <x>-408.18193906395294</x>
      <y>-541.9224912246658</y>
      <steeringAngle>0.3198</steeringAngle>
      <velocity>4.800000000000002</velocity>
      <orientation>-0.8940167432411612</orientation>
      <time>9</time>
    </ksState>
    <ksState>
      <x>-407.8317918430283</x>
      <y>-542.2020097830801</y>
      <steeringAngle>0.3553333333333332</steeringAngle>
      <velocity>4.000000000000001</velocity>
      <orientation>-0.8342269091929465</orientation>
      <time>10</time>
    </ksState>
    <ksState>
      <x>-407.4956710726085</x>
      <y>-542.4337041202407</y>
      <steeringAngle>0.35533333333333333</steeringAngle>
      <velocity>4.0</velocity>
      <orientation>-0.7766702024362324</orientation>
      <time>11</time>
    </ksState>
    <ksState>
      <x>-407.14677867241124</x>
      <y>-542.6456794884075</y>
      <steeringAngle>0.35533333333333333</steeringAngle>
      <velocity>4.0</velocity>
      <orientation>-0.7191134956795184</orientation>
      <time>12</time>
    </ksState>
    <ksState>
      <x>-406.78627014439445</x>
      <y>-542.8372338299341</y>
      <steeringAngle>0.35533333333333333</steeringAngle>
      <velocity>4.0</velocity>
      <orientation>-0.6615567889228045</orientation>
      <time>13</time>
    </ksState>
    <ksState>
      <x>-406.41533944206236</x>
      <y>-543.0077327434448</y>
      <steeringAngle>0.35533333333333333</steeringAngle>
      <velocity>4.0</velocity>
      <orientation>-0.6040000821660905</orientation>
      <time>14</time>
    </ksState>
    <ksState>
      <x>-406.0352150358482</x>
      <y>-543.156611560616</y>
      <steeringAngle>0.35533333333333333</steeringAngle>
      <velocity>4.0</velocity>
      <orientation>-0.5464433754093765</orientation>
      <time>15</time>
    </ksState>
    <ksState>
      <x>-405.68427926790065</x>
      <y>-543.2679912635145</y>
      <steeringAngle>0.3908666666666668</steeringAngle>
      <velocity>3.2000000000000006</velocity>
      <orientation>-0.4919009886361939</orientation>
      <time>16</time>
    </ksState>
    <ksState>
      <x>-405.4043843874147</x>
      <y>-543.3349508135027</y>
      <steeringAngle>0.4264</steeringAngle>
      <velocity>2.3999999999999995</velocity>
      <orientation>-0.444991351839677</orientation>
      <time>17</time>
    </ksState>
    <ksState>
      <x>-405.2006807928144</x>
      <y>-543.3700930592968</y>
      <steeringAngle>0.4619333333333332</steeringAngle>
      <velocity>1.5999999999999996</velocity>
      <orientation>-0.40819372731428016</orientation>
      <time>18</time>
    </ksState>
    <ksState>
      <x>-405.07675836001687</x>
      <y>-543.3847921562351</y>
      <steeringAngle>0.49746666666666656</steeringAngle>
      <velocity>0.7999999999999986</velocity>
      <orientation>-0.38410029116429867</orientation>
      <time>19</time>
    </ksState>
    <ksState>
      <x>-405.03504041532386</x>
      <y>-543.3881757544733</y>
      <steeringAngle>0.5329999999999998</steeringAngle>
      <velocity>-1.5265566588595902e-15</velocity>
      <orientation>-0.3754376250267179</orientation>
      <time>20</time>
    </ksState>
    <ksState>
      <x>-405.03504041532386</x>
      <y>-543.3881757544733</y>
      <steeringAngle>0.49746666666666667</steeringAngle>
      <velocity>0.0</velocity>
      <orientation>-0.3754376250267179</orientation>
      <time>21</time>
    </ksState>
    <ksState>
      <x>-405.03504041532386</x>
      <y>-543.3881757544733</y>
      <steeringAngle>0.4619333333333333</steeringAngle>
      <velocity>0.0</velocity>
      <orientation>-0.3754376250267179</orientation>
      <time>22</time>
    </ksState>
    <ksState>
      <x>-405.03504041532386</x>
      <y>-543.3881757544733</y>
      <steeringAngle>0.42639999999999995</steeringAngle>
      <velocity>0.0</velocity>
      <orientation>-0.3754376250267179</orientation>
      <time>23</time>
    </ksState>
    <ksState>
      <x>-405.03504041532386</x>
      <y>-543.3881757544733</y>
      <steeringAngle>0.3908666666666666</steeringAngle>
      <velocity>0.0</velocity>
      <orientation>-0.3754376250267179</orientation>
      <time>24</time>
    </ksState>
    <ksState>
      <x>-405.03504041532386</x>
      <y>-543.3881757544733</y>
      <steeringAngle>0.3553333333333333</steeringAngle>
      <velocity>0.0</velocity>
      <orientation>-0.3754376250267179</orientation>
      <time>25</time>
    </ksState>
    <ksState>
      <x>-405.03504041532386</x>
      <y>-543.3881757544733</y>
      <steeringAngle>0.3198</steeringAngle>
      <velocity>0.0</velocity>
      <orientation>-0.3754376250267179</orientation>
      <time>26</time>
    </ksState>
    <ksState>
      <x>-405.03504041532386</x>
      <y>-543.3881757544733</y>
      <steeringAngle>0.2842666666666666</steeringAngle>
      <velocity>0.0</velocity>
      <orientation>-0.3754376250267179</orientation>
      <time>27</time>
    </ksState>
    <ksState>
      <x>-405.03504041532386</x>
      <y>-543.3881757544733</y>
      <steeringAngle>0.24873333333333333</steeringAngle>
      <velocity>0.0</velocity>
      <orientation>-0.3754376250267179</orientation>
      <time>28</time>
    </ksState>
    <ksState>
      <x>-405.03504041532386</x>
      <y>-543.3881757544733</y>
      <steeringAngle>0.21320000000000003</steeringAngle>
      <velocity>0.0</velocity>
      <orientation>-0.3754376250267179</orientation>
      <time>29</time>
    </ksState>
    <ksState>
      <x>-405.03504041532386</x>
      <y>-543.3881757544733</y>
      <steeringAngle>0.1776666666666667</steeringAngle>
      <velocity>0.0</velocity>
      <orientation>-0.3754376250267179</orientation>
      <time>30</time>
    </ksState>
    <ksState>
      <x>-405.03504041532386</x>
      <y>-543.3881757544733</y>
      <steeringAngle>0.14213333333333336</steeringAngle>
      <velocity>0.0</velocity>
      <orientation>-0.3754376250267179</orientation>
      <time>31</time>
    </ksState>
    <ksState>
      <x>-405.03504041532386</x>
      <y>-543.3881757544733</y>
      <steeringAngle>0.10660000000000001</steeringAngle>
      <velocity>0.0</velocity>
      <orientation>-0.3754376250267179</orientation>
      <time>32</time>
    </ksState>
    <ksState>
      <x>-405.03504041532386</x>
      <y>-543.3881757544733</y>
      <steeringAngle>0.07106666666666668</steeringAngle>
      <velocity>0.0</velocity>
      <orientation>-0.3754376250267179</orientation>
      <time>33</time>
    </ksState>
  </ksTrajectory>
</CommonRoadSolution>
