<?xml version="1.0" ?>
<CommonRoadSolution benchmark_id="KS2:SM1:HRV_Pula-15_1_T-1:2020a" computation_time="0.9333507989995269" date="2022-12-18T12:01:12">
  <ksTrajectory planningProblem="1">
    <ksState>
      <x>-609.60152</x>
      <y>-835.33115</y>
      <steeringAngle>0.0</steeringAngle>
      <velocity>8.0</velocity>
      <orientation>-2.3916156</orientation>
      <time>0</time>
    </ksState>
    <ksState>
      <x>-610.1805182793833</x>
      <y>-835.8832452523272</y>
      <steeringAngle>0.03553333333333333</steeringAngle>
      <velocity>8.0</velocity>
      <orientation>-2.3861030649971613</orientation>
      <time>1</time>
    </ksState>
    <ksState>
      <x>-610.7425238089378</x>
      <y>-836.4530301756006</y>
      <steeringAngle>0.07106666666666667</steeringAngle>
      <velocity>8.0</velocity>
      <orientation>-2.369551544116892</orientation>
      <time>2</time>
    </ksState>
    <ksState>
      <x>-611.280644625845</x>
      <y>-837.0462184669839</y>
      <steeringAngle>0.10659999999999997</steeringAngle>
      <velocity>8.0</velocity>
      <orientation>-2.3419190648261967</orientation>
      <time>3</time>
    </ksState>
    <ksState>
      <x>-611.7871728608327</x>
      <y>-837.6677574771142</y>
      <steeringAngle>0.1421333333333333</steeringAngle>
      <velocity>8.0</velocity>
      <orientation>-2.303135212553462</orientation>
      <time>4</time>
    </ksState>
    <ksState>
      <x>-612.2534288339049</x>
      <y>-838.321539340131</y>
      <steeringAngle>0.17766666666666667</steeringAngle>
      <velocity>8.0</velocity>
      <orientation>-2.2531004003043074</orientation>
      <time>5</time>
    </ksState>
    <ksState>
      <x>-612.6499690812033</x>
      <y>-838.974949098721</y>
      <steeringAngle>0.21320000000000014</steeringAngle>
      <velocity>7.200000000000003</velocity>
      <orientation>-2.1948510732328144</orientation>
      <time>6</time>
    </ksState>
    <ksState>
      <x>-612.9574114182401</x>
      <y>-839.5876402075916</y>
      <steeringAngle>0.24873333333333347</steeringAngle>
      <velocity>6.400000000000004</velocity>
      <orientation>-2.132933985747035</orientation>
      <time>7</time>
    </ksState>
    <ksState>
      <x>-613.1834639191011</x>
      <y>-840.1505244347406</y>
      <steeringAngle>0.2842666666666668</steeringAngle>
      <velocity>5.600000000000001</velocity>
      <orientation>-2.069511842983114</orientation>
      <time>8</time>
    </ksState>
    <ksState>
      <x>-613.338338651296</x>
      <y>-840.6547334028921</y>
      <steeringAngle>0.3198</steeringAngle>
      <velocity>4.800000000000002</velocity>
      <orientation>-2.0067827432411613</orientation>
      <time>9</time>
    </ksState>
    <ksState>
      <x>-613.4342169786167</x>
      <y>-841.0923874296866</y>
      <steeringAngle>0.3553333333333332</steeringAngle>
      <velocity>4.000000000000001</velocity>
      <orientation>-1.9469929091929465</orientation>
      <time>10</time>
    </ksState>
    <ksState>
      <x>-613.488728339613</x>
      <y>-841.4978542376415</y>
      <steeringAngle>0.39086666666666653</steeringAngle>
      <velocity>4.0</velocity>
      <orientation>-1.8862725428869593</orientation>
      <time>11</time>
    </ksState>
    <ksState>
      <x>-613.5084118094319</x>
      <y>-841.9085118144224</y>
      <steeringAngle>0.42639999999999995</steeringAngle>
      <velocity>4.0</velocity>
      <orientation>-1.8191029294305556</orientation>
      <time>12</time>
    </ksState>
    <ksState>
      <x>-613.4898786811227</x>
      <y>-842.3215033048865</y>
      <steeringAngle>0.4619333333333333</steeringAngle>
      <velocity>4.0</velocity>
      <orientation>-1.7452823457982118</orientation>
      <time>13</time>
    </ksState>
    <ksState>
      <x>-613.4298372234068</x>
      <y>-842.7331217376798</y>
      <steeringAngle>0.49746666666666667</steeringAngle>
      <velocity>4.0</velocity>
      <orientation>-1.6645818039849913</orientation>
      <time>14</time>
    </ksState>
    <ksState>
      <x>-613.3252352696102</x>
      <y>-843.1387111196965</y>
      <steeringAngle>0.533</steeringAngle>
      <velocity>4.0</velocity>
      <orientation>-1.5767419373851828</orientation>
      <time>15</time>
    </ksState>
    <ksState>
      <x>-613.190484079912</x>
      <y>-843.4938761518059</y>
      <steeringAngle>0.5685333333333333</steeringAngle>
      <velocity>3.199999999999999</velocity>
      <orientation>-1.4911230841883298</orientation>
      <time>16</time>
    </ksState>
    <ksState>
      <x>-613.0565835588927</x>
      <y>-843.7601411948808</y>
      <steeringAngle>0.6040666666666664</steeringAngle>
      <velocity>2.3999999999999995</velocity>
      <orientation>-1.4191293393751114</orientation>
      <time>17</time>
    </ksState>
    <ksState>
      <x>-612.9433561402568</x>
      <y>-843.9428442071917</y>
      <steeringAngle>0.6395999999999996</steeringAngle>
      <velocity>1.5999999999999983</velocity>
      <orientation>-1.3636795045990988</orientation>
      <time>18</time>
    </ksState>
    <ksState>
      <x>-612.8669949848673</x>
      <y>-844.0484631048046</y>
      <steeringAngle>0.675133333333333</steeringAngle>
      <velocity>0.7999999999999986</velocity>
      <orientation>-1.3279028996802695</orientation>
      <time>19</time>
    </ksState>
    <ksState>
      <x>-612.8395867525996</x>
      <y>-844.0827616514815</y>
      <steeringAngle>0.7106666666666662</steeringAngle>
      <velocity>-1.27675647831893e-15</velocity>
      <orientation>-1.3151787025816613</orientation>
      <time>20</time>
    </ksState>
    <ksState>
      <x>-612.8395867525996</x>
      <y>-844.0827616514815</y>
      <steeringAngle>0.6751333333333334</steeringAngle>
      <velocity>0.0</velocity>
      <orientation>-1.3151787025816613</orientation>
      <time>21</time>
    </ksState>
    <ksState>
      <x>-612.8395867525996</x>
      <y>-844.0827616514815</y>
      <steeringAngle>0.6396</steeringAngle>
      <velocity>0.0</velocity>
      <orientation>-1.3151787025816613</orientation>
      <time>22</time>
    </ksState>
    <ksState>
      <x>-612.8395867525996</x>
      <y>-844.0827616514815</y>
      <steeringAngle>0.6040666666666666</steeringAngle>
      <velocity>0.0</velocity>
      <orientation>-1.3151787025816613</orientation>
      <time>23</time>
    </ksState>
    <ksState>
      <x>-612.8395867525996</x>
      <y>-844.0827616514815</y>
      <steeringAngle>0.5685333333333333</steeringAngle>
      <velocity>0.0</velocity>
      <orientation>-1.3151787025816613</orientation>
      <time>24</time>
    </ksState>
    <ksState>
      <x>-612.8395867525996</x>
      <y>-844.0827616514815</y>
      <steeringAngle>0.5329999999999999</steeringAngle>
      <velocity>0.0</velocity>
      <orientation>-1.3151787025816613</orientation>
      <time>25</time>
    </ksState>
    <ksState>
      <x>-612.8395867525996</x>
      <y>-844.0827616514815</y>
      <steeringAngle>0.49746666666666667</steeringAngle>
      <velocity>0.0</velocity>
      <orientation>-1.3151787025816613</orientation>
      <time>26</time>
    </ksState>
    <ksState>
      <x>-612.8395867525996</x>
      <y>-844.0827616514815</y>
      <steeringAngle>0.4619333333333333</steeringAngle>
      <velocity>0.0</velocity>
      <orientation>-1.3151787025816613</orientation>
      <time>27</time>
    </ksState>
    <ksState>
      <x>-612.8395867525996</x>
      <y>-844.0827616514815</y>
      <steeringAngle>0.42639999999999995</steeringAngle>
      <velocity>0.0</velocity>
      <orientation>-1.3151787025816613</orientation>
      <time>28</time>
    </ksState>
    <ksState>
      <x>-612.8395867525996</x>
      <y>-844.0827616514815</y>
      <steeringAngle>0.3908666666666666</steeringAngle>
      <velocity>0.0</velocity>
      <orientation>-1.3151787025816613</orientation>
      <time>29</time>
    </ksState>
    <ksState>
      <x>-612.8395867525996</x>
      <y>-844.0827616514815</y>
      <steeringAngle>0.3553333333333333</steeringAngle>
      <velocity>0.0</velocity>
      <orientation>-1.3151787025816613</orientation>
      <time>30</time>
    </ksState>
    <ksState>
      <x>-612.8220205829197</x>
      <y>-844.1194931828314</y>
      <steeringAngle>0.3198</steeringAngle>
      <velocity>0.8</velocity>
      <orientation>-1.3098370624308866</orientation>
      <time>31</time>
    </ksState>
    <ksState>
      <x>-612.7704564352814</x>
      <y>-844.2297711936332</y>
      <steeringAngle>0.28426666666666656</steeringAngle>
      <velocity>1.6000000000000003</velocity>
      <orientation>-1.2954386347026134</orientation>
      <time>32</time>
    </ksState>
    <ksState>
      <x>-612.6852412034531</x>
      <y>-844.4131800419074</y>
      <steeringAngle>0.24873333333333336</steeringAngle>
      <velocity>2.4000000000000012</velocity>
      <orientation>-1.2743637239795484</orientation>
      <time>33</time>
    </ksState>
  </ksTrajectory>
</CommonRoadSolution>
