<?xml version="1.0" ?>
<CommonRoadSolution benchmark_id="KS2:SM1:ESP_Almansa-1_1_T-1:2020a" computation_time="0.9746632369997315" date="2022-12-18T12:01:12">
  <ksTrajectory planningProblem="1">
    <ksState>
      <x>-866.53727</x>
      <y>-467.95268</y>
      <steeringAngle>0.0</steeringAngle>
      <velocity>8.0</velocity>
      <orientation>0.23437871</orientation>
      <time>0</time>
    </ksState>
    <ksState>
      <x>-865.7570036268615</x>
      <y>-467.7759526333573</y>
      <steeringAngle>-0.03553333333333333</steeringAngle>
      <velocity>8.0</velocity>
      <orientation>0.22886617499716122</orientation>
      <time>1</time>
    </ksState>
    <ksState>
      <x>-864.9714070330668</x>
      <y>-467.62316825634974</y>
      <steeringAngle>-0.07106666666666667</steeringAngle>
      <velocity>8.0</velocity>
      <orientation>0.21231465411689157</orientation>
      <time>2</time>
    </ksState>
    <ksState>
      <x>-864.1795352013077</x>
      <y>-467.50322925231364</y>
      <steeringAngle>-0.10659999999999997</steeringAngle>
      <velocity>8.0</velocity>
      <orientation>0.18468217482619667</orientation>
      <time>3</time>
    </ksState>
    <ksState>
      <x>-863.3815329388499</x>
      <y>-467.42529348988177</y>
      <steeringAngle>-0.1421333333333333</steeringAngle>
      <velocity>8.0</velocity>
      <orientation>0.14589832255346175</orientation>
      <time>4</time>
    </ksState>
    <ksState>
      <x>-862.5789617592764</x>
      <y>-467.3987443175143</y>
      <steeringAngle>-0.17766666666666667</steeringAngle>
      <velocity>8.0</velocity>
      <orientation>0.09586351030430706</orientation>
      <time>5</time>
    </ksState>
    <ksState>
      <x>-861.8156596403571</x>
      <y>-467.42113895347666</y>
      <steeringAngle>-0.17766666666666667</steeringAngle>
      <velocity>7.2</velocity>
      <orientation>0.042947582859929695</orientation>
      <time>6</time>
    </ksState>
    <ksState>
      <x>-861.1345513190827</x>
      <y>-467.4753751191022</y>
      <steeringAngle>-0.17766666666666667</steeringAngle>
      <velocity>6.4</velocity>
      <orientation>-0.004398246932881489</orientation>
      <time>7</time>
    </ksState>
    <ksState>
      <x>-860.536289355061</x>
      <y>-467.5499557789519</y>
      <steeringAngle>-0.17766666666666667</steeringAngle>
      <velocity>5.599999999999999</velocity>
      <orientation>-0.04617397908806625</orientation>
      <time>8</time>
    </ksState>
    <ksState>
      <x>-860.0206999840428</x>
      <y>-467.6347560903198</y>
      <steeringAngle>-0.17766666666666667</steeringAngle>
      <velocity>4.799999999999999</velocity>
      <orientation>-0.08237961360958074</orientation>
      <time>9</time>
    </ksState>
    <ksState>
      <x>-859.5870665638174</x>
      <y>-467.72104908748344</y>
      <steeringAngle>-0.17766666666666667</steeringAngle>
      <velocity>4.0</velocity>
      <orientation>-0.11301515049891075</orientation>
      <time>10</time>
    </ksState>
    <ksState>
      <x>-859.2343746965549</x>
      <y>-467.80150593398315</y>
      <steeringAngle>-0.17766666666666667</steeringAngle>
      <velocity>3.2000000000000006</velocity>
      <orientation>-0.13808058976708834</orientation>
      <time>11</time>
    </ksState>
    <ksState>
      <x>-858.9615182000323</x>
      <y>-467.8701800206152</y>
      <steeringAngle>-0.17766666666666667</steeringAngle>
      <velocity>2.4000000000000012</velocity>
      <orientation>-0.15757593139711812</orientation>
      <time>12</time>
    </ksState>
    <ksState>
      <x>-858.7674660589443</x>
      <y>-467.92248314094627</y>
      <steeringAngle>-0.17766666666666667</steeringAngle>
      <velocity>1.6000000000000005</velocity>
      <orientation>-0.1715011753960991</orientation>
      <time>13</time>
    </ksState>
    <ksState>
      <x>-858.6513909934812</x>
      <y>-467.9551602837963</y>
      <steeringAngle>-0.17766666666666667</steeringAngle>
      <velocity>0.8000000000000004</velocity>
      <orientation>-0.1798563217668532</orientation>
      <time>14</time>
    </ksState>
    <ksState>
      <x>-858.612760479104</x>
      <y>-467.96626805026585</y>
      <steeringAngle>-0.17766666666666667</steeringAngle>
      <velocity>2.7755575615628914e-16</velocity>
      <orientation>-0.18264137051306856</orientation>
      <time>15</time>
    </ksState>
    <ksState>
      <x>-858.612760479104</x>
      <y>-467.96626805026585</y>
      <steeringAngle>-0.14213333333333336</steeringAngle>
      <velocity>0.0</velocity>
      <orientation>-0.18264137051306856</orientation>
      <time>16</time>
    </ksState>
    <ksState>
      <x>-858.612760479104</x>
      <y>-467.96626805026585</y>
      <steeringAngle>-0.10660000000000001</steeringAngle>
      <velocity>0.0</velocity>
      <orientation>-0.18264137051306856</orientation>
      <time>17</time>
    </ksState>
    <ksState>
      <x>-858.612760479104</x>
      <y>-467.96626805026585</y>
      <steeringAngle>-0.07106666666666668</steeringAngle>
      <velocity>0.0</velocity>
      <orientation>-0.18264137051306856</orientation>
      <time>18</time>
    </ksState>
    <ksState>
      <x>-858.612760479104</x>
      <y>-467.96626805026585</y>
      <steeringAngle>-0.03553333333333333</steeringAngle>
      <velocity>0.0</velocity>
      <orientation>-0.18264137051306856</orientation>
      <time>19</time>
    </ksState>
    <ksState>
      <x>-858.612760479104</x>
      <y>-467.96626805026585</y>
      <steeringAngle>-0.0</steeringAngle>
      <velocity>0.0</velocity>
      <orientation>-0.18264137051306856</orientation>
      <time>20</time>
    </ksState>
    <ksState>
      <x>-858.5733298369486</x>
      <y>-467.97301315114066</y>
      <steeringAngle>0.03553333333333333</steeringAngle>
      <velocity>0.8</velocity>
      <orientation>-0.18227383873482658</orientation>
      <time>21</time>
    </ksState>
    <ksState>
      <x>-858.4546334038649</x>
      <y>-467.9910256387989</y>
      <steeringAngle>0.0710666666666667</steeringAngle>
      <velocity>1.6</velocity>
      <orientation>-0.17969899214284094</orientation>
      <time>22</time>
    </ksState>
    <ksState>
      <x>-858.25599256369</x>
      <y>-468.01632265328874</y>
      <steeringAngle>0.10660000000000003</steeringAngle>
      <velocity>2.4000000000000004</velocity>
      <orientation>-0.17269828790600372</orientation>
      <time>23</time>
    </ksState>
    <ksState>
      <x>-857.9766420206553</x>
      <y>-468.0434633334071</y>
      <steeringAngle>0.14213333333333342</steeringAngle>
      <velocity>3.2000000000000015</velocity>
      <orientation>-0.15903064696518357</orientation>
      <time>24</time>
    </ksState>
    <ksState>
      <x>-857.6158584551401</x>
      <y>-468.0647844141954</y>
      <steeringAngle>0.17766666666666683</steeringAngle>
      <velocity>4.0000000000000036</velocity>
      <orientation>-0.13642073109196343</orientation>
      <time>25</time>
    </ksState>
    <ksState>
      <x>-857.2140271807617</x>
      <y>-468.0743333927234</y>
      <steeringAngle>0.17766666666666667</steeringAngle>
      <velocity>4.0</velocity>
      <orientation>-0.10857024293670753</orientation>
      <time>26</time>
    </ksState>
    <ksState>
      <x>-856.812085791902</x>
      <y>-468.072688924626</y>
      <steeringAngle>0.17766666666666667</steeringAngle>
      <velocity>4.0</velocity>
      <orientation>-0.08071975478145164</orientation>
      <time>27</time>
    </ksState>
    <ksState>
      <x>-856.4103460676513</x>
      <y>-468.0598522779838</y>
      <steeringAngle>0.17766666666666667</steeringAngle>
      <velocity>4.0</velocity>
      <orientation>-0.05286926662619576</orientation>
      <time>28</time>
    </ksState>
    <ksState>
      <x>-856.0091195974557</x>
      <y>-468.0358334091418</y>
      <steeringAngle>0.17766666666666667</steeringAngle>
      <velocity>4.0</velocity>
      <orientation>-0.025018778470939904</orientation>
      <time>29</time>
    </ksState>
    <ksState>
      <x>-855.6087175724816</x>
      <y>-468.00065094606197</y>
      <steeringAngle>0.17766666666666667</steeringAngle>
      <velocity>4.0</velocity>
      <orientation>0.002831709684315925</orientation>
      <time>30</time>
    </ksState>
    <ksState>
      <x>-855.2492166920458</x>
      <y>-467.96324607699074</y>
      <steeringAngle>0.1421333333333333</steeringAngle>
      <velocity>3.1999999999999993</velocity>
      <orientation>0.02544162465775824</orientation>
      <time>31</time>
    </ksState>
    <ksState>
      <x>-854.969994026134</x>
      <y>-467.9346846133131</y>
      <steeringAngle>0.10659999999999997</steeringAngle>
      <velocity>2.3999999999999977</velocity>
      <orientation>0.03910926552846558</orientation>
      <time>32</time>
    </ksState>
    <ksState>
      <x>-854.7706013934605</x>
      <y>-467.91616839213157</y>
      <steeringAngle>0.07106666666666664</steeringAngle>
      <velocity>1.5999999999999976</velocity>
      <orientation>0.04610997138168472</orientation>
      <time>33</time>
    </ksState>
  </ksTrajectory>
</CommonRoadSolution>
