<?xml version="1.0" ?>
<CommonRoadSolution benchmark_id="KS2:SM1:ITA_Empoli-4_2_T-1:2020a" computation_time="1.6089799960000164" date="2022-12-18T12:01:12">
  <ksTrajectory planningProblem="1">
    <ksState>
      <x>753.99418</x>
      <y>297.80475</y>
      <steeringAngle>0.0</steeringAngle>
      <velocity>4.0</velocity>
      <orientation>-1.7839953</orientation>
      <time>0</time>
    </ksState>
    <ksState>
      <x>753.9058813719655</x>
      <y>297.3736804444388</y>
      <steeringAngle>0.035533333333333326</steeringAngle>
      <velocity>4.799999999999999</velocity>
      <orientation>-1.780871521330809</orientation>
      <time>1</time>
    </ksState>
    <ksState>
      <x>753.8150158533567</x>
      <y>296.86146029364545</y>
      <steeringAngle>0.07106666666666667</steeringAngle>
      <velocity>5.599999999999998</velocity>
      <orientation>-1.7700209102696363</orientation>
      <time>2</time>
    </ksState>
    <ksState>
      <x>753.7310810517745</x>
      <y>296.26665415771885</y>
      <steeringAngle>0.10659999999999999</steeringAngle>
      <velocity>6.3999999999999995</velocity>
      <orientation>-1.7492039612693084</orientation>
      <time>3</time>
    </ksState>
    <ksState>
      <x>753.6673748161986</x>
      <y>295.58808166956806</y>
      <steeringAngle>0.14213333333333333</steeringAngle>
      <velocity>7.199999999999999</velocity>
      <orientation>-1.7161443902881433</orientation>
      <time>4</time>
    </ksState>
    <ksState>
      <x>753.6418235754946</x>
      <y>294.82562762609257</y>
      <steeringAngle>0.17766666666666664</steeringAngle>
      <velocity>7.9999999999999964</velocity>
      <orientation>-1.6685170682065966</orientation>
      <time>5</time>
    </ksState>
    <ksState>
      <x>753.671717421621</x>
      <y>294.0618902115894</y>
      <steeringAngle>0.21320000000000014</steeringAngle>
      <velocity>7.200000000000003</velocity>
      <orientation>-1.6102677411351038</orientation>
      <time>6</time>
    </ksState>
    <ksState>
      <x>753.7534430995081</x>
      <y>293.38127864904783</y>
      <steeringAngle>0.24873333333333347</steeringAngle>
      <velocity>6.400000000000004</velocity>
      <orientation>-1.5483506536493243</orientation>
      <time>7</time>
    </ksState>
    <ksState>
      <x>753.875557163104</x>
      <y>292.7871182819827</y>
      <steeringAngle>0.2842666666666668</steeringAngle>
      <velocity>5.600000000000001</velocity>
      <orientation>-1.4849285108854033</orientation>
      <time>8</time>
    </ksState>
    <ksState>
      <x>754.0246493080897</x>
      <y>292.2811692741367</y>
      <steeringAngle>0.3198</steeringAngle>
      <velocity>4.800000000000002</velocity>
      <orientation>-1.4221994111434506</orientation>
      <time>9</time>
    </ksState>
    <ksState>
      <x>754.186212564295</x>
      <y>291.86328051493916</y>
      <steeringAngle>0.3553333333333332</steeringAngle>
      <velocity>4.000000000000001</velocity>
      <orientation>-1.362409577095236</orientation>
      <time>10</time>
    </ksState>
    <ksState>
      <x>754.3597625431794</x>
      <y>291.49376753409945</y>
      <steeringAngle>0.35533333333333333</steeringAngle>
      <velocity>4.0</velocity>
      <orientation>-1.304852870338522</orientation>
      <time>11</time>
    </ksState>
    <ksState>
      <x>754.554281350266</x>
      <y>291.1348498592567</y>
      <steeringAngle>0.35533333333333333</steeringAngle>
      <velocity>4.0</velocity>
      <orientation>-1.247296163581808</orientation>
      <time>12</time>
    </ksState>
    <ksState>
      <x>754.7691247624884</x>
      <y>290.78771620667436</y>
      <steeringAngle>0.35533333333333333</steeringAngle>
      <velocity>4.0</velocity>
      <orientation>-1.189739456825094</orientation>
      <time>13</time>
    </ksState>
    <ksState>
      <x>755.0035812488841</x>
      <y>290.4535162344603</y>
      <steeringAngle>0.35533333333333333</steeringAngle>
      <velocity>4.0</velocity>
      <orientation>-1.13218275006838</orientation>
      <time>14</time>
    </ksState>
    <ksState>
      <x>755.2568743223949</x>
      <y>290.13335676589276</y>
      <steeringAngle>0.35533333333333333</steeringAngle>
      <velocity>4.0</velocity>
      <orientation>-1.0746260433116661</orientation>
      <time>15</time>
    </ksState>
    <ksState>
      <x>755.5038546801751</x>
      <y>289.8602962335682</y>
      <steeringAngle>0.3908666666666668</steeringAngle>
      <velocity>3.2000000000000006</velocity>
      <orientation>-1.0200836565384834</orientation>
      <time>16</time>
    </ksState>
    <ksState>
      <x>755.7118614725521</x>
      <y>289.6614045550548</y>
      <steeringAngle>0.4264</steeringAngle>
      <velocity>2.3999999999999995</velocity>
      <orientation>-0.9731740197419666</orientation>
      <time>17</time>
    </ksState>
    <ksState>
      <x>755.8700947865508</x>
      <y>289.52839196078827</y>
      <steeringAngle>0.4619333333333332</steeringAngle>
      <velocity>1.5999999999999996</velocity>
      <orientation>-0.9363763952165698</orientation>
      <time>18</time>
    </ksState>
    <ksState>
      <x>755.9697217883555</x>
      <y>289.45324348566953</y>
      <steeringAngle>0.49746666666666656</steeringAngle>
      <velocity>0.7999999999999986</velocity>
      <orientation>-0.9122829590665883</orientation>
      <time>19</time>
    </ksState>
    <ksState>
      <x>756.0040493803405</x>
      <y>289.42929662627284</y>
      <steeringAngle>0.5329999999999998</steeringAngle>
      <velocity>-1.5265566588595902e-15</velocity>
      <orientation>-0.9036202929290076</orientation>
      <time>20</time>
    </ksState>
    <ksState>
      <x>756.0040493803405</x>
      <y>289.42929662627284</y>
      <steeringAngle>0.49746666666666667</steeringAngle>
      <velocity>0.0</velocity>
      <orientation>-0.9036202929290076</orientation>
      <time>21</time>
    </ksState>
    <ksState>
      <x>756.0040493803405</x>
      <y>289.42929662627284</y>
      <steeringAngle>0.4619333333333333</steeringAngle>
      <velocity>0.0</velocity>
      <orientation>-0.9036202929290076</orientation>
      <time>22</time>
    </ksState>
    <ksState>
      <x>756.0040493803405</x>
      <y>289.42929662627284</y>
      <steeringAngle>0.42639999999999995</steeringAngle>
      <velocity>0.0</velocity>
      <orientation>-0.9036202929290076</orientation>
      <time>23</time>
    </ksState>
    <ksState>
      <x>756.0040493803405</x>
      <y>289.42929662627284</y>
      <steeringAngle>0.3908666666666666</steeringAngle>
      <velocity>0.0</velocity>
      <orientation>-0.9036202929290076</orientation>
      <time>24</time>
    </ksState>
    <ksState>
      <x>756.0040493803405</x>
      <y>289.42929662627284</y>
      <steeringAngle>0.3553333333333333</steeringAngle>
      <velocity>0.0</velocity>
      <orientation>-0.9036202929290076</orientation>
      <time>25</time>
    </ksState>
    <ksState>
      <x>756.0040493803405</x>
      <y>289.42929662627284</y>
      <steeringAngle>0.3198</steeringAngle>
      <velocity>0.0</velocity>
      <orientation>-0.9036202929290076</orientation>
      <time>26</time>
    </ksState>
    <ksState>
      <x>756.0040493803405</x>
      <y>289.42929662627284</y>
      <steeringAngle>0.2842666666666666</steeringAngle>
      <velocity>0.0</velocity>
      <orientation>-0.9036202929290076</orientation>
      <time>27</time>
    </ksState>
    <ksState>
      <x>756.0040493803405</x>
      <y>289.42929662627284</y>
      <steeringAngle>0.24873333333333333</steeringAngle>
      <velocity>0.0</velocity>
      <orientation>-0.9036202929290076</orientation>
      <time>28</time>
    </ksState>
    <ksState>
      <x>756.0040493803405</x>
      <y>289.42929662627284</y>
      <steeringAngle>0.21320000000000003</steeringAngle>
      <velocity>0.0</velocity>
      <orientation>-0.9036202929290076</orientation>
      <time>29</time>
    </ksState>
    <ksState>
      <x>756.0040493803405</x>
      <y>289.42929662627284</y>
      <steeringAngle>0.1776666666666667</steeringAngle>
      <velocity>0.0</velocity>
      <orientation>-0.9036202929290076</orientation>
      <time>30</time>
    </ksState>
    <ksState>
      <x>756.0040493803405</x>
      <y>289.42929662627284</y>
      <steeringAngle>0.14213333333333336</steeringAngle>
      <velocity>0.0</velocity>
      <orientation>-0.9036202929290076</orientation>
      <time>31</time>
    </ksState>
    <ksState>
      <x>756.0040493803405</x>
      <y>289.42929662627284</y>
      <steeringAngle>0.10660000000000001</steeringAngle>
      <velocity>0.0</velocity>
      <orientation>-0.9036202929290076</orientation>
      <time>32</time>
    </ksState>
    <ksState>
      <x>756.0040493803405</x>
      <y>289.42929662627284</y>
      <steeringAngle>0.07106666666666668</steeringAngle>
      <velocity>0.0</velocity>
      <orientation>-0.9036202929290076</orientation>
      <time>33</time>
    </ksState>
  </ksTrajectory>
</CommonRoadSolution>
