<?xml version="1.0" ?>
<CommonRoadSolution benchmark_id="KS2:SM1:DEU_Lohmar-23_1_T-1:2020a" computation_time="6.50847025500002" date="2022-11-29T11:36:54">
  <ksTrajectory planningProblem="123">
    <ksState>
      <x>-293.65022</x>
      <y>3.014701</y>
      <steeringAngle>0.0</steeringAngle>
      <velocity>8.0</velocity>
      <orientation>-4.1272575</orientation>
      <time>0</time>
    </ksState>
    <ksState>
      <x>-294.0998172707565</x>
      <y>3.6764490406463777</y>
      <steeringAngle>0.03553333333333333</steeringAngle>
      <velocity>8.0</velocity>
      <orientation>-4.121744964997161</orientation>
      <time>1</time>
    </ksState>
    <ksState>
      <x>-294.56965291636413</x>
      <y>4.324337565128776</y>
      <steeringAngle>0.07106666666666667</steeringAngle>
      <velocity>8.0</velocity>
      <orientation>-4.105193444116892</orientation>
      <time>2</time>
    </ksState>
    <ksState>
      <x>-295.0664941485386</x>
      <y>4.952505657787269</y>
      <steeringAngle>0.10659999999999997</steeringAngle>
      <velocity>8.0</velocity>
      <orientation>-4.077560964826197</orientation>
      <time>3</time>
    </ksState>
    <ksState>
      <x>-295.5964861115346</x>
      <y>5.554161799709961</y>
      <steeringAngle>0.1421333333333333</steeringAngle>
      <velocity>8.0</velocity>
      <orientation>-4.038777112553461</orientation>
      <time>4</time>
    </ksState>
    <ksState>
      <x>-296.16489251207054</x>
      <y>6.121382674383265</y>
      <steeringAngle>0.17766666666666667</steeringAngle>
      <velocity>8.0</velocity>
      <orientation>-3.988742300304307</orientation>
      <time>5</time>
    </ksState>
    <ksState>
      <x>-296.76206122469137</x>
      <y>6.658439057109499</y>
      <steeringAngle>0.14213333333333336</steeringAngle>
      <velocity>8.0</velocity>
      <orientation>-3.9387074887555586</orientation>
      <time>6</time>
    </ksState>
    <ksState>
      <x>-297.3712733954236</x>
      <y>7.179885929339989</y>
      <steeringAngle>0.1066000000000001</steeringAngle>
      <velocity>8.0</velocity>
      <orientation>-3.8999236367485612</orientation>
      <time>7</time>
    </ksState>
    <ksState>
      <x>-297.9867280944872</x>
      <y>7.692505035194774</y>
      <steeringAngle>0.07106666666666674</steeringAngle>
      <velocity>8.0</velocity>
      <orientation>-3.872291157718874</orientation>
      <time>8</time>
    </ksState>
    <ksState>
      <x>-298.60294296997944</x>
      <y>8.203243438048695</y>
      <steeringAngle>0.035533333333333354</steeringAngle>
      <velocity>8.0</velocity>
      <orientation>-3.855739637089845</orientation>
      <time>9</time>
    </ksState>
    <ksState>
      <x>-299.21450597568565</x>
      <y>8.71905541478707</y>
      <steeringAngle>2.0816681711721685e-17</steeringAngle>
      <velocity>8.0</velocity>
      <orientation>-3.8502271106314403</orientation>
      <time>10</time>
    </ksState>
    <ksState>
      <x>-299.82190699622043</x>
      <y>9.239693485094387</y>
      <steeringAngle>0.0</steeringAngle>
      <velocity>8.0</velocity>
      <orientation>-3.8502271106314403</orientation>
      <time>11</time>
    </ksState>
    <ksState>
      <x>-300.42930801675516</x>
      <y>9.760331555401704</y>
      <steeringAngle>0.0</steeringAngle>
      <velocity>8.0</velocity>
      <orientation>-3.8502271106314403</orientation>
      <time>12</time>
    </ksState>
    <ksState>
      <x>-301.03670903728994</x>
      <y>10.28096962570902</y>
      <steeringAngle>0.0</steeringAngle>
      <velocity>8.0</velocity>
      <orientation>-3.8502271106314403</orientation>
      <time>13</time>
    </ksState>
    <ksState>
      <x>-301.6441100578247</x>
      <y>10.801607696016337</y>
      <steeringAngle>0.0</steeringAngle>
      <velocity>8.0</velocity>
      <orientation>-3.8502271106314403</orientation>
      <time>14</time>
    </ksState>
    <ksState>
      <x>-302.2515110783595</x>
      <y>11.322245766323654</y>
      <steeringAngle>0.0</steeringAngle>
      <velocity>8.0</velocity>
      <orientation>-3.8502271106314403</orientation>
      <time>15</time>
    </ksState>
    <ksState>
      <x>-302.8589120988943</x>
      <y>11.842883836630971</y>
      <steeringAngle>0.0</steeringAngle>
      <velocity>8.0</velocity>
      <orientation>-3.8502271106314403</orientation>
      <time>16</time>
    </ksState>
    <ksState>
      <x>-303.466313119429</x>
      <y>12.363521906938287</y>
      <steeringAngle>0.0</steeringAngle>
      <velocity>8.0</velocity>
      <orientation>-3.8502271106314403</orientation>
      <time>17</time>
    </ksState>
    <ksState>
      <x>-304.0737141399638</x>
      <y>12.884159977245604</y>
      <steeringAngle>0.0</steeringAngle>
      <velocity>8.0</velocity>
      <orientation>-3.8502271106314403</orientation>
      <time>18</time>
    </ksState>
    <ksState>
      <x>-304.68111516049856</x>
      <y>13.404798047552921</y>
      <steeringAngle>0.0</steeringAngle>
      <velocity>8.0</velocity>
      <orientation>-3.8502271106314403</orientation>
      <time>19</time>
    </ksState>
    <ksState>
      <x>-305.28851618103334</x>
      <y>13.925436117860238</y>
      <steeringAngle>0.0</steeringAngle>
      <velocity>8.0</velocity>
      <orientation>-3.8502271106314403</orientation>
      <time>20</time>
    </ksState>
    <ksState>
      <x>-305.8898382656761</x>
      <y>14.45312914007285</y>
      <steeringAngle>-0.03553333333333333</steeringAngle>
      <velocity>8.0</velocity>
      <orientation>-3.855739645634279</orientation>
      <time>21</time>
    </ksState>
    <ksState>
      <x>-306.4749132491254</x>
      <y>14.999199041991378</y>
      <steeringAngle>-0.07106666666666667</steeringAngle>
      <velocity>8.0</velocity>
      <orientation>-3.8722911665145485</orientation>
      <time>22</time>
    </ksState>
    <ksState>
      <x>-307.0370912094214</x>
      <y>15.56963948899729</y>
      <steeringAngle>-0.10659999999999997</steeringAngle>
      <velocity>8.0</velocity>
      <orientation>-3.8999236458052438</orientation>
      <time>23</time>
    </ksState>
    <ksState>
      <x>-307.56887534159915</x>
      <y>16.169712176859015</y>
      <steeringAngle>-0.1421333333333333</steeringAngle>
      <velocity>8.0</velocity>
      <orientation>-3.9387074980779784</orientation>
      <time>24</time>
    </ksState>
    <ksState>
      <x>-308.06175424740223</x>
      <y>16.80366465224634</y>
      <steeringAngle>-0.17766666666666667</steeringAngle>
      <velocity>8.0</velocity>
      <orientation>-3.988742310327133</orientation>
      <time>25</time>
    </ksState>
    <ksState>
      <x>-308.5136678876588</x>
      <y>17.468410471712787</y>
      <steeringAngle>-0.17766666666666667</steeringAngle>
      <velocity>8.0</velocity>
      <orientation>-4.0444432866376445</orientation>
      <time>26</time>
    </ksState>
    <ksState>
      <x>-308.92787283262936</x>
      <y>18.15728438290525</y>
      <steeringAngle>-0.17766666666666667</steeringAngle>
      <velocity>8.0</velocity>
      <orientation>-4.100144262948157</orientation>
      <time>27</time>
    </ksState>
    <ksState>
      <x>-309.30308428011256</x>
      <y>18.868149612659572</y>
      <steeringAngle>-0.17766666666666667</steeringAngle>
      <velocity>8.0</velocity>
      <orientation>-4.155845239258668</orientation>
      <time>28</time>
    </ksState>
    <ksState>
      <x>-309.63813840055593</x>
      <y>19.59880120167433</y>
      <steeringAngle>-0.17766666666666667</steeringAngle>
      <velocity>8.0</velocity>
      <orientation>-4.2115462155691805</orientation>
      <time>29</time>
    </ksState>
    <ksState>
      <x>-309.9319959240885</x>
      <y>20.346972818161223</y>
      <steeringAngle>-0.17766666666666667</steeringAngle>
      <velocity>8.0</velocity>
      <orientation>-4.267247191879692</orientation>
      <time>30</time>
    </ksState>
    <ksState>
      <x>-310.1837453345474</x>
      <y>21.110343748365977</y>
      <steeringAngle>-0.17766666666666667</steeringAngle>
      <velocity>8.0</velocity>
      <orientation>-4.322948168190203</orientation>
      <time>31</time>
    </ksState>
    <ksState>
      <x>-310.3926058006527</x>
      <y>21.88654623976752</y>
      <steeringAngle>-0.17766666666666667</steeringAngle>
      <velocity>8.0</velocity>
      <orientation>-4.378649144500716</orientation>
      <time>32</time>
    </ksState>
    <ksState>
      <x>-310.55792946514475</x>
      <y>22.67317263848232</y>
      <steeringAngle>-0.17766666666666667</steeringAngle>
      <velocity>8.0</velocity>
      <orientation>-4.434350120811227</orientation>
      <time>33</time>
    </ksState>
    <ksState>
      <x>-310.6792035276671</x>
      <y>23.4677829894816</y>
      <steeringAngle>-0.17766666666666667</steeringAngle>
      <velocity>8.0</velocity>
      <orientation>-4.490051097121739</orientation>
      <time>34</time>
    </ksState>
    <ksState>
      <x>-310.7560518203839</x>
      <y>24.26791257383643</y>
      <steeringAngle>-0.17766666666666667</steeringAngle>
      <velocity>8.0</velocity>
      <orientation>-4.545752073432251</orientation>
      <time>35</time>
    </ksState>
    <ksState>
      <x>-310.78823595710924</x>
      <y>25.071079507973593</y>
      <steeringAngle>-0.17766666666666667</steeringAngle>
      <velocity>8.0</velocity>
      <orientation>-4.601453049742762</orientation>
      <time>36</time>
    </ksState>
    <ksState>
      <x>-310.77565613275647</x>
      <y>25.874792609757396</y>
      <steeringAngle>-0.17766666666666667</steeringAngle>
      <velocity>8.0</velocity>
      <orientation>-4.657154026053274</orientation>
      <time>37</time>
    </ksState>
    <ksState>
      <x>-310.71835136206437</x>
      <y>26.676558890198294</y>
      <steeringAngle>-0.17766666666666667</steeringAngle>
      <velocity>8.0</velocity>
      <orientation>-4.712855002363786</orientation>
      <time>38</time>
    </ksState>
    <ksState>
      <x>-310.61649939278254</x>
      <y>27.47389143343812</y>
      <steeringAngle>-0.17766666666666667</steeringAngle>
      <velocity>8.0</velocity>
      <orientation>-4.768555978674298</orientation>
      <time>39</time>
    </ksState>
    <ksState>
      <x>-310.4704161484478</x>
      <y>28.264317076732898</y>
      <steeringAngle>-0.17766666666666667</steeringAngle>
      <velocity>8.0</velocity>
      <orientation>-4.8242569549848096</orientation>
      <time>40</time>
    </ksState>
    <ksState>
      <x>-310.2805547440599</x>
      <y>29.045384032807664</y>
      <steeringAngle>-0.17766666666666667</steeringAngle>
      <velocity>8.0</velocity>
      <orientation>-4.879957931295321</orientation>
      <time>41</time>
    </ksState>
    <ksState>
      <x>-310.0475040921944</x>
      <y>29.814669672622127</y>
      <steeringAngle>-0.17766666666666667</steeringAngle>
      <velocity>8.0</velocity>
      <orientation>-4.935658907605833</orientation>
      <time>42</time>
    </ksState>
    <ksState>
      <x>-309.7719870729218</x>
      <y>30.56978779403576</y>
      <steeringAngle>-0.17766666666666667</steeringAngle>
      <velocity>8.0</velocity>
      <orientation>-4.991359883916345</orientation>
      <time>43</time>
    </ksState>
    <ksState>
      <x>-309.4548582839844</x>
      <y>31.30839617429079</y>
      <steeringAngle>-0.17766666666666667</steeringAngle>
      <velocity>8.0</velocity>
      <orientation>-5.047060860226857</orientation>
      <time>44</time>
    </ksState>
    <ksState>
      <x>-309.097101393675</x>
      <y>32.02820380087551</y>
      <steeringAngle>-0.17766666666666667</steeringAngle>
      <velocity>8.0</velocity>
      <orientation>-5.102761836537368</orientation>
      <time>45</time>
    </ksState>
    <ksState>
      <x>-308.7084828432547</x>
      <y>32.73106627094307</y>
      <steeringAngle>-0.14213333333333336</steeringAngle>
      <velocity>8.0</velocity>
      <orientation>-5.152796648086117</orientation>
      <time>46</time>
    </ksState>
    <ksState>
      <x>-308.30337703769226</x>
      <y>33.423118000098334</y>
      <steeringAngle>-0.1066000000000001</steeringAngle>
      <velocity>8.0</velocity>
      <orientation>-5.191580500093115</orientation>
      <time>47</time>
    </ksState>
    <ksState>
      <x>-307.88948428816315</x>
      <y>34.10886986934408</y>
      <steeringAngle>-0.07106666666666674</steeringAngle>
      <velocity>8.0</velocity>
      <orientation>-5.219212979122801</orientation>
      <time>48</time>
    </ksState>
    <ksState>
      <x>-307.47425793954915</x>
      <y>34.79309320155692</y>
      <steeringAngle>-0.035533333333333354</steeringAngle>
      <velocity>8.0</velocity>
      <orientation>-5.235764499751831</orientation>
      <time>49</time>
    </ksState>
    <ksState>
      <x>-307.06508725933185</x>
      <y>35.480589135905326</y>
      <steeringAngle>-2.0816681711721685e-17</steeringAngle>
      <velocity>8.0</velocity>
      <orientation>-5.241277026210235</orientation>
      <time>50</time>
    </ksState>
    <ksState>
      <x>-306.6614283577739</x>
      <y>36.17128406942738</y>
      <steeringAngle>0.0</steeringAngle>
      <velocity>8.0</velocity>
      <orientation>-5.241277026210235</orientation>
      <time>51</time>
    </ksState>
    <ksState>
      <x>-306.25776945621595</x>
      <y>36.86197900294943</y>
      <steeringAngle>0.0</steeringAngle>
      <velocity>8.0</velocity>
      <orientation>-5.241277026210235</orientation>
      <time>52</time>
    </ksState>
    <ksState>
      <x>-305.854110554658</x>
      <y>37.552673936471486</y>
      <steeringAngle>0.0</steeringAngle>
      <velocity>8.0</velocity>
      <orientation>-5.241277026210235</orientation>
      <time>53</time>
    </ksState>
    <ksState>
      <x>-305.45045165310006</x>
      <y>38.243368869993546</y>
      <steeringAngle>0.0</steeringAngle>
      <velocity>8.0</velocity>
      <orientation>-5.241277026210235</orientation>
      <time>54</time>
    </ksState>
    <ksState>
      <x>-305.0467927515421</x>
      <y>38.9340638035156</y>
      <steeringAngle>0.0</steeringAngle>
      <velocity>8.0</velocity>
      <orientation>-5.241277026210235</orientation>
      <time>55</time>
    </ksState>
    <ksState>
      <x>-304.6351057673579</x>
      <y>39.62003902334814</y>
      <steeringAngle>-0.03553333333333333</steeringAngle>
      <velocity>8.0</velocity>
      <orientation>-5.246789561213074</orientation>
      <time>56</time>
    </ksState>
    <ksState>
      <x>-304.20243331426957</x>
      <y>40.29331431799225</y>
      <steeringAngle>-0.07106666666666667</steeringAngle>
      <velocity>8.0</velocity>
      <orientation>-5.263341082093343</orientation>
      <time>57</time>
    </ksState>
    <ksState>
      <x>-303.7416894169198</x>
      <y>40.94841844992687</y>
      <steeringAngle>-0.10659999999999997</steeringAngle>
      <velocity>8.0</velocity>
      <orientation>-5.290973561384038</orientation>
      <time>58</time>
    </ksState>
    <ksState>
      <x>-303.24635687103853</x>
      <y>41.57891608112334</y>
      <steeringAngle>-0.1421333333333333</steeringAngle>
      <velocity>8.0</velocity>
      <orientation>-5.329757413656774</orientation>
      <time>59</time>
    </ksState>
    <ksState>
      <x>-302.7107348934942</x>
      <y>42.17719231665913</y>
      <steeringAngle>-0.17766666666666667</steeringAngle>
      <velocity>8.0</velocity>
      <orientation>-5.379792225905928</orientation>
      <time>60</time>
    </ksState>
    <ksState>
      <x>-302.1447004238174</x>
      <y>42.74696859617412</y>
      <steeringAngle>-0.14213333333333336</steeringAngle>
      <velocity>8.0</velocity>
      <orientation>-5.429827037454676</orientation>
      <time>61</time>
    </ksState>
    <ksState>
      <x>-301.5657640699968</x>
      <y>43.30183705603842</y>
      <steeringAngle>-0.1066000000000001</steeringAngle>
      <velocity>8.0</velocity>
      <orientation>-5.468610889461674</orientation>
      <time>62</time>
    </ksState>
    <ksState>
      <x>-300.98009881663734</x>
      <y>43.8482426245442</y>
      <steeringAngle>-0.07106666666666674</steeringAngle>
      <velocity>8.0</velocity>
      <orientation>-5.496243368491361</orientation>
      <time>63</time>
    </ksState>
    <ksState>
      <x>-300.39356886743724</x>
      <y>44.39281319629695</y>
      <steeringAngle>-0.035533333333333354</steeringAngle>
      <velocity>8.0</velocity>
      <orientation>-5.51279488912039</orientation>
      <time>64</time>
    </ksState>
    <ksState>
      <x>-299.8119686370765</x>
      <y>44.94218782015527</y>
      <steeringAngle>-2.0816681711721685e-17</steeringAngle>
      <velocity>8.0</velocity>
      <orientation>-5.518307415578795</orientation>
      <time>65</time>
    </ksState>
    <ksState>
      <x>-299.23479510376245</x>
      <y>45.496146945399836</y>
      <steeringAngle>0.0</steeringAngle>
      <velocity>8.0</velocity>
      <orientation>-5.518307415578795</orientation>
      <time>66</time>
    </ksState>
    <ksState>
      <x>-298.6576215704483</x>
      <y>46.05010607064441</y>
      <steeringAngle>0.0</steeringAngle>
      <velocity>8.0</velocity>
      <orientation>-5.518307415578795</orientation>
      <time>67</time>
    </ksState>
    <ksState>
      <x>-298.08044803713426</x>
      <y>46.604065195888985</y>
      <steeringAngle>0.0</steeringAngle>
      <velocity>8.0</velocity>
      <orientation>-5.518307415578795</orientation>
      <time>68</time>
    </ksState>
    <ksState>
      <x>-297.50327450382014</x>
      <y>47.15802432113355</y>
      <steeringAngle>0.0</steeringAngle>
      <velocity>8.0</velocity>
      <orientation>-5.518307415578795</orientation>
      <time>69</time>
    </ksState>
    <ksState>
      <x>-296.92610097050607</x>
      <y>47.71198344637812</y>
      <steeringAngle>0.0</steeringAngle>
      <velocity>8.0</velocity>
      <orientation>-5.518307415578795</orientation>
      <time>70</time>
    </ksState>
    <ksState>
      <x>-296.348927437192</x>
      <y>48.26594257162269</y>
      <steeringAngle>0.0</steeringAngle>
      <velocity>8.0</velocity>
      <orientation>-5.518307415578795</orientation>
      <time>71</time>
    </ksState>
    <ksState>
      <x>-295.7717539038779</x>
      <y>48.81990169686726</y>
      <steeringAngle>0.0</steeringAngle>
      <velocity>8.0</velocity>
      <orientation>-5.518307415578795</orientation>
      <time>72</time>
    </ksState>
    <ksState>
      <x>-295.1945803705638</x>
      <y>49.37386082211183</y>
      <steeringAngle>0.0</steeringAngle>
      <velocity>8.0</velocity>
      <orientation>-5.518307415578795</orientation>
      <time>73</time>
    </ksState>
    <ksState>
      <x>-294.6174068372497</x>
      <y>49.927819947356404</y>
      <steeringAngle>0.0</steeringAngle>
      <velocity>8.0</velocity>
      <orientation>-5.518307415578795</orientation>
      <time>74</time>
    </ksState>
    <ksState>
      <x>-294.0402333039356</x>
      <y>50.48177907260098</y>
      <steeringAngle>0.0</steeringAngle>
      <velocity>8.0</velocity>
      <orientation>-5.518307415578795</orientation>
      <time>75</time>
    </ksState>
    <ksState>
      <x>-293.46305977062156</x>
      <y>51.035738197845546</y>
      <steeringAngle>0.0</steeringAngle>
      <velocity>8.0</velocity>
      <orientation>-5.518307415578795</orientation>
      <time>76</time>
    </ksState>
    <ksState>
      <x>-292.88588623730743</x>
      <y>51.58969732309012</y>
      <steeringAngle>0.0</steeringAngle>
      <velocity>8.0</velocity>
      <orientation>-5.518307415578795</orientation>
      <time>77</time>
    </ksState>
    <ksState>
      <x>-292.30871270399336</x>
      <y>52.14365644833469</y>
      <steeringAngle>0.0</steeringAngle>
      <velocity>8.0</velocity>
      <orientation>-5.518307415578795</orientation>
      <time>78</time>
    </ksState>
    <ksState>
      <x>-291.73153917067924</x>
      <y>52.69761557357926</y>
      <steeringAngle>0.0</steeringAngle>
      <velocity>8.0</velocity>
      <orientation>-5.518307415578795</orientation>
      <time>79</time>
    </ksState>
    <ksState>
      <x>-291.1543656373652</x>
      <y>53.25157469882384</y>
      <steeringAngle>0.0</steeringAngle>
      <velocity>8.0</velocity>
      <orientation>-5.518307415578795</orientation>
      <time>80</time>
    </ksState>
    <ksState>
      <x>-290.5771921040511</x>
      <y>53.805533824068405</y>
      <steeringAngle>0.0</steeringAngle>
      <velocity>8.0</velocity>
      <orientation>-5.518307415578795</orientation>
      <time>81</time>
    </ksState>
    <ksState>
      <x>-290.000018570737</x>
      <y>54.35949294931298</y>
      <steeringAngle>0.0</steeringAngle>
      <velocity>8.0</velocity>
      <orientation>-5.518307415578795</orientation>
      <time>82</time>
    </ksState>
    <ksState>
      <x>-289.4228450374229</x>
      <y>54.91345207455755</y>
      <steeringAngle>0.0</steeringAngle>
      <velocity>8.0</velocity>
      <orientation>-5.518307415578795</orientation>
      <time>83</time>
    </ksState>
    <ksState>
      <x>-288.8456715041088</x>
      <y>55.46741119980212</y>
      <steeringAngle>0.0</steeringAngle>
      <velocity>8.0</velocity>
      <orientation>-5.518307415578795</orientation>
      <time>84</time>
    </ksState>
    <ksState>
      <x>-288.2684979707947</x>
      <y>56.021370325046696</y>
      <steeringAngle>0.0</steeringAngle>
      <velocity>8.0</velocity>
      <orientation>-5.518307415578795</orientation>
      <time>85</time>
    </ksState>
    <ksState>
      <x>-287.69132443748066</x>
      <y>56.575329450291264</y>
      <steeringAngle>0.0</steeringAngle>
      <velocity>8.0</velocity>
      <orientation>-5.518307415578795</orientation>
      <time>86</time>
    </ksState>
    <ksState>
      <x>-287.11415090416654</x>
      <y>57.12928857553584</y>
      <steeringAngle>0.0</steeringAngle>
      <velocity>8.0</velocity>
      <orientation>-5.518307415578795</orientation>
      <time>87</time>
    </ksState>
    <ksState>
      <x>-286.53697737085247</x>
      <y>57.683247700780406</y>
      <steeringAngle>0.0</steeringAngle>
      <velocity>8.0</velocity>
      <orientation>-5.518307415578795</orientation>
      <time>88</time>
    </ksState>
    <ksState>
      <x>-285.95980383753835</x>
      <y>58.23720682602498</y>
      <steeringAngle>0.0</steeringAngle>
      <velocity>8.0</velocity>
      <orientation>-5.518307415578795</orientation>
      <time>89</time>
    </ksState>
    <ksState>
      <x>-285.3826303042243</x>
      <y>58.791165951269555</y>
      <steeringAngle>0.0</steeringAngle>
      <velocity>8.0</velocity>
      <orientation>-5.518307415578795</orientation>
      <time>90</time>
    </ksState>
    <ksState>
      <x>-284.8119226800753</x>
      <y>59.351827152806855</y>
      <steeringAngle>0.03553333333333333</steeringAngle>
      <velocity>8.0</velocity>
      <orientation>-5.512794880575956</orientation>
      <time>91</time>
    </ksState>
    <ksState>
      <x>-284.25846950046434</x>
      <y>59.929922864621155</y>
      <steeringAngle>0.07106666666666667</steeringAngle>
      <velocity>8.0</velocity>
      <orientation>-5.496243359695686</orientation>
      <time>92</time>
    </ksState>
    <ksState>
      <x>-283.72924709882153</x>
      <y>60.53106345734651</y>
      <steeringAngle>0.10659999999999997</steeringAngle>
      <velocity>8.0</velocity>
      <orientation>-5.4686108804049915</orientation>
      <time>93</time>
    </ksState>
    <ksState>
      <x>-283.2320362056685</x>
      <y>61.16008088292678</y>
      <steeringAngle>0.1421333333333333</steeringAngle>
      <velocity>8.0</velocity>
      <orientation>-5.429827028132256</orientation>
      <time>94</time>
    </ksState>
    <ksState>
      <x>-282.7755735313371</x>
      <y>61.820737513694695</y>
      <steeringAngle>0.17766666666666667</steeringAngle>
      <velocity>8.0</velocity>
      <orientation>-5.379792215883102</orientation>
      <time>95</time>
    </ksState>
    <ksState>
      <x>-282.3815177043046</x>
      <y>62.474841213155486</y>
      <steeringAngle>0.17766666666666667</steeringAngle>
      <velocity>7.2</velocity>
      <orientation>-5.326876288438724</orientation>
      <time>96</time>
    </ksState>
    <ksState>
      <x>-282.05870370602884</x>
      <y>63.07703821537997</y>
      <steeringAngle>0.17766666666666667</steeringAngle>
      <velocity>6.4</velocity>
      <orientation>-5.2795304586459135</orientation>
      <time>97</time>
    </ksState>
    <ksState>
      <x>-281.7978147229179</x>
      <y>63.620560607660316</y>
      <steeringAngle>0.17766666666666667</steeringAngle>
      <velocity>5.599999999999999</velocity>
      <orientation>-5.237754726490729</orientation>
      <time>98</time>
    </ksState>
    <ksState>
      <x>-281.59024106880946</x>
      <y>64.10007772981031</y>
      <steeringAngle>0.17766666666666667</steeringAngle>
      <velocity>4.799999999999999</velocity>
      <orientation>-5.201549091969214</orientation>
      <time>99</time>
    </ksState>
  </ksTrajectory>
</CommonRoadSolution>
