<?xml version="1.0" ?>
<CommonRoadSolution benchmark_id="KS2:SM1:ESP_Monzon-3_1_T-1:2020a" computation_time="11.997846458999447" date="2022-12-18T12:01:12">
  <ksTrajectory planningProblem="1">
    <ksState>
      <x>150.44526</x>
      <y>-314.12417</y>
      <steeringAngle>0.0</steeringAngle>
      <velocity>0.0</velocity>
      <orientation>2.3287345</orientation>
      <time>0</time>
    </ksState>
    <ksState>
      <x>150.41776297967976</x>
      <y>-314.0951198032423</y>
      <steeringAngle>0.0</steeringAngle>
      <velocity>0.8</velocity>
      <orientation>2.3287345</orientation>
      <time>1</time>
    </ksState>
    <ksState>
      <x>150.3352719195338</x>
      <y>-314.00796921383005</y>
      <steeringAngle>0.0</steeringAngle>
      <velocity>1.6</velocity>
      <orientation>2.3287345</orientation>
      <time>2</time>
    </ksState>
    <ksState>
      <x>150.1977868196824</x>
      <y>-313.8627182318903</y>
      <steeringAngle>0.0</steeringAngle>
      <velocity>2.4000000000000004</velocity>
      <orientation>2.3287345</orientation>
      <time>3</time>
    </ksState>
    <ksState>
      <x>150.00530768016202</x>
      <y>-313.65936685746163</y>
      <steeringAngle>0.0</steeringAngle>
      <velocity>3.2000000000000006</velocity>
      <orientation>2.3287345</orientation>
      <time>4</time>
    </ksState>
    <ksState>
      <x>149.75783450098763</x>
      <y>-313.3979150905597</y>
      <steeringAngle>0.0</steeringAngle>
      <velocity>4.000000000000001</velocity>
      <orientation>2.3287345</orientation>
      <time>5</time>
    </ksState>
    <ksState>
      <x>149.45893788636116</x>
      <y>-313.0749933922962</y>
      <steeringAngle>-0.035533333333333326</steeringAngle>
      <velocity>4.799999999999999</velocity>
      <orientation>2.325610721330809</orientation>
      <time>6</time>
    </ksState>
    <ksState>
      <x>149.11579406935974</x>
      <y>-312.68399678591135</y>
      <steeringAngle>-0.07106666666666667</steeringAngle>
      <velocity>5.599999999999998</velocity>
      <orientation>2.3147601102696362</orientation>
      <time>7</time>
    </ksState>
    <ksState>
      <x>148.73578218532302</x>
      <y>-312.2187760230003</y>
      <steeringAngle>-0.10659999999999999</steeringAngle>
      <velocity>6.3999999999999995</velocity>
      <orientation>2.293943161269308</orientation>
      <time>8</time>
    </ksState>
    <ksState>
      <x>148.32966372496026</x>
      <y>-311.6714307003028</y>
      <steeringAngle>-0.14213333333333333</steeringAngle>
      <velocity>7.199999999999999</velocity>
      <orientation>2.260883590288143</orientation>
      <time>9</time>
    </ksState>
    <ksState>
      <x>147.91271079233695</x>
      <y>-311.03257290212656</y>
      <steeringAngle>-0.17766666666666664</steeringAngle>
      <velocity>7.9999999999999964</velocity>
      <orientation>2.2132562682065964</orientation>
      <time>10</time>
    </ksState>
    <ksState>
      <x>147.5161949509771</x>
      <y>-310.33336754581217</y>
      <steeringAngle>-0.17766666666666667</steeringAngle>
      <velocity>8.0</velocity>
      <orientation>2.1575552918960845</orientation>
      <time>11</time>
    </ksState>
    <ksState>
      <x>147.15922032839302</x>
      <y>-309.61317165524446</y>
      <steeringAngle>-0.17766666666666667</steeringAngle>
      <velocity>8.0</velocity>
      <orientation>2.1018543155855727</orientation>
      <time>12</time>
    </ksState>
    <ksState>
      <x>146.84289420775016</x>
      <y>-308.8742191597516</y>
      <steeringAngle>-0.17766666666666667</steeringAngle>
      <velocity>8.0</velocity>
      <orientation>2.0461533392750613</orientation>
      <time>13</time>
    </ksState>
    <ksState>
      <x>146.56819776829875</x>
      <y>-308.1188021396173</y>
      <steeringAngle>-0.17766666666666667</steeringAngle>
      <velocity>8.0</velocity>
      <orientation>1.9904523629645494</orientation>
      <time>14</time>
    </ksState>
    <ksState>
      <x>146.33598306272654</x>
      <y>-307.3492637439739</y>
      <steeringAngle>-0.17766666666666667</steeringAngle>
      <velocity>8.0</velocity>
      <orientation>1.9347513866540376</orientation>
      <time>15</time>
    </ksState>
    <ksState>
      <x>146.14697040056743</x>
      <y>-306.56799096427943</y>
      <steeringAngle>-0.17766666666666667</steeringAngle>
      <velocity>8.0</velocity>
      <orientation>1.8790504103435257</orientation>
      <time>16</time>
    </ksState>
    <ksState>
      <x>146.00174602219644</x>
      <y>-305.7774070775941</y>
      <steeringAngle>-0.17766666666666667</steeringAngle>
      <velocity>8.0</velocity>
      <orientation>1.823349434033014</orientation>
      <time>17</time>
    </ksState>
    <ksState>
      <x>145.90076039605935</x>
      <y>-304.97996434704237</y>
      <steeringAngle>-0.17766666666666667</steeringAngle>
      <velocity>8.0</velocity>
      <orientation>1.7676484577225025</orientation>
      <time>18</time>
    </ksState>
    <ksState>
      <x>145.84432675900874</x>
      <y>-304.17813627771255</y>
      <steeringAngle>-0.17766666666666667</steeringAngle>
      <velocity>8.0</velocity>
      <orientation>1.7119474814119906</orientation>
      <time>19</time>
    </ksState>
    <ksState>
      <x>145.83262015712953</x>
      <y>-303.3744099764596</y>
      <steeringAngle>-0.17766666666666667</steeringAngle>
      <velocity>8.0</velocity>
      <orientation>1.6562465051014787</orientation>
      <time>20</time>
    </ksState>
    <ksState>
      <x>145.86567691667503</x>
      <y>-302.57127848448806</y>
      <steeringAngle>-0.17766666666666667</steeringAngle>
      <velocity>8.0</velocity>
      <orientation>1.600545528790967</orientation>
      <time>21</time>
    </ksState>
    <ksState>
      <x>145.94339448517184</x>
      <y>-301.77123287234673</y>
      <steeringAngle>-0.17766666666666667</steeringAngle>
      <velocity>8.0</velocity>
      <orientation>1.5448445524804553</orientation>
      <time>22</time>
    </ksState>
    <ksState>
      <x>146.06553180103847</x>
      <y>-300.976754753536</y>
      <steeringAngle>-0.17766666666666667</steeringAngle>
      <velocity>8.0</velocity>
      <orientation>1.4891435761699436</orientation>
      <time>23</time>
    </ksState>
    <ksState>
      <x>146.23171001916262</x>
      <y>-300.19030843751887</y>
      <steeringAngle>-0.17766666666666667</steeringAngle>
      <velocity>8.0</velocity>
      <orientation>1.4334425998594318</orientation>
      <time>24</time>
    </ksState>
    <ksState>
      <x>146.44141368911642</x>
      <y>-299.4143333202237</y>
      <steeringAngle>-0.17766666666666667</steeringAngle>
      <velocity>8.0</velocity>
      <orientation>1.37774162354892</orientation>
      <time>25</time>
    </ksState>
    <ksState>
      <x>146.69399235439369</x>
      <y>-298.6512363666229</y>
      <steeringAngle>-0.17766666666666667</steeringAngle>
      <velocity>8.0</velocity>
      <orientation>1.322040647238408</orientation>
      <time>26</time>
    </ksState>
    <ksState>
      <x>146.98866257286875</x>
      <y>-297.903384466643</y>
      <steeringAngle>-0.17766666666666667</steeringAngle>
      <velocity>8.0</velocity>
      <orientation>1.2663396709278965</orientation>
      <time>27</time>
    </ksState>
    <ksState>
      <x>147.32451033032058</x>
      <y>-297.1730973388565</y>
      <steeringAngle>-0.17766666666666667</steeringAngle>
      <velocity>8.0</velocity>
      <orientation>1.2106386946173848</orientation>
      <time>28</time>
    </ksState>
    <ksState>
      <x>147.70049389533358</x>
      <y>-296.46264018533066</y>
      <steeringAngle>-0.17766666666666667</steeringAngle>
      <velocity>8.0</velocity>
      <orientation>1.154937718306873</orientation>
      <time>29</time>
    </ksState>
    <ksState>
      <x>148.11544704410463</x>
      <y>-295.77421669925667</y>
      <steeringAngle>-0.17766666666666667</steeringAngle>
      <velocity>8.0</velocity>
      <orientation>1.0992367419963611</orientation>
      <time>30</time>
    </ksState>
    <ksState>
      <x>148.55230064036365</x>
      <y>-295.147042548176</y>
      <steeringAngle>-0.21320000000000014</steeringAngle>
      <velocity>7.200000000000003</velocity>
      <orientation>1.0409874149248683</orientation>
      <time>31</time>
    </ksState>
    <ksState>
      <x>148.9880046276603</x>
      <y>-294.61782310319575</y>
      <steeringAngle>-0.24873333333333347</steeringAngle>
      <velocity>6.400000000000004</velocity>
      <orientation>0.979070327439089</orientation>
      <time>32</time>
    </ksState>
    <ksState>
      <x>149.4111278692708</x>
      <y>-294.1831909498432</y>
      <steeringAngle>-0.2842666666666668</steeringAngle>
      <velocity>5.600000000000001</velocity>
      <orientation>0.9156481846751678</orientation>
      <time>33</time>
    </ksState>
  </ksTrajectory>
</CommonRoadSolution>
