<?xml version="1.0" ?>
<CommonRoadSolution benchmark_id="KS2:SM1:DEU_Guetersloh-18_1_T-1:2020a" computation_time="2.5875531619999492" date="2022-12-18T12:01:12">
  <ksTrajectory planningProblem="1">
    <ksState>
      <x>-835.07196</x>
      <y>-890.53059</y>
      <steeringAngle>0.0</steeringAngle>
      <velocity>8.0</velocity>
      <orientation>2.8540198</orientation>
      <time>0</time>
    </ksState>
    <ksState>
      <x>-835.8391080801783</x>
      <y>-890.3036895304573</y>
      <steeringAngle>0.0</steeringAngle>
      <velocity>8.0</velocity>
      <orientation>2.8540198</orientation>
      <time>1</time>
    </ksState>
    <ksState>
      <x>-836.6062561603567</x>
      <y>-890.0767890609147</y>
      <steeringAngle>0.0</steeringAngle>
      <velocity>8.0</velocity>
      <orientation>2.8540198</orientation>
      <time>2</time>
    </ksState>
    <ksState>
      <x>-837.373404240535</x>
      <y>-889.8498885913721</y>
      <steeringAngle>0.0</steeringAngle>
      <velocity>8.0</velocity>
      <orientation>2.8540198</orientation>
      <time>3</time>
    </ksState>
    <ksState>
      <x>-838.1405523207134</x>
      <y>-889.6229881218294</y>
      <steeringAngle>0.0</steeringAngle>
      <velocity>8.0</velocity>
      <orientation>2.8540198</orientation>
      <time>4</time>
    </ksState>
    <ksState>
      <x>-838.9077004008917</x>
      <y>-889.3960876522867</y>
      <steeringAngle>0.0</steeringAngle>
      <velocity>8.0</velocity>
      <orientation>2.8540198</orientation>
      <time>5</time>
    </ksState>
    <ksState>
      <x>-839.6389136602829</x>
      <y>-889.1887963408752</y>
      <steeringAngle>0.03553333333333333</steeringAngle>
      <velocity>7.199999999999999</velocity>
      <orientation>2.8591648129824923</orientation>
      <time>6</time>
    </ksState>
    <ksState>
      <x>-840.2985393449317</x>
      <y>-889.0224814859632</y>
      <steeringAngle>0.07106666666666664</steeringAngle>
      <velocity>6.400000000000001</velocity>
      <orientation>2.8731414851034556</orientation>
      <time>7</time>
    </ksState>
    <ksState>
      <x>-840.886036338526</x>
      <y>-888.897295055374</y>
      <steeringAngle>0.10659999999999997</steeringAngle>
      <velocity>5.600000000000004</velocity>
      <orientation>2.893773252969337</orientation>
      <time>8</time>
    </ksState>
    <ksState>
      <x>-841.3999544465031</x>
      <y>-888.8105295211259</y>
      <steeringAngle>0.1421333333333333</steeringAngle>
      <velocity>4.800000000000003</velocity>
      <orientation>2.918889460477985</orientation>
      <time>9</time>
    </ksState>
    <ksState>
      <x>-841.838414515224</x>
      <y>-888.7571893505378</y>
      <steeringAngle>0.17766666666666653</steeringAngle>
      <velocity>4.000000000000006</velocity>
      <orientation>2.946314357063135</orientation>
      <time>10</time>
    </ksState>
    <ksState>
      <x>-842.2790930509636</x>
      <y>-888.7213166460491</y>
      <steeringAngle>0.17766666666666667</steeringAngle>
      <velocity>4.800000000000002</velocity>
      <orientation>2.9769498941054695</orientation>
      <time>11</time>
    </ksState>
    <ksState>
      <x>-842.8010126384142</x>
      <y>-888.6963479573234</y>
      <steeringAngle>0.17766666666666667</steeringAngle>
      <velocity>5.600000000000001</velocity>
      <orientation>3.0131555287820095</orientation>
      <time>12</time>
    </ksState>
    <ksState>
      <x>-843.4038819686989</x>
      <y>-888.6910347745335</y>
      <steeringAngle>0.17766666666666667</steeringAngle>
      <velocity>6.3999999999999995</velocity>
      <orientation>3.0549312610916495</orientation>
      <time>13</time>
    </ksState>
    <ksState>
      <x>-844.0867097485382</x>
      <y>-888.7154548022194</y>
      <steeringAngle>0.17766666666666667</steeringAngle>
      <velocity>7.200000000000002</velocity>
      <orientation>3.1022770910337463</orientation>
      <time>14</time>
    </ksState>
    <ksState>
      <x>-844.8475261049643</x>
      <y>-888.7809538439697</y>
      <steeringAngle>0.17766666666666667</steeringAngle>
      <velocity>8.0</velocity>
      <orientation>3.1551930186078962</orientation>
      <time>15</time>
    </ksState>
    <ksState>
      <x>-845.6440686850297</x>
      <y>-888.8837154501431</y>
      <steeringAngle>0.14213333333333336</steeringAngle>
      <velocity>8.0</velocity>
      <orientation>3.2052278301566446</orientation>
      <time>16</time>
    </ksState>
    <ksState>
      <x>-846.4366248344091</x>
      <y>-889.005785346546</y>
      <steeringAngle>0.1066000000000001</steeringAngle>
      <velocity>8.0</velocity>
      <orientation>3.244011682163642</orientation>
      <time>17</time>
    </ksState>
    <ksState>
      <x>-847.2265559188727</x>
      <y>-889.1383436962828</y>
      <steeringAngle>0.07106666666666674</steeringAngle>
      <velocity>8.0</velocity>
      <orientation>3.271644161193329</orientation>
      <time>18</time>
    </ksState>
    <ksState>
      <x>-848.0155563420276</x>
      <y>-889.272704483677</y>
      <steeringAngle>0.035533333333333354</steeringAngle>
      <velocity>8.0</velocity>
      <orientation>3.288195681822358</orientation>
      <time>19</time>
    </ksState>
    <ksState>
      <x>-848.8053718078056</x>
      <y>-889.4002303058195</y>
      <steeringAngle>2.0816681711721685e-17</steeringAngle>
      <velocity>8.0</velocity>
      <orientation>3.293708208280763</orientation>
      <time>20</time>
    </ksState>
    <ksState>
      <x>-849.5578802501971</x>
      <y>-889.5068772121313</y>
      <steeringAngle>-0.03553333333333333</steeringAngle>
      <velocity>7.199999999999999</velocity>
      <orientation>3.288563195298271</orientation>
      <time>21</time>
    </ksState>
    <ksState>
      <x>-850.2339232815273</x>
      <y>-889.582590451411</y>
      <steeringAngle>-0.07106666666666664</steeringAngle>
      <velocity>6.400000000000001</velocity>
      <orientation>3.2745865231773075</orientation>
      <time>22</time>
    </ksState>
    <ksState>
      <x>-850.8329442200269</x>
      <y>-889.627292522115</y>
      <steeringAngle>-0.10659999999999997</steeringAngle>
      <velocity>5.600000000000004</velocity>
      <orientation>3.253954755311426</orientation>
      <time>23</time>
    </ksState>
    <ksState>
      <x>-851.3538717892585</x>
      <y>-889.6438619896562</y>
      <steeringAngle>-0.1421333333333333</steeringAngle>
      <velocity>4.800000000000003</velocity>
      <orientation>3.228838547802778</orientation>
      <time>24</time>
    </ksState>
    <ksState>
      <x>-851.7955186631256</x>
      <y>-889.637502393398</y>
      <steeringAngle>-0.17766666666666653</steeringAngle>
      <velocity>4.000000000000006</velocity>
      <orientation>3.201413651217628</orientation>
      <time>25</time>
    </ksState>
    <ksState>
      <x>-852.1970410049986</x>
      <y>-889.6118298040839</y>
      <steeringAngle>-0.21319999999999995</steeringAngle>
      <velocity>4.0</velocity>
      <orientation>3.1707058685801277</orientation>
      <time>26</time>
    </ksState>
    <ksState>
      <x>-852.5975573116833</x>
      <y>-889.5644797223074</y>
      <steeringAngle>-0.24873333333333336</steeringAngle>
      <velocity>4.0</velocity>
      <orientation>3.1342270274574333</orientation>
      <time>27</time>
    </ksState>
    <ksState>
      <x>-852.9956510472405</x>
      <y>-889.4930446438221</y>
      <steeringAngle>-0.2842666666666667</steeringAngle>
      <velocity>4.0</velocity>
      <orientation>3.0918797936119855</orientation>
      <time>28</time>
    </ksState>
    <ksState>
      <x>-853.3894611167999</x>
      <y>-889.3951574508501</y>
      <steeringAngle>-0.31980000000000003</steeringAngle>
      <velocity>4.0</velocity>
      <orientation>3.0435491122448504</orientation>
      <time>29</time>
    </ksState>
    <ksState>
      <x>-853.7766262852558</x>
      <y>-889.2685443313858</y>
      <steeringAngle>-0.35533333333333333</steeringAngle>
      <velocity>4.0</velocity>
      <orientation>2.989100911066572</orientation>
      <time>30</time>
    </ksState>
    <ksState>
      <x>-854.1542300712372</x>
      <y>-889.1110952867924</y>
      <steeringAngle>-0.39086666666666653</steeringAngle>
      <velocity>4.0</velocity>
      <orientation>2.928380544760585</orientation>
      <time>31</time>
    </ksState>
    <ksState>
      <x>-854.5187486978346</x>
      <y>-888.9209551931373</y>
      <steeringAngle>-0.42639999999999995</steeringAngle>
      <velocity>4.0</velocity>
      <orientation>2.861210931304181</orientation>
      <time>32</time>
    </ksState>
    <ksState>
      <x>-854.866006090186</x>
      <y>-888.6966390066996</y>
      <steeringAngle>-0.4619333333333333</steeringAngle>
      <velocity>4.0</velocity>
      <orientation>2.7873903476718374</orientation>
      <time>33</time>
    </ksState>
  </ksTrajectory>
</CommonRoadSolution>
