<?xml version="1.0" ?>
<CommonRoadSolution benchmark_id="KS2:SM1:ESP_Monzon-6_1_T-1:2020a" computation_time="2.156619963000594" date="2022-12-18T12:01:12">
  <ksTrajectory planningProblem="1">
    <ksState>
      <x>258.02657</x>
      <y>-518.65347</y>
      <steeringAngle>0.0</steeringAngle>
      <velocity>4.0</velocity>
      <orientation>0.94555391</orientation>
      <time>0</time>
    </ksState>
    <ksState>
      <x>258.2641617037937</x>
      <y>-518.3316563969117</y>
      <steeringAngle>-0.035533333333333326</steeringAngle>
      <velocity>4.0</velocity>
      <orientation>0.9427976354673996</orientation>
      <time>1</time>
    </ksState>
    <ksState>
      <x>258.5098591930218</x>
      <y>-518.0157986592627</y>
      <steeringAngle>-0.07106666666666711</steeringAngle>
      <velocity>4.0</velocity>
      <orientation>0.9345218749241142</orientation>
      <time>2</time>
    </ksState>
    <ksState>
      <x>258.7653360516532</x>
      <y>-517.7074026203949</y>
      <steeringAngle>-0.10660000000000043</steeringAngle>
      <velocity>4.0</velocity>
      <orientation>0.9207056351049774</orientation>
      <time>3</time>
    </ksState>
    <ksState>
      <x>259.0321626151862</x>
      <y>-517.408154548551</y>
      <steeringAngle>-0.14213333333333378</steeringAngle>
      <velocity>4.0</velocity>
      <orientation>0.9013137087194315</orientation>
      <time>4</time>
    </ksState>
    <ksState>
      <x>259.3117763132856</x>
      <y>-517.1199511788428</y>
      <steeringAngle>-0.1776666666666672</steeringAngle>
      <velocity>4.0</velocity>
      <orientation>0.8762963022680341</orientation>
      <time>5</time>
    </ksState>
    <ksState>
      <x>259.57559818245744</x>
      <y>-516.8719329816245</y>
      <steeringAngle>-0.21319999999999997</steeringAngle>
      <velocity>3.2</velocity>
      <orientation>0.8487547567045994</orientation>
      <time>6</time>
    </ksState>
    <ksState>
      <x>259.7900906392887</x>
      <y>-516.6883800317016</y>
      <steeringAngle>-0.24873333333333342</steeringAngle>
      <velocity>2.4000000000000004</velocity>
      <orientation>0.82331652631795</orientation>
      <time>7</time>
    </ksState>
    <ksState>
      <x>259.9493228451585</x>
      <y>-516.5637218037042</y>
      <steeringAngle>-0.2842666666666668</steeringAngle>
      <velocity>1.600000000000001</velocity>
      <orientation>0.8022416265273703</orientation>
      <time>8</time>
    </ksState>
    <ksState>
      <x>260.0479639145316</x>
      <y>-516.4923874584365</y>
      <steeringAngle>-0.3197999999999999</steeringAngle>
      <velocity>0.8000000000000007</velocity>
      <orientation>0.7878431992266659</orientation>
      <time>9</time>
    </ksState>
    <ksState>
      <x>260.08162592564463</x>
      <y>-516.4694834232072</y>
      <steeringAngle>-0.3553333333333332</steeringAngle>
      <velocity>5.551115123125783e-16</velocity>
      <orientation>0.7825015575909365</orientation>
      <time>10</time>
    </ksState>
    <ksState>
      <x>260.08162592564463</x>
      <y>-516.4694834232072</y>
      <steeringAngle>-0.3198</steeringAngle>
      <velocity>0.0</velocity>
      <orientation>0.7825015575909365</orientation>
      <time>11</time>
    </ksState>
    <ksState>
      <x>260.08162592564463</x>
      <y>-516.4694834232072</y>
      <steeringAngle>-0.2842666666666666</steeringAngle>
      <velocity>0.0</velocity>
      <orientation>0.7825015575909365</orientation>
      <time>12</time>
    </ksState>
    <ksState>
      <x>260.08162592564463</x>
      <y>-516.4694834232072</y>
      <steeringAngle>-0.24873333333333333</steeringAngle>
      <velocity>0.0</velocity>
      <orientation>0.7825015575909365</orientation>
      <time>13</time>
    </ksState>
    <ksState>
      <x>260.08162592564463</x>
      <y>-516.4694834232072</y>
      <steeringAngle>-0.21320000000000003</steeringAngle>
      <velocity>0.0</velocity>
      <orientation>0.7825015575909365</orientation>
      <time>14</time>
    </ksState>
    <ksState>
      <x>260.08162592564463</x>
      <y>-516.4694834232072</y>
      <steeringAngle>-0.1776666666666667</steeringAngle>
      <velocity>0.0</velocity>
      <orientation>0.7825015575909365</orientation>
      <time>15</time>
    </ksState>
    <ksState>
      <x>260.1124390080261</x>
      <y>-516.4437483219456</y>
      <steeringAngle>-0.14213333333333333</steeringAngle>
      <velocity>0.8</velocity>
      <orientation>0.7800940603801341</orientation>
      <time>16</time>
    </ksState>
    <ksState>
      <x>260.20370478345745</x>
      <y>-516.365408601694</y>
      <steeringAngle>-0.10660000000000001</steeringAngle>
      <velocity>1.6</velocity>
      <orientation>0.7743697737597994</orientation>
      <time>17</time>
    </ksState>
    <ksState>
      <x>260.35394141791284</x>
      <y>-516.2330314401266</y>
      <steeringAngle>-0.07106666666666664</steeringAngle>
      <velocity>2.4000000000000004</velocity>
      <orientation>0.7675542599968207</orientation>
      <time>18</time>
    </ksState>
    <ksState>
      <x>260.56166314202557</x>
      <y>-516.0450986953769</y>
      <steeringAngle>-0.03553333333333332</steeringAngle>
      <velocity>3.1999999999999993</velocity>
      <orientation>0.761853339283891</orientation>
      <time>19</time>
    </ksState>
    <ksState>
      <x>260.8248858285834</x>
      <y>-515.7994845423867</y>
      <steeringAngle>2.6020852139652106e-18</steeringAngle>
      <velocity>3.999999999999999</velocity>
      <orientation>0.759464587695564</orientation>
      <time>20</time>
    </ksState>
    <ksState>
      <x>261.0884902478432</x>
      <y>-515.5542842469798</y>
      <steeringAngle>-0.03553333333333333</steeringAngle>
      <velocity>3.2</velocity>
      <orientation>0.7570758393157715</orientation>
      <time>21</time>
    </ksState>
    <ksState>
      <x>261.2980466535992</x>
      <y>-515.3684073357983</y>
      <steeringAngle>-0.07106666666666668</steeringAngle>
      <velocity>2.4</velocity>
      <orientation>0.7513749243099749</orientation>
      <time>22</time>
    </ksState>
    <ksState>
      <x>261.4512248570582</x>
      <y>-515.2394522426132</y>
      <steeringAngle>-0.10660000000000003</steeringAngle>
      <velocity>1.5999999999999994</velocity>
      <orientation>0.7445593905652433</orientation>
      <time>23</time>
    </ksState>
    <ksState>
      <x>261.54519403286594</x>
      <y>-515.1643801919274</y>
      <steeringAngle>-0.14213333333333342</steeringAngle>
      <velocity>0.7999999999999988</velocity>
      <orientation>0.7388351290787637</orientation>
      <time>24</time>
    </ksState>
    <ksState>
      <x>261.57709912756604</x>
      <y>-515.1400124728839</y>
      <steeringAngle>-0.17766666666666675</steeringAngle>
      <velocity>-1.5265566588595902e-15</velocity>
      <orientation>0.7364276346042078</orientation>
      <time>25</time>
    </ksState>
    <ksState>
      <x>261.57709912756604</x>
      <y>-515.1400124728839</y>
      <steeringAngle>-0.14213333333333336</steeringAngle>
      <velocity>0.0</velocity>
      <orientation>0.7364276346042078</orientation>
      <time>26</time>
    </ksState>
    <ksState>
      <x>261.57709912756604</x>
      <y>-515.1400124728839</y>
      <steeringAngle>-0.10660000000000001</steeringAngle>
      <velocity>0.0</velocity>
      <orientation>0.7364276346042078</orientation>
      <time>27</time>
    </ksState>
    <ksState>
      <x>261.57709912756604</x>
      <y>-515.1400124728839</y>
      <steeringAngle>-0.07106666666666668</steeringAngle>
      <velocity>0.0</velocity>
      <orientation>0.7364276346042078</orientation>
      <time>28</time>
    </ksState>
    <ksState>
      <x>261.57709912756604</x>
      <y>-515.1400124728839</y>
      <steeringAngle>-0.03553333333333333</steeringAngle>
      <velocity>0.0</velocity>
      <orientation>0.7364276346042078</orientation>
      <time>29</time>
    </ksState>
    <ksState>
      <x>261.57709912756604</x>
      <y>-515.1400124728839</y>
      <steeringAngle>-0.0</steeringAngle>
      <velocity>0.0</velocity>
      <orientation>0.7364276346042078</orientation>
      <time>30</time>
    </ksState>
    <ksState>
      <x>261.57709912756604</x>
      <y>-515.1400124728839</y>
      <steeringAngle>0.0</steeringAngle>
      <velocity>0.0</velocity>
      <orientation>0.7364276346042078</orientation>
      <time>31</time>
    </ksState>
    <ksState>
      <x>261.57709912756604</x>
      <y>-515.1400124728839</y>
      <steeringAngle>0.0</steeringAngle>
      <velocity>0.0</velocity>
      <orientation>0.7364276346042078</orientation>
      <time>32</time>
    </ksState>
    <ksState>
      <x>261.57709912756604</x>
      <y>-515.1400124728839</y>
      <steeringAngle>0.0</steeringAngle>
      <velocity>0.0</velocity>
      <orientation>0.7364276346042078</orientation>
      <time>33</time>
    </ksState>
  </ksTrajectory>
</CommonRoadSolution>
