<?xml version="1.0" ?>
<CommonRoadSolution benchmark_id="KS2:SM1:ESP_Almansa-2_1_T-1:2020a" computation_time="4.143604181999763" date="2022-12-18T12:01:12">
  <ksTrajectory planningProblem="1">
    <ksState>
      <x>-222.03216</x>
      <y>482.33042</y>
      <steeringAngle>0.0</steeringAngle>
      <velocity>12.0</velocity>
      <orientation>-1.111371</orientation>
      <time>0</time>
    </ksState>
    <ksState>
      <x>-221.50500242879602</x>
      <y>481.2970812051999</y>
      <steeringAngle>0.03553333333333333</steeringAngle>
      <velocity>11.200000000000001</velocity>
      <orientation>-1.103469726227656</orientation>
      <time>1</time>
    </ksState>
    <ksState>
      <x>-220.98086302148482</x>
      <y>480.3523343067043</y>
      <steeringAngle>0.07106666666666667</steeringAngle>
      <velocity>10.400000000000007</velocity>
      <orientation>-1.0812172954291661</orientation>
      <time>2</time>
    </ksState>
    <ksState>
      <x>-220.4536671226739</x>
      <y>479.50130329979237</y>
      <steeringAngle>0.10660000000000001</steeringAngle>
      <velocity>9.60000000000001</velocity>
      <orientation>-1.0467692845444945</orientation>
      <time>3</time>
    </ksState>
    <ksState>
      <x>-219.92249558235522</x>
      <y>478.74764479736825</y>
      <steeringAngle>0.14213333333333344</steeringAngle>
      <velocity>8.800000000000008</velocity>
      <orientation>-1.0022611524236495</orientation>
      <time>4</time>
    </ksState>
    <ksState>
      <x>-219.3907883510456</x>
      <y>478.09329992359426</y>
      <steeringAngle>0.17766666666666675</steeringAngle>
      <velocity>8.000000000000009</velocity>
      <orientation>-0.9498188546086681</orientation>
      <time>5</time>
    </ksState>
    <ksState>
      <x>-218.8724109800561</x>
      <y>477.53257133888275</y>
      <steeringAngle>0.17766666666666667</steeringAngle>
      <velocity>7.2</velocity>
      <orientation>-0.8969029271642908</orientation>
      <time>6</time>
    </ksState>
    <ksState>
      <x>-218.38403061064562</x>
      <y>477.0547275131975</y>
      <steeringAngle>0.17766666666666667</steeringAngle>
      <velocity>6.4</velocity>
      <orientation>-0.8495570973714796</orientation>
      <time>7</time>
    </ksState>
    <ksState>
      <x>-217.93474342102118</x>
      <y>476.65270677535165</y>
      <steeringAngle>0.17766666666666667</steeringAngle>
      <velocity>5.599999999999999</velocity>
      <orientation>-0.8077813652162948</orientation>
      <time>8</time>
    </ksState>
    <ksState>
      <x>-217.53206821381832</x>
      <y>476.31972604044483</y>
      <steeringAngle>0.17766666666666667</steeringAngle>
      <velocity>4.799999999999999</velocity>
      <orientation>-0.7715757306947804</orientation>
      <time>9</time>
    </ksState>
    <ksState>
      <x>-217.18211327890248</x>
      <y>476.0495113701845</y>
      <steeringAngle>0.17766666666666667</steeringAngle>
      <velocity>4.0</velocity>
      <orientation>-0.7409401938054503</orientation>
      <time>10</time>
    </ksState>
    <ksState>
      <x>-216.88723613681427</x>
      <y>475.839362670739</y>
      <steeringAngle>0.21319999999999997</steeringAngle>
      <velocity>3.2</velocity>
      <orientation>-0.7133986482420156</orientation>
      <time>11</time>
    </ksState>
    <ksState>
      <x>-216.64993635256306</x>
      <y>475.6864329095503</y>
      <steeringAngle>0.24873333333333342</steeringAngle>
      <velocity>2.4000000000000004</velocity>
      <orientation>-0.6879604178553662</orientation>
      <time>12</time>
    </ksState>
    <ksState>
      <x>-216.4753388130465</x>
      <y>475.58440218678305</y>
      <steeringAngle>0.2842666666666668</steeringAngle>
      <velocity>1.600000000000001</velocity>
      <orientation>-0.6668855180647865</orientation>
      <time>13</time>
    </ksState>
    <ksState>
      <x>-216.36797389729537</x>
      <y>475.5270312512184</y>
      <steeringAngle>0.3197999999999999</steeringAngle>
      <velocity>0.8000000000000007</velocity>
      <orientation>-0.6524870907640821</orientation>
      <time>14</time>
    </ksState>
    <ksState>
      <x>-216.3315290380271</x>
      <y>475.5088791699361</y>
      <steeringAngle>0.3553333333333332</steeringAngle>
      <velocity>5.551115123125783e-16</velocity>
      <orientation>-0.6471454491283527</orientation>
      <time>15</time>
    </ksState>
    <ksState>
      <x>-216.3315290380271</x>
      <y>475.5088791699361</y>
      <steeringAngle>0.3198</steeringAngle>
      <velocity>0.0</velocity>
      <orientation>-0.6471454491283527</orientation>
      <time>16</time>
    </ksState>
    <ksState>
      <x>-216.3315290380271</x>
      <y>475.5088791699361</y>
      <steeringAngle>0.2842666666666666</steeringAngle>
      <velocity>0.0</velocity>
      <orientation>-0.6471454491283527</orientation>
      <time>17</time>
    </ksState>
    <ksState>
      <x>-216.3315290380271</x>
      <y>475.5088791699361</y>
      <steeringAngle>0.24873333333333333</steeringAngle>
      <velocity>0.0</velocity>
      <orientation>-0.6471454491283527</orientation>
      <time>18</time>
    </ksState>
    <ksState>
      <x>-216.3315290380271</x>
      <y>475.5088791699361</y>
      <steeringAngle>0.21320000000000003</steeringAngle>
      <velocity>0.0</velocity>
      <orientation>-0.6471454491283527</orientation>
      <time>19</time>
    </ksState>
    <ksState>
      <x>-216.3315290380271</x>
      <y>475.5088791699361</y>
      <steeringAngle>0.1776666666666667</steeringAngle>
      <velocity>0.0</velocity>
      <orientation>-0.6471454491283527</orientation>
      <time>20</time>
    </ksState>
    <ksState>
      <x>-216.3315290380271</x>
      <y>475.5088791699361</y>
      <steeringAngle>0.14213333333333336</steeringAngle>
      <velocity>0.0</velocity>
      <orientation>-0.6471454491283527</orientation>
      <time>21</time>
    </ksState>
    <ksState>
      <x>-216.3315290380271</x>
      <y>475.5088791699361</y>
      <steeringAngle>0.10660000000000001</steeringAngle>
      <velocity>0.0</velocity>
      <orientation>-0.6471454491283527</orientation>
      <time>22</time>
    </ksState>
    <ksState>
      <x>-216.3315290380271</x>
      <y>475.5088791699361</y>
      <steeringAngle>0.07106666666666668</steeringAngle>
      <velocity>0.0</velocity>
      <orientation>-0.6471454491283527</orientation>
      <time>23</time>
    </ksState>
    <ksState>
      <x>-216.3315290380271</x>
      <y>475.5088791699361</y>
      <steeringAngle>0.03553333333333333</steeringAngle>
      <velocity>0.0</velocity>
      <orientation>-0.6471454491283527</orientation>
      <time>24</time>
    </ksState>
    <ksState>
      <x>-216.3315290380271</x>
      <y>475.5088791699361</y>
      <steeringAngle>0.0</steeringAngle>
      <velocity>0.0</velocity>
      <orientation>-0.6471454491283527</orientation>
      <time>25</time>
    </ksState>
    <ksState>
      <x>-216.3315290380271</x>
      <y>475.5088791699361</y>
      <steeringAngle>0.0</steeringAngle>
      <velocity>0.0</velocity>
      <orientation>-0.6471454491283527</orientation>
      <time>26</time>
    </ksState>
    <ksState>
      <x>-216.3315290380271</x>
      <y>475.5088791699361</y>
      <steeringAngle>0.0</steeringAngle>
      <velocity>0.0</velocity>
      <orientation>-0.6471454491283527</orientation>
      <time>27</time>
    </ksState>
    <ksState>
      <x>-216.3315290380271</x>
      <y>475.5088791699361</y>
      <steeringAngle>0.0</steeringAngle>
      <velocity>0.0</velocity>
      <orientation>-0.6471454491283527</orientation>
      <time>28</time>
    </ksState>
    <ksState>
      <x>-216.3315290380271</x>
      <y>475.5088791699361</y>
      <steeringAngle>0.0</steeringAngle>
      <velocity>0.0</velocity>
      <orientation>-0.6471454491283527</orientation>
      <time>29</time>
    </ksState>
    <ksState>
      <x>-216.3315290380271</x>
      <y>475.5088791699361</y>
      <steeringAngle>0.0</steeringAngle>
      <velocity>0.0</velocity>
      <orientation>-0.6471454491283527</orientation>
      <time>30</time>
    </ksState>
    <ksState>
      <x>-216.3315290380271</x>
      <y>475.5088791699361</y>
      <steeringAngle>0.0</steeringAngle>
      <velocity>0.0</velocity>
      <orientation>-0.6471454491283527</orientation>
      <time>31</time>
    </ksState>
    <ksState>
      <x>-216.3315290380271</x>
      <y>475.5088791699361</y>
      <steeringAngle>0.0</steeringAngle>
      <velocity>0.0</velocity>
      <orientation>-0.6471454491283527</orientation>
      <time>32</time>
    </ksState>
    <ksState>
      <x>-216.3315290380271</x>
      <y>475.5088791699361</y>
      <steeringAngle>0.0</steeringAngle>
      <velocity>0.0</velocity>
      <orientation>-0.6471454491283527</orientation>
      <time>33</time>
    </ksState>
  </ksTrajectory>
</CommonRoadSolution>
