<?xml version="1.0" ?>
<CommonRoadSolution benchmark_id="KS2:SM1:BEL_Wervik-1_4_T-1:2020a" computation_time="1.0755162489999748" date="2022-12-18T12:01:12">
  <ksTrajectory planningProblem="1">
    <ksState>
      <x>83.586002</x>
      <y>966.79291</y>
      <steeringAngle>0.0</steeringAngle>
      <velocity>0.0</velocity>
      <orientation>-1.1529978</orientation>
      <time>0</time>
    </ksState>
    <ksState>
      <x>83.60271523290378</x>
      <y>966.7565652648584</y>
      <steeringAngle>0.03553333333333333</steeringAngle>
      <velocity>0.8</velocity>
      <orientation>-1.1526302682217582</orientation>
      <time>1</time>
    </ksState>
    <ksState>
      <x>83.65491749613759</x>
      <y>966.6484532088624</y>
      <steeringAngle>0.0710666666666667</steeringAngle>
      <velocity>1.6</velocity>
      <orientation>-1.1500554216297725</orientation>
      <time>2</time>
    </ksState>
    <ksState>
      <x>83.74627841812121</x>
      <y>966.4702642522411</y>
      <steeringAngle>0.10660000000000003</steeringAngle>
      <velocity>2.4000000000000004</velocity>
      <orientation>-1.1430547173929353</orientation>
      <time>3</time>
    </ksState>
    <ksState>
      <x>83.88171957982478</x>
      <y>966.2244410756944</y>
      <steeringAngle>0.14213333333333342</steeringAngle>
      <velocity>3.2000000000000015</velocity>
      <orientation>-1.129387076452115</orientation>
      <time>4</time>
    </ksState>
    <ksState>
      <x>84.06797252224578</x>
      <y>965.9147166642069</y>
      <steeringAngle>0.17766666666666683</steeringAngle>
      <velocity>4.0000000000000036</velocity>
      <orientation>-1.106777160578895</orientation>
      <time>5</time>
    </ksState>
    <ksState>
      <x>84.2910476402652</x>
      <y>965.5798782485704</y>
      <steeringAngle>0.21319999999999995</steeringAngle>
      <velocity>4.0</velocity>
      <orientation>-1.0760693779413948</orientation>
      <time>6</time>
    </ksState>
    <ksState>
      <x>84.53239017266505</x>
      <y>965.2567542410759</y>
      <steeringAngle>0.24873333333333336</steeringAngle>
      <velocity>4.0</velocity>
      <orientation>-1.0395905368187006</orientation>
      <time>7</time>
    </ksState>
    <ksState>
      <x>84.7933762245766</x>
      <y>964.9477754822011</y>
      <steeringAngle>0.2842666666666667</steeringAngle>
      <velocity>4.0</velocity>
      <orientation>-0.9972433029732525</orientation>
      <time>8</time>
    </ksState>
    <ksState>
      <x>85.0751245579056</x>
      <y>964.6557375564097</y>
      <steeringAngle>0.31980000000000003</steeringAngle>
      <velocity>4.0</velocity>
      <orientation>-0.9489126216061174</orientation>
      <time>9</time>
    </ksState>
    <ksState>
      <x>85.37842296598849</x>
      <y>964.3838224495463</y>
      <steeringAngle>0.35533333333333333</steeringAngle>
      <velocity>4.0</velocity>
      <orientation>-0.894464420427839</orientation>
      <time>10</time>
    </ksState>
    <ksState>
      <x>85.72882424263575</x>
      <y>964.1044706311652</y>
      <steeringAngle>0.31979999999999975</steeringAngle>
      <velocity>4.800000000000001</velocity>
      <orientation>-0.8346745853960904</orientation>
      <time>11</time>
    </ksState>
    <ksState>
      <x>86.15427649514895</x>
      <y>963.7925016132755</y>
      <steeringAngle>0.28426666666666645</steeringAngle>
      <velocity>5.600000000000004</velocity>
      <orientation>-0.7719454852647669</orientation>
      <time>12</time>
    </ksState>
    <ksState>
      <x>86.65833531614385</x>
      <y>963.454828400096</y>
      <steeringAngle>0.2487333333333331</steeringAngle>
      <velocity>6.400000000000004</velocity>
      <orientation>-0.708523348572091</orientation>
      <time>13</time>
    </ksState>
    <ksState>
      <x>87.24360551370577</x>
      <y>963.0976628770316</y>
      <steeringAngle>0.21319999999999992</steeringAngle>
      <velocity>7.200000000000004</velocity>
      <orientation>-0.6466062598942921</orientation>
      <time>14</time>
    </ksState>
    <ksState>
      <x>87.9115491305255</x>
      <y>962.72581871142</y>
      <steeringAngle>0.17766666666666656</steeringAngle>
      <velocity>8.000000000000004</velocity>
      <orientation>-0.5883569302933268</orientation>
      <time>15</time>
    </ksState>
    <ksState>
      <x>88.59927653740061</x>
      <y>962.3923228431082</y>
      <steeringAngle>0.21320000000000014</steeringAngle>
      <velocity>7.200000000000003</velocity>
      <orientation>-0.5301076032218339</orientation>
      <time>16</time>
    </ksState>
    <ksState>
      <x>89.23810666868938</x>
      <y>962.1437122060692</y>
      <steeringAngle>0.24873333333333347</steeringAngle>
      <velocity>6.400000000000004</velocity>
      <orientation>-0.46819051573605464</orientation>
      <time>17</time>
    </ksState>
    <ksState>
      <x>89.81971445634201</x>
      <y>961.9714601591708</y>
      <steeringAngle>0.2842666666666668</steeringAngle>
      <velocity>5.600000000000001</velocity>
      <orientation>-0.40476837297213347</orientation>
      <time>18</time>
    </ksState>
    <ksState>
      <x>90.33622861465736</x>
      <y>961.8645677342914</y>
      <steeringAngle>0.3198</steeringAngle>
      <velocity>4.800000000000002</velocity>
      <orientation>-0.34203927323018085</orientation>
      <time>19</time>
    </ksState>
    <ksState>
      <x>90.78094693064499</x>
      <y>961.8101680996934</y>
      <steeringAngle>0.3553333333333332</steeringAngle>
      <velocity>4.000000000000001</velocity>
      <orientation>-0.2822494391819661</orientation>
      <time>20</time>
    </ksState>
    <ksState>
      <x>91.1875534088847</x>
      <y>961.7844219767326</y>
      <steeringAngle>0.31979999999999986</steeringAngle>
      <velocity>4.0</velocity>
      <orientation>-0.22780123998858648</orientation>
      <time>21</time>
    </ksState>
    <ksState>
      <x>91.59319535848755</x>
      <y>961.7710682609129</y>
      <steeringAngle>0.28426666666666656</steeringAngle>
      <velocity>4.0</velocity>
      <orientation>-0.1794705605073292</orientation>
      <time>22</time>
    </ksState>
    <ksState>
      <x>91.99769237747635</x>
      <y>961.7677036565113</y>
      <steeringAngle>0.2487333333333332</steeringAngle>
      <velocity>4.0</velocity>
      <orientation>-0.13712332678445413</orientation>
      <time>23</time>
    </ksState>
    <ksState>
      <x>92.40102503972449</x>
      <y>961.771987054388</y>
      <steeringAngle>0.21319999999999986</steeringAngle>
      <velocity>4.0</velocity>
      <orientation>-0.10064448571082638</orientation>
      <time>24</time>
    </ksState>
    <ksState>
      <x>92.80329312427885</x>
      <y>961.7816316862966</y>
      <steeringAngle>0.1776666666666665</steeringAngle>
      <velocity>4.0</velocity>
      <orientation>-0.06993670306199859</orientation>
      <time>25</time>
    </ksState>
    <ksState>
      <x>93.16456065328902</x>
      <y>961.7928004247964</y>
      <steeringAngle>0.1421333333333333</steeringAngle>
      <velocity>3.1999999999999993</velocity>
      <orientation>-0.047326788088556275</orientation>
      <time>26</time>
    </ksState>
    <ksState>
      <x>93.44511978660063</x>
      <y>961.8009856861313</y>
      <steeringAngle>0.10659999999999997</steeringAngle>
      <velocity>2.3999999999999977</velocity>
      <orientation>-0.033659147217848934</orientation>
      <time>27</time>
    </ksState>
    <ksState>
      <x>93.64533014183435</x>
      <y>961.8049562469381</y>
      <steeringAngle>0.07106666666666664</steeringAngle>
      <velocity>1.5999999999999976</velocity>
      <orientation>-0.026658441364629797</orientation>
      <time>28</time>
    </ksState>
    <ksState>
      <x>93.76538482892657</x>
      <y>961.8055903587502</y>
      <steeringAngle>0.0355333333333333</steeringAngle>
      <velocity>0.7999999999999972</velocity>
      <orientation>-0.02408359689066253</orientation>
      <time>29</time>
    </ksState>
    <ksState>
      <x>93.80538593436125</x>
      <y>961.8051586362059</y>
      <steeringAngle>-2.5153490401663703e-17</steeringAngle>
      <velocity>-2.914335439641036e-15</velocity>
      <orientation>-0.023716085312131326</orientation>
      <time>30</time>
    </ksState>
    <ksState>
      <x>93.80538593436125</x>
      <y>961.8051586362059</y>
      <steeringAngle>0.0</steeringAngle>
      <velocity>0.0</velocity>
      <orientation>-0.023716085312131326</orientation>
      <time>31</time>
    </ksState>
    <ksState>
      <x>93.80538593436125</x>
      <y>961.8051586362059</y>
      <steeringAngle>0.0</steeringAngle>
      <velocity>0.0</velocity>
      <orientation>-0.023716085312131326</orientation>
      <time>32</time>
    </ksState>
    <ksState>
      <x>93.80538593436125</x>
      <y>961.8051586362059</y>
      <steeringAngle>0.0</steeringAngle>
      <velocity>0.0</velocity>
      <orientation>-0.023716085312131326</orientation>
      <time>33</time>
    </ksState>
  </ksTrajectory>
</CommonRoadSolution>
