<?xml version="1.0" ?>
<CommonRoadSolution benchmark_id="KS2:SM1:ITA_Siderno-2_4_T-1:2020a" computation_time="1.0831066549999377" date="2022-12-18T12:01:12">
  <ksTrajectory planningProblem="1">
    <ksState>
      <x>184.84206</x>
      <y>-612.51591</y>
      <steeringAngle>0.0</steeringAngle>
      <velocity>8.0</velocity>
      <orientation>-2.1273178</orientation>
      <time>0</time>
    </ksState>
    <ksState>
      <x>184.4273914347524</x>
      <y>-613.2000869918425</y>
      <steeringAngle>0.03553333333333333</steeringAngle>
      <velocity>8.0</velocity>
      <orientation>-2.1218052649971613</orientation>
      <time>1</time>
    </ksState>
    <ksState>
      <x>184.03374666562564</x>
      <y>-613.8969003598102</y>
      <steeringAngle>0.07106666666666667</steeringAngle>
      <velocity>8.0</velocity>
      <orientation>-2.105253744116892</orientation>
      <time>2</time>
    </ksState>
    <ksState>
      <x>183.66927093790235</x>
      <y>-614.6100650017572</y>
      <steeringAngle>0.10659999999999997</steeringAngle>
      <velocity>8.0</velocity>
      <orientation>-2.0776212648261967</orientation>
      <time>3</time>
    </ksState>
    <ksState>
      <x>183.34269687806105</x>
      <y>-615.3423429390136</y>
      <steeringAngle>0.1421333333333333</steeringAngle>
      <velocity>8.0</velocity>
      <orientation>-2.038837412553462</orientation>
      <time>4</time>
    </ksState>
    <ksState>
      <x>183.06341952251435</x>
      <y>-616.0952237499752</y>
      <steeringAngle>0.17766666666666667</steeringAngle>
      <velocity>8.0</velocity>
      <orientation>-1.9888026003043073</orientation>
      <time>5</time>
    </ksState>
    <ksState>
      <x>182.8347450314212</x>
      <y>-616.8231532582666</y>
      <steeringAngle>0.1421333333333334</steeringAngle>
      <velocity>7.2</velocity>
      <orientation>-1.9411752785586704</orientation>
      <time>6</time>
    </ksState>
    <ksState>
      <x>182.64375229171404</x>
      <y>-617.4774790720096</y>
      <steeringAngle>0.10660000000000011</steeringAngle>
      <velocity>6.4</velocity>
      <orientation>-1.9081157081107025</orientation>
      <time>7</time>
    </ksState>
    <ksState>
      <x>182.47952623354527</x>
      <y>-618.0553358955078</y>
      <steeringAngle>0.07106666666666674</steeringAngle>
      <velocity>5.600000000000001</velocity>
      <orientation>-1.887298759816814</orientation>
      <time>8</time>
    </ksState>
    <ksState>
      <x>182.3353556893679</x>
      <y>-618.5551959585615</y>
      <steeringAngle>0.03553333333333339</steeringAngle>
      <velocity>4.800000000000001</velocity>
      <orientation>-1.876448150159151</orientation>
      <time>9</time>
    </ksState>
    <ksState>
      <x>182.2080609508362</x>
      <y>-618.976405649941</y>
      <steeringAngle>5.5294310796760726e-17</steeringAngle>
      <velocity>4.0</velocity>
      <orientation>-1.8733243743219856</orientation>
      <time>10</time>
    </ksState>
    <ksState>
      <x>182.09729297151992</x>
      <y>-619.3189562731767</y>
      <steeringAngle>-0.03553333333333333</steeringAngle>
      <velocity>3.2</velocity>
      <orientation>-1.8757131227017783</orientation>
      <time>11</time>
    </ksState>
    <ksState>
      <x>182.00482826217004</x>
      <y>-619.5833695686604</y>
      <steeringAngle>-0.07106666666666668</steeringAngle>
      <velocity>2.4</velocity>
      <orientation>-1.8814140377075748</orientation>
      <time>12</time>
    </ksState>
    <ksState>
      <x>181.93387172340152</x>
      <y>-619.7706077797161</y>
      <steeringAngle>-0.10660000000000003</steeringAngle>
      <velocity>1.5999999999999994</velocity>
      <orientation>-1.8882295714523063</orientation>
      <time>13</time>
    </ksState>
    <ksState>
      <x>181.88837588125398</x>
      <y>-619.8819457657919</y>
      <steeringAngle>-0.14213333333333342</steeringAngle>
      <velocity>0.7999999999999988</velocity>
      <orientation>-1.893953832938786</orientation>
      <time>14</time>
    </ksState>
    <ksState>
      <x>181.87238258795168</x>
      <y>-619.9187687934859</y>
      <steeringAngle>-0.17766666666666675</steeringAngle>
      <velocity>-1.5265566588595902e-15</velocity>
      <orientation>-1.8963613274133417</orientation>
      <time>15</time>
    </ksState>
    <ksState>
      <x>181.85578357357446</x>
      <y>-619.9553771583251</y>
      <steeringAngle>-0.17766666666666667</steeringAngle>
      <velocity>0.7999999999999999</velocity>
      <orientation>-1.8991463762794778</orientation>
      <time>16</time>
    </ksState>
    <ksState>
      <x>181.8053758768834</x>
      <y>-620.064922952573</y>
      <steeringAngle>-0.17766666666666667</steeringAngle>
      <velocity>1.6000000000000005</velocity>
      <orientation>-1.9075015227953647</orientation>
      <time>17</time>
    </ksState>
    <ksState>
      <x>181.71933483542304</x>
      <y>-620.2465511149179</y>
      <steeringAngle>-0.17766666666666667</steeringAngle>
      <velocity>2.4000000000000017</velocity>
      <orientation>-1.9214267669488154</orientation>
      <time>18</time>
    </ksState>
    <ksState>
      <x>181.5946462795334</x>
      <y>-620.4987803001635</y>
      <steeringAngle>-0.17766666666666667</steeringAngle>
      <velocity>3.2000000000000024</velocity>
      <orientation>-1.9409221087361415</orientation>
      <time>19</time>
    </ksState>
    <ksState>
      <x>181.4271491314106</x>
      <y>-620.8194196023121</y>
      <steeringAngle>-0.17766666666666667</steeringAngle>
      <velocity>4.000000000000002</velocity>
      <orientation>-1.9659875481558338</orientation>
      <time>20</time>
    </ksState>
    <ksState>
      <x>181.2357062288865</x>
      <y>-621.1724372395861</y>
      <steeringAngle>-0.1421333333333333</steeringAngle>
      <velocity>4.0</velocity>
      <orientation>-1.991004954500357</orientation>
      <time>21</time>
    </ksState>
    <ksState>
      <x>181.04374726685515</x>
      <y>-621.5244573678154</y>
      <steeringAngle>-0.10659999999999999</steeringAngle>
      <velocity>4.0</velocity>
      <orientation>-2.0103968807911077</orientation>
      <time>22</time>
    </ksState>
    <ksState>
      <x>180.85312466742658</x>
      <y>-621.8766705497975</y>
      <steeringAngle>-0.07106666666666664</steeringAngle>
      <velocity>4.0</velocity>
      <orientation>-2.0242131205260607</orientation>
      <time>23</time>
    </ksState>
    <ksState>
      <x>180.66569475768515</x>
      <y>-622.2302410125604</y>
      <steeringAngle>-0.03553333333333332</steeringAngle>
      <velocity>4.0</velocity>
      <orientation>-2.032488880988326</orientation>
      <time>24</time>
    </ksState>
    <ksState>
      <x>180.4833430228158</x>
      <y>-622.5862811098917</y>
      <steeringAngle>2.2985086056692694e-17</steeringAngle>
      <velocity>4.0</velocity>
      <orientation>-2.0352451442831665</orientation>
      <time>25</time>
    </ksState>
    <ksState>
      <x>180.2906465033977</x>
      <y>-622.9818637951153</y>
      <steeringAngle>0.035533333333333326</steeringAngle>
      <velocity>4.799999999999999</velocity>
      <orientation>-2.0321213656139756</orientation>
      <time>26</time>
    </ksState>
    <ksState>
      <x>180.0752884521036</x>
      <y>-623.4554109787132</y>
      <steeringAngle>0.07106666666666667</steeringAngle>
      <velocity>5.599999999999998</velocity>
      <orientation>-2.021270754552803</orientation>
      <time>27</time>
    </ksState>
    <ksState>
      <x>179.84611141580223</x>
      <y>-624.0106742282488</y>
      <steeringAngle>0.10659999999999999</steeringAngle>
      <velocity>6.3999999999999995</velocity>
      <orientation>-2.0004538055524748</orientation>
      <time>28</time>
    </ksState>
    <ksState>
      <x>179.61570226690102</x>
      <y>-624.6521028916471</y>
      <steeringAngle>0.14213333333333333</steeringAngle>
      <velocity>7.199999999999999</velocity>
      <orientation>-1.9673942345713098</orientation>
      <time>29</time>
    </ksState>
    <ksState>
      <x>179.40139594710303</x>
      <y>-625.3842653296405</y>
      <steeringAngle>0.17766666666666664</steeringAngle>
      <velocity>7.9999999999999964</velocity>
      <orientation>-1.9197669124897632</orientation>
      <time>30</time>
    </ksState>
    <ksState>
      <x>179.24047480919737</x>
      <y>-626.1314553106516</y>
      <steeringAngle>0.21320000000000014</steeringAngle>
      <velocity>7.200000000000003</velocity>
      <orientation>-1.8615175854182704</orientation>
      <time>31</time>
    </ksState>
    <ksState>
      <x>179.15042442379908</x>
      <y>-626.811015546084</y>
      <steeringAngle>0.24873333333333347</steeringAngle>
      <velocity>6.400000000000004</velocity>
      <orientation>-1.7996004979324909</orientation>
      <time>32</time>
    </ksState>
    <ksState>
      <x>179.12098737050664</x>
      <y>-627.4168800905263</y>
      <steeringAngle>0.2842666666666668</steeringAngle>
      <velocity>5.600000000000001</velocity>
      <orientation>-1.7361783551685699</orientation>
      <time>33</time>
    </ksState>
  </ksTrajectory>
</CommonRoadSolution>
