<?xml version="1.0" ?>
<CommonRoadSolution benchmark_id="KS2:SM1:RUS_Bicycle-6_1_T-1:2020a" computation_time="3.6812833249998675" date="2022-11-29T11:36:54">
  <ksTrajectory planningProblem="11">
    <ksState>
      <x>2.5</x>
      <y>20.0</y>
      <steeringAngle>0.0</steeringAngle>
      <velocity>8.0</velocity>
      <orientation>0.0</orientation>
      <time>0</time>
    </ksState>
    <ksState>
      <x>3.2599791800428743</x>
      <y>20.008611875380847</y>
      <steeringAngle>0.03553333333333333</steeringAngle>
      <velocity>7.199999999999999</velocity>
      <orientation>0.0051450129824923245</orientation>
      <time>1</time>
    </ksState>
    <ksState>
      <x>3.939688550400332</x>
      <y>20.03621344527872</y>
      <steeringAngle>0.07106666666666664</steeringAngle>
      <velocity>6.400000000000001</velocity>
      <orientation>0.019121685103455435</orientation>
      <time>2</time>
    </ksState>
    <ksState>
      <x>4.538566113684744</x>
      <y>20.082796962541842</y>
      <steeringAngle>0.10659999999999997</steeringAngle>
      <velocity>5.600000000000004</velocity>
      <orientation>0.0397534529693368</orientation>
      <time>3</time>
    </ksState>
    <ksState>
      <x>5.055989151640482</x>
      <y>20.14535477126985</y>
      <steeringAngle>0.1421333333333333</steeringAngle>
      <velocity>4.800000000000003</velocity>
      <orientation>0.06486966047798506</orientation>
      <time>4</time>
    </ksState>
    <ksState>
      <x>5.491572538772987</x>
      <y>20.218563503776753</y>
      <steeringAngle>0.17766666666666653</steeringAngle>
      <velocity>4.000000000000006</velocity>
      <orientation>0.09229455706313487</orientation>
      <time>5</time>
    </ksState>
    <ksState>
      <x>5.885624349235943</x>
      <y>20.295990939638813</y>
      <steeringAngle>0.1421333333333333</steeringAngle>
      <velocity>4.0</velocity>
      <orientation>0.11731196340765818</orientation>
      <time>6</time>
    </ksState>
    <ksState>
      <x>6.278877994254134</x>
      <y>20.374208485386532</y>
      <steeringAngle>0.10659999999999999</steeringAngle>
      <velocity>4.0</velocity>
      <orientation>0.13670388969840874</orientation>
      <time>7</time>
    </ksState>
    <ksState>
      <x>6.671917285942226</x>
      <y>20.451092919208218</y>
      <steeringAngle>0.07106666666666664</steeringAngle>
      <velocity>4.0</velocity>
      <orientation>0.15052012943336168</orientation>
      <time>8</time>
    </ksState>
    <ksState>
      <x>7.065299734743853</x>
      <y>20.52452514768376</y>
      <steeringAngle>0.03553333333333332</steeringAngle>
      <velocity>4.0</velocity>
      <orientation>0.15879588989562704</orientation>
      <time>9</time>
    </ksState>
    <ksState>
      <x>7.459524641854678</x>
      <y>20.59237371974703</y>
      <steeringAngle>-2.2985086056692694e-17</steeringAngle>
      <velocity>4.0</velocity>
      <orientation>0.1615521531904674</orientation>
      <time>10</time>
    </ksState>
    <ksState>
      <x>7.85431616505811</x>
      <y>20.656713856572445</y>
      <steeringAngle>0.0</steeringAngle>
      <velocity>4.0</velocity>
      <orientation>0.1615521531904674</orientation>
      <time>11</time>
    </ksState>
    <ksState>
      <x>8.249107688261544</x>
      <y>20.72105399339786</y>
      <steeringAngle>0.0</steeringAngle>
      <velocity>4.0</velocity>
      <orientation>0.1615521531904674</orientation>
      <time>12</time>
    </ksState>
    <ksState>
      <x>8.643899211464978</x>
      <y>20.785394130223274</y>
      <steeringAngle>0.0</steeringAngle>
      <velocity>4.0</velocity>
      <orientation>0.1615521531904674</orientation>
      <time>13</time>
    </ksState>
    <ksState>
      <x>9.03869073466841</x>
      <y>20.84973426704869</y>
      <steeringAngle>0.0</steeringAngle>
      <velocity>4.0</velocity>
      <orientation>0.1615521531904674</orientation>
      <time>14</time>
    </ksState>
    <ksState>
      <x>9.433482257871844</x>
      <y>20.914074403874103</y>
      <steeringAngle>0.0</steeringAngle>
      <velocity>4.0</velocity>
      <orientation>0.1615521531904674</orientation>
      <time>15</time>
    </ksState>
    <ksState>
      <x>9.867752934409909</x>
      <y>20.98484855454736</y>
      <steeringAngle>0.0</steeringAngle>
      <velocity>4.8</velocity>
      <orientation>0.1615521531904674</orientation>
      <time>16</time>
    </ksState>
    <ksState>
      <x>10.380981915633289</x>
      <y>21.068490732592974</y>
      <steeringAngle>0.0</steeringAngle>
      <velocity>5.6</velocity>
      <orientation>0.1615521531904674</orientation>
      <time>17</time>
    </ksState>
    <ksState>
      <x>10.973169201526213</x>
      <y>21.165000938008372</y>
      <steeringAngle>0.0</steeringAngle>
      <velocity>6.4</velocity>
      <orientation>0.1615521531904674</orientation>
      <time>18</time>
    </ksState>
    <ksState>
      <x>11.644314792079413</x>
      <y>21.274379170792045</y>
      <steeringAngle>0.0</steeringAngle>
      <velocity>7.199999999999999</velocity>
      <orientation>0.1615521531904674</orientation>
      <time>19</time>
    </ksState>
    <ksState>
      <x>12.394418687287141</x>
      <y>21.39662543094306</y>
      <steeringAngle>0.0</steeringAngle>
      <velocity>7.999999999999998</velocity>
      <orientation>0.1615521531904674</orientation>
      <time>20</time>
    </ksState>
  </ksTrajectory>
</CommonRoadSolution>
