<?xml version="1.0" ?>
<CommonRoadSolution benchmark_id="KS2:SM1:DEU_Ibbenbueren-16_3_T-1:2020a" computation_time="0.8906726920004076" date="2022-12-18T12:01:12">
  <ksTrajectory planningProblem="1">
    <ksState>
      <x>66.855099</x>
      <y>-874.18115</y>
      <steeringAngle>0.0</steeringAngle>
      <velocity>4.0</velocity>
      <orientation>1.1680335</orientation>
      <time>0</time>
    </ksState>
    <ksState>
      <x>67.01582708204008</x>
      <y>-873.8148437121918</y>
      <steeringAngle>-0.035533333333333326</steeringAngle>
      <velocity>4.0</velocity>
      <orientation>1.1652772254673995</orientation>
      <time>1</time>
    </ksState>
    <ksState>
      <x>67.18577532330907</x>
      <y>-873.4525579659424</y>
      <steeringAngle>-0.07106666666666711</steeringAngle>
      <velocity>4.0</velocity>
      <orientation>1.157001464924114</orientation>
      <time>2</time>
    </ksState>
    <ksState>
      <x>67.36690831978667</x>
      <y>-873.0953922065639</y>
      <steeringAngle>-0.10660000000000043</steeringAngle>
      <velocity>4.0</velocity>
      <orientation>1.1431852251049772</orientation>
      <time>3</time>
    </ksState>
    <ksState>
      <x>67.56112977645255</x>
      <y>-872.7446446487966</y>
      <steeringAngle>-0.14213333333333378</steeringAngle>
      <velocity>4.0</velocity>
      <orientation>1.1237932987194315</orientation>
      <time>4</time>
    </ksState>
    <ksState>
      <x>67.77026020739599</x>
      <y>-872.4018481124526</y>
      <steeringAngle>-0.1776666666666672</steeringAngle>
      <velocity>4.0</velocity>
      <orientation>1.0987758922680342</orientation>
      <time>5</time>
    </ksState>
    <ksState>
      <x>67.97285483450551</x>
      <y>-872.1017307656178</y>
      <steeringAngle>-0.21319999999999997</steeringAngle>
      <velocity>3.2</velocity>
      <orientation>1.0712343467045995</orientation>
      <time>6</time>
    </ksState>
    <ksState>
      <x>68.14156003289499</x>
      <y>-871.875374286808</y>
      <steeringAngle>-0.24873333333333342</steeringAngle>
      <velocity>2.4000000000000004</velocity>
      <orientation>1.04579611631795</orientation>
      <time>7</time>
    </ksState>
    <ksState>
      <x>68.26936200976658</x>
      <y>-871.7186540778322</y>
      <steeringAngle>-0.2842666666666668</steeringAngle>
      <velocity>1.600000000000001</velocity>
      <orientation>1.0247212165273702</orientation>
      <time>8</time>
    </ksState>
    <ksState>
      <x>68.34983206931666</x>
      <y>-871.6273128554964</y>
      <steeringAngle>-0.3197999999999999</steeringAngle>
      <velocity>0.8000000000000007</velocity>
      <orientation>1.010322789226666</orientation>
      <time>9</time>
    </ksState>
    <ksState>
      <x>68.37761067662154</x>
      <y>-871.5975458469438</y>
      <steeringAngle>-0.3553333333333332</steeringAngle>
      <velocity>5.551115123125783e-16</velocity>
      <orientation>1.0049811475909367</orientation>
      <time>10</time>
    </ksState>
    <ksState>
      <x>68.37761067662154</x>
      <y>-871.5975458469438</y>
      <steeringAngle>-0.3198</steeringAngle>
      <velocity>0.0</velocity>
      <orientation>1.0049811475909367</orientation>
      <time>11</time>
    </ksState>
    <ksState>
      <x>68.37761067662154</x>
      <y>-871.5975458469438</y>
      <steeringAngle>-0.2842666666666666</steeringAngle>
      <velocity>0.0</velocity>
      <orientation>1.0049811475909367</orientation>
      <time>12</time>
    </ksState>
    <ksState>
      <x>68.37761067662154</x>
      <y>-871.5975458469438</y>
      <steeringAngle>-0.24873333333333333</steeringAngle>
      <velocity>0.0</velocity>
      <orientation>1.0049811475909367</orientation>
      <time>13</time>
    </ksState>
    <ksState>
      <x>68.37761067662154</x>
      <y>-871.5975458469438</y>
      <steeringAngle>-0.21320000000000003</steeringAngle>
      <velocity>0.0</velocity>
      <orientation>1.0049811475909367</orientation>
      <time>14</time>
    </ksState>
    <ksState>
      <x>68.37761067662154</x>
      <y>-871.5975458469438</y>
      <steeringAngle>-0.1776666666666667</steeringAngle>
      <velocity>0.0</velocity>
      <orientation>1.0049811475909367</orientation>
      <time>15</time>
    </ksState>
    <ksState>
      <x>68.4019859005489</x>
      <y>-871.5656461613453</y>
      <steeringAngle>-0.14213333333333333</steeringAngle>
      <velocity>0.8</velocity>
      <orientation>1.0025736503801341</orientation>
      <time>16</time>
    </ksState>
    <ksState>
      <x>68.4737167151841</x>
      <y>-871.4690995727677</y>
      <steeringAngle>-0.10660000000000001</steeringAngle>
      <velocity>1.6</velocity>
      <orientation>0.9968493637597996</orientation>
      <time>17</time>
    </ksState>
    <ksState>
      <x>68.59104165828437</x>
      <y>-871.3068355380478</y>
      <steeringAngle>-0.07106666666666664</steeringAngle>
      <velocity>2.4000000000000004</velocity>
      <orientation>0.9900338499968209</orientation>
      <time>18</time>
    </ksState>
    <ksState>
      <x>68.75217660360707</x>
      <y>-871.0777011656515</y>
      <steeringAngle>-0.03553333333333332</steeringAngle>
      <velocity>3.1999999999999993</velocity>
      <orientation>0.9843329292838912</orientation>
      <time>19</time>
    </ksState>
    <ksState>
      <x>68.95471726537347</x>
      <y>-870.7800608202698</y>
      <steeringAngle>2.6020852139652106e-18</steeringAngle>
      <velocity>3.999999999999999</velocity>
      <orientation>0.9819441776955642</orientation>
      <time>20</time>
    </ksState>
    <ksState>
      <x>69.15466373461703</x>
      <y>-870.4806924707451</y>
      <steeringAngle>0.0</steeringAngle>
      <velocity>3.2</velocity>
      <orientation>0.9819441776955642</orientation>
      <time>21</time>
    </ksState>
    <ksState>
      <x>69.31017765495638</x>
      <y>-870.2478504213896</y>
      <steeringAngle>0.0</steeringAngle>
      <velocity>2.4000000000000004</velocity>
      <orientation>0.9819441776955642</orientation>
      <time>22</time>
    </ksState>
    <ksState>
      <x>69.42125902644808</x>
      <y>-870.0815346721181</y>
      <steeringAngle>0.0</steeringAngle>
      <velocity>1.6</velocity>
      <orientation>0.9819441776955642</orientation>
      <time>23</time>
    </ksState>
    <ksState>
      <x>69.4879078491147</x>
      <y>-869.9817452228973</y>
      <steeringAngle>0.0</steeringAngle>
      <velocity>0.7999999999999998</velocity>
      <orientation>0.9819441776955642</orientation>
      <time>24</time>
    </ksState>
    <ksState>
      <x>69.51012412298563</x>
      <y>-869.948482073683</y>
      <steeringAngle>0.0</steeringAngle>
      <velocity>-3.3306690738754696e-16</velocity>
      <orientation>0.9819441776955642</orientation>
      <time>25</time>
    </ksState>
    <ksState>
      <x>69.53234039781316</x>
      <y>-869.9152189230364</y>
      <steeringAngle>0.0</steeringAngle>
      <velocity>0.8</velocity>
      <orientation>0.9819441776955642</orientation>
      <time>26</time>
    </ksState>
    <ksState>
      <x>69.5989892216375</x>
      <y>-869.8154294720821</y>
      <steeringAngle>0.0</steeringAngle>
      <velocity>1.6</velocity>
      <orientation>0.9819441776955642</orientation>
      <time>27</time>
    </ksState>
    <ksState>
      <x>69.71007059436141</x>
      <y>-869.6491137209658</y>
      <steeringAngle>0.0</steeringAngle>
      <velocity>2.4000000000000004</velocity>
      <orientation>0.9819441776955642</orientation>
      <time>28</time>
    </ksState>
    <ksState>
      <x>69.86558451595548</x>
      <y>-869.4162716697316</y>
      <steeringAngle>0.0</steeringAngle>
      <velocity>3.2000000000000006</velocity>
      <orientation>0.9819441776955642</orientation>
      <time>29</time>
    </ksState>
    <ksState>
      <x>70.06553098640764</x>
      <y>-869.1169033183974</y>
      <steeringAngle>0.0</steeringAngle>
      <velocity>4.000000000000001</velocity>
      <orientation>0.9819441776955642</orientation>
      <time>30</time>
    </ksState>
    <ksState>
      <x>70.26241489014298</x>
      <y>-868.8154946204955</y>
      <steeringAngle>0.03553333333333333</steeringAngle>
      <velocity>3.2</velocity>
      <orientation>0.9843329260753567</orientation>
      <time>31</time>
    </ksState>
    <ksState>
      <x>70.41001331984991</x>
      <y>-868.5774214870853</y>
      <steeringAngle>0.07106666666666668</steeringAngle>
      <velocity>2.4</velocity>
      <orientation>0.9900338410811533</orientation>
      <time>32</time>
    </ksState>
    <ksState>
      <x>70.51108860660685</x>
      <y>-868.4045725227253</y>
      <steeringAngle>0.10660000000000003</steeringAngle>
      <velocity>1.5999999999999994</velocity>
      <orientation>0.9968493748258849</orientation>
      <time>33</time>
    </ksState>
  </ksTrajectory>
</CommonRoadSolution>
