<?xml version="1.0" ?>
<CommonRoadSolution benchmark_id="KS2:SM1:ITA_Siderno-4_3_T-1:2020a" computation_time="0.8775139560002572" date="2022-12-18T12:01:12">
  <ksTrajectory planningProblem="1">
    <ksState>
      <x>315.75691</x>
      <y>1066.8724</y>
      <steeringAngle>0.0</steeringAngle>
      <velocity>0.0</velocity>
      <orientation>-0.77616709</orientation>
      <time>0</time>
    </ksState>
    <ksState>
      <x>315.7858245262739</x>
      <y>1066.844755432777</y>
      <steeringAngle>0.03553333333333333</steeringAngle>
      <velocity>0.8</velocity>
      <orientation>-0.775799558221758</orientation>
      <time>1</time>
    </ksState>
    <ksState>
      <x>315.87414662255105</x>
      <y>1066.7634381514176</y>
      <steeringAngle>0.0710666666666667</steeringAngle>
      <velocity>1.6</velocity>
      <orientation>-0.7732247116297724</orientation>
      <time>2</time>
    </ksState>
    <ksState>
      <x>316.02466640663016</x>
      <y>1066.631370301703</y>
      <steeringAngle>0.10660000000000003</steeringAngle>
      <velocity>2.4000000000000004</velocity>
      <orientation>-0.7662240073929352</orientation>
      <time>3</time>
    </ksState>
    <ksState>
      <x>316.24106129291516</x>
      <y>1066.4526341956673</y>
      <steeringAngle>0.14213333333333342</steeringAngle>
      <velocity>3.2000000000000015</velocity>
      <orientation>-0.752556366452115</orientation>
      <time>4</time>
    </ksState>
    <ksState>
      <x>316.52821686070047</x>
      <y>1066.2331779368783</y>
      <steeringAngle>0.17766666666666683</steeringAngle>
      <velocity>4.0000000000000036</velocity>
      <orientation>-0.7299464505788948</orientation>
      <time>5</time>
    </ksState>
    <ksState>
      <x>316.85885233125765</x>
      <y>1066.003919439817</y>
      <steeringAngle>0.21319999999999995</steeringAngle>
      <velocity>4.0</velocity>
      <orientation>-0.6992386679413947</orientation>
      <time>6</time>
    </ksState>
    <ksState>
      <x>317.20216287857306</x>
      <y>1065.7922753747773</y>
      <steeringAngle>0.24873333333333336</steeringAngle>
      <velocity>4.0</velocity>
      <orientation>-0.6627598268187004</orientation>
      <time>7</time>
    </ksState>
    <ksState>
      <x>317.5585335645758</x>
      <y>1065.6010123964306</y>
      <steeringAngle>0.2842666666666667</steeringAngle>
      <velocity>4.0</velocity>
      <orientation>-0.6204125929732524</orientation>
      <time>8</time>
    </ksState>
    <ksState>
      <x>317.9279759475068</x>
      <y>1065.433141615386</y>
      <steeringAngle>0.31980000000000003</steeringAngle>
      <velocity>4.0</velocity>
      <orientation>-0.5720819116061173</orientation>
      <time>9</time>
    </ksState>
    <ksState>
      <x>318.3100516530695</x>
      <y>1065.291911643691</y>
      <steeringAngle>0.35533333333333333</steeringAngle>
      <velocity>4.0</velocity>
      <orientation>-0.5176337104278389</orientation>
      <time>10</time>
    </ksState>
    <ksState>
      <x>318.7037853942592</x>
      <y>1065.1807875604352</y>
      <steeringAngle>0.39086666666666653</steeringAngle>
      <velocity>4.0</velocity>
      <orientation>-0.4569133441218517</orientation>
      <time>11</time>
    </ksState>
    <ksState>
      <x>319.1075676213058</x>
      <y>1065.1034118699831</y>
      <steeringAngle>0.42639999999999995</steeringAngle>
      <velocity>4.0</velocity>
      <orientation>-0.3897437306654481</orientation>
      <time>12</time>
    </ksState>
    <ksState>
      <x>319.5190476989769</x>
      <y>1065.0635421606721</y>
      <steeringAngle>0.4619333333333333</steeringAngle>
      <velocity>4.0</velocity>
      <orientation>-0.3159231470331041</orientation>
      <time>13</time>
    </ksState>
    <ksState>
      <x>319.9350196944451</x>
      <y>1065.0649598510367</y>
      <steeringAngle>0.49746666666666667</steeringAngle>
      <velocity>4.0</velocity>
      <orientation>-0.23522260521988375</orientation>
      <time>14</time>
    </ksState>
    <ksState>
      <x>320.3513043591799</x>
      <y>1065.1113429670322</y>
      <steeringAngle>0.533</steeringAngle>
      <velocity>4.0</velocity>
      <orientation>-0.14738273862007512</orientation>
      <time>15</time>
    </ksState>
    <ksState>
      <x>320.72159161718815</x>
      <y>1065.189664641039</y>
      <steeringAngle>0.533</steeringAngle>
      <velocity>3.1999999999999997</velocity>
      <orientation>-0.06502887015582595</orientation>
      <time>16</time>
    </ksState>
    <ksState>
      <x>321.0043977230895</x>
      <y>1065.271491367672</y>
      <steeringAngle>0.533</steeringAngle>
      <velocity>2.3999999999999986</velocity>
      <orientation>-0.0009758614259346987</orientation>
      <time>17</time>
    </ksState>
    <ksState>
      <x>321.2029070145248</x>
      <y>1065.3409417694431</y>
      <steeringAngle>0.533</steeringAngle>
      <velocity>1.5999999999999988</velocity>
      <orientation>0.04477628759307628</orientation>
      <time>18</time>
    </ksState>
    <ksState>
      <x>321.3204145164872</x>
      <y>1065.3869451776218</y>
      <steeringAngle>0.533</steeringAngle>
      <velocity>0.7999999999999987</velocity>
      <orientation>0.07222757691040269</orientation>
      <time>19</time>
    </ksState>
    <ksState>
      <x>321.3592975890435</x>
      <y>1065.402994330078</y>
      <steeringAngle>0.533</steeringAngle>
      <velocity>-1.6653345369377348e-15</velocity>
      <orientation>0.08137800653816216</orientation>
      <time>20</time>
    </ksState>
    <ksState>
      <x>321.3592975890435</x>
      <y>1065.402994330078</y>
      <steeringAngle>0.49746666666666667</steeringAngle>
      <velocity>0.0</velocity>
      <orientation>0.08137800653816216</orientation>
      <time>21</time>
    </ksState>
    <ksState>
      <x>321.3592975890435</x>
      <y>1065.402994330078</y>
      <steeringAngle>0.4619333333333333</steeringAngle>
      <velocity>0.0</velocity>
      <orientation>0.08137800653816216</orientation>
      <time>22</time>
    </ksState>
    <ksState>
      <x>321.3592975890435</x>
      <y>1065.402994330078</y>
      <steeringAngle>0.42639999999999995</steeringAngle>
      <velocity>0.0</velocity>
      <orientation>0.08137800653816216</orientation>
      <time>23</time>
    </ksState>
    <ksState>
      <x>321.3592975890435</x>
      <y>1065.402994330078</y>
      <steeringAngle>0.3908666666666666</steeringAngle>
      <velocity>0.0</velocity>
      <orientation>0.08137800653816216</orientation>
      <time>24</time>
    </ksState>
    <ksState>
      <x>321.3592975890435</x>
      <y>1065.402994330078</y>
      <steeringAngle>0.3553333333333333</steeringAngle>
      <velocity>0.0</velocity>
      <orientation>0.08137800653816216</orientation>
      <time>25</time>
    </ksState>
    <ksState>
      <x>321.3592975890435</x>
      <y>1065.402994330078</y>
      <steeringAngle>0.3198</steeringAngle>
      <velocity>0.0</velocity>
      <orientation>0.08137800653816216</orientation>
      <time>26</time>
    </ksState>
    <ksState>
      <x>321.3592975890435</x>
      <y>1065.402994330078</y>
      <steeringAngle>0.2842666666666666</steeringAngle>
      <velocity>0.0</velocity>
      <orientation>0.08137800653816216</orientation>
      <time>27</time>
    </ksState>
    <ksState>
      <x>321.3592975890435</x>
      <y>1065.402994330078</y>
      <steeringAngle>0.24873333333333333</steeringAngle>
      <velocity>0.0</velocity>
      <orientation>0.08137800653816216</orientation>
      <time>28</time>
    </ksState>
    <ksState>
      <x>321.3592975890435</x>
      <y>1065.402994330078</y>
      <steeringAngle>0.21320000000000003</steeringAngle>
      <velocity>0.0</velocity>
      <orientation>0.08137800653816216</orientation>
      <time>29</time>
    </ksState>
    <ksState>
      <x>321.3592975890435</x>
      <y>1065.402994330078</y>
      <steeringAngle>0.1776666666666667</steeringAngle>
      <velocity>0.0</velocity>
      <orientation>0.08137800653816216</orientation>
      <time>30</time>
    </ksState>
    <ksState>
      <x>321.3592975890435</x>
      <y>1065.402994330078</y>
      <steeringAngle>0.14213333333333336</steeringAngle>
      <velocity>0.0</velocity>
      <orientation>0.08137800653816216</orientation>
      <time>31</time>
    </ksState>
    <ksState>
      <x>321.3592975890435</x>
      <y>1065.402994330078</y>
      <steeringAngle>0.10660000000000001</steeringAngle>
      <velocity>0.0</velocity>
      <orientation>0.08137800653816216</orientation>
      <time>32</time>
    </ksState>
    <ksState>
      <x>321.3592975890435</x>
      <y>1065.402994330078</y>
      <steeringAngle>0.07106666666666668</steeringAngle>
      <velocity>0.0</velocity>
      <orientation>0.08137800653816216</orientation>
      <time>33</time>
    </ksState>
  </ksTrajectory>
</CommonRoadSolution>
