<?xml version="1.0" ?>
<CommonRoadSolution benchmark_id="KS2:SM1:DEU_Ibbenbueren-14_1_T-1:2020a" computation_time="3.13512407799999" date="2022-12-18T12:01:12">
  <ksTrajectory planningProblem="1">
    <ksState>
      <x>-495.40776</x>
      <y>-115.47931</y>
      <steeringAngle>0.0</steeringAngle>
      <velocity>4.0</velocity>
      <orientation>2.270763</orientation>
      <time>0</time>
    </ksState>
    <ksState>
      <x>-495.66215277912465</x>
      <y>-115.17060605319433</y>
      <steeringAngle>-0.035533333333333326</steeringAngle>
      <velocity>4.0</velocity>
      <orientation>2.2680067254673997</orientation>
      <time>1</time>
    </ksState>
    <ksState>
      <x>-495.9087976731684</x>
      <y>-114.85548756295937</y>
      <steeringAngle>-0.07106666666666711</steeringAngle>
      <velocity>4.0</velocity>
      <orientation>2.259730964924114</orientation>
      <time>2</time>
    </ksState>
    <ksState>
      <x>-496.1458271399922</x>
      <y>-114.53269726889417</y>
      <steeringAngle>-0.10660000000000043</steeringAngle>
      <velocity>4.0</velocity>
      <orientation>2.2459147251049774</orientation>
      <time>3</time>
    </ksState>
    <ksState>
      <x>-496.3712237189428</x>
      <y>-114.20112192948164</y>
      <steeringAngle>-0.14213333333333378</steeringAngle>
      <velocity>4.0</velocity>
      <orientation>2.2265227987194316</orientation>
      <time>4</time>
    </ksState>
    <ksState>
      <x>-496.58279811047646</x>
      <y>-113.85982839112623</y>
      <steeringAngle>-0.1776666666666672</steeringAngle>
      <velocity>4.0</velocity>
      <orientation>2.201505392268034</orientation>
      <time>5</time>
    </ksState>
    <ksState>
      <x>-496.7654766017409</x>
      <y>-113.54795095195159</y>
      <steeringAngle>-0.1421333333333333</steeringAngle>
      <velocity>3.1999999999999993</velocity>
      <orientation>2.1788954772945917</orientation>
      <time>6</time>
    </ksState>
    <ksState>
      <x>-496.9077576468374</x>
      <y>-113.30600771481959</y>
      <steeringAngle>-0.10659999999999997</steeringAngle>
      <velocity>2.3999999999999977</velocity>
      <orientation>2.1652278364238846</orientation>
      <time>7</time>
    </ksState>
    <ksState>
      <x>-497.0108751597997</x>
      <y>-113.13434895385353</y>
      <steeringAngle>-0.07106666666666664</steeringAngle>
      <velocity>1.5999999999999976</velocity>
      <orientation>2.1582271305706655</orientation>
      <time>8</time>
    </ksState>
    <ksState>
      <x>-497.0741881017387</x>
      <y>-113.03234404527737</y>
      <steeringAngle>-0.0355333333333333</steeringAngle>
      <velocity>0.7999999999999972</velocity>
      <orientation>2.1556522860966982</orientation>
      <time>9</time>
    </ksState>
    <ksState>
      <x>-497.0958279086515</x>
      <y>-112.99869893304498</y>
      <steeringAngle>2.5153490401663703e-17</steeringAngle>
      <velocity>-2.914335439641036e-15</velocity>
      <orientation>2.155284774518167</orientation>
      <time>10</time>
    </ksState>
    <ksState>
      <x>-497.0958279086515</x>
      <y>-112.99869893304498</y>
      <steeringAngle>0.0</steeringAngle>
      <velocity>0.0</velocity>
      <orientation>2.155284774518167</orientation>
      <time>11</time>
    </ksState>
    <ksState>
      <x>-497.0958279086515</x>
      <y>-112.99869893304498</y>
      <steeringAngle>0.0</steeringAngle>
      <velocity>0.0</velocity>
      <orientation>2.155284774518167</orientation>
      <time>12</time>
    </ksState>
    <ksState>
      <x>-497.0958279086515</x>
      <y>-112.99869893304498</y>
      <steeringAngle>0.0</steeringAngle>
      <velocity>0.0</velocity>
      <orientation>2.155284774518167</orientation>
      <time>13</time>
    </ksState>
    <ksState>
      <x>-497.0958279086515</x>
      <y>-112.99869893304498</y>
      <steeringAngle>0.0</steeringAngle>
      <velocity>0.0</velocity>
      <orientation>2.155284774518167</orientation>
      <time>14</time>
    </ksState>
    <ksState>
      <x>-497.0958279086515</x>
      <y>-112.99869893304498</y>
      <steeringAngle>0.0</steeringAngle>
      <velocity>0.0</velocity>
      <orientation>2.155284774518167</orientation>
      <time>15</time>
    </ksState>
    <ksState>
      <x>-497.0958279086515</x>
      <y>-112.99869893304498</y>
      <steeringAngle>0.03553333333333333</steeringAngle>
      <velocity>0.0</velocity>
      <orientation>2.155284774518167</orientation>
      <time>16</time>
    </ksState>
    <ksState>
      <x>-497.0958279086515</x>
      <y>-112.99869893304498</y>
      <steeringAngle>0.07106666666666667</steeringAngle>
      <velocity>0.0</velocity>
      <orientation>2.155284774518167</orientation>
      <time>17</time>
    </ksState>
    <ksState>
      <x>-497.0958279086515</x>
      <y>-112.99869893304498</y>
      <steeringAngle>0.10660000000000001</steeringAngle>
      <velocity>0.0</velocity>
      <orientation>2.155284774518167</orientation>
      <time>18</time>
    </ksState>
    <ksState>
      <x>-497.0958279086515</x>
      <y>-112.99869893304498</y>
      <steeringAngle>0.14213333333333336</steeringAngle>
      <velocity>0.0</velocity>
      <orientation>2.155284774518167</orientation>
      <time>19</time>
    </ksState>
    <ksState>
      <x>-497.0958279086515</x>
      <y>-112.99869893304498</y>
      <steeringAngle>0.1776666666666667</steeringAngle>
      <velocity>0.0</velocity>
      <orientation>2.155284774518167</orientation>
      <time>20</time>
    </ksState>
    <ksState>
      <x>-497.1207945197702</x>
      <y>-112.96725994750086</y>
      <steeringAngle>0.14213333333333333</steeringAngle>
      <velocity>0.8</velocity>
      <orientation>2.1576922717289695</orientation>
      <time>21</time>
    </ksState>
    <ksState>
      <x>-497.1943155644281</x>
      <y>-112.8720695618173</y>
      <steeringAngle>0.10660000000000001</steeringAngle>
      <velocity>1.6</velocity>
      <orientation>2.163416558349304</orientation>
      <time>22</time>
    </ksState>
    <ksState>
      <x>-497.3146498768549</x>
      <y>-112.71202452912378</y>
      <steeringAngle>0.07106666666666664</steeringAngle>
      <velocity>2.4000000000000004</velocity>
      <orientation>2.1702320721122828</orientation>
      <time>23</time>
    </ksState>
    <ksState>
      <x>-497.48003516885524</x>
      <y>-112.48593884534986</y>
      <steeringAngle>0.03553333333333332</steeringAngle>
      <velocity>3.1999999999999993</velocity>
      <orientation>2.1759329928252127</orientation>
      <time>24</time>
    </ksState>
    <ksState>
      <x>-497.68809811469697</x>
      <y>-112.1921322670786</y>
      <steeringAngle>-2.6020852139652106e-18</steeringAngle>
      <velocity>3.999999999999999</velocity>
      <orientation>2.178321744413539</orientation>
      <time>25</time>
    </ksState>
    <ksState>
      <x>-497.9199512573256</x>
      <y>-111.8661599782297</y>
      <steeringAngle>0.035533333333333326</steeringAngle>
      <velocity>4.0</velocity>
      <orientation>2.1810780189461396</orientation>
      <time>26</time>
    </ksState>
    <ksState>
      <x>-498.16001442779384</x>
      <y>-111.54599901741383</y>
      <steeringAngle>0.07106666666666711</steeringAngle>
      <velocity>4.0</velocity>
      <orientation>2.189353779489425</orientation>
      <time>27</time>
    </ksState>
    <ksState>
      <x>-498.4099876248676</x>
      <y>-111.23312533231038</y>
      <steeringAngle>0.10660000000000043</steeringAngle>
      <velocity>4.0</velocity>
      <orientation>2.203170019308562</orientation>
      <time>28</time>
    </ksState>
    <ksState>
      <x>-498.67147081164387</x>
      <y>-110.92919710633835</y>
      <steeringAngle>0.14213333333333378</steeringAngle>
      <velocity>4.0</velocity>
      <orientation>2.2225619456941077</orientation>
      <time>29</time>
    </ksState>
    <ksState>
      <x>-498.9459347948907</x>
      <y>-110.63608531132449</y>
      <steeringAngle>0.1776666666666672</steeringAngle>
      <velocity>4.0</velocity>
      <orientation>2.247579352145505</orientation>
      <time>30</time>
    </ksState>
    <ksState>
      <x>-499.26026807879225</x>
      <y>-110.32515282762336</y>
      <steeringAngle>0.17766666666666667</steeringAngle>
      <velocity>4.800000000000002</velocity>
      <orientation>2.2782148891878395</orientation>
      <time>31</time>
    </ksState>
    <ksState>
      <x>-499.64381810692595</x>
      <y>-109.97031079643193</y>
      <steeringAngle>0.17766666666666667</steeringAngle>
      <velocity>5.600000000000001</velocity>
      <orientation>2.3144205238643796</orientation>
      <time>32</time>
    </ksState>
    <ksState>
      <x>-500.1019912297487</x>
      <y>-109.57844723748315</y>
      <steeringAngle>0.17766666666666667</steeringAngle>
      <velocity>6.3999999999999995</velocity>
      <orientation>2.3561962561740195</orientation>
      <time>33</time>
    </ksState>
  </ksTrajectory>
</CommonRoadSolution>
