<?xml version="1.0" ?>
<CommonRoadSolution benchmark_id="KS2:SM1:ESP_Berga-4_4_T-1:2020a" computation_time="0.8465231229993151" date="2022-12-18T12:01:12">
  <ksTrajectory planningProblem="1">
    <ksState>
      <x>-595.77995</x>
      <y>-4.9193783</y>
      <steeringAngle>0.0</steeringAngle>
      <velocity>4.0</velocity>
      <orientation>-2.3019091</orientation>
      <time>0</time>
    </ksState>
    <ksState>
      <x>-596.0700776129258</x>
      <y>-5.250200877316811</y>
      <steeringAngle>0.035533333333333326</steeringAngle>
      <velocity>4.799999999999999</velocity>
      <orientation>-2.298785321330809</orientation>
      <time>1</time>
    </ksState>
    <ksState>
      <x>-596.4026105913587</x>
      <y>-5.6502606773533905</y>
      <steeringAngle>0.07106666666666667</steeringAngle>
      <velocity>5.599999999999998</velocity>
      <orientation>-2.2879347102696364</orientation>
      <time>2</time>
    </ksState>
    <ksState>
      <x>-596.7700075185554</x>
      <y>-6.125506811623915</y>
      <steeringAngle>0.10659999999999999</steeringAngle>
      <velocity>6.3999999999999995</velocity>
      <orientation>-2.2671177612693083</orientation>
      <time>3</time>
    </ksState>
    <ksState>
      <x>-597.1612988695092</x>
      <y>-6.683548194314361</y>
      <steeringAngle>0.14213333333333333</steeringAngle>
      <velocity>7.199999999999999</velocity>
      <orientation>-2.234058190288143</orientation>
      <time>4</time>
    </ksState>
    <ksState>
      <x>-597.560966230353</x>
      <y>-7.3333597323697495</y>
      <steeringAngle>0.17766666666666664</steeringAngle>
      <velocity>7.9999999999999964</velocity>
      <orientation>-2.1864308682065965</orientation>
      <time>5</time>
    </ksState>
    <ksState>
      <x>-597.9130952689928</x>
      <y>-8.011735454587738</y>
      <steeringAngle>0.21320000000000014</steeringAngle>
      <velocity>7.200000000000003</velocity>
      <orientation>-2.1281815411351035</orientation>
      <time>6</time>
    </ksState>
    <ksState>
      <x>-598.1790370191289</x>
      <y>-8.64354727073706</y>
      <steeringAngle>0.24873333333333347</steeringAngle>
      <velocity>6.400000000000004</velocity>
      <orientation>-2.066264453649324</orientation>
      <time>7</time>
    </ksState>
    <ksState>
      <x>-598.367087890081</x>
      <y>-9.22024065222588</y>
      <steeringAngle>0.2842666666666668</steeringAngle>
      <velocity>5.600000000000001</velocity>
      <orientation>-2.002842310885403</orientation>
      <time>8</time>
    </ksState>
    <ksState>
      <x>-598.4880280749892</x>
      <y>-9.733647253187717</y>
      <steeringAngle>0.3198</steeringAngle>
      <velocity>4.800000000000002</velocity>
      <orientation>-1.9401132111434505</orientation>
      <time>9</time>
    </ksState>
    <ksState>
      <x>-598.5545368212997</x>
      <y>-10.17671642101986</y>
      <steeringAngle>0.3553333333333332</steeringAngle>
      <velocity>4.000000000000001</velocity>
      <orientation>-1.8803233770952357</orientation>
      <time>10</time>
    </ksState>
    <ksState>
      <x>-598.5913632444222</x>
      <y>-10.582469431549688</y>
      <steeringAngle>0.31979999999999986</steeringAngle>
      <velocity>4.0</velocity>
      <orientation>-1.825875177901856</orientation>
      <time>11</time>
    </ksState>
    <ksState>
      <x>-598.6157755637403</x>
      <y>-10.987596265602077</y>
      <steeringAngle>0.28426666666666656</steeringAngle>
      <velocity>4.0</velocity>
      <orientation>-1.7775444984205988</orientation>
      <time>12</time>
    </ksState>
    <ksState>
      <x>-598.6301712605999</x>
      <y>-11.391851040274616</y>
      <steeringAngle>0.2487333333333332</steeringAngle>
      <velocity>4.0</velocity>
      <orientation>-1.7351972646977236</orientation>
      <time>13</time>
    </ksState>
    <ksState>
      <x>-598.6368900433904</x>
      <y>-11.795150484721713</y>
      <steeringAngle>0.21319999999999986</steeringAngle>
      <velocity>4.0</velocity>
      <orientation>-1.698718423624096</orientation>
      <time>14</time>
    </ksState>
    <ksState>
      <x>-598.6382205510514</x>
      <y>-12.19753197103174</y>
      <steeringAngle>0.1776666666666665</steeringAngle>
      <velocity>4.0</velocity>
      <orientation>-1.6680106409752682</orientation>
      <time>15</time>
    </ksState>
    <ksState>
      <x>-598.629331860575</x>
      <y>-12.559520915595508</y>
      <steeringAngle>0.21319999999999997</steeringAngle>
      <velocity>3.2</velocity>
      <orientation>-1.6404690954118335</orientation>
      <time>16</time>
    </ksState>
    <ksState>
      <x>-598.6092325045361</x>
      <y>-12.841114089074015</y>
      <steeringAngle>0.24873333333333342</steeringAngle>
      <velocity>2.4000000000000004</velocity>
      <orientation>-1.6150308650251841</orientation>
      <time>17</time>
    </ksState>
    <ksState>
      <x>-598.5860534039591</x>
      <y>-13.042005349436677</y>
      <steeringAngle>0.2842666666666668</steeringAngle>
      <velocity>1.600000000000001</velocity>
      <orientation>-1.5939559652346045</orientation>
      <time>18</time>
    </ksState>
    <ksState>
      <x>-598.5675041602395</x>
      <y>-13.162315677086655</y>
      <steeringAngle>0.3197999999999999</steeringAngle>
      <velocity>0.8000000000000007</velocity>
      <orientation>-1.5795575379339</orientation>
      <time>19</time>
    </ksState>
    <ksState>
      <x>-598.5601499084618</x>
      <y>-13.202361161260916</y>
      <steeringAngle>0.3553333333333332</steeringAngle>
      <velocity>5.551115123125783e-16</velocity>
      <orientation>-1.5742158962981707</orientation>
      <time>20</time>
    </ksState>
    <ksState>
      <x>-598.5601499084618</x>
      <y>-13.202361161260916</y>
      <steeringAngle>0.3198</steeringAngle>
      <velocity>0.0</velocity>
      <orientation>-1.5742158962981707</orientation>
      <time>21</time>
    </ksState>
    <ksState>
      <x>-598.5601499084618</x>
      <y>-13.202361161260916</y>
      <steeringAngle>0.2842666666666666</steeringAngle>
      <velocity>0.0</velocity>
      <orientation>-1.5742158962981707</orientation>
      <time>22</time>
    </ksState>
    <ksState>
      <x>-598.5601499084618</x>
      <y>-13.202361161260916</y>
      <steeringAngle>0.24873333333333333</steeringAngle>
      <velocity>0.0</velocity>
      <orientation>-1.5742158962981707</orientation>
      <time>23</time>
    </ksState>
    <ksState>
      <x>-598.5601499084618</x>
      <y>-13.202361161260916</y>
      <steeringAngle>0.21320000000000003</steeringAngle>
      <velocity>0.0</velocity>
      <orientation>-1.5742158962981707</orientation>
      <time>24</time>
    </ksState>
    <ksState>
      <x>-598.5601499084618</x>
      <y>-13.202361161260916</y>
      <steeringAngle>0.1776666666666667</steeringAngle>
      <velocity>0.0</velocity>
      <orientation>-1.5742158962981707</orientation>
      <time>25</time>
    </ksState>
    <ksState>
      <x>-598.5601499084618</x>
      <y>-13.202361161260916</y>
      <steeringAngle>0.14213333333333336</steeringAngle>
      <velocity>0.0</velocity>
      <orientation>-1.5742158962981707</orientation>
      <time>26</time>
    </ksState>
    <ksState>
      <x>-598.5601499084618</x>
      <y>-13.202361161260916</y>
      <steeringAngle>0.10660000000000001</steeringAngle>
      <velocity>0.0</velocity>
      <orientation>-1.5742158962981707</orientation>
      <time>27</time>
    </ksState>
    <ksState>
      <x>-598.5601499084618</x>
      <y>-13.202361161260916</y>
      <steeringAngle>0.07106666666666668</steeringAngle>
      <velocity>0.0</velocity>
      <orientation>-1.5742158962981707</orientation>
      <time>28</time>
    </ksState>
    <ksState>
      <x>-598.5601499084618</x>
      <y>-13.202361161260916</y>
      <steeringAngle>0.03553333333333333</steeringAngle>
      <velocity>0.0</velocity>
      <orientation>-1.5742158962981707</orientation>
      <time>29</time>
    </ksState>
    <ksState>
      <x>-598.5601499084618</x>
      <y>-13.202361161260916</y>
      <steeringAngle>0.0</steeringAngle>
      <velocity>0.0</velocity>
      <orientation>-1.5742158962981707</orientation>
      <time>30</time>
    </ksState>
    <ksState>
      <x>-598.5601499084618</x>
      <y>-13.202361161260916</y>
      <steeringAngle>0.0</steeringAngle>
      <velocity>0.0</velocity>
      <orientation>-1.5742158962981707</orientation>
      <time>31</time>
    </ksState>
    <ksState>
      <x>-598.5601499084618</x>
      <y>-13.202361161260916</y>
      <steeringAngle>0.0</steeringAngle>
      <velocity>0.0</velocity>
      <orientation>-1.5742158962981707</orientation>
      <time>32</time>
    </ksState>
    <ksState>
      <x>-598.5601499084618</x>
      <y>-13.202361161260916</y>
      <steeringAngle>0.0</steeringAngle>
      <velocity>0.0</velocity>
      <orientation>-1.5742158962981707</orientation>
      <time>33</time>
    </ksState>
  </ksTrajectory>
</CommonRoadSolution>
