<?xml version="1.0" ?>
<CommonRoadSolution benchmark_id="KS2:SM1:ESP_Toledo-22_1_T-1:2020a" computation_time="1.162271067999427" date="2022-12-18T12:01:12">
  <ksTrajectory planningProblem="1">
    <ksState>
      <x>-995.66685</x>
      <y>-509.32315</y>
      <steeringAngle>0.0</steeringAngle>
      <velocity>4.0</velocity>
      <orientation>-1.4364995</orientation>
      <time>0</time>
    </ksState>
    <ksState>
      <x>-995.6090431015735</x>
      <y>-509.7189683615479</y>
      <steeringAngle>0.035533333333333326</steeringAngle>
      <velocity>4.0</velocity>
      <orientation>-1.4337432254673996</orientation>
      <time>1</time>
    </ksState>
    <ksState>
      <x>-995.5412798604036</x>
      <y>-510.11335587376396</y>
      <steeringAngle>0.07106666666666711</steeringAngle>
      <velocity>4.0</velocity>
      <orientation>-1.4254674649241141</orientation>
      <time>2</time>
    </ksState>
    <ksState>
      <x>-995.4613744236079</x>
      <y>-510.5057735890317</y>
      <steeringAngle>0.10660000000000043</steeringAngle>
      <velocity>4.0</velocity>
      <orientation>-1.4116512251049773</orientation>
      <time>3</time>
    </ksState>
    <ksState>
      <x>-995.3671469239958</x>
      <y>-510.8954747589376</y>
      <steeringAngle>0.14213333333333378</steeringAngle>
      <velocity>4.0</velocity>
      <orientation>-1.3922592987194315</orientation>
      <time>4</time>
    </ksState>
    <ksState>
      <x>-995.2564354756515</x>
      <y>-511.28146436719345</y>
      <steeringAngle>0.1776666666666672</steeringAngle>
      <velocity>4.0</velocity>
      <orientation>-1.3672418922680343</orientation>
      <time>5</time>
    </ksState>
    <ksState>
      <x>-995.1271154074174</x>
      <y>-511.66245727108696</y>
      <steeringAngle>0.21319999999999995</steeringAngle>
      <velocity>4.0</velocity>
      <orientation>-1.336534109630534</orientation>
      <time>6</time>
    </ksState>
    <ksState>
      <x>-994.9771272701106</x>
      <y>-512.036835289715</y>
      <steeringAngle>0.24873333333333336</steeringAngle>
      <velocity>4.0</velocity>
      <orientation>-1.30005526850784</orientation>
      <time>7</time>
    </ksState>
    <ksState>
      <x>-994.8045153606116</x>
      <y>-512.4026039617294</y>
      <steeringAngle>0.2842666666666667</steeringAngle>
      <velocity>4.0</velocity>
      <orientation>-1.257708034662392</orientation>
      <time>8</time>
    </ksState>
    <ksState>
      <x>-994.607478706556</x>
      <y>-512.7573501109584</y>
      <steeringAngle>0.31980000000000003</steeringAngle>
      <velocity>4.0</velocity>
      <orientation>-1.2093773532952568</orientation>
      <time>9</time>
    </ksState>
    <ksState>
      <x>-994.3844366309041</x>
      <y>-513.0982019587972</y>
      <steeringAngle>0.35533333333333333</steeringAngle>
      <velocity>4.0</velocity>
      <orientation>-1.1549291521169782</orientation>
      <time>10</time>
    </ksState>
    <ksState>
      <x>-994.1341111745671</x>
      <y>-513.4217942744359</y>
      <steeringAngle>0.39086666666666653</steeringAngle>
      <velocity>4.0</velocity>
      <orientation>-1.094208785810991</orientation>
      <time>11</time>
    </ksState>
    <ksState>
      <x>-993.8556285682096</x>
      <y>-513.7242418274232</y>
      <steeringAngle>0.42639999999999995</steeringAngle>
      <velocity>4.0</velocity>
      <orientation>-1.0270391723545873</orientation>
      <time>12</time>
    </ksState>
    <ksState>
      <x>-993.5486421810714</x>
      <y>-514.0011259298063</y>
      <steeringAngle>0.4619333333333333</steeringAngle>
      <velocity>4.0</velocity>
      <orientation>-0.9532185887222434</orientation>
      <time>13</time>
    </ksState>
    <ksState>
      <x>-993.2134786123495</x>
      <y>-514.2474998185637</y>
      <steeringAngle>0.49746666666666667</steeringAngle>
      <velocity>4.0</velocity>
      <orientation>-0.872518046909023</orientation>
      <time>14</time>
    </ksState>
    <ksState>
      <x>-992.8513082438923</x>
      <y>-514.4579206819645</y>
      <steeringAngle>0.533</steeringAngle>
      <velocity>4.0</velocity>
      <orientation>-0.7846781803092144</orientation>
      <time>15</time>
    </ksState>
    <ksState>
      <x>-992.5038539911302</x>
      <y>-514.6114642438484</y>
      <steeringAngle>0.5685333333333333</steeringAngle>
      <velocity>3.199999999999999</velocity>
      <orientation>-0.6990593271123615</orientation>
      <time>16</time>
    </ksState>
    <ksState>
      <x>-992.2202766258162</x>
      <y>-514.703171934771</y>
      <steeringAngle>0.6040666666666664</steeringAngle>
      <velocity>2.3999999999999995</velocity>
      <orientation>-0.6270655822991432</orientation>
      <time>17</time>
    </ksState>
    <ksState>
      <x>-992.0106994039662</x>
      <y>-514.7509027122636</y>
      <steeringAngle>0.6395999999999996</steeringAngle>
      <velocity>1.5999999999999983</velocity>
      <orientation>-0.5716157475231304</orientation>
      <time>18</time>
    </ksState>
    <ksState>
      <x>-991.8818850339571</x>
      <y>-514.7707328828266</y>
      <steeringAngle>0.675133333333333</steeringAngle>
      <velocity>0.7999999999999986</velocity>
      <orientation>-0.5358391426043012</orientation>
      <time>19</time>
    </ksState>
    <ksState>
      <x>-991.8382202456474</x>
      <y>-514.7753141230604</y>
      <steeringAngle>0.7106666666666662</steeringAngle>
      <velocity>-1.27675647831893e-15</velocity>
      <orientation>-0.523114945505693</orientation>
      <time>20</time>
    </ksState>
    <ksState>
      <x>-991.8382202456474</x>
      <y>-514.7753141230604</y>
      <steeringAngle>0.6751333333333334</steeringAngle>
      <velocity>0.0</velocity>
      <orientation>-0.523114945505693</orientation>
      <time>21</time>
    </ksState>
    <ksState>
      <x>-991.8382202456474</x>
      <y>-514.7753141230604</y>
      <steeringAngle>0.6396</steeringAngle>
      <velocity>0.0</velocity>
      <orientation>-0.523114945505693</orientation>
      <time>22</time>
    </ksState>
    <ksState>
      <x>-991.8382202456474</x>
      <y>-514.7753141230604</y>
      <steeringAngle>0.6040666666666666</steeringAngle>
      <velocity>0.0</velocity>
      <orientation>-0.523114945505693</orientation>
      <time>23</time>
    </ksState>
    <ksState>
      <x>-991.8382202456474</x>
      <y>-514.7753141230604</y>
      <steeringAngle>0.5685333333333333</steeringAngle>
      <velocity>0.0</velocity>
      <orientation>-0.523114945505693</orientation>
      <time>24</time>
    </ksState>
    <ksState>
      <x>-991.8382202456474</x>
      <y>-514.7753141230604</y>
      <steeringAngle>0.5329999999999999</steeringAngle>
      <velocity>0.0</velocity>
      <orientation>-0.523114945505693</orientation>
      <time>25</time>
    </ksState>
    <ksState>
      <x>-991.8382202456474</x>
      <y>-514.7753141230604</y>
      <steeringAngle>0.49746666666666667</steeringAngle>
      <velocity>0.0</velocity>
      <orientation>-0.523114945505693</orientation>
      <time>26</time>
    </ksState>
    <ksState>
      <x>-991.8382202456474</x>
      <y>-514.7753141230604</y>
      <steeringAngle>0.4619333333333333</steeringAngle>
      <velocity>0.0</velocity>
      <orientation>-0.523114945505693</orientation>
      <time>27</time>
    </ksState>
    <ksState>
      <x>-991.8382202456474</x>
      <y>-514.7753141230604</y>
      <steeringAngle>0.42639999999999995</steeringAngle>
      <velocity>0.0</velocity>
      <orientation>-0.523114945505693</orientation>
      <time>28</time>
    </ksState>
    <ksState>
      <x>-991.8382202456474</x>
      <y>-514.7753141230604</y>
      <steeringAngle>0.3908666666666666</steeringAngle>
      <velocity>0.0</velocity>
      <orientation>-0.523114945505693</orientation>
      <time>29</time>
    </ksState>
    <ksState>
      <x>-991.8382202456474</x>
      <y>-514.7753141230604</y>
      <steeringAngle>0.3553333333333333</steeringAngle>
      <velocity>0.0</velocity>
      <orientation>-0.523114945505693</orientation>
      <time>30</time>
    </ksState>
    <ksState>
      <x>-991.799141364515</x>
      <y>-514.78756408301</y>
      <steeringAngle>0.39086666666666675</steeringAngle>
      <velocity>0.8</velocity>
      <orientation>-0.5169369698476679</orientation>
      <time>31</time>
    </ksState>
    <ksState>
      <x>-991.6802459440146</x>
      <y>-514.820625907902</y>
      <steeringAngle>0.4264</steeringAngle>
      <velocity>1.6000000000000005</velocity>
      <orientation>-0.4966769973873473</orientation>
      <time>32</time>
    </ksState>
    <ksState>
      <x>-991.4784774760627</x>
      <y>-514.8659377935369</y>
      <steeringAngle>0.46193333333333314</steeringAngle>
      <velocity>2.4</velocity>
      <orientation>-0.4596540357677791</orientation>
      <time>33</time>
    </ksState>
  </ksTrajectory>
</CommonRoadSolution>
